example	text
e50000	I once offered myself wearing army uniform
e50001	all her life she stayed only in the Unitarian church
e50002	he looked after some small Unitarian churches, serving as pastor here and there
e50003	this is the uniformity kind and not the unity kind
e50004	is only the size of a grain of sand in the universe
e50005	for this universe to be able to exist
e50006	at that time there were universities only in Yangon and Mandalay
e50007	it can be studied at various universities of the world
e50008	at the universities where medicine is studied
e50009	the universities too are among the best in Asia
e50010	take up strength, and try again
e50011	taste and see
e50012	repent and be baptized
e50013	those who know it well, please update us in the comments
e50014	young men, pass it on to the young women, will you
e50015	be careful when you travel by plane, will you
e50016	October 24 is United Nations Day
e50017	within the United Nations organisation, the kinds with great authority
e50018	by now they probably do not miss us much any more
e50019	they can probably pull up anyone who is not an MP
e50020	even before they went up the escalator, in a corner of the corridor
e50021	it can also be seen from my page
e50022	in his church there are many women elders
e50023	8 pastors firm in the faith and 1 elder
e50024	elders and teachers contend, each wanting authority
e50025	he gathered all the elders of Judah and Jerusalem
e50026	the twenty-four elders seated on their thrones
e50027	all the elders of the church were present
e50028	even many of the leaders
e50029	whom you know to be leaders and officials of the people
e50030	while I stood before the council of leaders
e50031	the very eldest from among our married women are appointed
e50032	John is 6 months older than our Lord
e50033	the best clothes of her elder son Esau
e50034	because Manasseh was the elder child
e50035	Nadab the elder child, Abihu, Eleazar and Ithamar
e50036	he called his older son Esau
e50037	the intention of her older son Esau
e50038	his firstborn son was
e50039	the firstborn of Ishmael was Nebaioth
e50040	he took his firstborn son, who was to reign
e50041	that goat was seven years old
e50042	it is a tree about 30 years old
e50043	the plane is said to be more than 50 years old
e50044	is the eldest of all among the 8 siblings
e50045	is the eldest of the 4 siblings
e50046	she first sent her older child off to kindergarten
e50047	more than 24 years older than he
e50048	his elder child is like him
e50049	because UPC pastors had gone to that village
e50050	the pastor who looks after the Zion UPC church
e50051	this is a wrong belief
e50052	it is a setting out of my own belief and my thinking
e50053	the ways of governing and of believing of people in the world today also differ
e50054	let us keep giving updates
e50055	we will update again from time to time
e50056	let us keep releasing the latest news
e50057	let us first decide what to believe and what not to believe
e50058	the word of God, the Bible, is what is to be believed and trusted
e50059	the armed groups joined in the UPF
e50060	support for the future work of the UPF
e50061	they are now thinking of upgrading and using the existing Webula road
e50062	first think carefully whether it is credible or not
e50063	it is indeed almost unbelievable
e50064	if there is no eldest brother
e50065	for this the one next after our eldest brother is appointed
e50066	when my eldest brother was born
e50067	our eldest is appointed to hold this position
e50068	if you do not believe it, count it here yourself
e50069	whether we believe this research or not is one thing, let us say
e50070	if you believe so
e50071	uploading it to social media
e50072	some photos are uploaded from time to time
e50073	because of your faith in Jesus Christ or because of your unbelief
e50074	that can be like mockery and disbelief
e50075	it is only my guess
e50076	do discuss your guess with us, friend
e50077	it is likely that they had the computers hacked
e50078	it is said there is no other likely reason
e50079	your answering by guesswork without really understanding
e50080	at an unexpected moment, have you left us for the bosom of God
e50081	because of such events one can unexpectedly suffer badly
e50082	even what you least expect may come upon you
e50083	unexpectedly something was thrown down from above
e50084	quite unexpectedly their house burned down
e50085	it can also turn out as we did not expect
e50086	far more jobs were added than was expected
e50087	because there were more people than expected
e50088	in my guess it would be only a few people
e50089	it is more different than expected
e50090	we shall yet tell of far more places where Zomi live than we expected
e50091	to those you suppose to have picked it up and to have it
e50092	when she looked through the papers she supposed to be important
e50093	whether it is truth or supposition
e50094	when he acted on his own supposition of what was good
e50095	not only the foundation of the Christians' faith
e50096	belief in God, which is the basic belief
e50097	all the Christian doctrines cannot be written down
e50098	it is not based on the doctrine of one church
e50099	while unwell he kept fighting the spiritual battle with faith
e50100	each worshipping in a church that agrees with our own faith
e50101	one should not readily believe every deception
e50102	not believing at once all that is told us is also important
e50103	only the things we believe can happen
e50104	they do not know the beliefs and practices of the church
e50105	the way of believing and accepting is not the same
e50106	my mother's way of believing
e50107	after the US, the country of Brazil
e50108	the one to be the new US president
e50109	in the USA, in the year 1948
e50110	the USA opened the American embassy in Jerusalem
e50111	USAID and some other related ones
e50112	some things worth knowing about USCIS matters
e50113	those already arrived in the US called again for interview by USCIS
e50114	for the USDP to be the government only 26% is needed
e50115	that the USDP won 4 seats
e50116	all that we borrowed in the time of the USDP government is no small amount either
e50117	another user
e50118	as one Facebook user
e50119	there were ushers properly in place
e50120	on Zomi National Day it can still be given to the ushers too
e50121	served for us as security and ushers
e50122	this house is in USJ 2, Subang Jaya
e50123	a fierce rivalry arose between the US and the USSR
e50124	the plan of the United States came close to failing
e50125	though we think the Americans too are very clever
e50126	not speaking as we please
e50127	it also means that we cannot stay as we please
e50128	acting as one likes and acting as one does not like
e50129	though we live just as we please we do not find it
e50130	the time when people behave just as they please
e50131	I will live just as I please
e50132	they came to be no longer able to do as they pleased
e50133	you see yourself however you like
e50134	in the University Hospital in Salt Lake City, Utah State
e50135	where we live, in Salt Lake City, Utah State
e50136	one can answer back just as one likes
e50137	fearing no one, they act as they please
e50138	if each of us follows his own wishes, we are not all alike
e50139	what people want in politics is not the same
e50140	just keep stating what you want
e50141	they shape the land as they wish
e50142	in political talk it can be changed at will
e50143	brothers and sisters, farewell
e50144	brothers and sisters, whatever we meet with
e50145	today too, brothers and sisters, God
e50146	then you will begin to know our worth
e50147	you surely will, it is an encouragement meaning that
e50148	it would be desirable to have it settled which one to use
e50149	it is very desirable to be one who combines courage with faithfulness
e50150	I do not want to part
e50151	I do not want them to keep asking me
e50152	once we are appointed there can be no saying I do not want to
e50153	if we want it to look after us, we have to pay
e50154	if we want to be truly learned, reading much
e50155	some again do not want to join together
e50156	those who do not want to, that is up to them
e50157	it is not a matter of wanting or not wanting
e50158	it has nothing to do with wanting or not wanting
e50159	this is not a matter of wanting or not wanting
e50160	you will now have many places you do not want to go to
e50161	one can arrive at the very place one does not want
e50162	against my will, to my country that I left
e50163	from there, against her will
e50164	from here on one can just sit wherever one likes
e50165	worried about boarding again, they no longer wanted to
e50166	the young people no longer want it to be like that
e50167	we can indeed do whatever we want
e50168	if it is said that anyone who wishes should go
e50169	it is said they now want only to go abroad
e50170	it happened in Uttar Pradesh on Wednesday
e50171	it is in Uttar Pradesh State in India
e50172	in Uttarakhand State, northern India, too, because of too much rain
e50173	you will not be able to reach those things you want
e50174	they will just stay without telling you what they crave and want
e50175	they coaxed him to go back into the house but he would not at all
e50176	they tried to carry it home but it would not
e50177	older and younger siblings, whoever it may be
e50178	many of his brothers and sisters reached the US as a result
e50179	some, not caring for what they studied, may not enjoy their work
e50180	feeling that he did not care for business at all
e50181	we Zomi are religious people, people devoted to religion
e50182	lovers of literature and writers among the Zomi
e50183	film and music fans do not understand copyright well
e50184	they behaved just as they liked or disliked
e50185	they treated us just as they pleased
e50186	the leader of the UWSA, the largest ethnic armed group
e50187	the talks with the UWSA have gone really well
e50188	of the two brothers, the elder one
e50189	the elder ones get the breast, and from the anaakbul on the rest is the same
e50190	after that the older ones are important
e50191	relying on his learning he does not heed his elders
e50192	formerly the senior daughters of the house, the leg and the aneel
e50193	the crow came upon a cake
e50194	speaks on the Rakhine State matter
e50195	serious discussion of the Rohingya affair at the UN
e50196	to have work and employment arranged
e50197	stay only at home and no longer go out
e50198	for 14 days without going out anywhere any more
e50199	I will tell you the reason for our visit today
e50200	valuables and much money on outings and at the workplace
e50201	it is the same except for the vaaksa
e50202	when the vaakte go home
e50203	the news says more than 70 people died
e50204	there are some 30,000 Zomi and more
e50205	more than 1000 people died
e50206	you can carry it as far as the kingdom of heaven
e50207	as if fallen from the middle of the sky
e50208	I am one who robs people of their dignity and good name
e50209	you too have standing among people
e50210	personal matters, dignity, faith, religion and customs must be respected
e50211	we call it Leilum home town
e50212	when the plane stopped, quickly gathering all the luggage
e50213	from the airport heading for the house in Dawbon
e50214	when the plane came to a stop at Yangon airport
e50215	the gospel is the salvation of creation, of all under heaven
e50216	appointed him to be in charge of Ukraine affairs
e50217	the one chiefly in charge of the family's living
e50218	a way to be able to help with their affairs
e50219	you arranged everything for me, including the visa matter
e50220	come flying like a bird
e50221	I called a taxi and went like a bird
e50222	they went and made a report at Yankin Police Station
e50223	we would have to go and build it
e50224	it is a very famous place for travel and vacation rest
e50225	she set out to travel on vacation during her time off work
e50226	having the vaccination given properly
e50227	in many places in the US one can now easily be vaccinated
e50228	there is truly no medicine or vaccine against this disease yet
e50229	let those not yet vaccinated each get it as soon as possible
e50230	therefore those who are not yet vaccinated
e50231	it means they have already been vaccinated
e50232	few Covid-19 vaccinations given
e50233	two vaccine doses must be injected
e50234	he went back to reach home
e50235	some Zomi really went back
e50236	went and picked her up by car from the house
e50237	that a big truck came to pick him up
e50238	it came to my mind to go and see
e50239	let us just go and ask
e50240	they anxiously rushed there
e50241	she went after it with great eagerness
e50242	he rushed there at once by helicopter
e50243	hurrying at once to the places struck by the storm
e50244	since January 31 they have gone and raided and attacked, it is said
e50245	even though they keep going at those who already have it
e50246	he went and told his two brothers
e50247	if not said here, where would one go and say it
e50248	I went to visit all by myself
e50249	they go and visit the dead
e50250	has already visited Cambodia once
e50251	when they keep asking us where we have been
e50252	also in a place where we go
e50253	in wealth and in poverty, in being full and in hunger
e50254	come to the office to make an inquiry
e50255	days on which inquiries can be made at the UNHCR office
e50256	the affairs of the whole village are administered
e50257	nothing can be managed, what is to be done
e50258	talks on political matters
e50259	any trade to do with slaves is forbidden
e50260	in matters of language and writing
e50261	who first led us in studio matters
e50262	in the matter of a national emergency, within six months
e50263	it is only my personal matter
e50264	regarding only short-term matters as important
e50265	simply leaving all other matters
e50266	they do not hold any other matter urgent
e50267	the elders and villagers welcomed him warmly
e50268	we should simply welcome it gladly and gently
e50269	among those welcoming this ship
e50270	when you arrive at the reception place
e50271	as a welcome in the name of the association has been arranged
e50272	if there is news concerning this inquiry service
e50273	the inquiry counter that is always open on Thursdays and Fridays
e50274	he shared with me in all I had to arrange
e50275	concerning the matter of borrowing money
e50276	who came to Malaysia from Burma, India, overseas and various countries
e50277	though there are various groups from Burma and India
e50278	early in the morning the men of the sawm slaughter animals
e50279	they held a protest because of this Jerusalem matter
e50280	the police will handle it as needed, it is said
e50281	it will be arranged as needed
e50282	how to act and how to manage it
e50283	they all consulted together in agreement
e50284	they do it in consultation with the State Department
e50285	it would be good if the authorities of the great powers consulted together
e50286	also those already arranged to be sent to a third country
e50287	why is it not arranged to be held in Tedim
e50288	the peoples who are under foreign rule
e50289	they have not yet got freedom from the rule of the chiefs
e50290	they are to be placed under the administration of the authorities
e50291	in the government of his own country
e50292	whether in democratic government
e50293	they helped us arrange it as follows
e50294	to help arrange a way to buy rice
e50295	there was no longer time to arrange anything with him
e50296	was able to give much consultation and advice
e50297	a new Bible translation, with the advice of
e50298	aid, compensation, will be arranged for them
e50299	it is also heard that it will be arranged so that he can stay
e50300	the Thai government plans to arrange for them to go home
e50301	how they intend to arrange it was not further said
e50302	one who has the talent of managing well with patience
e50303	it can be arranged by consulting together
e50304	some wrong policies of the Chinese government
e50305	their planning and their way of managing also
e50306	they went down to Vaihmual and arrived at Zangpitam
e50307	as for what concerns this matter
e50308	they hold more of the responsibility on the side of prevention
e50309	in the responsibilities we have concerning our work
e50310	our joining in is also already too late
e50311	he instructed him to be sure to go
e50312	he ordered expensive drinks
e50313	so he charged us
e50314	we simply ordered ready-made food as well
e50315	the way this man orders coffee
e50316	if you have difficulty in any matter
e50317	any matter, any task, has to be planned, it is said
e50318	therefore if you have any matter at all
e50319	if you have any matter for which you must go out
e50320	when it has any business in Myanmar
e50321	all the construction matters are managed by them
e50322	all the arrangements for receiving guests
e50323	because there was an urgent matter in Pyin Oo Lwin
e50324	if there is any medical emergency
e50325	if there is some urgent matter
e50326	like a mithun cow going out to work
e50327	this morning went straight off to work
e50328	my friends who work in the morning are also getting ready to go to work
e50329	the workplace is 3 miles away
e50330	at each workplace too one should be careful in speech
e50331	various great undertakings of development for the community
e50332	do the Zomi Christian leaders have any great aim at all
e50333	are grown men who cry unmanly?
e50334	because it is unprofessional
e50335	it is once again a matter of robbers in Malaysia
e50336	reach high office, they say
e50337	I do not serve the rulers
e50338	in the field maize, millet, taro and beans
e50339	this maize is valuable and is said to be food of the rich
e50340	they use 2,300,000 acres of land for planting maize
e50341	grind wheat and maize grain, mix it with cow's milk and give it
e50342	she makes a maize dish
e50343	he decided to plant that maize in the garden
e50344	they are wheat, maize and rice
e50345	we plant such things as maize, beans and the like
e50346	will give the speech of welcome, and
e50347	the welcome at the airfield
e50348	the villagers also held grand welcomes and honourings everywhere
e50349	they held a welcome for us with 5000 kyat
e50350	with the welcome of fellow Zomi
e50351	the matter of the trouble in Rakhine State will probably not be cleared up soon
e50352	the part of the parents is that he may gain wisdom when he is of age
e50353	to be able to use when there is an urgent matter
e50354	emergencies, very serious matters
e50355	the time you set out to do some great undertaking
e50356	when they came to conduct the main affairs
e50357	so that these leaders in charge can be chosen
e50358	that is truly the responsibility of the young
e50359	all the responsibility rests on him
e50360	the responsibility on the Zomi public is very great
e50361	the staff who are under it have the responsibility
e50362	one who is in charge from the PDF group added
e50363	the leading government officials are not responsible
e50364	they did the work, taking the responsibility
e50365	we also have the responsibility to look after them
e50366	so that we can take up our responsibility well
e50367	carefully in the duties given to us
e50368	so that it can carry out well its duties for the public
e50369	the rules of the communities and the way they are run
e50370	the very act of running away from home is a very serious matter
e50371	if it should be the second, it will be very serious
e50372	a meeting was held with various UNHCR officials
e50373	the head of those in charge of health
e50374	the minister for roads said
e50375	the information office announced
e50376	the officials held an inquiry and questioning about the plane accident
e50377	officials of the Russian government said, it is reported
e50378	the latest news concerning the 2014 Myanmar census
e50379	let us discuss in connection with the ZBC matter
e50380	it has nothing to do with the matter of spirits either
e50381	commit all your affairs to the Lord
e50382	I will leave everything and come
e50383	the agents handling all the arrangements
e50384	however urgent and important a matter we may have
e50385	when there is a discussion of important matters he does not want to call others
e50386	but for various reasons the name Zomi gradually disappeared
e50387	yet they are much troubled over with various matters
e50388	the village elders arrived
e50389	from the day of arrival more shelters kept being built
e50390	they spoke much about the matter of the Rohingya as well
e50391	it is heard that the matter of molestation too will be investigated further
e50392	the matter of paving with stone too has not been put before the parliament
e50393	they roam about around the Milky Way
e50394	it means do not go out
e50395	shall we feed them only one meal
e50396	do not feed an idle person who is lazy at work
e50397	lodging given, meals provided
e50398	Daw Su too will go and attend that conference
e50399	he just keeps going to the meetings he is invited to
e50400	going to look for him at the house he rented
e50401	if we went and asked their bosses about their matter
e50402	I went and wept like a child
e50403	buses and MRT trains are much used when going about town
e50404	when going about town it is important to be very careful
e50405	when going about in town, whether we go on foot
e50406	go and bring down a branch of the tree
e50407	it is my own ability and livelihood
e50408	went and gave herself up at the police station
e50409	go about in all the world and
e50410	going about in the town on horseback
e50411	we walked about together in Yuzana Garden City, Yangon
e50412	going about together with his mother and father
e50413	paraded her about in front of the public in town, it is said
e50414	while he went about on the earth
e50415	while going about in town, while riding a taxi
e50416	lodging given, meals not provided
e50417	once, coming home late from my outing
e50418	on one of my walks about the town
e50419	parents knowing where their children go about and which way they go
e50420	over 1000 police will be sent around on patrol
e50421	do not let them go about in the town for long
e50422	we praise the grace of the Lord who has led us about
e50423	besides feeding us, she let us use her house
e50424	one must kill an animal and give a meal
e50425	moving about will become less
e50426	in getting about many people will find it much more comfortable
e50427	be careful also when going about
e50428	let us each be as careful as we can when going about in town
e50429	in our going about, the surroundings also
e50430	those going about town who always use the monorail
e50431	they still check closely those going about in town
e50432	the going to and fro will grow less
e50433	in getting about many people will now find it much more pleasant
e50434	let us be careful in our comings and goings
e50435	the young people will keep watching their comings and goings
e50436	go and bend the treetop
e50437	there are many people who roam about doing no work
e50438	they first wandered for about 2000 years
e50439	a drunk man wandering along the road
e50440	if it is not so, let us rather not go about
e50441	it will be better if we do not go about
e50442	that it is not good for children to roam about in the evening
e50443	so that you can provide for your husband and children
e50444	Walter had just reached a little over 20 years
e50445	I stayed a little over two weeks
e50446	it comes to more than 800 steps
e50447	the school compound comes to more than 60 acres
e50448	the new cases again came to more than 34,000
e50449	going to fetch the bees
e50450	go and get the best pair of socks
e50451	go and get a letter from the UN
e50452	he travelled around preaching the gospel in more than 20 states
e50453	he went to more than 1000 different places
e50454	let us each go and draw, go and take those blessings of our Lord
e50455	bringing food and drink they went and showed their gratitude
e50456	there is a man who has not brushed his teeth for over 20 years
e50457	it is said to reach over 10,000 people
e50458	the discussions alone have reached over 160
e50459	because more than about 100 people worked together
e50460	because it was thrown more than about 30 metres
e50461	there are still a little over two years until the election
e50462	it is only a little over one year
e50463	with something over twenty of his friends
e50464	O my beloved, fly away there
e50465	having swallowed some beads by accident, an operation was needed
e50466	swallowing a toothpick by accident does not happen very often
e50467	can swallow water while breathing
e50468	it will stay in your stomach just as you swallowed it
e50469	the comments given alone being already more than 2000
e50470	it is already more than 10 years since they arrived in America
e50471	the refugees alone are said to be already more than 1400 people
e50472	it is already more than about 35 weeks
e50473	it has already passed 1.6 million
e50474	when they came back more than about an hour had passed
e50475	at the most its heat will not exceed 35
e50476	I believe it will not be more than two or three times
e50477	cleaning it too much all the time is not needed
e50478	in excessive sleep there is always poverty
e50479	do not praise your own speech to excess
e50480	more than 100 lakh worth has been sent up
e50481	if the things they damaged are worth more than $500
e50482	they carried it out for more than 11 hours on end
e50483	though they were without a country for more than 2500 years
e50484	it is already more than 20 years since he did mission work
e50485	it is more than 50 years since I was born
e50486	it was already past 10 at night
e50487	well over 2000 people died
e50488	the money altogether is said to come to well over 16 million US dollars
e50489	they hosted us as guests for more than 3 months without asking payment
e50490	paraded through the town with more than 100 motorcycles
e50491	living in Valung village, Falam
e50492	the Zo dialect, from the Cikha area as far as Valung
e50493	kept waving his hand until out of sight
e50494	a great question kept ringing
e50495	if you crave liquor strongly
e50496	it has already been shared more than 7600 times so far
e50497	he is said to have given blood more than 200 times
e50498	the quail calls
e50499	Russia will become a quail surrounded by eagles
e50500	the prices of goods will go up
e50501	medicine and goods as we want them
e50502	the various things that are needed
e50503	they put him in the police van
e50504	that van ran through the red light and got away
e50505	a van exploded at a security check point
e50506	even the experts who make things cannot make it
e50507	apart from making and selling goods there was not much else he cared for
e50508	all manufacturing was shut and various services stopped completely
e50509	still being very backward in manufacturing and selling
e50510	it is Vancouver International Airport in Canada
e50511	one is flying about in the sky, they say
e50512	to put out the fire from the air
e50513	while a Turkish Airlines plane was flying in the air
e50514	to attend to the affairs of the Zomi refugees in Malaysia
e50515	is to attend to matters as needed and make them known
e50516	between Tuisau and Vando
e50517	a lifting crane was used and onto the lorry
e50518	being lifted up with cranes
e50519	when I look above me I see the clear blue sky
e50520	was able to go and give a speech once
e50521	the village heads went and carried out an inspection
e50522	I was able to go and give a short speech
e50523	we know that heaven is very pleasant
e50524	are you sure yet that you will reach heaven
e50525	the way of life of heaven is learned on earth
e50526	influential people, on the other hand, are not very widely famous
e50527	the news spread far and wide at that time
e50528	houses, land and goods are not worth selling just now
e50529	it looks as if our property and valuables will be lost
e50530	thanks to their parents, they receive blessing in due time
e50531	thanks to the love of God above, light has dawned for us
e50532	another one is the native village
e50533	Wuhan, my home town where I grew up
e50534	may the home town of Dimtui shine like the sun for ever
e50535	he did not refuse but in fact obeyed at once
e50536	they are in fact also good at learning
e50537	trains, ships and planes
e50538	they get the food sent to them only from planes
e50539	when he got down from the plane
e50540	using his royal power
e50541	we have a strong and almighty God
e50542	the almighty God we worship will help us overcome
e50543	the Mighty One also said that his name is GOD
e50544	exalts and honours the Eternal Mighty One
e50545	a very wise and very powerful king
e50546	is very wise and prudent and very powerful
e50547	influence, skill in leading, having many friends and the like
e50548	what we call fame and power
e50549	they made an opening at a place in the middle for the smoke to go out
e50550	making an opening in the bottom of the lift
e50551	his old village is Vangteh village
e50552	the couple also came to Vangteh
e50553	many fine and valuable goods also would be lost
e50554	able to use all the fine and new things
e50555	to make money they can readily make all kinds of bad goods
e50556	some things from that house were put into boxes
e50557	some suspicious objects were indeed seen in the stomach
e50558	tried to send it to an orphanage like a parcel
e50559	a newborn baby wrapped up like a parcel and sent to an orphanage
e50560	lately one hears again and again of contraband seized in Burma
e50561	the ways of carrying contraband are of many kinds too
e50562	much contraband burned in Myanmar and Thailand
e50563	a young Burmese man arrested with illegal drugs
e50564	Burma is a country in the world that uses narcotics very much
e50565	the contraband kept in that warehouse
e50566	9 foreign drug dealers arrested in Malaysia
e50567	was caught selling drugs inside the prison
e50568	a suspicious object was found at a Singapore train station and people panicked
e50569	when any goods are bought in Malaysia
e50570	before sending off any item
e50571	any item fitted with a battery
e50572	when the value of all the things he stole was reckoned
e50573	the word Nike is on all the goods
e50574	because gas exploded at a goods warehouse in the neighbourhood
e50575	well and in full the government, in their storehouse
e50576	they were buying various things needed for school
e50577	to deliver the needed goods to the orphanage
e50578	it can be used in nearly every shop in Malaysia, it is said
e50579	a municipal market, a place where goods are sold, in Mindat Township
e50580	to take something out of the storage compartment at the back of the car
e50581	they were thrown hard against the overhead lockers above the seats
e50582	the cupboard in the bedroom was also broken open
e50583	I flew in the height of the sky like a great eagle
e50584	as for the eagle of the high sky
e50585	at a US airport a roasted pig head was found in the luggage of a traveller
e50586	50 viper snakes were seized from luggage
e50587	they also fired heavily from the air
e50588	Ukraine does not yet have a proper air defence
e50589	looking up to the sky, with joy and gladness
e50590	the SAC side shoots at us from the air with bombs
e50591	aiming at the townspeople from the air
e50592	the SAC side to give battle support from the air
e50593	I arrived in Kalay by plane in the morning
e50594	from inside, no sound of a plane is heard at all
e50595	if we too were to build an airfield at Saizang
e50596	a seller and a buyer in China
e50597	you still have a boss, and they are the customers
e50598	a customer who was in front of his shop
e50599	shoppers and sellers were in great panic
e50600	among some buyers and sellers
e50601	a woman who was on her way to shop
e50602	a shopper who went to this shopping mall to buy goods
e50603	the mother went out to buy food
e50604	it is not readily seen in daily buying and selling
e50605	countries that as a whole put trade first
e50606	the father provides the household goods in full
e50607	even for such things as buying the goods that are needed
e50608	will there be a plane
e50609	the plane flew in from Myitkyina
e50610	at that time there was no such thing as an aeroplane yet
e50611	if a big Ngalzang airport is built many people can use it with ease
e50612	there was once a plan to build an airfield with the people's labour
e50613	the real cause of the plane crash has not been stated up to now
e50614	the cause of the plane crash is being carefully investigated
e50615	the exact cause of this plane crash is not yet known
e50616	the worst plane crash in Iran is
e50617	I went for a stroll toward the airport
e50618	they built an airfield for small planes to land
e50619	from Yangon airport
e50620	the pilots inform the police beforehand
e50621	the pilot shut that engine down
e50622	after that the pilot, the captain
e50623	he is one who already has over 3000 hours of flying time in all
e50624	in Cuba a Boeing 737 aeroplane crashed and more than 100 people died
e50625	an aeroplane of the Russians crashed
e50626	a plane crashed in Costa Rica and 12 people died
e50627	the black box of the crashed Myanmar military plane has been found
e50628	plane crashes happen and are heard of from time to time
e50629	a small plane is said to have disappeared
e50630	a small plane crashed and 1 person died
e50631	about 3 small planes will be flown
e50632	that plane is of Singapore Airlines
e50633	but because the plane was damaged and needed repair
e50634	this plane was seen in small pieces in the snow
e50635	they could be moved out from inside the plane, it is said
e50636	when the authorities had the inside of the plane searched thoroughly
e50637	even when he was seated in the plane
e50638	because the passengers were to travel by plane
e50639	each Boeing 737-400 plane can carry up to 150 passengers
e50640	cars, ships and aeroplanes, all of them
e50641	the name of the airport and the name of its country
e50642	one person hurt in a fire inside Hong Kong airport
e50643	the planned Tedim town airport is not feasible
e50644	those who were on board this aircraft
e50645	carrying it on board an aircraft at all is also forbidden
e50646	the trains could not run and the planes could not fly either
e50647	the plane too, without any accident or trouble
e50648	so that the people of Israel would know the power of God
e50649	by the power of the Holy Spirit in the womb of the lady Mary
e50650	because prices in London are far too high
e50651	prices will be as high as they are now
e50652	this jewellery shop is said to have been robbed three times now
e50653	at a jewellery shop in the city of Kuala Lumpur
e50654	foods that have a blue colour
e50655	the JOY and PEACE that the angels brought
e50656	the Psalms and new songs that angels cannot sing
e50657	and the service sector
e50658	putting self-service and the wish for name and rank first
e50659	also some things used in breaking into houses
e50660	she went to buy some things her parents needed
e50661	because the thing that was put on is far too white
e50662	what material was used in that thing that exploded
e50663	we on our side will help you with all that is possible
e50664	the ZAM office can assist you
e50665	a person carrying a heavy load, while carrying his load
e50666	they do not use their own luggage either
e50667	when the workers went to deliver goods
e50668	a woman aged 24 handed over a parcel to be delivered
e50669	a goods train had an accident
e50670	a cargo plane of the US military crashed and 9 people died
e50671	it is used rather for carrying goods
e50672	not paying the wages of the coolies and porters
e50673	like the vine of the vansam creeper
e50674	not even thinking of flying high in the sky
e50675	carrying her young up towards the high sky
e50676	they made an inspection of the fire and the damaged property
e50677	when the value of all the damaged goods in the shop is reckoned
e50678	when they had his belongings looked through
e50679	they came home carrying many goods
e50680	however long the train is and however many goods it carries
e50681	it is said it is exchanged for another item
e50682	replaced with that of a white person
e50683	are our things still there
e50684	we use things made of wood
e50685	for a trader, the selling out of his goods
e50686	the snake catcher moved the things aside and pulled out the python
e50687	struck by flying debris
e50688	because fragments connected with a bomb were found
e50689	from a factory that makes various plastic goods
e50690	carrying fuel and various goods, heading for the town of Tanai
e50691	looking up to heaven, after he had given thanks
e50692	raising his hands toward the sky
e50693	without the rain that comes from the sky they cannot manage at all
e50694	nowadays, Tedim town viewed from the sky
e50695	they are all the very best equipment
e50696	it comes from all kinds of plastic goods
e50697	many things for people to use were made
e50698	as Pa Thang too is one among many sellers
e50699	the mother of the child is a seller at the market
e50700	two traders sat together
e50701	when he asked the seller
e50702	a man set up a small shop in his village
e50703	all the shops that are in the Teruntum Complex
e50704	sellers and buyers, at the least
e50705	his goods for sale were soon all sold out
e50706	I was able to go to Australia
e50707	when it was held at Vapar village
e50708	she then left Vapar
e50709	it is heard that many leaders went to the site
e50710	going to the very place and finding out the matter well
e50711	to be faithful like the hornbill
e50712	they took the hornbill as their model, a picture of care for one another
e50713	a people marked by the hornbill that does not break its vow
e50714	with such words I went and gave encouragement
e50715	he went and gave it to the Chin State government
e50716	it is simply taken to the Falam district office
e50717	they will go and deliver it to the authorities
e50718	over the Manipur River there is already a very good Var bridge
e50719	the CNDF ambushed the SAC main camp at Var
e50720	a young bird that the wind had blown out of its nest
e50721	a young bird too, when it is able to fly out of its nest
e50722	I was able to put the young bird back in its nest
e50723	it could go and serve as the host
e50724	the time to go and actually work on the spot
e50725	like a small bird that has its fill of dew
e50726	because they first went and attacked the Myanmar army posts
e50727	it is said they have gone and attacked and fought since January 31
e50728	I was able to go and attend the Zomi Khuado in Malaysia
e50729	I suddenly remembered
e50730	a piece of news suddenly came up
e50731	an angel suddenly appeared
e50732	a man cleared a field and burned it
e50733	fish, chicken, a little duck egg, wheat
e50734	in the Vatican there is no rule that women must cover their heads
e50735	Pope Julius II called him to the Vatican
e50736	cutting down trees and grass
e50737	we share the sorrow that he left us so suddenly like this
e50738	that he left us so suddenly like this, the ZIUSA association
e50739	because of the sudden leaving of us
e50740	like a bird perched on a treetop
e50741	because they are able to reach countries where learning and skill are very strong
e50742	on 2 February we arrived in the pleasant city of Melbourne
e50743	they came abruptly into the office compound
e50744	I much regret that I just went off on my own
e50745	it can keep flashing before the eyes
e50746	because beauty products cost a great deal
e50747	it is the greatest tool for God
e50748	they kept threatening me to do it
e50749	they threatened him not to speak out again
e50750	at times they scolded us and at times they threatened us
e50751	although he received many threats, bravely
e50752	he fled because of the threat of one woman
e50753	let there be no threatening or ordering of the people by use of authority
e50754	he also found it strongly fragrant
e50755	like a mosquito buzzing on and on beside the ear
e50756	also in the nearby Vauxhall area
e50757	because there was too much rain the LA river rose strongly
e50758	he pushed forward strongly at the front
e50759	when I went visiting a house at 8pm in the evening
e50760	as he has something important, he goes about for two hours
e50761	it is there even then, indeed
e50762	O mother, how truly I repent
e50763	nobody beat me
e50764	because their country is very cold
e50765	a young Filipino woman went to visit the US
e50766	he went travelling to a far country
e50767	on that day he visited Zogam
e50768	they go and sell them again in the cities
e50769	without even needing to go and sell far away
e50770	he stood up and headed for Ciinno's house
e50771	he headed for school in a happy mood
e50772	Sitagu Sayadaw Dr Ashin Nyanitsara also went along
e50773	let us go and follow on the way of the cross of the Lord
e50774	it does have to go together with honesty, doesn't it
e50775	he is our Hupigrammos, you see
e50776	you have already reached 18, you know
e50777	health workers held examinations of the sick and the like
e50778	looking over the paper for about five minutes
e50779	after checking all the papers carefully, to head for the UN office
e50780	from among our neighbours round about
e50781	a small son of one of my neighbours
e50782	working together with the neighbours too
e50783	with those we get on with best we can choose each other as neighbour spokesman
e50784	give thanks to your neighbour
e50785	a shooting happened in Las Vegas
e50786	oh, my child keeps on crying
e50787	it may well be so
e50788	why, your wages have already been collected
e50789	why, there has been no shooting today
e50790	who drew this picture, how skilful
e50791	visiting the sick, comforting them, speaking the word of God
e50792	we received his visit
e50793	a visiting gift of RM50 from ZBCA can be given
e50794	let us think it over well one more time
e50795	tea is drunk three times
e50796	they truly beat their enemies 3 times
e50797	one time, three times
e50798	three times a year
e50799	three times I pleaded with the Lord
e50800	seven times a day I praise you
e50801	they suffer from the illness
e50802	I went to hospital no fewer than twice
e50803	three whole times it was started well
e50804	although they were made to ask three whole times like that
e50805	they have broken into houses about 3 times
e50806	we have already held about 20 shows
e50807	it has now come to about 3 accidents for people of Myanmar
e50808	a man breaking wind led to a quarrel
e50809	who caused trouble over a matter of farting
e50810	most important of all, concern is what is needed most
e50811	they cannot be without a real concern for this politics
e50812	rather than one who is learned but does not care
e50813	to have love and concern for the children
e50814	let our concern for our nation grow more and more
e50815	work with concern and effort
e50816	if each of us can tend our surroundings with genuine concern
e50817	because you have shown your concerns
e50818	this time it is very hard to understand
e50819	those 14 earthquakes, up to January 12 this year
e50820	it is the least able ones that parents care about most
e50821	accidents happened 555 times during 2017
e50822	once every year
e50823	wash your hands twice each week
e50824	it is always held once a year
e50825	fire broke out as many as 7 times in one day
e50826	I have died as many as seven times
e50827	China, Vietnam, South Korea and the Philippines
e50828	South Vietnam too became a Communist country all the same
e50829	it is six years in prison and two strokes of the cane each
e50830	they were made to suffer 83 strokes each
e50831	they are said to have had more than 12 clashes in all
e50832	he still failed more than 1000 times
e50833	waving his hands in the air
e50834	a child cannot grow up just by rocking the cradle
e50835	sometimes there is no success in the usual way of working
e50836	sometimes there can also be loss for us
e50837	if we can agree it will be better for all of us
e50838	so is all of it for me
e50839	I am thankful to all of you
e50840	we all, each of us, love our people
e50841	all of us kept looking around
e50842	there were thirty-seven in all
e50843	they all ate the spiritual food
e50844	the girls all became drowsy and fell asleep
e50845	all the people on board the ship
e50846	they have altogether fallen away
e50847	they have altogether rejected my rule
e50848	you already know it altogether
e50849	the dead in total are 3800
e50850	among the total of 5541 who caught the disease
e50851	because it is what they are all called together
e50852	the health workers number 473 in total
e50853	in Tedim town the Sialtang water tanks all together
e50854	the forensic team examined it well and closely
e50855	we examined the place of the fire closely
e50856	when the child's body was examined closely
e50857	it is said the whole building was inspected
e50858	they examined the fire and the damaged property
e50859	the paramedics made an examination
e50860	that is fine indeed
e50861	they set upon him and beat him up, it is said
e50862	they beat that man up, it is said
e50863	volunteer for dental check-ups
e50864	if one can get checked once every 6 months
e50865	check their mobile phones and the like from time to time
e50866	quite round
e50867	if the mother's breast is very hard
e50868	it overturned completely by the roadside
e50869	our body being quite healthy
e50870	I keep looking through the writings that are posted
e50871	he put it beside his bed and kept looking at it
e50872	looking over the good things God has made
e50873	do comment below, won't you
e50874	it can be very severe indeed
e50875	income and spending do not match, you see
e50876	that is indeed what we want, is it not
e50877	that is just what we want, isn't it
e50878	Paul wanted so much to see us, you see
e50879	the Geneva convention on the protection of civilians
e50880	the soldiers are to take the duty of protection
e50881	when the war was over
e50882	when the soldiers' tear gas had cleared
e50883	I too, being after all of Tedim accent, am one who uses Zopau
e50884	and she herself does not notice it, you see, how pitiable
e50885	the envoys of China, Venezuela and Syria
e50886	names of towns and of quarters are always written as one word
e50887	there are four quarters in Tedim town
e50888	to choose the one who will lead the quarter
e50889	he is not a near neighbour of yours
e50890	the neighbour women gave him a name
e50891	their neighbours all around helped them with their strength
e50892	you slept with your neighbours the Egyptians
e50893	David fled from the Naioth quarter in Ramah
e50894	I am not confident, oh
e50895	oh, I do feel the need
e50896	let us each stay careful in our neighbourhood and all around it too
e50897	in the neighbourhood where we live and all around it
e50898	let each of us stay careful in the neighbourhood round about too
e50899	to worship at a church in the quarter where he was staying
e50900	at the well where the women of that town and that quarter draw water
e50901	is to protect their lives without endangering them
e50902	to protect the people
e50903	it is not for punishing the people but rather for protecting them
e50904	in order to protect the wounded
e50905	the whole neighbourhood suffered the loss
e50906	and it came to be carried all round the whole Sakollam quarter
e50907	I do not have any at all
e50908	it is a neighbourhood where many workers from Myanmar live
e50909	living together in a neighbourhood near this fire
e50910	that there was an attempted house robbery in their area
e50911	546,000 houses in 498 neighbourhoods
e50912	to be an eyesore to the neighbourhood and to other people
e50913	because the trouble is not yet over
e50914	to this day the shooting has not ceased
e50915	the trouble no longer ends quickly
e50916	these matters may not be over soon at all
e50917	those from the Pandan Indah quarter who know this matter well
e50918	the great war ended only when they reached the age of 18
e50919	the shooting only stopped at about 5pm, it is said
e50920	they resolve trouble and worry more easily
e50921	as there is no one who can make this disease cease
e50922	only we ourselves will be able to resolve it
e50923	inquire in your neighbourhood
e50924	they rushed to that neighbourhood at once
e50925	is one who once lived in the Pandamaran area
e50926	in the Subang area of Malaysia a policeman was shot dead with a gun
e50927	is said to be someone living in the Sentosa Gedangsa neighbourhood
e50928	in the whole Uptown Shah Alam area, led by the Immigration Department
e50929	they just stayed on in that same neighbourhood
e50930	neighbours have quarrelled over it and even killed
e50931	more than the tie of a friend or a neighbour
e50932	how can I know that my case is settled?
e50933	because clean water is not well supplied in various districts of the Klang Valley
e50934	in the other districts it is not so severe
e50935	in school too he was not especially clever
e50936	you may boil with anger
e50937	in each neighbourhood the strength of the young will be much needed
e50938	the various things are being built in every neighbourhood
e50939	while the people of all Myanmar are seething in uproar
e50940	they made it widely known with much stir
e50941	let us drink coffee together
e50942	let us think it over well
e50943	how shall we resolve the trouble
e50944	we need to settle them each in its own place
e50945	it is best to talk together and settle the trouble
e50946	have already begun making face shields and ventilators
e50947	to send rockets to Jupiter and Venus as well
e50948	will be able to engulf Mercury and Venus
e50949	he studied at Middlebury College in Vermont and Andover Theological Seminary in Massachusetts
e50950	among the more than 440 verses in the book of Revelation
e50951	at every 26th letter from verse 7
e50952	the wording of the English version does not differ very much
e50953	the Bible exists in various versions
e50954	it can be read at once in the PDF version
e50955	you for your part are right there in Mae Sot
e50956	that night we could not sleep at all, they said
e50957	no taxi could be found at all
e50958	do not get up at all, and stay still like a sick person
e50959	he kept insisting, I have nothing else at all
e50960	I will not put on any black clothes at all
e50961	there are no snakes at all in New Zealand
e50962	civil law does not allow that at all
e50963	let us learn without ever losing heart
e50964	not using intoxicants at all makes a person respected
e50965	that we, the poor and the rich, are not at all alike has become clear
e50966	used the veto power 83 times in the UN Security Council
e50967	it is indeed greatly feared
e50968	they really do not behave like that much
e50969	he opened the sunroof and stuck his head right out
e50970	it does not mean seating them up on the shoulders
e50971	their rice too was steaming fragrantly
e50972	one who keeps defending his own kin
e50973	although it is not very strong it can still be used all the same
e50974	even in worry and sorrow one can still be at peace all the same
e50975	it is said it will still be dangerous if it gets into the eyes
e50976	he says they will still be able to enter the US
e50977	he said he will still be able to have children
e50978	but without stopping he still ran on
e50979	all the others could still be used
e50980	the English too say so all the same
e50981	as it cannot go unbought, it is bought anyway and has to be eaten all the same
e50982	it is said he took her all the way to her house all the same
e50983	although it is agreement all the same
e50984	let them give first, then
e50985	take hold of my leg and rescue me, do
e50986	at the last round the pilot
e50987	it came to Tonzang a full two rounds
e50988	going around for one round
e50989	between Vialcian and Tonzang it is also very good
e50990	they left it on the Vialcian side across the Tuithu
e50991	when it has made one round it is one month
e50992	a great lover of snakes is squeezed to death by his pet snake
e50993	because it is all covered with snow it gleams white
e50994	the glistening heaped snow, by hand
e50995	they can puff away at tobacco while carrying a child on the back
e50996	puffing out smoke like a cigarette
e50997	the smoke billowing at that height
e50998	one simply has to go boldly and steadily forward
e50999	let us step over it and cross straight on
e51000	among the Zomi, on the other hand, Viber is used more
e51001	reports by phone SMS, Viber and Facebook Messenger will not be counted
e51002	most of the people living in the state of Victoria
e51003	places and buildings bearing the name Victoria became very many
e51004	take a video of your practice and watch it again
e51005	a YouTube video can also be watched
e51006	that video was soon deleted from Facebook, it is said
e51007	made an emergency landing at Vienna, the capital of Austria
e51008	it is no longer the city of Melbourne, it is now the city of Vienna
e51009	it is said to be one in Nam Dinh City in Vietnam
e51010	it spread as far as Singapore and Vietnam
e51011	a Vietnamese woman made a booking to ride an Uber taxi
e51012	concerning the affairs of Vietnamese refugees
e51013	besides, the views alone have already reached about 335,000
e51014	it is said to have reached about 4 million views
e51015	it has already reached about 39,010 views
e51016	those watching alone have reached about 7,350,000 views
e51017	that video already has about 3 million views
e51018	he made straight for the place where the pot was
e51019	he turned right back at once
e51020	he went straight off to the road work
e51021	I too sat no longer and went straight home
e51022	going straight into the house
e51023	flying straight here by plane
e51024	he tried to speed away in the car
e51025	speeding up hard, they tried to get clean away
e51026	just as they reached the hotel he ran off in a flash
e51027	ran out again in a flash before the door was shut again
e51028	he wholeheartedly wants truth and right
e51029	he is a man who loves the Zomi steadfastly
e51030	he always played the violin, banjo and piano
e51031	one who plays the violin well and is good at cooking
e51032	he took his violin
e51033	we are all VIPs
e51034	those who sit at the front are specially called VIPs
e51035	it was spread all over the various social media and went viral
e51036	it became a viral video
e51037	the area of Maryland, Washington DC and Virginia where we live
e51038	at the Trump National Golf Club in Virginia
e51039	this virus can spread quickly to chickens
e51040	after the Covid-19 virus has entered
e51041	it is blamed as being the virus of the Chinese
e51042	but he could not get a visa
e51043	those who travel on a B-1 visa may not work
e51044	most airports and visas have been closed too
e51045	we are to have a great vision
e51046	the one who first had the vision
e51047	it is necessary to have a vision and a mission
e51048	it contains much vitamin C
e51049	there are vitamins in grains of rice
e51050	vitamins of every kind and iron
e51051	steaming hot food and drink
e51052	the music too was played hot and lively
e51053	the deer's horns grow out in points
e51054	only the pillars and iron bars are left now
e51055	stand up, said to several people
e51056	look into it and add more to it
e51057	all who agree, please share it
e51058	line up five by five
e51059	as heard from VOA Radio
e51060	made a statement to VOA
e51061	if it is a pig, he gets the tel as before
e51062	sows that have not yet had young
e51063	they keep pigs and slaughter them
e51064	it is good not to come near a sick pig
e51065	a herd of pigs was feeding
e51066	send us into the herd of pigs
e51067	even the pods that the pigs ate
e51068	a large herd of pigs was feeding
e51069	I at once had a pig looked for
e51070	the ZYA leaders killed a pig for us
e51071	Selbung, Ngente, Voklaak, Bukphil, a list of villages
e51072	Zongal, Voklak, Pumva, Theizang
e51073	a roasted pig head was found among the things of a traveller
e51074	that pig head was not a small one at all
e51075	lard and the various animal fats
e51076	it can be good if those with dysentery and such sickness eat lard
e51077	prize giving to the winners of volleyball and football
e51078	second in volleyball, Darkhai
e51079	people will serve as volunteers at once in the distribution of aid
e51080	certificates of honour were given to the volunteers
e51081	a volunteer to serve as messenger is wanted at ZSM
e51082	182 people took part, volunteers included
e51083	gave ten lakh in cash to the volunteers
e51084	they went out as volunteers in order to help
e51085	I saw a black bird
e51086	dark clouds are seen in the sky
e51087	one vote can tell the black from the white
e51088	black pot, white pot, red pot
e51089	the second was drawn by black horses
e51090	if there is no black hair in it
e51091	I looked and saw a black horse
e51092	the sky grew black with clouds and wind
e51093	I am dark, yet lovely
e51094	do not look down on me because I am dark
e51095	all the spotted ones and all the dark lambs
e51096	his eyes will be darker than wine
e51097	I brought a box of snacks
e51098	the children and descendants
e51099	Teeltui Descendants Family, Malaysia
e51100	How to care for the beloved child, 131
e51101	gave us two or three dear children
e51102	to make the lands of Vongmual, Kahgen and Thenzang a wildlife sanctuary
e51103	the wish that the teeth of the dear children of Zo be good
e51104	the family of the cherished children of Teeltui
e51105	by the effort of the children of Teeltui the Kapteel to Lennupa motor road was dug
e51106	may God shelter the children you carry
e51107	his hands are cold as ice
e51108	before it flowers it wants cold weather
e51109	at night the cold wore me out
e51110	he is like cold snow at harvest time
e51111	neither cold nor hot
e51112	the cool streams that flow from the mountain
e51113	until the evening wind is cool
e51114	until the cool morning wind blows
e51115	like a leech sucking blood
e51116	with 4993 votes out of 5000 people
e51117	let us every one give our vote
e51118	60 votes are needed
e51119	Mang Tung Nung got 6 votes
e51120	let us each and all vote
e51121	in 2015 I voted for the first time
e51122	let us vote for the national party
e51123	it is made to be somewhat less cold
e51124	neither cold nor hot
e51125	in winter it is too cold
e51126	the weather being extremely cold
e51127	the iron parts were too cold and so could not be used
e51128	the weather is very cold these days in Singapore and Malaysia
e51129	it is covered all over with snow and the weather is very cold
e51130	such as air conditioners, coolers for things and TV
e51131	come on friends, let us go home
e51132	please forgive us
e51133	be very careful, will you
e51134	there is dirt and dust on his sales receipts
e51135	with that voucher we will receive the blessing back
e51136	where were you all
e51137	look at me, all of you
e51138	if they do not finish the English level
e51139	since they changed the YBS system
e51140	the townspeople beat him up and burned him with fire
e51141	a crowd beat a man up and poured hot water on him
e51142	I also often stayed the night at their house
e51143	they can worship their god only in their homes
e51144	nothing at all is produced in their country
e51145	because a woman was badly beaten and struck by her husband
e51146	it just deserves a hard hitting and a hard beating
e51147	such things as the breaking of a tooth are severe beating
e51148	how much do you think it fitting for us to ask?
e51149	to whom would we go?
e51150	in 5 townships the grade 10 examination is held
e51151	among all the Baptist Christians sitting the tenth grade
e51152	I always met the administrators on the Tedim side
e51153	it is not for our MPs and our administrators alone to do
e51154	ministers are appointed from among themselves
e51155	it is the shortcoming of the MPs and the ministers
e51156	since he died because of the beating
e51157	in Chin State there are only 7 ministers
e51158	when he was replaced as minister
e51159	the railway minister being changed 3 times
e51160	some state ministers will also be dismissed
e51161	government staff, ministers, MPs and the people all standing together
e51162	you selfie addicts, do be careful now
e51163	smoke would billow up from time to time
e51164	teaching the harm of tobacco while puffing away at a cigarette
e51165	ill-treating a wife, beating a wife
e51166	it carries many bags of phosphate powder on the truck
e51167	plastic particles found in human blood
e51168	it is like gunpowder and bullets
e51169	one sentence being already complete
e51170	all such things are set out in full
e51171	without his name included it cannot be complete
e51172	the matters were discussed thoroughly
e51173	they took the body to Melaka to bury it
e51174	they helped to arrange the burial of this young man
e51175	an ear of grain
e51176	because nothing but dust was flying about everywhere
e51177	their whole bodies were covered with dust, it is said
e51178	the burial is said to have been held today, October 8, 2025
e51179	the burial will then be held at the cemetery
e51180	the burial was held in the city
e51181	they will hold the burial
e51182	held the burial at the cemetery
e51183	the day of burial is said to be January 16
e51184	because of a snow slide in Japan 8 students died
e51185	at a ski resort the snow slope collapsed
e51186	a landslide buried 15 workers
e51187	the flood of the world will keep covering it over and leaving it behind
e51188	many people were buried, and many died inside
e51189	it may also be that they are buried in the ground
e51190	12 people inside were buried
e51191	to search for those who were buried
e51192	getting buried at once by landslides
e51193	a tiger skin fetches much money
e51194	it does not stay on the skin for good as real tattoos do
e51195	those who have a skin disease
e51196	our house and field have turned to ashes
e51197	all the shoes for sale were reduced to ashes
e51198	a mass of hot ash was thrown out from inside the volcano
e51199	some hot ash and smoke from the top of the volcano
e51200	only its mound of earth could be dimly seen
e51201	the Wa profited greatly
e51202	from the Wa
e51203	the Wa too are still within Shan State
e51204	Ta'ang, Pa-O, Wa, Naga
e51205	the SAC side got the town of Waibula back
e51206	Waibula town was given
e51207	concerning the collapse of the jade mine at Waika village
e51208	in Myitkyina and Waingmaw townships in Kachin State
e51209	the women are called waitresses
e51210	the waitress and two diners
e51211	used to work as a waitress
e51212	Wales, as early as the year 1542
e51213	a widow in the land of Wales
e51214	it is a walkway that connects the student housing areas
e51215	it is the big store called Walmart that sells all kinds of goods
e51216	to work in a warehouse and housekeeping around Wangsa Maju
e51217	a car workshop in the Wangsa Maju quarter burned down
e51218	arrested at Wangsa Maju, and at Putra Immigration
e51219	at present still being cared for in the neonatal ward
e51220	30 patients at present in the medical ward of Tedim hospital
e51221	but the ward worker said nothing
e51222	she is one who works as a warden at
e51223	it is said the shooting was at a warehouse in the city of Orlando
e51224	the warehouse company at once informed the police
e51225	the warning we want to give today is just that
e51226	the WHO too has already given a warning
e51227	if they should issue a warrant for arrest
e51228	two thousand people for whose arrest they took out a warrant
e51229	he studies at Waseda University
e51230	he went to teach at Waseda University in Japan
e51231	came heading for Washington with father and mother
e51232	in Washington State the vaccine is being tested
e51233	he carried no dangerous weapon at all
e51234	it is a weapon used as a tool for killing
e51235	it is also written clearly on the IRS website
e51236	the website that was hacked
e51237	the two places Taingen and Webula
e51238	the area around the Webula bridge was swallowed by water
e51239	he said: I got it passed on from WeChat
e51240	it was sent into the WeChat group where only the workers share news
e51241	among the Zomi online weddings are now in use
e51242	a big quarrel began during the wedding party
e51243	it is said to have happened last Wednesday in Bandar Baru Klang
e51244	it happened last Wednesday
e51245	when some company workers go back to work after the weekend
e51246	because it is already the weekend in Myanmar
e51247	it did more and more damage than during the past weekend
e51248	it will be during the weekend of the third week of July
e51249	on weekends it is extended further from 10pm
e51250	the video clip was spread through the Weibo site
e51251	he too, in order to reduce his weight
e51252	everyone who wants to take part will be welcome
e51253	we always welcome you with love
e51254	he was born again during the revival in Wales
e51255	until 1958 it was called Welsh Mission Hospital
e51256	the terror attack began from on Westminster Bridge
e51257	at Westminster in the city of London
e51258	Westminster Abbey is a place the Queen cannot forget
e51259	in the Wetlet area during the past year 2024 too
e51260	to carry supplies and weapons to the town of Wetlet
e51261	WhatsApp is now owned by the Facebook company
e51262	those who use WhatsApp are fewer
e51263	that video, on WhatsApp and Facebook
e51264	studying here and there, at Wheaton College
e51265	they can attend school freely in a wheelchair
e51266	a condition of staying in a wheelchair for life
e51267	she is even taken along in a wheelchair
e51268	the old women and men who use wheelchairs
e51269	some very expensive whisky was also among them
e51270	a half-drunk bottle of whisky and also a power cable
e51271	but because the Wi-Fi was not strong
e51272	if you want to use Wi-Fi for free in Malaysia
e51273	it can be read in Burmese on Wikipedia
e51274	this month's wildfire is especially terrible
e51275	because of this wildfire
e51276	she left us from the town of Winchester
e51277	out through the car window
e51278	when he climbed up to the window
e51279	all the glass windows were shattered
e51280	its doors and windows were shattered
e51281	when the firefighters arrived they broke all the windows
e51282	VIP and VVIP stickers were stuck on its windshield, it is said
e51283	that the front windshield of my car might get damaged
e51284	even if it is wine, do not drink more than 3 cups
e51285	nobody ever pours wine to a full cup
e51286	Heilei village got the winner
e51287	the 2019 Zomi Idol winner Tha Sing then sang
e51288	the wires were cut, it is said
e51289	the wires connected to the heater
e51290	a quantity of copper wire was also found
e51291	in the state of Wisconsin, US, on Wednesday
e51292	before the war broke out he moved to Elkhorn, Wisconsin
e51293	be very careful when you withdraw
e51294	unable to withdraw, it was out of order for a while
e51295	a witness said
e51296	they made a report together with the witnesses
e51297	he posted it on the door of the Wittenberg church in Germany
e51298	they had the accident this morning near Woodlands Checkpoint
e51299	I went straight to the workshop where my father works
e51300	a car workshop in the Wangsa Maju area burned down
e51301	almost all work in this worksite was stopped
e51302	to supervise at the worksite from time to time
e51303	it was the champion of the 2014 World Cup
e51304	at the World Cup first place 4 times, second place 4 times
e51305	their country failed to win the World Cup because of it
e51306	in the latest Worldometer Covid-19 count data
e51307	right and wrong are measured by our worldview
e51308	every organisation having its own worldview
e51309	one who is very keen on wrestling matches, it is said
e51310	this disease began from the city of Wuhan in China
e51311	Wuhan, where the coronavirus began, will now be opened
e51312	so it is heard from Xinhua News
e51313	it is heard through Xinhua News
e51314	an apartment in the city of Urumqi, Xinjiang, China
e51315	it is the act of Xinjiang militants
e51316	in the city of Xinyu, Jiangxi Province, China
e51317	it can be found in the Christian Hymns
e51318	in Rakhine State, the contraband called yaba pills
e51319	it was held at Summit Parkview Hotel, Yangon
e51320	so it is heard from Yahoo
e51321	although the Jews insist on calling God Yahweh
e51322	our God, the God of the Israelites, Yahweh
e51323	in the Kachin, Rakhine, Mon, Kayah, Shan and Kayin states
e51324	the provinces called Narathiwat, Pattani and Yala
e51325	the law school and the medical school of Yale University
e51326	during that time I went to school in Yangon
e51327	at present we live in Yangon
e51328	even before the child reached Yankin Children's Hospital
e51329	the town of Yesagyo, a Burmese town
e51330	in 1974 it obtained ward status
e51331	nowadays they live throughout the Yaw area
e51332	said a member of the Yaw PDF
e51333	the People Defense Force and the Yaw Defense Force
e51334	those who left first entered Zogam by way of Yazagyo
e51335	for the public the YBS buses are very comfortable
e51336	on the day YBS first began
e51337	four of them are citizens of Yemen
e51338	the governments of Tunisia, Egypt, Yemen and Libya were changed
e51339	at 100,000 yen each
e51340	in that, Rabbi Yeshua, Jesus
e51341	on Wednesday the burial will be at Yeway
e51342	will be buried at Yeway cemetery
e51343	the name of God YHVH is from the Jewish language
e51344	when we say YHVH
e51345	it was in the city of Yibin in Sichuan Province
e51346	in Yibin City in Sichuan Province
e51347	a flat caught fire in the Yishun neighbourhood, Singapore
e51348	in a public area of the Yishun neighbourhood, Singapore
e51349	it was done in just the same way as the YMA
e51350	the government side and the YMA members too, in the town
e51351	the YMCA let us use a place to stay without charge
e51352	he also worked at the YMCA
e51353	they will travel from the Ubud area toward the city of Yogyakarta
e51354	Yonhap News Agency also reported
e51355	the South Korean news agency Yonhap reported
e51356	in the town of Wetherby in Yorkshire, England
e51357	the songs will all be on YouTube
e51358	those who want to listen can listen on YouTube
e51359	its words are also put on YouTube
e51360	that teacher is said to have been fined 500 yuan
e51361	they were mostly 100 yuan notes, it is said
e51362	at that same time the country of Yugoslavia too broke apart
e51363	they are said to have come in from Yugoslavia
e51364	it happened last Tuesday in the city of Yulin, China
e51365	this child is from Yunnan Province, China
e51366	a plane flying to Tengchong City, Yunnan Province
e51367	transport there and back from Yuzana will be arranged
e51368	in Yuzana an exemplary Zomi young person
e51369	he hears his elder brother shout
e51370	we hear that it was 4 people
e51371	David heard of it in the wilderness
e51372	whoever has ears to hear, let him hear
e51373	you have heard that it was said
e51374	Israel heard of it
e51375	he takes a laxative
e51376	write his title and the full address of his office
e51377	home-made pesticides should be used
e51378	only home-made pesticides should be used
e51379	smoking tobacco, tobacco water, khaini, sahdah
e51380	at the hospital he rubs on medicine
e51381	when I heard the news I was very glad
e51382	when I hear such things my heart aches
e51383	the things we have never heard
e51384	according to what I have read and heard
e51385	what he said was very pleasant to hear
e51386	when I informed U Ko Lay by phone
e51387	toward the graveyard where the many loved ones lie
e51388	beginning with the drum, the gong, the mithun horn, the small gong, the gawsem and strings
e51389	almost day and night, so to say
e51390	from that time my heart became very light
e51391	what we call a tual is any flat piece of ground
e51392	because I am one who lives in the lowland
e51393	the SAC can no longer come from the plains to reinforce
e51394	they went about with light hearts
e51395	they may take this word lightly
e51396	that we might think lightly of telling lies
e51397	we shall fight on the hills and on the plains too
e51398	as Chin State we lost all our good plain land
e51399	from there, after we had crossed some flat fields
e51400	they just said so, but when I explained it well
e51401	it may well just be something like that
e51402	not to spit betel and tobacco juice about
e51403	some may dislike it
e51404	greatly dislikes lies and deceit
e51405	they greatly dislike teaching with anger and harsh words
e51406	they do not dislike the word
e51407	criticism that is given is not resented
e51408	to suffer hardship to such an extent will be very hard
e51409	they are ones who run fast on earth to a point beyond belief
e51410	they will go and distribute medicines
e51411	those illnesses can be treated with medicines
e51412	is there any medicine to fight COVID-19
e51413	they go and hand out the medicines
e51414	it is the handing out of medicines
e51415	it was divided into the Sihzang country and the Zahau country
e51416	is of the Zahau chiefs
e51417	only then will the length of the prison term be known
e51418	when the amount of its price is reckoned
e51419	the amount of rest that our body needs
e51420	nothing to such an extent has ever happened in Tedim
e51421	he was so eager that he could not stay still
e51422	they can go wrong to a frightening degree
e51423	so glad that they could not keep still
e51424	just as he was among the first to be educated
e51425	likewise those who die from using drugs are no longer few
e51426	inasmuch as we are human beings
e51427	inasmuch as Tedim is the chief town of the Zomi
e51428	because it was hurt to the point of dying
e51429	there were wise and rich people, enough for the leaders to respect them
e51430	you may be put to shame
e51431	he is never put to shame in front of his friends
e51432	was shamefully exposed naked
e51433	will simply become as educated as the Americans
e51434	not as easy as the work of God
e51435	this is not a wish to talk about sexual matters
e51436	if you would only cover my private parts for me
e51437	who kept pornographic videos on his phone
e51438	pornographic videos, films and talk unfit for their age
e51439	excessive, disgusting and extreme sexual behaviour
e51440	India, sexual violence
e51441	the amount of rain that falls in a year, within 24 hours
e51442	being practically the same as hell
e51443	disfigured her face to the point of being frightening
e51444	far richer than the amount of money his father had
e51445	praise beyond what is needed will bring us harm
e51446	more is bought in China than the amount of KFC bought in the US
e51447	I believe it could be sold for much more than the present amount
e51448	developed people know how to respect others
e51449	to respect mother and father
e51450	let us first of all respect the servants of God and our leaders
e51451	it is an honorable way of thinking and an important way of living
e51452	a respected country and people in the world
e51453	first I wish to pay you my respect
e51454	he gained the respect and praise of people
e51455	I gladly give my respect
e51456	respect your mother and your father
e51457	he respects his mother and father very much
e51458	his children respect him
e51459	they will respect my son
e51460	you shall respect my sanctuary
e51461	there was a judge who did not respect people
e51462	honor the king
e51463	honor your father and mother
e51464	honor the Lord with your firstfruits
e51465	you did not choose to fear the Lord
e51466	the man who fears the Lord will be blessed in this way
e51467	those who walk uprightly fear the Lord
e51468	let all the earth revere the Lord
e51469	the cities of the nations will revere you
e51470	you shall revere him
e51471	they held a solemn presenting of arms and salute
e51472	in New York, as an honour and a tribute
e51473	how happy a family is
e51474	how much his mother kept hoping and waiting for him
e51475	if a wife scolds her husband without respect
e51476	because we do not respect or fear God
e51477	as a sign of respect
e51478	with great respect
e51479	I beg you with great respect
e51480	they have learning, but they have no respect
e51481	let us be good at giving respect to one another
e51482	that makes one receive the respect of people and of children
e51483	the fear of the Lord prolongs life
e51484	continue always in the fear of the Lord
e51485	the fear of the Lord is the beginning of wisdom
e51486	out of reverence for Christ
e51487	she did reverence to the king
e51488	in reverence for you, facing your holy temple
e51489	to be greeted with respect in the marketplace
e51490	they mocked me without a trace of respect
e51491	there will be no respect of persons
e51492	the humble receive honour
e51493	because of the honour you give to God
e51494	from the ZAM office we respectfully inform you
e51495	with love and great respect we invite you
e51496	they respect our privacy
e51497	that this should be respected and used
e51498	the need to obey one's elders and to know how to respect
e51499	important people, famous people and those whom people respect
e51500	the way respected ladies are addressed
e51501	may he repay you many times over
e51502	I will stop here with this much for now
e51503	I will stop with this much for now
e51504	the cost will be made equal to the amount of the CPP cost
e51505	the way of writing the number of times
e51506	they will take our picture
e51507	at that moment one of them filmed a video, it is said
e51508	it is heard that they climbed onto the pagoda and took photos
e51509	filmed a video with a mobile phone and posted it on Facebook
e51510	one can take a photo and report it to the authorities
e51511	when I went to film video at the scene
e51512	those who saw it nearby recorded a video
e51513	some motorists recorded a video
e51514	even if he says let us take a photo together
e51515	taking a selfie together with the sick
e51516	it seems they died because of taking a selfie
e51517	from this X-ray imaging the tiny pixels can be captured clearly
e51518	the man filming the video kept on chasing
e51519	then he too filmed a video at once
e51520	an X-ray was also taken at once
e51521	a baby's eyes cannot bear the taking of a photo with flash
e51522	the one who filmed the video said
e51523	leaving Facebook Live recording
e51524	secretly left a small one recording, it is said
e51525	they took a CT scan of the whole abdominal area
e51526	they each took photo after photo
e51527	her husband at once had an ultrasound taken
e51528	while trying to take a selfie beside the Ferris wheel
e51529	the two of them were trying to take a selfie photo
e51530	secretly taking video and photos without their permission is dangerous
e51531	a hidden video camera of this kind
e51532	he was sentenced to prison for the secret filming of video
e51533	not wanting photos and videos to be taken secretly
e51534	saying clearly that photos may not be taken
e51535	even the one filming could not film it well
e51536	the singers sang songs and everyone was greatly encouraged
e51537	we keep singing songs
e51538	within a land area of only 2.5 acres
e51539	its area will be about 3,000 acres or more
e51540	if we make it cover broadly it can indeed be made to cover
e51541	one who loves the people broadly, with wisdom and knowledge
e51542	they kept smoking heroin together under the mosquito net
e51543	on the night when the mother and father did not smoke heroin
e51544	some exchange it for opium and heroin
e51545	there are very many people who use heroin
e51546	if any more news is heard, it will be updated again
e51547	nothing more has been heard of any trouble arising, it is said
e51548	it was further reported today that 2 people were arrested
e51549	if more is heard of this matter we will add it
e51550	if the matter is heard more clearly we will update again
e51551	nothing further has yet been heard of any dead or injured
e51552	when we hear of other people's good fortune we can become uneasy
e51553	when we hear from afar of the progress of Tedim town
e51554	it was the first time I heard it with my own ears
e51555	it was the first time I heard you tell of the hardship and I am very glad
e51556	if we readily take offence there will never be maturity
e51557	things and words that you dislike may also be said
e51558	this kind of behaviour is very deplorable
e51559	it can be offensive and it can be enraging
e51560	in all of 5 towns in Rakhine State
e51561	in that area too there are Rakhine people
e51562	Rakhine and Indians do not intermarry
e51563	the Burmans and the Rakhine and others suffer much in that respect
e51564	he has promoted us up to being
e51565	there was a doctor who very much wanted promotion
e51566	he kept receiving advancement and promotion
e51567	beginning with promotion in your work
e51568	because they had heard the news beforehand
e51569	because we had heard the news in advance on the way
e51570	tobacco smoke can very much cause illness
e51571	babies can hardly bear the smell of your smoking and tobacco smoke
e51572	if we are not there, we can lose our position
e51573	if General Khin Nyunt had not fallen from office
e51574	if I hear it I will be very sad
e51575	when we hear the sound of shouting
e51576	let me tell you something I have heard
e51577	among all the songs I have heard in my life
e51578	I found the speakers very pleasant to hear
e51579	because what the interpreter said was even more pleasant to hear
e51580	it is always found very pleasant to hear
e51581	it is a story that husbands very much like to hear
e51582	he enjoyed hearing the Bible stories and was very interested
e51583	Abraham, Isaac, Jacob, Joseph and the like
e51584	in James chapter 2
e51585	we have the duty to report it to the office
e51586	they are to inform the Little Tikes Company
e51587	as far as there is anything fitting to make known to the public
e51588	they issued a notice to the people
e51589	they gave the public a warning, saying be careful
e51590	twenty minutes after being informed they arrived at the scene
e51591	within four minutes of being informed
e51592	the cry of the crow is the most unpleasant to hear
e51593	it is made so that those who cannot hear well can hear
e51594	so that we may see and hear
e51595	they kept waving the torches in their hands to and fro
e51596	a video clip of rats scurrying about
e51597	because God himself chose him to succeed Saul
e51598	to take over his office
e51599	when that man hears a word
e51600	Zalen news published that
e51601	so it is heard from Zalen Info
e51602	the store of a senior army officer too
e51603	a senior person on the scientific side happened to see it
e51604	wishing it were your dream
e51605	have heard nothing about this matter
e51606	though he kept shouting, he did not hear, it is said
e51607	it lasted until about the 14th century
e51608	it was at a time a century ago
e51609	in the 21st century
e51610	the road from Tedim as far as Zalui is very good
e51611	to have the Zalui water pumped up by machine
e51612	I ran swiftly over logs and stones
e51613	it will rapidly run out
e51614	sped swiftly through the traffic light
e51615	he beats the gong
e51616	everything that can be sounded, from drum and gong on, is sounded
e51617	must without fail have a ZAM card
e51618	must hold the Zomi association ZAM card and a UN card
e51619	ZAM News PDF file
e51620	the form can be collected at the ZAM office
e51621	come to the ZAM office
e51622	the time the trouble happened was a little after midnight
e51623	that night, though, one could not sleep
e51624	we travelled by train for a whole night
e51625	three parts: morning, evening, night
e51626	that very night Belshazzar king of Babylon was killed
e51627	for forty days and forty nights
e51628	night after night they reveal knowledge
e51629	at the time of dreams in the night
e51630	urges people not to use betel and tobacco
e51631	even at night I cannot sleep, he said
e51632	at night a camp fire was held
e51633	at night the lights can be lit
e51634	at night they make them sleep like that
e51635	at night they let him sleep at their feet
e51636	the front of that bus was completely crushed
e51637	the car the woman drove was completely crushed
e51638	at about 11 pm on the night of Christmas Eve
e51639	on the evening of Christmas Eve
e51640	all of them would dare to be chased with slings
e51641	I believe they would chase him with a sword
e51642	if we look by way of a party conference held recently
e51643	recently the new NewPipe 0.23.1 was released
e51644	the companies, using those same ideas
e51645	if you use your authority and oppress those under you
e51646	James Black, using yellow ink
e51647	about 15,000 people use it regularly
e51648	it can go on being used by paying
e51649	they went on a holiday trip to spend a pleasant time in Morocco, it is said
e51650	if there is no one to use the tools
e51651	in which place to use the word
e51652	they are said to have gone to spend a holiday
e51653	they had all arrived together to spend a pleasant time
e51654	I have never heard that word
e51655	I have heard the names of those so called
e51656	we have heard it called Indian colony
e51657	COCOMI is an organisation of the Meitei of the plains
e51658	the lie of the land turning into plain
e51659	in Tibet they use the word Mi
e51660	they used it even in the names of persons
e51661	you spend all the money you have
e51662	among those found to use that drug
e51663	for them to know the word of God using the language of other peoples
e51664	eating, drinking and using
e51665	they share one church building
e51666	you will be able to spend a happy time together with others
e51667	there are also those who do not use the sharing of rice beer
e51668	without using it for the people
e51669	we are to be people who use wisdom well
e51670	if you use your words well you can get many good friends
e51671	though I could have lived by it had I been able to use it
e51672	because we are able to use the power of God today
e51673	they spent the night on the highway
e51674	they stayed overnight in Panset village
e51675	the Zangiat speech and the Khualsim speech are quite different
e51676	while using that road it will also be a link with Burma
e51677	a woman wearing high heels while using a phone
e51678	do not use much medicine and tobacco
e51679	the tattoo artist used by mistake a syringe needle that should not be used
e51680	ended up using a doctor's memo that was not genuine
e51681	they also had a plan to spend the school holiday happily together
e51682	everyone who uses a computer should be sure to install anti-virus
e51683	let us also learn the good customs of the USA and put them to use
e51684	he cannot put to use as much skill as he has
e51685	if the comma is used wrongly it can reverse the meaning
e51686	we must not misuse the skills God has given us
e51687	there are still many who misuse the various kinds of progress
e51688	because it is misused too much our society is spoiled
e51689	lives in Yangon
e51690	held it grandly at the TBC-Y church in Yangon
e51691	although they could not always stay together in Yangon
e51692	arrived at Kalaymyo by plane from Yangon
e51693	just when they were about to take Yangon, the capital of Burma
e51694	placed a Deputy Governor in Yangon and had him rule us
e51695	when it was founded in Yangon
e51696	God still uses it to this day
e51697	there are some who still use it to this day
e51698	if we use Unicode, what benefit will there be?
e51699	it is more pleasant if one uses the YouTube app itself
e51700	they no longer use UCL paper and
e51701	no longer using a key either
e51702	from Zangpitam they crossed over, following the Ngatan
e51703	it is said only biodegradable products will be allowed to be used
e51704	will let them use iflix free of charge
e51705	because of not being allowed to use the Internet
e51706	not letting them use the toilet inside the house
e51707	use it well for your own benefit
e51708	they made good use of it
e51709	we now use the internet all through smartphones
e51710	now use the time for yourself alone
e51711	there are some good flat places
e51712	you will be able to use me like an Uber driver
e51713	it is heard that one person can use it up to 10 times
e51714	it says they can use iflix free with nothing more to pay
e51715	it could not be used on any platform
e51716	the roads too could not be used
e51717	a ban saying those electronic devices may not be used in the plane
e51718	he said an iPhone once got to the point of being unusable for 80 years
e51719	WhatsApp can now be used free for life
e51720	from March 15 GrabCar can now be used
e51721	because the weight of the body on the waist is lighter
e51722	O Dimtui, O Zangtui
e51723	they used it on the highways of Thailand
e51724	they use whatever can make a sound
e51725	they do not use words like discouraged at all
e51726	using no safety equipment at all
e51727	it is our own time that we keep using
e51728	because those who use it have already been using it
e51729	they also kept on singing songs
e51730	with tears streaming, unable to speak
e51731	it is best if we can use it about twice a week
e51732	will the poor on the margins be able to use it
e51733	I spend the night time reading the Bible
e51734	Mungno came last night
e51735	my father was here yesterday
e51736	everything she will buy, on paper the evening before
e51737	on the road where he walked the evening before
e51738	it can be overturned within a day or a night
e51739	as a hurricane sweeps through in the night
e51740	those who roam about drunk at midnight and late at night
e51741	after one day and one night I acted in this way
e51742	placed in the mortuary, came back to life after one night
e51743	229 people have already been arrested overnight
e51744	overnight trees fell one after another
e51745	in the evening when the night was dark
e51746	when looking out under the dark of night
e51747	to call on the doctor right at midnight is not at all easy to dare
e51748	they planned a service to be held at midnight
e51749	his lamp does not go out until midnight and after
e51750	at midnight I rise
e51751	he taught until midnight
e51752	Samson lay until midnight
e51753	at midnight the Lord struck them down
e51754	the trouble happened around midnight on Wednesday
e51755	it happened last Monday around midnight at the Hospital de Clinicas
e51756	it had the accident around midnight on Monday
e51757	on Thursday night on Highway 271, which is near Talco Town
e51758	women should not choose night work at all
e51759	therefore, at night
e51760	on Monday night a house burned
e51761	it was on Saturday night that they were shot dead
e51762	in Leilum quarter too, that same night, a motorcycle
e51763	after the trouble happened that very Friday night
e51764	do more than yesterday
e51765	we exchanged fire from yesterday evening until this morning
e51766	this was the situation of the Zomi yesterday
e51767	Christ is unchanging yesterday, today and forever
e51768	the son of Jesse, whether yesterday or today
e51769	once it is past it is as yesterday
e51770	yesterday at the eleventh hour
e51771	they made them stay on the road two nights in a row
e51772	the school had already burned down completely last night
e51773	when the storm struck it last night
e51774	the night flower blooms only in the dark of night
e51775	give a mattress and a blanket that is light, not heavy
e51776	some of the blankets got soaking wet
e51777	though the blanket was not thick, we covered ourselves with a very warm one
e51778	I just keep crying every night, she said
e51779	every night the mouse kept raiding the house owners' leftover food
e51780	he alone spent the night
e51781	went away overnight to attend training
e51782	you work day and night
e51783	I want to rest together with my friends day and night
e51784	all night snow fell and rain also fell
e51785	all through the night, giving me no time to sleep
e51786	carols and the like are now being practised
e51787	the carol choir of the children
e51788	we just go and do the very things we should not do
e51789	it may just as well be the fault of the passengers
e51790	when I just went ahead and composed songs from around then
e51791	when he just went and scored a goal
e51792	their lawyers will be informed
e51793	Australia, Canada and Japan and the others have been informed
e51794	the parents of the students too have been informed, it is said
e51795	they will let those they select know
e51796	that the passengers will be informed
e51797	without informing the government authorities
e51798	reports promptly in the media, and ZCD does not report
e51799	CDM Siyin made an announcement telling them to flee
e51800	so an announcement was made once again
e51801	as for the government making an announcement
e51802	they at once told his friends to come and help
e51803	an ambulance was called at once
e51804	the police were informed at once
e51805	the MRT staff informed the police
e51806	let us pass it on to one another through comments
e51807	those who know it for certain, please let us know
e51808	it can also be reported at the police station
e51809	it is heard that it can also be reported by message
e51810	whenever there is anything suspected, it is reported each time
e51811	beside it roasted chilli and charcoal are put
e51812	eating hot chilli can prevent cold hands and feet in winter
e51813	the dish is one egg and chilli
e51814	people in their thousands and hundreds have passed away
e51815	more beautiful than the many maidens
e51816	the injured alone are said to number in the hundreds
e51817	hundreds of people being gathered
e51818	you are a light of peace and hope among the many people
e51819	among the many people, the children of men
e51820	he swallows the pill whole
e51821	one pill will not suit every illness
e51822	take the medicine and the pills that the doctors give
e51823	if you do not take pills when you are ill
e51824	take the liquid medicine and the pills the doctors give
e51825	the place where you keep the pills you will take for a long time
e51826	it will go a long way for you and will grow
e51827	the money that is received is used to good effect
e51828	the way of using earphones calls for care
e51829	if how it is to be used is also clear
e51830	the meaning can still be understood from the way it is used
e51831	children are to be taught how to use money
e51832	let us discuss a little how to use the media
e51833	we will tell three ways of using it
e51834	rather than keep using it
e51835	one word should not be used all the time
e51836	but I do not find it easy to use all the time
e51837	I have enough money to spend
e51838	four boats were bought for use in this project
e51839	trains for use in Myanmar
e51840	it is good for the public to use
e51841	they all agreed to use that language
e51842	let us keep from smoking and drinking
e51843	cigarettes, besides being bad for those who smoke them
e51844	a country with the most cigarettes in the world
e51845	smoking does not go with health at all
e51846	they were busy smoking
e51847	no more money will be spent on buying tobacco
e51848	they now plan to forbid smoking
e51849	went inside and began to smoke
e51850	we all know that smoking is not good for the lungs
e51851	more and more illness is also caught from smoking, it is said
e51852	for one who is already a smoker
e51853	smokers find the smell of tobacco smoke very pleasant
e51854	he himself too was a smoker
e51855	in religion it is very much worth using
e51856	I find it well worth learning and using
e51857	young people today no longer find it worth using at all
e51858	if we happen to misuse the presence of God
e51859	because of the misuse of differences in custom
e51860	all these are its misuse
e51861	it is because we do not examine our spending
e51862	they are all on the side of spending money
e51863	liability is the spending of it
e51864	using little energy
e51865	after they have used him they put him back in prison
e51866	after Samsung Pay has come into use in Malaysia
e51867	a custom that can be shared needs to be made
e51868	it is important that we know how to use it together
e51869	there are many things that should not be used in common
e51870	as for the using of these letters together
e51871	there are also many places where both are used
e51872	they do not give permission to use tablet computers either
e51873	because permission to use motorcycles is simply given
e51874	it can be washed clean and used again
e51875	so that it can be used again in accord with the will of God
e51876	that everyone can use alike
e51877	only an aeroplane has to be used
e51878	it is now necessary to use thought
e51879	there is no need to actually use the alcohol offered
e51880	without needing to use petrol, diesel and the like
e51881	if you take away something he is using
e51882	the car the agent was using was also seized
e51883	if you use the words and things others have said
e51884	when tested for whether drugs were used or not
e51885	having no set word that tells woman and man apart
e51886	it is best of all not to use it before going to bed and while eating
e51887	always keep unused buckets and cups turned upside down
e51888	I intend not to use it much
e51889	the government announces that 8 kinds of cosmetic products are not to be used
e51890	urges not to use betel and tobacco
e51891	if we use it where it should not be used it can be quite bad
e51892	because of using far more than is needed
e51893	although I do not use it very much
e51894	before we use the word Khuadopawi
e51895	before using the toilet one has to take tissue paper first at the front
e51896	not to pay the highway usage fee, the toll charge
e51897	he gave his young donkey without asking a fee for its use
e51898	God has not even one whom he cannot use
e51899	that way of giving a promise is no longer to be used
e51900	they are trying hard to have this kind of game used no more
e51901	wanting to spend more than one earns
e51902	it will be because you do not understand how God wants to use you
e51903	people find only credit and debit cards more pleasant to use
e51904	many people like to use it
e51905	at the hospital he rubs on medicine
e51906	medicine is got at the hospital
e51907	as in Tedim Hospital, Falam Hospital
e51908	there being no such thing as dying in hospital
e51909	they took him quickly to the hospital
e51910	the 5 wounded were also taken to hospital
e51911	there are now two who have recovered and left Tedim hospital
e51912	the 284 people lying ill in hospital
e51913	seven among the 29 people in hospital
e51914	because he was injured he was taken to hospital
e51915	the 5 injured were also taken to hospital
e51916	they were injured and taken to hospital, it is said
e51917	that a hospital of 20 beds could stand in Haka
e51918	in Chin State hospital beds have been increased very much
e51919	many workers were hurt and ended up in hospital
e51920	five people who drank the coffee land in hospital
e51921	in the hospital the admitted patients alone were 200 people in all
e51922	it is said there are 2 very seriously ill people in hospital
e51923	12 hospitalised patients in the Congo
e51924	in 2019 there were 1,123 hospitals in Myanmar
e51925	there are still 3 male patients in Tedim hospital
e51926	the hospital has to arrange it
e51927	because of this fire in the hospital
e51928	disguised as doctors they shot up the inside of the hospital
e51929	they are carried out to the nearest hospitals
e51930	working as a senior doctor in the government hospitals
e51931	I wish you to learn it and use it at once
e51932	these things are ones that can be used right away
e51933	there is no church money either that could be used for now
e51934	the car he used was a white Perodua Viva
e51935	using a phone calls for great care
e51936	using a motorcycle has especially many dangers
e51937	within the family one should keep using our own language with them
e51938	no one can spend the days of our youth for us
e51939	they also used Zo and Burmese with us
e51940	the mouth and nose masks we have used
e51941	let us go on governing in the way they practised
e51942	the words that people have used
e51943	and you, how do you intend to use it
e51944	it is said they intend to use it as a technology hub
e51945	Russia now plans to use the multi-role jet fighter MiG-35
e51946	now planning to use town buses without a driver
e51947	strive to use the new technologies well
e51948	make good use of happy time with your wife and children
e51949	let us too try to use it well in this same way
e51950	according to how well we use the time of our youth
e51951	the skilful use of knowledge is placed highest
e51952	as if to go on using it until the world ends
e51953	we should rather strive so that we can keep using them
e51954	so that we can become useful to God
e51955	there are also very many people who are of no use at all
e51956	that can be used in place of a taxi
e51957	to be the one in use for writing in the Tedim area
e51958	there will be much gratitude and it will be much used
e51959	it will not be used at all
e51960	let us remember that it matters that we can use them for the good of many
e51961	he was trained to be able to use only his feet
e51962	they improved it so that the internet can be used
e51963	there are many places where it can be used
e51964	so that we can use the day pleasantly
e51965	being able to use it is not a matter of being clever
e51966	there is no more need to use articles in addition
e51967	when they speak the words they use are clear
e51968	the one they use now
e51969	it is heard that the person was taken to hospital and treated
e51970	kept in hospital and given treatment, it is said
e51971	he was taken at once to hospital for treatment
e51972	all of them were taken to Melaka Hospital for treatment
e51973	when you go to be vaccinated
e51974	with an injection some recover at once
e51975	getting an injection is the wish that our illness be healed
e51976	between 6 and 12 months after being vaccinated
e51977	anyone going to Africa must be vaccinated, and
e51978	the phase three vaccine trial injections were held at 89 places
e51979	a little can be drawn out with a syringe and examined
e51980	they will go and hand out medicines
e51981	400 kinds of trees are used for medicines
e51982	is being treated with medicines, it is said
e51983	is one who once attended school there studying medicine
e51984	according to those with medical expertise, this cat
e51985	medical workers such as medical personnel and pharmacists will be placed
e51986	medical experts, such cases
e51987	because of the needle of an unqualified doctor
e51988	whether or not that teacher injected with a needle
e51989	to buy medicine at a pharmacy
e51990	it is said she showed herself to the pharmacists of the pharmacy
e51991	for medical doctors to cure a serious illness
e51992	not long after the paramedics arrived
e51993	medicines such as morphine and codeine are made from the plant
e51994	frequent use of laxative medicines
e51995	in Puchong, Malaysia, a man who uses drugs
e51996	he would smoke the cigarette butts that had been thrown away
e51997	from that clean-up, cigarette butts
e51998	all the social media you keep using
e51999	brain and skill are to be used again and again
e52000	without using water carelessly
e52001	it has been in use for only about 2 months
e52002	at least about 100 lakh in money will have to be spent
e52003	when more than a hundred years have been completed
e52004	over a hundred journalists or so wanting to go in
e52005	these epidemic diseases will simply end when their time is up
e52006	it is an epidemic disease that can be prevented by personal effort
e52007	some even exchange it for opium and heroin
e52008	in some villages even pastors now get a share of the opium
e52009	young people now use hard drugs very much
e52010	the grown men have all died of opium and heroin
e52011	those who crave pills, powders and intoxicants
e52012	the cleaning powders and liquids used in the bathroom
e52013	setting teeth by fixing in a screw
e52014	the Khuangsuan mountain is higher
e52015	I stay more in Kawlpi
e52016	newborn babies are fewer than in earlier generations
e52017	you yourself will also be more confident
e52018	understanding is to be desired rather than silver
e52019	he was humbler than all the people on earth
e52020	you are worth more than many sparrows
e52021	I long for the Lord more
e52022	I consider the dead more fortunate
e52023	there is more hope for fools
e52024	wisdom makes one person stronger
e52025	the pay of those good at speaking rises all the faster
e52026	but rather it could not succeed at all
e52027	comparing is in fact no encouragement at all
e52028	encouraging those who failed is even more important
e52029	you too are even more worthy of praise
e52030	if we look at Korea it is clearer still
e52031	there are also those who cannot recover and are paralysed
e52032	his strength was gone and he was carried in limp
e52033	he always understands faster than others
e52034	it is always rather at odds with God's idea
e52035	the weather is said to be turning rather for the better now
e52036	now he is somewhat better
e52037	the fire has now eased somewhat
e52038	the brands will probably be more trustworthy
e52039	in former days bodily strength was used more
e52040	even if gas leaks it will be less dangerous
e52041	our country will be better able to be set right
e52042	there would rather be no trouble
e52043	for the Myanmar font they use two kinds, Zawgyi and Unicode
e52044	what we use is the Zawgyi font
e52045	it is also not something one can afford to buy
e52046	so that the enemies cannot come in
e52047	after those are finished
e52048	it is now 58 years since we married
e52049	after that, the cooking for us
e52050	after feeding it he sends it home
e52051	after that in various other countries
e52052	after he finished school, to Korea
e52053	it is only five years since he arrived in the US
e52054	sixteen years after composing this song
e52055	it is over 3000 years since they settled in Jerusalem
e52056	in order to be able to bear hardships, strength of mind is needed
e52057	efforts are still being made so that it can come on roads in other places too
e52058	laughter is much needed so that it can pump the blood properly
e52059	train yourself so that you can live in keeping with the will of God
e52060	let us make ready beforehand so as to be able to get a Zomi State
e52061	said that they will strive to be able to bring it down
e52062	so that we can reach their level, striving now
e52063	let us each strive so that we can have skilled doctors
e52064	one is to give as much as one can give
e52065	seek all the knowledge you can get from every place
e52066	he had been a follower of John the Baptist
e52067	Gospel of John, Tedim language, 1923
e52068	John the Baptist also
e52069	after I had worked two years with him
e52070	even after we say we have managed to kill it
e52071	after that the teacher, to the students
e52072	after we have deceived many people, that lie becomes truth
e52073	after finishing we stayed the night at once
e52074	it is not something we humans can know fully
e52075	much that should and could be done is not done
e52076	what matters is that you can hold on firmly
e52077	there are more of them, about a hundred years of them
e52078	rather, the name was changed and it is called Kam Hau Road
e52079	even if we cannot love
e52080	if our knowledge cannot reach it
e52081	if the NLD does not win
e52082	if you overcome your mind, you are one who overcomes the world
e52083	if the body wins, it recovers at once
e52084	no elder who governs is able to include everyone
e52085	it starts an inability to love another one
e52086	great thanks beyond words to all who gave help
e52087	we declare thanks beyond words to the churches
e52088	there is no reason for not being able to get a state
e52089	because of the inability to manage well
e52090	there is nowhere a virus is unable to enter
e52091	the one who heals those whom all the other priests could not heal
e52092	God cannot bless those who are not able either
e52093	we shall each work together so as to be able to have a church
e52094	to be able to do it a request should be made to the government
e52095	being able to endure is victory
e52096	the cat caught a mouse
e52097	the cat chases the mouse
e52098	a cat burying its dung
e52099	a cat having kittens
e52100	when there is such a thing people no longer dare to keep a cat
e52101	this cat was given the name Bettie Bee
e52102	because they are very quick, like a cat
e52103	do not try to finish everything
e52104	one should try hard to finish a PhD while in the prime of life
e52105	try to finish one small topic within 7 minutes
e52106	it will be completed on 27 May 2021
e52107	it is planned so that it can be completed within next year
e52108	they carried her off by force on a motorcycle
e52109	after that, still not being satisfied
e52110	send it to me as soon as the address has been changed
e52111	to be married to a husband by force in China
e52112	trouble arises from trying to make teachers dance by force
e52113	in Malaysia foreigners are bullied and looked down on
e52114	I was always badly bullied
e52115	this work cannot be done by force
e52116	it does not go forward by force as in the time of military rule
e52117	it does not proceed by force as in the time of army rule
e52118	it is not a time of favouritism and force as under the military government
e52119	after we had talked for a while
e52120	after they had brought the beer pot
e52121	from various places with as much as they could do
e52122	as much as you can do, as many as possible
e52123	giving is a good path of blessing
e52124	like one who does not keep to the path
e52125	leaving the old path and the old house
e52126	is closely bound up with the use of time
e52127	in keeping with this custom
e52128	there may still be changes following the events to come
e52129	we are more interested in the action, and
e52130	I believe it is rather because we are not yet mature
e52131	it would likely be even more severe than that
e52132	you will simply vote for whichever party you prefer
e52133	he lets us choose whichever we prefer
e52134	a zawl is one of our own age, one we get on with
e52135	the sworn friend and the nuphal are partners
e52136	friend, I do not run as fast as you
e52137	he is simply his dearly loved friend
e52138	in every village they had a sworn friend
e52139	only in grade 8 and already getting love letters
e52140	I have put in my love letter
e52141	he is not so much wicked as rather cowardly
e52142	if you had rather not stolen it you would prosper more
e52143	all my songs are love songs
e52144	a very good love song
e52145	singing love songs and Zo songs together
e52146	courting time
e52147	a woman who tried to get into her ex-boyfriend's house from the corridor was caught
e52148	which company one works in not being the more important thing
e52149	do you not feel more fortunate than they
e52150	not moving toward the better
e52151	on his wife and children, his friend and the like
e52152	whether the friend of the bridegroom or his brother
e52153	the love of sworn friends is such that one throws away his life
e52154	a mithun fits through the gaps in the talk of lovers
e52155	they had not yet spoken of love
e52156	it is said he liked the housemaid and meant to speak of love to her
e52157	is the mountain of our village higher
e52158	is the fruit the sweeter one
e52159	the seal of the Roman rulers was set upon it
e52160	the Roman emperor died in Asia Minor
e52161	not just once, she even enticed him many times
e52162	what is more, there was no acquaintance at all
e52163	do they in fact have less brain than the animals
e52164	he in fact managed to pull it farther than his target
e52165	instead the real matters can no longer be spoken of
e52166	even the dogs are weak with hunger
e52167	they were worn out, drained of strength and exhausted, it is said
e52168	because they were worn out and very weak
e52169	because his strength was very weak
e52170	I invite you with great love
e52171	with love I invite you to celebrate together
e52172	we invite you to pray together
e52173	with goodwill we invite you
e52174	we earnestly urge you to hand it back
e52175	we earnestly invite each and every one
e52176	Pauta will be poor
e52177	because my father is very poor
e52178	it does not separate rich country and poor country
e52179	it is the poorest region in Burma
e52180	if you keep on sleeping you will become poor
e52181	she is generous to the poor
e52182	those who love pleasure become poor
e52183	he was greatly in need
e52184	drunkards and gluttons will come to be in need
e52185	because they are very needy and hungry
e52186	what the monkey ate, the langur pays for
e52187	the big male monkeys
e52188	the monkey will choose the banana first
e52189	go and see whether the monkeys are eating the crop in our field
e52190	if the mind is not healthy we are weak all the same
e52191	her other colleagues carried her out
e52192	that ape had reached the age of 62
e52193	an ape has died
e52194	many tree beans now grow in Zogam
e52195	only tree bean seeds will thrive
e52196	to say it looks like a monkey would be very foolish
e52197	a girl living together with monkeys found in India
e52198	the monkeys got angry and chased them away instead
e52199	I became the poorer one
e52200	your neighbouring villages that are poorer than your village
e52201	the rich are the ones more impoverished by it
e52202	people suffered loss, were impoverished and died through it
e52203	doing it poorly in keeping with poverty cannot be called custom
e52204	your road to success will at once become wider
e52205	those who know of them also become more at once
e52206	in the photo the taller one
e52207	the air is clean and the weather tends to be always cold
e52208	it seems they are rather crowded together in Mandalay itself
e52209	there can rather be loss for us too
e52210	that envy rather wears us ourselves out
e52211	if not yet given food he is even hungrier
e52212	so that the ability to work may be still better
e52213	those infected one by one are now more than the number of dead
e52214	teaching has become more important
e52215	the roads turn out to be worse
e52216	Joseph too dreamed that he would become king, yet
e52217	such as Abraham, Isaac, Jacob and Joseph
e52218	if you were the judge, whom would you rather side with
e52219	whether it would be better not to speak of it too much
e52220	they are all the more trustworthy in any important matter too
e52221	for those who will buy it is much cheaper too
e52222	those who have never had trouble can be more considerate
e52223	we can grow further and further apart
e52224	able to speak either one well
e52225	it is simply one or the other
e52226	longing for the children to grow up they are rather happy still
e52227	with that thought we will rather be watched closely
e52228	who has actually bewitched us
e52229	my heart really seemed to fly
e52230	one should say it is really a matter of the US
e52231	to the ZBCM head office, which served as host
e52232	in 2013 the ZBCM gave a certificate of honour
e52233	they are the ZCA
e52234	the 9 executive committee members of ZCA USA, as below
e52235	let the ZCD too take that as an example
e52236	the people love the ZCD very much
e52237	I believe the ZCD will still make us follow
e52238	we send along the picture of what is hoped for in the ZCDC project
e52239	this ZCDC project is to be a long-term project
e52240	there are very many books at the ZCLS office in Kalay
e52241	it can be had at the ZCLS office in Kalay and at Canedy pharmacy in Tedim
e52242	his wife is from New Zealand
e52243	how fortunate it is for Zechariah
e52244	how money is used and how it is managed matters more
e52245	she is good at managing what she has
e52246	it is the fathers who are to manage the money
e52247	concerning the way of managing time
e52248	how to manage money and the need to save
e52249	group after group they came to visit again and again
e52250	armed conflict was met time and again
e52251	among the Zomi too it is talked about everywhere
e52252	unable truly to agree, they remain in disarray
e52253	even though they are very thin and slender
e52254	will lead into the wilderness of temptation
e52255	it is not only to avoid temptation
e52256	during that time of restriction
e52257	because it was right in the time of Lent
e52258	rules for keeping quarantine so that it does not spread
e52259	through faith in Jesus Christ one becomes a new person
e52260	what we call a Christian means a follower of Jesus Christ
e52261	one needs to be very skilled in spending and keeping money
e52262	what we will use and spend in the future
e52263	we need to think about how we spend it
e52264	before we are too late
e52265	we have told you so that you will not be late
e52266	you are too late
e52267	we may be late
e52268	if we are too late
e52269	even now we are already too late
e52270	I do not delay to obey your commands
e52271	if we had not delayed
e52272	my salvation will not be delayed
e52273	how long will you delay
e52274	it will not be too late any more
e52275	he will come and will not be late
e52276	you shall not be late in giving the overflow
e52277	not being slow toward the one who hates him
e52278	God is not slow in his promise
e52279	do not be slow to go
e52280	their way of managing money is more adequate
e52281	it is only to be spent in the Rohingya camps
e52282	the Malaysian government spent as much as RM4 million in aid, it is said
e52283	they readily spent about 2 trillion dollars
e52284	if we do not spend wisely it makes saving money hard for us
e52285	it will be important to use and spend skilfully
e52286	do not spit it all about
e52287	into the teacher's house where only books lay spread about
e52288	since deaths from despair now occur now and then in our land too
e52289	there can be times when we are now and then pricked with a needle
e52290	sheep and cattle are more numerous than the people of New Zealand
e52291	the matter of the killing of this man spread all over the whole world
e52292	is it important to go and be seen by the dentist regularly
e52293	we will in turn be called unwise
e52294	there is great fear that it will happen like that again
e52295	it is held as usual on Saturday October 2nd
e52296	he kept writing it up in the Gloucester Journal
e52297	the start of every trouble turns out to be alcohol again and again
e52298	all kinds of strange things keep being heard
e52299	I will just go to where I usually shelter
e52300	I am also thankful that you keep remembering me in prayer
e52301	if those who used to discuss things with me no longer speak to me
e52302	those who often look at a computer
e52303	as for clothing, wearing a gleaming white robe
e52304	its trunk is smooth and sleek and can grow very tall
e52305	rest again and again
e52306	I travel often
e52307	do so again and again every day
e52308	to do exercise often
e52309	they repeatedly rebelled against him in the wilderness
e52310	he repeatedly held back his anger
e52311	though we repeatedly tried to visit again
e52312	you will have to rescue him again and again
e52313	my servants the prophets whom I sent again and again
e52314	as they go in again and again with the blood of animals
e52315	because they often went to that place
e52316	though the Pharisees fast often
e52317	they often fast and pray
e52318	it is important to record it well and check it regularly
e52319	it is important to keep remembering this
e52320	he is one who regularly taught such things as how to guard against it
e52321	he is one who regularly talked with his mother by phone and kept in touch
e52322	the peacock is very finely adorned
e52323	the words that further modify the past, and
e52324	how hard it must be
e52325	what things will happen, I wonder
e52326	they pursued them, even hunting them down
e52327	how very joyful it would be
e52328	even though he died, because of him
e52329	even though being a woman, for her mother and father
e52330	if by chance you lose heart
e52331	if by chance you lose that phone of yours
e52332	if anyone happens to have kept some, let nobody eat it
e52333	if there should be any, rice is to be shared out as fast as possible
e52334	there is no bad matter at all in the ZCD
e52335	it is by no means something all the learned among us can do
e52336	it is not at all that they will come and walk around idly
e52337	with no pity at all, when he whipped he whipped hard, it is said
e52338	the aunt is said to have beaten hard with a stick
e52339	it is said to have lashed his body with its tail
e52340	beating with a rod, whipping with a rope
e52341	they greatly adorn the Zo land
e52342	they adorned its head with a garland
e52343	a place where the temperature can drop right down to zero
e52344	laugh now and then
e52345	unrest inside the country occurs from time to time
e52346	from then on meeting each other now and then
e52347	there is not even any need to keep asking and searching
e52348	it is not even that much
e52349	in Zhejiang Province
e52350	such a thing has never happened in Zhejiang
e52351	it happened last week in Zhongshan City, China
e52352	the Zhou dynasty that ruled until 525 BC
e52353	they write Chou as Zhou or Zou
e52354	he has taken a wife
e52355	what a husband calls his wife
e52356	he lives with his wife and his children
e52357	my wife, though, was not pleased at all
e52358	let us prepare beforehand to be wife and husband
e52359	he clings to his wife and they become one flesh
e52360	remember Lot’s wife
e52361	his wife Elizabeth became pregnant
e52362	he took another wife named Keturah
e52363	he took a Levite woman as his wife
e52364	the sungh sabawl is one of the uncles of our wife, or else
e52365	it is the very character of those who have God's favour
e52366	in the ways of old they sought the priestly office again
e52367	it is not the kind of conduct of those who will progress
e52368	how to train children
e52369	how we are to live after a hundred years
e52370	announcement of how to help and support one another
e52371	the announcements in the West kept going out steadily
e52372	its festival days came to be held one after another
e52373	the stage blazing fiercely
e52374	dust and bits of earth came pouring down
e52375	the young women and men dancing on and on
e52376	the towns of Mindat too were bombed again and again
e52377	the various Zomi traditional dances will also be danced one after another
e52378	leaving house and field, the villagers are fleeing the war one after another
e52379	on a main road where very many cars constantly rush by
e52380	at a shopping centre that is always crowded with people
e52381	with tears flowing freely he gave thanks to God
e52382	it is a place where blood flowed freely
e52383	on a main road where many people go about on foot
e52384	the car was already blazing fiercely
e52385	they have already begun dismantling and demolishing in earnest
e52386	the time when we are those who give out freely
e52387	the luggage too was scattered all about
e52388	even while sweat is pouring
e52389	his car was all covered with flowers
e52390	they went flying through the sky
e52391	because of that, the more famous in the world
e52392	these are for no other reason, though there are many other matters
e52393	it is the reason for knowing things only in part
e52394	but it is already too late
e52395	following a matter from behind means being late
e52396	the lazy man is late
e52397	but it was already too late
e52398	when he reached the hospital it was already about 3 hours late
e52399	trains delayed because a train derailed
e52400	were not allowed to fly at their time and were held up, it is reported
e52401	it will be delayed about 8 to 10 months
e52402	the planes that are to take off will be delayed a good while
e52403	it is said it will be delayed 8 days in all
e52404	in not even 30 seconds the baby was born
e52405	they arrived in not even 10 minutes
e52406	there is no such thing as too late for marrying
e52407	because the rescue operations were too slow
e52408	though I gave a warning, because it was already too late
e52409	as it was too late the hand could not be joined again
e52410	it could go on without the least trouble or delay
e52411	we apologise for the delay
e52412	some other trains were delayed
e52413	a great many flights were delayed
e52414	because a couple were fighting, the plane was delayed
e52415	it can take them about five months
e52416	it is said it can take about ten hours
e52417	it was delayed by about four hours
e52418	it was much later than the original schedule
e52419	it was about one hour later than its landing time
e52420	it is said to be about 10 minutes later than usual
e52421	because of that, the Myanmar government being disgraced in the whole world
e52422	because of that influence, the effort for democracy in the country
e52423	the church still keeps those Bible scrolls to this day
e52424	it is worse than our smoking 10 sticks of tobacco
e52425	in the way the country is governed and in government affairs
e52426	it is the conduct of people
e52427	caught and rolled in the hand of a small child
e52428	the one cigarette we smoke right after eating
e52429	in Singapore an escalator buckled
e52430	doors and windows were also buckled, it is said
e52431	the way Moses led was a leading that was not easy at all
e52432	how dangerous it is has always been said
e52433	a use for it elsewhere simply turns up
e52434	one simply says it is the effort of Bo Aung San
e52435	one just has to install one
e52436	do not cling to money that will simply vanish
e52437	just staying as if one had no mouth can also be better
e52438	overnight all those things simply changed
e52439	at once simply becomes law
e52440	so that it can be used easily and readily
e52441	it is readily said that its medicine has been found
e52442	simply took them off one after another
e52443	it was simply all saying so
e52444	they simply sent home the soldiers they had called
e52445	is it having been able to love, or just believing?
e52446	by his simply saying so
e52447	because of their merely speaking
e52448	can be overturned all at once within a day or a night
e52449	can be ruined all at once in a short time
e52450	he was a full member of ZIDCA
e52451	announcement of a death and condolence from ZIDCA
e52452	with the wife-to-be of his son
e52453	he took as wife Abishag, a beautiful young girl who was to be his wife
e52454	how a good wife is to live
e52455	where would one get such a good wife again
e52456	the hospital was crowded full with the sick
e52457	they waited in crowds in St Peter's Square
e52458	the flowers bloom all over and it is beautiful
e52459	we kept looking at the snow coming down all over
e52460	mall means market
e52461	when we come home from going to the market
e52462	can go to the market only between 3 and 5 in the evening
e52463	when his wife was two months pregnant
e52464	the relationship between wife and husband
e52465	it is its leaf or its shoot
e52466	after I had a wife and children
e52467	complete with wife and children
e52468	held a morning service and a training with them
e52469	every morning and evening
e52470	they served us the morning meal
e52471	took us there at about 7 in the morning
e52472	the next day, early in the morning
e52473	on the 14th at 6:10 in the morning I was able to land at KLIA2
e52474	those who die of Zika are few
e52475	in Singapore 38 more people have caught the Zika virus
e52476	everything round about was completely destroyed
e52477	as wife and husband
e52478	because they have no wife or husband
e52479	because she wants your hair to be smooth and flowing
e52480	speak drawn out through the nose like people of the west
e52481	countries like the USA and Singapore, and such as Zimbabwe and Myanmar
e52482	our brothers who receive guests for us in joy and sorrow
e52483	if you receive guests, receive them well
e52484	they received us as guests very well
e52485	in Falam they received the guests well
e52486	one may happen to receive even heavenly beings as guests
e52487	I am your guest, a sojourner with you
e52488	it is right for us to receive such people as guests
e52489	where is the guest room
e52490	when did we see you a stranger
e52491	to show kind hospitality to strangers
e52492	by faith he lived in the land as a stranger
e52493	they will be sojourners in a foreign land
e52494	a traveller arrived
e52495	a friend of mine has arrived as a traveller
e52496	he travelled around in various countries
e52497	he travelled around doing trade
e52498	a place where petrol and kerosene are stored
e52499	I asked the guest house manager for help
e52500	he had guest houses and rest houses built in the villages
e52501	if you want to stay overnight in Tedim and want a guest house
e52502	there is much magnesium, zinc, copper and iron
e52503	ZYA leaders to visit Australia
e52504	to visit Japan on government business
e52505	no one at all is advised to travel there
e52506	it is said he went to Malaysia to take a wife
e52507	because he wants to go back at once to marry
e52508	the groom-to-be and 13 other people die
e52509	this is how I got married
e52510	from when you rise in the morning until you lie down at night
e52511	from 8:00 in the morning of the 29th
e52512	the next morning I set out again to work
e52513	they stopped at Taingen village and ate breakfast
e52514	after eating breakfast and before going to bed at night
e52515	before he ate breakfast
e52516	they ate breakfast together
e52517	people with diabetes should eat a proper breakfast
e52518	today and tomorrow I will not be able to attend school
e52519	prepare today the road for tomorrow
e52520	tomorrow is your birthday, the day you turn 56
e52521	saying I will just pay tomorrow, I took the bicycle
e52522	throughout today and tomorrow
e52523	whether today or tomorrow
e52524	look, tomorrow is the New Moon
e52525	so that the swarms of flies may leave tomorrow
e52526	on the very next day after the Passover
e52527	early in the morning of the next day they got up
e52528	he stayed at home only one night and set off this morning
e52529	on the morning of April 26 the Khaikam youth
e52530	the dawn will break for us
e52531	when day broke, preparing the midday meal well
e52532	at daybreak he made a plan
e52533	as it was his duty he stayed by the fire until daybreak
e52534	was held today in the morning in the TBCY Meeting Room
e52535	working hours, those who go in the morning
e52536	in China too an earthquake struck and great trouble and damage came about
e52537	how an earthquake shows the wrath of God
e52538	when they invited me to be the chief guest who speaks
e52539	the chief guest of Zomi National Day 2018
e52540	he still makes tomorrow dawn so that we may try again
e52541	tomorrow will not wait for you to read
e52542	I read in the early morning
e52543	play will begin at 8 in the morning
e52544	try hard to get up early in the morning
e52545	it is morning, midday and at night on going to bed
e52546	in the morning the Lord, to me
e52547	evening passed and morning came
e52548	from morning until evening
e52549	early in the morning Abraham went
e52550	more than watchmen long for the morning
e52551	a man wrestled with him until daybreak
e52552	we rested until daybreak
e52553	at daybreak a bus overturned
e52554	therefore, as soon as day broke
e52555	it is said to have burned at about 6am in the morning
e52556	every morning when he goes to work
e52557	says he drinks only that every morning
e52558	those who want to look good should apply it every morning
e52559	in the morning my elder sibling came to my bed
e52560	in the morning we just heated it up
e52561	some food should be eaten early in the morning
e52562	although it was about 4am in the early morning
e52563	they arrived at this place towards early morning
e52564	this trouble began early on Sunday morning
e52565	it collapsed early on Thursday morning
e52566	the trouble happened at about 5am in the early morning
e52567	your friends will arrive tomorrow
e52568	tomorrow it will be really clear
e52569	they always drink water as soon as they get up in the morning
e52570	it is to be drunk in the morning on getting up
e52571	in the morning he went early straight to his office
e52572	rising early in the morning before people disturb them
e52573	those who go in the early morning are called the first shift
e52574	join with them and plan your affairs together
e52575	I will plan the affairs alike for all
e52576	he has travelled around various countries like these
e52577	travelling around the whole Tonzang area
e52578	will travel around 4 countries in Europe
e52579	it is heard that they will also tour Australia and the others
e52580	our brothers who receive guests for us are called zinkhak
e52581	settles matters together with the thallohpa, the zinkhak and the sungpi
e52582	he gave him the name Zinkhakpa
e52583	the Zinkhak receive all the good zungzui and rib-base cuts
e52584	they will travel on toward the city of Yogyakarta
e52585	they are believed to travel abroad to work
e52586	the great wish to travel out only to a foreign country
e52587	the first trip abroad
e52588	that he planned to travel out to Syria
e52589	they found out that he planned to travel out
e52590	having travelled to 48 countries of the world
e52591	last year a Chinese official already visited once
e52592	the earth quaked at about 8:50pm
e52593	the earth quaked severely in Mexico City
e52594	the earth quaked with a magnitude of 6.0
e52595	in 2008 a severe earthquake struck in Sichuan Province
e52596	in Taiwan too a strong earthquake struck last evening
e52597	because of this earthquake there is no need to fear a tsunami
e52598	the earthquake near the city of Marrakesh
e52599	this earthquake was of magnitude 8.1
e52600	the ZND committee and the guests of honour sang the Zo anthem
e52601	the opening words, and the chief guest Professor Dr
e52602	to be chief guest at this year's annual Khuado festival
e52603	when the prayer of the chief guest was finished
e52604	next, the one who is chief guest of Zomi National Day
e52605	visiting pastors also need to know how to respect the pastors who keep the church
e52606	the family of Pa Sian Lian, hosts of the Khitui gospel team in Tedim
e52607	after he went abroad and left us
e52608	the General Secretary travelled far away and left us
e52609	tomorrow early in the morning they will go out again
e52610	he had gone home before we woke up in the morning
e52611	his hosts were his maternal uncle's family
e52612	they spoke with his hosts by phone
e52613	they travelled up towards Tonzang by helicopter
e52614	whoever travels down or up
e52615	at a hotel in Japan
e52616	it happened on Wednesday at the hotel called Hotel Boss
e52617	that they lodged in the house of Rahab the prostitute
e52618	a Chinese woman who was staying in it as a guest
e52619	where to lodge
e52620	the guests were a Korean married couple
e52621	as for me, with so many guests
e52622	the ZIOK Khuado festival of 2023 ended happily
e52623	the good management of the ZIOK leaders and those serving as stewards
e52624	pulling down the zip of his trousers
e52625	opening the zip of his trousers
e52626	he is said to have 2 chief wives and one lesser wife
e52627	in Singapore there is ZIS, and so on
e52628	the memorial for Lia Lun Deih Cing will be held at ZIS
e52629	I was able to go and take part with my wife
e52630	every time he quarrelled with his wife
e52631	the tip of the spear is very sharply pointed
e52632	concerning the reception of new members into the ZIUSA Genvai
e52633	how a wife is sought and married nowadays
e52634	he also already has two wives
e52635	the death of the ZNC and the birth of the ZCD
e52636	he is one who worked for the victory of the ZNC
e52637	may ZRA, ZNCM and the Zomi Council take up their part
e52638	also the women of ZNTV who took the trouble over it
e52639	ZNTV raised the money
e52640	will they be able to live without using these
e52641	they managed to push the enemy back as far as the Suez Canal
e52642	the history of the kingdom of King Zo
e52643	in the time of the Zo kingdom
e52644	the account of how Zo National Day came about
e52645	the writing can no longer be read
e52646	they can no longer come to help in the fighting
e52647	still cannot take the lead
e52648	even so it cannot reach the river that has water
e52649	NLD and UNA contested and won outright
e52650	light always drives out darkness and overcomes it
e52651	he wore his Zodial round his neck
e52652	hanging one Zodial each on the leaders
e52653	I believe that great aeroplane was wrapped with a Zodial
e52654	how one will be able to get through hardship
e52655	it will be able to cover Tedim town completely
e52656	there will be none able to withstand us like a fence
e52657	may he enable them to build again
e52658	says I believe I would beat Trump
e52659	nowadays, all the hills of Zogam and
e52660	Zogam needs honest people
e52661	the trees too adorn the Zo homeland greatly
e52662	to work full time for the Zo homeland
e52663	it is the first book made in Zogam
e52664	from the year 1925 in all the primary schools of Zogam
e52665	when we lived in Zogam
e52666	the first ordained pastor in Zogam
e52667	the third great war has begun in Zogam
e52668	that too is something all of us in Zogam already know
e52669	in deciding matters for the whole of Zogam
e52670	those who live on the border of Burma and Zogam
e52671	now Zogam is waiting for us
e52672	Chin State is no longer readily counted as Zogam
e52673	long before 1900 there was a Zo customary way
e52674	the Zoheisa flowers too are disappearing
e52675	the bright red Zoheisa are very beautiful
e52676	one clean well has now been obtained
e52677	there are by now many who do not know the Zo language
e52678	has the NLD in one year been able to give what the people hoped for
e52679	Zohmun, at mile 57 from Kalaymyo
e52680	whenever it was the Zo programme on radio, from BBS
e52681	today at the Zo service of MMC, Malaysia
e52682	there are some words that I cannot say in Zokam
e52683	much that is not our Zokam keeps getting mixed in
e52684	you will not be able to get real joy
e52685	I could not hold back my tears
e52686	we will not be able to tell all of these
e52687	Zomi month names
e52688	between Zokhawthar and Melbuk village
e52689	if you want to go through to Kalay from the Tiau river place called Zokhawthar
e52690	many villages of Thaangkaai Zokual will be especially glad of it
e52691	in Zokual in the Tonzang area
e52692	there is probably no famous Zo song I have not listened to
e52693	I intend to go on making Zo songs
e52694	the showing of Zo dance and various Zo customs
e52695	singing the great Zo song, we gladly dance the Zo dance
e52696	in Zolai there are two kinds of letters
e52697	we will see the difference between Zolai and English
e52698	in our Zolai there is nothing to be much troubled about
e52699	can you still write Zolai
e52700	we do not love Zolai at all
e52701	the Zolai reader he made for us was the one studied
e52702	let us each take good care of our Zolai reader
e52703	a story once included in the Zolai reader for grade three
e52704	as for us, in Zolai
e52705	some Zolai words that change
e52706	during it Zo dancing and the singing of Zo songs were happily held
e52707	Zo dances, gongs and drums
e52708	the zo side will be good, such divination they also had
e52709	in Lamka town in Zogam a Zoland Territorial Council is being widely demanded
e52710	also from the side of PDF Zoland
e52711	the guests sang the Zo anthem and danced together
e52712	so that we keep safe our old great Zo songs and song words
e52713	they sang great Zo songs for us
e52714	the authorities slowly kept coaxing
e52715	though she kept persuading him not to eat it, she could not persuade him
e52716	the police and airport aviation security kept persuading
e52717	it is very good if manure can be given about twice a year
e52718	it is good if one manages to sleep about 8 hours
e52719	may our living God, Lord of the Zo land and the Zomi, heal us
e52720	the trees of Zogam too greatly adorn the Zo land
e52721	will manage to practise even staying up at night
e52722	they will manage their studies
e52723	if we can take responsibility, the village will be very clean
e52724	if we can each keep the front of our house clean
e52725	I believe it would be very good if it could be arranged with much money
e52726	by day Zolengthe rings out without fail
e52727	this Zolengthe clock tower, our town of Tedim
e52728	through these 3 Zomi young women we Zomi are very glad
e52729	the situation of the Zomi young women in Singapore
e52730	to the Zomi young women and young men
e52731	no one will be able to destroy or hinder us
e52732	without the consent of the military 25% the constitution cannot be changed
e52733	unable to bear it, they went away and left us
e52734	without being able to leave our own desires, one cannot follow Jesus
e52735	while unable to forgive the sins of others
e52736	without having managed the work to be done
e52737	those unable to finish their field were helped
e52738	among those who cannot it is those who can that are trusted
e52739	it is made so that those who cannot hear may hear
e52740	though she kept coaxing him not to eat it, she could not persuade him
e52741	it can be said they rather won most of the hill people over to their side
e52742	they kept coaxing him to go back in, but he would not
e52743	he keeps persuading them so that they may become interested
e52744	they kept urging us to go home
e52745	they are still carrying on that same work
e52746	the pastor carried on with his sermon
e52747	let us carry on with the U.S. news
e52748	because our own will overcomes the will of God
e52749	I am a Zomi
e52750	from this family the Zomi came
e52751	all the Zomi of the whole world
e52752	there is not even one loss from holding Zomi Idol
e52753	to the leaders of Zomi Innkuan in the England area
e52754	cheque payable to Zomi Innkuan USA, Inc.
e52755	they are all Zomi brethren
e52756	if all of us Zomi brethren stand together
e52757	the first Zomi National Conference
e52758	those who have given their contribution for Zomi National Day
e52759	should the land be called Zomia
e52760	the word Zomia is the designation of a region
e52761	with the wish that all Zomi may take care in good time
e52762	what all Zomi know is now only the Khuado festival
e52763	invitation to the all-Zomi Khuado festival in Yangon
e52764	they are a cause of pride for the whole Zomi nation
e52765	what language on Zomi National Day
e52766	for these three reasons Zomi National Day
e52767	at this year's Zomi National Day, from Myanmar
e52768	the government did not let February 20, Zomi National Day, be held as a National Day
e52769	O all my fellow Zomi whom I love
e52770	share it on so that your fellow Zomi can read it
e52771	I translate it in full into Zolai so that my fellow Zomi can read it
e52772	also for the Zomi of the new generation
e52773	for your own fellow Zomi who are in Zogam
e52774	the hill country is the dwelling place of the Zomi
e52775	we Zomi, with the people of Mongolia
e52776	the Zomi are people with a lasting custom by the guidance of God
e52777	why are we Zomi not united
e52778	the troubles of Myanmar and the Zomi
e52779	Cope was called Sangmangpa by the Zomi
e52780	how many festivals do we Zomi have
e52781	the Zomi have now worshipped God for over 100 years
e52782	ZOMKA Zogam news: 2 towns added in Chin State
e52783	her husband went on with what he was saying
e52784	they went on with their journey in great fear
e52785	managing to continue attending school
e52786	they can continue directly at Lancaster Bible College
e52787	it can be joined with other diseases
e52788	it is heard that they keep carrying on the work ahead
e52789	it has kept on continuing
e52790	ZOMUS will take the responsibility for the whole of Myanmar
e52791	ZoMWA has the aims and goals below
e52792	looking again at the past work of ZoMWA and what lies ahead
e52793	not yet being able to have it properly
e52794	the fire still cannot be put out completely
e52795	we still cannot match other peoples at all
e52796	has not yet been able to get free from the mind of a slave
e52797	not even one has yet been found again
e52798	in the long run it could no longer be kept up
e52799	in the end we will no longer be able to carry it
e52800	it crashed because it could no longer be controlled
e52801	the parents no longer being able to hold them back
e52802	keep looking for other friends as well
e52803	they strove to find more money and buy that motorcycle
e52804	what we seek and how we seek it are not the same
e52805	how a young person looks for a friend
e52806	it is necessary to look for a new leader who can do the work
e52807	it is the time to have and to seek higher learning
e52808	that is called widening the comfort zone we feel at ease in
e52809	ZoNet became the meeting place of the Zomi
e52810	if we post those conversations on ZoNet
e52811	many weapons were also taken
e52812	that hilltop is also called Mual Veng
e52813	he is also the first USA citizen to become Pope
e52814	the soldiers also came
e52815	they also invited his disciples to the wedding
e52816	take your brother also and set out
e52817	it may be the last hope
e52818	it may be that he too simply gave you one
e52819	it may be that it was not written in the news
e52820	in the town too there is still some shooting
e52821	in various places abroad too
e52822	in the north of Shan State too there is shooting again and again
e52823	going out into the forest to look for daily food
e52824	to seek a more pleasant life, the land of birth
e52825	it is said he probably set out to look for his mother
e52826	he at once went into the house to look for the bride
e52827	he left home to look for animal feed
e52828	they are rather Zo custom, lasting customs that God has given us
e52829	they will study the Zo customs and love them more and more
e52830	let us make known Zo writing, Zo speech, Zo song and Zo custom
e52831	his children are also healthier
e52832	his strength too is getting less and less
e52833	it is not the choice of the people either
e52834	it is also for health and for life
e52835	it can also be a three-legged one
e52836	the Penang police K9 unit at once searched hard for the killer
e52837	although the police at once searched hard
e52838	but he was not hurt very badly
e52839	even if the TV is shown in front of you, do not watch for now
e52840	yet there are still things for us to learn from
e52841	although you use much soap
e52842	although he suffered death, he lives by the power of God
e52843	although the wicked man grows great and reaches up to heaven
e52844	but now what you are due to receive
e52845	but he overthrows those who speak lies
e52846	but the sons of Korah did not die
e52847	yet all his life
e52848	yet when she runs
e52849	yet they are the very wisest
e52850	even if I die now it no longer matters
e52851	even if someone rises again from death
e52852	even if he lives two thousand years
e52853	or an orphan, you shall not mistreat them
e52854	the police searched all around the area near the hotel
e52855	she lives by searching around for food on the street
e52856	they searched everywhere for a way to travel to London
e52857	the police tracked him down at once
e52858	the campus officers quickly searched him out
e52859	even if you just stay idle every day you will still get bored
e52860	and not wanting to learn, that too is only a wish for a name
e52861	the train too is not just any train
e52862	his two daughters too are not at all grown up
e52863	Uttar Pradesh State too is among the poorest states in India
e52864	thinking things over is a very good thing to make a habit of
e52865	he does not want his children to get used to it
e52866	it is very important that we can have it as a habit
e52867	wisdom is a thing that can well be sought
e52868	only some people able to earn money, in Haka
e52869	because she thought her husband could not earn money
e52870	some well trusted peer can be taken by the custom of seeking kin
e52871	they were very worried and at once began to search
e52872	we should seek out a person like him
e52873	we must look for a new road from Tedim to Kalaymyo
e52874	we must seek education to some level at least
e52875	with the excuse of schooling and of seeking education
e52876	in order to find something to eat
e52877	the money they have earned
e52878	the things other scholars have found out
e52879	it is heard that the police are searching for him
e52880	they are being searched for right now
e52881	they are still searching for some people they suspect
e52882	the SWAT team are still searching for those gunmen
e52883	it is said dogs trained to find bombs were first made to search
e52884	the bomb squad, expert at finding bombs
e52885	a service for finding free toilets by phone
e52886	when she no longer had a way to earn money with her body
e52887	from Yangon, Upna Laigil, Zonu Tongluan, GBC Periodicals
e52888	Zonu Tongluan magazine, RM10
e52889	also in the villages of Kawlpi, Zonuamzang and Tuikhingzang
e52890	it only means one now knows how to seek knowledge
e52891	we discussed how to go to the children's homes and look for them
e52892	he visited the zoo with his two children and his wife
e52893	being taken into the zoo
e52894	in the evening they met with us through Zoom
e52895	all of you join in on Zoom
e52896	they managed to put the fire out in a short time
e52897	the fire was put out at once
e52898	only at 6am did they manage to put the fire out completely
e52899	the Tedim roads can at last be travelled
e52900	it was at last able to stand again as a country
e52901	the words of our Zolai and our Zopau
e52902	for our Zo language, in Zolai
e52903	we speak Zo
e52904	you all speak Zo
e52905	anyone who is skilled in the Zo language
e52906	in the Zo language, seven kinds of tone
e52907	must by all means be able to speak the Zo language
e52908	the Zo language is only one kind of language
e52909	is very good at Zo and also at Burmese
e52910	we are the churches who should love our Zo language and writing
e52911	telling various news in the Zo language and writing
e52912	seems to be one from the Zophei side in Chin State
e52913	among the Zotung and Zophei too
e52914	let us each pray that the camp meeting may soon be resumed
e52915	many blood vessels, arteries and veins, must be rejoined one after another
e52916	we are to continue it further
e52917	it at once opened relations with foreign countries
e52918	contact with the common people must not be cut off
e52919	a cable to connect my phone to the computer
e52920	we each fall asleep with our phones left plugged in to charge
e52921	fell asleep on it while it was plugged in to charge
e52922	it is used so that one can still join on without using them
e52923	I also think it important to carry it on
e52924	so that fellowship with God can continue
e52925	both sides agreed to carry on this truce
e52926	the matter of opening a border market will be carried forward
e52927	let us each wear our Zo dress in full
e52928	as for me, I joined the protest wearing Zo dress
e52929	brethren wearing Zo dress will welcome you in front of the hotel
e52930	our Zomi cloths too are sold in here
e52931	from our Zomi cloths to the things we use
e52932	they keep on saying Zoram
e52933	was taken at once to Zoram Medical College
e52934	the Mizoram government had peace mediation done through ZORO
e52935	in the press statement that ZORO made
e52936	because they have all completed military training
e52937	those who had passed class ten, in the year 1993
e52938	also the way Burmese and Zomi restaurants work and cook
e52939	for owners of Burmese and Zomi restaurants and independent contractors
e52940	it makes us more and more able to rely on God
e52941	the grace of the Lord who enables us to go out daily
e52942	in the end they managed to put the fire out completely
e52943	the fire was successfully put out, and
e52944	the Zosiam team numbers 21 people
e52945	the work of Zosiam is always open to all Zomi
e52946	in all it could be completed within 9 hours
e52947	until now it has not yet been possible to complete it
e52948	I wish rather to speak of the Zo descendants who live in Burma
e52949	the Zomi, the Zo descendants, bearing a mature mind
e52950	may the Lord help each of the Zo people
e52951	may the Lord God whom we Zo people worship lead us
e52952	though they invited him to go on a picnic he did not go along
e52953	if people are needed they must be invited
e52954	when you ask her to go along with him
e52955	upon the young Zomi women and young Zomi men
e52956	the young Zomi men are very worried
e52957	a more mature young Zomi man
e52958	contest of Zomi young women and young men of all Australia
e52959	many thanks to the young women and young men who helped us
e52960	those who can afford even horses have them sent along
e52961	on our side the war is fought with Zo guns only
e52962	what we can make is only air guns and Zo guns
e52963	we are overpowered, we are greatly held down
e52964	they easily overpower others
e52965	can fight it off easily
e52966	they were able to finish it well
e52967	Zothang probably came to be called Zotlang
e52968	appeal and notice to work together for Zomi National Day
e52969	appeal for Zomi National Day
e52970	at the hospitals and clinics of Tedim and Kalay
e52971	among the people who go to hospital in Myanmar
e52972	it is also called Laipian script, the native Zo script
e52973	in future the native Zo script must be known
e52974	it is also called Laipian script, Zotual script
e52975	in future the Zotual script must be known
e52976	those around cannot destroy them even so
e52977	they never manage to oppress them even so
e52978	small Bible portions were also made in the Zotung and Ngawn languages
e52979	in the Hakha and Matupi areas Zotung, Zophei, Zokhua
e52980	it reaches from the Lailam stream to the Zou quarter
e52981	I planted zozam in my yard
e52982	Zozang Village Association RM100
e52983	ZYA Zozang and the village elders
e52984	drink beer and Zo liquor
e52985	the ZRA girls served as much Zo liquor as wanted
e52986	it was decided to hold the Zozum Khuado
e52987	we called the Chin Affairs Council Zozum
e52988	this time I find the way the ZRA works weak
e52989	the ZRO too was founded in 1993 in Kachin State
e52990	at the seminar the motto for ZSK was discussed at length
e52991	volunteers are wanted to serve as representatives in ZSM
e52992	the ZSM books can now be collected too
e52993	if we want to speak of them we must say Tun and Zua
e52994	it is said that they released a groundless report
e52995	it is said that they spoke out without ground
e52996	explosive growth of the population
e52997	the rain pours down
e52998	joking with each other we laughed on and on
e52999	the birds fly past in flocks, in a stream
e53000	the shopkeeper sold the eggs
e53001	he says there are two bags to sell
e53002	a person who wants to sell goods
e53003	they sold him into Egypt
e53004	she sells them to the merchants
e53005	when he sells his daughter as a slave
e53006	they did not sell their land
e53007	let us sell him to the Ishmaelites
e53008	he also had some video discs for sale
e53009	the skins too can be made ready for sale
e53010	bird flu found where chickens for sale are raised
e53011	after he went out from home to sell durian fruit
e53012	in the morning they had already set out about 6am to sell nasi lemak
e53013	because of the export of rice abroad
e53014	the distribution or the sale of water
e53015	after buying various diamonds they resell them inside the country
e53016	after 2 years they sold Motorola again
e53017	they secretly carried some forbidden goods to resell on Bali Island
e53018	a Singapore Airlines worker was arrested for carrying gold for resale
e53019	the state government ordered that dog meat not be sold
e53020	they cannot avoid selling shares
e53021	the Dawei town authorities, that chicken meat and eggs not be sold
e53022	sanctions against selling aircraft spare parts
e53023	robbers broke into a gem shop in Penang
e53024	the whole town is nothing but stone shops
e53025	inside that shoe shop
e53026	this porridge stall, from 10am in the morning
e53027	the perfume shops all together
e53028	in Tedim places for selling fuel were allotted
e53029	an order was given not to sell that rice any more
e53030	when the dog meat festival is held many thousands of dogs are killed
e53031	the dog meat festival begins once again in China
e53032	please sell these goods of mine for me
e53033	sold it to us for three kyats
e53034	they look closely into where they meant to sell
e53035	the rule that it may no longer be sold in town
e53036	they went on selling it towards the western countries
e53037	if we keep hawking the failings of our family
e53038	I was very much at home at U Heavy Thang's place
e53039	it no longer comes around to the house of those who hit it
e53040	all who use the Burmese language fluently
e53041	they read the Bible and the like readily
e53042	while we are going on towards heaven
e53043	those who went down heading for Mualbem village
e53044	it was to fly from Beijing bound for Xiamen
e53045	the planes bound for Macau City also
e53046	they meant to go toward Marawi City
e53047	about 40 Myanmar nationals travelling bound for Malaysia
e53048	he was about to return from Hainan Island heading for home
e53049	they were about to go on a mission trip bound for Africa
e53050	my heart longed very much
e53051	whatever happens, while the heart still longs
e53052	should not head home already angry
e53053	they did not head for the passenger seats
e53054	I went straight on to the hospital
e53055	not being able to go straight on to Los Angeles
e53056	Jacob too now headed for his father's house
e53057	those from the India side now keep heading for Israel
e53058	that we keep heading toward where the sun sets
e53059	if mother and father quarrel, the home will never be happy
e53060	your beloved father and the many you love and long for
e53061	for the Chin State refugees to prepare to head home
e53062	the time to head for Dawbon came round again
e53063	if it heads north, the north will be good
e53064	when he went to his friends
e53065	taking him toward the court
e53066	it will lead us toward decline rather than progress
e53067	take them along to God
e53068	departed to be with the Lord
e53069	has departed to the eternal place
e53070	that is a real lie
e53071	it is not a lie
e53072	those who cannot make up a lie are now called fools
e53073	the deceiving power of Satan
e53074	a cheat, a thief, and besides that
e53075	the Lord Jesus called liars children of the devil
e53076	if he hates a brother, he is a liar
e53077	but that news was fake news
e53078	the false report that all ATMs would be shut for 3 days
e53079	various stone figures that look like beer pots can also be seen
e53080	when they have set the beer pot at the place where they will drink
e53081	in olden times the Jews
e53082	wanting to kill the Jews and to rule the world
e53083	drinking is far worse than smoking
e53084	husband and wife drinking together
e53085	while working, while drinking
e53086	they went to a party last night and kept drinking
e53087	among the police too there are still those who drink
e53088	I went out to drink with my friends, he said
e53089	they fought while drinking together
e53090	because drinking alcohol warms the body
e53091	then who is there that glorifies God by drinking?
e53092	when the baby cried they at once put fermented mash in its mouth
e53093	a portion of very tasty fermented mash
e53094	a mouthful of liquor from the liquor cup
e53095	each received a cup of liquor and a portion of meat, and benefits according to position
e53096	in other villages one bottle of rice liquor is 1000 kyats
e53097	because the price of heroin is lower than the price of liquor
e53098	the ways of sharing beer and meat not being alike at all
e53099	the way of sharing beer and meat differs for joy and for mourning
e53100	waiting for a budget allotted according to the time
e53101	the way the Holy Spirit works according to the age
e53102	it shall always follow
e53103	twelve people to follow after him
e53104	in these matters it is necessary to have a clear practice to follow
e53105	that the way of following and of practising will not be the same
e53106	he lays down a law to be followed
e53107	whatever they say is simply to be followed
e53108	there may still be other things to follow
e53109	it is a rule made for the US State Department to follow
e53110	it is the custom that regulations are made
e53111	just as there are rules for the public to follow
e53112	ten things worth following in life
e53113	it is worth noting and worth following
e53114	which way of the Spirit is better to follow
e53115	it is because the party rules must be followed
e53116	let us say one of the two must be followed
e53117	it is not always necessary to follow what a mentor tells us
e53118	rules on what to do and not to do, what to follow and not to follow
e53119	because of not following the rules properly
e53120	disobedience brings worry
e53121	nor do we try to follow them
e53122	if we follow the rules of the organisation well there is least trouble
e53123	I follow a road I do not know how to follow
e53124	police not wearing uniform kept following their track
e53125	one must keep following the track from behind
e53126	only when we work in accordance with that
e53127	the chiefs of Zogam, following the wish of the people
e53128	these keep coming about according to their time
e53129	the workers wanted to stop her and followed her about
e53130	a woman friend also followed along beside her
e53131	not many people followed the vehicle
e53132	some bus drivers especially do not keep the rules
e53133	it seems they keep the traffic rules less than other people do
e53134	though his friends asked him to go on a picnic he did not go along
e53135	as for those who do not follow, it does not matter
e53136	so as to catch those who break the school rules
e53137	he followed us all the way across to Ruili
e53138	also those who cannot follow yet
e53139	when he went out selling goods he would often follow along
e53140	they cannot keep up with their lessons in the Tedim schools
e53141	because she could not keep up well with her studies
e53142	generations to come will keep following your footsteps
e53143	he always keeps following you
e53144	if you keep following behind these travellers
e53145	at the youth house ground the women and men, with strained beer
e53146	although a drunk made trouble in this way
e53147	a grown man, not drunk at all, and yet he wept
e53148	that woman had a brother who was always drunk
e53149	they were ones given to getting drunk
e53150	came home drunk on Saturday evening about 9pm, it is said
e53151	let no one be drunk outside the SUK office
e53152	therefore do not misbehave while drunk
e53153	it seems they brawled while drunk
e53154	squirrels, deer, wild boar, various birds and various wild animals
e53155	in the forest hunting squirrels, hunting with traps, hunting birds
e53156	it can be called the real recklessness of the driver
e53157	the train driver is suspected of recklessness
e53158	do not behave in a slack and unreliable way
e53159	if you have faithfulness, without being lazy, slack or cheating
e53160	our mind becomes slack
e53161	because no rain falls and the land is parched
e53162	because clouds gathered but no rain fell
e53163	not one drop of rain fell
e53164	ZAM office hours, it is open every day from 9:00AM to 6:00PM
e53165	concerning the ZAM office hours
e53166	when we write an official letter
e53167	we took the world by force of arms
e53168	because the minority have weapons
e53169	at the ZAM head office every day throughout office hours
e53170	RHB insurance can be bought every day throughout office hours
e53171	at a place not too far from my office
e53172	in front of that office
e53173	so that ZYA can come to have an office and a hall
e53174	it is rather their wives who go to work
e53175	the woman would then go straight on to work, it is said
e53176	in Malaysia a holiday for the two days Thursday and Friday
e53177	if it is a holiday, a day off work
e53178	KBZ Bank opens an office in Bangkok
e53179	went at once to the office on April 14 at about 2pm in the afternoon
e53180	various branch offices are placed there too
e53181	a CNF branch office in Tedim town
e53182	there is a medicine that heals diabetes at no cost
e53183	let us resolve to declare it before the authorities and the public
e53184	there has never been anything like taking each other to court
e53185	body temperature is measured at the office door
e53186	there has never even been a taking of each other to court
e53187	before the authorities and the public
e53188	a way to bring this matter up to the authorities
e53189	there may be trouble from the authorities
e53190	from the office to the village leaders of Tungzang
e53191	to the higher offices
e53192	he raged without even knowing shame
e53193	behaving without any sign of shame was felt to be very strange
e53194	are the women teachers and the school office staff
e53195	is an office executive
e53196	a water pipe below the police station
e53197	he is very lazy about going to the office in the morning
e53198	announcement about signboards from the Tedim Municipal office
e53199	when one is called by phone from the UN office
e53200	the headquarters is to be Tedim
e53201	the State Police headquarters has indeed been captured
e53202	we should not be needlessly ashamed of our people
e53203	are you perhaps ashamed of her in public
e53204	but it is not ashamed of it at all
e53205	in the conference room that is inside the Malaysia UNHCR office
e53206	because the mother was being tried in the court office at that time
e53207	in line with the request of the Australian offices
e53208	with the permission of the ZYA offices
e53209	the offices of Israeli embassies and consulates
e53210	the information office announced it
e53211	the KNU office said that it was announced
e53212	that can be used in homes and offices
e53213	she works as a bailiff in the court office
e53214	in the courts of Myanmar cases cannot yet be judged justly
e53215	because the offices are closed
e53216	especially at the times of going to and leaving work
e53217	because it coincided exactly with the evening time of leaving work
e53218	in the evening after work, from the top floor
e53219	Lincoln greatly dreaded coming home after work
e53220	because of being busy with office work he cannot take part today
e53221	hospital and various office matters
e53222	they will repair it and tend it again
e53223	for all Zomi to tend Zogam
e53224	in what way do they build up their people
e53225	urine and faeces are never put on the dining table
e53226	if urine and faeces must be cleaned up, do not be disgusted
e53227	rest shelters and urinals, without foreign aid
e53228	how shall we improve our latrines and urinals
e53229	a ring for making the proposal
e53230	being firmly rooted and in good soil it grows strongly
e53231	it will make love of the nation take firm root
e53232	pull it out from its root
e53233	pull it up by its root
e53234	each of them gets zungzuui and all the entrails
e53235	one side of its zungzuui
e53236	let us repair, tend and develop the Tedim Road
e53237	eating much rice causes diabetes
e53238	does sugar cause diabetes
e53239	can reduce diabetes
e53240	the time when all poison and dirt is thrown out through the urinary tract
e53241	it can make the bladder and the urinary tract ill
e53242	he even urinated all over the lift buttons
e53243	they are not pleased at all because two men urinated there
e53244	passing urine is natural for a human being
e53245	those who have diabetes pass urine often and are always thirsty
e53246	one should not urinate while bathing in the evening
e53247	those two men who urinated
e53248	urinating while bathing
e53249	is there a place to urinate everywhere in India
e53250	this place is not a urinal
e53251	the ways urinary tract illnesses are treated
e53252	the householders get the zupatsa
e53253	Citilink Indonesia Airline delayed because of a drunk pilot
e53254	it is a day with many drunk and short of sleep
e53255	because she draws it off for the libation
e53256	when I went to Zurich in Switzerland
e53257	with high marks he was able to attend college in Zurich
e53258	after finishing work, the bar
e53259	I know everything that happened at that bar
e53260	the liquor shops were done away with and all the non-believers became Christians
e53261	when the couple saw those rats
e53262	because of those rats they cannot sleep at night
e53263	rub it gently and pray
e53264	wipe it off again with a clean cloth
e53265	holding a liquor bottle in one hand
e53266	some empty liquor bottles were also seen
e53267	because a girl had dyed her hair
e53268	she said she coloured her hair last Thursday
e53269	wiped it with cotton and a very little water
e53270	a wire cut through his neck and he died at once
e53271	how many have died from liquor made by Zomi themselves?
e53272	he keeps stroking his new car
e53273	do not keep looking at only your phone and swiping it
e53274	rubbing the skull with oil
e53275	if there is anyone selling liquor
e53276	anyone who is already drunk
e53277	not to keep company with those who smell of liquor
e53278	the Zomi Pauneu accompanied us and we went on up
e53279	there are various associations according to church
e53280	I too followed along at once
e53281	it simply followed that same division
e53282	tend the Zomi and restore them
e53283	your association is the one that keeps and tends it
e53284	they each maintain and keep it by reading it again and again
e53285	they will tend our people and govern us
e53286	it is the repairing and tending of the people
e53287	can we really handle freedom
e53288	rub his back
e53289	saying that it was smeared with pitch
e53290	because it rained heavily for many hours
e53291	rain pouring down only on top of it
e53292	we also drank alcohol together near the railway station
e53293	it is said she was not drunk either
e53294	a foreigner fell from the top of Mount Zwegabin
e53295	ZYA has already taken root in over 100 villages
e53296	ZYA will work hand in hand with the government workers
e53297	where is ZYA and what does it do
e53298	the ZYA, each from the town where we live
e53299	they think it is for the ZYA to do
e53300	among those who were wounded
e53301	it is the most severe one
e53302	will surely study to the end
e53303	the very beginning
e53304	the meaning
e53305	the second was Abijah
e53306	the one who kills a person shall be put to death
e53307	some will be the first
e53308	avoid every kind of evil
e53309	she did not get better
e53310	when they wrote it in writing
e53311	he created
e53312	all the people ate
e53313	Jesus went to the Mount of Olives
e53314	Moses spoke of their case before the Lord
e53315	his son Hammuel, his son Zakkur
e53316	when his son Isaac was born
e53317	their king and his officials
e53318	her children love her
e53319	her husband trusts her greatly
e53320	when her husband sits among the elders who judge
e53321	its wick trimmers and its trays
e53322	smoke comes out of its nostrils
e53323	its breath sets fire ablaze
e53324	their territory was Jezreel, Kesulloth, Shunem
e53325	their cattle increase
e53326	afterwards it became the cornerstone
e53327	afterwards the woman also died
e53328	they worship me in vain
e53329	the end has come
e53330	that pen is mine
e53331	we may wrongly think that only ours is right
e53332	all the gold belongs to me
e53333	I belong to my beloved
e53334	dominion belongs to the Lord
e53335	say that glory and strength are of the Lord
e53336	escape from death is of the Lord God
e53337	your life as only the length of that of ours
e53338	the water is ours
e53339	everything will be yours
e53340	I will cast lots for you
e53341	he had lots cast at Shiloh before the Lord
e53342	before the Lord I will cast the lot for you
e53343	at once the rooster crowed
e53344	the rooster will not crow today
e53345	tonight, before the rooster crows twice
e53346	at that very moment the rooster crowed
e53347	after he went out to the porch the cock crowed
e53348	today, before the cock crows
e53349	at once the cock crowed a second time
e53350	I am a jealous God
e53351	and I will no longer be jealous over you
e53352	the Holy Spirit is very jealous for us
e53353	I am very jealous for you
e53354	he whose name is Jealous
e53355	the Lord, whose name is Jealous
e53356	if the NLD comes to power
e53357	as he has rule and authority
e53358	I will give ruling authority over the nations
e53359	they give power and authority to the beast
e53360	having authority over his master's foolish son
e53361	they exercised authority over the whole region
e53362	they worshipped the dragon who gave him power
e53363	they receive power as kings for one hour
e53364	the king acts with the power he holds
e53365	leading people by force
e53366	many Jews also were made to eat pork by force
e53367	he took men to work by force
e53368	he was in charge of the forced laborers
e53369	made to grind grain by force like slaves
e53370	they put the Canaanites to work under compulsion
e53371	living among them they became laborers under compulsion
e53372	he was in charge of those made to work under compulsion
e53373	they sowed wheat and reaped thorns
e53374	he cut it off with a small knife
e53375	their inheritance, to the tribe they marry into
e53376	he told us all of this in turn
e53377	they are written below, one after another
e53378	I found things out one after another
e53379	go up this mountain of Abarim
e53380	if it is like what I heard
e53381	if it is not like what the leaders want
e53382	if our country is like it is now
e53383	so that they may become like one stick
e53384	Abba, Father
e53385	Abba, Father, you can do all things
e53386	from the first day to the last day
e53387	his mother was named Abi
e53388	Meshullam, Abijah, Mijamin
e53389	in the beginning the first founder of Tedim town
e53390	just as I said at the very beginning
e53391	starting from the beginning
e53392	from the beginning, these things to you
e53393	she was the daughter of Adaiah of Bozkath
e53394	for my mother, for my father
e53395	let us not yet speak of the others
e53396	with the usual working together of the other departments
e53397	the others one must pay for oneself
e53398	they are drunkenness and the like
e53399	only one was hurt and the others were unharmed
e53400	eating a little and keeping the rest for seed
e53401	the others were all men, five of them
e53402	they were not counted together with the others
e53403	the others suffer hardship
e53404	and I had not yet told the others
e53405	why do you worry about the rest
e53406	the rest seized his servants
e53407	the rest paid no heed to the call of God
e53408	all the others are girls
e53409	all the rest could still be used
e53410	the rest too will be given freedom one after another
e53411	all the rest will be taken captive
e53412	he found them better than all the others
e53413	the thirteenth day of the month of Adar
e53414	then Kedar, Adbeel, Mibsam
e53415	from the towns of Kerub, Addan and Immer
e53416	the sons of Bela: Addar, Gera, Abihud
e53417	it ran along Hezron up as far as Addar
e53418	Melki was the son of Addi
e53419	in the room of Gemariah son of Shaphan the secretary, in the upper court
e53420	this time especially it is a trip to the new village of Hai Mual
e53421	especially, people attend school and seek knowledge
e53422	most especially, it may be more so with women
e53423	especially to the family of believers
e53424	let us do so earnestly, particularly to the family of believers
e53425	if my belief is not right
e53426	I would like us first to search out the right and true story
e53427	only then is what is right and true known and understood
e53428	things that are right, pure and lovely
e53429	things that are noble, things that are just, things that are pure
e53430	if so, the world is for you
e53431	for Zomi who have no job there are always various kinds of work
e53432	to give out time for the family
e53433	he built a house for God
e53434	each took for himself
e53435	the Sabbath was made for people
e53436	to an unknown god
e53437	Jesus Christ came for me
e53438	being a witness is suffering for Christ
e53439	let us praise him while we can still work for him
e53440	it came for the sake of you
e53441	I will tell what he has done for me
e53442	the son of man you have made strong for yourself
e53443	at the place you assigned for them
e53444	O God who acted for the sake of us
e53445	your promise for the sake of those who fear you
e53446	always praying for you
e53447	has a plan for those
e53448	always be ready for the people who need you
e53449	there is no peace for the wicked
e53450	the Lord has done great things for us
e53451	I was eyes to the blind
e53452	you shall not take them for your sons
e53453	their daughters for your sons
e53454	from the descendants of Harim, Adna
e53455	he sent Adoram, who was in charge of the forced laborers
e53456	Adoraim, Lachish, Azekah
e53457	agate and amethyst
e53458	jacinth, agate and amethyst
e53459	the third was agate
e53460	the measuring of length, of weight and of quantity
e53461	in measuring weight and quantity
e53462	the sayings of Agur son of Jakeh
e53463	was no longer in India
e53464	there are 4 groups of SAC soldiers in Kyaukme town
e53465	where is he
e53466	I will stay at Ephesus
e53467	Mordecai was at the gate of the king
e53468	after Ahab died
e53469	the real cause of the fire is not yet clearly known
e53470	there may be many reasons
e53471	before you dislike someone, first ask the reason
e53472	no one can ask the reason
e53473	no one can ask the reason for what he does
e53474	King Xerxes, the land that he ruled
e53475	discrimination between the poor and the rich
e53476	the richest man in Burma
e53477	those who are richer than themselves
e53478	debtors, rich and poor, their lot
e53479	rich and poor, their lot will be the same
e53480	we set out from the Ahava river
e53481	the Lord spoke again to Ahaz
e53482	an animal that is blind, injured or maimed
e53483	the injured, the deformed, one with a running sore
e53484	these actions are CDM
e53485	that is the true worth of a human being
e53486	the one who united those 12 tribes is Moses
e53487	it is the word of God
e53488	the sting of death is sin
e53489	the son of Dan is Hushim
e53490	the Son of Man is Lord of the Sabbath
e53491	Ahi son of Abdiel son of Guni
e53492	this is Jesus of Nazareth
e53493	the Lord is our righteousness
e53494	what is it that you call Naingangyi
e53495	who is this
e53496	is it like this
e53497	Ahiah, Hanan, Anan
e53498	Where is the place where we shall stay?
e53499	who could live without water?
e53500	to this day I do not know who it was
e53501	who is this
e53502	because God helps, they will not win
e53503	even so, our mind about politics has not changed
e53504	when this had happened, the other sick people on the island
e53505	if that is so, who can be saved
e53506	since there is so much sexual immorality
e53507	that being so, Isaac stayed in Gerar
e53508	even so they will be saved
e53509	even so, even many of the rulers
e53510	however, one suitable for the man
e53511	however, whoever touches their carcasses will be unclean
e53512	however, let him praise God for bearing that name
e53513	but they are still hungry
e53514	still they could not be seen from outside
e53515	still you remain the same
e53516	yet their testimony did not agree
e53517	yet he will not remain victorious
e53518	yet no one dared to taste it
e53519	yet not as I will
e53520	nevertheless the Lord helped me
e53521	nevertheless, as surely as I live
e53522	nevertheless he has not let me die
e53523	nonetheless I will not take my love from him
e53524	nonetheless he chose the tribe of Judah, Mount Zion which he loved
e53525	therefore they turned aside to him
e53526	so they turned aside to him and entered his house
e53527	if they happen to be ones who do not believe the word of God
e53528	if it is your will
e53529	it is known at once that he is poor
e53530	let the wife realize that her work is holy
e53531	they knew that he was a soldier
e53532	they did not know that it was Jesus
e53533	the people recognized at once that it was Jesus
e53534	I did not know that he was the high priest
e53535	I saw that wisdom is better than folly
e53536	as for the car driver, he got away without any injury
e53537	as for their mother, she has no job
e53538	as for Australia, it has about 19%
e53539	as for going, I do not wish to
e53540	as for Tychicus, I have sent him to Ephesus
e53541	but Mary kept these things in her heart
e53542	but the wise walk rightly
e53543	but a person is tested by praise
e53544	to say whether it is true or not
e53545	although it is not what we wanted first
e53546	he came to know that it was not the reason and the source
e53547	although it is not the custom, to the king
e53548	whether it is so or not, I do not know
e53549	they made a statement that it is not genuine
e53550	the fact that it is not something to be thought of casually
e53551	their not being truly of our group became clear
e53552	your finding out that they are not apostles
e53553	know that this good land is not being given to you for that
e53554	knowing that he did not suffer in vain
e53555	today you have made clear that they are nothing to you
e53556	it is also plain that he loves the truth very much
e53557	that it is the foremost CDM can be seen in world history
e53558	he knew that Saul had indeed come
e53559	that laughter is madness
e53560	let them know that your hand has done it
e53561	know that these things will happen
e53562	on the soul of all those who do evil
e53563	God's judgment on those who do such things
e53564	as for those who do evil, the Lord turns his back on them
e53565	to punish the doers of evil conduct for their wrong
e53566	while you pass judgment on the doers of such things
e53567	those who sin will be judged according to the law
e53568	he taught Accounting at Pyongyang University
e53569	the teachers who taught the word of God
e53570	just as he taught them to pray
e53571	they teach with confidence
e53572	teaching things that ought not to be taught
e53573	Ahimaaz son of Zadok, to Joab
e53574	that place is also a place where live animals are sold
e53575	a crocodile was caught alive
e53576	one dead body and 9 living people
e53577	with all of us who are alive today
e53578	the ever living food of eternal life
e53579	to the one who is God alone
e53580	he who is Holy by name says this
e53581	to the One who is to be feared
e53582	even so, if firmness is needed
e53583	even so, though she is queen, one cannot go in to the king at will
e53584	nevertheless the foreign women led him
e53585	all those who are children of God, the things of the world
e53586	those who were heads in their clan
e53587	are those who are Jews inwardly
e53588	he took the ones that are of gold as gold
e53589	he took the ones that are of silver as silver
e53590	until it is no longer able to be a people
e53591	we bought back our fellow Jews as far as possible
e53592	Your life will become good
e53593	Our God is a good God
e53594	You too, each help us think of what would be better
e53595	always hold on to what is good
e53596	do what is good without growing tired
e53597	what is right and just, good and fitting
e53598	according to what we have done, good or bad
e53599	act rightly
e53600	hate the bad ones and hold fast to the good ones
e53601	the good ones cost about 50 thousand
e53602	compare with the new custom and take the good things
e53603	whether good ones for a bad one
e53604	being eager in mind for good deeds
e53605	so that they keep on doing good deeds
e53606	you will do even better than
e53607	one must still know the place and the time
e53608	where do the rich spend their time
e53609	let us each strive while there is still time
e53610	the time will come when I will tell you
e53611	as at the other times
e53612	an angel of the Lord came down from time to time
e53613	Father, the hour has come
e53614	the hour will come for you to leave me
e53615	make the most of the opportunity
e53616	so saying, they cast lots
e53617	bringing the goat on which the lot fell for
e53618	they cast lots for their gate
e53619	however people cast the lot
e53620	casting lots over those two goats
e53621	who practises divination or sorcery
e53622	nor shall you practise divination
e53623	he will use various kinds of divination
e53624	I will leave you no more who practise witchcraft
e53625	to lie in ambush between Bethel and Ai
e53626	they came to the town of Aiath
e53627	they may draw lots in the dividing of the land
e53628	the first lot fell to them
e53629	Geba, Mikmash, Aija, Bethel and its villages
e53630	for you to trample on evil snakes and scorpions
e53631	the seventh lot came out for the tribe of Dan
e53632	the fifth lot came out for the tribe of Asher
e53633	the lot came out for the Kohathite clans
e53634	they cast lots for their duties
e53635	they divided his clothes by casting lots
e53636	they shared out his clothes by casting lots
e53637	the elders of Midian left with the fee for divining
e53638	the land you are to inherit by the casting of lots
e53639	by lot from the land of the half-tribe of Manasseh
e53640	the land is to be divided by the casting of lots
e53641	none of you will get land by the casting of lots
e53642	they were chosen by the casting of lots to live in Jerusalem
e53643	we will go by lot to attack that town
e53644	they assigned them alike by lot
e53645	they received thirteen towns by lot
e53646	young people today, with no need of divination
e53647	rebellion is like the sin of divination
e53648	there is no divination against the Israelites
e53649	nor shall you practise divination
e53650	he summoned the wise men and those skilled in sorcery
e53651	those who practised sorcery also brought their books
e53652	who was a Jew practising sorcery
e53653	than all the magicians and those who knew secret arts
e53654	they will consult the mediums and those wise in secret arts
e53655	all the users of secret arts, magicians, enchanters and star readers
e53656	your prophets and your diviners
e53657	my people consult a piece of wood by divination
e53658	who could earn money for her owners by fortune-telling
e53659	it is a kind of divination for knowing the future beforehand
e53660	a kind of divination
e53661	they brought their books of divination
e53662	they practised spiritism and divination
e53663	practising divination and the foretelling of the future
e53664	divination that is of no use
e53665	the tribe of Benjamin was taken by the casting of lots
e53666	we will go to attack it by the casting of lots
e53667	they took their duties alike by the casting of lots
e53668	their inheritances were given by lot
e53669	in your spells and your sorceries
e53670	the idolatries and witchcraft of Jezebel are so many
e53671	you shall not let a sorceress live
e53672	the prophet, the diviner and the elder
e53673	also Balaam son of Beor, the soothsayer
e53674	they called the priests and the diviners
e53675	who makes fools of diviners
e53676	they listen to enchanters and diviners
e53677	he removed the mediums and spiritists from the land
e53678	he consulted mediums and spiritists
e53679	the mediums, the spiritists, the household gods that were there
e53680	the immoral, the sorcerers, the idolaters
e53681	a company is coming from the direction of the diviners' tree
e53682	do not listen to the diviners
e53683	some Jewish exorcists also
e53684	I am against the charms that you use
e53685	you make magic charms for them to tie on
e53686	the perfume bottles and the amulets that are worn
e53687	it is not a personal name
e53688	I have no personal time of my own
e53689	a doctor had a small private clinic
e53690	this writing is my own personal view
e53691	I have a vineyard of my own
e53692	they care only about their own affairs
e53693	he lived in his own house
e53694	many horses for his personal use
e53695	not giving him even a foot of land as his private property
e53696	every kind of raven
e53697	he released a raven
e53698	the raven pecking out his eye
e53699	the crow will call on the doorstep
e53700	the government pays interest to those who buy the bond
e53701	do not take interest or profit from him
e53702	it was Achar, who brought trouble on Israel
e53703	there is no one who is never wrong
e53704	the Mercedes Benz driver is in the wrong
e53705	we need to notice that there is something wrong
e53706	he is not willing to bear the name of being in the wrong
e53707	it has two kinds of meaning
e53708	if we knew the meaning of Breaking News
e53709	although the Falam people do not know its meaning
e53710	they will not understand the meaning
e53711	they know the true meaning of things
e53712	he went to Achish king of Gath
e53713	each loving their own city and taking pride in it
e53714	from Lisbon, the capital city of Portugal
e53715	they stopped building the city
e53716	5 people who drank coffee made with durian
e53717	it is a rule made to be followed
e53718	also make its stand, one made of bronze
e53719	in the north of India there is a small village called Kalimera
e53720	there was once a farmer called Moss
e53721	we who are called Christians
e53722	though there are many so-called gods on earth
e53723	the Lord detests the proud
e53724	we should hold weddings too in a fitting way
e53725	your requests too are fitting and proper requests
e53726	I will tell you of my conduct that was not proper at all
e53727	do everything in a fitting and orderly way
e53728	sacrifices fitting for God to accept
e53729	as is fitting for you to worship me
e53730	behaving properly before outsiders
e53731	the thing that is proper to know first of all
e53732	an offence deserving death
e53733	it is not reasonable to send him
e53734	for me there is nothing of worth in it
e53735	from then on they were under Japanese rule
e53736	from olden times until today
e53737	many weapons were obtained, beginning with big and small guns
e53738	being with me from the beginning
e53739	from the moment I entered the house
e53740	the fig tree withered from its roots
e53741	I have kept them since I was a boy
e53742	since the day we heard
e53743	my way of life since my childhood
e53744	all the prophets of God beginning with Samuel
e53745	beginning with Moses and all the prophets
e53746	from then until today
e53747	from after that it came to be used all over the world
e53748	from that hour the boy was healed
e53749	from that time on that disciple
e53750	from the Mediterranean Sea eastward beyond the Jordan
e53751	since the world began no one
e53752	since that thing came to be I am there
e53753	beginning with the second and the third
e53754	its very beginning was from the city of London in England
e53755	on the first day that YBS began
e53756	those associated with brokers are now being investigated
e53757	it is an organisation joined together in military matters
e53758	those associated with the IS militants meant to use them
e53759	with the joy that is joined with the Holy Spirit
e53760	our mind that goes with sin
e53761	those who were about to question Paul
e53762	just as he was getting ready to go
e53763	those counted in the census, from twenty years old
e53764	do everything fittingly and in an orderly way
e53765	to behave properly, in a way worthy of the gospel
e53766	Asher, those living in Akko
e53767	before the rooster crowed he denied Jesus three times
e53768	a hungry wild cat heard a rooster crow
e53769	in the Latin language it means rooster
e53770	a rooster that struts proudly
e53771	who taught the roosters that know of the rain
e53772	the hen is brooding
e53773	like a hen crowing
e53774	just as a hen covers her chicks with her wings
e53775	like chicks separated from the hen
e53776	with some hens that the chicks trail after
e53777	a hen with her chicks under her wings
e53778	a hen shelters her chicks with her wings
e53779	there are stars in the sky
e53780	the biggest star of the evening
e53781	the stars can be seen in the sky
e53782	stars are very many, reaching many billions
e53783	it is three colours and one big star
e53784	when the wise men saw that star
e53785	all you shining stars
e53786	we have seen his star
e53787	the highest heavens with their starry host
e53788	looking at the sun, the moon and the stars
e53789	some say these stars would be 4.5 billion years old
e53790	the earth, sun, moon and stars too do not last for ever
e53791	the stars also no longer shine
e53792	he determines the number of the stars
e53793	from the heavens the stars fought
e53794	the moon and the stars you have made
e53795	they are very careful with what is sweet and what is salty
e53796	those that are too salty, too sweet, or have too much fat in them
e53797	how will it become salty again
e53798	salt water cannot produce fresh water
e53799	how can it be made salty again
e53800	alas, it is just as I said
e53801	alas, when God does this
e53802	alas, my brother
e53803	alas! to give us into the hand of the king of Moab
e53804	oh no, my lord! It was borrowed
e53805	oh, these people have committed a great sin
e53806	oh no, my daughter! you have brought me very low
e53807	oh no, my lord! What shall we do
e53808	on the minibuses only half the people ride
e53809	it will be three and a half years
e53810	it will cost only half of what it costs elsewhere
e53811	it was a cubit and a half deep
e53812	not even half the greatness of your wisdom
e53813	the half curtain that is left over
e53814	seven and a half cubits long
e53815	the crowd was melting away to this side and to that side
e53816	Moses to the half-tribe of Manasseh
e53817	for the nine and a half tribes
e53818	summoning the half-tribe of Manasseh
e53819	James son of Alphaeus and Thaddaeus
e53820	it is like coals that blaze
e53821	chiefs Timna, Aliah, Jetheth
e53822	with no distinction of poor and rich, great and small, everyone is needed
e53823	could there be a greater joy than this
e53824	nowadays small and great, we have phones
e53825	he will bless both great and small
e53826	such great faith
e53827	living things great and small
e53828	to the house of the great God
e53829	all the great high mountains
e53830	how large a forest
e53831	the Holy One of Israel, the mighty God
e53832	he has raised up a horn, a mighty Saviour for us
e53833	from the dread of the Lord and his mighty glory
e53834	the largest city in New Zealand
e53835	my greatest hope is the students
e53836	he is the chief in the police
e53837	on the last and greatest day Jesus stood
e53838	O Belteshazzar, chief of the magicians
e53839	a large white cloth was hung up
e53840	if we have a great aim we will get a great one
e53841	only the 3 largest telecommunications companies
e53842	it can boast of great things
e53843	the great riches that go with this mystery
e53844	those scales are pressed close one upon another
e53845	his son Jedaiah, his son Allon
e53846	the name of that place was called Allon Bakuth
e53847	and Almon with its pasturelands
e53848	four cups made in the shape of almonds
e53849	I see a branch of an almond tree
e53850	pistachio nuts and almonds
e53851	it bore ripe almonds
e53852	but if it loses its saltiness
e53853	if salt loses its saltiness
e53854	but if its saltiness is lost
e53855	having neither flavour nor salty taste
e53856	perfume of aloes and fragrant cassia
e53857	they are like aloes trees
e53858	a perfume of myrrh mixed with aloes
e53859	with perfume of aloes and of cinnamon
e53860	with myrrh and aloes, every fine spice
e53861	how can you make it salty again
e53862	there is no longer a way to make it salty again
e53863	there are some very old houses
e53864	you were still wearing a very old coat
e53865	a new one, not at all like the two old ones
e53866	fruit both old and new
e53867	you will first clear out the old to store the new
e53868	the old things have passed, the new has come
e53869	sharp arrows and glowing coals of broom wood
e53870	if you walk on hot coals
e53871	he will rain coals of fire and sulfur on the wicked
e53872	let burning coals fall on them
e53873	holding a burning coal in his hand
e53874	a censer full of burning coals
e53875	fish and bread on its embers
e53876	charcoal makes embers for a fire
e53877	set the empty pot on the embers
e53878	grass is brought as food for it
e53879	the trees make shade for it
e53880	how much strength there is in its body
e53881	his shoes are really big
e53882	to act according to His will
e53883	his name is not forgotten to this day
e53884	his division numbers forty thousand five hundred
e53885	stormy wind that obeys his command
e53886	his wealth will vanish
e53887	God opened her eyes
e53888	they said to her
e53889	what was happening to her
e53890	Esther did not reveal her people and family
e53891	because of his word many people
e53892	it will be dark in his tent
e53893	his name is the Lord
e53894	I have hope in him alone
e53895	next to him Binnui son of Henadad
e53896	after him Ibzan of Bethlehem judged Israel
e53897	he will vanish from the place where he once lived
e53898	tell among the peoples what he has done
e53899	they try to deceive us with things that are not true
e53900	is it really true as he says
e53901	there is only one really true Zo national cloth
e53902	judging not justly
e53903	it has a tail
e53904	when it runs it is faster than a horse
e53905	I am the one who made it and you
e53906	it is king over all the wild animals
e53907	he will rule forever
e53908	he passed through the land of Samaria
e53909	he went out and wept bitterly
e53910	whenever I call on him
e53911	the Lord is good to all who trust in him
e53912	she looks for wool and flax
e53913	she speaks with wisdom
e53914	she sews her own clothing
e53915	it lies under the thorn bushes
e53916	it eats grass like an ox
e53917	it does not fear the flooding river
e53918	and then he
e53919	have him put back the things he used himself
e53920	he himself went to that land of Palestine and
e53921	in the end he himself loses heart
e53922	he himself spent that night in the camp
e53923	he strengthened himself against Israel
e53924	I am sending him himself back to you
e53925	Abner made himself strong
e53926	he himself becomes rich again and able to redeem it
e53927	when she makes herself impure
e53928	if she has not defiled herself and is clean
e53929	Sarah laughed to herself
e53930	there was a clinic right in front of it
e53931	wipe his face in the morning and in the evening
e53932	he bowed to the king with his face to the ground
e53933	sprinkling it on the front of the atonement cover
e53934	the one called Judas went in front of them
e53935	they were Zophah, Imna, Shelesh and Amal
e53936	truly I tell you
e53937	this man truly is the prophet
e53938	verily I say to you
e53939	verily I say to you, before Abraham was born I am
e53940	judge rightly
e53941	in fact what the old woman said is true
e53942	his testimony is true
e53943	your testimony is not true
e53944	if there are two witnesses the matter is true
e53945	that is right
e53946	whether a thing is right or not right
e53947	what you said is right
e53948	the words of the judge who is not just
e53949	come down from the top of Mount Amana
e53950	because he has left them they cannot find him
e53951	the father too, worried, rushed at once to the babysitter's home
e53952	they were taken at once to local hospitals
e53953	the police quickly had an ambulance called
e53954	I will send him to you soon
e53955	a very precious life
e53956	a happy family and a precious family
e53957	very costly bags of a famous brand
e53958	it is filled with good and precious things
e53959	with costly wood, bronze and iron
e53960	at first all the Zomi were united
e53961	at first they too had nothing
e53962	first he baptised one person
e53963	how he first went to them
e53964	an army larger than the first
e53965	as the Holy Spirit came on us at the beginning
e53966	he set us apart for himself at the beginning
e53967	the tenants did the same as before
e53968	it will crush all the kingdoms that were before
e53969	Amasa went to summon the men of Judah
e53970	the thing that must be known first of all
e53971	first let the children eat their fill
e53972	first of all the Jew, then the Greek
e53973	when I made my first defense
e53974	first of all, when you gather in the church meeting
e53975	I will write on their minds
e53976	their feet are swift to shed blood
e53977	ruin and misery fill their ways
e53978	they all marveled at the greatness of God
e53979	while they were in Bethlehem
e53980	Moses and Elijah appeared to them
e53981	pour out your wrath on them
e53982	what he said to them
e53983	you shall not follow them
e53984	God blessed them
e53985	he put them in prison for three days
e53986	the Lord scoffs at them
e53987	do not be partners with them
e53988	after they had stayed a long time
e53989	they die young and end in shame
e53990	they went out of the town
e53991	you will roll them up like a robe
e53992	curse them
e53993	pursue them
e53994	in their presence, to Baruch
e53995	their mouths are full of cursing and bitterness
e53996	when I heard their outcry and these things
e53997	regard all of them as your good friends
e53998	the Siangsawn by themselves in one place
e53999	they were all taken to the juvenile court
e54000	while they were by themselves
e54001	they divided his clothes among themselves
e54002	so that they could be by themselves
e54003	when all of them reached Jerusalem
e54004	he led them up a mountain by themselves
e54005	at Pethor by the River in the land of the people of Amaw
e54006	weeping and shedding tears is vain
e54007	our faith too would be vain
e54008	God teaches that aims without God are vain
e54009	throw away worthless coarse talk too
e54010	his learning is a pity, an empty thing
e54011	for those who have no mercy, life is vanity
e54012	you try to comfort me with nonsense
e54013	arranging loans at easy interest
e54014	they can go on making payments without interest
e54015	let us stop the taking of interest on debt
e54016	do not take interest or profit from him
e54017	you are charging one another interest
e54018	I am an Amalekite
e54019	because no tax need be paid, the profit is large
e54020	these loans are without interest
e54021	2% of the profit from the work will go to Chin State
e54022	I have made a profit of five more talents
e54023	he gained five more talents
e54024	I have gained two more talents
e54025	he also gained two more talents
e54026	I would receive my money together with interest
e54027	they were agate and amethyst
e54028	the twelfth was amethyst
e54029	shall be agate and amethyst
e54030	they were agate and amethyst
e54031	the twelfth was adorned with amethyst
e54032	shall be agate and amethyst
e54033	they first ask the people for permission
e54034	bring the Israelites out by their divisions
e54035	and the descendants of Ami
e54036	a household divided, its members not at peace
e54037	that was the first time I heard his name
e54038	the name of that little child
e54039	it is said, and his name is not written
e54040	he is just like his name
e54041	the Lord will throw them into great panic
e54042	I will strike him with terror
e54043	the Lord threw them into confusion before Israel
e54044	they came to the hill of Ammah
e54045	because he had given the blessing, on account of that blessing
e54046	the servants of Amon conspired against him
e54047	all that have an end
e54048	I will follow it to the end
e54049	it will make you drunk and fill you with sorrow
e54050	he saw a burial on the road
e54051	he saw a group of small children playing
e54052	all who saw the video felt very sorry for the woman
e54053	that never see and can never walk
e54054	when that woman too saw it, she ran away in great fear
e54055	as soon as the villagers saw the car
e54056	they took all the goods and food they found
e54057	when that man saw it
e54058	when she saw that he was greatly afraid
e54059	they burned all the towns they found
e54060	Oholibamah daughter of Anah son of Zibeon the Hivite
e54061	just keep making it with various kinds
e54062	two kinds are needed
e54063	the bombs they used were not of the same kind, it is said
e54064	four hundred and ten silver bowls of various kinds
e54065	Delaiah and Anani, seven in all
e54066	next to them Maaseiah son of Ananiah
e54067	Anathoth, Nob, Ananiah
e54068	after him was Shamgar son of Anath
e54069	like threshing grain on the threshing floor
e54070	grain from the threshing floor and the winepress
e54071	she went down to the threshing floor
e54072	tonight he winnows barley on the threshing floor
e54073	your threshing floors will be filled with grain
e54074	they are looting their threshing floors
e54075	we were driven about in the Adriatic Sea
e54076	to the land of Egypt where no one is hungry for food
e54077	nowadays we have phones, small and great alike
e54078	do not choose those that are too big or too small
e54079	none were very strong, they were only small ones
e54080	creatures large and small, too many to count
e54081	he will bless small and great alike
e54082	rich and poor, great and small
e54083	go to the bosom of your wife
e54084	rest now happily in the bosom of Jesus
e54085	I want to rest in your arms
e54086	he took her in his arms and at once wiped her tears
e54087	lying on the bosom of Jesus
e54088	the angels carried him to the bosom of Abraham
e54089	the Son who is in the bosom of the Father
e54090	if you hold fire in your lap
e54091	the child sat on her lap until noon
e54092	it will be poured into your lap
e54093	Simeon took Jesus in his arms
e54094	they die in their mothers’ arms
e54095	I gave the wives of your master into your arms
e54096	my beloved lying on my breast
e54097	safe at my mother’s breast
e54098	your wife who lies on your breast
e54099	I hugged him in my arms
e54100	Naomi took the baby and held him in her arms
e54101	after placing him there he took him in his arms
e54102	she laid her dead son at my bosom
e54103	two women grinding grain together
e54104	he ground grain at the mill in the prison
e54105	a stone like a great millstone
e54106	hard as a millstone
e54107	I will no longer let the sound of the millstones be heard
e54108	a woman who enjoys adultery
e54109	you have already committed adultery
e54110	those who marry commit adultery
e54111	they are all adulterers
e54112	murdering, committing adultery, swearing falsely
e54113	they committed adultery and crowded into the houses of prostitutes
e54114	they commit adultery and speak lies
e54115	sin on account of murder, theft and adultery
e54116	in the command to the Israelites concerning adultery
e54117	your adultery, your lust
e54118	he causes his wife to commit adultery with another
e54119	every place is full of adulterers
e54120	if in greed one speaks only for oneself, one may starve
e54121	Do not think only of your own good
e54122	Caring for one's own interest is not bad
e54123	not looking only to his own advantage
e54124	caring only for their self-interest
e54125	do not seek only your own good
e54126	not thinking of my own good
e54127	thinking only of their own advantage
e54128	for my own advantage like worldly people
e54129	is now at rest in the bosom of the Lord
e54130	those taken from the breast
e54131	they will carry your sons in their arms
e54132	the pride of Jacob, whom he loved
e54133	I too am very proud
e54134	I am glad and very proud
e54135	one should be proud of being Zomi
e54136	we boast continually
e54137	it is very honourable for you
e54138	they love it, they are proud of it
e54139	how far are we proud of our Myanmar passport
e54140	we Zomi are very proud of you
e54141	I am very proud of you
e54142	the pride of Israel, whom he loves
e54143	just as they receive God's special favor
e54144	deciding matters with goodwill and partiality
e54145	you shall not show partiality in judgment
e54146	showing no partiality and taking no bribe
e54147	you shall not show partiality
e54148	God shows no favoritism to anyone
e54149	may God indeed favor us
e54150	it is the way God favors his children
e54151	without anyone to take our side and help us
e54152	it is time for you to favor her
e54153	I will show you favor no more
e54154	will you show partiality to God and argue his case
e54155	there is One who will take my side and judge
e54156	it is not good to be partial to the wicked and acquit them
e54157	favoring us, you give us victory
e54158	tomorrow will become the day we receive favour
e54159	a person who receives the Lord's favour
e54160	only because of God's favour toward us
e54161	will you show partiality to the wicked
e54162	if you secretly show partiality
e54163	you shall not show partiality
e54164	by your favour you give us victory
e54165	he is a glutton and a drunkard
e54166	they are lazy gluttons
e54167	a drunkard and a glutton
e54168	as grain is sifted with a sieve
e54169	90% of the people use wood for cooking
e54170	although charcoal is used for cooking and for warming at the fire
e54171	from washing hands, bathing and washing clothes to cooking
e54172	this city is like a cooking pot
e54173	then Samuel said to the cook
e54174	the cook took up the leg and the meat on it
e54175	if our aim is low, where we arrive will never be high either
e54176	I mark this as the lowest
e54177	they are found more in the low part
e54178	both of the cars were also badly damaged
e54179	they stopped both cars at the roadside
e54180	a fine and imprisonment can both be imposed together
e54181	the reeds, both of them he cut off in one day
e54182	mint, dill and cumin
e54183	mint and anise and every kind of herb
e54184	we plant mustard
e54185	the best-known dishes are potato and mustard
e54186	my mother used to make them into pickled mustard
e54187	it is like a mustard seed
e54188	it is like the very smallest thing, a mustard seed
e54189	a mustard seed that a man planted in his garden
e54190	the mustard seed is the smallest
e54191	you, faith the size of one mustard seed
e54192	it is like a mustard seed planted in a field
e54193	if you have faith as small as a mustard seed
e54194	and five measures of roasted grain
e54195	flour, roasted grain, beans and lentils
e54196	this ephah of parched grain and these loaves
e54197	he gave her roasted grain
e54198	if he should be drunk and gorged with food
e54199	she also took out her leftover food and gave it to her
e54200	whether money or food
e54201	Joseph opened all the storehouses
e54202	sitting round the table together with wife and children
e54203	the animals' feeding trough where the baby Jesus was laid
e54204	with just a dish of food and a cup of beer
e54205	the sluggard plunges his hand into the dish
e54206	plunging his hand into the dish
e54207	the one who dips into the bowl with me
e54208	she laid the baby in a cattle feeding trough
e54209	let their table be a snare to them
e54210	sharing the table with you
e54211	those who share your table set a trap under you
e54212	it is the Lord who makes all vegetation green
e54213	let it be like rain falling on the vegetation
e54214	over 172 acres of crops were ruined by strong wind
e54215	the rats ate up all the crops
e54216	the crop has grown to some height
e54217	the sickle to the standing crop
e54218	they wither at once like a cut crop
e54219	or a disease of the crops
e54220	you must not reap the standing grain
e54221	it is larger than all the herbs
e54222	it becomes the greatest among the herbs
e54223	it grows greater than all herbs
e54224	those young plants could not take deep root
e54225	those young plants wilted and dried up
e54226	the sunshine too nurtures the plants and makes them grow
e54227	if it rains a lot the seed will spoil and the plants will be ruined
e54228	the grass is withered, the vegetation is gone
e54229	the vegetation beside the Nile will dry up
e54230	before the plants of the field had sprung up
e54231	plants for people to cultivate
e54232	the plants could not take deep root
e54233	those who hold the sickle to reap
e54234	those who work to harvest are angels
e54235	the cries of those you sent to harvest
e54236	the sower and the reaper
e54237	as the reaper is given his wages
e54238	they are the firstfruits of his harvest
e54239	watch the field where they are harvesting
e54240	the shouts of joy over your harvest
e54241	from your harvest and from your presses
e54242	Boaz said to the servant in charge of the harvesters
e54243	she gleaned in the field behind the harvesters
e54244	at harvest time, to the harvesters
e54245	he went to his father among the reapers
e54246	coming from Bethlehem he said to the reapers
e54247	she sat beside the reapers
e54248	your taste in food and drink shows what you are
e54249	a body that lives on food and drink
e54250	never even having time to eat and drink
e54251	he took neither food nor drink
e54252	no one will offer them food and drink
e54253	all that time he took no food or drink
e54254	he supplied them with food and water
e54255	they did not meet the Israelites with food and water
e54256	set food and water before them
e54257	this year you will eat what grows from self-sown grain
e54258	after you have eaten very tasty food
e54259	we Zomi, eating the choicest food
e54260	like good food it makes us strong
e54261	longing to eat a favourite delicacy
e54262	he lived eating rich food
e54263	the foreigners greatly craved rich food
e54264	your table is laden with choice food
e54265	I ate no choice food at all
e54266	they keep it as a day for sending choice food to one another
e54267	gossip is like a very tasty delicacy
e54268	when they remember the delicacies they used to eat
e54269	they keep it as a day for sending choice food to one another
e54270	a day for sending presents of food to one another
e54271	he will provide delicacies fit for a king
e54272	do not let me crave their delicacies
e54273	do not crave those delicacies
e54274	do not crave his dainties
e54275	delight in rich food
e54276	the priest shall wave that sheaf
e54277	he shall wave the sheaf before the Lord
e54278	when you forget a sheaf in the field
e54279	let me gather what has fallen among the sheaves
e54280	let her glean even among the sheaves
e54281	you will eat from the old crop
e54282	eating the old grain long stored
e54283	a loaf of bread and a piece of meat
e54284	he gave them plenty of bread from heaven
e54285	they shall eat the bread that is in the basket
e54286	a prostitute can be had for one loaf
e54287	thick loaves made with yeast
e54288	always set the bread of the Presence on the table
e54289	the table, all its articles and the bread of the Presence
e54290	bring me a small piece of bread too
e54291	there is only one loaf
e54292	five loaves and two fish
e54293	ten loaves, some cakes and a jar of honey
e54294	one cake of bread made with oil
e54295	mix them together and make bread
e54296	these loaves are for the priests alone
e54297	he broke the loaves
e54298	they ate the bread offered to God
e54299	a prophetess named Anna, daughter of Phanuel
e54300	they invited all the CBCNEI leaders to eat a meal
e54301	we may be without time to eat or time to rest
e54302	while eating the midday meal, we rested again
e54303	eat and drink
e54304	eat, drink and be merry
e54305	they ate and drank and were happy
e54306	she invited him to have a meal
e54307	he stopped there to have a meal
e54308	while cooking, while eating, even while reading
e54309	in our country eating and drinking is rather not a great worry
e54310	whether your eating and drinking or anything else
e54311	it is not right to serve at the meal tables
e54312	do not lie down right after eating
e54313	times for eating that suit good health
e54314	and so, while eating in the evening
e54315	food eaten in secret is delicious
e54316	he gives food to eat in plenty
e54317	its princes know the proper time to eat and drink
e54318	sighing has become my food
e54319	they will not lack food and drink
e54320	one ox prepared as food for the household
e54321	do not eat the food of mourners
e54322	your food will make all who eat it unclean
e54323	it shall be of fine flour made with oil
e54324	thirty measures of fine flour
e54325	take fine flour
e54326	its fine flour and wheat, its cattle
e54327	the flour, the wine and the oil
e54328	the dogs under the table, the crumbs dropped by the children
e54329	they eat the crumbs that fall from their master’s table
e54330	they used to pick up scraps under my table
e54331	the crumbs that fall from the table
e54332	he waited, longing to eat the crumbs that fell
e54333	he will starve to death
e54334	they make the little children go about to beg for food
e54335	the Bear and its cubs
e54336	the firstfruits of your grain, your wine and your oil
e54337	a sacred assembly on the day of firstfruits
e54338	I made provision for the offering of firstfruits
e54339	for your offering of first grain
e54340	a sheaf of the first grain you harvest
e54341	bread of the first grain to the man of God
e54342	they shall be given to the Lord as firstfruits
e54343	the firstfruits that our land produces
e54344	the very first of your firstfruits
e54345	like sheaves gathered to the threshing floor
e54346	he went to lie down at the edge of the grain pile
e54347	the shocks and the standing grain
e54348	Martha was busy serving food
e54349	among you like one who works serving food
e54350	he put him back in his office of the serving of food
e54351	with a provision of food for my people
e54352	all the tithe of the produce
e54353	to gather in your crops from the field
e54354	I am the cupbearer of the king
e54355	his cupbearers and their robes
e54356	your barns will be filled with grain
e54357	putting the good grain into the barn
e54358	he will gather the good grain and put it in his barn
e54359	gather the wheat and bring it into my barn
e54360	break open their granaries
e54361	all the storehouses are in ruins
e54362	your barns will be filled with grain
e54363	I will build bigger barns
e54364	all the barns are completely ruined
e54365	do not go to pick up gleanings
e54366	after one has gathered the gleanings in the Valley of Rephaim
e54367	when she got up to gather gleanings
e54368	she gathered leftover grain in the field until evening
e54369	she gathered leftover grain until the barley harvest ended
e54370	a woman gathering gleanings
e54371	she gathered gleanings until the barley harvest ended
e54372	let me gather leftover grain behind the harvesters
e54373	she gathered gleanings in the field behind them
e54374	she gathered the gleanings in the field behind them
e54375	they are like chaff blown away by the wind
e54376	make them like chaff flying before the wind
e54377	the hills like chaff
e54378	chaff blown by the wind from the threshing floor
e54379	they will gather the weapons for fuel
e54380	make them like chaff blown away by the wind
e54381	but the chaff into unquenchable fire
e54382	the time when you can no longer hear the sound of grinding
e54383	you did not eat the bait of the snare at all
e54384	when there is no bait in the trap
e54385	will be the bait of a snare to you
e54386	you were not yet able to eat solid food
e54387	but what is called solid food
e54388	she always goes to the CMBC church to fast and pray
e54389	after the Muslims had fasted for Ramadan
e54390	in this way, at the time of fasting
e54391	he proclaimed a fast in all the land
e54392	give the order for a fast
e54393	at the Ahava river I proclaimed a fast
e54394	they have received their reward for fasting
e54395	in order to carry rice
e54396	nothing left to buy rice, oil and curry with
e54397	rice to be handed out in the lockdown areas
e54398	he gave out a little rice
e54399	to Joseph to buy grain
e54400	he stored up much grain, like the sand of the sea
e54401	they loaded their donkeys with grain and left
e54402	the grain they had brought from Egypt
e54403	filling their sacks with corn
e54404	for the corn they bought
e54405	take corn for your starving households
e54406	your prayer while fasting like this
e54407	storing up the grain under the authority of Pharaoh
e54408	the fasting I want is of this kind
e54409	except by prayer and fasting
e54410	your prayer with fasting like this
e54411	the customs of fasting and lamentation
e54412	the fasts of the tenth month
e54413	the mother cooks those foods and feeds the family
e54414	children who are given nourishing foods grow well
e54415	foods worth eating for getting well
e54416	he gave the crops of their fields to the grasshopper
e54417	may others eat the crops I have grown
e54418	a rain that destroys the crops in the field
e54419	when you eat the food grown in that land
e54420	all their food was dry and moldy
e54421	he collected all the food of those seven years
e54422	I have eaten the produce of that land
e54423	so that we may sell our produce
e54424	I will make the produce of your fields plentiful
e54425	making our grain measure small, much money
e54426	until the new crop comes in the ninth year
e54427	she hid them among the flax stalks she had laid out
e54428	the flax was in bloom
e54429	like a flax cord burned by fire
e54430	even now there are many antichrists
e54431	is the deceiver and the antichrist
e54432	the antichrist, the enemy of Christ, will come
e54433	is the spirit of the antichrist that you have heard of
e54434	one female lamb a year old
e54435	from the flock, whether female or male
e54436	they gave the following towns mentioned by name
e54437	the content of the letter is as follows
e54438	they gave the following towns and pasturelands
e54439	they wrote the matter as given below
e54440	the territory of the Ephraimites was as below
e54441	as in the instructions I give below
e54442	the wild animals rested under it
e54443	the following are those who settled in Jerusalem
e54444	afterwards they understood the plan of God
e54445	later it grew more and more
e54446	afterwards it became the cornerstone
e54447	afterward it became the cornerstone
e54448	all the things that will happen later
e54449	the household of the living God is the church
e54450	may the living God build up Zogam more and more
e54451	so that there may be a living hope
e54452	is your mother still alive?
e54453	it is said they stayed alive eating things like biscuits
e54454	so that there may be a living hope
e54455	receiving my upbringing at the feet of Gamaliel
e54456	like chaff that the wind blows away
e54457	are only like bits of chaff falling on it
e54458	a wind that blows to winnow away the chaff
e54459	as one pastures lambs in a meadow
e54460	when you give such a banquet
e54461	you will have received back the reward for your giving of a meal
e54462	and he brought fresh ears of grain in his sack
e54463	let me glean what is left among the ears of grain
e54464	holding the winnowing fork in his hand he winnows his grain
e54465	after that they handed him over into the hands of the police
e54466	hand over all your slips at that place
e54467	they dedicated the gifts
e54468	when he dedicates his house to the Lord
e54469	if he dedicates to the Lord a field he has bought
e54470	you shall anoint it with oil and consecrate it
e54471	he anointed him with oil to consecrate him
e54472	the priest who is anointed and consecrated shall make atonement
e54473	he entrusted all he had to Joseph
e54474	entrust them to people who will be able to teach others
e54475	entrust him to me, I will bring him back to you
e54476	commit all your affairs to the Lord
e54477	I would commit my cause to him
e54478	commit all your works to the Lord
e54479	they shall hand him over to the avenger to die
e54480	to hand over their kingdom to the beast
e54481	you shall not hand him over again
e54482	the big males of the monkey
e54483	a male goat for an offering
e54484	two male lambs without defect
e54485	you must offer a male without defect
e54486	you adulterous people, friendship with the world
e54487	birds of every kind
e54488	they bring about every kind of vile evil deed
e54489	though we suffer every kind of affliction
e54490	may he give you all sorts of peace
e54491	with all sorts of wonders and fearful things
e54492	the Father of compassion and God of all sorts of comfort
e54493	may he strengthen you in every kind of good word
e54494	when you face trials of many kinds
e54495	with griefs of many kinds
e54496	all kinds of animals
e54497	let it dwell in you with all kinds of wisdom
e54498	though there are all kinds of trials to suffer
e54499	it produced various kinds of coveting in my heart
e54500	we praise your various kindnesses
e54501	so that you abound in every good work
e54502	with all kinds of spiritual songs and songs of praise
e54503	so that he can do all kinds of good work
e54504	practising various kinds of fitting conduct
e54505	every kind of disobedience was to receive
e54506	let us look at the bad and the good, both together
e54507	those who can avoid the bad and embrace the good are wise
e54508	sees everything on its good side
e54509	the word with an honest and good heart
e54510	so then, salt is good
e54511	good hope by grace
e54512	he knows good and evil
e54513	has been clearly seen since the creation of the world
e54514	he was descended from the giants
e54515	the judge hands you over to the officers
e54516	handing this money over to them in full
e54517	the judge delivers you to the officers
e54518	he consecrated Jesse and his sons
e54519	being dedicated to his Lord to do it
e54520	your bull god Apis fled in defeat
e54521	there was panic among the people
e54522	he caused a great panic against that city
e54523	there was a deadly panic throughout the city
e54524	he dedicated them together with the gold to the Lord
e54525	he consecrated them together with their garments
e54526	the candidate form must be handed back
e54527	hand it back where you bought it
e54528	the day to hand back the form is Oct 19
e54529	that you will not hand me back to my master
e54530	in place of the child she gave back to the Lord
e54531	you shall not return him to his master
e54532	the time of the Festival of Dedication of the temple came
e54533	the dedication of the Tedim ICU building was held
e54534	a dedication service was held at the house
e54535	I made a careful dedication to the Lord
e54536	before the image for the dedication of the image
e54537	they celebrated the dedication of the house of God with great joy
e54538	it was the dedication offering of the leaders of Israel
e54539	it is the law of the consecration and of the peace offering
e54540	the anointing oil of consecration is upon him
e54541	dedicating the altar for seven days
e54542	from those entrusted with the money they
e54543	if the one who dedicates the field wishes to redeem it
e54544	if the one who dedicates it wishes to redeem his house
e54545	he shall consecrate his head again
e54546	the apple is a fruit
e54547	he again put an apple right on top of the head
e54548	there is more in the outer peel of the apple than inside it
e54549	refresh me with apples
e54550	he is like an apple tree among the trees of the forest
e54551	the gifts and the gifts he himself had dedicated
e54552	the gifts his father had dedicated
e54553	the things his father David had dedicated
e54554	holy to the Lord like a devoted field
e54555	no devoted person shall be ransomed
e54556	you shall not keep even one of the devoted things
e54557	this house that I have consecrated for my name
e54558	the house I have consecrated for my name
e54559	I have consecrated the silver to the Lord
e54560	they have them handed over at the security counter
e54561	they were handed over to the local forest police
e54562	they had them handed over to the government authorities
e54563	have the royal robes and the horse handed over
e54564	also all the dedicated things of Joab the son
e54565	the things I handed over to them
e54566	the things I have entrusted to him until that Day
e54567	he gives back the pledges given as security
e54568	the pledges that the borrower gave as security
e54569	so that they might be able to hand Jesus over to those in authority
e54570	so that he might be able to present her to God
e54571	the border of Moab right by the town of Ar
e54572	they were Jephunneh, Pispah and Ara
e54573	Tobiah was the son-in-law of Shekaniah son of Arah
e54574	they were Uz and Aran
e54575	Arba was the father of Anak
e54576	Hivites, Arkites, Sinites
e54577	from Arod came the Arod clan
e54578	and gave orders to Asaiah the servant of the king
e54579	the singers Heman, Asaph and Ethan
e54580	it is the highest court in the US
e54581	as for its height, it is 32 feet high
e54582	whether against the most high ones
e54583	you are on high forever
e54584	the distance is about 270 km in length
e54585	nothing can be said beforehand of its shortness or length
e54586	measuring of length, measuring of weight
e54587	its length is 1.2 km
e54588	when its length was measured it reached 23 feet
e54589	its length is 150 feet and its width 75 feet
e54590	the size and shape of the two cherubim
e54591	they were working night duty from 8pm to 4am
e54592	who once worked at ZCLS
e54593	the MPs do not do the work
e54594	the palace officials of the king who served him
e54595	crushing the Asherah poles and the other idols to powder
e54596	let us look at both the bad and the good together
e54597	God never plans evil
e54598	this is not the very worst
e54599	those who keep doing evil will die
e54600	they cannot sleep until they have done some evil
e54601	not yet able to tell bad from good
e54602	whether it is good or bad
e54603	whether to do bad or to do good
e54604	doing wrong is a great error
e54605	greatly pleased with doing wrong
e54606	kings do not want to do wrong
e54607	he stayed a while longer in the province of Asia
e54608	the land of Assyria
e54609	all the fat that is on its internal organs
e54610	to destroy the good Zo customs
e54611	he came to destroy all the works of the devil
e54612	betel nut is something that greatly destroys health
e54613	a flood to destroy the earth
e54614	to write and to read
e54615	so it is written
e54616	you shall write eighty
e54617	now quickly write fifty
e54618	how did you write down all these words
e54619	inscribe it on a scroll
e54620	it is inscribed on the horns of the altars
e54621	truly, when it is read carefully
e54622	to speak truly
e54623	it is not a matter of looking at how few or how many
e54624	in measures of weight and of quantity
e54625	it went down to Ataroth Addar on the hill
e54626	want to live together with the children forever
e54627	they are always ready for you, forever
e54628	he will rule the world forever from the throne of David
e54629	he will rule forever
e54630	he remains unchanged yesterday, today and for ever
e54631	fitting for those of this generation to know
e54632	are mainly those below
e54633	like those of former days
e54634	as at the other times, on one side of Gibeah
e54635	are smaller than those below
e54636	as in former days
e54637	or among those before him
e54638	the Indian government will build a new road
e54639	leave the old things behind and step into the new
e54640	they found a new way that COVID-19 spreads
e54641	has changed and the new has come
e54642	fruits old and new
e54643	he brought new grain in his sack
e54644	Hormah, Bor Ashan, Athak
e54645	the one who offers the blood and the fat of the fellowship offering
e54646	he shall bring its fat with the breast
e54647	the two kidneys at the loins and the fat on them
e54648	in the third year sowing seed and reaping
e54649	sowing seed, planting, reaping grain
e54650	reaping with your sickle, gather them in bunches
e54651	all the green grass is cut and carried home
e54652	Abraham was ninety-nine when his foreskin was cut
e54653	they kept cutting and stabbing themselves until blood flowed
e54654	he will cut away the shoots
e54655	he cut it off with a small knife
e54656	he has cut me off from the loom
e54657	may the Lord cut them off
e54658	let them even cut away their male parts altogether
e54659	cut away your hair and your beard
e54660	they were able to cut off a large swelling on his thigh
e54661	they were able to cut off the extra leg that had grown
e54662	because he had cut off the corner of the robe of Saul
e54663	cutting off the foreskin of her son
e54664	he cut them off at the hips and sent them away
e54665	cutting off this brain tumour, doing the operation, is very hard
e54666	he secretly cut off the corner of the robe
e54667	cutting off your ears and killing your children
e54668	shaming them by the cutting off of their garments
e54669	write again all the words that were there
e54670	all the instruments used for circumcision
e54671	is not true circumcision
e54672	circumcision has value
e54673	after he had received circumcision
e54674	his uncircumcision as circumcision
e54675	beware of those who insist on the cutting of the flesh
e54676	being sawn in two with a tool for cutting wood
e54677	I know their reaping of its fruit
e54678	he cut them up into the pot of stew
e54679	the writer of this article thought
e54680	a writer of articles in Forbes Magazine
e54681	Sheva was the scribe
e54682	Shavsha was the scribe
e54683	Shebna the scribe and the senior priests
e54684	Seraiah was secretary
e54685	Shimshai the secretary to King Artaxerxes
e54686	the royal secretary and the high priest came up
e54687	as one of your own writers has said
e54688	while the writer of the will is still living
e54689	the earth was harvested
e54690	like cut sheaves left behind
e54691	if God calls a man who is circumcised
e54692	that old man had his throat cut
e54693	he circumcised them
e54694	not circumcising their children
e54695	some wanted to have him circumcised
e54696	he had his skin cut
e54697	he cut through the sinews of all the chariot horses
e54698	he hamstrung all the chariot horses
e54699	they cut off the padlock and went into the house
e54700	using knives they cut it away
e54701	they cut off his big toes
e54702	the tongue of those who speak evil will be cut off
e54703	the whole fat tail cut off close to the backbone
e54704	seventy kings whose thumbs and big toes were severed
e54705	they shall break the neck of the heifer
e54706	he cut through the sinews of all the chariot horses
e54707	the circumcised and the uncircumcised
e54708	is this blessing given only to the circumcised
e54709	the sowers and the reapers will rejoice together
e54710	you cheated the reapers in your fields
e54711	the harvesters of grain receive wages
e54712	they are the writers, the messengers of the chief leaders
e54713	and Ahijah were secretaries
e54714	all the royal secretaries were summoned
e54715	on the twenty-third day the royal secretaries were summoned
e54716	more proverbs of Solomon copied by the scribes of Hezekiah
e54717	he built the inner courtyard
e54718	man is altogether different
e54719	there is no separate thing called a great nation
e54720	though there are different kinds of service
e54721	though there are different gifts of grace
e54722	though there are different kinds of working
e54723	following various desires
e54724	the glory of the stars differs in various ways
e54725	not dividing them and us as separate
e54726	a parking place for motorcycles has been made separately
e54727	those 3 people were called out separately
e54728	a paper will be handed out separately
e54729	he has placed the parts in the body, each separately
e54730	after he had set the disciples apart
e54731	he spoke again and again in various ways
e54732	they can fall into various desires
e54733	the ways people show anger are of different kinds
e54734	there are different looks and various sizes
e54735	the various ways we revere God
e54736	each has received various gifts
e54737	like good stewards of the various gifts of the grace of God
e54738	each is of a different kind
e54739	the voice of angels standing in thousands upon thousands
e54740	it is because of these matters above
e54741	Aisha is in the photo above
e54742	those who have reached the age of 65 and above
e54743	set your minds only on the things above
e54744	blue, purple and scarlet yarn
e54745	blue, purple and scarlet cloths
e54746	taking hyssop and scarlet yarn
e54747	blue and crimson and purple cloths
e54748	crimson, purple and blue cloth
e54749	coming from Bozrah wearing crimson garments
e54750	the lobe of the liver and the two kidneys
e54751	all who live in the Valley of Aven
e54752	chase it, O grandmother
e54753	O Mother, I miss you so much
e54754	O brother, do you use your office as a priest?
e54755	O Zomi, arise and shine!
e54756	O Lord, who knows the heart
e54757	O heavens, sing for joy
e54758	O God, have mercy on me, a sinner
e54759	Lord, are you willing that we perish
e54760	there is a middle voice, there is a hual
e54761	the voice makes flames of fire flash out
e54762	the voice is full of majesty
e54763	they dance to the sound of harp music
e54764	the sound of battle is heard in the land
e54765	the Lord has gone up with the sound of the trumpet
e54766	O my son Absalom
e54767	my lord, O king
e54768	O land, land
e54769	O great mountain, mount Bashan
e54770	I heard a hushed voice
e54771	because he heard the sound of a child crying
e54772	the sound of his granddaughter crying woke me
e54773	you will hear the voice of the flowers
e54774	his voice is heard
e54775	a voice was still heard from above the vault
e54776	he stood and with a loud voice
e54777	he will keep hearing terrifying sounds in his ears
e54778	when they heard the sound of your command
e54779	I will put an end to the sound of singing in the city
e54780	all the sounds of instruments will be heard no more
e54781	the people could not distinguish the sounds of wailing
e54782	the sounds of joyful singing in the palace
e54783	listen to the sounds of my pleading
e54784	their voices have gone out into all the earth
e54785	you have not heard the terrifying voices
e54786	it is like the voices of Almighty God
e54787	no noises were heard within the temple grounds
e54788	the chain he wore around his neck
e54789	they made those chicken feathers to be worn around the neck
e54790	they always have something to wear around the neck
e54791	the necklace worn around the neck has won my heart
e54792	God has put together the body
e54793	making chains like necklaces for the neck
e54794	the chains that were around the necks
e54795	he warmed himself at the fire together with the guards
e54796	he stood warming himself at the fire
e54797	he warmed himself at the fire in the firepot
e54798	when she saw Peter warming himself at the fire
e54799	nor is it a fire to sit by
e54800	when a servant girl saw Peter sitting by a fire
e54801	no one at all is approved to travel
e54802	God above does not approve of it
e54803	are you willing that we perish
e54804	if God is willing, I will come back once more
e54805	if the Lord is willing
e54806	they approve of those who do such things
e54807	do you want us to go and pull them up
e54808	do you want those people to be destroyed
e54809	do you want me to release the King of the Jews
e54810	we agree to send them along
e54811	on August 7 the blackness will swallow a little of the moon
e54812	the times when the blackness will swallow the moon
e54813	may blackness swallow up that day
e54814	a bird is caught in the snare
e54815	caught in its own dung
e54816	it was caught in the spider's web
e54817	so that you can read when you are caught in a traffic jam or the like
e54818	because of Covid-19 they are caught fast in various countries, it is said
e54819	a trap seizes him by the heel
e54820	a net that can catch many kinds of fish
e54821	he catches the wicked in their own wickedness
e54822	pull up the very first one you catch
e54823	their own feet are caught
e54824	let the wicked be caught in their own nets
e54825	I set a trap for you and you were caught at once
e54826	they were trapped in the cable car
e54827	the 13 people trapped in the Thai cave
e54828	vehicles trapped for 12 hours
e54829	they are snared in their own sin
e54830	being trapped in foolish things
e54831	they will be snared and captured
e54832	snared in a trap, you will be taken captive
e54833	he set a trap for me, and caught in it I fell to the ground
e54834	his big toe got trapped
e54835	the wire rope caught round his neck
e54836	it got caught in the wheel at the back
e54837	have you been trapped by your promise
e54838	may they be ensnared by their feasts
e54839	you too may get caught
e54840	after going away he hanged himself
e54841	they have set a trap for me to be caught in
e54842	that they may gain release from that entrapment
e54843	he will be like a snare to catch them
e54844	as a deer heads for the trap that will catch it
e54845	they set a trap to catch themselves
e54846	with a net that catches every kind of fish
e54847	the wicked are trapped by their lies
e54848	they are trapped by their own greed
e54849	they are trapped by their own evil deeds
e54850	they are ensnared by their own words
e54851	while eating, getting meat caught in his throat
e54852	a woman got her foot caught
e54853	they trapped him in their snare
e54854	they trapped him in a pit
e54855	I will spread a net and I will trap him
e54856	he catches the wicked in their own wickedness
e54857	he catches the wise in their own craftiness
e54858	catch the wicked in their own nets
e54859	ensnare them in their own pride
e54860	he makes himself known by the ensnaring
e54861	upon those caught in that trap
e54862	the crocodile is about one metre long
e54863	a crocodile was sighted in the Klang River
e54864	there will be many dangerous water animals, beginning with the crocodile
e54865	the great crocodile that lies in the river
e54866	you are more like a sea monster that muddies the river
e54867	he will punish Leviathan, the coiling serpent
e54868	who can attack Leviathan and not die for it
e54869	anyone who sees Leviathan is afraid
e54870	can you catch Leviathan with a hook
e54871	Leviathan, which you made to play, goes there
e54872	you crushed the heads of Leviathan
e54873	Do not care about what others think
e54874	Some do not care about it
e54875	Now try to pay attention to your health
e54876	though you struck them they paid no heed
e54877	he no longer pays attention to our priests
e54878	she did not consider it at all
e54879	he took off his hat and put it on his chest
e54880	feeling pain in his chest, he covered it
e54881	from a chest X-ray the build-up of fluid begins to be seen
e54882	its chest and arms of silver
e54883	it has turned to water within my chest
e54884	with golden sashes around their chests
e54885	they went away beating their breasts
e54886	beat your breasts in grief
e54887	wearing a golden sash on his chest
e54888	the two rings at the corners of the breastpiece
e54889	he put the Urim and Thummim in the breastpiece
e54890	onyx stones to be set on the ephod and breastpiece
e54891	it struck between the scale armour and the breastplate
e54892	is like a breastplate of iron
e54893	you shall make two gold rings for the breastplate
e54894	to be set on the ephod and the breastpiece
e54895	put on the breastplate of righteousness
e54896	their breastplates were like breastplates of iron
e54897	the breastplate of faith and love
e54898	wearing golden sashes around their chests
e54899	wearing a sash made of gold around his chest
e54900	they girded their chests with golden chest bands
e54901	they will crawl like creeping creatures
e54902	whatever goes on its belly and whatever walks on four feet
e54903	more than one million Jews died
e54904	many millions of people fled
e54905	one million one hundred thousand men
e54906	one million talents of silver
e54907	with an army of a million and three hundred chariots
e54908	Haman was leaning over toward the couch of Esther
e54909	do not make it lean toward gain
e54910	it will sway like a hut blown by the wind
e54911	reeds swaying in the wind
e54912	riding on top of a mast that sways down and up
e54913	they reel from strong drink
e54914	bending down I fed them
e54915	let them bend forever under a heavy load of trouble
e54916	the Israelites gave way to the Benjamites
e54917	give up your place to this man
e54918	go and sit down there to make room for the nobles
e54919	the young men yielded their seats to me
e54920	there was a small soft voice
e54921	while shouting so
e54922	all the Sukte soldiers shouted loudly
e54923	a man came shouting, selling honey
e54924	so saying, they shouted and shouted
e54925	they shouted loudly
e54926	all Israel shouted loudly and the ground shook
e54927	shout for joy to the God of Jacob
e54928	he will not cry out or shout
e54929	I cried out to you asking for help
e54930	Ezekiel, cry out and wail
e54931	let the sea and all that is in it roar
e54932	they roared in the middle of your holy place
e54933	the nations roar like the sound of great waters
e54934	the space of one letter is left empty
e54935	sometimes there is suddenly no empty place left
e54936	let us not read only when we get free time and are free
e54937	but the place of David was empty
e54938	because your seat will be empty
e54939	God spreads out the sky over empty space
e54940	in the morning the place of David was still vacant
e54941	though I invited them there are still vacant places
e54942	the vacant space twenty cubits wide beside the temple
e54943	that house was still unoccupied
e54944	fifty cubits of unoccupied land all around it
e54945	there shall be unoccupied land of that width
e54946	is there room for us to spend the night
e54947	there shall be an open space, a distance of about two thousand cubits
e54948	gathering it in the open place in the middle of the town
e54949	he gathered them in the open square on the east side
e54950	the woman suddenly cried out loudly, it is said
e54951	his daughter too cried out in fear
e54952	seeing a small snake, she cried out in great fear
e54953	some were shouting one thing
e54954	they shouted that he ought not to be kept alive
e54955	so saying, they cried out loudly
e54956	always wash the hands clean after relieving oneself and before eating
e54957	whenever you need to relieve yourself, do not hold it in
e54958	they wash themselves each time after relieving themselves
e54959	he must be relieving himself in the inner room of the cool house
e54960	you shall have a place to ease yourselves
e54961	following one another, they slowly call out, shouting
e54962	a warning was given, shouted through loudspeakers
e54963	then all the people, shouting
e54964	the men of Israel and Judah rose up with a shout
e54965	the Jewish crowd cried out, shouting
e54966	shouting for joy they sing together
e54967	some needs may remain as an empty place
e54968	when it arrives, the house being empty
e54969	he thunders from Jerusalem
e54970	and so they cried out loudly
e54971	he roars from the city of Jerusalem
e54972	he thunders from Jerusalem
e54973	they shouted furiously, saying
e54974	the crowd, furious, were yelling
e54975	why they were shouting at him in anger
e54976	a woman was weeping and crying aloud
e54977	so saying, they shout out very often
e54978	only then could we shout out so, he said
e54979	raise a shout for joy and sing praise
e54980	he cries out and shouts aloud
e54981	O great mountains, sing for joy and shout
e54982	O mountains, sing and shout out
e54983	then Jehoshaphat cried aloud
e54984	in every gathering place she cries aloud
e54985	let them shout from the mountaintops
e54986	they kept shouting
e54987	the Lord thundered down
e54988	people had already sat down in the empty seats
e54989	in their empty hours, with reading
e54990	in the deserted places and all around them
e54991	he did not make it to be empty
e54992	seek me in an empty place
e54993	it will be for dwellings and open land
e54994	having no form, it was void
e54995	he shouted more and more loudly
e54996	before him in the square at the city gate
e54997	he will not break off a bent reed
e54998	incline my heart toward
e54999	may he turn our hearts toward him
