example	text
e90000	they fall back into it themselves instead
e90001	you turn everything upside down
e90002	twisting the grace of God the opposite way
e90003	it glows bright red
e90004	now they will capture them in turn
e90005	because the wind blew against them
e90006	the wind blew against them from the side they did not want
e90007	be able to repulse one officer
e90008	will you be able to repulse one officer
e90009	he will push back those people before you
e90010	they will subjugate him in turn as a slave
e90011	do you regard me wrongly instead
e90012	let us not turn away from the bond between the church and Christ
e90013	turning their back on it altogether with that excuse
e90014	those who turn away from you
e90015	those who turn away from you, in the dust
e90016	they rebelled against the Most High
e90017	are you rebelling against the king
e90018	you disobeyed my word
e90019	the matter of who would betray him
e90020	because he was going to betray him
e90021	then we give back a blessing
e90022	they plot against me instead
e90023	it turned out instead to be scorn for me
e90024	they will plunder back your goods
e90025	that same hand now turns and destroys me
e90026	looking at his disciples he rebuked Peter
e90027	one came running back and praised God greatly
e90028	he ran straight back to look
e90029	one of them came running back
e90030	the cowardly, the faithless, those gone astray
e90031	the wicked themselves suffer instead
e90032	they repay us instead
e90033	make it fall back on their own heads
e90034	so that it would come back upon the head of Haman himself
e90035	its falling back upon his own head
e90036	make it fall back upon their own heads
e90037	the road I shall not return by
e90038	go back with me so that
e90039	they have been badly defeated in the fighting on land
e90040	let the dry land appear
e90041	on land where no one lives
e90042	dropped it down on the ground
e90043	an offering of fruit grown from the soil
e90044	some fell among rocks where there was not much soil
e90045	some fell on good soil
e90046	though its roots grow old in the ground
e90047	the Lord who made heaven and earth
e90048	the earth opened and swallowed Dathan
e90049	my help is from the Lord who made the earth
e90050	the rough ground will be made smooth
e90051	hardship does not come up from the ground by itself
e90052	she lies on the ground
e90053	the two of them went over on dry land
e90054	dragging you out onto the land
e90055	Field of Blood
e90056	he wrote on the ground with his finger
e90057	he stooped again and wrote on the ground with his finger
e90058	those who have debts are looked down on
e90059	I have a debt of 9.2 billion dollars
e90060	keeps paying debts and keeps working
e90061	there can be freedom from debt
e90062	until he had paid all his debt
e90063	they take the children of the poor for a debt
e90064	all who were in debt
e90065	in that year we will cancel all debts
e90066	his master called the debtor
e90067	sell the oil and pay your debts
e90068	they drink wine taken from debtors
e90069	creditors and debtors, rich and poor
e90070	lenders and borrowers
e90071	his creditor answered and
e90072	while he was looking at his debt papers
e90073	may the man he is in debt to seize all that he has
e90074	go and take the record of your debt
e90075	the man he was owing has come
e90076	to which of my creditors did I sell you
e90077	they are treated as mere clay pots
e90078	this treasure being put in earthen vessels
e90079	put them in an earthen vessel
e90080	go and buy an earthen vessel
e90081	is like earthenware coated with dross
e90082	six earthenware jars were set there
e90083	my strength is dried up like a piece of broken pot
e90084	bedding, bowls and clay pots, wheat
e90085	the precious thing inside the clay jar
e90086	put them in a clay jar
e90087	is like earthenware coated with dross
e90088	if the earthly tent we live in is destroyed
e90089	the foundations of the earth were laid bare
e90090	it fell on a rocky place of shallow soil
e90091	we sailed on past the cape of Salmone
e90092	they lived only in caves
e90093	roll great stones against the mouth of the cavern
e90094	they have been found hiding in the cavern at Makkedah
e90095	they came down on the cavern where I shelter
e90096	they hid in the cave at Makkedah
e90097	the field and the cave in it
e90098	he hid them in caves, fifty by fifty
e90099	escaped through a hole in the ground
e90100	the hole in the ground for defence was also dug in an L shape
e90101	people will hide in rock caves and in holes in the ground
e90102	they had to live in holes in the ground and among the rocks
e90103	in deserts, mountain valleys, holes in the ground and rock clefts
e90104	from among those who have gone down into the Pit
e90105	you have put me in the depths of the Pit
e90106	what gain is there in my death, in my going down to the Pit
e90107	you will be put down into the Pit, the deepest place
e90108	he escaped and fled to the cave of Adullam
e90109	they come down on me in the cave where I shelter
e90110	you will not let your faithful one see corruption
e90111	so as never to see corruption
e90112	yet you brought me up alive out of the pit
e90113	to live on for ever and never see the Pit
e90114	yet you brought me up alive from the Pit
e90115	you will not let your faithful one see decay
e90116	in rock caves, in caverns, among the rocks
e90117	they hid in the caves of the mountains
e90118	they made caves and strongholds
e90119	the field and the cave in it
e90120	5 tins of good soil, 1 tin of cow dung
e90121	its roots are firm and, as it is good soil, it grows strongly
e90122	he planted it in a place of good soil
e90123	they are like the good soil on which the seed fell
e90124	the good soil of Sharon has become like a desert
e90125	all the fertile land had become a desert
e90126	living in the broad and fertile land you gave
e90127	fertile land, pasture, a broad and quiet country
e90128	it fell on good soil and grew
e90129	because it fell on good soil it came up and grew
e90130	in good soil where it could get plenty of water
e90131	they live by themselves in fertile pastureland
e90132	even tongue and teeth can bite each other
e90133	even tongue and teeth bite each other
e90134	the tongue never bites the teeth
e90135	in India cancer of the tongue, cancer of the throat
e90136	scrape it with a tongue scraper
e90137	keep your tongue from evil
e90138	every tongue will praise God
e90139	as the tongue tastes food
e90140	the tongue is a fire
e90141	but the tongue no one can tame
e90142	their tongues will rot in their mouths
e90143	your tongues speak wickedness
e90144	burning them at the place where lime is burned at Kidron
e90145	to become lime used for hardening bricks
e90146	as though coated white with whitewash
e90147	because you are coated with whitewash
e90148	that was on dry land
e90149	he turned the sea into dry land
e90150	they went through the middle of the sea on dry land
e90151	Israel crossed this Jordan on dry ground
e90152	they stood on dry ground in the middle of the Jordan river
e90153	he turns springs into dry ground
e90154	as a parched land thirsts for water
e90155	parched land that always wants water
e90156	like a root in parched land
e90157	it has become a dry land and a desert
e90158	where no moth can eat it away
e90159	your defenses are only like clay
e90160	the stronghold they trust in crumbles like a clod
e90161	they bought a field of the potter
e90162	which he bought along with the field
e90163	with what could he buy his life back again
e90164	with what can he redeem it again
e90165	people will buy them again
e90166	it does not fall to the ground but can still fly
e90167	when the plane hit the ground
e90168	they raised it 37 metres into the air from the ground
e90169	he formed man from the dust of the ground
e90170	your brother's blood cries out to me from the ground
e90171	he casts the wicked to the ground
e90172	she leaves her eggs to the ground to be warmed
e90173	the beasts of the ground will eat them
e90174	is a bird caught for nothing in a trap on the ground
e90175	he told the crowd to sit down on the ground
e90176	the elders sit on the ground in silence
e90177	you shall pour its blood out on the ground like water
e90178	the ostrich leaves her eggs on the ground
e90179	not knowing what to say, I kept looking toward the ground
e90180	with his head bowed to the ground he went out slowly
e90181	with his face toward the ground before David
e90182	he bowed before the king with his face toward the ground
e90183	he bowed with his face to the ground
e90184	they fell with their faces to the ground
e90185	Bathsheba bowed with her face to the ground
e90186	they bowed before him with their faces downward
e90187	to be given to those skilled in building with earth and stone
e90188	to the builders in earth and stone and the stonecutters
e90189	he also sent men skilled in masonry
e90190	men skilled in masonry work and craftsmen
e90191	men skilled in masonry to build him a house
e90192	which can be seen from north and south
e90193	a great wind blows from the north
e90194	a building on the north side of the temple
e90195	rising on the north in front of Mikmash
e90196	this shall be your northern boundary
e90197	the hand of the people coming from the north
e90198	though I search the north
e90199	disaster from the north on all the people of this land
e90200	the northern boundary
e90201	also the runway on the north of the airport
e90202	the Kaladan River north of Paletwa
e90203	a monastery north of the capital city
e90204	to this day the northern Israelites
e90205	the kingdom of God has come as far as the ends of the earth
e90206	even if we live at the ends of the earth
e90207	they took Tuikaangpi to be the end of the earth
e90208	let all the ends of the earth fear him
e90209	he sees to all the ends of the earth
e90210	he makes wars cease to the ends of the earth
e90211	the ends of the earth tremble
e90212	the buying of burial land and the making of the bulletin
e90213	a copy of the UN card for buying insurance
e90214	all the income of the country is used for buying arms and ammunition
e90215	because of the grain they were buying
e90216	for buying timber and for cutting stone
e90217	for buying timber to repair the temple
e90218	you shall use the money for the purchase
e90219	for the purchase of dressed stones
e90220	it will be used for the purchase of fine clothes
e90221	the finest spices in trade for your goods
e90222	they gave ivory and ebony in trade
e90223	pack horses in trade for your goods
e90224	they gave saddle blankets in exchange for your goods
e90225	those who sell readily when people want to buy are praised
e90226	97% of the underground water is used every day
e90227	because there is very much oil underground
e90228	using many underground tunnels
e90229	but deep underground it is like fire
e90230	an order to go into the deep underground
e90231	whether on earth or below ground
e90232	or in the waters under the earth
e90233	God knows the things under the earth
e90234	any fish in the waters under the earth
e90235	the wicked will go to the realm of the dead
e90236	you have brought me up from the realm of the dead
e90237	God will redeem me from the power of the realm of the dead
e90238	the cords of the grave coiled around me
e90239	he brings down to the grave and raises up
e90240	one who goes down to the grave will never come back
e90241	when I go to the underworld, the land of the dead
e90242	their bones will be scattered at the mouth of the underworld
e90243	if I make my bed in the underworld, the land of the dead
e90244	you will not let me go to Sheol
e90245	whether from the depths of Sheol
e90246	do not let his head go down to Sheol in peace
e90247	it burns down to the land underground
e90248	it burns as far as the land of the dead
e90249	the buyer of goods to the seller of goods
e90250	it shall remain in the hand of its buyer
e90251	for its buyer to own for all generations
e90252	he shall reckon with his buyer
e90253	the heavens and the earth tremble
e90254	before them the earth shakes
e90255	I will shake the heavens and the earth, the sea and the dry land
e90256	that I am about to shake the heavens and the whole earth
e90257	those who have bought an RHB Insurance card too
e90258	plenty can be kept at home, bought
e90259	it is a land we bought at a great price
e90260	until the people you bought pass by
e90261	he had one little ewe lamb that he had bought
e90262	in the tomb that Abraham had purchased
e90263	give me my wife Michal whom I purchased
e90264	because you were purchased by God
e90265	buy me a woollen cloth
e90266	bought him a new pair of shoes with all the little money she had
e90267	the manager bought the worker the computer he wanted
e90268	do not at once buy them everything they want
e90269	you have not yet bought for me any fragrant cane
e90270	they had brick instead of stone
e90271	straw to the people for making bricks
e90272	hard labor with mortar and brick
e90273	let us make bricks and bake them thoroughly
e90274	treading the mortar to make bricks
e90275	make bricks
e90276	with the brick-making mould made ready
e90277	the bricks have fallen down
e90278	sand, gravel, brick, cement and all the timber
e90279	one brick 180 kyats
e90280	lives eating only brick, stone and dust
e90281	he made them labor at brick making
e90282	take a clay block and put it in front of you
e90283	within 2 days after we dig it out of the ground
e90284	our body is buried down in the ground
e90285	the underground resources are also very many
e90286	the one who received one thousand dug in the ground
e90287	it will sound from the ground like the voice of a ghost
e90288	leave the stump and its roots in the ground
e90289	because there was not much moisture in the ground
e90290	as the heavens are so high and the depths of the earth so deep
e90291	the deep darkness in the depths of the earth kept forever
e90292	there was water from underground to give it food
e90293	another beast coming up out of the earth
e90294	ever walked on the sea bed beneath the sea
e90295	the soil also wants water
e90296	the ground too was hot like hot ash
e90297	all the produce of their soil
e90298	your soil will not yield its crops
e90299	whether its soil is good earth or bad
e90300	he turns the dry ground into springs
e90301	to work the ground from which he was made
e90302	there are many of us Zomi on the land of Malaysia
e90303	there is no land to flee to in another country
e90304	only 10% of the land of the whole world is owned by them
e90305	your land is good
e90306	the land produced plentifully
e90307	his children will possess the land
e90308	the righteous will inherit the land
e90309	some of the fruit of that land
e90310	they showed them the fruit of that land
e90311	make a treaty with those who live in the land you go to
e90312	after you have gathered the crops of the land
e90313	they have lived in the land of Manipur and Mizoram since the year 1877
e90314	he let us meet as a family in the land of the US
e90315	bringing us to the land where milk and honey flow
e90316	live in the land that I will tell you
e90317	Isaac sowed seed in that land
e90318	to live in the land I am giving you
e90319	his brother Esau who was in the land of Seir
e90320	the barren lands can at once bear much good fruit
e90321	and giving life to the lands is the blessing of trees
e90322	when they had finished dividing those lands
e90323	I will give these lands
e90324	though they named lands after themselves
e90325	God curses the land that he owns
e90326	the small villages to the south of Gangaw town
e90327	Gaza is in the south of the west of Israel
e90328	some of our people who are in the south of the Tedim area
e90329	there were doors on the south side of the building
e90330	they were on the east, west, north and south
e90331	the boundary ran south of the people of En Tappuah
e90332	look toward the land of the south
e90333	the wind blows to the south
e90334	even though I search the south
e90335	while the south wind is blowing
e90336	do not take a loan of money from anyone
e90337	gave a loan without interest
e90338	may we reach a life of giving loans
e90339	those who take a loan become slaves of those who give it
e90340	the man to whom you make the loan
e90341	you will give loans to many nations
e90342	when you make a loan of anything
e90343	the things given in pledge by one who took on a debt of money
e90344	the garments they hold in pledge for a debt of money
e90345	not lending money at interest
e90346	he is generous and lends to others
e90347	garments held in pledge because of a loan of money
e90348	do not turn your back on those who borrow from you
e90349	go and buy some instead
e90350	the rice buyers were not foolish
e90351	sellers of goods and buyers of goods
e90352	between the sellers and the buyers
e90353	he drove out all the sellers and buyers inside
e90354	buyers of goods and sellers of goods
e90355	the buyers as though they had nothing
e90356	those who bought him sold him on as a slave into Egypt
e90357	you will speak from the depths of the earth
e90358	in the deep ground they swing down and up on ropes
e90359	there is water on the earth
e90360	the world will not end yet
e90361	in France, Spain and various places of the world
e90362	he shakes the earth
e90363	God created the heavens and the earth
e90364	you set the earth on its foundations
e90365	the earth swallowed them
e90366	the whole world had one language
e90367	all who live in the world
e90368	the world and those who live in it belong to the Lord
e90369	the earth will produce grain, new wine and oil
e90370	the earth is broken up and will be violently shaken
e90371	the world did not know him
e90372	if the people of the world hate you
e90373	before he made all the lands of the world
e90374	God called the dry ground land
e90375	all the lands are at rest and at peace
e90376	the land has yielded its harvest
e90377	the trees and plants that are on this earth
e90378	it was translated into the various languages on earth
e90379	the church is better than all the schools on earth
e90380	I call out to all people on earth
e90381	our days on earth are only a shadow
e90382	he was more humble than anyone on earth
e90383	truly there is a God who judges on earth
e90384	there are two great religions on earth
e90385	as long as you live on earth
e90386	on this earth we humans are travellers
e90387	the angel I saw standing on the sea and on the land
e90388	they will dwell on the land of ours
e90389	rain fell on earth
e90390	ever since mankind was first on the earth
e90391	in wrath you strode through the earth
e90392	he sends rain on earth
e90393	I rejoice on earth
e90394	the Son of God who is to come into the world
e90395	as you sent me into the world
e90396	though light has come into the world
e90397	the prophet who is said to come into the world
e90398	when the flood came on the earth
e90399	the merchants on earth also weeping because of her
e90400	do not set your desire on things on earth
e90401	there are many languages in the world
e90402	this thing is also the very first in the whole world
e90403	once the UN made a survey around the whole world
e90404	to the Zomi who are in the whole world
e90405	give the order for the whole world to attack
e90406	all the earth is watching very closely
e90407	Babylon, the praise of all the earth, has been taken
e90408	give the order for the whole world to attack
e90409	Babylon, the praise of the whole earth, has been taken
e90410	the way all the people of this world see and know
e90411	when he sees the hardships of the people of this world
e90412	just as we have borne the image of the earthly man
e90413	the wisdom of a person of this world is foolishness before God
e90414	I am a mortal man of this world
e90415	all the people of the world will be held guilty before God
e90416	like the people of the world, with long speeches in great places
e90417	we are God's people, and the people of the world too
e90418	if the people of the world hate you
e90419	not counting the sins of the people of the world
e90420	the people of the world listen to what they say
e90421	his Son to be the Saviour of the world
e90422	so that we are not condemned together with the earthly people
e90423	the worlds were formed by the command of God
e90424	the whole earth where people live, all the animals and the birds
e90425	go and look over all the earth
e90426	the Hebrews, out of the holes in the ground where they hid
e90427	God made man from dust
e90428	the log rots away and becomes dust
e90429	he saw at once that there was dirt and dust
e90430	mankind would return to dust
e90431	laid low, I am in the dust
e90432	she has silver and gold as plentiful as dust
e90433	before long it will turn to dust
e90434	every time the children have played with dirt
e90435	while he was throwing dirt, David
e90436	who, as numerous as the dust
e90437	remember that you made me from dust
e90438	I beat them as fine as dust
e90439	will the dust praise you
e90440	dust will be the food of the serpent
e90441	the hordes of enemies will be like blowing fine dust
e90442	there is gold in its dust
e90443	shake off the dust under your feet
e90444	they will lick the dust at your feet
e90445	they feel pity even for her dust
e90446	we are only like garbage and a speck of dust
e90447	you level its ridges and soften it with rain
e90448	their camp in the flatland of Moab by the Jordan
e90449	which is in the plains of Moab
e90450	when they overtook him in the plains of Jericho
e90451	they headed toward the plain of the Arabah
e90452	I stand on level ground
e90453	on the plains of Moab by the Jordan the Lord
e90454	they camped on the plains of Moab
e90455	they overtook Zedekiah in the plains of Jericho
e90456	spoke to them on the plains of Moab
e90457	if possible, let us try hard to be able to buy it
e90458	if we are not able to buy it with one purchase
e90459	nor is it something that can be bought with such articles
e90460	with the money he had saved he was able to buy a typewriter
e90461	he simply became a man who can buy a new house
e90462	everyone can buy it easily
e90463	only skin can buy skin
e90464	opposite the cape of Salmone
e90465	on God's balance there is none who weighs enough
e90466	on the balance they do not weigh enough
e90467	you have been weighed and found too light
e90468	the mouse it is going to eat skipping about in front of it
e90469	like a flock of goats skipping along
e90470	like a flock of goats skipping down Mount Gilead
e90471	the nineteenth, Mallothi
e90472	by merely adding it
e90473	it is merely whether we think of it or not
e90474	one can just look for another job
e90475	I just think that what he told us is right
e90476	they are only like a shadow
e90477	your sayings are only like ashes
e90478	they were only human
e90479	what is a mere son of man
e90480	servants are not made wise by merely instructing with words
e90481	it is merely their following of human commands
e90482	if you just give the word
e90483	your servant who is just a dog
e90484	I who am nothing but dust and ashes
e90485	the one that shines brightly flickers now and then
e90486	shining brightly like a light
e90487	his glory made the earth shine brightly
e90488	when they began to lose the war
e90489	it is a team that has not lost in the matches
e90490	one thing in which we Zomi fail badly
e90491	if I am overcome by the Syrians
e90492	if they are entangled again and overcome
e90493	if you are no match for the Ammonites
e90494	that I may in no way fail in my duty
e90495	made to carry wood, they bear it though failing under the load
e90496	that the good advice of Ahithophel would be defeated
e90497	when the king of Moab saw his defeat
e90498	when they saw that they had been beaten by Israel
e90499	their defeat in the Crusade war too
e90500	the victory of others over you is also your defeat
e90501	bear defeat well
e90502	you will suffer defeat
e90503	nor is it the cry of defeat
e90504	he will make them suffer defeat before you
e90505	death will suffer defeat
e90506	they are made to carry it, staggering
e90507	Mordecai, whom you have now begun to lose to
e90508	Mordecai, whom you have now begun to fall before
e90509	if I am overcome by the Syrians
e90510	if you are no match for the Ammonites
e90511	if you work merely the same as others
e90512	just let him do as he wishes
e90513	merely having to change the phone number
e90514	do you act merely as humans do
e90515	you regard us as mere cattle
e90516	counting your gold as just dust
e90517	do you count it as only as long as ours
e90518	what can mere humans do to me
e90519	why do you fear mere mortals
e90520	your being only human will be shown
e90521	let the nations know that they are only human
e90522	not because of merely being circumcised
e90523	acquitting the innocent and condemning the guilty
e90524	do not make him lose his case when he is in the right
e90525	I just kept rubbing my eyes
e90526	although the colt is merely an animal
e90527	merely because of one small matter
e90528	are mere creatures like them worth counting
e90529	how much more can you judge mere small matters
e90530	just what are they to me
e90531	what are these gods after all
e90532	they are not merely weapons of the world
e90533	leaving behind the mere beginnings
e90534	merely worldly sorrow brings death
e90535	you think words that are no more than empty sound deserve anger
e90536	what can those who are only human do to me
e90537	just as they spoke of the gods
e90538	the builders who repaired you
e90539	the craftsmen who caulked you were from the city of Gebal
e90540	unrolling the scroll, the place he wished to read
e90541	take away the stone
e90542	they removed the stone
e90543	bringing fathers and children to agreement he will reconcile them
e90544	he will reconcile children with their fathers
e90545	hold your phone well
e90546	holding positions across all the organisations
e90547	Jesus took hold of the hand of the girl
e90548	to hold the poles for carrying the table
e90549	I take hold of your right hand
e90550	he grasped the heel of Esau
e90551	I have grasped that prize
e90552	he reached out his hand to the ark of God and grasped it
e90553	do not hold them back any longer
e90554	do not handle
e90555	my mother held me tight
e90556	they still hold on to the main powers
e90557	the bear gripped the man
e90558	I embraced him and held him fast
e90559	the people hold them fast and no longer let them go back
e90560	hold the door fast with strength
e90561	anguish has gripped us
e90562	because death could not keep its grip on him
e90563	from the law that binds her to her husband
e90564	from the law that once bound us
e90565	he clings to his house, but it does not hold
e90566	hold on to instruction, do not let it go
e90567	those who took them away hold them fast and will not let them return
e90568	they were holding back the four winds of the earth
e90569	if we do not use it, we become lazy
e90570	if one looks from Haiciin, it is seen from afar
e90571	if we study our customs again now, are we already late?
e90572	if I kept sin in my heart
e90573	if I die, it will be better
e90574	if only I could have my request
e90575	even if I washed my hands with lye
e90576	even if I have truly gone astray
e90577	planting a grape vine
e90578	eat plenty of grapes too
e90579	there will be no more grapes in their fields
e90580	no one treads the grapes with shouts of joy
e90581	they have ruined my vineyard
e90582	your grapes and your figs
e90583	to be fed daily with food and wine
e90584	give them wine to drink
e90585	not giving them the food and wine of the king
e90586	she is not like wine poured from jar to jar
e90587	another bird came flying over him and perched on his head
e90588	they can stay flying in the air for about 3 hours
e90589	soaring on high like the eagle
e90590	Libnah revolted at that same time
e90591	Edom revolted and set up a king of their own
e90592	the Edomites rebelled against the rule of Judah
e90593	Edom rebelled against the rule of Judah and set up a king of their own
e90594	Libnah also broke away from his rule
e90595	earth and heaven fled away from his presence
e90596	even the flesh of their shoulders came right off
e90597	your face overwhelms me
e90598	it can suddenly fly away like an eagle
e90599	they were blown away like chaff in summer
e90600	to God mint, dill and cumin
e90601	to God mint, rue and every garden herb
e90602	resting on wheels of fire
e90603	it is heard that a rumour is being passed on
e90604	hearing a report, to his own land
e90605	he will not decide by mere hearsay
e90606	the spear came out through his back
e90607	she flew down by plane at once
e90608	with a swallow that flies down and flies up
e90609	smoke and flames flying up steadily into the sky
e90610	it has never once flown up
e90611	flew up again from Mandalay to Kalaymyo
e90612	even if I should bear sons
e90613	even if I said I had hope of a husband
e90614	taking hold of his hand, I spoke to him
e90615	taking hold of the hand, I held him to my breast
e90616	the first Christians, holding firmly to the faith
e90617	taking hold of the new cloak he wore, into twelve pieces
e90618	he took hold of his clothes and tore them
e90619	he reached out his hand, took hold of him and kissed him
e90620	holding firmly to the teachings
e90621	grasping one with his right hand and one with his left
e90622	Jesus at once reached out his hand, grasping Peter
e90623	seizing his brother in the house of his father
e90624	seizing his concubine, limb by limb
e90625	he, seizing you firmly
e90626	one who looks back while holding the plow
e90627	it sweeps them away like chaff
e90628	he touched me again
e90629	the Lord who held back his servant from evil
e90630	his big hands held the steering wheel more and more firmly
e90631	hold fast first to the things that are most needed
e90632	hate what is bad and hold fast to what is good
e90633	the people who hold fast to this
e90634	let us hold fast what we confess without wavering
e90635	everyone who holds fast to my covenant
e90636	to hold firmly to the message that agrees with the faith
e90637	he held firmly to his kingdom
e90638	the mast cannot be held firmly
e90639	hate what is evil, cling to what is good
e90640	they cling to false idols
e90641	cling to all that you have
e90642	holding fast the covenant between you and me
e90643	all those who hold fast to the Lord your God
e90644	do not hold on to me any longer
e90645	as the holder of the rudder wishes
e90646	the wind blew on us and carried us along
e90647	the spirit, lifting me up into the sky, to the city of Jerusalem
e90648	you make me fly on the wind
e90649	if your armpit smells bad
e90650	around the breast and the armpit
e90651	pad the old cloths between your armpits and the ropes
e90652	like overflowing streams that soon vanish
e90653	the Jordan overflows all its banks
e90654	it will flood out and come flowing
e90655	they filled them to the brim
e90656	our failing once to pick up the phone
e90657	from 2003 I began to hold a guitar
e90658	if you still hold them back
e90659	if we hold firmly to the end
e90660	so that I may take hold of that prize
e90661	if each of us holds firmly the confidence we have
e90662	Cyrus his anointed, whom he holds by the right hand
e90663	when he took the girl by the hand
e90664	run me right through with it
e90665	they will pierce them through with their arrows
e90666	run me through with it
e90667	they have pierced themselves through
e90668	carrying him up onto the roof they opened right through the roof
e90669	so that we may firmly hold fast
e90670	if you find a diamond in your yard it will be the government's
e90671	if you just move away you will feel better at once
e90672	if you ask any believer
e90673	if you worship me all these will be yours
e90674	if only you had listened to my commands
e90675	if only you would first tell us your dream
e90676	if only you had given my money to the bankers
e90677	we want you to open our eyes
e90678	it is good to learn to bear it
e90679	he ran him through and he died
e90680	these pagans will come and run me right through
e90681	tears fill them to overflowing and flow
e90682	the wine vat so full that it overflows
e90683	it can overflow at the mouth
e90684	it will overflow and come flooding
e90685	the wealth of the nations like water flooding over
e90686	a little bird that the wind blew away from its nest
e90687	like straw that the wind blows away
e90688	we are like dry leaves the wind blows away
e90689	make them like chaff driven away by the wind
e90690	chaff that the wind drives away from the threshing floor
e90691	my dignity is gone as if swept away by the wind
e90692	clouds that the wind carries away
e90693	a tree whose blossoms the wind blows away
e90694	we also need to hold firmly to what we want
e90695	truth and faithfulness are what I hold fast to
e90696	it is very important that we hold our position firmly
e90697	we must hold firmly and securely
e90698	desperate words that the wind blows away
e90699	Transplant the seedlings when they reach 4-6 inches
e90700	He is six feet and four inches
e90701	Cut off 2-3 inches from the base
e90702	each was two feet and three inches wide
e90703	each shall be two feet and three inches
e90704	its length three feet and nine inches
e90705	a span long and a span wide
e90706	like the signet ring on my hand
e90707	even though you are like my signet
e90708	if you have hold of a position among the Zomi
e90709	I was able to hold his hand and am very satisfied
e90710	to strengthen his hold on the royal power
e90711	while holding the handle of the plow
e90712	he sent it as a gift to the king of Assyria
e90713	I give you your priestly service as a gift
e90714	they are sent as a gift to my lord Esau
e90715	to present it as an offering to the Lord
e90716	they gave myrrh as an offering
e90717	gifts are important
e90718	not that the gifts of the Spirit are not to be desired
e90719	he was sent to receive the Zomi leaders and the gifts
e90720	the gifts they had brought, into the house
e90721	they dedicated gifts
e90722	precious stones and costly gifts
e90723	bringing gifts to the Lord
e90724	they brought Jehoshaphat presents and silver as tribute
e90725	accept my presents from my hand
e90726	take the presents they have given
e90727	the treasuries for the dedicated things
e90728	the dedicated things of his father
e90729	his own dedicated things, silver and gold
e90730	your shipwrights and all your merchants
e90731	the shipwrights who worked on you were men of Gebal
e90732	it says in turn that they go in a mass
e90733	the eagle in turn waits for the storm to blow
e90734	the Guite in turn explain it like this
e90735	she bore his brother Abel too
e90736	when he saw him he too passed by on the other side
e90737	he too died without children
e90738	he has taken my blessing too
e90739	the discussion was divided into four parts
e90740	it may also be four or five months
e90741	four days
e90742	I looked up and saw four horns
e90743	each of them had four faces and four wings
e90744	he had four daughters who prophesied
e90745	the ones to shield, protect and lead the family are the fathers
e90746	only the people will be able to shield us
e90747	sin not only hides God's face
e90748	it still covers their hearts
e90749	he acts to cover the moon
e90750	he spread a cloud to cover them
e90751	will overshadow you
e90752	its shadow overshadowed them
e90753	so that his shadow might overshadow them
e90754	to give shade from the heat by day
e90755	to shade Jonah and ease his discomfort
e90756	shade us like the shadow of a tree
e90757	hide us from the wrath of the Lamb
e90758	a cloud hid him
e90759	your sins have hidden his face
e90760	as an ox licks up the grass of the field
e90761	as a dog laps
e90762	as she went down in the shelter of the hill
e90763	dark shadows cover my eyelids completely
e90764	covering their faces with two
e90765	with two they covered their faces, with two their feet
e90766	so that his shadow might fall upon the sick
e90767	they came and kept licking his sores
e90768	your taking refuge in the shade of Egypt
e90769	one who dwells in the shelter of the Most High
e90770	make your shadow like the dark of night
e90771	to seek refuge in the protection of Egypt
e90772	a veil still covers their hearts
e90773	I will cover the sun with a cloud
e90774	others consume what he owns
e90775	I am left only barely alive
e90776	I will let them only just escape
e90777	if it is only just possible, choosing one's work well is very important
e90778	I am left only barely alive
e90779	they barely kept them from sacrificing to them
e90780	if the righteous are only barely saved
e90781	you will narrowly escape with your life
e90782	they will live, narrowly escaping
e90783	they will only just escape
e90784	I will let you only just escape with your life
e90785	they licked his sores
e90786	may his enemies lick the dust
e90787	dogs will lick up your blood
e90788	it licked up even the water in the trench
e90789	with the three hundred men who lapped the water
e90790	everyone who laps water with his tongue
e90791	those who lapped the water, putting hand to mouth
e90792	licking dust like a snake
e90793	they will lick up all the people around
e90794	there are some who devour the needy
e90795	they will drink it down to the dregs
e90796	the commotions on the hills are truly a deception
e90797	it is said there were no dead or wounded at all
e90798	like the wounded in the streets
e90799	the cries of the wounded and the dying in the city
e90800	when he saw the wounded man
e90801	a man from Shwebo village was also injured
e90802	on the PDF side 2 died and 7 were injured
e90803	but he was not badly hurt
e90804	he will be injured in the splitting of wood
e90805	if it is injured or dies while the owner is away
e90806	Ahaziah fell and injured himself
e90807	because I am badly wounded
e90808	suddenly they will be wounded
e90809	who is wounded without cause
e90810	though they beat me, I am not hurt
e90811	he shut the mouths of the lions so that I would not be hurt
e90812	they are not hurt at all
e90813	the driver of the freight train was also badly wounded
e90814	9 other people were also badly wounded
e90815	no longer able to get up, he was badly wounded
e90816	3 others were also injured and taken to hospital
e90817	only his hand was injured and it is not serious, it is said
e90818	many were wounded and fell
e90819	they ran out of the house naked and wounded
e90820	you will be injured and snared
e90821	in all, 14 people were injured
e90822	a citizen of Bangladesh was injured
e90823	156 passengers were injured in the train collision
e90824	any nation will get hurt
e90825	he dressed the young man's wounds well
e90826	there are still 6 patients being cared for in hospital with injuries
e90827	he got some injuries
e90828	that wound had been healed
e90829	there is no remedy for your wound
e90830	the blood flowing from his wound
e90831	though he wounds, he will bind up the wound
e90832	binding up the injury of the wounded
e90833	your whole head is full of sores
e90834	your injury cannot be healed
e90835	the Lord binding up the injury of his people
e90836	he gently washed his wounds
e90837	showing the wounds of his hands and feet
e90838	hands that dress people's wounds
e90839	he poured oil and wine on his wounds
e90840	I will heal your wounds
e90841	get balm for her wounds
e90842	the female nurse had no injury at all
e90843	time can simply heal wounds
e90844	because that man too got an injury he is cared for at the Area Hospital
e90845	by his wounds we are healed
e90846	wound for wound, bruise for bruise
e90847	my wound is severe
e90848	when Judah saw his wound
e90849	binding up the injury of the wounded
e90850	though he wounds, he will bind up the injury
e90851	your injury cannot be healed
e90852	my sore cannot be healed
e90853	because of my folly my wounds fester and stink
e90854	he will bind up our wounds
e90855	by his wounds we have been healed
e90856	I see only sickness and wounds
e90857	you have not bound up their injuries
e90858	your injuries will quickly be healed
e90859	the injuries he received at Ramah
e90860	though it was wounded with a deadly blow
e90861	leaving him severely wounded
e90862	because 15 people were injured, they were taken to hospital at once
e90863	he also injured about 6 others, it is said
e90864	killing, wounding and maiming people is forbidden
e90865	the archers wounded him
e90866	the man struck him and wounded him
e90867	though he wounds, he binds up the wound
e90868	though our friends happen to wound us
e90869	though he has injured us
e90870	they injure a pregnant woman
e90871	but it did not injure him
e90872	with their tails they hurt people
e90873	the stones will hurt him
e90874	after they had hurt the head of that man
e90875	they wounded his head badly
e90876	he wounded Shobak the commander of their army, and he died there
e90877	he strikes him, wounds him and kills him
e90878	if it injures the bull of another and it dies
e90879	will be charged for wounding another person with a weapon
e90880	robbing and wounding another person
e90881	the injuries inflicted on him at Ramah
e90882	at Ramoth Gilead, the place where the Arameans wounded Joram
e90883	the wounds the Arameans had inflicted on him
e90884	the one whom you have wounded
e90885	whom did I hurt
e90886	whom did we hurt
e90887	will not attack and harm you
e90888	among the injured there was also a media worker
e90889	the wounded were moved out in haste
e90890	that the injured too may quickly recover
e90891	binding up the wounds of the injured
e90892	the wounded will groan
e90893	the wounded of the Philistines fell along the road
e90894	not healing the injured
e90895	is the love for God and for others greater and greater?
e90896	the Lord is great in Zion
e90897	the Lord is great and greatly to be praised
e90898	his name is great in Israel
e90899	David became greater and greater
e90900	go on to great Hamath
e90901	Zephaniah the priest second in rank
e90902	they made a huge fire
e90903	costly stones, huge stones, some of eight cubits
e90904	his voice was like the sound of vast waters
e90905	all this vast multitude
e90906	do you know how vast the earth is
e90907	a great nation from the ends of the earth
e90908	why has so great a thing come to me
e90909	you have done all this great thing
e90910	the plague was very severe
e90911	I am one entrusted with a great office
e90912	the chief priest, in order to make that matter clear
e90913	has never met with the greatest hardship
e90914	which of them is the greatest
e90915	which is the greatest commandment
e90916	of the three, love is the greatest
e90917	the chief city of Macedonia
e90918	on me, the chief of sinners
e90919	as for the chief advantage
e90920	which is the foremost commandment
e90921	desire the greater ones among the gifts
e90922	let it drop off from the joint of my shoulder
e90923	put in the meat, the leg, the shoulder, the best pieces
e90924	to the priests the shoulder and the two cheeks
e90925	he makes his dwelling between his shoulders
e90926	the boiled shoulder of the ram
e90927	I could not even speak it out
e90928	they want to help people even to the point of going without food
e90929	one will manage to practise even by staying up at night
e90930	she even abandons her young
e90931	could you not even keep watch with me
e90932	because they even tremble with fear
e90933	he will not so much as bring it back to his mouth
e90934	I have often gone even without sleep
e90935	they felt so glad that they could not even speak
e90936	it is eaten to the point that the nose runs
e90937	they were to the point of being unable to speak
e90938	we went to the point of having no food or sleep
e90939	to the point of neglecting the teaching of God's word
e90940	though we go even without sleep day and night
e90941	by leg and shoulder, into twelve pieces
e90942	he fastened them on the shoulder pieces of the ephod
e90943	they made shoulder pieces for the ephod
e90944	at the front, below the two shoulder pieces of the ephod
e90945	to the front of the shoulder straps of the ephod
e90946	you shall fasten the two stones on the shoulder straps
e90947	it shall have two attached shoulder pieces
e90948	shoulder to shoulder as equals with the other peoples
e90949	shoulder to shoulder with, as equals
e90950	the priest laid his hand on my shoulder
e90951	the rule rests upon His shoulder
e90952	he pulled up the gate and carried it on his shoulder
e90953	he joyfully carries it on his shoulder
e90954	he bent his shoulder to bear the load
e90955	all the people came only up to his shoulder
e90956	the Levites, on their shoulders
e90957	continuing to the northern slope of Beth Arabah
e90958	going up the northern slope of Jericho
e90959	it will reach as far as the slope of the Sea of Kinnereth
e90960	going along the northern side, it went down to Beth Shemesh
e90961	the southern side of the land of the Jebusites
e90962	on the southern side the boundary went up the valley of the son of Hinnom
e90963	a bronze javelin was slung between his shoulders
e90964	even the flesh of their shoulders was rubbed raw
e90965	it will make one a great person and bring honour
e90966	he made Nebuchadnezzar a great king
e90967	the outcry against them is great and their sin very grievous
e90968	there is the sea, great and very wide
e90969	the city was large and spacious
e90970	their cities are large and walled up to the sky
e90971	large cities fortified with walls up to the sky
e90972	the Lord alone will be exalted
e90973	he will be exalted and lifted up
e90974	all who humble themselves will be exalted
e90975	its branches will not grow big again
e90976	I give a bottle each to those who want one, every time
e90977	he sits there at the set times without fail
e90978	when they shoot they unfailingly shoot dead
e90979	when they shoot with the bow they kill every time
e90980	that responsibility will be very great indeed
e90981	he suffered overwhelming self-blame
e90982	because the hole too has become too great
e90983	the burden is too great for me
e90984	things too great and too wonderful for me
e90985	it is not too great a thing
e90986	because our suffering was very great
e90987	because our longing is very great
e90988	because the sorrow of my heart is overwhelming
e90989	because the disaster I will bring is so great
e90990	hear the word of the great king
e90991	our Lord Jesus, the great Shepherd
e90992	the city of the great King
e90993	this great man said
e90994	through his death becoming the great Shepherd
e90995	among the 10 greatest cities of the world
e90996	God's greatest enemy is Satan
e90997	the 3 greatest religions in the world
e90998	the greatest among you, your servant
e90999	it is the first and greatest commandment
e91000	let the greatest be like the least
e91001	it was the most important high place
e91002	the most important commandment is
e91003	which commandment is the most important
e91004	above my highest joy
e91005	the Most High God has shown me signs
e91006	he will be called the Son of the Most High God
e91007	the people of the Most High God will receive the kingship
e91008	you will be called the prophet of the Most High God
e91009	we have such a high priest
e91010	who should be considered the greatest
e91011	they thought their city the greatest
e91012	I will make him as the highest among the kings of the earth
e91013	God set him in the highest place
e91014	the chief official gave them new names
e91015	his chief officer and one of his officials
e91016	with Seraiah the highest priest
e91017	to the greatest ones who governed and to the officials
e91018	one of the chiefs of his army
e91019	and with all the family of the chiefs of the priests
e91020	fleets of the largest ships of Tarshish carried them
e91021	the Jewish chief priests, with blood not their own
e91022	health is also a great wealth
e91023	Tedim now needs a big airport
e91024	great trouble arose in the household of David
e91025	it can bring great gain
e91026	fools are given great rank
e91027	he has great steadfast love
e91028	he owned large flocks, female servants, camels and donkeys
e91029	he made two hundred large shields of gold
e91030	take a large tablet
e91031	rolling a big stone
e91032	they threw him into a big pit in the forest
e91033	he took a big stone
e91034	than the very great companies
e91035	it is necessary to have great visions
e91036	there are very great trees that can be sawn
e91037	you have killed many and fought great wars
e91038	the second beast performed great signs
e91039	you who made me meet great troubles
e91040	it can bring about very great evils
e91041	they will perform very great signs and wonders
e91042	they would charge him with very great crimes
e91043	he did mighty miracles
e91044	he who did mighty things by his powerful hand
e91045	you have done mighty things
e91046	even in the very great countries
e91047	very great things begin from the very small
e91048	they do very great works such as publishing
e91049	they will plunder their very great houses
e91050	you who have made me meet very great troubles
e91051	they built huge houses
e91052	they fill their huge houses
e91053	the huge pillars will fall to the ground
e91054	in the great Zomi organisations
e91055	great changes can come about
e91056	including the large companies
e91057	he has done great things for us
e91058	the great waters foamed
e91059	I will tell you great hidden things
e91060	who can tell the mighty acts
e91061	with mighty acts of judgment out of the land of Egypt
e91062	roll large stones to the mouth of the cave
e91063	considering these buildings great, you find them very grand
e91064	made the people's trust greater and greater
e91065	I will make your name great
e91066	he always exalts God
e91067	he makes nations strong and great
e91068	I will make your name great
e91069	he will exalt you to inherit the land
e91070	the Lord exalted Joshua
e91071	he is the God of my father, I will exalt him
e91072	am I not able to promote you
e91073	he promoted him in rank and made him rule all Babylon
e91074	I will truly promote you to honour
e91075	the Lord was pleased to make his law great and glorious
e91076	raising you up from among the people
e91077	the one who makes the small trees grow
e91078	I have exalted a man
e91079	some countries locked down the large cities
e91080	most of these large churches
e91081	among the great peoples
e91082	the great houses will be smashed and the small houses broken to bits
e91083	you great sea creatures and all ocean depths
e91084	to him who struck down great kings
e91085	Pilate called the chief priests, the elders and the people
e91086	a crowd sent by the chief priests and elders
e91087	the chief priests and the leaders of the Jews
e91088	to hurl arrows and large stones
e91089	you destroyed the large ships called Tarshish
e91090	nations larger and stronger than you
e91091	is their land larger than your land
e91092	it was also larger than the town of Ai
e91093	peoples larger and stronger than you
e91094	my God is greater than you
e91095	a greater success is gained
e91096	his trust in God is greater than his fear
e91097	one greater than the temple
e91098	God is greater than man
e91099	no one has greater love
e91100	a servant is not greater than his master
e91101	how he had placed him higher than all the others
e91102	may he make his throne greater
e91103	the greater ones bless the lesser
e91104	they swear by those who are greater than themselves
e91105	even after my body had become big
e91106	when the trouble became bigger and bigger
e91107	although it is bigger than a mithun
e91108	when the wicked become great
e91109	the sin of the people of Judah is very great
e91110	when he measured how great the sea should be
e91111	the Lord has kept you from becoming great in name
e91112	when the wicked become great, others hide
e91113	though his body has grown big
e91114	praise him according to his surpassing greatness
e91115	it will be important that the trouble does not become too great
e91116	she became a very great lady
e91117	it is because your sin is very great
e91118	it is because of the greatness of your sin
e91119	wealth and greatness will follow us at once
e91120	because of God's greatness and his mercy to us
e91121	many people will see the greatness of his power
e91122	it is rather because your wickedness is great
e91123	you have brought about all this great thing
e91124	using your power and your great rank
e91125	tell of the greatness of God
e91126	his greatness no one can fathom
e91127	we cannot fully know the greatness of God
e91128	with your splendor and majesty
e91129	who is on the clouds in his majesty
e91130	and majesty are yours
e91131	honor and greatness are before him
e91132	the wealth and all the glory and honour will be brought into that city
e91133	so that we can make our people great
e91134	I will begin to exalt you
e91135	to make great and to give strength
e91136	he realized the exaltation of his kingdom
e91137	to make great and to make strong
e91138	so that the grace of God may be able to increase
e91139	just as the name he gave is superior
e91140	you have shown that your word is greater
e91141	his superiority over all other gods
e91142	the foul-mouthed pays a mithun as a fine
e91143	because he had nothing to pay with
e91144	he is at once made to pay a fine
e91145	those who paid taxes for 2019 will get it as well
e91146	you shall pay a fine of one talent of silver
e91147	he shall pay as the judges decide
e91148	until you have paid the coin you owe
e91149	does he not pay the temple tax
e91150	another man paid the fine for him
e91151	SMRT was fined $400,000
e91152	they say one can also be fined up to RM10,000
e91153	they fined them all the same
e91154	they shall fine him a hundred shekels of silver
e91155	having nothing at all for his fine
e91156	prison and a fine can both be imposed together
e91157	they first make them pay a fine for staying without a permit
e91158	until you have paid your fine
e91159	they set out from Libnah
e91160	your temples glow bright red
e91161	he is like fine flowers in full bloom
e91162	from behind your veil your temples glow bright red
e91163	the river divided and became four
e91164	it is so big that 20 men cannot lift it
e91165	lifting out the gate and carrying it on his shoulder
e91166	they shall not lift even a foot
e91167	when they lift their club against you
e91168	you shall not lift the tools you use
e91169	I have raised my hand
e91170	those who raised their hand against the king
e91171	that you were not afraid to raise your hand
e91172	any nation that tries to move it
e91173	he moved a stone slab to the door of the tomb
e91174	at the new moon, at the full moon, on our feast day
e91175	as if the club would use the one who lifts it up
e91176	just as if a club were to wield him
e91177	if you want to shelter in its shade, do not cut its branches
e91178	having no shade to shelter in
e91179	the one who stays in the shadow of the Almighty
e91180	is like the evening shadow
e91181	those who sit in the land of the shadow of death
e91182	I love to sit in his shade
e91183	as the shade of a cloud cools the heat
e91184	they will be like the shade of a great rock in a hot land
e91185	I will take refuge in the shadow of your wings
e91186	people take refuge in the shadow of your wings
e91187	hide me in the shadow of your wings
e91188	she will brood her young in the shade of her wings
e91189	I love to sit in the shade he casts
e91190	come and take refuge in the shade I cast
e91191	after Peter went out to the gateway
e91192	they made its shade their refuge
e91193	all who sheltered in its shade
e91194	they made its shade their birthing place
e91195	under whose shelter you have come to take refuge
e91196	they overshadowed the mercy seat
e91197	they overshadowed the atonement cover with their wings
e91198	its shade covered the great mountains well
e91199	an overhang of wooden boards was made
e91200	overshadowing the mercy seat with their wings
e91201	you are seeing the shadows of the mountains as men
e91202	our shadows are growing long
e91203	fear and trembling have come upon me
e91204	trembling seized the leaders of Moab
e91205	I saw the trembling of the people of Midian
e91206	the darkness has become my shaking
e91207	Agag came to him shaking with fear
e91208	a shaking heart, weary eyes and a failing of life
e91209	we shall tremble in fear before him
e91210	feeling very cold, people were even shaking
e91211	each will ask while fearing and trembling
e91212	the mountains trembled before you
e91213	the earth sees and trembles
e91214	they have heard, and they tremble
e91215	the guards also shook for fear of the angel
e91216	let the earth shake
e91217	the mountains quake before him
e91218	the earth quakes before them
e91219	I fear and quake
e91220	the earth quaked and the rocks also split
e91221	their hands trembling with fear
e91222	they trembled violently
e91223	I was weak, afraid and trembling
e91224	she came trembling and fell down before Jesus
e91225	the foundations of the heavens were shaking and moved
e91226	Moses, shaking, did not dare to look
e91227	all the people sat shaking in the rain, distressed
e91228	they come quaking out of their strongholds
e91229	it makes everyone tremble
e91230	our hearts being badly shaken, we ourselves
e91231	the common people did not get to be terrified
e91232	you will tremble
e91233	those who once made other nations tremble
e91234	shudder, you who feel secure
e91235	I saw one who walked trembling
e91236	I tremble for love of you
e91237	the elders of the town came trembling to meet him
e91238	Ahimelek, in fear, to meet David
e91239	God shakes the mountains
e91240	you have shaken the land
e91241	I will once more shake even the heavens
e91242	I will make the heavens tremble with fear
e91243	the enemies will make you tremble
e91244	I will make everyone tremble with fear
e91245	the one who shakes the earth, who rocked kingdoms
e91246	he rolled a large stone slab
e91247	roll large stones against the mouth of the cave
e91248	roll the stone away
e91249	they took away the stone
e91250	any nation that tries to roll it away
e91251	after he rolled away the stone that closed the tomb
e91252	after he rolled back the great stone, on it
e91253	who will roll away for us the great stone
e91254	roll them against the mouth of the cave
e91255	do you believe your fists will still be strong
e91256	just as if it would lift him up like a club
e91257	currency notes that carry the image of the leaders of Myanmar
e91258	bearing the image and likeness of God
e91259	let us make man in our image, after our likeness
e91260	he created him in the image of God
e91261	when I look at the pictures of the patriotic leaders
e91262	if one draws pictures on the wall
e91263	her picture can still be seen in the Louvre Museum in France
e91264	pictures of snakes all over the walls
e91265	he is a picture of the one who was to come
e91266	having no form or shape
e91267	taking the form of a slave
e91268	he took on the form of a servant
e91269	in the likeness of whom do you make yourself
e91270	I will take refuge in the shadow of your wings
e91271	after he went out to the entryway
e91272	the hosts also treated us very well
e91273	whoever welcomes one such child
e91274	the Galileans welcomed him warmly
e91275	whoever welcomes this child
e91276	you have treated your servant well
e91277	he treated Abram very well
e91278	we will treat you well
e91279	whoever receives kindly one such little child
e91280	the news of your kindness to them
e91281	today you have shown your good treatment of me
e91282	the news of the welcome you gave us
e91283	it is the time when we first eat the good new crop together
e91284	their food and drink too became rather better
e91285	you were once like choice wine
e91286	it was one ox and six choice sheep
e91287	with all the most choice parts of what Israel offers
e91288	very good, like the early ripening ones
e91289	taking the very best of them
e91290	with your feeding only on good pasture
e91291	the good ones are very good
e91292	all the finest oil
e91293	the people spared the best sheep and cattle
e91294	all the best of the firstfruits
e91295	taking all the best from among them
e91296	your choicest offerings and your holy gifts
e91297	bring our fattest calf and kill it
e91298	you have even killed the fattest calf
e91299	the choicest fruits grow there
e91300	let him eat its choicest fruits
e91301	use the meat of the best sheep
e91302	put in the shoulder, the finest pieces
e91303	he brought the choice parts of the meat
e91304	where will you get anything better than this water
e91305	food eaten in secret is especially delicious
e91306	they use that as a sign of respect
e91307	it is now seen as a sign of life beginning out of death
e91308	I gave the command to keep the Sabbaths as a sign of the agreement
e91309	long ago wearing sackcloth as a sign of repentance
e91310	the old men stood up as a sign of respect for me
e91311	they put on sackcloth as a token of mourning
e91312	they will put on sackcloth as a token of grief
e91313	you made them as an image of a man
e91314	an idol carved as an image resembling anything at all
e91315	they serve in the likeness of what is in heaven
e91316	to take good care of them especially is more necessary
e91317	if there are signs, have it seen at the hospital quickly
e91318	it is a sign of truth and honesty
e91319	so that all these things might be an example
e91320	like a signal on a hilltop
e91321	he gave the woman a mirror to look at herself
e91322	like a mirror it lets us see ourselves again
e91323	a large mirror had been set up
e91324	that man looks at his own face in a mirror
e91325	we look into a mirror without seeing clearly
e91326	as we look in a mirror with unveiled face
e91327	pure gold like clear glass
e91328	there was something like a sea of clear glass
e91329	what was like a sea of glass mixed with fire
e91330	it cannot be compared with gold or crystal
e91331	a kind of gleaming dome made of crystal
e91332	it cannot be compared with coral and crystal
e91333	the man who looks at himself in a mirror
e91334	a bronze washing basin from the mirrors of the women
e91335	it cannot be compared with coral and crystal
e91336	I looked at the earth and it had no shape
e91337	the earth was without shape and was empty
e91338	wounds have no definite form
e91339	the form the bird is to have is first made clearly in the mind
e91340	if we said that the form of God is rather like a monkey
e91341	without form
e91342	I looked and it had no form
e91343	I happened to notice one who did not yet
e91344	you will know the taste of the fruits
e91345	its taste is poorer than the water in the pipe line
e91346	my tongue can no longer taste any flavour at all
e91347	its taste never changing
e91348	its taste was like wafers made with honey
e91349	can he still perceive the flavour of what he drinks
e91350	full of a salty flavour like salt
e91351	roots that have no flavour or saltiness
e91352	saying this, he kissed him much
e91353	he greeted him and kissed him warmly
e91354	I have indeed still more
e91355	he fed himself with the delicacies of my possessions
e91356	they had its shade as their shelter
e91357	they had its shade as a place to give birth
e91358	those who used to eat the most delicious food
e91359	I will feed the priests with the choicest food
e91360	than eating the tastiest meat dish
e91361	one cannot be a good example before people
e91362	become an example for the believers
e91363	being yourselves examples before the flock
e91364	you are people who set a good example
e91365	so that we ourselves might become a model
e91366	in the latter part he gave blessing more richly
e91367	the Chinese find durian fruit very tasty
e91368	those who eat it find it tasty
e91369	your little one really enjoys eggs
e91370	even bitter food he finds tasty
e91371	the more I called, the farther away they went
e91372	he worked very well until he died
e91373	because the authorities are doing their work very well
e91374	when he does well for himself
e91375	listen carefully
e91376	wash the hands thoroughly with soap
e91377	let us sit down quietly and think carefully
e91378	learn well how to breastfeed a baby
e91379	that your precepts be thoroughly obeyed
e91380	listen carefully to my words
e91381	listen carefully while I speak
e91382	one who carefully considers the way he treads
e91383	embrace her well and she will bring you honour
e91384	baldness instead of well dressed hair
e91385	let him listen well, very attentively
e91386	he looked carefully around inside the engine
e91387	they investigated carefully from various sides
e91388	they also carefully studied the things that happened
e91389	listen carefully to my words
e91390	take careful note of the words I speak
e91391	look carefully at the one you sit with
e91392	you shall take care to follow the decrees
e91393	children who cannot study well
e91394	they tend vegetables well
e91395	the doctors explained well the things for good health
e91396	follow it well, for it is your life
e91397	listen well to my words
e91398	he wants his teachings to be followed well
e91399	those images are truly very good
e91400	show the images
e91401	she uses those images in her Zolai lessons
e91402	they worshipped instead images resembling
e91403	as soon as she saw those images
e91404	you shall cut down the carved images of their gods
e91405	you know me very well
e91406	cut your hair as a sign of your mourning
e91407	tearing their clothes as a sign that they rejected the plan
e91408	the old men stood up as a token of respect for me
e91409	though you search carefully for his place
e91410	while the town shook as in an earthquake
e91411	I will not be greatly shaken
e91412	my enemies would rejoice because I am shaken
e91413	it will be like the burying when the earth shook in those days
e91414	so that the mountains might tremble before you
e91415	so that the nations may tremble with fear
e91416	as a charioteer setting out to battle trembles
e91417	in the third and fourth sentences too
e91418	the fourth verse, after the war was over
e91419	to the third generation, the fourth generation
e91420	Rehoboam, the fourth king of the Israelites
e91421	the fourth Nethanel, the fifth Raddai
e91422	the fourth Mishmannah, the fifth Jeremiah
e91423	a flower that smells sweet from among the thorns
e91424	inside the nest they lay about three layers of nothing but thorns
e91425	they put on him a crown woven of thorns
e91426	some fell among thorns
e91427	it fell on ground where thorns were
e91428	fell on ground where thorn bushes were
e91429	they are like the ground where thorn bushes are
e91430	some fell among the brambles
e91431	the thorns sprang up and grew
e91432	the people living in Philistia tremble with fear
e91433	the leaders of Moab are seized with trembling
e91434	those who give no thought to it tremble with fear
e91435	their hands trembling because of fear
e91436	my hands also trembled violently, he said
e91437	being very afraid, she shook with fear
e91438	the Moabites trembled violently for dread of the Israelites
e91439	Moses too shook with fear
e91440	they trembled like a woman in the pain of childbirth
e91441	the ground was trembling violently and rocking
e91442	they are just like a sharp thorn
e91443	the earth shook because you, God, were present
e91444	the foundations of the mountains also shook and quaked
e91445	they were so afraid that they shook and became like dead men
e91446	then Isaac trembled greatly
e91447	trembling, they looked at one another
e91448	all the people sat in the rain, distressed and trembling
e91449	everywhere the earth will quake greatly
e91450	the earth also quaked and the rocks split
e91451	your heart will throb and you will rejoice
e91452	coming in fear and trembling to his feet
e91453	running into the prison in fear and trembling
e91454	grapes are not picked from a thorn bush
e91455	thorn bushes will grow in the great royal houses
e91456	instead of the thorn bush the myrtle will grow
e91457	in the clefts of the rocks and among the thorn bushes
e91458	briers and thorns will grow
e91459	with desert thorns and briers
e91460	the one called the best is like a brier
e91461	they blazed like a fire of thorns
e91462	if it produces thorns and thistles
e91463	can grapes be picked on a thorn bush
e91464	people never pick figs from a thorn bush
e91465	when the thorn bushes grew up they choked them
e91466	if there were thorns and briers
e91467	they are like thorns that are thrown away
e91468	it will become briers and thorns
e91469	you will be like thorn bushes burned up in a furnace
e91470	taking also desert thorns and briers
e91471	so that they might terrify the people of the city
e91472	the people of the town were greatly alarmed
e91473	his heart was troubled
e91474	the villagers were afraid and utterly terrified, it is said
e91475	terrifying them in his great anger
e91476	they were startled and frightened
e91477	my visions troubled me
e91478	you who feel so secure, shudder
e91479	after that you will tremble
e91480	this disease has greatly terrified the people of the world
e91481	it terrified even the rulers
e91482	what has terrified the world is the coronavirus
e91483	those who once terrified the other nations
e91484	so that they might frighten the people of the city
e91485	the earth hangs suspended in one place
e91486	the little child dangling outside the house
e91487	he hangs the earth dangling with nothing holding it
e91488	he hangs the earth suspended
e91489	they tremble with fear
e91490	these days the earth trembles daily and has not yet stopped
e91491	I tremble with longing for you
e91492	make their loins tremble
e91493	they are like tangled thorns
e91494	but I, with a thorny rod
e91495	able to pierce its head with a barbed spear
e91496	I will discipline you with a spiked rod
e91497	they come out trembling
e91498	the elders of the town, trembling, to meet him
e91499	they will come out trembling with fear
e91500	she came trembling and fell down before Jesus
e91501	God shakes the mountains
e91502	you have shaken the land
e91503	this is the man who shook the earth
e91504	I will frighten the heavens and make them tremble
e91505	enemies will make you tremble
e91506	the sound of neighing causes the whole land to quake
e91507	when the Lord rises to shake the earth violently
e91508	at the time when he rises to shake the earth violently
e91509	I will frighten everyone and make them tremble violently
e91510	I will shake once more
e91511	a little balm, a little honey, spices
e91512	carrying spices, balm and myrrh
e91513	it will be filled with briers and thorns
e91514	his briers and thorns will burn and be consumed
e91515	grapes ever picked from a bramble bush
e91516	saying so, it is perfectly clear
e91517	it is exactly equal with that of the MPs themselves
e91518	although the words are exactly the same
e91519	their minds are exactly alike
e91520	the sides of that city were exactly equal
e91521	his hands are finely and beautifully shaped
e91522	he finds it good and neatly arranged
e91523	fear and trembling came upon me
e91524	your receiving him with fear and trembling
e91525	I saw the trembling of the people of Midian
e91526	the shaking of my body frightened me
e91527	the dark of night has become my shaking
e91528	there a shaking heart and weary eyes
e91529	you yourself, all the tremblings of my heart
e91530	after making him cry out and shaking him violently
e91531	whatever has fins and scales
e91532	something like fish scales fell at once
e91533	those in the rivers that have no fins and scales
e91534	in the lake of fire and sulphur
e91535	it is like breaching the bank that holds a pool of water
e91536	I myself too am horrified and do not want it
e91537	this animal is greatly dreaded
e91538	the news of the world too is more and more dreadful
e91539	people will be horrified at you
e91540	the town of Bozrah will be what people are horrified at
e91541	what people shudder at and what people use as a curse
e91542	it was dreadful and very mighty
e91543	it has become an object of ridicule and horror
e91544	I will make you a horror to all the kingdoms of the earth
e91545	many gruesome, dreadful and alarming things happen
e91546	the dreadful time will have an end
e91547	many dreadful and terrifying wars
e91548	it was dreadful and very mighty
e91549	when you see the dreadful desolation standing there
e91550	we crossed the great and frightening wilderness
e91551	horrible, and hissed at with scorn
e91552	when the dreadful thing comes about
e91553	the dreadful thing will be there until he comes to an end
e91554	they will set up the horrifying thing
e91555	with festering sores, scabby sores and the itch
e91556	its scales are layered tightly like shields
e91557	because those scales are packed tightly against one another
e91558	the other four submarines
e91559	besides these four things
e91560	these four main points
e91561	these four beasts that rise up from the earth
e91562	the four living creatures also
e91563	you shall make tassels on the four corners of your cloak
e91564	as I looked at those four living creatures
e91565	because it fell inside Japan there was a great stir
e91566	trouble with its neighbours having started up
e91567	you will groan together on and on
e91568	stand straight with nothing at all to reproach yourself for
e91569	they sent for me four times
e91570	I too answered them the same way all four times
e91571	for the fourth time, without relenting, punishment on them
e91572	after the people of Moab sinned three times, for the fourth time
e91573	after the people of Gaza sinned three times, for the fourth time
e91574	he made a plantation of vines
e91575	you shall not prune your vine plantation
e91576	he will have others tend the grape plantation
e91577	to tend the vineyards and to farm
e91578	the Field of Killing
e91579	those who are in the field also
e91580	your crops that come from the field
e91581	No Kingdom There
e91582	give the name Lo-Ruhamah, which has that meaning
e91583	except the sentences that express surprise
e91584	apart from your name, all of your address
e91585	owe one another nothing except love
e91586	all the rest apart from that
e91587	apart from the aphuuk the rest is the same
e91588	he trusts no one except his family
e91589	apart from the company name there is no Japanese name at all
e91590	if someone other than the driver is already riding
e91591	except Joshua not one of them was left
e91592	except for the sin of his wife with another man
e91593	he did not think to worry about other things except household matters
e91594	apart from this there is nothing else to say
e91595	apart from prayer and fasting
e91596	the Bread of the Presence, not for others to eat apart from the priests
e91597	there is nothing other than two fish
e91598	other than because of her sin with another man
e91599	no clothing for adornment other than what Hegai said
e91600	his whole cultivated field was full of thorns
e91601	my Father is the vinedresser
e91602	the chiefs gave farmland to those who had none
e91603	when a house site or farmland is sought
e91604	they shall be sent back at once to their own house and farmland
e91605	I will give them good farmland
e91606	all the fertile farmland had become a desert
e91607	a place where there are no trees becomes a dry land
e91608	when it can no longer be said in words, tears flow
e91609	it is because we do not look into our spending
e91610	so as not to see
e91611	I have told you this beforehand so that you will not fall
e91612	the fruit I commanded you not to eat
e91613	his master will come at a time he does not know
e91614	I have food to eat that you do not know
e91615	until he had paid his debt
e91616	he shall pay for it with an animal
e91617	the owner of the pit shall pay
e91618	he shall pay the owner
e91619	whoever kills an animal shall make restitution
e91620	he shall make restitution in full
e91621	he shall make restitution with the produce of the vineyard
e91622	to discharge his debt by selling all he had
e91623	in prison until he had discharged his whole debt
e91624	except for going out to work I mostly stay at home
e91625	do not praise yourself unless others praise you
e91626	except to love one another
e91627	except for his own benefit
e91628	for any reason other than death
e91629	other than pleading for you to pity him
e91630	without letting the public know
e91631	they keep it secretly without letting anyone know
e91632	it is horrifying beyond telling
e91633	they came without number
e91634	trouble will come on him without warning
e91635	they went out from us without our instruction
e91636	they set up princes without my knowledge
e91637	until he had paid in full all his debt
e91638	to stay in prison until he had paid off his debt
e91639	because paying it back is also still hard
e91640	aid that need not be repaid
e91641	there is a debt you must repay to me
e91642	I will pay back four times as much
e91643	I Paul say I will pay it back to you
e91644	if you lend expecting that they will pay you back
e91645	lend without expecting to be repaid
e91646	he shall also make restitution for his wrongdoing
e91647	he borrows and is no longer able to repay
e91648	until the Zomi know that he is not the king of the Zomi
e91649	showing that the statements are not true
e91650	they saw that he had none
e91651	that it was not the wish of the king
e91652	you only show that you do not know
e91653	you also know that I did not desire it
e91654	this is because of not respecting God
e91655	unable to stay long because of his not being well
e91656	I confess my unrighteousness
e91657	if one person sins through ignorance
e91658	on land where no person lives
e91659	wanting goods where you have not made anything
e91660	that I want a return where I have not worked or made anything
e91661	they are having no work and the states of having no hope
e91662	leaving behind such unreliability and acts of unfaithfulness
e91663	please understand our shortcomings as human beings
e91664	God always remembers her wrongdoings
e91665	I will put an end to your wrongdoings
e91666	so that you do not follow their bad ways
e91667	like field keepers the enemies are all around
e91668	I spoke of things I did not understand
e91669	if it falls on you without your expecting it
e91670	what our forefathers never used and we made up ourselves
e91671	you worship what you do not know
e91672	they are ones I did not send
e91673	one who boasts of what he never gave
e91674	he made me eat bitter food though I did not want it at all
e91675	Jesus wants to pay all your debt for you
e91676	who will pay our debt for us
e91677	paying all his debt for him
e91678	promising to pay for the debts of others
e91679	if you cannot pay the debt
e91680	whether it was stolen by night, you made me pay for it
e91681	he dares to pledge himself to pay for the debts of others
e91682	his children will have to repay it
e91683	if he rashly promises to make good the debt of someone
e91684	if you are not able to pay the debt
e91685	things we never thought before also come to mind
e91686	it can see the things our eyes cannot see
e91687	he did what God did not find good
e91688	I am like those you remember no more
e91689	if it keeps doing what I do not find good
e91690	you even trample what you do not eat
e91691	when I still do all that I do not want to do
e91692	when I still do what I do not want to do
e91693	you muddy all that you do not drink
e91694	babbling in a way you cannot understand
e91695	if he is not able to pay, in his place
e91696	because he was not able to pay the money
e91697	they shot at us with heavy guns without a break
e91698	they died without even reaching the hospital in time
e91699	not being a personal name but some people
e91700	one another without grumbling
e91701	they became priests without an oath
e91702	Syria and Israel were without war
e91703	without God, who can eat and enjoy
e91704	fearing none, you will live at ease
e91705	wanting none of my words
e91706	it does not have only one part but has many
e91707	not wavering in unbelief about the promise of God
e91708	not one of us going to his tent
e91709	the houses are left with not one person in them
e91710	though they heard the voice they saw not one person
e91711	if your body is light, with no part dark
e91712	the towns become empty with not any inhabitant
e91713	with not any hindrance, freely
e91714	Jacob kept quiet and said nothing at all
e91715	he shall go out free without paying anything at all
e91716	will you just stay and not act at all
e91717	as we came out naked, having nothing at all
e91718	with nothing there to dispute, it is very true
e91719	with no more fighting there
e91720	it is injured in the absence of its owner
e91721	they grope in darkness in the absence of light
e91722	in the absence of water there was only mud in the cistern
e91723	all the time it lies desolate without them
e91724	sang a song and stirred the crowd greatly
e91725	to be able to shake the British government
e91726	we were still able to stir the people
e91727	the Lord shakes the wilderness of Kadesh
e91728	I will keep shaking the people of Israel
e91729	the sound of its fall will shake all the nations violently
e91730	the one who shook kingdoms violently
e91731	he would stir the water of that pool from time to time
e91732	shaken violently, he could not sleep at all
e91733	the plane was shaken violently
e91734	if we shake the tree hard
e91735	he shakes violently the earth
e91736	that I am going to shake violently the heavens and the earth
e91737	the one who shook violently the kingdoms
e91738	I will shake the sea and the dry land
e91739	because I will shake all nations
e91740	it shook the prison to its foundations
e91741	you will not harvest its fruit
e91742	farming, time to farm
e91743	destroying those hired farmers
e91744	most workers left farming
e91745	because of farming in the way of the forefathers
e91746	it will help in farming, earning money and any kind of work
e91747	while holding the handle of the buffalo plow
e91748	able to make it pull the plow in your field
e91749	his plowing blade, his axe or his sickle
e91750	those who collect the tithe in all the farming villages
e91751	they will beat their swords into plowshares
e91752	nearly all the countries farm
e91753	they are working as farm workers on the farms
e91754	the hardworking man who farms
e91755	Noah was the first man to farm
e91756	I am a man who farms
e91757	while they were buying and selling, farming and building houses
e91758	if you had not plowed with my heifer
e91759	the one who plows and the one who threshes each get a share
e91760	you are one who wants to take grain without tilling
e91761	in the towns, farmers and shepherds
e91762	the farmers in Israel stopped
e91763	he had farmers and vinedressers in the fertile lands
e91764	I shatter farmers and their hoes, kings and governors
e91765	those who work their land hard have plenty of food
e91766	you shall let it lie fallow
e91767	you shall let it lie fallow
e91768	I will make it a wasteland
e91769	he woke Peter, shaking his shoulder
e91770	the government does not want to give a field
e91771	the field is the world
e91772	like flowers that grow in the field
e91773	branches they had cut in the fields
e91774	I will greatly increase the crops of your fields
e91775	the fields of Heshbon and the vines of Sibmah
e91776	then that one small mass of dark cloud
e91777	in what is called the Milky Way, where the mass of stars is
e91778	they got weapons of many kinds in heaps
e91779	with one lump of clay
e91780	you will be a new lump of unleavened dough
e91781	she took a lump of dough and kneaded it
e91782	it leavens the whole batch of dough
e91783	will leaven a whole batch of dough
e91784	tie them in bundles to be burned
e91785	Paul took a bundle of sticks
e91786	they gathered them heap upon heap
e91787	the waters flowing down will stop in one heap
e91788	they laid them heap by heap
e91789	he has gathered up the winds in his hands
e91790	tie them in bundles to be burned in the furnace
e91791	the waters stood up in a heap
e91792	it piled up in a heap at the town of Adam
e91793	they gathered them into heaps
e91794	they laid them in piles
e91795	with a donkey jawbone, in piles upon piles
e91796	your hands shaped me
e91797	when strength is needed, it is necessary to strike together as one bundle
e91798	joining them all and making them one bundle
e91799	take one bunch of hyssop
e91800	out of one lump of clay
e91801	binding them into one bundle
e91802	the waters flowing down will stop in one heap
e91803	they drove them in great numbers like a herd of animals
e91804	marches of crowds in great numbers in the cities
e91805	a sword that kills people in heaps
e91806	they gathered them in piles
e91807	he picked up a lump of salt
e91808	while carrying a pile of things
e91809	carrying a heap of heavy loads, one can travel very far
e91810	he made the waters stand as a heap
e91811	the whole mass will be holy
e91812	can leaven the whole mass of dough
e91813	there will be a great mass of smoke
e91814	they raised a great pile of stones over it
e91815	the smoke rolls up toward the sky in a column
e91816	these heaps of ruins are in your hand
e91817	from the heaps of fat being shaken
e91818	it goes round the Milky Way, where the heaps of stars are
e91819	he asked the priests and Levites about the heaps
e91820	they began to pile up the heaps
e91821	when they saw the piles
e91822	because of their not being upright
e91823	he took him aside where it could not be seen
e91824	your Father who sees in secret
e91825	he does nothing in secret
e91826	your Father who is in the unseen place
e91827	not reaping to the edge of your field
e91828	what will the owner of the field do
e91829	the servants of the owner of the field came to him
e91830	what will the landowner do to these tenants
e91831	then the owner of the vineyard
e91832	my Father is the owner of the vineyard
e91833	the bell for calling people at the door rang
e91834	a gold bell and a pomegranate
e91835	there is none except God who can take this disease away
e91836	none came except the religious ministers
e91837	you will be able to do nothing other than pray
e91838	they saw no one except Jesus
e91839	none of you except Crispus and Gaius
e91840	owe one another nothing except love for one another
e91841	you shall have no other god besides me
e91842	besides the altar of the Lord our God
e91843	no one can lay a foundation other than Jesus Christ
e91844	another gospel other than the gospel we taught you
e91845	writing to you things other than what you have accepted
e91846	showers on tender grass
e91847	like young trees of the field and tender shoots
e91848	twenty pasture-fed cattle
e91849	the enemies are like the beauty of the meadow
e91850	Debir with its pasturelands
e91851	Aijalon with its pasturelands
e91852	Heshbon with its pasturelands
e91853	to look for pasture for their flocks
e91854	there is no pasture left for your servants’ flocks
e91855	because all the pastures are dried up as if burned by fire
e91856	Jokmeam with its outskirts
e91857	Mashal with its outskirts
e91858	Kedemoth with its outskirts
e91859	they gave them Hebron and its surrounding pasturelands
e91860	with pasturelands for our livestock
e91861	they gave the towns with their pastures
e91862	Kedesh with its pasturelands
e91863	he keeps sucking it with his tongue
e91864	in the forest the grass can grow very tall
e91865	they made the people sit on the grass
e91866	they will soon wither like grass
e91867	the image of a bull that eats grass
e91868	the grass is withered and the plants are gone
e91869	reeds swayed to and fro by the wind
e91870	will be like fresh green young grass
e91871	the leaves withered and the grasses dried up
e91872	trees and plants are all things that can bring in money
e91873	if you look after the trees and plants, they too will look after you
e91874	rain that brings grass out of the earth
e91875	like the grass of the field
e91876	grass that tomorrow is thrown into the fire
e91877	leave it among the plants of the field
e91878	how long will the plants everywhere be dry
e91879	when the sun rises and scorches, the plants wither
e91880	your sowing too will be in vain
e91881	will last until planting time
e91882	is the least strong in Manasseh
e91883	it will become the lowliest of all kingdoms
e91884	the most evil scheme that Haman had devised
e91885	be sure not to answer without understanding well
e91886	to work away without planning
e91887	people went home without yet wanting to go
e91888	deceiving my friends without cause
e91889	those who are my enemies without cause
e91890	the wicked flee without anyone pursuing
e91891	do not swear falsely by my name
e91892	do not swear falsely as a witness
e91893	it is just like the way we eat it even though we do not like it
e91894	working when one is not up to it is not pleasant at all
e91895	against our will, it will be very easy to become a lost people
e91896	he will send them out against his will
e91897	they do what is not fitting
e91898	he made me drink bitterness against my will
e91899	they behave shamelessly as they please
e91900	you want to kill those who should not die
e91901	you want to keep alive those who should not live
e91902	acting hastily in a rush is the road to poverty
e91903	without doing it hastily, let us first make it complete
e91904	hurried and hasty action is the road to poverty
e91905	this saying displeased him
e91906	who makes him unable to speak
e91907	this displeased Samuel
e91908	until they leave me unable to see
e91909	whether tribute or duty
e91910	he sent tenants to work that field
e91911	each tenant a thousand pieces of silver
e91912	taxes, tribute and duties to those kings
e91913	because of too much rain there are already many ruined houses and fields
e91914	because it struck there are very many ruined houses and fields
e91915	among the ruined houses and fields
e91916	the city will become a ruin of houses and fields
e91917	glean thoroughly all who remain
e91918	they reportedly fired guns wildly
e91919	the SAC soldiers fired guns at random
e91920	after they had shot about thirty or forty heavy shells
e91921	he withdrew about a stone’s throw
e91922	you shall throw that meat to the dogs
e91923	do not throw your pearls before pigs
e91924	when they were flinging dust into the air
e91925	a man shot his bow at random
e91926	for shooting arrows and hurling large stones
e91927	at the place where the arrow Jonathan shot had fallen
e91928	he became a skilled archer
e91929	those who were not well received healing
e91930	for us who have no WiFi
e91931	God does not bless those who are not truthful
e91932	those who are not upright are found out
e91933	one pair of the animals that are not clean
e91934	in front of the weak animals of the flock
e91935	or the bad ones for a good one
e91936	from the houses, the courtyards and the fields
e91937	the fields and villages of the city
e91938	may he make your fields fruitful
e91939	on the farm lands belonging to their towns
e91940	now those farms will be worked and I will restore them for you
e91941	go and lie in wait in the vineyards
e91942	with all the fields
e91943	after I cleared away all that was not needed, the figure of David appeared
e91944	it covers only all those who need no interpreter
e91945	treating as important the things that amount to nothing
e91946	it is like those overthrown by the Lord
e91947	a frightening video clip of being thrown out of a car
e91948	the missile hurled out came down inside Japan
e91949	he will cast away your enemies as a stone is slung out from a sling
e91950	as if hurled out of the pouch for slinging stones
e91951	they threw them into the fire
e91952	the missiles they shot fell down
e91953	go and pick up the arrows shot by me
e91954	his arrows will flash like lightning
e91955	not being less skilled than the earlier ones
e91956	in what were you less well off than the other churches
e91957	it is even less fitting to rule over princes
e91958	I am not even a little less worthy
e91959	he became even more unfaithful to the Lord
e91960	appearing no deeper than the skin
e91961	laying hands on your head to bless you
e91962	when our body and our head ache
e91963	throwing dust on their heads
e91964	Abraham lifted his head and looked
e91965	the head and the pieces
e91966	she shall shave her head and trim her nails
e91967	because he was too drunk
e91968	because of being too poor
e91969	they are too old now
e91970	I have lived too long
e91971	the burden is too heavy for me
e91972	do not go too often to your neighbour’s house
e91973	the Israelites are too many for us
e91974	having had too much you will vomit
e91975	if I have too much, I may disown you
e91976	they are excessively fond of worshipping idols
e91977	when I saw someone excessively poor
e91978	and so he vomited
e91979	you will vomit
e91980	get drunk and vomit
e91981	who will inherit the things you have stored up
e91982	when envy tries to occupy your heart
e91983	the one who will inherit my house is Eliezer of Damascus
e91984	the children of his servants will inherit that land
e91985	for the Israelites to possess the land
e91986	Benjamin will possess Gilead
e91987	they possessed all the territory of the Amorites
e91988	they were not able to occupy these towns
e91989	you shall occupy the land given to you
e91990	they occupied the city of palm trees
e91991	the Lord is their inheritance
e91992	they have neither share nor inheritance
e91993	they are my heritage forever
e91994	he gave it as a heritage to his people Israel
e91995	the land shall be divided among these people as their heritage
e91996	I will make the nations your possession
e91997	in the land your God gives you as a possession
e91998	he chose for us our possession
e91999	the meek will inherit the land
e92000	the one who is victorious will inherit these things
e92001	he will inherit and control the things I worked for
e92002	you shall possess the land and live in it
e92003	they possessed Samaria and lived in its towns
e92004	they possessed that land and lived in it
e92005	the son who succeeds to his office and serves as priest
e92006	they will not inherit together with Isaac
e92007	as those who inherit together
e92008	will not share the inheritance with the son
e92009	he gave a share of the inheritance equally with them
e92010	have you murdered and also have taken possession
e92011	they will possess again their own land
e92012	do you intend to take it over
e92013	you have reached the resting place and the inheritance
e92014	they buried him in the land of his inheritance
e92015	they have received their inheritance
e92016	you have given me the heritage of those who fear you
e92017	the idol worshippers have come into the land of your heritage
e92018	the reward that is the heritage, from the hand of the Lord
e92019	though he gave him no possession, not even a place to set his foot
e92020	to give the inheritance of Zelophehad to his daughters
e92021	these are the territories they allotted by lot
e92022	the pots, the ash shovels, the trimmers, the bowls
e92023	they too came in and took possession at once
e92024	Isaac and Jacob, who inherited with him that promise
e92025	I have abandoned my inherited people
e92026	he called Abram and gave him the land of Canaan as a possession
e92027	not to let the daughters inherit the house and fields
e92028	you will cause these people to inherit it
e92029	he will cause them to inherit the land that you will see
e92030	leading the Israelites he will cause them to inherit that land
e92031	I will give their fields to others as a possession
e92032	the lands the Lord gave as a possession to the people of Israel
e92033	let me inherit a double portion of your spirit
e92034	give her royal position to another woman
e92035	he will not forsake his inheritance
e92036	he was furious with his inheritance
e92037	they oppress your inheritance
e92038	bless your heritage
e92039	they are your people and your heritage whom you brought out
e92040	do not destroy your people and your heritage
e92041	their inherited possessions stayed secure
e92042	the posts of the palanquin were overlaid with silver
e92043	Solomon comes carried in the royal litter
e92044	in a carriage made of the finest wood
e92045	he leaned on the pillars with his weight
e92046	its branches will spread and be laden with fruit
e92047	the stomach turns and vomit may come out
e92048	when on a journey vomit comes out and we feel unwell
e92049	as a dog returns to its vomit
e92050	a dog eats its own vomit again
e92051	he will wallow in his vomit
e92052	he scoops out the electoral votes as a whole at once
e92053	they shall scoop out the ashes
e92054	raising his hopes for his daughter too much
e92055	I did not think about it too deeply
e92056	I have lived too long
e92057	they fell sick from it and vomited heavily
e92058	if one drinks rather too much, one vomits it out again
e92059	but he could not vomit it out
e92060	it vomited Jonah onto dry land
e92061	you will vomit up what you have eaten
e92062	he vomits up the riches he swallowed
e92063	the land vomited out its inhabitants
e92064	they shall remove the ashes
e92065	so that the land will not vomit you out
e92066	as it spewed out the nations
e92067	they are like nauseating food
e92068	because he is sometimes excessively exact
e92069	if we are too greedy we may lose instead
e92070	if he praises another excessively
e92071	saying so, he shouted loudly
e92072	we laughed loudly
e92073	let us not yet talk loudly with a full mouth
e92074	they will growl loudly like lion cubs
e92075	rather than speaking loudly
e92076	as long as blood flows in the human body
e92077	if a foul-smelling liquid flows out
e92078	those who can keep tears from flowing
e92079	a land flowing with milk and honey
e92080	my tears flow in streams
e92081	he will bring us into this land flowing with honey
e92082	they cut themselves until blood flowed on them
e92083	my tears flowed on my cheek
e92084	her tears flow
e92085	flowing continually like a stream
e92086	a river flowed through Eden
e92087	water came flowing from Edom
e92088	tears of joy stream down
e92089	my tears stream like a river
e92090	milk and honey streaming like a river
e92091	like a river streaming from its mouth
e92092	milk and honey flow there
e92093	on January 23 they held the burial of all the dead bodies
e92094	we saw many dead bodies on the side of the SAC soldiers
e92095	his dead body was found about 7:30am in the morning
e92096	the lion had not eaten the corpse
e92097	they came and took his corpse
e92098	all of these were corpses
e92099	he picked up the dead body of the man of God and laid it on the donkey
e92100	he laid the dead body in his own tomb
e92101	your dead body will not be buried in the tomb of your fathers
e92102	in the lion’s carcass there was a swarm of bees and honey
e92103	that he had taken the honey from the carcass of the lion
e92104	they saw the lion standing beside the carcass
e92105	dead bodies without number
e92106	I will throw down your dead bodies
e92107	they will look at the dead bodies of those who rebelled against me
e92108	taking down the corpses of his sons
e92109	like corpses trampled underfoot
e92110	they are the corpses of those you killed
e92111	I will give the carcasses of the dead
e92112	their carcasses as food for the birds of the air and the beasts of the earth
e92113	your carcasses will lie in this wilderness
e92114	they parted in tears
e92115	can men not weep with tears flowing
e92116	my mother too, her tears flowing, could say nothing more
e92117	I will weep bitterly with tears flowing
e92118	I wrote to you with many tears flowing
e92119	let me weep bitterly with many tears flowing
e92120	even now I tell you with tears streaming
e92121	though he sought it with tears streaming
e92122	they wept with each other, tears streaming
e92123	she always loves us at the very risk of her life
e92124	they decided to set out by land at the risk of life
e92125	to seek food at the risk of life itself
e92126	her tears came streaming out
e92127	water that always stands and does not flow out smells bad
e92128	because the blood that flowed out was too much
e92129	rivers of living water will flow out
e92130	a river of fire came flowing out
e92131	can fresh water and bitter water flow out together
e92132	they will get the water that flows out from the temple
e92133	poured out for the forgiveness of the sins of many
e92134	this wine poured out for you
e92135	the wine pours out and the skin is ruined
e92136	blood and water gushed out at once
e92137	the wine will run out and the wineskins will be ruined
e92138	he made streams flow out from the rock
e92139	I no longer cause the wine to flow
e92140	any meat strangled without pouring out its blood
e92141	let justice flow out like water
e92142	meat of animals strangled without letting the blood flow out
e92143	make them vanish like water that flows away
e92144	the sea flowed back as it used to flow
e92145	the waters of the Jordan flowed back over all its banks
e92146	the water flowed back over the chariots and horsemen
e92147	mix with running water in a jar
e92148	the tears too kept flowing
e92149	as for water, it just keeps flowing
e92150	it keeps flowing always, in sun or in rain
e92151	let my tears keep flowing
e92152	those who walk limping and lame
e92153	you can make a person's tears flow
e92154	he will make every kind of blessing flow to us
e92155	he will surely make his mother's tears flow
e92156	he caused waters to flow like rivers
e92157	he caused water to flow for them out of the rock
e92158	by his knowledge he caused the rivers to flow
e92159	I will make rivers flow from the heights
e92160	I will make blood flow in all your streets
e92161	make it flow like a stream that never dries up
e92162	because you have shed much blood
e92163	you shall not shed tears either
e92164	he has shed blood
e92165	they will shed blood in abundance
e92166	I brought the sea over the Egyptians and covered them
e92167	all streams flow down into the sea
e92168	a stream flows down from Mount Lebanon
e92169	into the stream that flowed down from the mountain
e92170	the waters flowing down from upstream
e92171	like water flowing down from a mountain
e92172	from their source they stream down again and again
e92173	it flows down into the Jordan Valley and reaches the Dead Sea
e92174	those flowing down to the sea of the Arabah were completely cut off
e92175	they carried the dead bodies and the wounded toward Hakha by car
e92176	with 7 boats they searched hard for the dead bodies
e92177	the people not letting their bodies be buried
e92178	they went and took the bodies of Saul and his sons
e92179	to fill it with the dead bodies of those I will slay
e92180	he filled that cistern with the corpses of the dead
e92181	the whole valley where corpses and ashes are thrown
e92182	their corpses to the birds that fly in the air
e92183	flowing springs, running streams
e92184	his running blood flowed onto the floor of the chariot
e92185	my tears flow in streams
e92186	the place where this gas flows out is very cold
e92187	the sewage outflows in the city of Dhaka get blocked
e92188	the two gold pipes that are the outflow of the olive oil
e92189	so that the water may flow back
e92190	I suffered wounds and the shedding of blood
e92191	weeping and the flowing of tears are in vain
e92192	we reached a place where clean water flows
e92193	seeing the flowing of my tears
e92194	go up to the land flowing with milk and honey
e92195	she is clean from her flow of blood
e92196	in every place where this water flows
e92197	the shedding of his blood is his own fault
e92198	but there was shedding of blood
e92199	or for the shedding of innocent blood
e92200	because I remember the shedding of your tears
e92201	so that our tears may be able to flow
e92202	it is because I love you so much
e92203	if the Arameans are too strong for me
e92204	because the way is too long for you
e92205	I say this so that there is not too much grief
e92206	it restrained me so that I would not exalt myself too much
e92207	because we are so very hungry we are hot with fever
e92208	because I am so very distressed I will complain
e92209	just as the earth is so very deep
e92210	because the time is now too near
e92211	the idea is now too late
e92212	do you say, I am too tired now
e92213	I am too old to have a husband
e92214	because their hands are too weak
e92215	those who are in town too much very easily do all kinds of bad things
e92216	those who grumble too much
e92217	I cannot read writings that are too many
e92218	from those who are too strong for him
e92219	things too great and too wonderful
e92220	those that are too long or too short
e92221	thinking too little of ourselves makes us weak
e92222	because life was so very hard
e92223	making too much of custom is a sign of not progressing
e92224	keep away from an excess of greed for money
e92225	in carousing, excess of drinking and detestable idolatry
e92226	in the excess of her lust she even worshipped the idols of Assyria
e92227	in the great intensity of my anger, in the land of Israel
e92228	terrifying them with the great intensity of his anger
e92229	I have spoken in the great intensity of my anger
e92230	the zeal of the Lord will bring this about
e92231	zeal for the house will consume me
e92232	zeal for the house burns in me like fire
e92233	because of my great love for the people of Jerusalem
e92234	consider the great intensity of their hatred for me
e92235	rubbing oil on all the skulls of their dead family members
e92236	it is called the place of the skull
e92237	rubbing oil on the skulls of their dead family members
e92238	her skull and her feet and the palms of her hands
e92239	they have cracked his skull
e92240	they raided Tedim once again
e92241	if you raid the camp
e92242	what is called seizing guns and plundering goods
e92243	the Philistines raided the valley once again
e92244	they raided the towns in the Negeb of Judah
e92245	they came up to attack Judah and invaded it
e92246	he will strive to invade all the fortresses
e92247	at night they break into the houses they have marked
e92248	her followers broke into the house of God
e92249	they never once broke into your house
e92250	the people went out and plundered the camp of the Arameans
e92251	they are plundering their threshing floors
e92252	they plundered all the cities
e92253	where thieves cannot break in and steal
e92254	you plunder the people of Israel
e92255	he planned to plunder the town
e92256	why have his enemies been able to plunder him
e92257	do not pillage the house where they live
e92258	they will pillage you, city of Tyre
e92259	they will raid their great houses
e92260	do you rob the temples of idols
e92261	the towns that the other nations have plundered and mocked
e92262	to plunder and loot in order to get goods
e92263	who gave Israel over to the plunderers
e92264	those who ruin us, our looters
e92265	have his enemies been able to plunder him
e92266	you will raid the people and plunder their goods
e92267	robbers will break into my temple and defile it
e92268	they break into houses and steal
e92269	he will invade Egypt and plunder its goods
e92270	therefore he sacked it
e92271	on this earth where thieves break in and steal
e92272	livelihood and support
e92273	they will plunder together the people of the east
e92274	they came and raided the valley again
e92275	they set up positions for the attack on the city
e92276	they have not ever broken into your house
e92277	they plundered their camp
e92278	if he knew the hour beforehand he would not let his house be broken into
e92279	he would keep watch and not let his house be broken into
e92280	he will capture the fortress of the enemy
e92281	he will storm the fortified cities and take them
e92282	a stream flows in that village
e92283	you will drink water from the brook
e92284	now rise and cross the brook Zered
e92285	hide at the creek Cherith east of the Jordan
e92286	the poplars beside the stream
e92287	he took them and sent them across the stream
e92288	from the Wadi of Egypt to the river Euphrates
e92289	turning from Azmon toward the Wadi of Egypt
e92290	from the entrance of Hamath to the Wadi of Egypt
e92291	all streams flow down to the sea
e92292	all the water of the streams will turn into pitch
e92293	all the water of the streams has dried up
e92294	they carry it to the Ravine of the Poplars
e92295	coming nearer and nearer it ran down along the stream
e92296	those living along the stream had to leave their houses
e92297	a Buddhist school along the stream
e92298	the boundary went along the course of the stream of En Shemesh
e92299	there was a ravine between them and Ai
e92300	in gullies and stream beds, in holes in the ground and among the rocks
e92301	your paths too are upon the mighty waters
e92302	do not babble many words
e92303	those you must not eat: the eagle, the vulture, the osprey
e92304	nor has the falcon ever flown there
e92305	only seven small streams will be left
e92306	because that river is covered over with ice
e92307	sitting by the river
e92308	a plane fell into the river
e92309	from the river Euphrates to the Wadi of Egypt
e92310	my groaning is like the sound of a torrent
e92311	the Lord will thresh as far as the Wadi of Egypt
e92312	what is old will soon disappear
e92313	the patch pulls at the old cloth and tears it more and more
e92314	it is a long-standing skin disease
e92315	he has made the first covenant obsolete
e92316	let me set a little food before you
e92317	because the former things have passed away
e92318	those things will wear out like a garment
e92319	I will make this dry stream bed full of pools
e92320	the valley will be filled with water
e92321	many people now fetch water at the streams
e92322	water now springs again in the streams that are there
e92323	you opened up springs and brooks
e92324	over the rivers, the brooks and the pools
e92325	the mountains and the hills, the brooks and the valleys
e92326	by the streams of Babylon we sat down and wept
e92327	with the soles of my feet I dried up all the streams of Egypt
e92328	the boundary went to the waters of Nephtoah
e92329	all the old way of life was put to death with him
e92330	the water of that stream is always dirty
e92331	there is a stream and they drink its water
e92332	the stream water too is getting less and less
e92333	as the deer longs for flowing streams
e92334	deep like the sea, clear like a stream
e92335	he is planted beside a flowing stream
e92336	streams of water will flow on all the hills
e92337	streams of water will flow in the desert
e92338	my tears flow on like stream water without drying up
e92339	he will drink from the brook by the way and be strengthened
e92340	like an overflowing brook that quickly vanishes
e92341	she is like a vine planted beside a brook
e92342	it was so cold that even the streams were almost frozen
e92343	there are still very many streams
e92344	the springs and streams honour the rivers
e92345	where there are streams flowing in hills and valleys
e92346	the streams of Dibon are full of blood
e92347	I dried up all the streams of Egypt with the feet of my soldiers
e92348	I will no longer let the rivers and brooks flow
e92349	at the time of my birth there were not yet any springs
e92350	so that we may have sex with him
e92351	so that we may have sex with them
e92352	a pillow is more important than you
e92353	taking the stone he had used as a pillow
e92354	with a pillow of goat hair at its head
e92355	he was asleep on a cushion in the stern of the boat
e92356	taking the stone he had used for a pillow
e92357	taking one of the stones, he used it as a pillow
e92358	a crown of thorns of mockery
e92359	the precious stone on the queen's crown
e92360	while he was made to wear a crown of thorns and mocked
e92361	I put a beautiful royal crown on you
e92362	the gray hair of the old is a crown of glory
e92363	as a sign of mourning, wearing no headdress and no sandals
e92364	have them bring the horse the king rides, with its headdress
e92365	putting a bronze headdress on his head
e92366	praying without taking off his head covering
e92367	he will put on victory like a helmet
e92368	his spear was stuck in the ground at the place by his head
e92369	he took the spear and the water jug that were at the place by the head of Saul
e92370	the spear of the king and his water jug that were at the place by his head
e92371	his spear and his water jug that are by his head
e92372	now, the spear of the king that was near his head
e92373	his spear that is near his head
e92374	Israel gladly bowed himself at the head of his bed
e92375	he tied caps on them
e92376	caps woven of fine thread
e92377	the headdresses, the armlets, the sashes, the perfume bottles
e92378	your royal headdresses have fallen from your heads
e92379	shields, spears, helmets, bows
e92380	you bald-headed man
e92381	go on up, you baldhead
e92382	so that we may be able to have sex with him
e92383	the bow of a ship, the bow of a boat
e92384	the bow of the ship stuck and could not move
e92385	O God, shelter us like a shield
e92386	take up the large shield and the small shield
e92387	he is our helper and our shield
e92388	he put shields and spears in all the cities
e92389	men of Judah, soldiers carrying shield and spear
e92390	he makes the bed and lies down
e92391	lie down before 11 at night
e92392	after eating we lay down
e92393	many people are lying in hospital
e92394	I lie down and sleep
e92395	they lie down in their dens
e92396	he lay inside his tent with nothing on
e92397	let her sleep in the arms of another man
e92398	you will be like one sleeping on the sea
e92399	you shall not sleep under the cloak he gave you in pledge
e92400	Jesus saw that man lying there
e92401	he once lay prostrate, unconscious, for about two days
e92402	unable even to sit properly, she mostly just lies prostrate
e92403	lying prostrate on the bed for about 20 years
e92404	he lies prostrate with anguish, like a woman about to give birth
e92405	who laid them low so that they could not rise again
e92406	soldiers carrying large shields and spears
e92407	lying on his master's grave
e92408	lying in the Lamka hospital itself
e92409	in peace I will lie down and sleep
e92410	Amnon lay down and pretended to be sick
e92411	flocks and herds lying down in that town
e92412	the mother-in-law of Simon lay sick with fever
e92413	lying on sackcloth and ashes
e92414	he lay on his bed and turned his face away
e92415	though they are husband and wife they do not sleep together
e92416	only that night do they sleep together
e92417	it means a woman has not yet slept with a man
e92418	who had not yet slept with anyone
e92419	you shall not sleep with the wife of your neighbour
e92420	the man who sleeps with the wife of his father
e92421	their young will lie down together
e92422	lie with me
e92423	the man who has sexual relations with a woman during her uncleanness
e92424	do not have sexual relations with a woman
e92425	then I had sexual relations with the prophetess
e92426	sleeping with a woman
e92427	any woman having slept with a man
e92428	every woman who has slept with a man
e92429	you do not have enough to be warm
e92430	he ate and drank those and lay down again
e92431	I did not call; lie down again
e92432	they will not lie down rich again
e92433	and then it overturned, it is said
e92434	overturning the selling tables in the temple
e92435	God can overturn everything
e92436	he overturns the mountains in his anger
e92437	he overturned the tables of the money changers
e92438	he overturns the schemes of the crafty
e92439	so that I do not overthrow the town you spoke of
e92440	to overthrow it and to spy out the land
e92441	press your attack on the city and overthrow it
e92442	I will wipe Jerusalem and turn it upside down
e92443	the towns the Lord overthrew without pity
e92444	people who want to pervert the Good News
e92445	you have utterly perverted the words
e92446	not hiding or distorting the word of God
e92447	they have wronged me with deceit
e92448	they can upset whole households
e92449	you pervert utterly the words of the Lord Almighty
e92450	I will overturn all the kingdoms and end their power
e92451	in one night he overthrows them and crushes them
e92452	distorting the meaning of the Scriptures, their own selves
e92453	perverting justice and casting the upright to the ground
e92454	they have unsettled your minds and troubled you
e92455	he overturned the seats of those selling doves
e92456	he also frustrates their plans
e92457	it has been lying on the floor
e92458	if you keep lying around you will be poor
e92459	most great people do not lie around all the time
e92460	only to babble, lie around and doze
e92461	so saying, he lies around
e92462	the lazy keep lying down at home
e92463	the lazy keep lying down
e92464	sluggard, how long will you keep lying there
e92465	using electricity for warming the house
e92466	its warmth and its coldness are the same
e92467	it does especially well in a land of warm weather
e92468	it is not coals for warmth
e92469	Benjamites carrying a small shield and drawing the bow
e92470	he gave the large shields and small shields
e92471	the man who lies with the woman, to the father of the girl
e92472	the man who slept with the woman and the woman
e92473	it was like one slaughtered and lying dead
e92474	like the corpse of one lying slain
e92475	laying the newborn baby down on the seat
e92476	you can make a standing person lie down
e92477	they let us lie down in a very comfortable bed
e92478	he makes me lie down in green pastures
e92479	he made them lie down on the ground
e92480	I never made them sleep in the street
e92481	will not rest their flocks there
e92482	it lay down under Balaam
e92483	Samuel went and lay down in his place
e92484	she uncovered his feet and lay down
e92485	you will lie down in torment
e92486	lying down, he fell asleep
e92487	he lay down under a bush
e92488	the judge shall make him lie down
e92489	they have lain down here
e92490	Ah, I have become warm, I have seen the fire
e92491	taking the shields made of gold, to Jerusalem
e92492	take up your shields
e92493	he gave the spears and shields that had been David’s
e92494	get up, oil the shields
e92495	the hospital was packed full of the sick and ailing
e92496	he healed every sickness and ailment
e92497	those who suffered from sickness, disease and affliction
e92498	he bore our sicknesses and diseases
e92499	make your heart glad
e92500	toward them too our hearts are glad
e92501	is your own heart content?
e92502	when my heart was grieved and my spirit pained
e92503	good news gladdens the heart
e92504	I plead with them to be of one mind
e92505	my mind reels
e92506	cheering my mind with wine
e92507	I rest secure
e92508	but do not terrify me
e92509	let them be terrified
e92510	they disturbed you and troubled your minds
e92511	a tiny country has been able to make the whole world dismayed
e92512	I was ashamed and humiliated
e92513	but do not terrify me
e92514	dismay them
e92515	his sorrow and distress began
e92516	the expressing of thanks and giving of gifts
e92517	how can we express thanks to mothers
e92518	his works with songs of joy
e92519	let them reap with shouts of joy
e92520	as a day of feasting and gladness
e92521	his wedding day, the day of his gladness
e92522	give thanks to him
e92523	the poor man too was very glad
e92524	it cannot delight in evil
e92525	the king delights in those who act well
e92526	rejoice always
e92527	I rejoice in the world
e92528	those who plan what is good rejoice
e92529	be glad in the Lord
e92530	let those who seek the Lord be glad
e92531	be glad in his holy name
e92532	rejoice always
e92533	having the Good News to proclaim
e92534	enter his gates with thanksgiving
e92535	offer a thank offering to God
e92536	go and offer leavened bread as a thank offering
e92537	there are many good singers and musicians, which is very gladdening
e92538	this is a most gladdening thing
e92539	I find the position of the Zomi pleasing
e92540	those who believe in me are greatly blessed
e92541	it will be a blessing for you
e92542	it will be more blessed for those who believe
e92543	pleasing to God
e92544	the gladdening news of the reign of God
e92545	he told the gladdening news of the reign of God
e92546	everyone joyfully ate, drank and danced
e92547	let the hills sing together joyfully
e92548	leap happily and joyfully
e92549	he joyfully carries it on his shoulders
e92550	sing joyfully to the Lord
e92551	let the righteous leap joyfully
e92552	I will gladly make my defense
e92553	they gladly took the Lord into the boat
e92554	rejoice gladly in the Lord
e92555	they at once receive it with joy
e92556	the sons of God shouted for joy
e92557	let your saints shout with joy
e92558	because they have a son they hold a thanksgiving feast
e92559	Israel gave thanks
e92560	they held a thanksgiving and there was great joy
e92561	rather speak words of thanksgiving to God
e92562	thanksgiving and the sound of singing will be there
e92563	with his associates he was in charge of the songs of thanksgiving
e92564	he first appointed a song of thanks to be sung
e92565	you are to offer intercession and thanks
e92566	wisdom, thanks, honor, power and strength
e92567	sing to the Lord a song of gratitude
e92568	we are filled with hope and joy
e92569	there was much joy in that city
e92570	they had freedom, joy and honor
e92571	shout for joy to the Lord
e92572	the hills are filled with gladness
e92573	strength and gladness surround him
e92574	we give thanks to the Lord
e92575	always give thanks to mothers
e92576	we give great thanks to them
e92577	I will glorify him with thanksgiving
e92578	let us come before him with thanksgiving
e92579	I will sacrifice to you with the voice of thanksgiving
e92580	give thanks to him
e92581	that I may enter and give thanks to the Lord
e92582	I will render thanks to you
e92583	joy makes the face bright
e92584	praise God, singing loud songs of joy
e92585	they preached the good news in that region
e92586	the beginning of the good news of Jesus Christ
e92587	with exhortation he proclaimed the good news to the people
e92588	change your joy to gloom
e92589	the pleasures of the world choke them
e92590	he is by no means pleased
e92591	I congratulate you all very much
e92592	I congratulate you with all my heart
e92593	to rejoice with us, to grieve with us
e92594	rejoice with me
e92595	rejoice with those who rejoice
e92596	you too rejoice with me
e92597	to King David to congratulate him
e92598	to go and greet him and congratulate him
e92599	fools rejoice in their own folly
e92600	what they take pride in and delight in
e92601	is this your city of revelry
e92602	that I am able to write a letter of congratulation like this
e92603	thinking the old man very fortunate, they again came noisily to rejoice with him
e92604	you will invite them for eating with you and rejoicing with you
e92605	a wise son makes his father glad
e92606	if you want to make someone glad
e92607	it can make you glad for a long time
e92608	you make me glad by your deeds
e92609	who will make me glad
e92610	they cannot please God
e92611	he thinks about worldly things to please his wife
e92612	it pleased Hamor and Shechem the son of Hamor
e92613	a kind word gladdens a person
e92614	there is a river that gladdens the city of God
e92615	gladden your mother who bore you
e92616	a faithful envoy makes people glad again
e92617	restore to me the joy of your salvation
e92618	not striving at pleasing you
e92619	let the man who made him glad be cursed
e92620	wisdom to those who please him
e92621	he hands it over to those who please him
e92622	I gladly wish to give you all I have
e92623	rejoice together with those who rejoice
e92624	will be like those who rejoice at a festival
e92625	put to shame those who rejoice at my misfortune
e92626	the joyful, as if they were not joyful
e92627	the voice of the joyful bride and bridegroom
e92628	I believe she will be happier
e92629	in the end he will be happier
e92630	I am more joyful than can be told
e92631	rejoice rather that your names are written in heaven
e92632	he speaks gently and is patient
e92633	let us each know how to wait patiently
e92634	to become truly skilled one must be patient
e92635	that I should be patient
e92636	love is patient
e92637	be patient with everyone
e92638	the Lord is very slow to anger
e92639	slow to anger and full of steadfast love and truth
e92640	he is slow to anger and always willing to help
e92641	embrace them with patience and love
e92642	patience is better than might
e92643	because one of the most needed things is patience
e92644	like those who have faith and patience
e92645	my faith, my patience, my love
e92646	God, because of his forbearance, in times past
e92647	his abundant kindness, forbearance and love
e92648	full of gentleness and longsuffering
e92649	do not in your longsuffering bring about my death
e92650	that he might show his longsuffering fully in me
e92651	wisdom makes a person patient
e92652	we can wait patiently
e92653	the patient are wise
e92654	I was no longer able to be patient with them
e92655	consider how great he was
e92656	you will be ashamed and disgraced because of your wickedness
e92657	if we do such a job we are always weary at heart
e92658	they want you to be troubled and to grieve
e92659	angry and greatly distressed, I sat down on the seat
e92660	they die troubled and sorrowful in heart
e92661	he was troubled to the point of death
e92662	because he was deeply moved and greatly troubled
e92663	all people on earth will be afraid and distressed
e92664	many peoples will be distressed
e92665	they are rich only to be distressed
e92666	I am weary because of the Hittite women
e92667	a word that can give strength to the weary
e92668	I am in great anguish
e92669	who goes astray and I am not in anguish
e92670	all the people are melting in fear before you
e92671	all things are wearisome, more than anyone can tell
e92672	it became a very troubling task
e92673	in distress, they will in the end waste away because of their sin
e92674	they die in anguish
e92675	all are in anguish and their faces grow pale
e92676	distress of mind is more dangerous than tiredness of body
e92677	will bring us distress and trouble
e92678	suffered much distress
e92679	if only my anguish were weighed
e92680	anguish and pain overwhelm me
e92681	I grieve greatly and my anguish grows
e92682	he has shut me in a prison of distress and hardship
e92683	he knows the distress we suffer in prison
e92684	distress of body, pitifulness, poverty
e92685	they have pierced themselves with many griefs
e92686	a garment of praise to God instead of their grief
e92687	distress because of parting, the young woman
e92688	anguish and pain overwhelm me
e92689	suffer grief, mourn and weep
e92690	he knows the distresses we suffer in prison
e92691	look on my sufferings and my troubles
e92692	I am still anxious and distressed for the various churches
e92693	I will be in anguish over you
e92694	when someone falls into sin, I grieve in anguish for him
e92695	will you weary my God also
e92696	by coming continually she will weary me
e92697	I will trouble the hearts of their mothers
e92698	how have I burdened you
e92699	you dishearten the good people
e92700	I am much more distressed
e92701	should be a person who does not desire money
e92702	if we long for progress
e92703	I long for you CSOs to be strong
e92704	I desire to be with Christ
e92705	I desire your precepts
e92706	do not desire those delicacies too much
e92707	because you longed greatly for your father’s house
e92708	longing for death yet unable to die
e92709	you will long for me, the work of your hands
e92710	she at once lusted after them
e92711	she lusted after her lovers
e92712	she greatly lusted after the officers mounted on horses
e92713	all the things you longed for have vanished
e92714	the figs I crave are gone
e92715	let us long and thirst for our God
e92716	longing only for the things of the world
e92717	desiring men, they lay together
e92718	desiring their fellow women, they lay together
e92719	slaves longing for the shade
e92720	let us not long for empty glory
e92721	do not set your minds on earthly things
e92722	make your desires known
e92723	there is always a desire to work alongside and to encourage
e92724	the desires of people are of many kinds
e92725	your longing, your mourning
e92726	in my longing for your commands
e92727	he said with longing
e92728	desire conceives and gives birth to sin
e92729	flee the evil desires of youth
e92730	he gave them over to shameful lusts
e92731	full of lust to sin with the wives of others
e92732	passion and evil lust
e92733	so that your desires are fulfilled
e92734	knowing the needs and desires of mothers and fathers
e92735	so as to carry out the above desires in full
e92736	the passions and desires of the flesh
e92737	you give your lovers gifts
e92738	those who desire truth and justice, this politics
e92739	they are those who long for their old life
e92740	trample down those who desire tribute
e92741	the Lord is angry with all the nations
e92742	will you be furious to the very end
e92743	when they are famished they will become enraged
e92744	in anger, fury and great wrath
e92745	the Lord is angry with all nations
e92746	who can endure his fierce anger
e92747	because they attacked without hesitating, they truly won
e92748	do not be hesitant to use the rod
e92749	we should not be hesitant at all to pay wages
e92750	your encouraging of faltering people
e92751	go with them without hesitating
e92752	do not hold back from disciplining children
e92753	you shall have no reluctance
e92754	there is no need to worry too much
e92755	because there are too many words, I find it worrying
e92756	they are terrified by those things
e92757	do not look on the strange signs in the sky with fear
e92758	when you worry
e92759	it is not to panic and worry but rather to pray
e92760	a time when worries can be made known
e92761	able to grow even one cubit by worrying
e92762	do not worry beforehand, saying
e92763	do not fear people and do not be anxious
e92764	do not think you must fear and be anxious
e92765	there will be nothing for you to be afraid of
e92766	I am afraid that it will be lost
e92767	because they were afraid the crowd might riot
e92768	because I fear they will faint on the way
e92769	it is to be feared that we may be charged
e92770	do not worry about it
e92771	throw out every worry that is in you
e92772	those who live with trouble and worry
e92773	the love and care that God always has is shown clearly
e92774	anxiety brings distress
e92775	cast all your anxiety on him
e92776	the people eat their food in anxiety
e92777	so that my anxiety may be less
e92778	the worries of this world and the deceit of wealth choke them
e92779	your worries are many
e92780	the worries of this world, love of riches and other desires
e92781	daily I suffer with concern for all the churches
e92782	that you be free from concern
e92783	my master has no concern about anything in the house
e92784	with a godly care
e92785	cares, riches and worldly pleasures choke them
e92786	he alone is concerned about you
e92787	the nations are afraid of them
e92788	I fear for you greatly
e92789	because it makes the people of the town afraid and alarmed
e92790	she has no fear of the coming of winter
e92791	he is unafraid and without fear, steady
e92792	she has no fear that it may come to nothing
e92793	do not be afraid
e92794	Paul, do not be afraid
e92795	when Pilate heard it he was more and more afraid
e92796	his mother and father too were very worried
e92797	but do not worry, little one
e92798	one can also be anxious because of matters of war
e92799	why do you worry about the rest
e92800	do not worry about tomorrow
e92801	why do you worry about clothes
e92802	do not be anxious, saying
e92803	do not be too anxious about anything
e92804	worrying about your UN matter, do you have anything you want to look into or ask
e92805	being anxious for the various churches, I am still burdened for them
e92806	I am anxious because of you
e92807	being anxious and toiling hard at his work on this earth
e92808	do not keep worrying
e92809	do not be weighed down worrying about worldly life
e92810	when he saw the angel he was troubled and feared
e92811	you will always be in fear for your life
e92812	watch yourselves, fearing that
e92813	when I could bear the anxiety no longer
e92814	many worries also grow less
e92815	when fear and worry attack us
e92816	there is not much worry about food and drink
e92817	sorrow, anxiety, sickness and anger
e92818	the fear of others makes us anxious
e92819	he still hesitated
e92820	not wavering through unbelief at God’s promise
e92821	how long will you waver
e92822	such a person is a wavering man
e92823	because I have trusted the Lord without faltering
e92824	among a crooked and corrupt generation
e92825	every year I am always troubled
e92826	do not worry because there is no fixed income
e92827	our mother will worry too much
e92828	I was troubled and could not speak
e92829	I wept together with those in trouble
e92830	than to be rich and troubled
e92831	when he was distressed
e92832	Jacob was greatly afraid and distressed
e92833	David was greatly distressed
e92834	even in a year without rain it does not worry
e92835	do not worry in advance about tomorrow
e92836	do not add more to worry about
e92837	I grieve for you, my brother Jonathan
e92838	do not be grieved because you sold me
e92839	on the foreheads of all who mourn and grieve
e92840	give wine to those who are in anguish
e92841	a very distressing situation
e92842	because they behave so, it is very distressing
e92843	that is even more distressing
e92844	when I consider the present distressing situation
e92845	how distressing will it be
e92846	that you are pitiful and wretched
e92847	great and grievous things will come upon them
e92848	have you been distressed and lost heart
e92849	because they were troubled and distressed
e92850	he began to be deeply distressed and sorrowful
e92851	they will be greatly distressed and hungry
e92852	they made me to be distressed
e92853	they die being in anguish and weariness
e92854	despairing and not knowing what to do
e92855	when you were weary and worn out
e92856	even in distress and sorrow one can still be at peace
e92857	when you suffer distress, histamine comes out of your body
e92858	those who guard their speech keep clear of trouble
e92859	the greatest distress will come upon him
e92860	I suffered pain and distress
e92861	in their distress they cried to the Lord
e92862	their life is short and full of trouble
e92863	many troubles have come upon me
e92864	there will be great anguish in Cush
e92865	grief and anguish have come upon me
e92866	suddenly I will bring anguish and terror upon you
e92867	all our joy has turned to sorrow
e92868	a foolish son is the sorrow of his father
e92869	I will make the Valley of Trouble a door of hope
e92870	when trouble comes you will seek peace
e92871	trouble has gripped us
e92872	when distress comes upon them
e92873	because I have been speaking out of distress and grief
e92874	distress, sorrow and fear have seized them
e92875	our troubles too are more easily forgotten
e92876	your joy and your troubles
e92877	we endure troubles, hardships and distresses
e92878	I know your troubles and your poverty
e92879	your troubles will clear away
e92880	from all your calamities and your distresses
e92881	do you make me see wrongs and distresses
e92882	bring all your anxieties to him
e92883	when someone is weak I am troubled with him
e92884	it does not let you sleep, it troubles you
e92885	not only troubling others
e92886	how they would look after it is very troubling
e92887	the distress your enemies will cause you
e92888	how long will you distress us
e92889	those who are distressing you
e92890	I have not troubled Israel
e92891	a wicked messenger brings people trouble
e92892	dishonest gain troubles the household
e92893	he also grieves the mother who bore him
e92894	it will make you drunk and cause you sorrow
e92895	from their tormenting of Lot
e92896	are you the troubler of Israel
e92897	all those who distress her, attacking her fortress
e92898	he lifts up the needy and the distressed
e92899	they are a stubborn people
e92900	although we are a stubborn people
e92901	you unbelieving and stubborn generation
e92902	you are a stiff-necked people
e92903	that you are rebellious and stiff-necked people
e92904	do not be stiff-necked like your fathers
e92905	some were hard-hearted and did not believe
e92906	if you are hard-hearted like that
e92907	the hard-hearted will meet trouble
e92908	obey them even if they are harsh
e92909	our son is stubborn and rebellious
e92910	because of their stubbornness the presence of God left them
e92911	stubbornness is like sin and idolatry
e92912	he rebuked them for their unbelief and stubbornness
e92913	grieved at their hardness of heart
e92914	he said it insistently
e92915	nor did they give up their stubborn ways
e92916	he has mercy, and those he wants to harden
e92917	am I a fickle person
e92918	because he keeps on working without losing heart
e92919	never be discouraged at any time
e92920	but let us not lose heart
e92921	let us learn without ever losing heart
e92922	the people were discouraged on the way
e92923	he will not falter or be discouraged
e92924	do not be afraid and do not be discouraged
e92925	the foreigners lose heart
e92926	all Israel lost heart
e92927	do not lose heart when he rebukes your sin
e92928	now the chiefs of Edom are dismayed
e92929	let them be ashamed and dismayed forever
e92930	they were dismayed and greatly afraid
e92931	why are you like a man who is utterly dismayed
e92932	why discourage the Israelites
e92933	let no one be discouraged because of him
e92934	they discouraged the Israelites
e92935	my brothers disheartened the people
e92936	this hope never disheartens us
e92937	does this teaching of mine offend you
e92938	discouraging the people of Judah
e92939	Defeat is not a reason to lose heart
e92940	Encourage him at the time when he is discouraged
e92941	one should not lose heart because of that burden
e92942	so that they do not lose heart or grow weak
e92943	so that no one would be discouraged
e92944	that they should never give up
e92945	sometimes you may meet discouragement and hardship
e92946	it also causes discouragement
e92947	at the beginning one meets much difficulty and discouragement
e92948	we have no weakness or discouragement
e92949	that is a constant discouragement
e92950	so that there is no weariness or loss of heart
e92951	not quickly suffering dismay and anxious trembling
e92952	you will be shattered all the same
e92953	I am very pleased
e92954	will we be satisfied at that time?
e92955	neither the small nor the great were satisfied
e92956	when he heard this he was satisfied
e92957	you give food and they are satisfied
e92958	even with these you were not satisfied
e92959	Jonah was not pleased at all and was angry
e92960	God was not pleased with this thing
e92961	he was not pleased with most of them
e92962	be content with your wife
e92963	be content with the money you have
e92964	be content to stay tonight
e92965	he rescued me because he delighted in me
e92966	those who saw it all said it was very pleasing
e92967	it was done grandly and satisfyingly
e92968	it is satisfying because the Burmese spelling is correct
e92969	something pleasing to the Lord
e92970	it will be acceptable before him
e92971	a timely answer is satisfying
e92972	it was displeasing in his sight
e92973	we will live contentedly with what there is
e92974	the churches with contentment gained stability
e92975	let the one who gives give willingly
e92976	willingly, as slaves of Christ
e92977	confident in faith and without fear
e92978	we, with confidence and a fearless heart
e92979	because God is displeased with the Zomi
e92980	many students and parents were displeased
e92981	sad and displeased parents and siblings
e92982	sullen, to his house
e92983	they spoke out their displeasure
e92984	every time they have some displeasure, anger or sorrow
e92985	they got nothing but failure and displeasure
e92986	with my great indignation
e92987	everyone seeks satisfaction
e92988	in wealth and in poverty alike there is satisfaction
e92989	let us ask for the Lord's pleasure, favor and presence
e92990	in good pleasure do good to Zion
e92991	I know your pleasure is in uprightness
e92992	my pleasure is in her
e92993	in them is all my delight
e92994	from your river of delights
e92995	see my servant in whom I delight
e92996	I know your favour toward me
e92997	satisfaction with what we have is better
e92998	as it was approved with one voice it was thereby confirmed
e92999	perhaps God will be pleased with it
e93000	the offerings of the Jews could not please God
e93001	his possessions could not satisfy him
e93002	we are not speaking of pleasing everyone
e93003	his request pleased the Lord
e93004	it pleased all the elders of Israel
e93005	the woman pleased Samson greatly
e93006	satisfy us with your unfailing love
e93007	with long life I will satisfy him
e93008	because Pilate wanted to satisfy the crowd
e93009	if you please them and speak good words to them
e93010	what pleases him
e93011	this is the end of those who are satisfied with what they have
e93012	shudder, you who are so complacent
e93013	I have learned to be able to be content
e93014	not yet satisfied with that
e93015	after punching once, still not satisfied with that
e93016	even then you were not yet satisfied
e93017	because you were still not satisfied with the others
e93018	if you are still not satisfied in this matter
e93019	you were still not satisfied
e93020	one who thinks, I stand firm
e93021	if you believe and stand firm
e93022	so that you may stand firm and become one in love
e93023	to be steadfast and firm in faith
e93024	so that you may be strong in heart
e93025	steadfastly and fully, without slackening
e93026	so that they may endure truly and firmly
e93027	they are those who bear fruit with perseverance
e93028	so that you do not fall from your steadfastness
e93029	my love, my endurance
e93030	after encouraging them they left
e93031	they said much and strengthened them
e93032	they made the disciples steadfast
e93033	from the side opposite the poplar trees
e93034	attack them from opposite the balsam trees
e93035	he began to be troubled and sorrowful
e93036	he began to be sorrowful and troubled
e93037	with a troubled and sorrowful heart and many tears
e93038	now is the time for them to be perplexed
e93039	because of this life and its anxieties
e93040	send him on without anxiety
e93041	feeling very dismayed
e93042	do not be troubled
e93043	Mary was troubled at these words
e93044	when they heard this they were troubled
e93045	when he heard all this he was perplexed
e93046	because Daniel was greatly perplexed
e93047	they were amazed and greatly perplexed
e93048	the farmers are dismayed
e93049	dismayed, they will not know what to say
e93050	not anxious about anything
e93051	do not be troubled, only believe
e93052	do not be troubled; if you have faith
e93053	wonder and perish
e93054	perplexed, they will suffer anguish
e93055	they were all amazed and perplexed
e93056	do not be alarmed or troubled
e93057	deeply moved within and troubled
e93058	they are troubled because they have heard bad news
e93059	I am in unceasing anguish and pain
e93060	they upset the faith of some believers
e93061	this is not surprising
e93062	Hezekiah had confidence in God
e93063	even if the traffic light is green, one should not be too confident
e93064	the people have peace and security
e93065	may your citadels be secure
e93066	wickedness does not make anyone secure
e93067	he is the one who makes my way secure
e93068	that we may be confident before him
e93069	the prophets who spoke so that Jerusalem would be at peace
e93070	there will be quietness and lasting confidence
e93071	just go with your mind at ease
e93072	her parents can travel and work at ease
e93073	I will live secure
e93074	they are secure and at ease
e93075	in secure homes, in quiet resting places
e93076	you daughters who feel so secure
e93077	you will live safely
e93078	Jacob arrived safely
e93079	Jehoshaphat returned safely to his house in Jerusalem
e93080	for you who live at ease in Samaria
e93081	it always lets us live at ease
e93082	even then I will be confident
e93083	we are always confident
e93084	so that we may be confident
e93085	people will live there in safety
e93086	to live securely in the shelter
e93087	the robes of those living at ease
e93088	the righteous remain secure forever
e93089	they live securely again with no one disturbing them
e93090	I am glad and rejoice, and I rest securely
e93091	the righteous take refuge and are safe
e93092	the upright will always dwell safely in one place
e93093	those who walk uprightly will live safely
e93094	but the upright speak calmly and confidently
e93095	while he is at ease robbers will attack
e93096	wisdom also makes us secure
e93097	trusting the Lord keeps us safe
e93098	shudder, you complacent ones
e93099	there is no trouble any more and it is now safe
e93100	in God's keeping it is very secure indeed
e93101	it will be safe for the baby
e93102	you are safe and there is no danger
e93103	he makes my way secure
e93104	it is safer for you
e93105	his place of safety
e93106	he makes all my ways secure
e93107	there is security among the public
e93108	we need safety around us
e93109	there will be peace and security
e93110	those who listen to me will have security
e93111	may there be security within your citadels
e93112	Israel dwells alone in safety
e93113	having many counsellors is safety
e93114	you alone make me dwell in safety
e93115	the one who fears the Lord has confidence
e93116	on what do you base this confidence of yours
e93117	their wealth and securities will vanish without difficulty
e93118	as money gives security
e93119	humility, gentleness and a heart slow to anger
e93120	if he bore them with patience
e93121	teach them gently, but do not spoil them
e93122	Moses was very meek
e93123	I myself meekly humbled myself
e93124	the meek, the land promised by God
e93125	our God is very gentle and has mercy on us
e93126	he can be gentle with those who go astray
e93127	to be truly gentle toward everyone
e93128	the man Moses was very humble
e93129	if you endure it meekly
e93130	if you endure it patiently when you suffer
e93131	she rather gives out love, kindness and gentleness
e93132	and pursue gentleness
e93133	filled with humility, gentleness and patience
e93134	let him show his deeds with wisdom and gentleness
e93135	with gentleness and respect
e93136	by the meekness and mercy of Christ
e93137	they are meekness and self-control
e93138	with love and a spirit of meekness
e93139	we wait for them with patience
e93140	until you attain endurance and gentleness
e93141	like those who please people
e93142	Lord, you hear the desire of the meek
e93143	only the humble and meek
e93144	he was more humble than all people
e93145	at night when you are about to lie down, think about that matter
e93146	let us each think it over again carefully
e93147	it is necessary to consider this matter very carefully
e93148	she pondered them in her heart
e93149	they will ponder your fate
e93150	when I saw this I pondered the matter
e93151	consider carefully how they lived and died
e93152	consider how they grow
e93153	consider the ravens
e93154	what do you think about it
e93155	think about the wife of Lot
e93156	what king would not first sit down and think about it
e93157	do not think in your hearts
e93158	I will remember them no more
e93159	when I ponder this matter
e93160	the thing we should reflect on on Christmas day
e93161	I find this matter very much worth pondering
e93162	while I meditated my heart grew hotter
e93163	I meditate on it all day long
e93164	when I meditate on you in the night
e93165	while he was pondering this
e93166	what is mere man that you should ponder him
e93167	do not begin to reflect in your hearts
e93168	when he came to his senses
e93169	he is deep in thought
e93170	his evil intention on his own head
e93171	thinking and thought make the brain better and better
e93172	there was again the thought of taking him to Kawlpi
e93173	from my thoughts on the word of God
e93174	on the day when he judges the secret thought of people
e93175	so that the inner thought of many may be revealed
e93176	when I meditate on you through the night
e93177	I keep thinking about it all day long
e93178	I keep pondering the things we have met with
e93179	do you keep brooding, feeling unlucky
e93180	to meditate on your promise
e93181	I will meditate on your decrees
e93182	meditating on your precepts, I will fix my eyes on your ways
e93183	let him ponder the steadfast love
e93184	I will ponder your statutes
e93185	I ponder the works of your hands
e93186	I will reflect on all your works
e93187	you shall reflect on it day and night
e93188	I will reflect on your precepts
e93189	it strikes you and you are dismayed
e93190	humble people in the Lord
e93191	have humility
e93192	he gives grace to the humble
e93193	there are some worms that eat the leaves
e93194	I am only like a worm
e93195	God had a worm eat the plant
e93196	as a worm eats up wool
e93197	a mortal who is only a maggot, a small creature
e93198	when your affairs go well and you are glad
e93199	in order to succeed and to be glad
e93200	it is a time to be very glad
e93201	to sing for my delight
e93202	singing love songs for the delight of people
e93203	so that I may be glad
e93204	when the heart of Amnon is glad with wine
e93205	when he was cheerful from drinking wine
e93206	so that I too may be cheerful on hearing news of you
e93207	if you cause distress, the heart of love
e93208	live so that you do not offend them
e93209	have many good friends who can give you joy
e93210	that ends up giving us contentment
e93211	people who seek the joy of this world
e93212	you will seek peace
e93213	I hear no sound of peace
e93214	contentment makes the body healthy
e93215	though he gave you rest and contentment
e93216	my joy and my crown of pride
e93217	he fills your hearts with joy
e93218	for the joy set before him
e93219	it is not like the passing kinds of peace
e93220	just as they refreshed you
e93221	when we get to be with such people we are glad
e93222	he now slept quietly and at peace
e93223	go now in peace
e93224	let us make love and delight in each other
e93225	go gladly with the king
e93226	I make its people to be glad
e93227	when he had eaten and drunk he was glad
e93228	you will live at ease in your land
e93229	they will be able to go home at ease
e93230	they live secure and at ease
e93231	eating a little dry bread in peace
e93232	they went away from him in peace
e93233	because I could not be at peace
e93234	if I return safely to my father’s house
e93235	the upright live securely
e93236	they too ate with good cheer
e93237	I made the widows glad
e93238	that gladdens the children
e93239	which one will gladden us more
e93240	worship songs drive out the spirits and comfort people
e93241	my wine, which cheers gods and men
e93242	he gladdens those who mourn
e93243	you have greatly gladdened me
e93244	because of your union it will comfort you
e93245	because he often refreshed me
e93246	I must care for those with young
e93247	he has no concern about anything
e93248	who is the faithful and wise servant
e93249	let him become a fool so that he may become wise
e93250	is there not even one wise person
e93251	as I speak to sensible people
e93252	the ignorant talk of foolish people
e93253	I will destroy the wisdom of those who have understanding
e93254	Greeks look for wisdom
e93255	the Spirit of wisdom and understanding
e93256	Jesus grew in wisdom and stature
e93257	in everything, in speech and knowledge
e93258	you have taken away the key of knowledge
e93259	do you also still have no understanding
e93260	to teach just five words with understanding
e93261	they said, asking the wise
e93262	so that God might shame the wise
e93263	prophets, sages and teachers
e93264	Epicurean and Stoic philosophers
e93265	sitting like people in their right mind
e93266	at this they lost heart
e93267	those who desire righteousness as one craves food
e93268	rest your mind and body
e93269	let us make only joy dwell in our hearts
e93270	to have a mind like Christ
e93271	every thought of the heart was evil
e93272	Lord, you know everyone’s heart
e93273	those proud in the thoughts of their hearts
e93274	lifting our hearts to God in heaven
e93275	he opened their minds to understand the Scriptures
e93276	let the mind that was in Jesus be in you
e93277	whom I love with a true heart
e93278	a pure heart and gracious speech
e93279	those with a corrupt heart find no joy
e93280	righteous God who examines minds and thoughts
e93281	be of one mind
e93282	with humility of mind and with tears
e93283	the Lord is near the brokenhearted
e93284	I kept thinking it over in my mind
e93285	is there real repentance in your heart
e93286	nothing could really stay in my heart
e93287	lay up his words in your heart
e93288	it was in my heart to build a house
e93289	David took these words to heart
e93290	let it be as seems good in his own mind
e93291	Haman thought in his mind
e93292	all that he had in mind
e93293	in my spirit I am with you
e93294	I am with you in spirit
e93295	because in his heart he yearned for his brother
e93296	than being a perverse person
e93297	than to be rich yet a crooked person
e93298	even if it is preached from false motives
e93299	or whether it is preached with a deceitful heart
e93300	the senseless person cannot know it
e93301	you most senseless of people
e93302	a gentle person, one who is not quarrelsome
e93303	one who is not violent, a mild person
e93304	your King, humble in heart
e93305	gentle, riding on a donkey and on a colt, the foal of a donkey
e93306	because they were bitter in spirit over their sons
e93307	they were grieved because of their daughters and sons
e93308	obeying the word with sincerity of heart
e93309	because he followed with his whole heart
e93310	acting sincerely and in good faith
e93311	having acted in good faith and in truth
e93312	do not trust him fully before you know his inmost heart
e93313	the Lord always looks at our inmost heart more than at what we do
e93314	I have noted it in my inmost heart
e93315	God knows your inmost hearts
e93316	because he knew people down to their inmost heart
e93317	because he knew their inner thoughts
e93318	the revealing of people’s inner thoughts
e93319	God who knows the inner thoughts of people
e93320	the Sialsawm festival gladdens our hearts
e93321	making our hearts strong
e93322	it will make the bad attitudes in us come to an end
e93323	haughty conduct and a proud heart
e93324	put to death the earthly minds that are in you
e93325	who can know the thoughts
e93326	put on attitudes of not being quick to anger
e93327	putting away attitudes of great malice
e93328	with the very affection of Christ Jesus, you
e93329	the Burmese Buddhist monks were especially furious
e93330	the many thousands of enraged Palestinians
e93331	making the people more and more furious
e93332	when they heard it they were furious
e93333	do not discipline me while you are enraged
e93334	do not rebuke me, nor while wrathful
e93335	do not discipline me in wrath
e93336	do not rebuke me in anger, nor in fury
e93337	your hearts are filled with grief
e93338	the Lord who searches hearts and minds
e93339	your inner being has been filled with sorrow
e93340	a strong man setting out to run cheerfully
e93341	setting out to run joyfully
e93342	it is a day of gloom, not a glad day
e93343	pregnant women who have heart disease
e93344	in our hearts, it will remain today
e93345	the true church is rather the heart of each of us
e93346	their swords will enter their own hearts
e93347	give me your heart
e93348	my heart pounds, my strength fails
e93349	your sharp arrows enter into the hearts of the king’s enemies
e93350	no blood remains in my heart any longer
e93351	when short-tempered people have authority over us
e93352	he is very hard to talk to and very short-tempered
e93353	when he cannot get it done he can be short-tempered
e93354	do not associate with short-tempered people
e93355	why should I not be impatient
e93356	the Lord has become impatient
e93357	one who follows his own will, a quick-tempered person
e93358	they will no longer act rashly
e93359	no one can ever be led with a quick temper
e93360	a quick temper is linked with violence
e93361	if you answer with anger and a hot temper
e93362	a hot temper stirs up quarrels
e93363	he is not yet willing
e93364	he is not yet persuaded to visit you right now
e93365	my beloved, my darling
e93366	my dearly beloved, my heart’s desire, let me in
e93367	he gives strength right at the most gloomy time
e93368	it is pitch dark and very gloomy
e93369	go and help in times of hardship, suffering and distress
e93370	when you are very tired from work, when you are gloomy
e93371	the land of darkness and gloom
e93372	the most gloomy time of life will be brighter than morning
e93373	it is a day of gloom without brightness
e93374	that day is a dark day
e93375	he knows that what lies ahead is dark
e93376	there is only darkness and distress
e93377	trouble and distress, about to overwhelm him
e93378	there is only fearful gloom
e93379	there is only distress and darkness and dismal anguish
e93380	there is only fearful gloom
e93381	there is only distress and darkness and dismal anguish
e93382	those who go astray in spirit will come to understand
e93383	their provocation distresses me
e93384	that day is dark and gloomy
e93385	he knows that what lies ahead is dreadful
e93386	when we meet with any hardship or distress
e93387	to make the light of hope shine in the place of darkness and gloom
e93388	they have very much worry and distress
e93389	a land of darkness, a land of gloom, a land of trouble
e93390	there is only darkness and gloom
e93391	out of gloom and darkness
e93392	trouble and anguish, about to overwhelm him
e93393	all our life long, anguish, sorrow and worry
e93394	but we meet with nothing but distress
e93395	let me hear your voice that stirs yearning
e93396	one can be languishing as if all alone
e93397	they were pining and sorrowful
e93398	the girls and young men too, pining as they were
e93399	she who has many children pines away
e93400	the woman who has many children pines away
e93401	Tamar stayed there languishing and forlorn
e93402	because I am lovesick and faint
e93403	with raisins, for I am lovesick and faint
e93404	that I am close to dying, pining for him
e93405	if you see my beloved, that I am pining to death
e93406	the ground mourns, languishing
e93407	the ground languishes and mourns
e93408	he is longing greatly
e93409	he misses you and is longing for you greatly
e93410	let me hear your sweet voice
e93411	when you go to bed at night
e93412	as soon as I lay down I fell asleep
e93413	from your getting up in the morning until before you go to bed at night
e93414	when you lie down and when you get up
e93415	when he lies down, note the place where he lies
e93416	before they lay down
e93417	when I go to bed at night
e93418	whether when his daughter went to bed
e93419	they shake their heads at me
e93420	when they see me they shake their heads at me
e93421	though they lay together
e93422	there is a time to lie together and a time to lie apart
e93423	after a man and a woman have lain together
e93424	whenever he slept with his brother’s wife
e93425	so that I may sleep with her
e93426	after he has had sexual relations with a woman
e93427	if he marries his mother’s daughter and they have sexual relations
e93428	when he knew of his having lain there a long time
e93429	having no time to lie with wife or husband at home
e93430	satisfying one another at the time of lying together
e93431	while mother and young were lying down together in one place
e93432	if a man lies with his daughter-in-law
e93433	as one lies with a woman
e93434	if he lies with the wife of his father’s brother
e93435	whether to sleep with her
e93436	if he meets her and sleeps with her
e93437	if he seduces a virgin and sleeps with her
e93438	if he has sexual relations with another man
e93439	if she has sexual relations with another man
e93440	because he had sexual relations with Jacob’s daughter
e93441	the sexual intercourse of husband and wife is not only for the satisfaction of one
e93442	some may take it for intercourse between a woman and a man
e93443	a woman who has known a man by sexual intercourse
e93444	girls who have not yet known a man by sexual intercourse
e93445	all the women who had not known a man by sexual intercourse
e93446	everything about their sleeping together with the women
e93447	if another man sleeps with her
e93448	whether his daughter’s lying down or her getting up
e93449	bedding, bowls and pottery
e93450	beds, bowls and clay pots
e93451	couches made of gold and silver were set there
e93452	couches of gold and silver were placed there
e93453	my tears flood my bed
e93454	every night my tears flood my bedding
e93455	he married her and they slept together
e93456	after he has slept with her
e93457	he did not sleep with her until she gave birth
e93458	Jacob slept with Rachel also
e93459	Adam lay with his wife Eve
e93460	he lay with Hagar and Hagar conceived
e93461	Jacob lay with her
e93462	he slept with the concubine of King Saul
e93463	you shall not approach her for sexual intercourse during her unclean time
e93464	no one having had sexual intercourse with you
e93465	nor does he have sexual intercourse with her during her period
e93466	you had sexual relations with your neighbors the Egyptians
e93467	while she is still living you shall not have sexual relations with her
e93468	if another man has had sexual relations with you
e93469	Reuben slept with his father’s concubine Bilhah
e93470	if the man seizes her and lies with her
e93471	he does not seduce or lie with the wife of another
e93472	the sons of God and the daughters of men slept together
e93473	a man sleeps with her
e93474	the brother shall lie with her and take her as his wife
e93475	men slept with her and treated her like a prostitute
e93476	I hear of his sleeping with even his stepmother
e93477	he has nowhere that he is able to lie down
e93478	who never slumbers, day or night
e93479	all night long without sleeping, without dozing
e93480	never dozing at the night watches for the dead
e93481	he who keeps me will not slumber
e93482	the keeper neither slumbers nor sleeps
e93483	no one slumbers or sleeps
e93484	they all dozed off and fell asleep
e93485	as he sat there he dozed and fell asleep
e93486	the young man grew sleepy and dozed
e93487	his companions were sleepy
e93488	she nodded off and slept
e93489	a little dozing, a little folding of the hands without working
e93490	only wanting to stay drowsing
e93491	to stay muttering, lying about, drowsing on
e93492	they love only to stay drowsing on
e93493	daring to give their heads for the country
e93494	at bedtime they cooked the head of that snake
e93495	also when the head aches
e93496	God has appointed fathers to be the head in the family
e93497	they took the staff and struck his head
e93498	he will make their heads bald
e93499	they struck his head with a staff
e93500	a man who is head of his clan
e93501	to the hill of the Head Bone, called Golgotha
e93502	the seven heads are the seven hills where the woman sits
e93503	under the rule of Christ, the head
e93504	the ten horns on its head and
e93505	the Place of the Skull
e93506	you made me head of the nations
e93507	you are exalted as head over all
e93508	they had him as their head
e93509	I will set them over you as leaders
e93510	he made them leaders of the people
e93511	God is with us as our leader
e93512	as chiefs over you, commanders of thousands and of hundreds
e93513	you made me chief of the nations
e93514	even though we are the head
e93515	it is in the hands of the two heads of the superpowers
e93516	she also fully carried out her role as head of the united countries
e93517	he is the head
e93518	he is the chief over them all
e93519	Moses, to the heads of the tribes of Israel
e93520	these were the heads of their families
e93521	they were heads of the Levite clans
e93522	they were the heads of the clans of Israel
e93523	the priest Eleazar and the clan chiefs of the community
e93524	these were the chiefs of the clans of Ladan
e93525	the clan chiefs registered clan by clan
e93526	their elders and leaders, their judges
e93527	the leaders of the clans made freewill offerings
e93528	the elders, leaders, judges and officials of Israel
e93529	he will crush the heads of his enemies
e93530	they brought the heads of Oreb and Zeeb
e93531	they have brought the heads of the king’s sons
e93532	you crushed the heads of the monsters on the waters
e93533	lift up your heads, you gates
e93534	lift up your heads, O ancient doors
e93535	the Roman soldiers entered the town and destroyed the city and the temple
e93536	robbers entering a shopping mall in Malaysia carry off RM700,000 worth
e93537	an operation going in at Kuching, 108 foreigners are arrested
e93538	they, entering my sanctuary
e93539	she entered Zechariah’s house and greeted Elizabeth
e93540	Paul entered the synagogue
e93541	going in, let us take possession of the land
e93542	going in, he shut the door on the two of them
e93543	they went out and, going into the boat
e93544	the Spirit of God, coming in, set me on my feet
e93545	death coming in through the windows
e93546	the breath of life from God coming into those people
e93547	he shall go in with the people and go out with them
e93548	they entered Burma together with the Kachin
e93549	he entered the temple together with them
e93550	he entered the courtyard together with Jesus
e93551	they went in with him to the wedding feast
e93552	while he went in and went out with us
e93553	after he had entered the house
e93554	after they had entered the house
e93555	only when it was finished did he go back into his house
e93556	an SMS will come back into your phone
e93557	do not go back into this village
e93558	he went back into the town
e93559	go back into your sheath
e93560	I re-entered the city
e93561	Jesus re-entered the temple courts
e93562	I will return into the very house I was driven out of
e93563	he went back into the palace and to Jesus
e93564	can he enter his mother’s womb again and be born again
e93565	so that you may not turn out to fail to enter
e93566	so that none of you turn out to fall short of entering that place of rest
e93567	their entering the city
e93568	their way in must not be seen
e93569	on the entrance side of the city there was an artillery battalion
e93570	there are many causes of water entering the lungs
e93571	they stood at the entrance of the gate
e93572	he was gatekeeper at the entrance of the tent of meeting
e93573	as far as the entrance of the gate
e93574	on each side of the entry of the north gate
e93575	bury them under the pavement at the entry of Pharaoh’s palace
e93576	they sat at the entry of the New Gate of the temple
e93577	as far as Rehob, near the way into Hamath
e93578	to the point opposite the way into Hamath
e93579	he ran ahead of Ahab as far as the way into Jezreel
e93580	if you want to enter into it, keep the commandments
e93581	if you want to enter eternal life
e93582	those who want to enter the volleyball tournament
e93583	any team that wants to enter
e93584	although hundreds of media personnel want to enter
e93585	you yourselves do not want to enter
e93586	notice of the admission to be held for those who want to enter Genvai
e93587	nor do you let in those who want to enter
e93588	whether on his bald head or on his bald forehead
e93589	whether the swollen sore is on his bald crown
e93590	the demon-possessed man, to stay with him
e93591	how the demon-possessed man was healed
e93592	the man possessed by the evil spirit jumped on them
e93593	both about the demon-possessed man and about the pigs
e93594	the possessed man who had had the Legion, clothed
e93595	light and fresh air enter the house at once
e93596	he went straight into the house to look for the bride
e93597	rather go into the house at once
e93598	Satan entered into him at once
e93599	right after that, Satan at once entered into him
e93600	those who want to bring in their family and have not yet been able to
e93601	brought the Jews in groups into Palestine
e93602	he brought them into his house and set food before them
e93603	do not bring anything in through the gates of Jerusalem
e93604	I brought them into the room of the sons of Hanan
e93605	as they were about to take Paul into the barracks
e93606	if you take loads in through the gates
e93607	Paul had taken that man into the temple
e93608	Homeland Security did not let in 109 travellers
e93609	they felt pity for her and let her in
e93610	to let into the village after hand washing
e93611	her father would not let him go in
e93612	do not let them enter their cities
e93613	you let foreigners in
e93614	he brought Peter in
e93615	when the order was given they brought Paul in
e93616	do not admit anyone into the temple of the Lord
e93617	I opened the door to admit him
e93618	those who have entered are in the depths of the realm of the dead
e93619	he slipped into Johor Palace Ground without permission
e93620	a man slipped into the railway enclosure
e93621	they can slip into the fort while the guards do not notice
e93622	they have slipped in among you
e93623	they went into the house
e93624	the divers going down into the water
e93625	went into the toilet cubicle
e93626	the spirit goes down into the earth
e93627	he had gone down into the bottom of the ship
e93628	but he did not go in
e93629	a thing that enters a person from outside
e93630	Jonah had gone down into it and was fast asleep
e93631	the other disciple also went inside and saw what had happened
e93632	he went straight down into the tomb
e93633	those who come in from Kalaymyo and Tedim
e93634	those who enter by the south gate
e93635	those who enter by the north gate
e93636	they brought the demon-possessed people to Jesus
e93637	everything, including the matter of the demon-possessed people
e93638	at the age of nine he was able to enter Carnegie Mellon University
e93639	how could it have been able to enter the car
e93640	they can enter that city
e93641	only those who do it will be able to enter
e93642	will never be able to enter the kingdom of God
e93643	not all will be able to enter the kingdom of heaven
e93644	permission has been given so that it is able to enter Myanmar
e93645	he asked for a visa to be able to enter Myanmar
e93646	to be able to enter a medical college in India
e93647	so that they might be able to enter those pigs
e93648	to be able to enter the Most Holy Place freely
e93649	so that they may be able to enter by the city gates
e93650	how were you able to come in here
e93651	fine anklets, headbands and crescent ornaments
e93652	though he stumbles he will not fall headlong
e93653	laying a hand on his head, I prayed for him
e93654	I lost some of the hair on the top of my head
e93655	the baggage fell down and struck the passengers' heads
e93656	laying their hands on their heads
e93657	the hairs on your head
e93658	his blood on the head of Joab and on all his family
e93659	to come back on Haman’s own head
e93660	set on the head of a fertile valley
e93661	he took a flask of oil and poured it on his head
e93662	she put her hand on her head and went away
e93663	let it come upon the head of the prince
e93664	we see that they were not able to enter
e93665	the whole town was stirred
e93666	the weapon, the shield and the spears flash
e93667	she leaves her eggs to the ground to let them warm
e93668	rushing down from the brink of the cliff
e93669	from the top of his head to the sole of his foot
e93670	others trampling on the crown of our heads
e93671	from the sole of his foot to the crown of his head
e93672	from the sole of his foot to the crown of his head
e93673	he tears the arm and the crown of the head
e93674	from the sole of the foot even to the top of the head
e93675	the sun beat down on the top of the head of Jonah
e93676	his violence comes down on his own head
e93677	overlaying their tops with gold
e93678	we arrived at Myra in the land of Lycia
e93679	before you get up
e93680	before they followed the Buddhist religion
e93681	until before that time arrives
e93682	on a day before reaching 45 years
e93683	before that
e93684	before anyone knew
e93685	before they lay down
e93686	come down before my son dies
e93687	the kings of Israel before him
e93688	Maakah, the concubine of Caleb, bore Sheber and Tirhanah
e93689	the king of Maakah with his troops
e93690	to Achish son of Maakah, king of Gath
e93691	the men of Tob and the men of Maakah, in the open country
e93692	the people of Geshur and the Maakathites
e93693	as far as the border of the Geshurites and the Maakathites
e93694	and Maasai the son of Adiel
e93695	the twenty-fourth fell to Maaziah
e93696	you drench its furrows with much water
e93697	poisonous weeds grow in the furrows of the field
e93698	those who fear the Lord prosper
e93699	in whatever you follow you will prosper
e93700	you will have success
e93701	give me success today
e93702	David had more success
e93703	he succeeded in everything he did
e93704	whatever he does goes very well
e93705	he struck and overcame them with the sword
e93706	this idea is not right
e93707	this matter is very true
e93708	it is the first step toward walking the right path
e93709	my words are nothing but true
e93710	the explanation given is true
e93711	the true light is already shining
e93712	honest scales and balances
e93713	offer right sacrifices
e93714	then he will show you the right path
e93715	he did what was right in his eyes
e93716	so that rulers may apply just laws
e93717	they ask me for just decisions
e93718	in the tenth year that Zedekiah reigned
e93719	during the reign of King Josiah
e93720	while Hezekiah king of Judah reigned
e93721	the fourth year of the reign of Jehoiakim
e93722	in the fourth year that King Zedekiah ruled in Judah
e93723	the eighteenth year that King Nebuchadnezzar ruled
e93724	while those kings are ruling
e93725	the eleventh year that Zedekiah was king
e93726	both the hidden manna
e93727	seeing a vision for the present time
e93728	in my vision God took me to Israel
e93729	I saw a second vision
e93730	exactly as I had seen in my vision
e93731	while I was praying I saw a vision
e93732	we once ruled for many years
e93733	the chief Pu Thuam Thawng ruled
e93734	God reigns over the nations
e93735	Christ will reign
e93736	a king will reign in righteousness
e93737	God rules over Jacob
e93738	he ruled for eleven years
e93739	you are ruling without us
e93740	the Lord is king, he is robed in majesty
e93741	your son Solomon shall be king after me
e93742	Adonijah will reign after me, on my throne
e93743	reigning on the throne of David over his kingdom
e93744	he shall reign and sit on my throne
e93745	your son Solomon shall be king after me
e93746	we will reign together with him
e93747	falsely pretending to have a vision
e93748	they speak from their own mind and pretend to have visions
e93749	whether it was a vision I do not know
e93750	visions were rare
e93751	your vision shows the time of the end
e93752	in my vision at night I looked
e93753	Gabriel, the man I had seen in my earlier vision
e93754	you terrify me with frightening visions
e93755	God speaks in dreams and visions
e93756	Samuel was afraid to tell Eli the vision
e93757	in accordance with all this revelation
e93758	it is the message the Lord spoke in a revelation
e93759	the Lord has shown me this in a revelation
e93760	your visions are false
e93761	their visions are false
e93762	my visions troubled me
e93763	my record of the visions I saw that night
e93764	two or three palace officials
e93765	six thousand are to be officers and judges
e93766	they will be eunuchs in the palace of the king of Babylon
e93767	avoid evil and walk rightly
e93768	they still do not learn to act rightly
e93769	I will judge justly
e93770	but if the charge is true
e93771	Heshbon, the former seat of rule of King Sihon
e93772	do not spare her young men
e93773	he will show no mercy and will not pity them
e93774	therefore they do not prosper
e93775	you will be happy and prosper
e93776	the work of the man of understanding will prosper
e93777	no weapon that is made will prosper
e93778	all your work will succeed
e93779	you will not succeed in what you do
e93780	if you are careful to obey you will succeed
e93781	he was successful in everything he did
e93782	then you will be successful
e93783	they continued building the temple and were successful
e93784	give me success today
e93785	give us prosperity
e93786	do not seek their prosperity
e93787	let us think wisely about what lies ahead for the young
e93788	to this day what lies ahead can still be carried on
e93789	set your mind only on that aim of yours, on what lies ahead of you
e93790	go on then with the continuation of the work of our forefathers
e93791	pass it by and go on with what lies ahead of you
e93792	the rest of a work that someone else has begun
e93793	bring to completion the rest of what you have done
e93794	do not let his evil plan go any further
e93795	it is one of the very foremost countries
e93796	they were about 400 years ahead of the Germans
e93797	there will also be awards for those who come out foremost
e93798	you will see only the foremost part of them
e93799	he could see from afar the foremost of the Israelites
e93800	put Uriah at the front
e93801	a spirit came forward and stood before the Lord
e93802	a spirit came forward and stood before the Lord
e93803	put Uriah in front
e93804	let us try to be those in front in spiritual things
e93805	I was able to take part in the honouring of the women in front
e93806	throwing its front ranks into the eastern sea
e93807	those in front are a devouring fire
e93808	it happened just before 10pm on Monday evening
e93809	just before a schoolgirl went in to sit the exam
e93810	just before the express bus crashed it was going very fast
e93811	just before reaching Ephrath, in the land of Canaan
e93812	just before Jesus arrived, the centurion
e93813	they still keep on with that very work
e93814	it is screened with just one flat stone
e93815	they will call it Zo Biakna itself
e93816	that very one is good
e93817	he will make them bear their own guilt
e93818	staring on at the very spot he was looking at
e93819	it happened at once in just that way
e93820	that very same one
e93821	on that same day Moses instructed the people
e93822	in the same way the chief priests
e93823	the dog died right at that place
e93824	the funeral service will be held right at that place
e93825	I want it to be someone who can live right in Zogam
e93826	he is caught right in the snare of his own sin
e93827	she was buried right there
e93828	right in that town there was also a widow
e93829	it shall be done back to that very person
e93830	the entrance too was on that same side
e93831	Mahalalel was the son of Kenan
e93832	on that very day 2 warships could be destroyed
e93833	for that very reason you have life
e93834	my wife, just as she was weeping
e93835	on that very day his plans come to nothing
e93836	within this very year you will die
e93837	on that very day two followers of Jesus
e93838	that same day Pharaoh commanded the slave drivers
e93839	that same day Moses wrote this song
e93840	that same year he reaped a hundredfold
e93841	just now you have called to me
e93842	while he was speaking, just then the rooster crowed
e93843	just as there was on the east side
e93844	you hurt yourself
e93845	it was regarded exactly as the word of God
e93846	this very day the enemy reaches Nob
e93847	I myself will set my face against that man
e93848	sinning against you, you only
e93849	he will curse you right to your face
e93850	they are always right before my eyes
e93851	this is very important in deciding matters
e93852	I find it very brave, I find it very important
e93853	when she saw it she was very sad
e93854	one who worked harder with very great toil
e93855	because we were exceedingly tossed by the waves
e93856	they are right at the door
e93857	give it to me right here
e93858	right inside the royal city of Susa
e93859	you sin against Christ himself
e93860	I reached Tonzang very tired and very weary
e93861	feeling very successful, I went to school that day
e93862	Stead and Lily were in great distress, surrounded by many hardships
e93863	he welcomed the Lord very gladly
e93864	he made him exceedingly great
e93865	he put spears there and made them exceedingly strong
e93866	Hezekiah was exceedingly rich and gained honor
e93867	he left Pharaoh in great anger
e93868	they fell on their faces greatly afraid
e93869	I lived in the palace, greatly contented
e93870	go home right now
e93871	right now seek the kingdom of God and his righteousness
e93872	on that very day the Lord said to Moses
e93873	on that very day Abraham and his son Ishmael
e93874	on that very day he circumcised them
e93875	by now I would have killed you
e93876	remember how very short the span of life is
e93877	with great joy because of the Lord
e93878	they began the work with great eagerness and a good aim
e93879	if you cook with great contentment
e93880	trembling with great fear
e93881	with the great wrath of God Almighty
e93882	I saw that they were very dry
e93883	the great fear of the people of Cushan
e93884	the very man famous for having 86 wives
e93885	I am the very one who did the wicked deed
e93886	they behaved exceedingly shamefully
e93887	feeling very much the winners, they rode off on a motorcycle
e93888	because I have spoken very much of my confidence in you
e93889	he went out greatly angered
e93890	those very badly injured were sent to Yangon by ambulance
e93891	there are still also very beautiful flowers
e93892	my very dear ones, farewell!
e93893	the very skilled men were your sailors
e93894	very precious garments to you
e93895	they were the very skilled craftsmen of Gebal
e93896	give wine to those in great anguish
e93897	right from birth they go astray
e93898	right before your eyes foreigners
e93899	I chose you, the very twelve of you
e93900	they all drank the spiritual drink
e93901	joy makes the face cheerful
e93902	because she had covered her face
e93903	Abram bowed his face down
e93904	seek his face always
e93905	speaking in front of the public
e93906	before God it is bad and detestable
e93907	look ahead
e93908	those who went ahead and those who followed
e93909	will go ahead of you into the Jordan
e93910	with the gift that goes ahead of me
e93911	plan ahead for the future
e93912	a look ahead at the coming 5 years
e93913	your future
e93914	has nothing to hope for in the future
e93915	if you have wisdom there is hope for the future
e93916	it is the sign of the covenant for all future generations
e93917	be careful how you behave in front of the public
e93918	students dancing in front of Yangon City Hall
e93919	do you want to ask forgiveness before God
e93920	who bore good and true witness before Pontius Pilate
e93921	no one shall appear before me
e93922	washing his hands in front of the crowd
e93923	kneeling in front of him
e93924	he will lead the way out in front of you
e93925	they appeared in the presence of many people
e93926	you once stood in the presence of many witnesses
e93927	everyone I saw looked gloomy
e93928	though he keeps on working he is never gloomy
e93929	he arrived with a gloomy face
e93930	being always gloomy dries up the marrow of the bones
e93931	rather turn your joy into gloom
e93932	their sadness was gone
e93933	anxiety makes the face gloomy
e93934	the blind, the lame, the disfigured, and one with a limb too long
e93935	Ahab went home with anger and sullenness
e93936	how can I be without looking sad
e93937	make them downcast with shame
e93938	they stood still with downcast faces
e93939	he went about gloomily
e93940	he went to his house displeased and sullen
e93941	he went away sad, his face fallen
e93942	do not look gloomy as the hypocrites do
e93943	make them downcast with shame
e93944	dismay them with their own shame
e93945	Ahab went to his house in anger and sulking
e93946	she rose and bowed down to the ground
e93947	bowing down to the ground he paid homage
e93948	to show the future time, that it is still to come
e93949	let us keep striving in the future
e93950	what you decide is for your future
e93951	everyone wants to know beforehand what will happen in the future
e93952	in the distant future
e93953	the things God would say in the future
e93954	there is hope for your future
e93955	he prophesied among them
e93956	when he had finished prophesying
e93957	the front of the temple on the east side
e93958	sprinkling it on the front of the atonement cover
e93959	the front of the ship stuck in the ground and could not move
e93960	each straight ahead
e93961	as he stepped forward
e93962	the Israelites pressed forward on their way
e93963	the two of them came forward
e93964	what will happen in the future
e93965	to be able to give more and more in the future too
e93966	in time to come the 88 leaders will progress
e93967	able to foresee the reward ahead
e93968	for the joy he would receive in the future
e93969	there is nothing to hope for in the time to come
e93970	not one who merely talks
e93971	not that the sheep should merely live
e93972	one should not just stay unconcerned
e93973	not merely to be alive
e93974	the crowd was just moving off this way and that
e93975	all my wrath so that they would perish
e93976	when all its splendor has vanished
e93977	than for even one small stroke to vanish
e93978	so that it will not vanish from his town
e93979	so that his name will not be blotted out from Israel
e93980	the Egyptian soldiers simply perish in the sea
e93981	it is not a loss that vanishes
e93982	their king will perish
e93983	he will simply perish like a speck of dust
e93984	but the wicked will be ruined and perish
e93985	the faithful have vanished from among mankind
e93986	have his promises vanished for good
e93987	though there is knowledge, it will vanish
e93988	may his name be wiped out within one generation
e93989	all that they have made will be wiped out
e93990	may all my crops be wiped out
e93991	those nations will be utterly ruined
e93992	you wasting away because of wickedness
e93993	death has vanished, swallowed up by victory
e93994	the dew that vanishes quickly
e93995	you shall wipe out their names
e93996	I did not destroy them or wipe them out
e93997	our God will wipe them out
e93998	do not blot out the good deeds I have done
e93999	the Lord destroys Babylon
e94000	he will destroy them for their wickedness
e94001	he made their days vanish like a breath
e94002	he has made the courage of my heart vanish
e94003	in one hour it has vanished
e94004	its glory has vanished like a royal crown
e94005	your compassion has vanished for us
e94006	everything you longed for is gone
e94007	now the wall is gone
e94008	all your people are gone into the sea with you
e94009	they disappeared from their places
e94010	that outworn covenant is one that disappears
e94011	its ships have disappeared from the sea
e94012	that all her greatness will be lost
e94013	ruin and destruction upon you
e94014	the faith in Christ that he wanted to destroy
e94015	not one word has failed
e94016	you know that not one has failed
e94017	it has come true, not one has failed
e94018	should we perish before your eyes
e94019	when a very cheerful person gets angry, the face turns dark at once
e94020	she went on speaking with a sad face
e94021	in the mirror Cing Cing could be seen looking sad
e94022	why are you sad-faced today
e94023	a day of darkness and gloom
e94024	the spider has eight legs
e94025	his trust is only like the web of a spider
e94026	his confidence is only like the thread of a spider
e94027	your cloths of spider thread cannot be used
e94028	he went resolutely toward Jerusalem
e94029	be brave and go forward with confidence
e94030	but I move on without losing heart
e94031	with that mind we too shall go forward
e94032	let us go forward
e94033	for the shadow to go forward ten steps
e94034	they went backward and not forward
e94035	the repair work advanced
e94036	his companies suddenly advanced
e94037	with great eagerness the horses advance
e94038	tell the Israelites to move on
e94039	because he was moving on to go toward Jerusalem
e94040	we will move on
e94041	because we worked together we were able to advance one step
e94042	tell the people of Israel to go forward
e94043	forgetting what is past I strive to press forward
e94044	they went advancing, and as they went, the Moabites
e94045	it will comfort your other sisters all the more
e94046	we sat in one place facing each other
e94047	facing the EBC-KL church
e94048	the way we people face failure
e94049	I will not turn my face toward them
e94050	even if he does not turn his face toward us at all
e94051	they did not turn their faces toward me
e94052	the larger room faces the courtyard
e94053	the larger room that faces the temple
e94054	because they did not look toward him
e94055	I always look toward the Lord
e94056	they turned their backs on me and did not look toward me
e94057	they fell down with their faces toward the ground
e94058	in his chariot facing the Arameans until evening
e94059	he bowed before the king with his face to the ground
e94060	they worshiped the Lord with their faces to the ground
e94061	with their faces toward that city
e94062	they bowed on the pavement with their faces toward the ground
e94063	because they were facing every direction
e94064	he buys a handkerchief
e94065	set out soap, a toothbrush, a face cloth and mirrors
e94066	whether the handkerchiefs he had used
e94067	I kept it hidden, wrapped in a cloth
e94068	whether a handkerchief
e94069	he tied a towel around his waist
e94070	to wipe them dry with the towel he had tied on
e94071	shall it go forward ten steps
e94072	that Laban no longer regarded him with favor as before
e94073	they beg them to show favor
e94074	he is one who receives favor
e94075	why is it that I have found such favor
e94076	he must be a person who can find favor with people
e94077	she could not find the king's favor for long
e94078	gaining favor before people you will be honoured
e94079	you have found favor with God
e94080	he found great favor before Pharaoh
e94081	he kept growing in esteem with the Lord and with people
e94082	they are people held in esteem among the apostles
e94083	confront them and bring them down
e94084	because the wind came against us
e94085	his expression changed a little
e94086	to gain friends, words and the look on the face matter
e94087	your manner and the look on your face are what matters most
e94088	the look on their faces and
e94089	the appearance of the glory
e94090	because of the look of the people and their words
e94091	he fell facedown on the ground
e94092	Dagon had fallen facedown on the ground
e94093	she fell facedown before David and bowed to the ground
e94094	he fell facedown on the ground and bowed three times
e94095	Joab bowed down with his face to the ground
e94096	David and the elders, clothed in sackcloth, bowed with their faces to the ground
e94097	face down on the ground she paid honor
e94098	prostrate, he paid honor
e94099	then Joab fell facedown to the ground
e94100	the look on their faces testifies against them
e94101	their countenance will show fear
e94102	the ruined cities devastated for many generations
e94103	God forgives their sins
e94104	there are many people for you to forgive
e94105	his father forgave his sin all the same
e94106	love forgives all sins
e94107	I have forgiven as you asked
e94108	he forgives all my sins
e94109	forgive us our sins too
e94110	forgive the sin of these people, I pray
e94111	for the sake of your name pardon my sin
e94112	you pardon the sin of the people of your inheritance
e94113	I will pardon all their rebellions against me
e94114	forgiving the sin of your people Israel
e94115	you should forgive his sin and comfort him
e94116	to forgive our sins and wash away all our wickedness
e94117	I will pardon the sin and restore their land
e94118	pardoning all their transgressions
e94119	pardoning wickedness, rebellion and sin
e94120	asking for forgiveness, we prayed again as a family
e94121	if we answer with love and forgiveness
e94122	I found forgiveness of my sins
e94123	without the shedding of blood there is no forgiveness of sin
e94124	will receive forgiveness of sins through his name
e94125	forgiveness of their wrongdoing and covering of their sins
e94126	the blood of the sacrificial animal for the remission of sin
e94127	the blessing of redemption, the remission of sins, through the blood of Jesus
e94128	with the remission of the sins of his people
e94129	every time you shall grant a cancelling of debt
e94130	because the cancelling of debt has been proclaimed
e94131	the seventh year, the year of the cancelling of debt, is near
e94132	the one who was forgiven more
e94133	if you are not willing to forgive sin
e94134	just as you have forgiven these people
e94135	those who forgive the wrongs of others are loved by others
e94136	shame them and make them confounded
e94137	he will pardon his sin
e94138	shame them and confound them
e94139	I will set my face against that man
e94140	I will set my face against the person who eats blood
e94141	I myself will set my face against that man
e94142	I myself will turn against you
e94143	being hostile to the man and his family
e94144	the baby can now have various expressions
e94145	it can be done with your expression alone too
e94146	her countenance was no longer sad
e94147	their expression was still very sad
e94148	so that you could see the expression on my face
e94149	the wicked, with a proud look
e94150	if you are cheerful and use your words well
e94151	be cheerful and speak only of good things
e94152	then he was very glad and at once became all cheerful
e94153	cheerfully show hospitality to one another
e94154	let us do it cheerfully
e94155	when the king is cheerful it means life
e94156	look to him and be radiant
e94157	you will look and be radiant
e94158	making herself bright-faced, she said to him
e94159	when the face of the king brightens it means life
e94160	it is a day of darkness, with no brightness
e94161	on his face signs of cheerfulness and joy are seen
e94162	cheerfulness is very important
e94163	it makes love and cheerfulness between people grow
e94164	cheerfulness makes the body well
e94165	a cheerful look gladdens the heart
e94166	it is a day of gloom with no brightness
e94167	wisdom brightens the face of the wise
e94168	joy makes the face cheerful
e94169	a man cannot see his own face
e94170	his very face will turn red
e94171	they will see his face
e94172	each had four faces and four wings
e94173	make your face shine
e94174	the Lord who hides his face
e94175	on the surface of the earth 75% is water
e94176	from the surface of the sea
e94177	that are on the whole surface of the earth
e94178	the waters had gone down from the surface of the ground
e94179	in the presence of the people, from heaven down to the earth
e94180	not only in my presence
e94181	you set our secret sins before your face
e94182	continually provoking me before my face
e94183	the things that appear before us last only a while
e94184	because of the glory that shone on the face of Moses
e94185	he put a veil on his face
e94186	their faces will be like flames
e94187	the same as the faces I had seen by the Kebar River
e94188	so that the sins of the Israelites may be forgiven
e94189	his Son, so that our sins might be pardoned
e94190	it is for the forgiveness of your sins
e94191	to be able to seek the favour of people who can help us
e94192	until we can gather together seeking the favour of God
e94193	they will seek your favour with gifts
e94194	because I could not remember it I was very ashamed
e94195	the truth will come out anyway and you will be ashamed
e94196	do not be ashamed, dare to declare what you are
e94197	they were naked and were not ashamed
e94198	you will be ashamed because of what you have done
e94199	I will not be ashamed
e94200	O nation that cannot feel shame
e94201	for the leaders it is even more shameful
e94202	the most shameful and the worst sentence
e94203	said that it is very shameful
e94204	in their shameful deeds
e94205	it is very shameful that you do not know God at all
e94206	it is folly and shame
e94207	let all who hate Zion be turned back in shame
e94208	I blush with shame to look to you
e94209	throw those who seek to kill me into confusion in shame
e94210	they will be ashamed and disgraced
e94211	you will be ashamed and dismayed
e94212	they are put to shame by their idols
e94213	they are ashamed because of their idols
e94214	do not think of it as a shame at all
e94215	will suffer shame and mockery
e94216	shame is worse than death
e94217	I will not be put to shame
e94218	he who sleeps at harvest time gets shame
e94219	you have filled him with shame
e94220	all the makers of idols are put to shame
e94221	see our disgrace
e94222	that disgrace of yours comforts your other sisters
e94223	the protection of Pharaoh will be your disgrace
e94224	you will sit down humiliated in the seat
e94225	he is not ashamed of any kind of work
e94226	even our own relatives may be ashamed of us
e94227	he is not ashamed of calling them so
e94228	our behaviour among people can put us to shame
e94229	she contradicts her husband and shames her husband
e94230	do not put me to shame
e94231	he will put you to shame
e94232	never let me be put to shame
e94233	you have humiliated all your servants
e94234	it humiliated all his opponents
e94235	is it that you want to humiliate the poor of the church
e94236	our sons-in-law to be are fortunate
e94237	daughter-in-law and son-in-law will no longer matter
e94238	he is very good at finding a son-in-law
e94239	but to his sons-in-law to be
e94240	his sons-in-law to be who were to marry his daughters
e94241	do I lead the people as God wants
e94242	God trusts us to be able to guide the children
e94243	you led them like a flock
e94244	lead me in your righteousness
e94245	there was no one to guide you
e94246	those who are guided by the Holy Spirit of God
e94247	where is the Lord who guided us
e94248	may the Lord lead us and go on using us
e94249	with chief Khaw Cin leading, they attacked it
e94250	leading them he went out and came back
e94251	leading the three hundred and eighteen men as far as Dan
e94252	I will guide them and comfort them
e94253	do I truly follow the guidance of the Holy Spirit?
e94254	under the leadership of the politicians
e94255	that will make your leadership different
e94256	under the leadership of Moses and Aaron
e94257	when they see his leadership of the temple building work
e94258	under their direction the work makes good progress
e94259	under the supervision of their father Jeduthun
e94260	who prophesied under the supervision of the king
e94261	he is the director of those who can play
e94262	the leaders of this people mislead them
e94263	the MCA leader too lost heart
e94264	when their leader died
e94265	the whole mind of the public rests on the leader
e94266	the leader of the people of Benjamin
e94267	the leader of the people of Gad is Eliasaph son of Reuel
e94268	the leader of the people of Zebulun is Eliab son of Helon
e94269	Shallum was their chief
e94270	the chief of the people of Simeon is Shelumiel son of Zurishaddai
e94271	let the chief be like a servant
e94272	in the whole country the chief leader of the country has the greatest authority
e94273	he is the chief leader for their country
e94274	he served as president and chief leader
e94275	Heman was the chief leader of song
e94276	their champion, the man named Goliath
e94277	the leader added as follows
e94278	he became the head of the International Mensa Society
e94279	chief of the herdsmen of Saul, an Edomite
e94280	going to Iddo the leader there
e94281	the people look to the leaders with great hope
e94282	if the leaders of the country are not good
e94283	how far have the Zomi leaders brought the people
e94284	the leaders of Israel, the heads of their clans
e94285	that all the leaders of Israel should help his son Solomon
e94286	trembling seizes the leaders of Moab
e94287	Eleazar the priest and all the chiefs of the people
e94288	the chiefs from their own clans
e94289	chiefs according to their generations
e94290	her princes find no pasture
e94291	hear this, you princes who rule Israel
e94292	before Eleazar the priest and before the princes
e94293	they buried them under a tamarisk tree
e94294	he planted a tamarisk tree in Beersheba
e94295	Saul sat under the tamarisk tree on the height
e94296	they sent them away together with their children
e94297	his friends had already overtaken him
e94298	overtaking even the USA
e94299	Korean phones simply overtook them
e94300	he outran the Cushite
e94301	outrunning Peter he reached the tomb first
e94302	let him give his wife a certificate of divorce
e94303	he writes a certificate of divorce and puts it in her hand
e94304	I do not want the divorcing of a wife
e94305	Donald Trump's son-in-law and senior advisor
e94306	why do we have so many Lusei sons-in-law?
e94307	he was son-in-law to Sanballat the Horonite
e94308	David was pleased to become the son-in-law of the king
e94309	he was son-in-law to Shekaniah son of Arah
e94310	that I should be the son-in-law of the king
e94311	a woman divorced by her husband
e94312	those who marry a divorced woman
e94313	those who marry a divorced woman commit adultery
e94314	he had in mind to divorce her quietly
e94315	her sons-in-law were all kings
e94316	all his grandchildren, children and sons-in-law
e94317	sons-in-law, sons, daughters, or else
e94318	sons-in-law, sons, daughters, or else
e94319	may a man indeed divorce his wife
e94320	if the number has more than three figures
e94321	one word
e94322	not even a single one of his tears fell
e94323	they got more than 10 guns
e94324	he mostly composed both the words and the tune together
e94325	he counted every item and had a list made
e94326	we will not heed a single word he says
e94327	many troubles too many to count every single one
e94328	they had to count the full number
e94329	you shall hand over the usual number of bricks
e94330	if I counted their number they would be more than the sand
e94331	can count the people of Jacob one by one
e94332	the French punished him on the ship straight off
e94333	they went straight off and broke their word to the hill peoples
e94334	you so readily accept a different message
e94335	they start right off with nonsense
e94336	he has given us the Holy Spirit as a deposit
e94337	he gave us the Holy Spirit as the pledge of his promise
e94338	he is the guarantee of our inheritance
e94339	we who have received the Holy Spirit as a first instalment
e94340	it fell on the ground like large drops of blood
e94341	many troubles that cannot be counted one by one
e94342	he brought forward the family of Matri individually, man by man
e94343	counted by number of men they were many
e94344	each of them is only one word
e94345	not one drop of rain falls
e94346	does not know one Burmese letter
e94347	if it is one word, the letters are to be written joined
e94348	one word after another, one line after another
e94349	with fine cords and purple cords
e94350	after I had carefully read the words of this song
e94351	carefully noting down the items of money
e94352	the words of that saying are no longer heard
e94353	he recited all the words of this song
e94354	the words of this song to the end
e94355	he made that hand write these words
e94356	these are the counted items of the materials
e94357	according to their total number
e94358	he counted their number and had a list made
e94359	they had to count their number
e94360	its trunk is straight and smooth and can grow very tall
e94361	whether crooked or straight
e94362	their legs were straight
e94363	who can straighten it again
e94364	I will make all his ways straight
e94365	who can straighten it again
e94366	the cat caught a mouse
e94367	they caught a tiger
e94368	they caught their chicken
e94369	CDF Matupi captured him with his weapons
e94370	she seized him by his cloak
e94371	the tenants seized the servant
e94372	let him seize all that he has
e94373	they sent officers to arrest the Lord
e94374	arrest that man
e94375	the officials of the Jewish elders arrested Jesus
e94376	let us catch them before they ruin it
e94377	they set traps and catch people
e94378	to catch Jesus at fault in his words
e94379	Saul sent men to capture David
e94380	they captured the Midianite women and their children
e94381	they captured the king
e94382	he reached out his hand and took the dove
e94383	he reached out his hand and took hold of it
e94384	I have found my lost sheep
e94385	I have found my lost coin
e94386	because they feared the Jews
e94387	because they are yours I pray for them
e94388	because the people believed so
e94389	he knew they had handed Jesus over out of envy
e94390	with the golden jar that held the manna
e94391	because only the pleasure of the body is wanted there is much trouble
e94392	rather, we are Zomi because we are descendants of the Zhou ruler
e94393	it is rather because I admire you that I phoned you
e94394	because I am wiser than other people
e94395	on account of rivalry because of the wish to be rich
e94396	he led them in the right way
e94397	he leads me in the right way
e94398	he led me on the right road
e94399	guiding the humble in what is right
e94400	the man who brings those who err back to the right way
e94401	let him weigh me on honest scales
e94402	Head for the direction you want and step forward
e94403	Which way are you heading
e94404	I headed for Singapore and arrived safely
e94405	he headed for the hill country of Gilead
e94406	starting from Aroer they headed toward Gad
e94407	because Jesus meant to head for Jerusalem
e94408	they went toward the plain of the Arabah
e94409	the proud already go toward ruin
e94410	they go toward evil again and again
e94411	I will set out to make for Spain
e94412	making for the Red Sea we went into the wilderness
e94413	make for the Red Sea and go into the wilderness
e94414	they went on toward the town of Pale
e94415	they turned back toward the west
e94416	it is now said to be heading toward a decrease
e94417	he went on toward the Negev
e94418	toward the Red Sea by way of the wilderness
e94419	from Sidon toward Gerar as far as Gaza
e94420	in the direction of the east as far as the Water Gate
e94421	they went in the direction of the town of Capernaum
e94422	they went in the direction of the left
e94423	the border goes up to Debir, heading for the north
e94424	from the Mediterranean sea heading for the east
e94425	the anguish of the grave seized me
e94426	may thick darkness seize it
e94427	anguish grips the people living in Philistia
e94428	you have gripped me and become my enemy
e94429	it holds me fast under sin
e94430	each of you eats first without waiting for anyone
e94431	on the nations that do not obey my word
e94432	they obey me
e94433	they did not obey your commands
e94434	I would not obey my teachers
e94435	rice and wheat grow very well in Zogam
e94436	grind wheat and maize grains to powder, mix with milk and give it
e94437	the wheat and the spelt were not destroyed
e94438	in that field instead of wheat and barley
e94439	you shall make them with wheat flour
e94440	whether a grain of wheat or some other seed
e94441	and I bought her with fifteen measures of barley
e94442	twenty barley loaves
e94443	a tenth of an ephah of barley
e94444	the barley was in the ear
e94445	a kernel of wheat is planted in the ground
e94446	and take some spelt
e94447	does he not plant spelt along its edge
e94448	you shall make them of wheat flour
e94449	a full measure of fine flour and the oil to moisten it
e94450	the lamb, the flour and the oil, every morning
e94451	so that we may sell our wheat
e94452	I give the wheat for the grain offering
e94453	planting the wheat in rows
e94454	they threw out the grain that was in it
e94455	its fine flour and grain, its cattle and sheep
e94456	his disciples picked heads of wheat
e94457	his disciples picked heads of grain
e94458	they picked ears of wheat and ate them
e94459	they came as far as the Three Taverns
e94460	some came as far as the Three Taverns
e94461	Abraham, obeying the call of God, left that land
e94462	obeying the word of the passengers he let it go on
e94463	that we walk obeying their word is the will of God
e94464	listen to his voice and hold fast to him
e94465	you listened to your wife
e94466	the Lord also listened to the plea of Israel
e94467	paying attention to the commands of the Lord your God
e94468	the Israelites obeyed him
e94469	following my decrees and obeying my commands
e94470	we will obey and do it
e94471	the governor's soldiers took Jesus into the Praetorium
e94472	the soldiers led Jesus into the courtyard of the palace
e94473	whether the pomegranates were in bloom
e94474	he made a hundred pomegranates
e94475	I would give you pomegranate juice to drink
e94476	it is like an orchard of pomegranates
e94477	a network and pomegranates were all around the capital
e94478	because I gave in to them
e94479	he yielded to that persuasion
e94480	he gave him visions and skill to interpret dreams
e94481	skill in interpreting dreams, the ability to answer hard questions
e94482	they ran away completely, to head for home
e94483	no longer going so, they will stray completely off course
e94484	I will completely destroy them
e94485	they will conquer all the lands completely
e94486	an olive tree that sheds its blossoms completely
e94487	all joy is utterly gone
e94488	they will all utterly perish in war
e94489	because the wind swept them away
e94490	has he rejected and cast away his people Israel
e94491	all the prisoners had got away
e94492	it has passed entirely into the hands of foreigners
e94493	obeying his word again, which I speak today
e94494	you will again obey the Lord
e94495	his army commander, to them
e94496	all those officials, for the dedication of the image
e94497	making your rulers
e94498	or a dreamer arises
e94499	here comes the dreamer
e94500	or the dreamer, he must be put to death
e94501	here comes the dreamer
e94502	this was your dream
e94503	to tell me the meaning of my dream
e94504	like a dream of the night and like a vision
e94505	visions and revelations shown by the Lord
e94506	the revelations I received
e94507	taxes, tribute and duty
e94508	whether tax or tribute
e94509	pay tribute to those who are owed tribute
e94510	the tax Moses required of the Israelites
e94511	the levy he collected from the assembly of Israel
e94512	they gladly brought in their levy
e94513	he thought he was seeing a vision
e94514	at about three in the afternoon he saw a vision
e94515	just then he fell into a trance
e94516	the man I had seen in my earlier vision
e94517	there were no visions
e94518	in my vision at night I looked
e94519	I fell into a deep sleep and had a vision
e94520	one day he received a vision from God
e94521	I had a vision
e94522	God speaks in a dream and in a vision
e94523	you terrify me with frightful visions
e94524	while Peter was thinking about the vision
e94525	and according to all this revelation
e94526	it is the book of the revelation of Jesus Christ that was given
e94527	it was shown clearly by a revelation
e94528	your visions are false
e94529	the record of my visions of that night
e94530	for you all these visions
e94531	you have heard how they destroyed them completely
e94532	you have forgotten me and turned your back on me
e94533	forgetting their poverty
e94534	forgetting the Lord your God and following other gods
e94535	forgetting the covenant he made with you
e94536	even these may happen to forget
e94537	it is because they forgot their God
e94538	your saving help in the land of oblivion
e94539	such are all those who forget God
e94540	one day the daughter of the chief jailer came to visit
e94541	34 parties and the Burmese army commander met
e94542	the new birth of the army officer and his soldiers
e94543	the commander of the army of Saul
e94544	the commander went to Paul
e94545	when they saw the commander and the soldiers
e94546	a certain captain came near to him
e94547	the captain did not listen to what Paul said
e94548	the chief captain took the young man by the hand
e94549	he went to the chief captain
e94550	Abimelech and Phicol the chief captain of his army
e94551	Potiphar, an officer under Pharaoh, bought him
e94552	the soldiers with their officer and the servants of the Jewish elders
e94553	the official had the chariot stopped
e94554	the official did not see Philip again afterwards
e94555	Governor Festus, in that province
e94556	Governor Felix was afraid
e94557	Jesus Christ our Sovereign and our Lord
e94558	you killed the author of life
e94559	most excellent Festus, I am not insane
e94560	many who think they will die at once and vanish at once
e94561	Jesus vanished from their sight
e94562	Pontius Pilate was governor
e94563	the governor and those sitting with them
e94564	so that they might hand him over to the governor's rule and the judges
e94565	when the governor had read the letter
e94566	I send a letter of greeting to Governor Felix
e94567	Governor Felix having put him in prison
e94568	most excellent Governor Felix
e94569	they will bring you before kings and governors
e94570	the prefects, the governors, the treasurers
e94571	the judges, officials, administrators and leaders
e94572	because I have found my lost sheep
e94573	he was lost but now is found
e94574	because the lost one has come back
e94575	the lost thing that you find
e94576	it will make the bad thoughts vanish completely
e94577	the wind will drive them away
e94578	I will suddenly drive them away
e94579	get rid of the old yeast
e94580	who wasted your money
e94581	it can plunge people into ruin
e94582	those who lose their life for me
e94583	those who lose their life for my sake
e94584	those who lose their life for the gospel
e94585	those among you who practise sorcery
e94586	the association of judges did not allow it
e94587	if the case were argued before the magistrates
e94588	a warrant to arrest the Burmese army commanders
e94589	Pharaoh was angry with his two officials
e94590	he asked the officials of Pharaoh
e94591	the king and his mother, the court officials
e94592	put army officers in their places
e94593	the magistrates sent the police officers
e94594	all the army officers who were in the open country
e94595	my commanders are all kings
e94596	the young Assyrian men, governors and commanders
e94597	to the army commanders who had gone with him
e94598	when they brought them to the magistrates
e94599	the magistrates tore off their clothes
e94600	we will see what becomes of his dreams
e94601	because of his dreams and his words
e94602	the dreams each had their own meaning
e94603	those who obey will not meet harm
e94604	those who obey your commands and those who love you
e94605	those who obey it will be more blessed
e94606	those who hear the word of God and obey it
e94607	the Holy Spirit given to those who obey him
e94608	those who accept his testimony
e94609	if we do not look after our customary festivals they will disappear
e94610	before long their people disappears
e94611	Chin State has not vanished either
e94612	the idols will totally disappear
e94613	what is incomplete will disappear
e94614	should the name of our father disappear
e94615	when it is warm that water vanishes
e94616	the faithful have vanished from among the children of men
e94617	you are a mist that vanishes
e94618	those who have died have also perished
e94619	they will perish from every place on earth
e94620	heaven and earth will pass away
e94621	the desires of the world will pass away
e94622	but my words will not pass away
e94623	it vanishes into the darkness and is remembered no more
e94624	it is just like the dew that disappears quickly
e94625	if he loses his own life
e94626	without losing what you have worked for
e94627	those who love it will lose their life
e94628	he will destroy all the chief priests
e94629	not seeking the lost ones, not healing the injured
e94630	to seek and to save the lost
e94631	be like obedient children
e94632	I too have been placed under authority
e94633	we will obey his word rather
e94634	whether you are able to obey what I say
e94635	for those who obey that teaching, a life of righteousness
e94636	therefore it is said there are very many serows at the Lungthul cliff
e94637	because of taking part in the CDM there can be much suffering
e94638	because of that the PDF and their allies
e94639	for this reason, you shepherds
e94640	the reason being that I feared punishment from God
e94641	you have skill, the reason being that the spirit of the gods is in you
e94642	because of the destruction of my people
e94643	because of great hunger we burn with fever
e94644	because the famine was severe in that land
e94645	so do not be afraid
e94646	because he first loved us
e94647	because he is the Son of Man
e94648	because he did as his master ordered
e94649	after seizing them, because it was evening
e94650	he took them along with Obed-Edom
e94651	the police too were able to catch that house burner at once
e94652	they were able to catch one alive as well
e94653	seized some bullets and some forbidden goods
e94654	I will search for them and hunt them down
e94655	he has finished his schooling in San Francisco
e94656	so they finished
e94657	although his work was completed
e94658	after finishing work in the evening
e94659	when I have finished my work I am still not satisfied
e94660	when you have finished doing so
e94661	when he finished praying, one of his disciples
e94662	when Jesus had finished speaking
e94663	as soon as the thunders had finished speaking
e94664	everything was all true
e94665	she is always occupied
e94666	he may just be too busy for the moment
e94667	because they were busy they had no time to cook a proper supper
e94668	because Martha alone was very busy working
e94669	each of you is busy with your own house
e94670	Martha was busy serving the food
e94671	they were busy offering the burnt offerings
e94672	that we should be occupied with matters of food and money
e94673	while he was busily at work there
e94674	while the rich too are busy
e94675	the work he has given us to be busy with
e94676	so that they do not devote themselves to such things
e94677	did you manage it this quickly
e94678	go to be seen at the hospital at once
e94679	have a doctor examine you at once
e94680	I sent for you at once
e94681	he at once called soldiers and centurions
e94682	the kingdom of God would come at once
e94683	come down right away
e94684	leave Jerusalem right away
e94685	I am coming right away
e94686	come to me quickly
e94687	the third woe will come quickly
e94688	I am coming quickly
e94689	get up, let us go quickly
e94690	come down quickly
e94691	they will quickly wither away
e94692	let us go immediately
e94693	go and call Haman immediately
e94694	when you make a vow, fulfil it immediately
e94695	pursue them quickly
e94696	the man came quickly and told Eli
e94697	come quickly
e94698	she went in a hurry to a town of Judah
e94699	Joseph went out in a hurry
e94700	they went down to Egypt in a hurry
e94701	those who are quick to do evil
e94702	worthless men gathered around Jephthah
e94703	struggle for power, wrongness of mind and the like
e94704	he has trouble and wrong in his speech
e94705	with the false gods of the Egyptians
e94706	one who does not go astray to false gods
e94707	try to manage to eat at the regular mealtimes
e94708	to pay the workers their wages at the due time
e94709	show yourself to the dentists regularly
e94710	so that they do not come at their proper time
e94711	he ate regularly
e94712	the burnt offering made regularly
e94713	each their share of food at the proper time
e94714	so that they do not come at the proper time
e94715	he rained down food called manna
e94716	when the dew fell, it fell together with the manna
e94717	it shows the truth of this matter
e94718	testifies to the truth of this
e94719	God shows clearly the truth of all he says
e94720	because of the integrity of your heart
e94721	if he is not willing to listen even to them
e94722	if they are not willing to listen to Moses and the Prophets
e94723	if he is not willing to listen to you
e94724	if he is not willing to obey them
e94725	the one who catches it shall pour out its blood
e94726	even if he is a dreamer he shall be put to death
e94727	whether the word of that prophet or of the dreamer
e94728	the police arrested that nurse immediately
e94729	his father seized a gun at once
e94730	the police arrested the truck driver immediately
e94731	they seized that man at once
e94732	being afraid of the crowd they did not dare arrest him immediately
e94733	they wanted to arrest Jesus at once
e94734	gold and silver are very precious
e94735	wisdom is more precious than silver and gold
e94736	life is very precious
e94737	God wants your precious time
e94738	knowledge is valuable
e94739	when he found a most precious pearl
e94740	he adorned the house with precious stones
e94741	a person is more valuable than a sheep
e94742	we will plunder all kinds of valuable things
e94743	valuable articles of silver and gold
e94744	the foundation was of costly stones
e94745	he also gave costly ornaments to her mother
e94746	they dug large, costly stones out of the quarry
e94747	one most precious, like the pupil of his eye
e94748	than even the most precious jewels
e94749	guard it as your most valuable possession
e94750	how precious and how important learning is
e94751	just as he is dear
e94752	let us no longer waste our precious time
e94753	precious stones do not lie about on the roadside
e94754	to record valuable matters on a memorial stone
e94755	she gave many spices and precious stones
e94756	and they found very many precious things
e94757	I gave you precious ornaments
e94758	he took away the valuable goods of the royal palace
e94759	they also helped with valuable gifts
e94760	they brought valuable things to Hezekiah
e94761	he will take all the valuable things
e94762	let us learn the value of time anew
e94763	The worth of a human being is very high
e94764	Raise your worth in the eyes of people
e94765	they cannot appreciate its value
e94766	she knows the value of her work
e94767	the value of wisdom is that it can give life to the wise
e94768	he saw wisdom and appraised its worth
e94769	the gift of God whose worth cannot be told
e94770	its worth cannot be compared with coral and crystal
e94771	it is worth more than daring to die
e94772	one who has something more valuable than gold and jewels
e94773	it is more valuable than gold
e94774	since a person is much more valuable than a sheep
e94775	you are much more valuable than the birds
e94776	I, wisdom, am more precious than jewels
e94777	your faith, more precious than gold
e94778	more precious than even the most precious jewels
e94779	you are worth more than many sparrows
e94780	a good wife is worth far more than jewels
e94781	each of you is worth more than many sparrows
e94782	a great door stands open and ready for me
e94783	everything is already prepared
e94784	he let them catch 153 fish with the net
e94785	he went on to have Peter seized also
e94786	he handed them over to King Nebuchadnezzar
e94787	you make me dream frightful dreams
e94788	I will cause them to be caught
e94789	having had John arrested and bound with ropes
e94790	he finished school in 1998
e94791	until that house is completely finished
e94792	because he died before it was finished
e94793	they finished completely in the seventh month
e94794	because I have found my lost coin
e94795	your salvation too may not be real
e94796	able to bring out the real wish of the people
e94797	it has been shown to be true
e94798	God’s judgment is true
e94799	so that we may live a life of real godliness
e94800	if I speak truly
e94801	truly I tell you
e94802	truly I tell you
e94803	truly I tell you, even among the Israelites
e94804	let us love with actions and in truth
e94805	in truth I tell you
e94806	very truly I tell you
e94807	very truly, everyone who commits sin
e94808	very truly, whoever keeps my teaching
e94809	truly, if you do not listen to what I say
e94810	he judges the cases of the peoples of the world truthfully
e94811	of course they heard
e94812	his words are really true
e94813	that what the one who tells it says is true
e94814	among those who seized Jesus
e94815	from the land of their captors
e94816	the captors of Jesus
e94817	receiving compassion from their captors
e94818	I will make you catchers of people
e94819	when they added up the value of those books
e94820	the prices of water and electricity too
e94821	with the prices of his books he became a rich man
e94822	the prices of your goats equal one field
e94823	the prices they received after selling them
e94824	that we will vanish as a whole people
e94825	so that their land and their people do not vanish
e94826	when he vanishes from the land
e94827	so that their kind may not vanish
e94828	as the snow vanishes in the time of drought
e94829	it is easier for heaven and earth to disappear
e94830	in a place where it cannot disappear
e94831	until the time I pass away
e94832	so that the horse may be able to obey us
e94833	discipline your child while he can still obey
e94834	because they cannot gather in the church, they watch the broadcast
e94835	because we go before the morning meal, we need to carry food
e94836	because we came from India, we feel cold
e94837	because they pay no heed to wisdom they die
e94838	because the priests sinned
e94839	because they had received John’s baptism
e94840	since you would not listen to my teaching
e94841	since you would not heed my rebukes
e94842	since you trust in your strength and your possessions
e94843	because they did not believe they could not enter
e94844	because they were very afraid they told no one
e94845	they were disturbed because they taught the resurrection
e94846	since they are children of the resurrection they are children of God
e94847	since they feared death
e94848	since you believe you will receive eternal life
e94849	for fear that they would be put out
e94850	when reckoned at its present price
e94851	the things needed and what they will cost
e94852	it is the same as the Yangon price
e94853	adding a fifth to its value
e94854	you shall set what its price is to be
e94855	he shall set its worth in money
e94856	the matter of which is more right
e94857	to obey God rather
e94858	the US police and the FBI caught him at once
e94859	but the police still managed to catch him
e94860	not yet known, not yet caught
e94861	will you be able to catch Leviathan with a fishhook
e94862	who can capture it by the eyes
e94863	Jesus sent two of his disciples to go ahead to the village
e94864	they went ahead of Saul
e94865	Gehazi went on ahead
e94866	I thought it necessary for the brothers to go on ahead to you
e94867	you will go on before the Lord
e94868	it will go before him and prepare his way
e94869	he will go before God
e94870	they went in advance
e94871	he sent them ahead of him
e94872	I will send him ahead of you
e94873	he sent some disciples ahead of him
e94874	he sent them on before to Bethsaida
e94875	before you are with child
e94876	before Judson arrived in Burma
e94877	long before British times, until we joined with the Burmans
e94878	before you made the earth and the world
e94879	before the hills were made
e94880	before the law was given sin was already in the world
e94881	before he made even a little of the dust
e94882	even before the command of Moses
e94883	Joel son of Zikri was their leader
e94884	Zabdiel son of Haggedolim was their chief officer
e94885	Benjamin is in the lead
e94886	the Israelite foremen
e94887	I can no longer lead you
e94888	Benjamin the smallest is there leading them
e94889	he will go before the Israelites and make them inherit that land
e94890	he gave us the Holy Spirit beforehand
e94891	the slave drivers and the overseers went out
e94892	the Israelite overseers saw it
e94893	he gave an order to the slave drivers and the foremen
e94894	the Israelite foremen came
e94895	a bottle of expensive nard perfume
e94896	Mary got up quickly and went to meet Jesus
e94897	Barnabas, to take along John called Mark
e94898	the first sentence
e94899	the first, the last
e94900	the first day of the conference
e94901	the name of the first river is Pishon
e94902	it will be the first month of the year
e94903	the first lot fell to Jehoiarib
e94904	the First World War began in 1917
e94905	he made the first covenant old
e94906	on the fourteenth day of the first month
e94907	because they have broken their first pledge
e94908	all the earlier kingdoms
e94909	this last kindness, greater than the earlier one
e94910	the earlier time will count for nothing
e94911	all the words that were in the former scroll he burned
e94912	I told of the former things long ago
e94913	the two former captains of fifty men
e94914	he became the very first fruit among the dead
e94915	they were the very first fruits in Achaia
e94916	the very first fruit for Christ in Asia
e94917	first the Jew, then the Greek
e94918	as the first to rise from the dead
e94919	if you write the day first
e94920	we must first know how the water is
e94921	it is important that we first understand the will of God
e94922	because God first loved us
e94923	so that I may first bury my father
e94924	unless he first ties up the strong man
e94925	we had to speak the word of God first
e94926	the first foreign club he joined is Reading F.C
e94927	the first Zola live recording we held
e94928	the first wool you shear
e94929	it was the first altar he built
e94930	it is worse than the first state
e94931	the first son she bears
e94932	Gabriel, the man I saw in my earlier vision
e94933	they serve the good wine first
e94934	it is the time when we first eat the tasty new rice together
e94935	it is not the first time the SEA Games are held in Malaysia
e94936	the first thinking toward bringing it about is important
e94937	to Shiloh, where I first made my name dwell
e94938	at the place where John first baptized people
e94939	than their first deception
e94940	in the first book I wrote
e94941	Antioch was the place where the name was given for the first time
e94942	the same as those in the vision I saw the first time
e94943	dengue fever is said to have been found for the very first time in 1965
e94944	the very first it began was February 15
e94945	she had her very first child three years ago
e94946	I am the very first he made
e94947	we will bring the first of what we grind to the priests
e94948	not following to the end on their first journey
e94949	when he has levelled the ground, caraway seed
e94950	caraway is not threshed with a sledge
e94951	mint, dill and cumin
e94952	caraway is beaten out with a rod
e94953	caraway is not threshed with a sledge
e94954	let the first one who spoke be silent
e94955	the first to speak seems right
e94956	the first one runs like Ahimaaz son of Zadok
e94957	it is the first among the hymnals
e94958	was the first Circle Officer
e94959	this is the first and greatest commandment
e94960	the first and greatest commandment
e94961	it means the first king
e94962	he should be the first to receive the crops
e94963	I am the first of his works
e94964	he did this very first miracle at Cana in Galilee
e94965	getting wisdom is of foremost importance
e94966	they would be the first ones to join the church
e94967	also the first ones to become Christians in Chin State
e94968	it is one among the first composed by Americans
e94969	you will be the first ones to go into exile
e94970	let the burning of the fat be done first
e94971	newborn babies are fewer than in the former generations
e94972	they greatly respect those who saw the light first
e94973	many of the first ones will be last
e94974	the first ones will be last
e94975	pay the wages down to the first ones hired
e94976	very tasty, like the first ones to ripen
e94977	the former ones who lived there were Hamites
e94978	your first forefathers sinned
e94979	sending two of his disciples ahead
e94980	before the year the universe began
e94981	the workers are important first
e94982	seek the kingdom of God first
e94983	consider it of first importance
e94984	the prostitutes will enter ahead
e94985	before the year AD 2000 I for one had never heard that word
e94986	the meal cannot be eaten before the women come back
e94987	before there is such an announcement the people need not flee
e94988	before that, a swarm of locusts so many
e94989	the rewards of his victory go before him
e94990	he brings his wages and the rewards of his victory go before him
e94991	the king of Assyria will take them and go in front with them
e94992	you will set out leading a great many troops
e94993	they now strive more to capture than to shoot
e94994	so as to escape the various arrests and detentions
e94995	when they again tried to seize the Lord
e94996	though they wanted to seize the Lord
e94997	after they had seized his servants
e94998	they lay in wait to catch him in his words
e94999	they catch people with hooks as one catches fish
