example	text
e125000	install him on his father’s royal throne
e125001	repay him, bringing it down on his own head
e125002	let us seat him here instead
e125003	she has 6 grandchildren too, and about 30 great-grandchildren
e125004	has 2 daughters, 7 grandchildren and 2 great-grandchildren
e125005	thinking ahead as far as the later generations and the great-grandchildren
e125006	great-grandson of Cushi, grandson of Shelemiah
e125007	in the letters I have sent these days
e125008	when we look again at the recent troubles of the Zomi
e125009	the recent shootings in Malaysia
e125010	the things that happened there in these days
e125011	he saw as far as his great-grandchildren
e125012	I sat down on the seat and wept
e125013	Boaz went up and sat down there
e125014	so they sat down
e125015	he went up on the mountainside and sat down
e125016	sit down right now
e125017	sit on the ground without a throne
e125018	sitting down I wept for days
e125019	by the rivers of Babylon we sat down and wept
e125020	when you are about to sit, look beneath you
e125021	after we had sat down the teaching began
e125022	one will have to sit still in the office
e125023	when you sit down to eat with great men
e125024	while they were sitting at the table
e125025	dozing as he sat by the window
e125026	when you sit in your house
e125027	as soon as he was seated on the royal throne
e125028	while he was seated by the lake
e125029	while Peter was seated in the courtyard
e125030	just now I have no ordinary bread
e125031	at present I have no ordinary bread
e125032	to sit at my left
e125033	the sitting at my left is not mine to grant
e125034	when her children and grandchildren got up
e125035	an old man and his three grandchildren sat down together on a hilltop
e125036	let my grandchildren know God from when they are small
e125037	that you may see your grandchildren
e125038	he kissed his grandchildren and his daughters
e125039	in the hearing of your children and grandchildren
e125040	not only his grandchildren
e125041	those sitting at the front are called VIP
e125042	those seated in the front row
e125043	on those sitting in the land of the shadow of death
e125044	while he sat together with them at the table
e125045	when they had sat down together
e125046	when people sit together as one like brothers
e125047	those who sat together with him at the table
e125048	trouble for those who stay up late at night
e125049	idle sitting with mere talk is poverty
e125050	he sat on that seat
e125051	sitting for a very long time on one seat
e125052	on a seat of the Skytrain
e125053	the best seat at the banquet and
e125054	he rose from his seat
e125055	armrests on each side of the sitting place
e125056	the king sat at his own sitting place
e125057	any sitting place of his will be unclean
e125058	from his dwelling place he looks out
e125059	it filled the house where they were sitting
e125060	anyone who sits on any thing sat on by the man
e125061	going back to his former seat at the dining table
e125062	the tables of the money changers and the seats of the dove sellers
e125063	he overturned the benches of those selling doves
e125064	when he saw their wanting to sit in the place
e125065	sitting up on it, he kept drinking beer
e125066	the dead man sat up and began to speak
e125067	come and sit higher here
e125068	when she saw Peter she sat up
e125069	now sit up and eat my game
e125070	the tables of the money changers and the benches of those selling doves
e125071	any saddle he sits on
e125072	at the time of a death he sits with the householders
e125073	his wife sitting quietly with him at his side
e125074	let us sit with them gladly and treat them well
e125075	they made sure to sit with me through the three hours of the service
e125076	one of those who sat with him eating
e125077	Bernice and the others sitting with them
e125078	look carefully at the man you sit with
e125079	look carefully at the man you sit with
e125080	in order to seat him at his right hand
e125081	your sitting down and your going out and
e125082	not counting the revenues of the merchants and traders
e125083	so that they may be able to bring you the wealth of the nations
e125084	so that I may be able to deliver the Good News
e125085	even to bring it back up to his mouth
e125086	I keep sitting in the shade of the house
e125087	I am still sitting with my blankets
e125088	sitting on and on in one seat for a very long time
e125089	why do we still keep sitting
e125090	is this not the man who used to sit and beg
e125091	this time there are various kinds of contests
e125092	the meeting this time is very important indeed
e125093	who will profit again this time too
e125094	this time, that I am the Lord
e125095	this time let us stop with this much for now
e125096	this time we will not be able to tell all of those
e125097	this time it is not about a foreign person or a church
e125098	Lord, at this time to the people of Israel
e125099	this time I will not put you to death
e125100	this time do the work of a worthless shepherd
e125101	in the Bible man is always compared with sheep
e125102	the cow and the sheep said to the sow
e125103	just as the shepherd keeps his sheep well
e125104	there were six hundred bulls and three thousand sheep
e125105	the ox, the sheep, the goat
e125106	all sheep and cattle
e125107	they began work and built the Sheep Gate
e125108	then they went on to the Sheep Gate
e125109	you made us like sheep for slaughter
e125110	like sheep shut in a sheep pen
e125111	he chose David his servant and took him from the sheep pens
e125112	and he made sheepfolds
e125113	five smooth stones into his shepherd bag
e125114	give me my pay as shepherd
e125115	the Lord tends me like a shepherd
e125116	given by God, who keeps us all like a shepherd
e125117	therefore a shepherd is always needed
e125118	Amos was a shepherd, and though he was a man of Judah
e125119	an old shepherd with his little dog
e125120	I am the good shepherd
e125121	I will give you shepherds after my own heart
e125122	in one month I got rid of the three shepherds
e125123	when the Chief Shepherd appears
e125124	like sheep without a shepherd
e125125	do not keep counting the flocks of sheep, talk with the shepherd
e125126	we cannot see our shepherd
e125127	the song The Lord is my Shepherd was sung
e125128	he, like a shepherd, his flocks
e125129	King Cyrus is my shepherd
e125130	the worthless shepherd who deserts the flock
e125131	graze them beside the shepherd’s tents
e125132	O Shepherd of Israel, listen
e125133	to the Overseer and Shepherd of your souls
e125134	I will strike the shepherd and the sheep will be scattered
e125135	as a shepherd saves his flock from danger
e125136	strike the shepherd
e125137	all shepherds were a very lowly group among the people of Judah
e125138	the shepherds spent a successful Christmas
e125139	you shepherds, listen to my word
e125140	in that region shepherds were camping in the fields
e125141	the shepherds rolled the stone from the mouth of the well
e125142	he rescued us from the hand of the shepherds
e125143	just as he reached the hut of the shepherds
e125144	all who heard what the shepherds said
e125145	shepherds came and drove them away
e125146	as shepherds gather and look after the scattered sheep
e125147	from my tending sheep the Lord took me
e125148	they will have it as pasture for their sheep
e125149	Abraham, from within his flock
e125150	he had flocks, herds and tents
e125151	you led your people like a flock
e125152	he brought the firstborn of his flock and their fat portions
e125153	there will be blessing on the young of your flock
e125154	they will not leave you even the lambs of your flocks
e125155	like the great flocks in Jerusalem
e125156	I will make the people of Israel many like a large flock of sheep
e125157	know your flocks well
e125158	to tend their father’s flocks
e125159	go and tend the flock marked for slaughter
e125160	he will take a tenth of your flocks
e125161	he came to the sheep pens by the road
e125162	do you stay idle among the sheep pens
e125163	I will make the others too into a sheepfold
e125164	they built pens for the sheep
e125165	building pens for our sheep
e125166	to hear the piping for the flocks among the sheep pens
e125167	build sheepfolds for your sheep
e125168	sheep that are not of this sheep pen
e125169	not entering the sheep pen by the gate
e125170	I am the gate of the sheepfold
e125171	the keeper of the sheep gate opens the gate
e125172	the man who enters by the gate of the sheep pen
e125173	he leads his sheep out of the pen
e125174	I will bring them too into the sheep pen
e125175	other sheep that are not in this sheepfold
e125176	a lion from the forest will kill them
e125177	because their forest home is ruined
e125178	a lion coming up from the thickets of the Jordan
e125179	a lion coming up from the thicket of the Jordan land
e125180	the flocks and herds, the offerings of our fathers
e125181	or from the flock of sheep and goats
e125182	every tenth of the herd and the flock
e125183	he will also bless your flocks of lambs and kids
e125184	2 houses that they own were submerged by water
e125185	water submerges very many famous cities
e125186	my tears cover me over like water
e125187	the water covered over them
e125188	my sins have covered over my head
e125189	it covered over all its banks
e125190	the sea submerged them
e125191	it submerged the whole army of Pharaoh
e125192	water will submerge the city
e125193	the waves of death overwhelmed me
e125194	your great waves have overwhelmed me
e125195	the waters will not overwhelm you
e125196	the flood covers you
e125197	the waters covered the mountains
e125198	the water submerged them
e125199	it submerged them twenty-two cubits deep
e125200	when the overwhelming flood sweeps by
e125201	the sea overwhelmed their enemies
e125202	the waters flooded over me
e125203	because the waters closed over me
e125204	the waters engulfed their enemies
e125205	we would have been swallowed up by the raging waters
e125206	they were submerged with you in the sea
e125207	he brought the sea over them and covered them
e125208	I made the sea flow and overwhelmed them with it
e125209	the Lord brought the waters of the sea back over them
e125210	overwhelming them with the water of the Red Sea
e125211	covering over the waters under the earth I will make them mourn
e125212	he made the waters of the sea cover them again
e125213	he gives snow like wool
e125214	you eat the milk and wear the wool
e125215	I gave clothing made from the wool I got
e125216	he wrung a bowlful of water out of the fleece
e125217	only the fleece was dry
e125218	I place a fleece on the threshing floor
e125219	he squeezed the fleece
e125220	they have overwhelmed me up to my head
e125221	tending them yet not drinking the sheep's milk
e125222	milk from the flock, with the fat of lambs and rams
e125223	from the very time when I was small
e125224	at the very beginning, it is just some child
e125225	there is no record of when Khuado was first held
e125226	they were worshipping the sun just beginning to rise
e125227	on the first day, very early in the morning, at sunrise
e125228	they will be like lambs let loose beside flowing water
e125229	a lamb resembling a human was born
e125230	with the blood of Jesus, which is the blood of the Lamb
e125231	one male lamb a year old
e125232	if he offers a lamb as his offering
e125233	the hills skipped like lambs
e125234	those who follow the Lamb wherever he goes
e125235	the Lamb of God who takes away the sin of the world
e125236	by the blood of the Lamb and the word of their testimony
e125237	they sent lambs as tribute
e125238	like feeding lambs in a pasture
e125239	to be offered with the bulls, rams and lambs
e125240	he set apart seven ewe lambs from his flock
e125241	you shall take these seven ewe lambs
e125242	two hundred ewes and twenty rams
e125243	his tending of the ewes that have young
e125244	they sell the mutton
e125245	the tribute of sheep for the Lord was six hundred sheep
e125246	he saw a ram caught in the thicket
e125247	to listen is better than the fat of rams
e125248	ram skins dyed red
e125249	the mountains skipped like rams
e125250	ten bulls, two rams
e125251	I have not eaten rams from your flocks
e125252	you shall take one of the rams
e125253	rams, lambs, goats and fat bulls from Bashan
e125254	the work of the pastor is to feed the sheep
e125255	they have no medicine to keep their sheep healthy
e125256	nowadays, not tending their sheep
e125257	to the lost sheep of the people of Israel
e125258	my sheep listen to my voice
e125259	to tend the sheep of his father
e125260	they will not spare the flock
e125261	shepherds and their flock
e125262	but you do not feed the flock
e125263	they wandered about wearing sheepskins and goatskins
e125264	the sheepskin covering on it
e125265	wearing sheep's clothing they come to you
e125266	will not be able to sleep in my room tonight
e125267	it would be better if he slept at the hospital tonight
e125268	let us each pray earnestly tonight
e125269	be ready to set out at nine tonight
e125270	I will stay at your house tonight
e125271	on this night itself you will die
e125272	this night, before the rooster crows, three times
e125273	stay here this night also
e125274	watchman, how is the night
e125275	I will set out and pursue David tonight
e125276	tonight he may sleep with you
e125277	what the Lord said to me last night
e125278	last night an angel stood beside me
e125279	take a seat in the place of the lowly
e125280	move up and sit in this better seat
e125281	it will arrive 20 days from now, it is said
e125282	the Asian Games will be held three months from now
e125283	after five years from now
e125284	after two days from now, the Passover
e125285	within the next 50 years
e125286	during the next thirty days, except to the king
e125287	at the appointed time, nine months from now
e125288	nine months from now I will surely return
e125289	two days later
e125290	nine months later I will return to you
e125291	in the thirty days following now
e125292	7 bicycles and some mattocks and hoes were kept for them
e125293	with mattock and spade, sparing none of your strength
e125294	he is not to take up mattock and hoe at once
e125295	the price for sharpening a farming hoe and a mattock
e125296	with saws and iron picks and axes
e125297	because the discrimination of the whites was too excessive
e125298	violent behaviour is rather excessive
e125299	not to use one's fatherhood to excess
e125300	her prostitution was more and more excessive
e125301	because he went to excess in wild living
e125302	saying he goes to excess in worldly pleasure
e125303	lavishing gold from the purse
e125304	you have lived in luxury, eating to excess
e125305	not doing their hair too elaborately
e125306	lust, drunkenness, revelry, excessive drinking
e125307	various officials were able to attend the conference
e125308	the parents too were able to attend
e125309	so that everyone can happily attend Zomi National Day
e125310	thirty young men to accompany him
e125311	to attend the bridegroom
e125312	from the clan of Bani: Maadai, Amram, Uel
e125313	the villagers told the news
e125314	they were waiting in crowds in Peter Basilica Square
e125315	let them be lights in the sky to give light on the earth
e125316	sitting there, they watched him
e125317	even your hairs are all counted
e125318	the laughingstock of those who are around us
e125319	whose are these that are in front of you
e125320	shaking the dust off their feet
e125321	all the other nations that are around you
e125322	we are no longer allowed to play in our house
e125323	how is the weather in your country right now
e125324	the fare for going back to their country
e125325	they shall be in your hearts
e125326	I will bring you back into your land
e125327	is it that they cannot be healed
e125328	the young against the old
e125329	if you do not dare to speak, when will you speak
e125330	if you see a thief you are his friend
e125331	if you give, they will tear you to pieces
e125332	if you want to go, you may go
e125333	If you do as I command you, you are my friends
e125334	if you go to the University Hospital, the insurance card cannot be used
e125335	if you follow them you will be happy
e125336	if you do so you are my friends
e125337	if today you hear the voice of God
e125338	unless you repent of your sins
e125339	unless you see the signs and great wonders I do
e125340	we declare our love and our longing
e125341	their king and their officials
e125342	if you plan it well I would find it most desirable
e125343	I think it good if you also hear the voice
e125344	I will be very glad if you can give it
e125345	if you have faith as small as a mustard seed
e125346	if you say so they will let it go at once
e125347	when water does not flow out, it stinks and smells foul
e125348	they can keep the fish with ice so that they do not stink
e125349	because I wore them on bare feet, they stank badly
e125350	my wounds fester and stink
e125351	their dead bodies will stink more and more
e125352	along the land the canals will stink
e125353	the Nile will smell bad
e125354	is like a muddied spring or water that smells bad
e125355	the whole land reeked
e125356	their corpses will reek thoroughly
e125357	the Nile stank
e125358	their corpses will stink badly
e125359	because the river water will reek
e125360	the canals along the land will stink
e125361	bad smell in the mouth because of the tongue
e125362	I made its stench fill your nostrils
e125363	instead of fragrance, a bad smell
e125364	can make stink the perfume that is in it
e125365	since it is already four days he will have begun to smell
e125366	the slain dead, those that stink
e125367	the path for the Bear to go
e125368	the Bear, Orion and the Pleiades that are in the sky
e125369	to kill me, who am no more than a flea
e125370	a dead dog? a flea?
e125371	the people suffered from tumors
e125372	tumors broke out on them
e125373	apply it to his boil
e125374	the gold tumors that they offered to him
e125375	when it rains the frog is glad
e125376	three evil spirits that looked like a frog
e125377	the matter of the frogs he had brought
e125378	three unclean evil spirits resembling a frog
e125379	I will plague your whole country with frogs
e125380	he sent frogs among them
e125381	they are lazy, gluttonous people
e125382	drunkards and gluttons will become poor
e125383	this man who is nothing but a dead dog
e125384	a dead dog? a flea?
e125385	some who do not like dogs
e125386	the tiny little dogs said goodbye from the corner of the house
e125387	even the dogs that look for something to eat are weak with hunger
e125388	it is not right to give it to the dogs
e125389	they will have dominion over the earth
e125390	he will have dominion forever
e125391	will you have dominion over us
e125392	the law has dominion over that person
e125393	though other lords have had dominion over us
e125394	to this day the Arabs rule it
e125395	obey the authorities who rule you
e125396	he rules over the nations
e125397	the Lord will rule forever
e125398	Bela son of Beor ruled Edom
e125399	he will rule over you
e125400	to be able to control the household
e125401	a woman can control a man very much
e125402	that must be controlled with a bridle
e125403	it wants to control you
e125404	if we put on a bridle to control a horse
e125405	custom cannot govern believers
e125406	the greater light to govern the day
e125407	to govern the day and the night
e125408	than ten men who govern a city
e125409	also hoping for the time of the kingdom of God
e125410	for the sake of the kingdom of God
e125411	the time of the kingdom of God has begun
e125412	that the time for God to reign has come near
e125413	a man waiting in hope for the reign of God
e125414	the time of the rule of God has come near to you
e125415	the military government held it completely under its control
e125416	rather, you yourself control technology
e125417	no one ruler has ever held control for ever
e125418	the people you strive to subdue
e125419	with the sword, until I bring it fully under rule
e125420	their enemies ruled over them harshly
e125421	you have ruled them harshly and brutally
e125422	with my wrath I will surely rule over you
e125423	that our own local leaders rule us and give us orders
e125424	to rule the less wise and become famous
e125425	our king ruling us and going before us
e125426	Pontius Pilate ruling the land of Judea
e125427	ruling the nations with an iron rod
e125428	the men David put in charge of the work of singing
e125429	he put him in charge of the whole land of Egypt
e125430	David put him in charge of the guards
e125431	he set him to command a thousand men
e125432	he put them under the command of his brother Abishai
e125433	commanding them, I settled their affairs
e125434	they will reign on the earth
e125435	they will not get to rule his kingdom
e125436	came to be ruled together under one governor
e125437	we will reign together with him
e125438	so that we may rule together with him in heaven
e125439	those who misrule their own household
e125440	the righteous will rule again
e125441	it consumes my heart
e125442	we as yet know of his ruling over all things
e125443	we lived under the rule of the Japanese
e125444	the Zomi easily threw off his rule in 1027 BC
e125445	in the 3 years since the soldiers seized the rule
e125446	Israel became his dominion
e125447	in all places of his dominion
e125448	while you are under the dominance of your husband
e125449	will you have dominance over us
e125450	they shall be under the dominance of the prophets
e125451	storing grain under the authority of Pharaoh
e125452	it shall be under the direction of Ithamar son of Aaron the priest
e125453	have dominion over every living thing
e125454	let us give them rule over all that creep on the earth
e125455	what again shall the kingdom of God be compared to
e125456	to proclaim the kingdom of God
e125457	the kingdom of God belongs to such as these
e125458	about the reign of God and about the Lord Jesus Christ
e125459	what is the reign of God like
e125460	whether thrones or dominions
e125461	after he had stripped the powers and authorities
e125462	his wars and how he ruled the land
e125463	the man in charge of the workers did not say a word either
e125464	he is seen as the head of a big company
e125465	the ruler of England, British Prime Minister Boris Johnson
e125466	the ruler of the peoples set him free
e125467	the ruler of your people
e125468	the ruler of this world has been judged
e125469	I made him a leader and commander
e125470	Nebuzaradan the commander of the guard took them
e125471	next to him the commander was Jehohanan
e125472	the captain of the temple and the priests
e125473	Joab was the captain of the army of the king
e125474	he became their captain
e125475	Nehemiah the governor, son of Hacaliah
e125476	the governor of the city under King Aretas, to arrest me
e125477	to Amon the governor of the city and Joash the son of the king
e125478	when a ruler sins in what is said not to be done
e125479	having become Chief Priest forever
e125480	the true Apostle and Chief Priest
e125481	that he might be Prince and Savior
e125482	making that Jesus Prince and Savior
e125483	Joel the chief, Shapham the second
e125484	his clansmen were: Jeiel the chief, Zechariah
e125485	the chiefs of Edom: Chief Timna, Aliah, Jetheth
e125486	the chief in turn helped the people in times of famine and hardship
e125487	in the prison, pleasing the prison chief
e125488	upon Amasai, chief of the thirty men
e125489	Gog, chief prince of Meshek and Tubal
e125490	the chief officer of the house of God
e125491	he placed him as chief over the wise men of Babylon
e125492	by the appointment of Azariah the ruler of the house of God
e125493	he was the ruler of the Reubenites
e125494	when the chiefs travelled, riding on horses
e125495	to go on from the authority of the chiefs to the authority of the people
e125496	in the time of the chiefs
e125497	the chiefs of Edom are dismayed
e125498	the chiefs of the Horites were
e125499	they were the leaders among their brothers
e125500	the leaders over the tribes of Israel were
e125501	seize all the leaders of the people
e125502	he will crush rulers over the wide earth
e125503	I shatter kings and rulers
e125504	the princes, the rulers of the provinces and their deputies
e125505	God made Adam and let him rule the garden of Eden
e125506	let us rather let it rule our daily life and our public affairs
e125507	let the peace of Christ rule
e125508	if we let the Holy Spirit rule our mind
e125509	even if he lets the wicked rule over us
e125510	I will make him rule as far as the River Euphrates
e125511	you make evil rule your mouths
e125512	he will put that servant in control of all his possessions
e125513	making him ruler over the whole land of Babylon
e125514	to the one who makes the sun rule the day
e125515	to those who govern the land beyond the Euphrates
e125516	Herod, the king who governed all Galilee
e125517	the highest of those who govern under the king
e125518	to administer throughout the whole kingdom
e125519	letters for me to give to those who administer the land beyond the Euphrates
e125520	while the governors of the provinces under him were present
e125521	the satraps of many lands under the king
e125522	a State Middle School to be given in the Tedim jurisdiction
e125523	the various clans that are in the Tedim jurisdiction
e125524	that Jesus was a man of the jurisdiction of Herod
e125525	the British rulers of the land abolished it
e125526	the commanders of a hundred soldiers were very high officers
e125527	upon those who rule us
e125528	the commanders of his chariots
e125529	when the chariot commanders saw it
e125530	then the priest gave to the commanders
e125531	his officers, his captains
e125532	he set out with the captains over all the chariots of Egypt
e125533	he was chief of all the captains of the army
e125534	you rulers of the earth, take warning
e125535	he who reduces the rulers of the earth to nothing
e125536	when the rulers of the town heard this
e125537	that your rulers did it without knowing
e125538	twenty-two officers of the army from his clan
e125539	he gave orders to the officers over the workers and their foremen
e125540	authority was given to be able to rule over all
e125541	they will rule all the more in life
e125542	in the fifteenth year of his reign
e125543	give me wisdom and knowledge so that I may rule over these people
e125544	before you rule over the whole world
e125545	in the fourth year of his reign
e125546	in the eleventh year of the reign of Zedekiah
e125547	in the fifteenth year of the reign of Tiberius Caesar
e125548	in the fourth year of the reign of King Zedekiah over Judah
e125549	controlling ourselves, self-control
e125550	so that they control their own bodies
e125551	the one who is to speak needs to control himself
e125552	if they cannot master their own bodies
e125553	so that we can have such control
e125554	because of their mastery over human desire
e125555	for his rule over the land
e125556	self-control is better
e125557	gentleness and self-control
e125558	a spirit of power, love and self-control
e125559	add self-mastery to your knowledge
e125560	add endurance to your self-mastery
e125561	it seems to produce mastery of the body
e125562	than rule over a city
e125563	power and dominion before all ages
e125564	concerning the way of ruling of the country and the government
e125565	not liking Putin's way of ruling and not content
e125566	in the way the country is ruled and the way it runs
e125567	if he does not know how to manage his own household
e125568	I control my thoughts
e125569	though some are able to govern a church
e125570	when they attacked Zogam twice they began to rule it
e125571	they will never again rule over other nations
e125572	a man able to rule the kingdom
e125573	they govern only by my help
e125574	who is able to govern your people
e125575	who can govern this numerous people of yours
e125576	a man who manages his own household well
e125577	we control the whole body of the horse
e125578	no one can tame and control the tongue
e125579	they tame and control every living creature
e125580	they shall be those who manage their households well
e125581	I stood beside the Ulai river
e125582	Zomi brothers and sisters whom I respect
e125583	because they have very many acquaintances and brothers
e125584	it gives you a place among the brothers
e125585	to his brothers and his fellow people
e125586	peace and love to all the brothers and sisters
e125587	the brothers who were in Rome
e125588	there were also various officials from various departments
e125589	their officials also came from the US embassy
e125590	when the government officials come on a visit
e125591	all the officials under him too
e125592	I will make boys their officials
e125593	the king of Israel called an official
e125594	they sold Joseph to Potiphar, an official under Pharaoh
e125595	the five rulers of the Philistines
e125596	all the rulers of Israel who are in you
e125597	though a ruler came from him
e125598	you are a mighty prince among us
e125599	he was the father of Nahshon, prince among the sons of Judah
e125600	you will make them princes in all the earth
e125601	Jehoiada, leader of the descendants of Aaron
e125602	they killed all the leaders of the people
e125603	they captured the two Midianite leaders, Oreb and Zeeb
e125604	making yourself ruler over us
e125605	he makes them princes of his people
e125606	he appoints you as leader over Israel
e125607	by order of the Chinland Council army commander
e125608	like a Burmese ruler
e125609	according to the CID commander
e125610	the prince who rules the land also goes in with the people
e125611	they shall bring it to the prince who rules them
e125612	the prince who rules in Jerusalem
e125613	when the ruler of that land saw her
e125614	the ruler will carry his goods on his shoulder in the dark
e125615	the ruler who is in office governing the land
e125616	the commander stood and called out loudly in Hebrew
e125617	because the commander heard of it
e125618	they went and told all that the commander had said
e125619	to one of the most noble princes of the king
e125620	he was a great official who had the favor of the king
e125621	Mordecai became a great man in the palace
e125622	his fellow officers, his advisers and his guards
e125623	Jehu, to his fellow officials
e125624	all of them men of high rank, mounted on horses
e125625	Hilkiah, one of the chief officials in the house of God
e125626	all the chief officers of the king of Babylon
e125627	they were the high officials in charge of the work of Solomon
e125628	his high officials, his advisers and his guards
e125629	some points from the talks with the UNHCR officials
e125630	those who know the army leaders get more favour
e125631	from among the leaders and officials of the country
e125632	their king and his officials will be taken captive
e125633	I will kill her officials
e125634	he went with the officials of Moab
e125635	lament thus for the princes of Israel
e125636	all princes and judges of the earth
e125637	the princes of the town stopped their talking at once
e125638	the kings of the earth and their rulers
e125639	as the Philistine rulers marched by hundreds and thousands
e125640	the sons of David were rulers governing the land
e125641	they were leaders, each in his own clan
e125642	give ear, O rulers
e125643	rulers persecute me without cause
e125644	rulers sit down and plot against me
e125645	arise, O princes, oil the shields
e125646	the princes and all the people will act just as you command
e125647	a more distinguished person than you may happen to be there
e125648	the descendants of Ulla: Arah, Hanniel and Rizia
e125649	they believed that there is a spirit that still lives
e125650	I believe it will be about 50 miles shorter
e125651	we singers too all believe in God
e125652	do you now believe
e125653	you have seen me and still do not believe
e125654	they had faith in his words
e125655	because they do not have faith in me
e125656	amazed at the word of God, he had faith in it
e125657	you are trusting in lies
e125658	it trusts all things
e125659	police and soldiers surrounded RIT
e125660	the Indian Ocean and the Pacific Ocean surround it
e125661	Israeli soldiers surrounded them and kept them unable to move
e125662	he attacked Jerusalem and besieged it
e125663	when Joab besieged the city
e125664	you shall besiege that city
e125665	all the nations surrounded me
e125666	many bulls surround me
e125667	ten young men surrounded Absalom
e125668	now they surround me
e125669	they surrounded the place
e125670	the slingers, surrounding it, struck it down
e125671	he, besieging that town
e125672	he went up, besieged Samaria and attacked it
e125673	all Israel were besieging Gibbethon
e125674	until the siege of the city is finished
e125675	for you to use as siege works until it falls
e125676	the siege and the distress your enemies bring on you
e125677	you are to be a figure of its besiegers
e125678	he picked gourds until his lap was full
e125679	gourds and open flowers were carved
e125680	in it there were figures of gourds
e125681	like gourd vine and pumpkin vine spreading
e125682	he made a gourd vine grow up over him
e125683	he had a worm eat the gourd vine and it withered
e125684	do you think it right to be angry about the gourd vine
e125685	Jonah was very glad because of the gourd plant
e125686	you feel sorry for the gourd plant that died
e125687	many priests also, believing in Jesus, were born again
e125688	many people believed what he said and were baptized
e125689	because he worked believing what was said
e125690	even the demons believe
e125691	they believed and were baptized
e125692	I believed, therefore I spoke
e125693	trusting the command, he went away
e125694	if you stand firm, trusting it
e125695	even if they tell you so, do not believe it
e125696	do not be taken in because he speaks sweetly
e125697	sharing a dish with you
e125698	they will deceive very many people
e125699	saying so, they will mislead very many people
e125700	he also carried some articles of the temple of the Lord to Babylon
e125701	a hundred articles made of silver
e125702	all the articles for service in the temple of the Lord
e125703	twenty-nine vessels of various kinds
e125704	and a thousand other vessels
e125705	they carried up all the holy vessels
e125706	the furnishings and the utensils kept apart
e125707	storehouses for all the precious utensils
e125708	all the utensils that were in the treasury of the palace
e125709	all the containers you store in
e125710	take these articles
e125711	they received the silver, the gold and the articles
e125712	all the articles in the house were also of pure gold
e125713	silver and gold and vessels
e125714	he gathered the vessels of the house of God and cut them up
e125715	they had charge of the vessels used in the temple
e125716	utensils made of clay shall be broken
e125717	he made the pillars and the bronze utensils
e125718	the silver, the gold and the utensils were weighed
e125719	some suspect it is what is called a Fire Rainbow
e125720	that time is surmised to be around 1760
e125721	I at once suspected it was taken from American Idol
e125722	you will come to a people who suspect nothing
e125723	Laish, where a people who suspected nothing lived
e125724	the sailors sensed that
e125725	hoping so, he sent for him many times
e125726	some old enclosing fences collapsed
e125727	the side enclosing wall of a hotel collapsed
e125728	12 zinc sheets used as the enclosure of the house yard
e125729	to be the wall around the enclosure of those four small courts
e125730	if she is the enclosing wall of a town
e125731	houses where clay is used for the enclosing wall
e125732	the piled stones of its surrounding wall were broken down
e125733	your table companions, beneath you
e125734	you have persuaded this people to believe a lie
e125735	he has convinced a great many people
e125736	because he has made you believe lies
e125737	even if he goes and tells them, he will not be able to convince them
e125738	do you believe now
e125739	we are all believers in God
e125740	only those who believe in Jesus will reach heaven
e125741	the Jewish believers were greatly amazed
e125742	I put the believers in you into prison
e125743	the Holy Spirit that the believers were to receive
e125744	all those who believe in his name
e125745	those who believe in me, though they die
e125746	it is a sign for those who believe
e125747	everyone who sees the Son and believes in him
e125748	he believed more what the owner of the ship said
e125749	if I told you, I do not know whether you could believe it
e125750	though I read it I cannot believe it
e125751	they just cannot really believe it
e125752	some were not really able to believe
e125753	say it, all of you
e125754	manna which your ancestors had not known
e125755	your enemies will eat them
e125756	which the Lord your God has given you
e125757	take an interest in politics
e125758	let those who have ears hear
e125759	let all things be done fittingly and in order
e125760	let all that you do be done with a loving heart
e125761	glorify the Lord with me
e125762	listen carefully to my words
e125763	Liankang, Lambuah and the others are brothers and sisters
e125764	they are six siblings
e125765	is the eldest of four sisters
e125766	all of us siblings go to school
e125767	there were seven brothers
e125768	Simeon and Levi are brothers
e125769	Jeconiah and his brothers
e125770	the brothers Simon and Andrew
e125771	your love for one another as brothers and sisters in Christ
e125772	the firstborn among many brothers and sisters
e125773	I am one of the brothers and sisters in the faith
e125774	Thomas, who had the byname Twin Siblings
e125775	any one of the siblings, female or male
e125776	although those siblings were very upright
e125777	those brothers and their teacher
e125778	closer in blood to their brothers in Palatwa
e125779	they were angry with those two brothers
e125780	Judah son of Jacob, and his brothers
e125781	from the hands of their own brothers
e125782	Barsabbas, a leader among the brothers
e125783	we are very glad because of what you gave us
e125784	we have finished making an EP album
e125785	we come to 144 households, he said
e125786	we are your people
e125787	we have come from the land of Canaan
e125788	we are from Haran
e125789	we live very far from you
e125790	say it, and
e125791	do not quench the work of the Holy Spirit
e125792	have brotherly love
e125793	pray always with your whole heart
e125794	the lily flower blooms
e125795	he pastures his flock among the lilies
e125796	like a lily among thorns
e125797	I am a lily of the valleys
e125798	on top of the pillars was work in the shape of lilies
e125799	with my older sister and me we were 7 people
e125800	she is your older sister
e125801	your older sister is Samaria to the north
e125802	when you receive back your older sister and your younger sister
e125803	the cup of your older sister Samaria
e125804	in Bethany, the village of Mary and her elder sister Martha
e125805	the name of the elder sister was Oholah
e125806	the elder sister went and lay with her father
e125807	because a person believes in Jesus
e125808	what are we to believe?
e125809	so that you may believe when it happens
e125810	many more believed
e125811	who is the Son of God, that I may believe in him
e125812	into the hands of God, in whom they believed
e125813	do not trust the word of your neighbors
e125814	so that they may always trust you too
e125815	after you had put your trust in that Christ
e125816	he is the firstborn child before them also
e125817	you also need to know about the law
e125818	to stand together in accordance with the law
e125819	according to the law of the Medes and Persians
e125820	according to the law, what must be done
e125821	he consulted the wise men skilled in the law
e125822	commandment, statutes or established religious customs
e125823	have it written in the legal code of the Persians and Medes
e125824	his eldest daughter is 19 years old
e125825	he is the eldest of 5 siblings
e125826	it is the oldest of the churches that can be seen
e125827	his eldest brother Eliab heard it
e125828	Ephraim is my firstborn son
e125829	our eldest sons and the firstborn of our cattle
e125830	I made them offer even their firstborn sons
e125831	we went to visit with the church pastors and elders
e125832	we also met with the elders of Laitui village
e125833	the elders of Gamlai also agreed
e125834	Moses and the elders of Israel, to the camp
e125835	the apostles and elders, to consider this matter
e125836	the chief priests, the teachers of the law and the elders
e125837	the eldest gets the aliangpak cut
e125838	my eldest son has taken a wife
e125839	of the five siblings he is the eldest
e125840	besides being his eldest child
e125841	the three oldest sons of Jesse followed Saul to the war
e125842	Eliab, his eldest brother
e125843	are the statements of the Chinese government credible
e125844	many strange, unbelievable things keep happening
e125845	it is very believable that there may be many
e125846	it is a trustworthy saying, worthy of acceptance
e125847	he said so with assurance
e125848	do not put trust in what they say
e125849	do not have a mind of doubt
e125850	without doubt to the very end
e125851	the one who doubts
e125852	not wavering in unbelief at the promise of God
e125853	he rebuked them for their unbelief and stubbornness
e125854	there is still much doubt
e125855	it was because of the error or the unbelief of the Israelites
e125856	put away sickness of mind, doubt and feelings of defeat
e125857	if you have no doubt at all
e125858	with no doubt in your hearts
e125859	with a sinful heart of unbelief
e125860	let me know whether you believe it or do not believe it
e125861	let us then decide whether to believe or not to believe
e125862	if something you do not believe is told to you
e125863	because they did not believe in him
e125864	because they do not believe in me
e125865	you should indeed not believe me
e125866	because they disbelieved they could not enter the resting place of God
e125867	he will come at a time that is not expected
e125868	on a day when he does not expect his master to arrive
e125869	through faith, by the power of God
e125870	do not speak of what you only suspect
e125871	we are saying what we suppose
e125872	it is the saying of a supposition
e125873	something we supposed would be good, which is not good
e125874	it did not turn out the way we supposed
e125875	I suppose it will be the nearest
e125876	some people take what they suppose to be knowledge
e125877	although they supposed so
e125878	will the grain still be less than you supposed
e125879	they did not bring the charges I had expected
e125880	he will come at a time you do not expect
e125881	on a day he does not expect, at an hour he does not know
e125882	when he suspects his wife
e125883	if he suspects his wife who has defiled herself
e125884	living quietly and suspecting nothing
e125885	even what he thinks he has will be taken away
e125886	they have a suspicion that it did not burn by chance
e125887	her husband having a mind of suspicion
e125888	a man having feelings of suspicion
e125889	the grain offering for jealousy
e125890	the law to be applied in cases of jealousy
e125891	because it is a grain offering for jealousy
e125892	is the grain less than the amount supposed
e125893	they held the belief that one arrives there at once
e125894	so let each of us live by faith
e125895	in the old belief there is a place called the Village of the Dead
e125896	through your belief in the truth
e125897	belief in the one God sent is the work of God
e125898	his belief was credited to him as righteousness
e125899	the thinking and beliefs of the young
e125900	why have such beliefs arisen?
e125901	beliefs that are not the same
e125902	I made them give up their beliefs
e125903	if you are willing to believe what has been said
e125904	I know the one I have believed
e125905	the friends who believe together with them, gladly
e125906	I rebuked him right among those who share faith with us
e125907	love the fellow believers
e125908	rather warn him as a fellow believer
e125909	all the fellow believers
e125910	about loving fellow believers
e125911	stand firm in the things you have learned and believed
e125912	how will you be able to believe me
e125913	so that they will be able to believe that you sent me
e125914	so that you will be able to believe, the one who saw this event
e125915	so that seeing it we can believe you
e125916	so that they can believe, the Jews demand signs
e125917	so that they can believe the word of God because of your conduct
e125918	who is he, so that I may believe in him
e125919	so that you may believe what I say
e125920	so that you may believe
e125921	so that they might believe in that light
e125922	he spoke earnestly so that they would come to believe the message
e125923	from Ur in the land of the Chaldeans
e125924	Bezalel son of Uri, the son of Hur
e125925	it is a matter of his own desire
e125926	I lived and acted just as I desired
e125927	that is your own desire
e125928	I greatly desire to eat it with you
e125929	we can put in whatever we wish
e125930	I wish you really did reign
e125931	do you wish me to put up three shelters
e125932	if you want to be skilled
e125933	do you too want to go away
e125934	do you want me to release him
e125935	we want you to make them see
e125936	he did not want anyone to know
e125937	he summoned everyone who was willing
e125938	we humans could each act as we want
e125939	driving their own way without following that rule
e125940	scolding someone else just as one pleases
e125941	he will act according to his own wish
e125942	he let each of them go their own way
e125943	what you want will never happen
e125944	rats run about as they like
e125945	you yourself can become as you wish
e125946	they ride as they like in between the cars
e125947	the freedom to act as you wish
e125948	his elder siblings worked hard
e125949	your elder siblings, your parents and your fellow villagers suffer it
e125950	now, elder siblings and younger ones, you and your rulers
e125951	to the Gentile elder brothers and younger ones, with a letter of love
e125952	brothers and sisters, prayer for us
e125953	my dear brothers and sisters
e125954	the brothers and sisters received us gladly
e125955	so that you have it read to all the brothers and sisters
e125956	I will speak as I desire
e125957	they mistreat me as they desire
e125958	who untied it and let it roam as it desires
e125959	you may freely eat from every tree in the garden
e125960	I went about freely among the people
e125961	which you are prone to follow with lust
e125962	Moses did not travel of his own wish
e125963	the willingness and consent of the two who are to marry
e125964	this is only my wish
e125965	because they gave with willingness of heart
e125966	with all your heart and with willingness of mind
e125967	the people offered themselves with willingness
e125968	he brought them to the town of their desire
e125969	it does not depend on human desire or effort
e125970	when the desire of the heart grows, sin is born
e125971	the slaves you had set free according to their wish
e125972	the lobe of the liver and the two kidneys
e125973	the lobe of the liver and both kidneys
e125974	the peacock is very finely adorned
e125975	a woman who tried to board a plane with a peacock was not allowed
e125976	the Burmese are marked by the peacock
e125977	they regularly brought apes and peacocks
e125978	they kept bringing apes and peacocks
e125979	to be like him is my one great desire
e125980	everyone whose heart prompts him
e125981	what you do of your own free will
e125982	by their own choice in their hearts
e125983	those who want a sound and complete nation
e125984	they should be those willing to be the servants of people
e125985	those who love to do wrong love trouble
e125986	those who long for your salvation
e125987	he stopped work of his own will
e125988	I did not get it by my own will
e125989	it cannot be chosen by one's own will
e125990	if I do it of my own free will
e125991	or whether I speak according to my own will
e125992	of his own will he gave us birth
e125993	that this work is not of my own will
e125994	they brought it to the Lord as a free will offering
e125995	you may give it as a free will offering
e125996	not of their own accord
e125997	rather I give it of my own accord
e125998	the one who acts of his own accord
e125999	I did not speak on my own
e126000	they do to them as they please
e126001	they did as they pleased to those who hated them
e126002	they mistreat me as they please
e126003	in the house he can live as he pleases
e126004	they may just act as they please
e126005	they dare to speak and act as they please
e126006	to do whatever I want
e126007	he stole the money and used it as he pleased
e126008	he has the right to shape it as he pleases
e126009	your enemies will use it as they please
e126010	he spoke and taught boldly and freely
e126011	so that they could act freely as they wished
e126012	they will act at will
e126013	the scorn we get from people who act at will
e126014	so that he could stay wherever he wished
e126015	you may eat as you please
e126016	they act as they please, showing no regard
e126017	they twist the Scriptures as they please
e126018	some people did to him at will
e126019	they treated him at will
e126020	treating her like a prostitute they did with her at will
e126021	going in and out freely
e126022	they act freely and most improperly
e126023	doctor or engineer, which do you prefer
e126024	I prefer to go on foot
e126025	you preferred not to obey
e126026	because they preferred to worship idols
e126027	they prefer shame to honour
e126028	because they preferred the praise of people
e126029	I would rather be strangled
e126030	I would rather boast all the more because of my weakness
e126031	he would rather suffer together with the people of God
e126032	when his father learned that he was keen on drawing
e126033	something I have been keen on and enjoyed very much since I was small
e126034	a person who is keen on playing
e126035	they are too devoted to worshipping idols
e126036	scatter the people who delight in war
e126037	because he loved working the soil
e126038	they hunt down the poor
e126039	they are too devoted to idol worship
e126040	when he saw his son's passion for computers
e126041	done according to personal wish and passion
e126042	we were slaves to the love of pleasure
e126043	you see that he has persuaded and won over many people
e126044	all of us brothers and grandchildren crowded around at once
e126045	since witnesses surround us
e126046	after they had encircled and gone around it for seven days
e126047	the cities are large and encircled with walls up to the sky
e126048	many people crowded around them
e126049	when Jesus saw the multitude crowding around him
e126050	he put a fence around it and dug a winepress
e126051	besides many villages not fenced in with walls
e126052	your cities fenced in with walls, in which you trust
e126053	they surrounded the house of Jason
e126054	armies besieging the city of Jerusalem
e126055	they will build an embankment around you and hem you in
e126056	with walls surrounding them, very large
e126057	the Jews standing around him
e126058	all the kings in the land of Uz
e126059	Palal son of Uzai, the part opposite the angle
e126060	he is much older than I am
e126061	among great peoples respect for the elder is very important
e126062	the name of the older was Leah
e126063	the older son had gone to the field
e126064	the older child will serve the younger
e126065	here is my elder daughter Merab
e126066	the women elder than you as your mother
e126067	the elder shall serve the younger
e126068	the Lord was angry with Uzzah and punished him
e126069	Uzzia the Ashterathite, the sons of Hotham the Aroerite
e126070	I went and attended school
e126071	his granddaughter kept going to look
e126072	let us go to his dwelling place
e126073	go and ask the animals and they will teach you
e126074	she went to meet Jesus
e126075	he feeds the young ravens that cry
e126076	the ravens brought him bread in the morning
e126077	I have ordered the ravens to feed you
e126078	owls and ravens will live there
e126079	consider the ravens
e126080	the crows fly about hungry
e126081	who is it that gives food to those crows
e126082	after feeding them he sent them home
e126083	all who came were served with snacks and tea
e126084	the new generation must be fed with new food
e126085	just as Christ feeds and cares for the church
e126086	if he is hungry, feed him
e126087	stay with me and I will feed you
e126088	he cared for them like an infant and nourished them
e126089	she nourished and raised him as her own child
e126090	you have nourished your hearts to fatness
e126091	I will provide for you there
e126092	he provided for them with food and water
e126093	he put them in a house and provided for them
e126094	the land where they lived could not support them
e126095	you shall support him
e126096	supported me and those who were with me
e126097	when it grows light the ozone is no longer near the ground
e126098	you light my lamp
e126099	he gives light to our eyes again
e126100	they let it shine on a high stand
e126101	your whole body will be bright all over
e126102	providing for him, he sent him to a good school
e126103	I am going to the city of Jerusalem, serving the saints
e126104	busying themselves with the feeding of wife and children
e126105	with manna they had already received God's feeding
e126106	the work of feeding that I will do in Jerusalem
e126107	my provision of food and water for them
e126108	they will receive sustenance
e126109	to the provider of all that have life
e126110	you light up my darkness
e126111	the command is pure, giving light to the eyes
e126112	my God makes my darkness bright
e126113	the men who went to explore the land
e126114	they explored the land as far as Rehob
e126115	send men to explore the land of Canaan
e126116	the names of the men Moses sent to spy out the land
e126117	Moses sent them to spy out the land of Canaan
e126118	the land we went through to spy out
e126119	the number of days you surveyed the land
e126120	the E.L Bethel Publication Board has charge of it
e126121	she can easily take care of the house and field matters
e126122	MPs of Tedim and Tonzang townships, please take care of it
e126123	he shall have charge of the work of those who look after the sanctuary
e126124	they gave the money to the men overseeing the temple
e126125	he appointed 3,600 to oversee the work of the people
e126126	he appointed 3600 men to oversee them
e126127	they appointed them to supervise the work
e126128	they shall take care of all the furnishings
e126129	not able to have power as great as his
e126130	as counsel and strength for war
e126131	swinging the axe with his hand
e126132	swinging the axe with his hand to cut wood
e126133	motioning with his hand he taught
e126134	taking care of the tent of meeting, all the work of the tent
e126135	they returned from exploring the land
e126136	the overseer of the work of the house of God
e126137	the report of the land they had explored, to the Israelites
e126138	they gave it to the supervisors of the work and the workers
e126139	who were among the explorers of the land
e126140	until all of them were full
e126141	the stomach too is full
e126142	when hungry one cannot work, when full one does not want to work
e126143	he has enough to eat and is full
e126144	whether I am full or hungry
e126145	he roasts meat and is full
e126146	when you were satisfied
e126147	you too will eat and be satisfied
e126148	in time to come you will be satisfied
e126149	can you satisfy the hunger of her cubs
e126150	you gave bread from heaven to satisfy their hunger
e126151	among the birds the call of the dove is the most pleasant to hear
e126152	she is lovely like a dove
e126153	like doves that are beside flowing streams
e126154	its width was seventy cubits
e126155	its width was also twenty cubits
e126156	the breadth of the court is fifty cubits
e126157	its breadth was fifty cubits
e126158	two cubits long and one cubit wide
e126159	not being a school matter
e126160	the matter of a Federal Army is still very far off
e126161	he helped plan the school matters of his children and grandchildren
e126162	the Most High God directs the affairs of the kingdom of men
e126163	in a matter of religion, about ceremonial washing
e126164	he set the matters of his household in order
e126165	to the man of God so that he tells us about our matter
e126166	upholding their cause
e126167	may he uphold the cause of his people Israel
e126168	hear their plea and uphold their cause
e126169	put the business of your household in order
e126170	when he returned home and came near the house
e126171	he too managed it earnestly and diligently
e126172	let Pharaoh appoint officials to manage the land
e126173	managing again the things still lacking in Crete
e126174	you must see to it yourselves
e126175	when shall I see to it myself
e126176	seeing to a shelter for the poor
e126177	at every time of joy and sorrow it is very easy to arrange things
e126178	they settle matters together with the Thalloh
e126179	they planned to watch a movie
e126180	not to plan harm to others
e126181	they planned to go forward with federal democracy
e126182	go and organize our Passover meal
e126183	he arranged for her burial
e126184	they arranged the food and drink
e126185	he arranged for fifty men to run ahead of him
e126186	they planned to kill him
e126187	after making their plan, much money to the soldiers
e126188	they met to consider this matter
e126189	planning as well as we are able to plan
e126190	he never plans carelessly and works carelessly
e126191	it is now necessary to go forward planning matters for the whole world
e126192	planning so that I get more money
e126193	devising evil against you
e126194	plotting evil
e126195	arranging in this way to help people
e126196	because they had provided in advance for them
e126197	counsel was taken and decisions were made on the important matters ahead
e126198	the cross is the plan of God
e126199	the plan of Malacca State is well worth imitating
e126200	after seizing him they brought him to the council
e126201	they went out from the council of elders
e126202	a Pharisee standing up in the council
e126203	mere talk as counsel and might for war
e126204	who hide their counsel deep
e126205	if it is a counsel made up by men
e126206	Saul learned of their plan
e126207	favouring the plans of the wicked
e126208	he comforts himself with the plan to kill you
e126209	they joined together and made a plot
e126210	the plots of evildoers
e126211	all his plots to bring you down
e126212	all the plans of his family
e126213	from what we do and make and from our plans
e126214	he brings their wicked plans to ruin
e126215	not fulfilling the plans of God which we receive by faith
e126216	do you think you listen in on the counsels of God
e126217	your schemes are like a cloth of spider thread
e126218	your schemes, like that cloth of spider thread
e126219	he was the adviser of the Jews
e126220	the plotter who meant to crush and destroy us
e126221	the other administrators and all the governors
e126222	to be chief administrators over those governors
e126223	more than the other governors and administrators
e126224	Blastus, the chief official of the king, as their friend
e126225	we the administrators who serve in the land, the governors
e126226	the Levitical priests whom David had assigned
e126227	the great house that I have planned
e126228	when he cannot repair it, he arranges it for him
e126229	I will arrange a place to stay for them
e126230	he still made provision for his mother
e126231	a number of shelters were also arranged
e126232	to arrange for everything that Jesus needed
e126233	she arranges for the work of her servant girls
e126234	what do you want me to arrange for you
e126235	they made provision for his household with food and drink
e126236	he made provision for something better for us
e126237	you prepared a body for me
e126238	because he has prepared a city for them
e126239	by the arrangement of the airport police he was sent to Putrajaya Hospital
e126240	through the arrangements made by the Chinese
e126241	one who has given us such help and arrangements before
e126242	the matter of providing for him a room
e126243	it is for those for whom it has been prepared by God
e126244	they decided for themselves of their own accord
e126245	let Rehoboam look after his own affairs
e126246	the council of the group needs to know well what benefits the people
e126247	the council of elders in the time of Kam Hau
e126248	they set them before the council of elders
e126249	one of the council of elders
e126250	a member of the council of leaders
e126251	with the elders, the scribes and all the councillors
e126252	whether among the councillors or among the Pharisees
e126253	do the councillors really know it
e126254	only by my help are they able to govern
e126255	he charged us to live for Christ
e126256	he instructed them, saying, send us the things you see
e126257	talk together and instruct them well
e126258	Moses commanded us
e126259	after he had commanded the apostles through the Holy Spirit
e126260	after he had instructed them in this way
e126261	they spoke as Jesus had instructed
e126262	just as I instructed you
e126263	just as I gave orders to the churches of Galatia
e126264	he gave orders concerning his bones
e126265	after charging him so, he sent him away
e126266	just as he charged, keep watch
e126267	charge them with these things so that they escape blame
e126268	the risen Jesus has an instruction for us
e126269	Jesus' spoken instruction at the last time
e126270	the soldiers, according to the order of the commander
e126271	they told all the words of the order of Jesus
e126272	after they had heard the instructions of the king
e126273	they brought back the spoken instruction of Paul
e126274	they went according to the command of Jesus
e126275	he sent for the prophet Jeremiah
e126276	she sent word to her father-in-law
e126277	send for the most skilful mourners
e126278	I will summon Nebuchadnezzar king of Babylon
e126279	charging the jailer, they put them in prison
e126280	he sent out his word and healed them
e126281	saying goodbye to my father and mother
e126282	just as the instruction was
e126283	he asked the high priest to give him letters of instruction
e126284	after they had received instructions to come
e126285	you will be told every instruction about what you are to do
e126286	after he received such an order
e126287	he answered according to the order of the king
e126288	all the people heard his order to the commanders
e126289	I have written and given a letter of direction to the church
e126290	also his instructions on how it was to be done
e126291	she also let them hear these messages he had spoken
e126292	the width of the court, seventy-five feet
e126293	the width of the front of the temple too
e126294	for the breadth of the court on the west side
e126295	in its breadth it was seven and a half feet high
e126296	a gold image nine feet in breadth
e126297	contentment in all the affairs of life
e126298	let us entrust our affairs to God
e126299	let us each think hard about our own local affairs
e126300	he does not get entangled in the affairs of this world
e126301	in the affairs of the king
e126302	I no longer follow the ways of a child
e126303	a wind that blows to winnow the chaff from the grain
e126304	each shall be four cubits wide
e126305	thirty cubits long and four cubits wide
e126306	for us the morning will grow light
e126307	when the morning grew light
e126308	leave as soon as it is light
e126309	as soon as the morning was light
e126310	light shone through the whole prison
e126311	until the morning star rises and the day grows light
e126312	when it grew light
e126313	let your face shine
e126314	a daylight that will never shine
e126315	after they have lit a lamp
e126316	how were your eyes opened
e126317	your eyes will be opened
e126318	their eyes were opened
e126319	your eyes will see
e126320	so that the eyes of your understanding may see
e126321	if your eye sees clearly
e126322	give light to my eyes
e126323	like one who hunts a partridge on the hills
e126324	like one who hunts a partridge in the hills
e126325	the little owl, the cormorant, the great owl
e126326	be wise as a serpent and gentle as a dove
e126327	the Holy Spirit of God coming down like a dove
e126328	the dove is also used to stand for the holiness and peace of believers
e126329	he sent out a dove
e126330	the cooing of doves is heard in the land
e126331	or two young pigeons
e126332	or two young pigeons
e126333	a young pigeon or a dove
e126334	or with a young pigeon
e126335	those selling doves and the money changers
e126336	like doves flying to their nests
e126337	take your pigeons out of here
e126338	he will feed them well and look after them
e126339	he feeds the hungry and clothes the naked
e126340	kings will feed you and care for you
e126341	so that she would be fed and looked after
e126342	wandering in dry places, it looks for rest
e126343	going about in dry places, it looks for rest
e126344	lighting a lamp, until she finds it
e126345	lighting a lamp and sweeping the whole house
e126346	when will it grow light so that I may get up
e126347	keep your lamps lit and be ready
e126348	if you do not feel well, do not go out
e126349	in the town too very few people went out
e126350	he went out as soon as it was light
e126351	we dare not go out into the streets
e126352	I went out by night and took a few men with me
e126353	they love to wander away from me
e126354	before you go out, first note it down carefully
e126355	time to watch TV and time to go out
e126356	no one is to go out in the Tuas area
e126357	the time when all the beasts come out is night
e126358	if he is able to walk about outside again with his staff
e126359	no one, when he has lit a lamp
e126360	they wandered off over every high hill
e126361	not only do they go about idly
e126362	the bread with which I fed you in the wilderness
e126363	the matter of my feeding them with bread and water
e126364	he held a great banquet at his house for feeding Jesus
e126365	so that he might receive provisions
e126366	my writing to you about the relief of the saints
e126367	so that they could share in the relief of the saints
e126368	the lampstand for lighting
e126369	the lampstand for light and its lamps
e126370	the pots, the stands for the candle lights, the dishes
e126371	he will be your sustainer in your old age
e126372	they took us about in their car
e126373	they led them about, following one another on motorcycles
e126374	they got ready to take us about
e126375	he led me about back and forth among those bones
e126376	keep your lamps lit
e126377	this gives light to our eyes
e126378	it will light up your minds all the more
e126379	keeping our eyes well open
e126380	in the sky to give light on the earth
e126381	it gives light to everyone born in the world
e126382	my God lights up my darkness
e126383	the unfolding of your words gives light
e126384	so that it is light in the space in front of it
e126385	you light up my lamp
e126386	though he opened my eyes
e126387	giving light again to our eyes in our bondage
e126388	the one who opened your eyes, who is he like
e126389	the going about will become less
e126390	let us not carry much money when we go about
e126391	not only do the people go about
e126392	do not go about slandering people
e126393	they will set out and go to and fro
e126394	go to and fro and write a description of the land
e126395	he will watch over your coming and going
e126396	where you stay and your coming and going
e126397	he is not just a person who roams about
e126398	do not feed a person who is lazy at work and roams about
e126399	I would wander far away
e126400	there are some who go about meddling
e126401	not only are people going to and fro
e126402	there is no longer anyone going to and fro
e126403	go about the land and write a description of it
e126404	going out and walking all over it
e126405	in our going down and going up let us not carry much money
e126406	be careful also in going about
e126407	in the places where the local people live and go about
e126408	your going about to and fro, and against me
e126409	all the wanderers could even become rich
e126410	while we lived as wanderers in the wilds
e126411	you will be a wanderer on the earth
e126412	I will be a wanderer on the earth
e126413	they will become wanderers among the nations
e126414	I will not make Israel wanderers again
e126415	he made them wander in a trackless land
e126416	he causes them to wander in a pathless wilderness
e126417	going to roam about with other men in the streets
e126418	he cares for it well and feeds it rather
e126419	can feed one family
e126420	the aim is that I will be able to feed them comfortably
e126421	are you able to feed yourself?
e126422	fruit that would be able to feed the whole earth
e126423	it reaches more than 800 steps
e126424	the worshippers are said to reach more than 40,000
e126425	it is already more than 200 years since they settled
e126426	but it shall not exceed that
e126427	they were more than forty
e126428	it was enough and more than enough
e126429	much more than enough
e126430	some was left over, as he had said
e126431	they picked up the broken pieces that were left over
e126432	the one who gathered much had nothing over
e126433	from those who exceeded the number of the Levites
e126434	a rat happened to swallow a diamond
e126435	if we swallow it from the mouth into the stomach
e126436	the fish swallowed him
e126437	it opened its mouth and swallowed it
e126438	you swallow a camel
e126439	it swallowed them together with Korah
e126440	fire fell from heaven and devoured them
e126441	it devoured the seven good ears
e126442	he has devoured us like a dragon
e126443	a person held captive by sin
e126444	if we turn wrongly we will simply be swallowed up
e126445	not at all wanting to be swallowed up by others
e126446	Aaron’s staff swallowed their staffs
e126447	why would you swallow up the Lord’s inheritance
e126448	the earth will swallow us too
e126449	it will devour the whole earth
e126450	the land of your enemies will devour you
e126451	a land that devours those living in it
e126452	swallowing these men with all they have
e126453	he has devoured Jerusalem and crushed it
e126454	more than 7000 people watched on Facebook live
e126455	it has been translated into more than 30 languages
e126456	more than 15 muscles work at once
e126457	carry it for him an extra mile as well
e126458	do not think of yourselves beyond what is fitting
e126459	that they might think more of me than that
e126460	the part of the tent curtain that is left over, the half curtain
e126461	he does not bear the sword for nothing
e126462	do not neglect your gifts
e126463	never let anything you are given go to waste
e126464	some was left over, as he had said
e126465	we had enough and plenty was left over
e126466	take the grain offering that is left over
e126467	he poured out the blood that remained
e126468	he took the redemption money from those who exceeded the number
e126469	you cause the commandment of God to be void
e126470	let us waste nothing
e126471	you make the word of God void
e126472	the more than 50000 people need clean water to drink
e126473	the more than 100 people were given awards
e126474	the more than 500 workers
e126475	of those more than five hundred people, some have died
e126476	the rest of the grain offering
e126477	the remainder is for Aaron and his sons
e126478	it trampled underfoot what was left of what it ate
e126479	do not think highly of yourselves, exceeding the measure you ought to think
e126480	it was sufficient and was even more than enough
e126481	in the evening quails came and covered the camp
e126482	it brought quail from the sea
e126483	the people went out and gathered quail
e126484	he gave them quail and plenty of bread from heaven
e126485	there are stars in the sky
e126486	all the forces of the sky
e126487	your steadfast love reaches to the heavens
e126488	ascribe to the Lord, you heavenly beings
e126489	he built his sanctuary like the high heaven
e126490	let that vault of the sky separate water from water
e126491	I will show signs on the earth under heaven
e126492	the Lord, the Maker of heaven and earth
e126493	you highest heavens and you waters above the skies
e126494	more numerous than the stars of the sky
e126495	from whose womb comes the frost of heaven
e126496	you made their descendants as countless as the stars of heaven
e126497	who has the wisdom to open the water jars of heaven
e126498	all the birds of the sky had flown away
e126499	as many as the stars of the sky and the sand by the sea
e126500	I will make your descendants as many as the stars of the sky
e126501	the birds of the air can perch on its branches
e126502	then a great and strange sign appeared in heaven
e126503	your reward in heaven will be greater still
e126504	the powers that are in heaven will be shaken
e126505	another strange sign appeared in heaven
e126506	he makes the lightning flash in heaven
e126507	the Spirit of God lifted me up in the sky
e126508	with its tail a third of the stars in the sky
e126509	they saw the smoke of the city rising in the sky
e126510	so that the birds of the air can shelter in its shade
e126511	the human spirit rises upward
e126512	you will not receive the dew of heaven from above
e126513	cursing their God, they will look upward
e126514	like the opening of a collar
e126515	its opening was round, made like a pedestal
e126516	what an opening you have made for yourself
e126517	carry your belongings out through that hole
e126518	it tears the old cloth and the hole gets bigger
e126519	it pulls the old cloth further apart and the hole will get bigger
e126520	that the gaps in the wall were being closed
e126521	that not a single gap was left any more
e126522	three gate openings on the north side
e126523	the stone was rolled away from the mouth of the tomb
e126524	prayer has great power
e126525	the power of God our Father is very great indeed
e126526	he is one who has that much power
e126527	by the power of the Lord I cut them down
e126528	your power is very great
e126529	that their power is gone
e126530	one who is great in might and very strong
e126531	because he walked rightly his might was great
e126532	our Lord is great and his might is very great
e126533	the glory of God gives that city light
e126534	my glory will make that place holy
e126535	the glory of God shone around them
e126536	they prospered, and their life was long too
e126537	as long as you have an envious heart you will never prosper
e126538	you will be happy and prosper
e126539	he worked with all his heart and prospered
e126540	you will prosper and your work will succeed
e126541	you will accomplish it and you will succeed
e126542	he succeeded in all his work
e126543	than for a camel to go in the hole of a needle
e126544	will play at the opening of the hole of the cobra
e126545	than for a camel to enter in the hole of the eye of a needle
e126546	he rolled a big stone at the opening of the tomb
e126547	around its opening there were engravings
e126548	taking her out to the entrance of the Horse Gate
e126549	in life on earth we live carrying burdens
e126550	debt is a burden
e126551	however great a load it carries
e126552	you will be a burden to me
e126553	it is too heavy a burden for me
e126554	cast your burden on the Lord
e126555	they will share the load with you
e126556	the load hanging on it will be destroyed
e126557	they tie up very heavy loads and lay them on others
e126558	like a weight on the weary beasts
e126559	we groan, carrying a weight
e126560	it is always like carrying a heavy burden
e126561	he rolled off all the heavy burden of his mind
e126562	they laid a heavy burden on the people
e126563	you laid heavy burdens on our backs
e126564	they have become a heavy burden to me
e126565	his burden will be lifted from your shoulders
e126566	your father oppressed us and laid a heavy load on us
e126567	they will be a heavy load for him
e126568	I have not burdened you with offerings
e126569	your burdens that are on your shoulders
e126570	I set down the loads from your hands
e126571	they came out with thunder
e126572	regarding it as counsel and might for war
e126573	between seeing the lightning and hearing the thunder
e126574	the sound of clapping was just like thunder
e126575	it rumbled with thunder
e126576	which means sons of thunder
e126577	the thunder is the sign of his coming
e126578	the seven thunders spoke with their voices
e126579	your mighty thunder was in the whirlwind
e126580	in the morning there were thunders and lightnings
e126581	there came flashes of lightning, rumblings and peals of thunder
e126582	all the people perceived the thunder, the lightning and the trumpet sound
e126583	when he made a path for the thunder
e126584	flashes of lightning, rumblings, peals of thunder, earthquakes
e126585	we have a strong and mighty God
e126586	the blood is powerful and wonderful
e126587	their spirit is still powerful
e126588	they will return to the mighty God
e126589	Nimrod was the first mighty man on earth
e126590	the Lord, strong and mighty
e126591	he is wise and powerful
e126592	you are more powerful than we are
e126593	you are many people and you are powerful
e126594	this is what the Lord Almighty says
e126595	the Lord Almighty says this
e126596	the Almighty was with me
e126597	the Almighty has made my heart faint
e126598	it is from the Spirit of the Almighty
e126599	Lebanon will fall before the Mighty One
e126600	O mighty King, lover of justice
e126601	the Son of Man sitting at the right hand of the Mighty One
e126602	prayer works very powerfully and is most effective
e126603	he will be mighty and honoured
e126604	how the mighty one has fallen
e126605	the shield of the mighty was defiled
e126606	like a mighty one I subdued their kings
e126607	the one who stays in the shadow of the Almighty
e126608	if you plead with the Almighty for mercy
e126609	does the Almighty pervert what is right
e126610	the Mighty One, God, the Lord, speaks
e126611	O Mighty One, with your glory and your majesty
e126612	the Son of Man being at the right hand of the Mighty One
e126613	the Lord Almighty spoke to me
e126614	because the Lord Almighty was with him
e126615	Lord Almighty, your dwelling place
e126616	they have not sought the Lord Almighty
e126617	the kingdom of God comes with great power
e126618	working as he works in me with great power
e126619	he is seated at the right hand of the throne of the Majesty in heaven
e126620	the rich and the mighty, slave and free
e126621	without inquiry he shatters the mighty
e126622	into a nation mightier and more numerous than they
e126623	even angels, who are stronger and more powerful
e126624	although they are stronger and more powerful
e126625	consider well how very mighty God is
e126626	it is the time of the power of Satan, who rules in the darkness
e126627	who called you into his eternal glory
e126628	Satan is not God, yet he has power
e126629	he will raise us up with his power
e126630	they marvelled at the power of God
e126631	to him be the power forever
e126632	he brought you out of this place by his power
e126633	they will speak of your might
e126634	we will sing and praise your might
e126635	you who are near, acknowledge my might
e126636	you divided the sea by your strength
e126637	God has wisdom and strength
e126638	they give their strength and authority to the beast
e126639	they had already seen the glory of God on Mount Sinai
e126640	we will see the glory of God
e126641	in order to show his glory
e126642	what lasts will have greater glory
e126643	will it not be more full of glory
e126644	in your majesty you threw down your opponents
e126645	he gave him honour and majesty
e126646	I built it to display my majesty and my strength
e126647	the rulers and powers under him
e126648	the powers in the heavens and the kings on the earth
e126649	the powers that are in heaven will be shaken
e126650	the rulers and authorities in the heavenly realms
e126651	the very authorities that I received from my Father
e126652	the miracles that were performed in you
e126653	through Jesus of Nazareth, miracles, wonders and signs
e126654	the mighty works that were shown in you
e126655	that is why he has these miraculous powers
e126656	under the hand of the powers that rule the air
e126657	on the side there was a narrow window for looking out
e126658	its small openings and its palm tree figures
e126659	by your great power and outstretched arm
e126660	by your great might and your hand
e126661	wisdom and knowledge making your way succeed
e126662	the Lord blessed him and made his way succeed
e126663	make me successful today
e126664	he will prosper your way
e126665	now that he has granted success to my journey
e126666	whether or not he would make the journey succeed
e126667	each basin measured six feet in inner width
e126668	we reflect the splendour of glory
e126669	the glory of the Lord filled the temple of God
e126670	if the ministry had such splendour of glory
e126671	its splendour of glory will be greater still
e126672	if it came with such radiance of glory
e126673	the fading of the radiance from his face
e126674	what we once called glorious
e126675	death has come in through the window openings
e126676	twelve angels at those gate openings
e126677	he closed the gaps in the city of David his father
e126678	to measure the city gates and walls
e126679	he makes windows and panels it with cedar
e126680	more precious than all things on earth and in heaven
e126681	the Lord Jesus, leaving the throne of heaven
e126682	God set them in the sky
e126683	the angels too are honoured
e126684	an angel of the Lord appeared
e126685	God sent his angel Gabriel
e126686	she cried out very loudly
e126687	I kept running hard
e126688	he is respected and very famous
e126689	weep bitterly as for one who has died
e126690	it holds the eyes of the king captive
e126691	waving his hand over the diseased spot
e126692	motioning with his hand he began to speak
e126693	the governor motioning with his hand
e126694	consulting a medium for guidance
e126695	there is a medium in Endor
e126696	find me a woman who is a medium
e126697	he worked with mediums and spiritists
e126698	they practised spiritism and fortune-telling
e126699	if a person turns to mediums and spiritists
e126700	he removed the mediums and spiritists from his land
e126701	his cutting off the mediums and spiritists from the land
e126702	mediums, spiritists, household gods, idols
e126703	there is a medium in Endor
e126704	find me a woman who is a medium
e126705	he worked with mediums and spiritists
e126706	to all the royal treasurers, as follows
e126707	like things hung on a peg
e126708	making it into hooks for the posts
e126709	I will drive him like a peg into a firm place
e126710	having hooks made of gold
e126711	its hooks and its bands are silver
e126712	its hooks are silver and its bases bronze
e126713	he made the five posts with their hooks
e126714	its clasps and its frames
e126715	all its furnishings, its clasps, frames and crossbars
e126716	among the plunder a fine robe from Shinar
e126717	they will become captives and plunder
e126718	among the spoil a fine robe from Shinar
e126719	let us meet again in midair to welcome Jesus Christ
e126720	all the birds flying in midair
e126721	an eagle flying in midair
e126722	another angel flying in midair
e126723	to meet the Lord in the air
e126724	the men of Judah carried off very much plunder
e126725	from the plunder taken in battle
e126726	Moab, let us go and take the plunder
e126727	there was very much plunder in them
e126728	why did you pounce on the plunder
e126729	are they not finding and dividing the spoils
e126730	he brought out very much of the spoils of the city
e126731	they have become spoils
e126732	when people divide the plunder
e126733	than to get plunder together with the proud
e126734	they have become plunder
e126735	they found that the storerooms too were not clean
e126736	the fire started from the storeroom of the hospital
e126737	from the storehouse of a well-known supermarket
e126738	the storehouse was given to his sons
e126739	he showed everything that was in his storehouses
e126740	everything that could be seen in his storehouse
e126741	the gatekeepers who guarded the gates of the storerooms
e126742	the storerooms of the house of our God
e126743	went to the palace and entered the storeroom
e126744	all the vessels in the treasury of the palace
e126745	he placed them in the treasury of the house
e126746	they brought it into the treasury houses
e126747	he also made storehouses for keeping oil
e126748	all the silver in the treasuries of the palace
e126749	he covers the earth with the vault of the sky
e126750	they clothed them with garments from their plunder
e126751	a woman who went to buy goods in a hypermarket
e126752	when we buy goods too, it is important to be good at buying
e126753	business people look at it from the side of buying and selling
e126754	they could not go out to buy or sell
e126755	the buyer, to the seller
e126756	their masters, buyers and sellers
e126757	when you look at the sky and the earth
e126758	he hung between heaven and earth
e126759	those who have valuables should take care
e126760	the money value of those valuables cannot yet be estimated
e126761	it is a treasure that nearly everyone of us can have
e126762	gold darics to the treasury
e126763	they gave it to the treasury of the temple of the Lord
e126764	the chief among those in charge of the treasury
e126765	he made treasuries
e126766	for that work, gold darics to the store of valuables
e126767	the governor, a thousand gold darics to the store of precious things
e126768	he carried off the treasures of the palace
e126769	all the treasures of the king and his officials
e126770	taking the treasures of the palace
e126771	taking the valuables from the houses of the officials
e126772	above him stood the seraphim, heavenly beings
e126773	who among the heavenly beings is he like
e126774	then one of the seraphim, the heavenly beings
e126775	they reject authority and slander celestial beings
e126776	he gave an order to the angels, his messengers
e126777	even if your people are at the far end of the heavens
e126778	he showed me a place with a hole in the wall
e126779	dedicated from the spoils of Hadadezer
e126780	whenever the sky thunders and there is lightning
e126781	above him there is only the sky
e126782	he has joined again the heavens and the earth that were separated
e126783	he bowed the heavens and came down
e126784	your faithfulness reaches up to the sky
e126785	bow your heavens and come down
e126786	he covers the skies with clouds
e126787	one day a goods-carrying truck
e126788	a goods-carrying lorry fell down on the morning of December 30
e126789	Solomon, seventy thousand load-carrying men
e126790	load-carrying horses, cavalry horses and mules
e126791	chariots and many goods-carrying wagons
e126792	the loss of the ship and its cargo
e126793	they brought out the things they carried
e126794	if you will prosper my way
e126795	they bought very many of your goods
e126796	their little ones, their livestock and their goods
e126797	whether he stole the goods of his neighbour
e126798	your wares and all your people
e126799	slaves and bronze vessels in exchange for your wares
e126800	as for your wares, the great ships of Tarshish
e126801	they threw the cargo into the sea
e126802	not only the ship and the cargo
e126803	they threw the cargo in it into the sea
e126804	her merchandise and what she gains from her work
e126805	the products of Egypt and the merchandise of Ethiopia
e126806	the clouds poured out water, the heavens rumbled
e126807	one who has reached a place higher than the heavens
e126808	you waters above the skies
e126809	the seventh angel will blow the trumpet
e126810	music began from heaven
e126811	he rules all of earth and heaven
e126812	called to Abraham from heaven a second time
e126813	there is water in the sky
e126814	hail came down again from the sky
e126815	the sun keeps speaking to us from the sky
e126816	he called the vault sky
e126817	it will stand firm as long as the sky remains
e126818	the kingdom of heaven, the account book of his servants
e126819	an angel came from heaven
e126820	you who dwell in heaven, I look up to you
e126821	the waters under the sky
e126822	look toward the sky and count the stars
e126823	our Father who is in heaven
e126824	those who watch how the stars in the sky turn
e126825	just as there is a reward you will receive in heaven
e126826	our Father who is in heaven
e126827	the four spirits that are in heaven
e126828	the strange signs in the heavens
e126829	like the stars in the sky
e126830	one day an aeroplane was flying in the sky with a loud noise
e126831	when one is saved there is great joy in heaven
e126832	to rejoice because our names are written in heaven
e126833	they could no longer stay in heaven
e126834	your word stands firm in heaven forever
e126835	the Lord has set up his throne in heaven
e126836	your Father who is in heaven
e126837	let there be lights in the sky to separate day and night
e126838	when he made firm the clouds in the sky
e126839	and there was no light in the sky
e126840	only one, your Father who is in heaven
e126841	who will go up into heaven
e126842	as your will is done in heaven
e126843	no one who worships idols ever enters heaven
e126844	God will save them and simply let them all into heaven
e126845	will you really reach heaven?
e126846	the blessed calling that unites us with heaven
e126847	then the angel left him
e126848	I saw an angel in my dream
e126849	God sent one of his angels
e126850	when Zechariah saw the angel
e126851	praise him, all his angels
e126852	he answered the angel with comforting words
e126853	the destroying angel, the people of Israel
e126854	an angel standing in my house
e126855	the angel, to those women
e126856	because the angels always help us
e126857	God's angels are with you always
e126858	the angels carried him to the side of Abraham
e126859	human beings ate the bread of angels
e126860	they will be like the angels
e126861	God created the heavens and the earth
e126862	I worship the Lord, the God of the heavens
e126863	when I look at your heavens
e126864	he bowed the heavens and came down
e126865	you stretch out the heavens like a tent
e126866	he gave a command to the skies above
e126867	the skies above, like bronze
e126868	making your skies like iron
e126869	after that the rain came pounding down
e126870	they rush to do evil
e126871	the rushing torrent
e126872	my heart is pounding
e126873	though I stretch out my hands crying, help me
e126874	though I stretched out my hand to you
e126875	they will spread out their hands
e126876	the price of cars and electronic equipment keeps rising
e126877	they make even the household things the same
e126878	the godown where that equipment is kept
e126879	on the third day, some of the tackle of the ship
e126880	he was at the Ramadan Bazaar selling goods
e126881	those who were buying and selling goods in the supermarket
e126882	no one will trade or sell goods any more
e126883	they could not go out buying or selling
e126884	he set up a small stall for selling goods in his village
e126885	business people look at it in terms of buying and selling goods
e126886	the crowded market place, every street
e126887	the seller too counted his money again
e126888	she told the seller again that it was not enough
e126889	the buyer says to the seller
e126890	went to Korea and came back with a bundle of money
e126891	she went to the school to fetch her child
e126892	the women go to the grave
e126893	as they go, with my net
e126894	the ostrich cannot fly like the stork
e126895	the stork, every kind of heron
e126896	the stork, every kind of heron, the hoopoe and the bat
e126897	the storks build their nests
e126898	even the storks in the sky
e126899	the ibises that know when the Nile will rise
e126900	I saw a black bird
e126901	the bird's nest
e126902	a bird flies in the air
e126903	another bird came flying over it and perched on its head
e126904	the birds died while flying
e126905	I am like a lonely bird on a rooftop
e126906	he shall kill one of the birds in a clay pot
e126907	they set a trap for me as for a bird
e126908	a bird's nest, whether in a tree
e126909	a bird's nest, whether in a tree
e126910	go and call that man
e126911	the birds are flying
e126912	the birds sing in the forest
e126913	while Francis was feeding the birds
e126914	in the trees the birds play and chirp
e126915	creeping creatures and flying birds
e126916	when birds of prey came down on the carcasses
e126917	the birds of the air live there
e126918	clean animals, unclean animals, birds
e126919	drive away all the birds on its branches
e126920	the Lord struck Nabal
e126921	he struck its king with the sword
e126922	the Lord struck him and he died
e126923	he struck down two Moabite warriors
e126924	they struck down the Philistine army as far as Gezer
e126925	as he struck down their enemies
e126926	they attacked the tents of the herders
e126927	help me, and let us attack Gibeon
e126928	the man who attacks and captures Kiriath Sepher
e126929	harass the Midianites and smite them
e126930	the Lord will smite the Egyptians with a plague
e126931	I will smite Egypt with wonders
e126932	finding a wild gourd vine
e126933	the mother duck laid one golden egg every day
e126934	hen's eggs and duck eggs
e126935	there were ducks and various birds
e126936	and the water bird, the carrion vulture and the cormorant
e126937	the ostrich, the night hawk, the gull, every kind of hawk
e126938	he struck down the Philistines as far as Gezer
e126939	you will strike down the Midianites
e126940	the men of Gilead struck down the men of Ephraim
e126941	he will smite you with confusion of mind
e126942	he will smite you with the itch
e126943	the Lord goes before you to smite the Philistine army
e126944	he acted bravely and defeated the Amalekites
e126945	he defeated the Philistines as far as Gaza and its territory
e126946	Joshua defeated him and his people
e126947	he struck the people with a great plague
e126948	capturing them, he struck them down and killed them
e126949	striking down about thirty Israelites
e126950	striking them down with a plague I will drive them out
e126951	attacking the Edomites, they fled home
e126952	defeating them all the way to Greater Sidon and Misrephoth Maim
e126953	I seized it by the neck, struck it and killed it
e126954	striking you and your people with disease
e126955	striking it with the sword they burned the city
e126956	they struck them with the sword and burned the city
e126957	striking down Uriah the Hittite with the sword
e126958	the Lord striking Israel
e126959	Joab attacked Rabbah and overthrew it
e126960	darkness came on suddenly, and you see nothing
e126961	they fled in sudden terror
e126962	sweeping away a third, it flung them to the earth
e126963	God struck him dead there
e126964	he struck two warriors of Moab dead
e126965	it has struck the young men in the market dead
e126966	they will kill all the people with the sword
e126967	they will kill the Egyptians with the sword
e126968	to kill all the people in the land of Egypt
e126969	he slew the chosen men of Israel
e126970	they slew a hundred thousand foot soldiers
e126971	the enemies will slay you
e126972	I will strike down every firstborn
e126973	with swords and spears they will strike down many people
e126974	because God was very angry he meant to strike them down
e126975	he struck down all the organizations, sparing none
e126976	striking down many nations and killing mighty kings
e126977	we struck them down so that none escaped
e126978	I will smite the waves of the sea
e126979	the Israelites cut them down
e126980	the sword will cut you down
e126981	they will cut down all that you take pride in
e126982	he defeated his people with the sword
e126983	he cut them off in a single day
e126984	he smote all the firstborn in the land of Egypt
e126985	to him who smote all the firstborn of Egypt
e126986	to him who struck down all the firstborn of Egypt
e126987	to the slayer of great kings
e126988	they will strike down what you have
e126989	it has cut off the children from the streets
e126990	he struck down the vines and fig trees
e126991	it is because the Lord struck him down
e126992	the sword strikes down everyone
e126993	Jonathan cut them down
e126994	yours the sword will cut down
e126995	they gave it a Japanese name
e126996	there was not yet any real naming of it as church
e126997	name a child
e126998	they gave them their own names
e126999	the farmer sows seed
e127000	let us sow good seed together
e127001	as we sow, so it is surely reaped
e127002	whatever you sow, you are the one who will reap it
e127003	sow seed
e127004	he sows the word
e127005	one person sows
e127006	after he had sown among the wheat
e127007	do not sow among thorns
e127008	he saddled a donkey and looked for his slaves
e127009	saddling his donkey
e127010	Balaam got up and saddled his donkey
e127011	she loaded the gear on the donkey and to her servant
e127012	he sowed weeds among the wheat and went away
e127013	they, planting seed, sowing, reaping grain
e127014	sowing caraway seed and putting in cumin
e127015	you planted seed and with your foot the water
e127016	a sower went out to sow his seed
e127017	giving seed to the sower
e127018	the farmer sows the word
e127019	a farmer went out to sow seed
e127020	the farmer who sows the seed is the Son of Man
e127021	if you sow it, the crop you have sown and your vine
e127022	saddle the donkey for me
e127023	they saddled it
e127024	having saddled the donkey for him, upon it
e127025	the sowers and the reapers will be glad together
e127026	both seed for the sowers of seed
e127027	those who sow seeds of injustice meet trouble
e127028	those who sow little seed will reap little
e127029	will anyone be able to put a cord through its nose
e127030	will you be able to thread a cord through its nose
e127031	do put salt in our dish
e127032	do come in
e127033	do go ahead and compare it
e127034	do let me pray for you
e127035	do look at King Solomon
e127036	go ahead and do as you vowed
e127037	the Lord be with you indeed
e127038	go up and be victorious
e127039	I would surely have given you a belt
e127040	the news that a new quarter will be added to Tedim town
e127041	it came to be called Sakollam quarter
e127042	to the quarter where I live
e127043	David, from the Naioth quarter in Ramah
e127044	until he reached the Naioth quarter in Ramah
e127045	David is in the Naioth quarter in Ramah
e127046	they are in the Naioth neighbourhood of Ramah
e127047	he went to Naioth in Ramah
e127048	with his family and his neighbors
e127049	love of friends and neighbors is love of the nation
e127050	one of my neighbors, sick and long lying in bed
e127051	he calls his friends and neighbors
e127052	go and borrow jars from all your neighbors
e127053	or your rich neighbors
e127054	everyone against his neighbor
e127055	she expected her sweetheart to come and visit her
e127056	he came to visit as many as three times
e127057	saw you and visited you
e127058	to visit Joram son of Ahab
e127059	he has come to visit his people
e127060	when I was in that state you looked after me
e127061	even when I was in prison you did not look after me
e127062	remember me and care for me
e127063	listen, my child keeps crying, is it hungry
e127064	it may be just one person, mind you
e127065	there has been no shooting today, you see
e127066	people are crying out in Horonaim
e127067	listen, a report is being told
e127068	a great commotion is coming
e127069	he waved them before the Lord
e127070	you shall present them as a wave offering
e127071	on the day you wave the sheaf
e127072	Ehud the left-handed son of Gera
e127073	there were seven hundred chosen left-handed men
e127074	the left corner of your sheet
e127075	reach into my left pocket
e127076	unable to step properly on his left foot
e127077	his left hand is under my head
e127078	into his own left hand
e127079	one on his right and one on his left
e127080	the waters were like a wall on the right and on the left side
e127081	they devour those on the left
e127082	to sit at my right and at my left
e127083	to sit at my right and at my left side
e127084	to sit on my right and on my left
e127085	they were on his right and left
e127086	to those on his left
e127087	one on his right, one on his left
e127088	he will put those who are like goats on his left
e127089	grasping one with his left hand
e127090	his right hand on one, his left hand on the other
e127091	before the second time they joined the NA
e127092	they met for the first time
e127093	the Lord spoke to me a second time
e127094	called to Abraham a second time
e127095	this is the third time I am coming
e127096	the Lord appeared to Solomon a second time
e127097	this is the second letter I write
e127098	the first time, the third time
e127099	spoke to Jonah a second time
e127100	the disease covers all the skin of the sufferer
e127101	the priest shall say the affected person is clean
e127102	it will not be kept for a very long time
e127103	he stayed as a foreigner for a long time
e127104	we lived in Egypt a long time
e127105	he stayed a long time
e127106	when he had been there a long time
e127107	O king, live long
e127108	if you want to be skilled, practise it well many times
e127109	the Bible tells us many times
e127110	in my time I failed again and again, many times
e127111	many times he delivered them
e127112	he appeared to them many times
e127113	he would have had to suffer death many times
e127114	I have often been hindered
e127115	he has often fallen
e127116	he sent for him often and talked with him
e127117	he often refreshed me
e127118	he afflicted him with loathsome sores
e127119	those who have this disease can behave like the possessed
e127120	those who have cancer and pregnant women have HERV
e127121	makes those who suffer from drunkenness no longer crave drink
e127122	those who suffer from all kinds of diseases, to him
e127123	sometimes I find myself thinking of it
e127124	sometimes we may also have losses
e127125	sometimes they may ask questions
e127126	sometimes feeling right, sometimes feeling wrong
e127127	sometimes it is like seed fallen along the path
e127128	sometimes the righteous suffer what the wicked deserve
e127129	at times from evening until morning
e127130	he was rescued more times than twice
e127131	whether all of it will grow well
e127132	the houses, all of them altogether, like the place Topheth
e127133	she also does all of the work
e127134	there were four tables in all
e127135	six in all
e127136	just after I had eaten all of it
e127137	all of them were the same size
e127138	I have heard it all
e127139	they are altogether true and right
e127140	altogether there is nothing in him to dislike
e127141	and all the people of us, wood
e127142	all of them, in my sight, the people of Sodom
e127143	they will all be put to shame together
e127144	all of them ran as hard as they could
e127145	all of us still keep our visas
e127146	that I made them all die in battle
e127147	they have altogether become captives
e127148	if a pilot examined the sick, it would not be right at all
e127149	they examined me thoroughly
e127150	he looked over my father's hospital papers carefully for us
e127151	the priest shall examine the disease
e127152	I examined the city wall
e127153	on the seventh day the priest shall examine him
e127154	Moses inspected all the work
e127155	the priest shall go to inspect the house
e127156	he shall inspect it, and if there is a white swelling in the skin
e127157	when I sent them from Kadesh Barnea to look over the land
e127158	the priest shall go outside the camp and look him over
e127159	when the priest examines him and the disease
e127160	when the priest examines the raw flesh
e127161	but when the priest inspects it
e127162	when the priest inspects it and the hair on it is not white
e127163	go around Zion looking it over and count its towers
e127164	on that day he shall examine the disease again
e127165	it will enter and make her suffer bitterly
e127166	you will suffer the famine bitterly
e127167	it is not pleasant at all but very bitter
e127168	it will enter her and cause her to suffer bitterly
e127169	as women in labor suffer severely
e127170	like that pain, it hurts severely
e127171	they will suffer great distress and anguish
e127172	they suffer no severe pain
e127173	it made my stomach sour
e127174	your locks of hair flow in waves
e127175	when the war was over he left the army and began to trade
e127176	after the war was over
e127177	so that it can cease in our country
e127178	when the plague had ceased
e127179	when this uproar had ceased, Paul
e127180	so that the plague on the people may stop
e127181	so that the plague may be stopped from the people
e127182	when the drunkenness of Nabal had subsided
e127183	when the rejoicing subsides, grief appears again
e127184	when her mourning was over
e127185	until the storm of destruction is over
e127186	Herod, when the Passover was over
e127187	do listen to the word
e127188	he will surely give it
e127189	the dispute cannot cease yet
e127190	fighting with the sword will never cease
e127191	the weeping and mourning for Moses ceased
e127192	the plague on Israel stopped
e127193	the winter has passed away and it rains no more
e127194	your troubles will pass away
e127195	oppression and deceit do not depart
e127196	evil will never at any time depart
e127197	the wailing of people in the Second Quarter of the city
e127198	she lived in the Second District in Jerusalem
e127199	to build a public toilet in the Sakollam quarter of Tedim town
e127200	there was trouble in the Little India quarter
e127201	in the Leilum quarter too
e127202	they are in the Naioth quarter in Ramah
e127203	David is in the Naioth neighbourhood of Ramah
e127204	he went to Naioth in Ramah
e127205	when the Second World War was over
e127206	personal ambition having ended, division will lessen
e127207	the feast being over, when they were returning
e127208	however rich and wise your neighbour may be
e127209	will you still follow after your neighbour?
e127210	your neighbour who lives near you
e127211	do not be a witness against your neighbour
e127212	if a man wrongs his neighbour
e127213	I judge between a man and his neighbor
e127214	if a man hates his neighbor
e127215	if your neighbor exposes your fault
e127216	you shall not lie with your neighbor’s wife
e127217	if you take your neighbor’s cloak
e127218	our neighbors too are our friends
e127219	his neighbors went to visit the sick
e127220	love your neighbor as you love yourself
e127221	after deceiving his neighbor
e127222	we are objects of contempt to our neighbors
e127223	one who does not wrong his neighbors
e127224	do not visit your neighbor’s house too often
e127225	the loud groaning of those being killed, along the sea
e127226	the loud groaning of those being killed, along the sea
e127227	being happy is better than being abundantly rich
e127228	even if we have money in heaps
e127229	I long for them abundantly
e127230	your table is abundantly laden with choice food
e127231	heaped up like the dirt of the streets
e127232	they will pile up clothing in heaps
e127233	corpses beyond counting, piled up in heaps
e127234	the wood is piled up high
e127235	he did not answer me at all
e127236	I do not think it is true at all
e127237	there is no need at all to repair or mend it
e127238	no one dared to taste it at all
e127239	not cold at all
e127240	do not swear an oath at all
e127241	it is better not to make a vow at all
e127242	if only he would stretch out his hand and kill me
e127243	young students should hold on hard to education itself
e127244	a male goat came running at great speed
e127245	the sun beat down on Jonah’s head
e127246	set it on the coals and make it glow red-hot
e127247	the meaning can be understood all the same
e127248	gains the benefit all the same
e127249	it can still be had
e127250	it is Burmese all the same
e127251	but one still lives on
e127252	I still see the stain of your guilt
e127253	he will still be as foolish as ever
e127254	he must still pay the money to the girl’s father
e127255	nevertheless they know his wickedness
e127256	nevertheless they were set on going up
e127257	nevertheless they were under the hand of death
e127258	I will bring you down anyway
e127259	I became a byword to them anyway
e127260	he knows it anyway
e127261	I saw that they praised him all the same
e127262	me, from those who even then lie all the same
e127263	bind it around with a band of iron and bronze
e127264	a snake came out and coiled around Paul’s hand
e127265	bind its stump with a band of iron and bronze
e127266	they say scornfully
e127267	they will say to you mockingly
e127268	they even spit in my face
e127269	he has kicked at me with his heel
e127270	when one round of their feasting was finished
e127271	there was a circular band of that height
e127272	the coiling serpent
e127273	seaweed wrapped around my head
e127274	I am the one who wrapped it in darkness
e127275	I am the one who wrapped it round with darkness
e127276	winding ropes around their heads
e127277	wearing sackcloth at our waists and winding ropes on our heads
e127278	twisting thorns they put it on his head
e127279	twisting thorns they put them on Jesus
e127280	he wrapped it well in the cloth he had bought
e127281	remember what they kept crying out
e127282	put to shame those who keep saying it to me
e127283	the incense now smells strongly
e127284	sometimes the fish paste smells strongly
e127285	a flower that smells sweet and strong from among the thorns
e127286	it is richly fragrant like perfume
e127287	when I brandish my sword the kings
e127288	he will fight them with the swing of his arm
e127289	when he swung it about in front of the wild dogs
e127290	swing your arms while you talk on the phone
e127291	Moses had to swing his staff
e127292	when I wield my sword the kings will be afraid
e127293	he swung up the staff and the Nile river
e127294	he will show his arm coming down
e127295	swinging his arm he will fight them
e127296	go and watch whether monkeys are eating the grain in our field
e127297	SAC soldiers who went by car to watch for the enemy
e127298	planting it well and watching over it
e127299	they appoint a man to watch for the enemy
e127300	guard your fortress and watch the road
e127301	the gatekeepers who watched the gates
e127302	they kept watching for the right moment
e127303	he sent men to the house of David to keep watch on him
e127304	a leopard keeps watch on their towns
e127305	set a guard over the door of my lips
e127306	why did you not guard your lord the king
e127307	guard them, keeping watch until you hand them over
e127308	Eli was sitting on his seat by the road, watching
e127309	I am at my place of watch all night
e127310	the elders of Judah worked under the watch of God
e127311	from the hut of watch for the enemy to the fortified city
e127312	they keep this night as a night of vigil
e127313	the work of guard duty was on them and every morning
e127314	the first and second guard posts
e127315	watchman, how is the night
e127316	because the enemies stalked us
e127317	the watchmen from the hills of Ephraim
e127318	when he makes a vow specially set apart
e127319	they have it quite separately
e127320	it is a way of singing that God gave us specially
e127321	they ruled it quite separately, unconnected with the Burmese plains
e127322	when he makes a vow specially set apart
e127323	God, in a special way, by his power
e127324	as soon as the time was up I went straight home
e127325	the next day he went there straight away
e127326	they hurriedly fled on a motorcycle, it is said
e127327	he went home hurriedly
e127328	they are all learned and skilled people
e127329	the others are all men
e127330	there were only dead bodies
e127331	it will be only great terror
e127332	everything I say is only what is true
e127333	they are all nothing but lies
e127334	they are all Levites descended from Zadok
e127335	the rims were full of eyes all over
e127336	all that you say is nothing but falsehood
e127337	everything I say is entirely truth
e127338	the doorposts were entirely square
e127339	his master, to feed pigs, into his field
e127340	the swineherds ran off, and in the town and
e127341	the swineherds ran off to the town and countryside
e127342	the pig keepers also ran off into the town
e127343	one piglet
e127344	the cow and the sheep said to the pig
e127345	when the cow heard the pig's answer
e127346	like a gold ring in the snout of a pig
e127347	after the pig has been washed
e127348	my sow gave birth, nine in all
e127349	the sow, after she is washed, to the mud
e127350	with no pork in the dish
e127351	a kind of curry made with pork
e127352	eating pork, and in their pots
e127353	those who eat pork, unclean things and rats
e127354	when they went into the pigs
e127355	so that we may go into those pigs
e127356	if the pigs were counted there would be about two thousand
e127357	send us into those pigs
e127358	both the man possessed by the demon and the swine
e127359	the demons, that they might enter those swine
e127360	when they entered the swine, the herd
e127361	because the tongue of a bear was badly swollen
e127362	when a lion or a bear came
e127363	from the paw of the lion and the paw of the bear
e127364	everyone is well able to carry that mind
e127365	to keep the inborn mind always
e127366	let us each carry a mature heart
e127367	do not carry money in your belts
e127368	if he does not carry this teaching
e127369	you people who keep my word in your hearts
e127370	they harbored a rebellious heart
e127371	Simon who was also called the Black man
e127372	the sun turned black like sackcloth
e127373	my skin, growing black, peels off
e127374	its feet were like the feet of a bear
e127375	like a bear with a worm-eaten tooth
e127376	the bears wait to catch them
e127377	even if we escape a bear we may still meet a tiger
e127378	those are the bear and the tiger
e127379	he lay in wait for me like a bear
e127380	the cow and the bear will feed together
e127381	unable to make black the white one
e127382	has killed both lions and bears
e127383	the chariot drawn by the black horses
e127384	of all the dark-colored ones in the flock of Laban
e127385	its warmth and its cold are just the same
e127386	because of the coldness of the fingers and toes
e127387	a cool place, a place that gets air
e127388	who can withstand that cold of his
e127389	sitting alone in the coolness of the room
e127390	to cool my tongue
e127391	as the shadow of a cloud cools the heat
e127392	gathering the ashes of the heifer
e127393	beat you
e127394	my son, never beat your wife
e127395	not a man who hits and beats others
e127396	he will beat that servant and put him with the hypocrites
e127397	his master will come and beat that servant
e127398	a man who is apt to strike others
e127399	the fig trees have withered
e127400	when the teacher beat him for having no pencil
e127401	before the man I had hit and his family
e127402	while he was being beaten by the crowd
e127403	though they hit me I am not hurt
e127404	as one punished by God, struck and afflicted
e127405	that there would be no such thing as arrest or beating
e127406	trouble and beating over faith can happen
e127407	they may also suffer beating and striking, arrest and binding
e127408	a severe beating, the inmost part of us
e127409	by the blow of your hand my strength is gone
e127410	remove your scourge from me
e127411	they joined in beating the two of them fiercely
e127412	to see a reed swaying as the wind blows
e127413	to see a reed swayed by the wind
e127414	let a good man strike me
e127415	everywhere you are smells sweetly fragrant
e127416	so that the dust could cover it
e127417	after they broke through the roof above where he was
e127418	after they made an opening in the roof
e127419	he shall pierce his ear with an awl
e127420	they buried him at 10:00 in the evening
e127421	that old man died and was buried
e127422	to bury within 24 hours
e127423	they buried Stephen
e127424	let the dead bury their own dead
e127425	there is no one to bury them
e127426	when the wheat had sprouted and formed heads
e127427	the barley was just coming into ear
e127428	the coffin that was buried together with that RM30,000
e127429	they did not bury him together with the kings of Judah
e127430	bury me with my fathers in the tomb
e127431	also seven good heads of grain growing out
e127432	after the exhortation the burial will be held at the cemetery
e127433	held the burial at the grave
e127434	the burial will be held at
e127435	they saw the place of the burial of his body
e127436	give me land among you for a burial place
e127437	if he does not receive a proper burial
e127438	all the people will help in burying the dead
e127439	seven months will be spent in burying the dead
e127440	there is no more place elsewhere for burying the dead
e127441	first let me bury my father
e127442	not letting those bodies be buried
e127443	let me bury my father, I beg
e127444	he threw its dust on the graves
e127445	I threw its dust into the stream
e127446	he threw that dust into the Kidron stream
e127447	he scattered that powder over the graves
e127448	the buriers of the dead pick it up and bury it in the Valley of the Army of Gog
e127449	the feet of those who buried your husband are at the door
e127450	those who buried Saul are the men of Jabesh Gilead
e127451	you may pluck the ears of grain with your hands
e127452	flowers cannot grow in the snow
e127453	because too much snow fell they could no longer go
e127454	because one has never moved about on snow
e127455	snow fell heavily and cars crashed
e127456	it was white like snow
e127457	it is like snow fallen on Mount Zalmon
e127458	I covered it again with earth
e127459	buried tight by earth, it becomes coal
e127460	will cover us with blessing
e127461	he shall cover it with earth
e127462	cover us
e127463	he covered those sites with human bones
e127464	you shall cover up your excrement
e127465	a landslide buried Luika village
e127466	because the houses they lived in were ruined and buried by mud
e127467	there are some Zomi in distress, overwhelmed by debt
e127468	you have overwhelmed me with all your waves
e127469	sorrow has overwhelmed me
e127470	the gates have collapsed and the earth has buried them
e127471	the Philistines covered them over
e127472	cover over us
e127473	there is still ice and heaps of snow, and snow is falling too
e127474	the Titanic was wrecked because it struck ice
e127475	something thin like frost lay on the ground
e127476	he destroyed their sycamore figs with sleet
e127477	he gives snow like wool
e127478	as the melting snow vanishes in time of drought
e127479	snowfall in the middle of summer
e127480	cold, snowfall and the like will be no more
e127481	when worry and panic overwhelm us
e127482	covers over 2 people on a motorcycle alive
e127483	the new ones keep covering them over
e127484	it surpasses the things I heard
e127485	because the desire for riches chokes the word of God
e127486	rising over our heads up to the heavens
e127487	to be wrapped in the frost at midnight
e127488	he scatters the frost like ashes
e127489	to be covered by the frost at midnight
e127490	from whose womb does the frost of the sky come forth
e127491	the leaves wilted and the grass dried up
e127492	the trees wither more and more
e127493	they each missed home too, and wilted with longing
e127494	the whole world grows weak and withers
e127495	the crown of glory that cannot fade
e127496	an oak whose leaves fade
e127497	we all fade like a leaf
e127498	they will soon wilt like grass
e127499	it wilted completely because it had no root
e127500	he is like a tree whose leaves do not wilt
e127501	how long will the grass wither away
e127502	I wither away like grass
e127503	the trees of Mount Lebanon wither
e127504	it is a wilting flower, his glorious beauty
e127505	because they want to get a crown of honor that can wilt
e127506	because your inheritance languished
e127507	the exalted ones of the earth languish
e127508	he has left me to wither and die
e127509	the vines wither and the wine dries up
e127510	the earth withers and dries up
e127511	those young plants withered and dried up
e127512	the rich man will fade and perish in his pursuits
e127513	the grass fades and the flowers fall
e127514	by evening they wilt and dry up
e127515	the grass wilts and the flower falls
e127516	the two of them wither together
e127517	and so it withered away at once
e127518	like grass they will wither soon
e127519	I let worms eat your crops and made them wither
e127520	do not make your faces look drawn
e127521	heaped up high
e127522	proclaim it, shouting on top of the roof
e127523	it will be shouted out on the roof of the house
e127524	heaping up earth outside its wall
e127525	this virus cannot get through healthy skin
e127526	they say it is also very good for the skin
e127527	it also keeps skin diseases away
e127528	my skin is covered all over with sores
e127529	skinning the animal of the burnt offering
e127530	my skin hangs loose on my bones
e127531	if the sore spreads in his skin
e127532	if a circumcised man is called
e127533	they did not order him to be circumcised
e127534	they want you to be circumcised
e127535	you went to uncircumcised men
e127536	circumcision brings no benefit
e127537	among those of the circumcision
e127538	Moses gave you circumcision
e127539	circumcision has no value
e127540	the gospel that concerns circumcised people
e127541	all the circumcised believers
e127542	because he was afraid of the circumcised
e127543	that they should go to the circumcised
e127544	whom I bought with a hundred Philistine foreskins
e127545	nothing but a hundred Philistine foreskins
e127546	David brought their foreskins
e127547	it cannot hold water
e127548	should not eat duck skin or chicken skins
e127549	about 64% of our skin is water
e127550	with ram skins dyed red and goat skins
e127551	for the tent, with ram skins dyed red and goat leather
e127552	the covering made of ram hides dyed red and of leather
e127553	ram hides dyed red and goat leather
e127554	goat hair, ram hides dyed red, leather
e127555	it changes at once into smoke, embers and ash
e127556	very hot ash is said to be spewing out at the mountain top
e127557	wearing sackcloth and sitting in ashes
e127558	he sat among the ashes
e127559	Tamar put ashes on her head
e127560	the hearts of all the people were deeply pierced
e127561	a word of God that can pierce our heart
e127562	you shall pierce his ear
e127563	it is bitter and pierces your heart
e127564	they were pricked in their hearts
e127565	a disaster that will make the ears of all who hear it tingle
e127566	the man who gathers the ashes of the heifer
e127567	taking ashes of the burned sin offering
e127568	he carried their ashes to Bethel
e127569	the ashes of a burned heifer
e127570	nothing but ash from the Mount Agung volcano
e127571	because of that ash, the planes flying to Lombok town
e127572	your sayings are just like ashes
e127573	a thief breaks into a house
e127574	now I repent deeply in dust and ashes
e127575	I turned you to ashes in the sight of all
e127576	their idols turning to ashes
e127577	he made the meat forks and the firepans
e127578	firepans of pure gold
e127579	all the utensils of the altar, its firepans
e127580	the dishes for incense, and the censers
e127581	they took away the censers and the bowls
e127582	they also took away the censers and the bowls
e127583	pots, shovels, wick trimmers, bowls
e127584	its ashes were poured out from the altar
e127585	taking ashes from the furnace
e127586	he strains the lye
e127587	though you wash yourself with lye and use much cleanser
e127588	he took one and bored a hole in its lid
e127589	because of snowfall more than 100 cars collided
e127590	rain and snow come down from the sky
e127591	the weather very cold, the snow falling very heavily
e127592	the rain and the snow come down
e127593	his clothes were white as snow
e127594	they shall be white as snow
e127595	I will make him the third highest in rank in the kingdom
e127596	he raised him to high rank
e127597	Mordecai was second highest in rank
e127598	there are different offices of service
e127599	let another take his office
e127600	one who desires the office of overseer
e127601	Abraham was a hundred years old
e127602	for a hundred and fifty days
e127603	Sarah lived a hundred and twenty-seven years
e127604	the Tower of the Hundred
e127605	as far as the Tower of the Hundred and on to the Tower of Hananel
e127606	they were Bilhan, Zaavan and Akan
e127607	he received the rank of chief of the Kam Hau
e127608	he also holds the office of acting president
e127609	the chiefs too were paid according to their rank
e127610	according to the commission given to me
e127611	because its trunk is big and its branches spread wide
e127612	it will spread its branches and bear much fruit
e127613	its branches spread out and crossed the sea
e127614	when you spread out your hands
e127615	it is useless to spread the net we have set
e127616	spreading out my hands to my God
e127617	its branches spread and its shade is very big
e127618	its branches spread toward the eagle
e127619	he will cut away the spreading branches
e127620	you spread as far as Jazer
e127621	its branches climb over the wall
e127622	he made a gourd vine grow over him
e127623	that man will suffer loss
e127624	the one who makes the mane of the horse grow
e127625	blowing the bellows, each for its own use
e127626	I hate lies with loathing
e127627	Pharaoh gave Joseph the name Zaphenath-Paneah
e127628	eight hundred days
e127629	eight hundred years
e127630	with his spear he fought eight hundred men
e127631	there were eight hundred thousand warriors
e127632	you shall cut the hamstring of their horses
e127633	he had the hamstring of their horses cut
e127634	they cut the hamstring of oxen
e127635	he cut the leg tendons of all the chariot horses
e127636	he led more than six hundred thousand people
e127637	about 4 villages with more than six hundred houses
e127638	six hundred days
e127639	six hundred years
e127640	six hundred armed men
e127641	the six hundred Danites armed for battle
e127642	the six hundred men who were with him
e127643	all the six hundred Gittites who followed him
e127644	seven times over
e127645	it bore fruit thirty times over
e127646	he must pay for the lamb four times over
e127647	he also planned ahead the amount of money that would be spent
e127648	the number who died because of the use of drones
e127649	what number can arrive
e127650	the amount the bronze weighed could not be known
e127651	they gathered the amount they needed
e127652	do not collect more than the amount ordered for you
e127653	according to the number of years
e127654	according to the number of people there
e127655	the number of those killed in the city of Susa
e127656	he reaped a hundredfold
e127657	it bore fruit a hundredfold
e127658	it will be twice as much as they usually gather
e127659	I will punish you seven times over
e127660	pay back seven times into their laps
e127661	I will pay back four times as much
e127662	because I did not expect the NLD to be so strong
e127663	so many witnesses
e127664	such great wealth has been brought to ruin
e127665	how great a struggle
e127666	he will never be defeated and put to shame
e127667	so that those who hate me may see it and be put to shame
e127668	those who sought my harm have been put to shame and dishonored
e127669	all my enemies will be ashamed and greatly troubled
e127670	you will be ashamed and your faces will redden
e127671	those who forsake you will be ashamed
e127672	may my accusers be disgraced and perish
e127673	all day long I am disgraced
e127674	those who believe in him will never be disgraced
e127675	make them ashamed and let them be utterly put to shame
e127676	let those who say it to me be appalled with shame
e127677	it will be your disgrace
e127678	I brought scorn upon Israel
e127679	do not put me to shame
e127680	do not let the oppressed be put to shame
e127681	do not let those who trust in you be disgraced because of me
e127682	disgrace those who lie without cause
e127683	disgrace the arrogant
e127684	after they had beaten him and treated him shamefully
e127685	there is no one else who will love and care for us as much as mothers
e127686	was buried as grandly as kings
e127687	as much as he loved himself
e127688	Jonathan loved him as much as himself
e127689	you have hurt me as much as you can
e127690	I will make them as many as before
e127691	the Israelites as many as the stars of heaven
e127692	though the Israelites are as many as the sand of the sea
e127693	rich in silver and gold like dust
e127694	I will make your descendants like the dust of the earth
e127695	like sand they cannot be counted
e127696	wisdom is as good as wealth
e127697	are you as strong as I am
e127698	the leaders also mocked him in the same way
e127699	a person who does not mock those who believe God's word
e127700	let us not mock any more
e127701	they mocked me without any respect
e127702	they treated Jesus with contempt and mocked him
e127703	all who see me mock me
e127704	he ridiculed the Jews
e127705	whom he sent to ridicule the living God
e127706	everyone ridicules me
e127707	he rages and scoffs at the wise man
e127708	they will scoff at the ruin of the city and hiss
e127709	do you insult the high priest of God
e127710	they insulted Jesus, speaking against him
e127711	the robbers also insulted him
e127712	so that we do not receive the reproach of the foreigners
e127713	the contempt I received from the hand of Nabal
e127714	mocking him, spitting on him and flogging him
e127715	ridiculing him, they beat him
e127716	how people would look at her with ridicule
e127717	let us rebuild the wall of Jerusalem so that we get no more reproach
e127718	even though he suffers ridicule
e127719	his ridicule of the living God
e127720	which he sent to ridicule the living God
e127721	he will suffer ridicule, abuse and spitting
e127722	so that we do not receive the reproach of other nations
e127723	the reproach of the Ammonites against my people
e127724	so that we no longer receive reproach
e127725	with the very contempt they showed you
e127726	turn their contempt for us back on their own heads
e127727	the contempt I received from the hand of Nabal
e127728	you will use this taunt
e127729	not daring to use a taunting word against the devil
e127730	I will make them suffer contempt and ridicule
e127731	an answer for me to give those who taunt me
e127732	the little child is ashamed
e127733	because you did so, be ashamed and bear your shame
e127734	twice as many workers are needed to bury the bodies
e127735	it becomes about twice as much
e127736	be twice as careful
e127737	mix a double portion for her
e127738	pay her back twice as much as her deeds
e127739	bread enough to fill so many people
e127740	do not mock too much
e127741	one should not ridicule it but respect it
e127742	not scoffing at the customs of our own people
e127743	they mock me until evening
e127744	mock me if you wish
e127745	they laughed at them and mocked them
e127746	you scoff at all the nations
e127747	appalled at the ruin of the city, they will scoff at it and hiss
e127748	they will scoff at you
e127749	all my enemies despise me and ridicule me
e127750	before us all he despises God and jeers at him
e127751	they shook their heads and mocked him
e127752	some of them sneered
e127753	the soldiers also made fun of him
e127754	people more contemptible than slaves
e127755	they mocked God’s messengers
e127756	Elijah, mocking them
e127757	mocking him, they will insult him and spit on him
e127758	those people laughed, scoffing at him
e127759	they laughed at Jesus in mockery
e127760	when those people were laughing at him in scorn
e127761	appalled at the ruin of the city, scoffing at it they will hiss
e127762	he knew he would suffer shame and mockery
e127763	it is important that we never use words of scorn and mockery
e127764	contempt, scorn, mockery and beatings
e127765	with mockery and contempt for us
e127766	they addressed him in mockery
e127767	addressing you with ridicule
e127768	they said this in ridicule
e127769	I have come to suffer contempt and reproach
e127770	how I bear in my heart the taunts of people
e127771	to be able to tell you this
e127772	that he was so ill
e127773	if they praise the Kaaptel road so much
e127774	although he was such a good man
e127775	because you have shed so much blood
e127776	since God loved us so much
e127777	that I should think of you this much
e127778	such opposition from sinners
e127779	because people were foolish to such an extent
e127780	so many words going unanswered
e127781	and the One whom Isaac fears being with me
e127782	Jacob, by the One whom his father Isaac feared
e127783	those who ought to be honored
e127784	if you honor them it will go well with you
e127785	those who are held in respect by people
e127786	those who fear God and do his will
e127787	let them show respect to their masters
e127788	they will respect my son
e127789	there is no one who shows respect to father and mother
e127790	perhaps they will respect him
e127791	you show no special respect to the great
e127792	I honor my Father
e127793	when he saw that he paid him no honor
e127794	they honor me only with their lips
e127795	that he is a great man, a respected man
e127796	sees us as a good and honorable family
e127797	it will always be a glorious and honorable place
e127798	the scoundrel will no longer be called honorable
e127799	he was a good and honorable man
e127800	things that are honorable, things that are right, things that are pure
e127801	that I am poor and not respected
e127802	so that they are respected in their conduct and bearing
e127803	glorious and awesome name
e127804	he is very awesome in his sanctuary
e127805	the great and awesome Lord, among the heavenly beings
e127806	while we are young let us fear God and shun evil
e127807	King Uzziah, revering the Lord
e127808	they will be able to look on us with respect
e127809	fearing God and shunning evil
e127810	they revered me and truly feared me
e127811	the nations will revere the Lord
e127812	all people will revere him and dread his might
e127813	respecting your mother and father
e127814	showing respect to the elderly
e127815	live respecting him for as long as you stay
e127816	the God of Abraham and the Fear of Isaac
e127817	he swore by the Fear of his father Isaac
e127818	those who fear God also respect people
e127819	those who honour mother and father
e127820	he is one of those who love and respect Mung
e127821	the Lord has compassion on those who fear him
e127822	he gives food to those who fear him
e127823	he will bless those who fear the Lord, small and great
e127824	you worshippers of the Lord, praise the Lord
e127825	your worshippers will see me and be glad
e127826	he fulfils the desire of all his worshippers
e127827	teach so that people are able to respect it
e127828	because you show partiality to no one
e127829	he was a man who feared God more
e127830	he does not spare his brother
e127831	doing God's work as much as they could
e127832	they may not be able to love as much as they should love
e127833	they did not succeed to the extent of their work
e127834	just as much as we love you
e127835	strive as much as you can and wait for it
e127836	singing before the Lord with as much strength as they had
e127837	as far as you are able, with everyone
e127838	guard it as far as you are able
e127839	now do it to the extent that you are able
e127840	they celebrated with all their might
e127841	more than enough
e127842	do not say more than you should
e127843	because I have said more than I should
e127844	do not collect beyond what is proper
e127845	he took home as much as he got
e127846	he gets as many friends as he wants
e127847	you have as many gods as you have towns
e127848	for as many animals as you prepare
e127849	water too, not as much as you want
e127850	you may eat as much meat as you want
e127851	take as much as you want
e127852	he shall pay whatever amount is demanded
e127853	it stands at whatever amount you have set
e127854	you shall give whatever amount of salt is wanted
e127855	I ought to do as much as possible
e127856	they distributed as much as the people wanted
e127857	I will take of them as much as I want
e127858	as far as possible we have bought them back
e127859	we sailed along keeping as far as possible close to the island of Crete
e127860	they will eat flesh and drink blood as much as they want
e127861	all the birds, as much as they could eat
e127862	what we call the Tedim region is very wide
e127863	it is 60 feet long and 30 feet wide
e127864	China has a very wide land
e127865	our hearts too are wide open
e127866	four cubits long, four wide and three high
e127867	it shall be twelve cubits broad
e127868	your commandment is boundless and exceedingly broad
e127869	hooks a hand broad were made
e127870	the land is very spacious
e127871	they found a spacious, quiet and pleasant land
e127872	its width, four miles, shall be measured off
e127873	the breadth of the sea shows us an attitude of mind
e127874	he gave breadth of mind like the sand
e127875	its width is 8 yards
e127876	dig it 2 feet in width and 2 feet in depth
e127877	for the school building, its width and its length
e127878	its width fifty cubits
e127879	its width will be ten thousand cubits
e127880	twenty cubits long, the same as the width of the house
e127881	it should be planned with very wide and far-reaching thinking
e127882	you will have a very wide enclosure
e127883	our work is great and covers a very wide area
e127884	so that they may get extensive land
e127885	he will rule a vast realm
e127886	when you broaden my understanding
e127887	you shall make it five cubits long and five cubits wide
e127888	you shall make it likewise seven and a half feet wide
e127889	the fire blazed up, flames flying
e127890	the flames spread flashing across the ground
e127891	at night the rain really came pelting down
e127892	you walked about among the sparkling precious stones
e127893	sparks of fire fly out
e127894	when it sneezes, light flashes out
e127895	as they leap over the mountaintops
e127896	a Zogam wider than the one we usually hear of
e127897	change our structure so that it is broader
e127898	it is wider than the sea
e127899	when she heard this she was very afraid
e127900	if we hear his voice today, let us go to him
e127901	when he heard that
e127902	when Moses heard this
e127903	whoever has ears to hear
e127904	when Pilate heard this
e127905	when they heard this
e127906	I also happened to hear that they give money
e127907	I happened to hear the news I very much wanted to hear
e127908	because he happened to hear the sound of a child crying
e127909	you may happen to hear him cursing you
e127910	in the past one hundred years
e127911	by 1999 it had already been one hundred years
e127912	a good woman is equal to one hundred teachers
e127913	five of you will defeat a hundred
e127914	there were a hundred in all around it
e127915	they took a hundred thousand people alive
e127916	may he add a hundred times as many as there are
e127917	the eleven hundred pieces of silver to his mother
e127918	before a hundred men
e127919	because they had heard of the things he had done
e127920	God has heard your prayer
e127921	answering before having heard the matter
e127922	because I have heard of your faith in the Lord Jesus
e127923	since they will certainly hear of it
e127924	he dethroned him in Jerusalem
e127925	he deposes kings
e127926	when they fall from power
e127927	they will see the downfall of the wicked rulers
e127928	we would like to hear this again another time
e127929	when you have finished reading this book in the hearing of the people
e127930	they read the Book of Moses in the hearing of the people
e127931	the book was read to him
e127932	it is only because you have not happened to hear it
e127933	such things are hardly ever heard
e127934	they happen to hear that I spoke with you
e127935	after he had heard that he was sick, in that place
e127936	when they had finished hearing all he said
e127937	as soon as they hear it Satan comes
e127938	let us speak the very words we want to hear again
e127939	they begged that they might not hear it again
e127940	before you heard any other message
e127941	seeing and hearing influence us especially
e127942	hearing good news makes the heart glad
e127943	through hearing what his daughter said he had a suspicion
e127944	faith comes from hearing the message
e127945	in the hearing of the Hittites
e127946	he will not decide by what his ears hear
e127947	I have heard the news I very much wanted to hear
e127948	say just what people want to hear
e127949	the music you very much like to hear
e127950	teachers who say only what they want to hear
e127951	speak what people want to hear and like to listen to
e127952	though they wanted to hear it, they never heard it
e127953	though they longed to hear it, they did not hear it
e127954	a famine of longing to hear the word of the Lord
e127955	their speech becomes ever more pleasant to hear
e127956	their sweet words are found ever more pleasing
e127957	as soon as Ahab heard the news
e127958	it must be what we have heard and each already know
e127959	even though it is what we have already heard
e127960	just as we have heard
e127961	what my ears have heard and understood
e127962	he testifies to what he has seen and heard
e127963	what you heard from me
e127964	everything he had heard Baruch read
e127965	which you have already heard is coming
e127966	from the things we have already heard
e127967	as we have already heard
e127968	it will be necessary to tell them by phone or letter
e127969	be sure to report it to the UNHCR office
e127970	how am I ever to tell the people of our church
e127971	when they told how the Gentiles had turned
e127972	when they told them how it had happened
e127973	while they were telling of the signs and wonders he had done
e127974	though they reported it to the other disciples
e127975	to proclaim that it is the year of the Lord’s favor
e127976	so that I may make my words known to them
e127977	writing in accord with what was made known to us
e127978	they put out an announcement on their website
e127979	announcement about the UNHCR meeting
e127980	announcement from Tonzang town
e127981	Aaron made an announcement, saying
e127982	an announcement shall be sounded whenever they are to set out
e127983	blow the horn in Gibeah as an announcement of war
e127984	a proclamation was made throughout Jerusalem
e127985	on that same day you shall make a proclamation
e127986	when you sound the notice for setting out
e127987	a letter of report about you
e127988	in what I thus report to you I use no lie
e127989	let us fear the Lord our God
e127990	because I fear God
e127991	now fear the Lord
e127992	you shall revere your God
e127993	they have not humbled themselves nor revered me
e127994	when he learned that he paid him no honor
e127995	they will reverently stand in awe of the God of Israel
e127996	I have made known to you the things I heard
e127997	the things he saw and heard from far away
e127998	the things you hear, though they longed to hear them
e127999	the things you hear and see
e128000	the things you hear, though they wished to hear them
e128001	I have made known to you what I heard
e128002	what we have heard that you did in Capernaum
e128003	though they longed to hear what you hear, they did not hear it
e128004	the report I hear is not good
e128005	God finds it detestable
e128006	it makes it words that people can hear
e128007	God's word that can be read, seen and heard
e128008	I cry aloud so that he may be able to hear me
e128009	so that he may be able to hear what you say
e128010	though you can hear its sound
e128011	to whom shall I speak so that they can hear
e128012	nine hundred days
e128013	nine hundred years
e128014	he had nine hundred iron chariots
e128015	nine hundred and fifty years
e128016	it is one we have heard again and again
e128017	we have heard again and again that working with wisdom is more fruitful
e128018	because I have heard many things about it again and again
e128019	though such women keep hearing the word
e128020	though you hear again and again, you will not understand
e128021	he will not make his voice heard in the streets
e128022	when they hear this their ears will be deafened
e128023	as we have already heard
e128024	the time for making the E-card, which we have already heard of
e128025	it is the message you have already heard
e128026	it is what my ears have heard and understood
e128027	when he spread out that letter and looked at it
e128028	God spreads the sky over empty space
e128029	I spread out the earth with no one helping
e128030	my right hand spread out the heavens
e128031	he spread the tent over the tabernacle
e128032	he spread out the letter
e128033	he will stretch out his wings to attack Moab
e128034	its length was one hundred and fifty feet
e128035	she spread grain over it
e128036	by his skill he stretched out the heavens
e128037	you lay its ridges flat and even and soften it with showers
e128038	I will go before you and level the mountains
e128039	you flatten its ridges and soften it with showers
e128040	when he has made the ground level
e128041	four hundred days
e128042	four hundred years
e128043	four hundred men coming with him
e128044	a high job, a place of high rank, will not be obtained
e128045	the government servant of the highest rank
e128046	the captain of fifty and the man of high rank
e128047	fools are given high position
e128048	it is a time when learning and high rank are held important
e128049	learning, wealth and high rank are readily shown off
e128050	giving honour and high rank to those who accept him
e128051	to bring him down from his high position
e128052	the hawk spreading its wings toward the south
e128053	the cherubim spread their wings above
e128054	spreading their wings they rose from the ground
e128055	they will spread out their nets to dry
e128056	stretching out the sky and founding the earth
e128057	stretching out the heavens like a cloth
e128058	stretching out the heavens, I laid the foundation of the earth
e128059	he and the four hundred men kept up the pursuit
e128060	the four hundred young men who fled on camels
e128061	gather the four hundred prophets of Asherah
e128062	the four hundred pomegranates
e128063	he spreads out the sky above
e128064	Zalmon the Ahohite, Maharai the Netophathite
e128065	like snow fallen on Mount Zalmon
e128066	to him who spread out the earth upon the waters
e128067	he who spreads them out like a tent to live in
e128068	it flashes like lightning
e128069	charging horsemen, flashing swords
e128070	his eyes blazed in flashes like fire
e128071	at the sight of your glittering spear
e128072	the spear and lance are glittering
e128073	they darted back and forth like lightning
e128074	are you able to spread it out as he does
e128075	she reached for the tent peg with her hand
e128076	the Lord reached out his hand to me
e128077	reaching out with his hand he took me
e128078	he will cut away the wide stretching branches
e128079	its branches spread over the wall
e128080	like a spreading vine your branches crossed the sea
e128081	its branches reaching to the sea
e128082	he reached out his hand and caught Peter
e128083	stretching out his hand he took me
e128084	you reached as far as Jazer
e128085	the darkness he called night
e128086	one night the two of them had a dream
e128087	all night long my tears flood my bed
e128088	one night the Lord in a vision
e128089	as you killed the Egyptian yesterday
e128090	my visions of that night
e128091	the helicopter was very badly damaged, utterly crushed
e128092	their house too was completely crushed
e128093	the whole front of the car was crushed
e128094	the city of Jerusalem is utterly broken
e128095	gathering the officials of the city
e128096	the wives of the king and the officials under him
e128097	his palace officials surrendered
e128098	the officers over the tribes
e128099	God has put us in the lowest place
e128100	they do not use the Haka Lai language
e128101	they shall use accurate measures
e128102	they use my name as a curse
e128103	they used them for the Baals
e128104	the curtain was torn from the middle
e128105	going out from the middle of them
e128106	five hundred days
e128107	five hundred years
e128108	one owed five hundred denarii, the other fifty
e128109	five hundred Simeonites went to Mount Seir
e128110	the boat was in the middle of the lake
e128111	the demon threw him down in the middle of them
e128112	he stood among them
e128113	sitting among the teachers
e128114	Jesus came in and stood among them
e128115	after they set her in the midst of the people
e128116	the high priest stood up in the midst of them
e128117	they let him down in the midst of the people before Jesus
e128118	the fish were thrown up onto the riverbank
e128119	iron on his legs and his back
e128120	taking those men up on top of the roof
e128121	on top of that vault
e128122	you have gone up on top of the roofs
e128123	as the king of Israel was walking on the wall
e128124	you shall make a parapet on your roof
e128125	he bound it on my neck
e128126	he was passing by upon the wall
e128127	upon the roof three thousand men and women
e128128	the man who is upon the housetop
e128129	I waste away like a garment
e128130	he saves those who are crushed in spirit
e128131	using various ways she always made me drink
e128132	we chatter away using the language of other peoples
e128133	using all these, different countries can be compared
e128134	they, using their sword
e128135	he taught using only parables
e128136	using a prophet the Lord brought Israel out of Egypt
e128137	by means of your power and your high rank
e128138	Paul, by means of the wisdom God gave
e128139	death upon me by means of a good thing
e128140	with skilful lies he will make agreements with other nations
e128141	with the king of Assyria, a hired razor
e128142	got to spend a precious evening with
e128143	they are said to get to use only the common toilet that was built
e128144	you will not get to use the oil
e128145	he will not get to enjoy all his wealth
e128146	I have treated the name of Christ too lightly
e128147	the fact that it cannot simply be thought of lightly
e128148	do not think lightly of his discipline
e128149	one who treats his name lightly
e128150	you shall not use the name of the Lord your God in vain
e128151	to use Burmese and English together
e128152	it is a building shared with a KBZ mini bank
e128153	at that time we spent a very happy time together
e128154	let him share with the one who teaches him
e128155	we share one baptism only
e128156	they have in common all their pooled possessions
e128157	how much to save and how much to spend
e128158	he spends all he has until it is gone
e128159	he uses up at once whatever he gets
e128160	though she had spent all the money she had
e128161	the roads were reopened and can now be used again, it is said
e128162	it means that one will not use it again
e128163	it can be used again only after 48 years
e128164	do not take up again the bondage
e128165	when the Hebrews reached the valley of Sinai
e128166	such as the Burma plain and the Kalay Kabaw valley
e128167	only the valley of Manipur
e128168	the pride set on the head of the fertile valley
e128169	in various places of the plains of Burma
e128170	in the plain of the Jordan, Sukkoth and Zeredah
e128171	they found a plain in the land of Shinar
e128172	they went before the Lord toward the plains of Jericho
e128173	the inheritances Moses gave out in the plains of Moab
e128174	they kept the Passover in the lowlands of Jericho
e128175	at the town of Hakkefirim in the lowland of Ono
e128176	Ahimaaz ran by the lowland road
e128177	the Negeb and also the Plain
e128178	all who remain on the Philistine plain
e128179	the valley and the plains will be destroyed
e128180	not to use alcohol and tobacco
e128181	we no longer use it even in our homes
e128182	do you think the Almighty does not use what is right
e128183	because they do not use the things of Samaritans
e128184	it does not use that word
e128185	do you think God does not deal justly
e128186	he has squandered it on prostitutes
e128187	they take their property and use it up
e128188	you take all their property and waste it
e128189	the one who makes the mane of the horse grow
e128190	because they want to use them for the Lord
e128191	the user of a fool as a messenger
e128192	can it boast against the one who uses it
e128193	for trading he put it to use immediately
e128194	the town all together gathered at the door
e128195	they lightened the ship
e128196	lighten the yoke put on us
e128197	perhaps he will lighten his punishment on you
e128198	make it lighter for us
e128199	make lighter the burden laid on us
e128200	make lighter the heavy yoke on us
e128201	ease our burden for us
e128202	the YMCA let us use a place to stay without taking money
e128203	letting us use the church
e128204	he does not let his children use it
e128205	let me use my remaining days in comfort
e128206	not letting him enjoy those things
e128207	I will make it a curse for all the nations of the earth
e128208	I will play for you the ten-stringed harp
e128209	the ten-stringed instrument and the harp
e128210	they went out to hunt wild ox
e128211	wild ox and elephant were also once caught
e128212	you have made me strong like a wild ox
e128213	all the beasts of the field feed on it
e128214	for those who use time well, time is quite enough
e128215	for Android phone users
e128216	those who use the right hand
e128217	those who use a bribe think of it as a charm
e128218	he is pleased with those who use accurate scales
e128219	the Lord detests those who use two kinds of weights
e128220	the users of this world as not using it
e128221	shall I acquit the users of false weights
e128222	he overturns the plans of the users of cunning
e128223	nothing but a hundred foreskins of the Philistines
e128224	the cow is an animal that can be used
e128225	I could not use it
e128226	they can use words of honor and praise
e128227	he can use even those who are called fools
e128228	she can use it no longer as she wishes
e128229	if we are able to use it properly
e128230	together they are lighter than a breath
e128231	together they are lighter than a single breath
e128232	they rather use such things as credit cards and debit cards
e128233	which of the two things shall we rather use?
e128234	they use it rather as a time to speak of really important matters
e128235	use it rather to serve one another in love
e128236	there are also times when I lie awake at night on my bed weeping
e128237	discussing the word of God we nearly stayed awake all night
e128238	having drunk coffee by mistake, I nearly stayed awake tonight because of it
e128239	I stay awake at night till dawn
e128240	the other day, talking with friends
e128241	it happened the other day, on Thursday
e128242	the other day he posted a letter from his Facebook page
e128243	the man who came to me the other day
e128244	in California 9561 new cases were added yesterday
e128245	am I stronger today than yesterday
e128246	Christ is yesterday, today and forever
e128247	they said, for two hundred and fifty
e128248	the refugees alone have reached two hundred thousand
e128249	he made two hundred large hammered shields
e128250	two hundred men who were too tired were left behind
e128251	two hundred and fifty thousand sheep
e128252	they were two hundred and fifty men
e128253	the two hundred invited men from Jerusalem
e128254	David came to the two hundred men left at the Besor
e128255	two hundred men stayed with the supplies
e128256	that night we could not sleep at all
e128257	she wept continually by day and at night
e128258	it is very necessary to sleep enough at night
e128259	during the night the son of this woman died
e128260	they got up and left that night
e128261	at night I prayed and stretched out untiring hands
e128262	at Gibeon during the night in a dream
e128263	come during the night with your men
e128264	if you stretch out your hand and strike all he has
e128265	stretch out your hand over the sea and divide it
e128266	he reached out his hand and took it
e128267	he reached out his hand and took the dove
e128268	Israel reached out his right hand
e128269	on the night of the fourteenth day in the Adriatic Sea
e128270	his light does not go out until late at night
e128271	the sound of motorcycles is heard until late at night
e128272	her lamp does not go out until late night
e128273	I would not stretch out even one finger
e128274	the hand he stretched out against him withered
e128275	though we toiled all night
e128276	I am at my post all night
e128277	he called out the mother in the middle of the night
e128278	he did not draw back the hand holding out the spear
e128279	the man also stretched out at once his hand
e128280	he set out with the mother in the dead of night
e128281	I went toward the valley while it was still night
e128282	quickly make stretch out the hands of Ethiopia
e128283	you shall not keep overnight the cloak he pledged
e128284	when they drink coffee they cannot sleep all night
e128285	from Tuesday it rained hard all night
e128286	they work all day and all night, 24 hours
e128287	making love all night long
e128288	wear sackcloth all night in mourning
e128289	when I think of you all night
e128290	though we fished the whole night
e128291	nights of misery are my lot
e128292	so that the ship would become lighter
e128293	I want to hear the aims and the requests
e128294	people rather like to hear what such people say
e128295	who does not want to hear the voice of the people
e128296	because he wanted to hear the word of God
e128297	we want to hear what you really think
e128298	still he liked to hear him speak
e128299	I would like to hear this man speak
e128300	they longed to hear what you hear but did not hear it
e128301	wanting to hear the word of God they crowded Jesus
e128302	its young flapped their wings
e128303	keep flapping your wings
e128304	flapped a wing or opened its mouth
e128305	how fast they can flap them
e128306	it flutters its wings over its young
e128307	he will winnow his threshing floor clean
e128308	it blew away like chaff winnowed in summer
e128309	with the winnowing fork in his hand he winnows his grain
e128310	I will send winnowers to Babylon
e128311	you are the one who hears prayer
e128312	a great house with spacious upper rooms
e128313	he will rule a vast realm
e128314	blowing the bellows, each for its use
e128315	the beating of their wings in the air and the sound of the wheels
e128316	they will winnow that land
e128317	a wind blowing to winnow the chaff
e128318	to clear his threshing floor
e128319	we will ride on swift horses
e128320	those who pursue you will also be swift
e128321	you swift messengers
e128322	they were swifter than eagles
e128323	he makes my feet swift like the feet of a deer
e128324	at the required place, for the horses and swift horses
e128325	the land of Canaan as far as Zarephath
e128326	the nations who have heard of your fame
e128327	seven hundred days
e128328	seven hundred years
e128329	he had seven hundred wives and three hundred concubines
e128330	he took seven hundred swordsmen
e128331	if any of us recognises him, inform us
e128332	I announce to you very great good news for all people
e128333	we will go on informing you of any update there is
e128334	some of Chloe’s household have informed me
e128335	to inform me of the matter
e128336	we inform the king of the matter
e128337	before they happened I announced them to you
e128338	we announce it to you
e128339	they announced that matter
e128340	they proclaimed a fast
e128341	he proclaimed a fast in all the land of Judah
e128342	he proclaimed the good news of the kingdom of God
e128343	the gatekeepers reported the news
e128344	they reported all that they had taught
e128345	they reported to the chief priests all that had happened
e128346	then the lookout reported the matter
e128347	let them hear it and say, It is true
e128348	the pilots tell the police in advance
e128349	because the hospitals too had been told in advance
e128350	telling the Honolulu Airport authorities in advance
e128351	I announced them beforehand to you
e128352	if there is any news worth knowing, it will be reported back to you
e128353	keep reporting back to us in the comments
e128354	if there is anything definite worth an update, it will be reported back to you
e128355	he reported back to him
e128356	report back to me
e128357	do not let us hear the voice of our God again
e128358	let the king send us back his decision
e128359	the lookout, reporting back the matter
e128360	they reported back to us
e128361	woe to the one who smears it with red paint
e128362	those who have heard of his wisdom came
e128363	a thousand times ten hundred people stood
e128364	there was no one who overheard us
e128365	do you think you are listening in on the counsels of God
e128366	the seven notes that the whole world uses
e128367	enough water to use is obtained
e128368	money is something made to be used
e128369	if you do not use it, turn it off
e128370	made of gold for use in the service
e128371	the vessels given to you for use in the house of your God
e128372	that they could use only their own speech
e128373	to be used in the work of the tent of meeting
e128374	money of mine that you could have used
e128375	though you have used many medicines
e128376	it is something that those who hear it can understand well
e128377	the hearers of the law
e128378	it means the hearers of the word of God
e128379	all the hearers of this were greatly afraid
e128380	those who heard this
e128381	to those who heard what I said
e128382	those who hear that voice will live
e128383	our ears can hear it
e128384	a province that can often be heard of in various news
e128385	three hundred days
e128386	three hundred years
e128387	they killed three hundred and sixty men
e128388	the three hundred men who were with him
e128389	lavishly using gold from the purse
e128390	so that I may not have to use it harshly on you
e128391	after he had spent all the money he had
e128392	the use of the letters in sentences
e128393	has very many uses
e128394	there are many uses of water
e128395	the use of time in Tedim and Tonzang
e128396	in the US too, because of the use of smartphones
e128397	the use of the trumpets throughout your generations
e128398	their use of the language of Ashdod
e128399	the way I use my power
e128400	all these things are to perish through using them
e128401	you shall not destroy its fruit trees by using an axe
e128402	the uses of money are to be recorded carefully and kept
e128403	and also the uses of filthy language
e128404	the use of false measures, which I hate
e128405	if we want to use Khuado Hall
e128406	God can use whomever he wants to use
e128407	because I want to use you I made you king
e128408	those who pose as skilled physicians but can heal no one
e128409	Luke, the beloved physician
e128410	he sought the help of skilled physicians
e128411	the healthy do not need a doctor
e128412	she had suffered much at the hands of many doctors
e128413	is there no skilled doctor
e128414	after the doctors had examined him carefully
e128415	the doctors said there was blood in his brain
e128416	though she had paid the physicians all she had
e128417	the strongest, the wisest, the one most used by God
e128418	he was the agent of the king in all matters
e128419	may the Lord make use of the teacher more and more
e128420	may God put him to use widely
e128421	because he put it to use for good
e128422	as good stewards of what God has given
e128423	keep giving them money and gifts for their own use
e128424	food and drink and the things used daily for oneself may become scarce
e128425	with nothing left even to use for oneself
e128426	he kept them for his own use
e128427	it is the very words we use that are heard back
e128428	the cars we use are far too expensive
e128429	the customs we use no longer suit the present time
e128430	they were to rinse in these the things they used
e128431	tools made of iron
e128432	if you strike it with your tools
e128433	concerning the pattern of the tabernacle and its utensils
e128434	because they do not use the things Samaritans use
e128435	the gold he used was gold of Parvaim
e128436	it was opened in 2004 so that the public can use it
e128437	that it can be used is what matters more
e128438	in order to be able to use this Mobile Payment System
e128439	they shall make it ready so that it can be used
e128440	they will be like this belt that can be used no more
e128441	it is no longer usable
e128442	am I not able to use it as I wish
e128443	so that he can use you for good
e128444	it was allowed to exercise authority
e128445	Lia was giving me medicine
e128446	do not take medicine carelessly
e128447	with what medicine should it be treated?
e128448	there is no medicine for your wound
e128449	its leaves will be used as medicine
e128450	it will be like healing medicine for you
e128451	is there no balm in Gilead
e128452	go and get healing balm
e128453	they embalmed him so that he would not decay
e128454	the others put in money from their surplus
e128455	the Japanese way of using time is well worth imitating
e128456	at this time I think over well my way of using the bicycle
e128457	today our use of cell phones and social media calls for care
e128458	this matter is about the usage of words and names
e128459	may it still spread wide like the hiang tree
e128460	its branches spread out
e128461	I made its branches spread out
e128462	they wander off each his own way
e128463	though a sinner does evil a hundred times
e128464	than being beaten a hundred times
e128465	because the fathers’ hands have become too weak
e128466	my eyes grow ever more weak because of my enemies
e128467	strengthen the feeble hands
e128468	he gets hungry and his strength fails
e128469	every hand will go limp
e128470	make their backs bent for good
e128471	the rather more important ones were picked out and written
e128472	they rather more often escape illness
e128473	my strength came back somewhat more
e128474	that your wives are somewhat weaker
e128475	he will be less likely to be caught in the devil’s trap
e128476	the bigger shops in Falam and Hakha
e128477	those among the young who are more clever
e128478	having the priests, those who are more senior, put on sackcloth
e128479	O you, those who are more aged
e128480	but you must rule over that sin
e128481	I know that I will win my case
e128482	do not rejoice that you overcome the spirits
e128483	it was given power to overcome them
e128484	when you have defeated them
e128485	the kings of the land of the people they defeated
e128486	Sihon king of the Amorites, whom he defeated along with them
e128487	after he attacks and overpowers him
e128488	after he has overpowered all his enemies
e128489	to make war on God’s people and conquer them
e128490	just as they conquered the Ammonites
e128491	a sharp sword with which to strike down the nations
e128492	a son with Abraham after he had grown old
e128493	he could not be comforted
e128494	a young brother born to him in his old age
e128495	when they have finished their testimony
e128496	if possible, let us keep visiting Zogam
e128497	if we are able to own and to build
e128498	if possible, even the chosen ones
e128499	there is one thing I am unable to understand
e128500	he healed many diseases that could not be healed
e128501	great thanks that cannot be told
e128502	though I write many laws that one is unable to count
e128503	victory is in our hands
e128504	he values being able to control the body
e128505	will strive to be able to own an office building
e128506	where is your victory
e128507	our faith is the victory over the world
e128508	may we shout for joy over your victory
e128509	you rejoice in your conquest
e128510	the news of the conquest of the whole army of Hadadezer by David
e128511	one alone is thought easy to overcome
e128512	by joining together it can help us through
e128513	who helped us complete such a time happily
e128514	to help complete it among you
e128515	it can help you conquer all your hardships
e128516	there is none but Jesus who can help us conquer
e128517	the mighty God we worship will help us conquer
e128518	if they help conquer that land with you
e128519	because all were conquered by my forefathers
e128520	from all the countries they had conquered in war
e128521	the remaining nations together with the nations I have conquered
e128522	from the treasuries of the kings I had conquered
e128523	the land lay subdued before them
e128524	up to Part 10, which we have completed
e128525	what I have completed of my work
e128526	it was built and finished by him
e128527	I would quickly subdue their enemies
e128528	the God who subdues peoples under me
e128529	to subdue nations before him
e128530	the things finished in his work of making the house of God
e128531	it is not a following by force
e128532	not wanting to go forward with weapons and force
e128533	trouble arose from trying to make teachers dance by force
e128534	he took Paul from among them by force
e128535	they stopped their work by force
e128536	taking him away from us by force
e128537	to carry the cross of Jesus under compulsion
e128538	not by compulsion but of your own will
e128539	they press you by coercion
e128540	this is how they oppress the weak
e128541	who will force us?
e128542	those who force their way seize the kingdom
e128543	they forced him to come along and carry the cross of Jesus
e128544	they want to force their way into that kingdom
e128545	there is no cause for me to oppress you
e128546	those who oppress widows, orphans and foreigners
e128547	because they were not made to work by force
e128548	when we think of it not as willingness but as compulsion
e128549	there can also be such things as oppression of one another at school
e128550	tending them not under compulsion
e128551	make them come in by compulsion
e128552	the love of Christ urges us with compulsion
e128553	do not take from anyone by force
e128554	you have made me a fool by force
e128555	relying on oppression and deceit
e128556	so that one can subdue you
e128557	for your being able to do all things
e128558	those affected will be helped as much as one is able
e128559	as much as we are able to do with money
e128560	as much as the people are able to give will be accepted
e128561	beyond what was fitting for as much as they were able to give
e128562	that no one can prevail against God
e128563	from the hands of those too strong for him
e128564	whether he has the money to be able to finish it
e128565	more senior than Billy Graham and famous earlier
e128566	one post more senior than me
e128567	knows the affairs of people more clearly
e128568	more swift than eagles swooping
e128569	he will give you even more
e128570	it will be better and more glorious than the old one
e128571	one should not fear demons more
e128572	so that we understand this word more
e128573	more sinful than all the others
e128574	he is to be feared more than all other gods
e128575	if it goes more than that
e128576	if it appears deeper than the surface of the wall
e128577	stronger than they
e128578	not for the better
e128579	the one who reads it will be even more happy
e128580	there will be even more benefit
e128581	one even more amazing than that
e128582	how much more does he see through human thoughts
e128583	how much more holy will they be
e128584	how much more should I not destroy you
e128585	how much less will it contain you
e128586	how much less will he be able to deliver you
e128587	so that their faith would be stronger
e128588	I want to say a little more so that it is clearer
e128589	as it was seen more and more that the new religion was better
e128590	because of your being more numerous than other peoples
e128591	his being more loved than all his brothers
e128592	I found the woman being more bitter than death
e128593	what advantage has the wise man
e128594	there is no advantage at all over the animals
e128595	out of preference over the firstborn son of the unloved wife
e128596	I have no greater joy than this
e128597	that he is greater than all gods
e128598	two men carried it on a pole
e128599	you shall make poles of acacia wood
e128600	make poles of acacia wood and overlay them with bronze
e128601	a town with gates and bars
e128602	the middle bar, halfway up the frames
e128603	five bars for the frames of the other side of the tabernacle
e128604	he made crossbars of acacia wood
e128605	you shall make crossbars of acacia wood
e128606	he made the middle crossbar run through to the other end
e128607	a rim a handbreadth wide
e128608	he made a gold molding around the rim
e128609	you shall put it under the ledge of the altar
e128610	for the altar, under its ledge
e128611	up to the lower ledge of the altar it shall be two cubits
e128612	a border a handbreadth wide
e128613	the rings shall be close to the border
e128614	give me some of the mandrakes
e128615	the desert owl and the screech owl perching on the beam at the top
e128616	knowledge is very important, and concern is even more important
e128617	it was even worse than when I went
e128618	there is even more hope for a fool
e128619	he became even more unfaithful to the Lord
e128620	you will be missed even more greatly
e128621	they spoke still more against him
e128622	those who have not seen it are still more fortunate
e128623	how much more will you rebel
e128624	they encourage evildoers all the more
e128625	he keeps company with sinners as a friend
e128626	she welcomed the spies as friends and took them into her house
e128627	he is a friend of tax collectors and sinners
e128628	eyeing my neighbour's wife with desire
e128629	lusting after my neighbour's wife and waiting at his door
e128630	eyeing my neighbour's wife with desire
e128631	lusting after my neighbour's wife and waiting at his door
e128632	do not long for her alluring glance at you
e128633	a rim a handbreadth wide
e128634	the rings shall be close to its frame
e128635	he was an illegitimate son
e128636	you are only an illegitimate son by another woman
e128637	we are not illegitimate
e128638	we Zomi have illegitimate children
e128639	said in another way, he could be called an illegitimate child
e128640	it calls those who are not disciplined illegitimate children
e128641	we are not illegitimate children
e128642	they have had illegitimate children by others
e128643	you are illegitimate children
e128644	take me away and let us run away together
e128645	the ark of the covenant law with its poles and the atonement cover
e128646	he set up its boards and put in its bars
e128647	he put the rods into the rings on the sides of the ark
e128648	to hold the rods for carrying the table
e128649	for him to hold the rods
e128650	he made the Pleiades and Orion
e128651	her sick younger sister has become very weak
e128652	even if we are weak in body
e128653	they grew weaker and weaker in effort for education
e128654	I will feed all whose strength is faint
e128655	encourage the faint of heart
e128656	it has nothing to do with being poor or rich either
e128657	honesty has nothing to do with being poor or rich
e128658	though you have been very poor
e128659	it is better to be poor and honest
e128660	not only helping the poor in their need
e128661	laziness brings poverty
e128662	if, being poor, you cannot afford the things you need
e128663	if a brother becomes poor and sells some of his property
e128664	if he is poor and cannot afford that much
e128665	I am poor and needy
e128666	your brother beside you becoming poor
e128667	your brother who lives beside him becomes poor
e128668	all his life he was always weak
e128669	at the time when we are ill and weak
e128670	though the communist country grew weaker and weaker
e128671	help the weak
e128672	because they are a small people and very weak
e128673	many of you are sick and weak
e128674	how you have saved me whose strength is feeble
e128675	my heart and my body may grow feeble
e128676	between the mighty and the powerless
e128677	doing a kindness to a helpless man
e128678	utterly destitute, suffering persecution
e128679	our body gets weak
e128680	ill health can cause weakness
e128681	should I meet with lifelong infirmity or an untimely death
e128682	infirmity, and fever that ruins people and saps their life
e128683	be it sickness of the crops, be it locusts
e128684	many who had diseases, sicknesses and evil spirits
e128685	be it disease of the crops, be it weakness of the crops
e128686	though he was rich, by his suffering of poverty
e128687	he suffered poverty for your sake
e128688	God has made me weak and afflicted me
e128689	it does not discriminate between the strong and the weak
e128690	use it to help the hungry, the thirsty, the feeble and the weak
e128691	you have not cared for the weak ones among the sheep
e128692	we ought to bear with the failings of those weak in faith
e128693	we must help the weak
e128694	because he is too poor he cannot have electric light in his house
e128695	there is no such thing as a very poor country
e128696	because he is too poor he cannot buy them good skirts and good clothes
e128697	make me neither too rich nor too poor
e128698	if anyone is too poor to pay the amount you set
e128699	or if I am very poor I may steal what belongs to others
e128700	they used to bring ivory, apes and baboons
e128701	they used to bring ivory, monkeys and peacocks
e128702	the poor man had nothing
e128703	you shall not take the side of a poor man
e128704	everyone hates his brother who is a poor man
e128705	you shall not deny justice to a poor person among you
e128706	he took the poor man's lamb
e128707	without helping your poor brother
e128708	some of the poorest people
e128709	he left some of the poorest people of that land
e128710	he left behind some of the poorest of the land
e128711	no one was left except the poorest of the land
e128712	they used to bring monkeys and baboons
e128713	it can easily make us poor
e128714	he wants to make us poor, he wants to make us sick
e128715	it is rather the wish to seem to have that makes us poor
e128716	here, to make us poor
e128717	the Lord, making poor, also makes rich
e128718	the discrimination between the poor and the rich is still too high
e128719	the poor just use small animals
e128720	the possessions of the poor do not keep increasing
e128721	you who ruin the poor people of the land
e128722	he has given his gifts to the poor
e128723	whoever mocks the poor
e128724	your crushing my people and grinding the poor people
e128725	so that the poor people among you may eat
e128726	taking along 3 of her women friends, they secretly followed where he went
e128727	Barnabas, taking John Mark along
e128728	taking men from Paran along with them
e128729	taking his relatives with him, he pursued him for seven days
e128730	when poor, in keeping with poverty
e128731	contentment can be found in wealth and in poverty alike
e128732	because of poverty and want many bad things happen
e128733	a way to move on toward wealth rather than poverty
e128734	poverty comes upon us
e128735	laziness brings poverty
e128736	poverty ruins the poor
e128737	all that you have will come to poverty
e128738	pitifulness, destitution, blindness and nakedness
e128739	destitution and want, like wicked robbers
e128740	I know your poverty
e128741	a greater one
e128742	a good wife is worth far more than jewels
e128743	it will be far greater still than now
e128744	it is far more hopeful than before
e128745	she is worth far more than precious stones
e128746	because my vision has greatly weakened my strength
e128747	therefore do not make your hands weak
e128748	I will make your tongue powerless
e128749	nothing any better comes of their plans
e128750	it will turn out to be for defeat instead
e128751	because there is too much freedom, some misuse it instead
e128752	he rather helped as much as he could
e128753	instead you cheat one another
e128754	he justified himself and blamed God instead
e128755	but you have planted wickedness instead
e128756	a curse will come on me rather
e128757	the wicked rather always escape
e128758	it rather turned into scorn of me
e128759	on the contrary they are of very great use
e128760	on the contrary, it is you who give
e128761	boasting instead of the things that are their shame
e128762	rather, giving gifts to your lovers
e128763	it can feel about its face with its left hand
e128764	thinking it was a mouse, when she felt for it
e128765	made to grope for the way by themselves
e128766	you will grope about at midday
e128767	at noon they grope as in the night
e128768	they will grope about like the blind
e128769	like the blind we feel for the wall
e128770	so that people will feel their way in the darkness
e128771	he felt about for someone to lead him
e128772	he searched through the whole tent
e128773	though you have searched through all my things
e128774	to obey those who are older
e128775	those who are more advanced than others always rise early
e128776	most of the men I have seen
e128777	bringing you into the land of those who are stronger
e128778	the stronger ones were Jacob's
e128779	those who love a son or daughter more
e128780	those younger than I make fun of me
e128781	so that the lame may not be truly disabled
e128782	using water is much easier even than in Tedim and Tonzang
e128783	their breathing is much faster than that of adults
e128784	there is much more in avocado than in banana
e128785	much less shall we escape
e128786	though they groped about for the door they could not find it
e128787	even if they were actually to stand
e128788	the crowd gathered again, so that they could not even eat
e128789	it was so much that they had no chance to eat
e128790	that you want to keep hearing the gospel
e128791	we keep hearing the words and singing the songs
e128792	let us keep listening to one another sincerely
e128793	you keep hearing but never understand, keep seeing but never perceive
e128794	hearing again and again but not understanding
e128795	I have heard such things again and again
e128796	they were Peleth and Zaza
e128797	because you have heard my request
e128798	we have heard many things
e128799	I have heard the groaning of the Israelites
e128800	I have heard your prayer to me
e128801	I have heard Ephraim's weeping
e128802	they captured Oreb and Zeeb
e128803	an expert in the law tested Jesus
e128804	test me and try me
e128805	why are you testing me
e128806	God is tempting me
e128807	they tempted him again and again
e128808	you shall not tempt your God again
e128809	when he has tried me, like gold
e128810	I have set you to try my people
e128811	everyone undergoes temptation
e128812	after he has endured temptation
e128813	to rescue the godly from trials
e128814	the great trials that your eyes saw
e128815	they suffered trial by chains and imprisonment
e128816	let those men first undergo testing
e128817	he asked only as a testing of Philip
e128818	I say this by way of testing
e128819	the great trials, the signs and the wonders
e128820	all the temptations that you meet
e128821	the testing of your faith produces perseverance
e128822	Zebul drove out Gaal and his relatives
e128823	not written in the church's management of the time
e128824	because the handling of the sharing was said to be inadequate
e128825	a full account of your management of my property
e128826	concerning the way we handle this money
e128827	you regard us as stewards of the mysteries of God
e128828	his book spread through the whole world
e128829	all the news about him spread through the whole of Syria
e128830	the perfume filled the whole house
e128831	such a thought often comes
e128832	time to rest quietly must also be given regularly
e128833	their food and drink are regularly sent from the earth
e128834	we often fast
e128835	fasting often
e128836	he spread the news in the Decapolis
e128837	he wants to adorn you
e128838	he adorns, dresses and grooms you in a way that suits you
e128839	with all its beauty it adorns mother Zogam
e128840	he adorned the house, setting it with precious stones
e128841	she painted her eyes and adorned her head
e128842	you decorate the tombs of the righteous
e128843	he took the royal robes and the horse and dressed Mordecai
e128844	he had not dressed his feet nor trimmed his beard
e128845	painting their eyes
e128846	robe him, and
e128847	the Canaanites living in Zephath
e128848	from Zephon came the Zephonite clan
e128849	they think of themselves as defiled
e128850	when you see the abomination that causes desolation appear
e128851	the dreadful defilement in the very place where it should not be
e128852	all of them were ceremonially clean
e128853	it is Jesus of Nazareth
e128854	all the medicines lay spread out before me
e128855	the moon and the stars adorn the sky and make it shine all over
e128856	it was strewn all over with clothing and equipment
e128857	you will fall all over the open field
e128858	they fell slain all over Mount Gilboa
e128859	the radiance of the glory was spread about
e128860	he will cut away the spreading branches
e128861	where a thousand shields hang all about
e128862	I believe a little care will be needed
e128863	it seems to need a little following up
e128864	it may need a little thought
e128865	after a little more than a year
e128866	a little later they measured again
e128867	to be a little way out from the land
e128868	do not detain me any longer
e128869	because you were skilful in managing a little
e128870	I will put you in charge of much
e128871	let us keep on continuing, slowly
e128872	again and again they can fail to resist the deception of Satan
e128873	they also planted saplings and followed up repeatedly
e128874	fools repeatedly go back to their usual folly
e128875	the Lord repeatedly spoke with Moses
e128876	they repeatedly did evil in your sight
e128877	as he habitually went, Paul
e128878	he habitually went back to Ramah
e128879	that man habitually sleeps and rises
e128880	they flow down again
e128881	he warned him time and again
e128882	the tenants again did as before
e128883	he cut it at the end of every year
e128884	his fame spread over every land
e128885	it spread even as far as the border of Egypt
e128886	his fame spread far away
e128887	your praise also spreads
e128888	as your name reaches to the ends of the earth
e128889	they went shouting all over every part of the village
e128890	when that news spread throughout, to the ends of the earth
e128891	it became known throughout the whole land
e128892	they spread the news all over that region
e128893	as time went on and on, their work for God kept succeeding
e128894	growing more and more, they were now able to run about outside
e128895	rescuing them again and again from death
e128896	going to Paul again and again
e128897	he was asking questions again and again
e128898	the waters repeatedly returning to the spring
e128899	it at once spread quickly through all of it
e128900	every evening they come back again
e128901	coming back again and again they snarl like dogs
e128902	repeatedly rebelling against him in the wilderness
e128903	because of the frequent occurrence of your illnesses
e128904	the many times you have cursed others
e128905	we are all those who often go wrong
e128906	because we are divided in a disorderly way in matters of religion
e128907	countries and peoples that live in disorder without agreeing
e128908	rather than reading many books in a confused way without really understanding
e128909	he called us to be disorderly
e128910	decorate your whole bedroom as you like
e128911	it is decorated with various electric lights
e128912	God wants to adorn you
e128913	you decorate the tombstones beautifully
e128914	she painted her eyes and decorated her head
e128915	one who decorated the fine woven cloths
e128916	they adorn it with silver and gold
e128917	they adorned it with ivory
e128918	he adorned his house by setting precious stones in it
e128919	clothe your priests with salvation
e128920	adorning you with fine embroidered cloth
e128921	dressing him in very fine clothes
e128922	though you enlarge your eyes with paint
e128923	painting their eyes
e128924	robe him and
e128925	all of them are really officers
e128926	it really is God's love for us
e128927	the rich really did read books
e128928	you have really come to trust lies
e128929	will it really all have been for nothing
e128930	you have even taught them your ways
e128931	to seek food even at the risk of life
e128932	you are just like a wild donkey in heat
e128933	they have gone so far as to rebel
e128934	this disease is not at all a punishment for sin
e128935	if by chance they do not allow it
e128936	if you should really lose heart
e128937	it will not be so at all
e128938	it is not so at all
e128939	we are not better at all
e128940	is he really a slave by birth
e128941	do you really think yourself better
e128942	you have really brought these men here
e128943	a priest by chance passed that way
e128944	if you by chance come upon it
e128945	if by chance he goes missing
e128946	if that had not been so
e128947	we shall certainly not say that
e128948	adorn them with the best clothes
e128949	after being adorned and made up like the women of today
e128950	you used them to decorate your places of worship
e128951	silver made and adorned by human craftsmen
e128952	so that they may adorn the teaching in everything
e128953	to do the work of ornamenting wood
e128954	they sit folding their hands without working
e128955	though she uses no costly ornaments my mother is still beautiful
e128956	the ornament of the voice may be as each one is skilled
e128957	in the decoration of house and field, the raising of children and the like
e128958	they were placed in stones with a setting of gold
e128959	two pieces of setting made of gold
e128960	you shall enclose them in a setting of gold
e128961	a decoration of palm trees was also made
e128962	you shall join the two ends of the cords to the settings
e128963	they shall be mounted in gold settings
e128964	because of folding the hands without working
e128965	the ornaments of their tops and their bands
e128966	the overlay of their tops was also silver
e128967	overlaying the tops of the posts
e128968	Ziddim, Zer, Hammath, Rakkath, Kinnereth
e128969	Zereth Shahar on the hill in that valley
e128970	why are our legs quite long
e128971	their legs were quite straight
e128972	painted very red
e128973	the way to cook and the way to eat
e128974	the way to get many friends
e128975	the way of being governed by democracy
e128976	I have told you the way you should act
e128977	according to every person’s way of life and deeds
e128978	is my way really not right
e128979	go and look at their manner of life
e128980	only show them the manner in which the king will act
e128981	this is the manner of the release
e128982	when you see their wicked conduct
e128983	you see all the conduct of people
e128984	though he knows how to conduct his life
e128985	Jorai, Jakan, Zia and Eber
e128986	they gave freely to the Lord
e128987	though some people spend money liberally
e128988	he rolled up his sleeves and worked eagerly
e128989	the villagers will roll them up again properly
e128990	roll up your bundles
e128991	he rolled up the scroll
e128992	you will roll them up like a garment
e128993	he took off his cloak and rolled it up
e128994	it vanished like a scroll being rolled up
e128995	so that he may teach us his ways
e128996	looking in at the window
e128997	I have rolled away your disgrace
e128998	pack up your bundles for that time
e128999	we will quickly swallow up those people
e129000	roll up the sleeve of your garment and
e129001	so as to shine flashing like lightning
e129002	it is made to shine glittering like lightning
e129003	able to go in and out freely
e129004	they went back and forth just as they pleased
e129005	they ride motorcycles about in the dark
e129006	you could go about freely wherever you wished
e129007	whether to go by the right side or the left
e129008	the people behind, in front, on the right and on the left
e129009	two robbers were hung on the right and the left of our Lord
e129010	I see him standing at the right hand of God
e129011	slash to your right and to your left
e129012	he will sit at the right hand of the power of God
e129013	weapons of righteousness in the right hand and the left
e129014	throw the net on the right side of the boat
e129015	he is seated at the right side of the throne
e129016	sit at my right side
e129017	eating and drinking and ways of behaving also change
e129018	our faith and our ways of walking should be tested by the Bible
e129019	our ways of relating with people are not yet mature
e129020	they will sing of the ways he works
e129021	I have kept from the ways of the violent
e129022	my manners of life and the various churches
e129023	I explain it by the manners of daily life
e129024	consider the manners of their life and death
e129025	according to their conduct
e129026	one on his right side and one on his left
e129027	sitting at the right hand of power
e129028	taking him by the right hand
e129029	two criminals with Jesus, one on the right side
e129030	one on the left and one on the right hand, on crosses
e129031	to those who are on the right of him
e129032	it would simply be said so
e129033	the one who is to get it can easily take it
e129034	it at once became a strength for the Karen
e129035	I swiftly took the wealth of the peoples
e129036	he easily snapped the ropes like threads
e129037	he snapped the bowstrings at once
e129038	because Jesus had slipped away
e129039	in the USA water can readily be turned on whenever one wants
e129040	our brain can easily forget things
e129041	an armed group is not something that can be founded lightly
e129042	a rich man who can readily bring out whatever he pleases
e129043	do you change your mind so lightly
e129044	within one year they sprang up all about
e129045	though there are many peoples all about
e129046	the whole village rang with a rattling din
e129047	corpses will lie all about
e129048	they are like the crackling of a fire
e129049	I saw all the idols drawn all over
e129050	it shone with the glory of God
e129051	the splendour of his greatness for many days
e129052	the rattling chariots
e129053	Jobab, Zibia, Mesha, Malkam
e129054	who sleeps with his father’s other wife
e129055	he shall not marry his father’s other wives
e129056	the Ziphites came to Saul at Gibeah
e129057	they at once planned to build it up by themselves
e129058	I will have a road built up
e129059	in Japan the earth quaked violently
e129060	because of the earthquake at Amatrice about 300 people
e129061	there will be an earthquake
e129062	when they saw the earthquake
e129063	let there be a great earthquake in the land of Israel
e129064	there was an earth tremor and a very great panic arose
e129065	it was very loud, as loud as an earth tremor
e129066	therefore the earth will quake
e129067	the earth shook and the rocks split
e129068	they sat in darkness and in deep darkness
e129069	he brought them out of darkness and deepest gloom
e129070	a day when it is dark and black
e129071	he made it dark with thick clouds and water
e129072	she gets up early at daybreak
e129073	after the earthquake there was a fire
e129074	after the wind there was an earthquake
e129075	the Lord was not in the earthquake
e129076	build up, build up, prepare the road
e129077	build up, build up the highway
e129078	the mother and father separated, and the father took a wife again
e129079	they asked for my mother to be his wife again
e129080	those he had by his wife Hodesh
e129081	build up the highway and clear away the stones
e129082	I will build up a road
e129083	immorality with those who have a spouse
e129084	they will be joined by marriage
e129085	there was a band around its neck
e129086	suddenly there was a violent earthquake
e129087	there was a great earthquake
e129088	suddenly there was a violent earthquake
e129089	he travelled on a horse
e129090	he travelled around to various countries
e129091	when you too travel to Zogam
e129092	the people travelled to Hazeroth
e129093	he travelled throughout the land of Egypt
e129094	so that we might travel safely
e129095	he journeyed towards Jerusalem
e129096	wherever I may journey elsewhere
e129097	Jesus went about in Galilee
e129098	a time of ruin, when clouds of distress will be overcast
e129099	from the Desert of Zin along the side of Edom
e129100	he had very many guests and could not entertain them
e129101	we Zomi are people who take great pains to receive guests
e129102	she is a woman very good at showing hospitality
e129103	the villages I visited were very good at showing hospitality
e129104	Hezekiah showed hospitality to them
e129105	be eager to show hospitality
e129106	one who is able to show hospitality
e129107	without knowing that they were entertaining angels
e129108	hospitable, able to teach
e129109	it is also a hosting with a shared meal
e129110	it is the receiving of our mothers and fathers as guests
e129111	receiving them as guests
e129112	do not compare your mother's hospitality with anyone's
e129113	Russia and Kazakhstan held the reception as hosts
e129114	it is used very much for hospitality and as a refreshment
e129115	when he remembers your reception of him
e129116	because I was about to marry in 2018
e129117	he must go home to take a wife
e129118	those who have not yet taken a wife or a husband
e129119	there will be no marrying or being given in marriage
e129120	the bride is only for the young man who is to marry
e129121	the voices of newly married men and newly married women
e129122	the bridegroom and the bride
e129123	to meet the bridegroom
e129124	he called the bridegroom
e129125	what we call taking a wife or a husband
e129126	I congratulate you on your taking a wife
e129127	the story of how I took a wife
e129128	married when young
e129129	the time for the Lamb to take a wife has come
e129130	those invited to the wedding feast of the Lamb
e129131	the time will come when the bridegroom is taken away
e129132	because the bridegroom was a long time in coming
e129133	while the bridegroom and the guests are together at the wedding
e129134	but for married men to separate
e129135	slept with King Saul's concubine
e129136	is said to have two chief wives and one concubine
e129137	sixty queens and eighty royal concubines
e129138	the concubine Maakah bore Sheber and Tirhanah
e129139	he left ten concubines to look after the house
e129140	he slept with his father’s concubines
e129141	he took more concubines and wives in Jerusalem
e129142	more than all his other wives and his concubines
e129143	the sky was quite dark
e129144	let it be overcast with cloud on that day
e129145	it will grow dark over the city
e129146	all your land will be dark
e129147	he brought them out of the darkness and the dark gloom
e129148	let a cloud dwell on that day
e129149	it cut off the children in the streets
e129150	the next day he went there at once
e129151	if you want to take a break from your work tomorrow
e129152	the next day we went together to the Directorate of Health
e129153	what will happen tomorrow
e129154	speak to the king tomorrow
e129155	the next day we arrived off the island of Chios
e129156	the next morning, just as the Lord had commanded me
e129157	in the city it will grow utterly dark
e129158	is your life dark as night, and do you feel unlucky
e129159	a day when it is dark and gloomy
e129160	he darkened the land
e129161	he made it dark with thick clouds and water
e129162	is like a landowner who went out in the morning
e129163	from morning until evening
e129164	the morning mist
e129165	this morning I happened to think to myself
e129166	they planned to set out in the morning
e129167	in the morning they had already left around 6am to sell nasi lemak
e129168	you shall offer one lamb in the morning
e129169	in the morning it sprouts and grows new
e129170	in the morning Balaam got up and saddled his donkey
e129171	Joshua got up early in the morning
e129172	I will also give them the morning star
e129173	until the morning star rises and the day dawns
e129174	I am the root and offspring of David, the morning star
e129175	I am the bright Morning Star
e129176	you son of the dawn, Morning Star, O king of Babylon
e129177	the Morning Star rising in your hearts
e129178	those who get up early and look for work to do
e129179	to get up early and cook
e129180	a person who gets up in the morning without joy or a smile
e129181	she gets up early at first light
e129182	some of them went to the tomb early in the morning
e129183	they went out early in the morning at the descent toward the Arabah
e129184	when they got up early the next morning
e129185	at dawn on the first day of the week the women
e129186	early, before it was light, Mary Magdalene went to the tomb
e129187	after he rose early in the morning
e129188	travelling inside and outside the country, they have no time to rest
e129189	travelling to more than 54 countries
e129190	travelling to Malaysia, he took a wife
e129191	Paul decided to travel through Achaia and go on to Jerusalem
e129192	Paul came journeying to the city of Ephesus
e129193	we stayed as his guests
e129194	he lived as a stranger in the land of Midian
e129195	he left the house and went away on a journey to a far country
e129196	they set out one after another to other places and countries to earn money
e129197	they set out with 11 students and 2 teachers
e129198	after entrusting it to them he went away on his journey
e129199	the man who has left home and gone far away
e129200	you shall never travel that way again
e129201	one who is good at welcoming guests
e129202	cheerfully offer hospitality to one another
e129203	thunder, earthquake and great noise
e129204	there came flashes of lightning and earthquakes
e129205	there came thunder, earthquakes and heavy hail
e129206	when the earthquake first began only about 300 people died
e129207	the experts who know when an earthquake will come
e129208	two years before the earthquake
e129209	a very severe earthquake took place
e129210	the earthquake damaged many things and 4 people died
e129211	in Indonesia the dead from the earthquake have reached 321
e129212	Hualien City, where this earthquake happened
e129213	after the earthquake there was a fire
e129214	thunder, earthquake and great noise
e129215	that earthquake killed seven thousand people
e129216	it was as loud as an earthquake
e129217	there has never yet been such a quake
e129218	but the Lord was not in the quake
e129219	about 24 people were also injured by the earthquake
e129220	what we call a tsunami is also caused by an earthquake under the sea
e129221	photos and videos about the earthquake
e129222	when the soldiers saw the earthquake and what had happened
e129223	it will be as when it was blocked by the earthquake in the time of Uzziah
e129224	some things I found and thought important on my journey this time
e129225	take care when riding a plane, train or bus on a journey
e129226	is the journey of the Pope here a cause for anger or for joy
e129227	they are worn out by the very long journey
e129228	everywhere I travelled, as far as Illyricum
e129229	here is the concubine of the guest
e129230	any of my friends who travel down or travel up
e129231	took trouble for us in our travels down and up
e129232	there was no peace as they travelled down and up
e129233	the guests stayed for many days
e129234	cooked food for the guests morning and evening
e129235	my guests who used to come to my house
e129236	she got up and served the guests
e129237	her fever left her and she served the guests
e129238	the potter’s field for burying strangers
e129239	whether to the brothers or to strangers
e129240	the strangers who had arrived in Athens
e129241	visitors who had come from Rome
e129242	there was no peace in their going down and going up
e129243	because there was no arrangement made beforehand for lodging
e129244	there are 4 hotels and guest houses where one can lodge
e129245	many luxury resorts to stay at
e129246	every other place to lodge was full of people
e129247	he took him to a lodging house and cared for him there
e129248	in the morning, to the owner of the lodging house
e129249	where is the room for me to stay as a guest
e129250	after giving them to the innkeeper
e129251	the next morning he came to my lodging
e129252	places of stay in Yangon will be arranged for you
e129253	they arrived at the house of my lodging
e129254	at the place of Paul’s lodging
e129255	stay on in the house of your lodging
e129256	my host
e129257	do not keep changing the house where you stay
e129258	because the president is travelling away from home
e129259	for how many more years will he still be able to travel about
e129260	because I have travelled about as an evangelist before
e129261	those who had travelled about together with him
e129262	in my travels, danger from rivers
e129263	may all who hate Zion be turned back in shame
e129264	the time of the wedding of the Lamb has come
e129265	as a bridegroom rejoices over his bride
e129266	her rival wife, who envied her, sorely
e129267	but a prudent wife, only the Lord
e129268	those invited to the wedding feast of the Lamb
e129269	the bridegroom has come
e129270	to meet the bridegroom
e129271	you are a bridegroom of blood
e129272	the bridegroom arrived
e129273	Balak son of Zippor saw
e129274	wise husbands follow the word of their wives closely
e129275	the more we talk with our wives
e129276	love your wives
e129277	Esau took his wives, his sons and his daughters
e129278	give me my wives and my children
e129279	your sons and your sons’ wives, out of the ark
e129280	they will come up by the ascent of Ziz
e129281	first: the Khuado festival of Zo custom
e129282	their great leader himself also overcame death
e129283	the strong warriors do not always win the battle
e129284	I have won against my sister
e129285	a hundred of you will defeat ten thousand
e129286	who defeated the Midianites in the land of Moab
e129287	he defeated the Moabites
e129288	they have not yet overcome me
e129289	who is it that overcomes the world
e129290	they gain knowledge by a mere rebuke
e129291	he gains all that he desires
e129292	it has gained ten pounds in profit
e129293	he will crush kings
e129294	with your strength you crushed your enemies
e129295	the enemy has persecuted me and crushed me
e129296	because he attacked them violently and overpowered them
e129297	the trouble of my heart has overpowered me
e129298	it made war on the people of God and overpowered them
e129299	they will subdue Edom and Moab
e129300	he subdued the whole land of Goshen as far as Gibeon
e129301	he will destroy them and subdue them
e129302	you overpower a person and drive him away
e129303	will attack those witnesses, overpower and kill them
e129304	it will crush all other kingdoms and stand forever
e129305	crushing them, he destroys them
e129306	defeating all their enemies completely and destroying them
e129307	I will let the people of the East conquer them
e129308	it can bear the cold but cannot bear the heat
e129309	Kam Hau's people triumphed and went home
e129310	Moses was able to look at it and lived
e129311	if I overcome him and kill him
e129312	the beast will fight them, overcome them and kill them
e129313	I may overcome them and drive them out of this land
e129314	the Philistines defeated the Israelites
e129315	Jehoash defeated him three times
e129316	he also, conquering
e129317	mercy triumphs over judgment
e129318	and by their testimony they triumphed over him
e129319	it is because you have overcome the evil one
e129320	you have overcome such false prophets
e129321	because you have overcome the evil one
e129322	holding fast to the faith, I have finished
e129323	foreigners will not conquer it again
e129324	but his friends kept on coaxing him
e129325	he persuaded him to work for God
e129326	she enticed him every day with deceit
e129327	he tried to persuade Jews and Greeks
e129328	he has persuaded many people throughout all Asia
e129329	when sinful men entice you
e129330	violent people entice their neighbors
e129331	I will entice him
e129332	coax your husband
e129333	his father went out and coaxed him
e129334	the government itself must take the lead in encouraging and persuading
e129335	though they pleaded with him, they could not persuade him
e129336	the police pleaded with that gunman, it is said
e129337	plead with your mother
e129338	persuading, he taught without fear
e129339	she entices and deceives the nations
e129340	seducing a girl and sleeping with her
e129341	he seduces other men's wives and sleeps with them
e129342	men who speak lies to draw away the disciples
e129343	he will never entice you to turn aside
e129344	the time when they deceive the believers and draw them away
e129345	speaking to her with words of love I will win her back
e129346	Joseph refused his mistress's enticement and fled
e129347	she wants to hear your sweet words of persuasion
e129348	he first gave these temptations to sin
e129349	do not follow their enticement
e129350	do not heed the enticement of such women
e129351	the young man yielded to that enticement
e129352	when he would not accept our persuasion
e129353	you, with a few words of persuasion, me
e129354	when he suffers temptation
e129355	the meaning cannot come out
e129356	he cannot have electric light in his house
e129357	land and nation cannot be built up
e129358	he makes clear the things that cannot be known
e129359	a man who cannot control himself and of bad conduct
e129360	those who claim to be physicians but are unable to heal anyone
e129361	the one who cannot control his own spirit
e129362	oil to make his face shine
e129363	he will heed the persuasion of the people
e129364	supposing you defeat utterly the whole army of Babylon
e129365	we try hard to persuade people
e129366	by persuasion rulers can be won over
e129367	going on with any one
e129368	Nimitz went on speaking
e129369	we will go on with the rest of the journey
e129370	let us carry on slowly
e129371	Elihu continued his speech
e129372	to continue his journey
e129373	he cannot go on sinning
e129374	Israel went on with his journey
e129375	he went on speaking these words
e129376	shall carry on the name of her husband’s dead brother
e129377	I have no son to carry on my name
e129378	they carried on doing as they had done
e129379	they joined the two ends of the cords
e129380	they attached them to its two corners
e129381	you shall attach them in this way at the front
e129382	you shall fasten the two ends of the cords to the settings
e129383	on the woman's side he is the one next after the sungpi
e129384	who is there next after that
e129385	next after that, when I looked up
e129386	and next to him Abinadab
e129387	Elkanah, who held authority next to the king
e129388	he was born next after Absalom
e129389	as the official second to him
e129390	fifty loops on the edge of the second curtain
e129391	mother and father are important, and after them the elder ones are important
e129392	next to Hong Kong is China
e129393	next after it they went on to hold the giving of certificates to the Idols
e129394	next to him the priests from around Jerusalem
e129395	next to them the ruler of a half-district of Jerusalem
e129396	next to it the tribe of Asher
e129397	after them Zaccur son of Imri worked
e129398	after him was Jehozabad
e129399	after him Baruch son of Zabbai
e129400	let us crush them completely, all of them
e129401	the teacher, continuing his speech
e129402	following on that, many white missionaries too headed for Africa
e129403	joining on to what I have said, one thing I once heard
e129404	the one who builds, joining on to that foundation
e129405	joining on the side rooms against the whole house
e129406	if you feed, joining on to the sap of the olive root
e129407	continuing in their good conduct
e129408	others are building, adding to it
e129409	because we share in that one loaf and eat
e129410	they become people who share together in the promise
e129411	Elihu continued his speech
e129412	he continued speaking to all the Israelites
e129413	but Jesus continued speaking
e129414	Jesus went on speaking
e129415	to go on building the temple
e129416	Israel went on with his journey
e129417	he kept up his efforts to kill them
e129418	the continuing of their work was not stopped
e129419	the next man after him was the son of Dodo the Ahohite
e129420	next to him was Eleazar son of Dodo the Ahohite
e129421	just let him continue his hard life
e129422	continue in your good conduct
e129423	the people still carried on with the CDM
e129424	but they could not keep on for long
e129425	continue in your love for one another
e129426	he kept on teaching until midnight
e129427	carry through what you began until it is finished
e129428	the work can still be carried on to this day
e129429	I could not continue my writing
e129430	the man who will not carry on his brother's family
e129431	go on then and continue the task of our forefathers
e129432	the work has begun and is just going on being done
e129433	because Paul went on and on speaking
e129434	just let his very hard life go on
e129435	when he looked for work in that place
e129436	we need to seek knowledge
e129437	those are what you should seek
e129438	he did not set his heart on seeking the Lord
e129439	so that they may seek your name
e129440	when they again sought to seize the Lord
e129441	there is a time to search and a time to give up
e129442	as one searches for hidden treasure
e129443	when you search for me with all your heart
e129444	though I looked for him, he could not be found
e129445	though they looked for evidence
e129446	though you look for me you will not find me
e129447	many weapons were captured in addition
e129448	some heavy and small guns were captured in addition
e129449	and in addition seven pairs of the birds of the air
e129450	in addition many animals went with them
e129451	in addition they made two frames
e129452	that hilltop is called Mual Veng too
e129453	there may be deaths too
e129454	finally the woman died too
e129455	you Cushites too
e129456	he put him to death too
e129457	Pharaoh's household heard it too
e129458	Stephen Schneck and others gave speeches as well
e129459	our side fought hard as well
e129460	Lot had flocks, herds and tents as well
e129461	Jethro went back to his own land as well
e129462	Jacob went on his way as well
e129463	Noah as well did all that the Lord commanded
e129464	I looked for my beloved
e129465	they went back to Jerusalem and looked for him
e129466	everyone is looking for you
e129467	they will seek me
e129468	search diligently for wisdom
e129469	it is like a merchant searching for precious stones
e129470	search for the Lord while he may be found
e129471	my husband went out to look for work
e129472	because knowledge is something to seek and learn
e129473	they seek only their own comfort and no longer care for those around them
e129474	we sought peace but no peace came
e129475	search them out from everywhere and care for them well
e129476	when they heard a baby crying they searched it out
e129477	they at once searched out who was dead or injured
e129478	I will surely track him down
e129479	seek that very road again carefully
e129480	do not look for a wife again
e129481	the seeker of wisdom
e129482	he is one who seeks trouble for himself
e129483	he is one who seeks harm
e129484	the searcher of the heart, the mind of the Holy Spirit
e129485	the Karon police began to look for it at once
e129486	they at once looked for illness in the baby
e129487	the search team too began at once to search hard
e129488	he at once began to look for a good opportunity
e129489	seeking his brother Simon at once, to him
e129490	I would hurry to seek shelter
e129491	she had a woman servant searched for to nurse the child
e129492	do not have them seek money first
e129493	they have the bridegroom search for her
e129494	Herod ordered a search for him
e129495	have beautiful young women searched for
e129496	have them search for your master
e129497	have a search made in the archives
e129498	have them bring a charge against him
e129499	if you first begin from the start you will get used to it
e129500	what people are most given to is looking at the smartphone
e129501	it is an activity one very easily becomes given to
e129502	you who are accustomed to doing evil
e129503	by using their senses they have become used to it
e129504	he does not make a habit of sin
e129505	it is used to tell of any habit and of anything done at regular times
e129506	some habit that goes on and on
e129507	one may pick up a bad habit
e129508	a habit comes from practising and doing again and again
e129509	merely of a habit that can bring about ruin
e129510	they forage for their food
e129511	those who seek him find him
e129512	those who seek money think money is what matters
e129513	seekers of knowledge and the educated think knowledge matters most
e129514	because you have not forsaken those who seek you
e129515	those who seek to kill me
e129516	those who seek him will praise the Lord
e129517	you who pursue righteousness, you seekers of the Lord
e129518	the seekers lack no good thing
e129519	do not let your seekers be put to shame because of me
e129520	may all who seek you rejoice
e129521	even if you show yourselves to the doctors, they will find it hard
e129522	even though he did not want to, going on towards Mysia
e129523	although we are a stiff-necked people
e129524	even if they were to stand before me
e129525	seek rather the good of others
e129526	he is seeking their ruin instead
e129527	how much more will he now seek me
e129528	do not keep looking for excuses
e129529	as it was locked, he kept looking for a way in
e129530	he keeps seeking grounds against me
e129531	the wicked look only for ways to harm
e129532	those who speak proudly are looking for trouble
e129533	what are you searching for
e129534	which I had searched out for them
e129535	until they seek me again
e129536	the importance of seeking knowledge
e129537	some use it for seeking money
e129538	what do we get in our seeking of pleasure
e129539	see how he is seeking a quarrel with me
e129540	his seeking of guidance
e129541	becoming a place of jackals seeking food
e129542	much money for the search for wisdom
e129543	while searching for food to keep themselves alive
e129544	they will be wearied by their search for the way home
e129545	we all help them seek education
e129546	I will help you look for a lawyer
e129547	we will help you look for him
e129548	Livelihood can find work for us
e129549	it is said the committee will find the funds for them
e129550	we joined together and looked for work for her
e129551	he also sought wives for them
e129552	can you seek out their food for them
e129553	to find them a place to rest
e129554	I will find a place for them to stay
e129555	he provides money for the man who is kind to the poor
e129556	so that they may be able to seek the Lord
e129557	so that they can seek your name
e129558	they seek death more eagerly
e129559	though we kept searching for the reason, we could not find it
e129560	I am just now looking for someone who can help
e129561	because I have found what I wanted and kept searching for
e129562	though I kept searching I could not find him
e129563	though I kept searching for other things I found nothing more
e129564	while you were searching for words
e129565	though you search and search for me I will be no more
e129566	though I looked for someone to pity me
e129567	though they keep looking for a way to die
e129568	though people look for you they will not find you again
e129569	there is still much ahead to carry on
e129570	that we can keep carrying on the good customs
e129571	so that he is surely able to continue school
e129572	if he is not able to carry on with the house to the end
e129573	he is unwilling to carry on the name in Israel
e129574	if you do not continue in it
e129575	so that we may share in it
e129576	to the one who is able to save from death
e129577	he who can destroy in hell
e129578	do you know that I am the one who defeated Napoleon
e129579	the conqueror of Midian in the land of Moab
e129580	he is the one who subdues peoples under me
e129581	that your sharing in the faith may be powerful
e129582	they were my brothers, sons of my own mother
e129583	so that they may be able to continue their journey well
e129584	so that he may be able to continue his journey here in peace
e129585	we first praise the grace of the Lord who brought it to completion successfully
e129586	have them complete at least the tenth grade
e129587	I am confident that he will bring it to completion
e129588	he always makes the view he already holds win
e129589	I have given you victory over all your enemies
e129590	the wild goat, the mountain goat, the antelope and the mountain sheep
e129591	he is said to have finished all there was to learn within one year
e129592	it was completed at about 11am in the morning
e129593	to finish any matter fully
e129594	finish this work
e129595	now he manages to make a living by making songs
e129596	at the UN too the Zomi have now been recorded as a distinct people
e129597	all her splendour has now faded away
e129598	I have now come to be calm and still
e129599	those who manage to learn gain knowledge
e129600	successful people are those who are able to control themselves
e129601	those who are able to hold back their speech
e129602	those who are able to endure to the end
e129603	let those who are able to accept this accept it
e129604	those who are able to keep themselves unmarried do better still
e129605	those who manage to guard their speech keep clear of trouble
e129606	those who manage to find a wife find a good thing
e129607	those who manage to endure will receive salvation
e129608	the men overpowered us and into the open field
e129609	those things prevail over us more than God
e129610	because mothers prevail over the children's minds
e129611	he will prevail over you
e129612	the king's word prevailed over Joab and the army commanders
e129613	the power of the Lord has overcome me
e129614	his mercy will triumph
e129615	because they work together they can work all the more
e129616	the elderly have money and are more able to give
e129617	would he be more able to break them when mixed together
e129618	will be able to accomplish far more
e129619	you will overcome everything
e129620	even death will never prevail
e129621	nobody at all could overcome him
e129622	do not be anxious, I have overcome the world
e129623	you have overcome those spirits
e129624	only the one who made him can overcome him
e129625	who can prevail against us
e129626	though they toss they cannot prevail
e129627	no one can tame it
e129628	he began to build but could not finish
e129629	we are going to have beer and meat
e129630	taking beer, meat and food
e129631	not to use strong drink and tobacco
e129632	you cannot drink strong drink
e129633	when Amnon is drunk with wine
e129634	those who drink wine and anoint with fragrant oil do not grow rich
e129635	they were eating and drinking wine
e129636	those who are mighty at drinking strong drink
e129637	rising early in the morning to run after strong drink
e129638	let us have our fill of strong drink
e129639	there will be plenty of beer
e129640	nor have I drunk beer
e129641	they reel from beer
e129642	those who sit long over drink
e129643	getting drunk is folly
e129644	it rained and the wind blew too
e129645	rain fell on the earth
e129646	the Lord will be angry and no rain will fall
e129647	rain fell from the sky
e129648	let my teaching fall like rain
e129649	watch them and just laugh freely
e129650	sing out songs of joy freely
e129651	good ideas well up freely
e129652	he gives freely to the poor
e129653	he distributes generously
e129654	with the freewill offerings they have willingly given
e129655	they sell these and earn money
e129656	he sells nasi lemak and supports his mother and father
e129657	those who come to sell food too
e129658	he sold all he had and went and bought that field
e129659	sell what you have and give to the poor
e129660	selling this perfume for three hundred silver coins
e129661	they were sold off at $25 each
e129662	400 million albums were sold
e129663	the man who sells off his property
e129664	they exported them to all the kings of Syria
e129665	it has to be made and sold
e129666	they hope to be able to sell about 30,000 washing machines
e129667	they will also begin to sell a new air-conditioner model, it is said
e129668	these are too precious to sell off
e129669	in order that they might export them again
e129670	after you had sold it, the money also
e129671	he shall sell her back to her own father
e129672	before you sold that field, your own
e129673	our difficulty is on the selling side
e129674	the money received from the sale of his inheritance
e129675	because of their sale of food on that day
e129676	to the man he sold it to
e129677	the place where you sold them
e129678	to the city that carries on buying and selling with the peoples
e129679	the seller gave it to me for nothing instead
e129680	the honey seller too
e129681	my bookseller and my old scribe were not there
e129682	the buyer to the seller of the goods
e129683	he was the seller of grain
e129684	those who sell readily in time of demand are praised
e129685	he will not recover the sold goods
e129686	he shall redeem what his brother has sold
e129687	they sold him on to Egypt as a slave
e129688	they will resell them to the Sabeans
e129689	even the ticket sellers themselves
e129690	to the medicine sellers
e129691	buyers and sellers
e129692	go to the sellers of oil
e129693	also to those who sold doves
e129694	those who were selling cattle, sheep and doves
e129695	so that we may be able to sell our wheat
e129696	so that the other three horses could become tame
e129697	he will be like a donkey not yet tamed
e129698	people have been able to tame them
e129699	no one can subdue it
e129700	they have tamed all animals and can rule them
e129701	no one can tame the tongue and rule it
e129702	all who headed toward the hills of Zogam
e129703	where are we Zomi to head for?
e129704	people who have lost their way can head for home
e129705	he walked on the water to go to Jesus
e129706	Abimelek had not yet gone near her
e129707	they set out to go to Egypt
e129708	its shoots headed for the River
e129709	heading for Syria with Priscilla and Aquila
e129710	he headed there at once
e129711	a ship making for Tarshish
e129712	they made for your market
e129713	they make for every green plant
e129714	repent of your sins and turn to God
e129715	in their distress they turned to you
e129716	they turned to that town to spend the night
e129717	those who draw near to God
e129718	he went straight back, heading for his home
e129719	they went by bus, heading for the city of Kuala Lumpur
e129720	it is said it took off from Toyama Airport heading for Matsumoto Airport
e129721	they were on the road from Gilgal, heading home
e129722	he took them away, heading for the land of Ammon
e129723	he travelled, making for the city of Jerusalem
e129724	we are setting out, making for the place he spoke of
e129725	like a deer going skipping to the snare that will catch it
e129726	let us each go back to our own land
e129727	we went back home
e129728	will return to Kalaymyo on Dec 15
e129729	let us return to the Lord with all our heart
e129730	return to your cities
e129731	return to your former place of safety
e129732	each returning to his own people
e129733	I will go back to the Father
e129734	let her go back to her former husband
e129735	they went back to Antioch
e129736	he will come home to turn back toward his fortress
e129737	those who had come back home from captivity
e129738	he went straight to that place
e129739	I will let you go to your fathers
e129740	does not let them go back to their God
e129741	you will not let me go down to the realm of the dead
e129742	I will send you to your fathers
e129743	like cattle that go down to the valley pasture
e129744	all those who come to God
e129745	if the illness does not soon get better, one should go to the hospital
e129746	it is important to go to God and not elsewhere
e129747	how are we to head for it?
e129748	when they went to the cistern, the water
e129749	like an ox that goes to the place of its death
e129750	when you go to your fathers
e129751	when they were heading home
e129752	not knowing the way to head for home
e129753	the way we should take up and the towns we shall head for
e129754	just as a bride returns to her husband
e129755	to the land of Judah, to which they long to return
e129756	as a dog goes back to its vomit
e129757	on the highway going to the airport
e129758	the KLIA Aerotrain used for going to the Terminal Building
e129759	it means the fork of the road going to Hiangtam village
e129760	it is the way to the land of death
e129761	who does not know the way to his home
e129762	on the way to the house of my master’s relatives
e129763	those in whom are the roads going to Zion
e129764	on the road going to the town of Horonaim
e129765	along the road going to the hill country of the Amorites
e129766	though you say so, you lie
e129767	a false word cannot be kept hidden
e129768	one who tells lies will not go free
e129769	God is not a man, that he should lie
e129770	you shall not lie to one another
e129771	a false witness always tells nothing but lies
e129772	I will go and be a deceiving spirit
e129773	he has put a deceiving spirit in their mouths
e129774	I will go and be a deceiving spirit in their mouths
e129775	they are unfaithful and not honest
e129776	he came to lie before the king of Egypt
e129777	was it God's will that Jacob lied
e129778	the Lord detests those who tell lies
e129779	one who tells lies will perish
e129780	those who love lying and keep telling lies
e129781	one who lies will not go free
e129782	he has put a deceiving spirit in them
e129783	they lied to him with their tongues
e129784	making God out to be a liar
e129785	all the people of your city are liars
e129786	though we speak the truth, we are regarded as liars
e129787	they too will tell lies and become wicked
e129788	riches gained by lying soon vanish
e129789	evildoers are trapped by their own lying
e129790	and the place where liars will be
e129791	you love lying rather than speaking the truth
e129792	ruining the poor with a lying mouth
e129793	power that goes together with lies
e129794	you have eaten the fruit that came of your deceiving
e129795	we have taken shelter in falsehood
e129796	are you not the offspring of falsehood
e129797	with nothing but lies and deceit
e129798	the serpent deceived Eve with his lies
e129799	no word of a lie was heard from their mouths
e129800	plotting to kill another person by deceit
e129801	I hate and detest falsehoods
e129802	I hate and detest falsehoods
e129803	a king strong in intrigue will arise
e129804	all that he does by skill in deceit
e129805	though they swear, it is a lie
e129806	they make the king glad with all their lies
e129807	your words are lies
e129808	all his boasting is falsehood
e129809	they are all nothing but falsehood
e129810	your visions are falsehood
e129811	they make the king glad with all their lies
e129812	he suddenly becomes king through intrigue
e129813	relying on an unfaithful person in a time of trouble
e129814	are we to be unfaithful to our God
e129815	they were unfaithful in regard to the devoted things
e129816	you act treacherously, like snow and ice
e129817	caused the Israelites to act treacherously against the Lord
e129818	but those who deal falsely will fall
e129819	being unfaithful, they are not honest
e129820	acting falsely, you did not remember me
e129821	they do not want deceit and theft at all
e129822	even in a mere Sunday school examination deceit is used a great deal
e129823	there is a seed of deceit in you
e129824	unfaithfulness brings only trouble
e129825	he found treachery in Hoshea
e129826	my falsehood shows up the truthfulness of God
e129827	they caused the Israelites to be unfaithful to the Lord
e129828	in the same way they praised the false prophets
e129829	among the false gods of the nations
e129830	rebellious people, deceitful children
e129831	he has put a deceiving spirit in their mouths
e129832	the town of Achzib is a lying one
e129833	the people of Crete are always liars
e129834	liars pay attention to lies
e129835	false prophets will appear
e129836	false Christs will appear
e129837	do not tell lies
e129838	do not try to live by lies and deceit
e129839	I will never tell a lie
e129840	that is rather a lie
e129841	the prophets who teach lies
e129842	everything you say is nothing but lies
e129843	the witness always tells nothing but lies
e129844	the righteous man does not love falsehood
e129845	he is in labour and gives birth to falsehood
e129846	our words are nothing but falsehood
e129847	he goes about speaking false words
e129848	you are trusting in false words
e129849	great men never speak a false word
e129850	do not trust the deceptive words that keep being said
e129851	the clear water of the gospel simply flows out with a roar
e129852	they collapse with a roar
e129853	the waves are roaring
e129854	the great waters foamed and roared
e129855	the waters under the earth roared
e129856	it sounded like the roar of a great crowd
e129857	the loud rattling of chariots, and in the field
e129858	with the things they give freely and willingly
e129859	he sets the beer pots in a row and pours the beer
e129860	every wine jar shall be filled with wine
e129861	will he come along, or will he not
e129862	today there are still people who follow this religion
e129863	many officials followed
e129864	leaving it, he followed him
e129865	many people followed him
e129866	I will obey your decrees
e129867	because people do not obey your law
e129868	I keep your law
e129869	those who do not keep the commandments will die
e129870	seeking the God of his father, he kept his commands
e129871	he did not follow the Lord completely as his father David did
e129872	it is good to follow the usual procedure
e129873	we are to obey the things we hear
e129874	the things the people of the whole country are to observe
e129875	it is because they followed the Baals
e129876	he did not allow anyone else to follow him
e129877	though he followed the angel
e129878	if you obey the commands of the Lord your God
e129879	so that I may keep your statutes
e129880	so that you may keep your traditions
e129881	how long will you refuse to keep my instructions
e129882	if you observe the Law of God
e129883	customs that are not proper for us to observe
e129884	you shall observe all the decrees
e129885	if any harm follows
e129886	if no further harm follows
e129887	do you follow such sayings as rules
e129888	so that you do not fall into following their evil ways
e129889	when he comes to follow the ways of the wicked
e129890	nor is it something you will be unable to follow
e129891	from the curse that comes of failure to keep the Law
e129892	when he saw the two of them following
e129893	following the path Jesus walked makes our bond with God deeper and deeper
e129894	the faith of Job in God and his obeying of the word of God
e129895	they would all be alike in observance and in belief
e129896	they will turn your sons away from following me
e129897	driving Israel away from following the Lord
e129898	you have purified yourselves by obeying the truth
e129899	by obeying my decrees and my commands
e129900	they took an oath about obeying them
e129901	may my ways be steadfast in the observance of your decrees
e129902	it was because of their observance of the customs introduced
e129903	if anyone wants to follow me
e129904	a time when they want to follow only their own desires
e129905	if a man does not want to obey the law
e129906	even if it wants to obey, it cannot
e129907	it is to be used and followed at once
e129908	it is to be obeyed, followed at once and done at once
e129909	what is told to us is to be followed at once
e129910	the Holy Spirit, that I should follow them at once
e129911	they followed along with the customs that had been made up
e129912	going with them along paths they have never known
e129913	going along with them on the paths, I will guide them
e129914	the faith and the true teaching that you have followed
e129915	all these I have kept
e129916	I have kept all these commandments
e129917	if you do not send him along with us, we will not go down
e129918	so that you may be able to follow in his steps
e129919	so that the Gentiles might be able to obey God
e129920	so that all people might believe God and be able to obey him
e129921	so that all nations may believe his word and be able to obey it
e129922	so that you can keep your own traditions
e129923	if we are not able to follow the changing times
e129924	if you are able to follow it, would it not be better still
e129925	to be able to accept it and to be able to follow it is not easy either
e129926	not everyone will be able to follow it
e129927	so that you may be able to follow his will
e129928	not because of keeping the Law but because of faith
e129929	being right with God through keeping the Law
e129930	do not be led to follow such people
e129931	because my people have followed what is not good
e129932	because you followed the sins of Israel
e129933	those who are led to follow you never find peace
e129934	if I were led to follow in that way, they would give me a bad name
e129935	being carried away by the error of lawless people
e129936	they went along with that man together
e129937	pursue righteousness, faith, love and peace together with them
e129938	I have kept all these commandments
e129939	has fulfilled all that the Law requires
e129940	those who do not always keep all of it
e129941	go back with me so that I may
e129942	another king will follow after him
e129943	they do not want to follow the Law either
e129944	I too went and followed at once
e129945	his friends followed at once behind him
e129946	there are some of us who followed at once
e129947	they left their nets and followed Jesus at once
e129948	he too got up and followed at once
e129949	follow them at once without hesitating
e129950	they followed Jesus immediately
e129951	Levi too got up and followed Jesus immediately
e129952	let me follow you too
e129953	he made death follow right behind
e129954	they made him follow to carry the cross of Jesus
e129955	if you send our brother along with us
e129956	send the boy along with me
e129957	he let no one else come into the house with him
e129958	I will make you keep the covenant
e129959	they follow only the will of the one who subjects them
e129960	she kept following her mother-in-law as far as Bethlehem
e129961	it will keep following him all his life
e129962	the JIPS officers too followed on
e129963	Balaam went on with the officials of Balak
e129964	if you go on with me
e129965	when the one who continues in it hears the word
e129966	they do not follow down the path of death
e129967	his splendor will not descend with him
e129968	my son will not go down with you
e129969	going down along the Jordan River
e129970	for the benefit of those who keep them rather than those who made them
e129971	with all those who follow him
e129972	how those who follow him should live
e129973	they overcame the followers of Tibni son of Ginath
e129974	those who follow the Lord
e129975	those who faithfully follow him
e129976	those who keep the commandments will live long
e129977	to all those who keep his commands
e129978	those who keep to his way are blessed
e129979	only those who obey the Law
e129980	more blessed are those who obey after hearing the word of God
e129981	those who obey these words have life and health
e129982	climb up after me
e129983	going up along the border of Egypt
e129984	he followed instead the ways of the kings of Israel
e129985	if one manages to follow them well, one can recover without medicine
e129986	there would be no one able to obey
e129987	so as to be able to follow the changes all around
e129988	only a few are able to follow it
e129989	who is able to follow it
e129990	one who is able to keep your decrees fully
e129991	only those appointed will be able to keep it
e129992	daring to die for a man who manages to obey the law
e129993	at the time when rain should fall
e129994	although heavy rain falls
e129995	if it does not rain again in the night
e129996	even in a year when no rain falls
e129997	the place where rain is to fall
e129998	he makes lightning flash so that rain may fall
e129999	when he prayed earnestly that it would not rain
