example	text
e135000	the famous warriors of the Burmese kings of old
e135001	though a young woman she is very brave and skilled in war
e135002	five captives were able to escape secretly from inside
e135003	joy, the taking of captives, the taking of game, victory
e135004	every three years they worshipped with one mithun
e135005	one mithun was fixed at 200 kyats
e135006	every three years worship is made with one mithun
e135007	Lamka to the north, Singkangphai to the south, in the middle I am Ngalliam
e135008	singing after using intoxicants or drugs is not allowed
e135009	those who already use it will be glad
e135010	he is suspected of having used some drug or intoxicant
e135011	if you happen to catch many, still more will run toward you
e135012	if you catch it all three times you can become a very important person
e135013	not mixed with any other nation, it is the land of the various Zo peoples
e135014	the bones of animals and of people will be mixed together, not kept apart
e135015	at that time the eight buffaloes were 240 kyats
e135016	he ransomed his son with his eight buffaloes
e135017	it increases health and bodily strength more and more
e135018	for bodily strength and health all kinds of games are needed
e135019	those who respect and fear God always become good leaders
e135020	never a soldier, afraid even of the sound of a gun
e135021	downcast, ashamed because of some bad thing
e135022	however it may be, without shame
e135023	it is already twisted tight on the outside
e135024	but once it dries it can no longer be twisted or shaped at all
e135025	he bore the penalty in your place
e135026	the sins of the people were laid on Christ and he bore the penalty
e135027	it is you who will bear the blame
e135028	many times came when I said, can it be my dream
e135029	just as we use how are you, good morning, good day and good evening
e135030	if only I manage to say good morning and good day
e135031	the way you are heading, your direction, has to be right
e135032	the place where the journey to your destination ends
e135033	as it is we the people who chose them
e135034	that we chose just this kind of place
e135035	it is important that we choose a mind that lifts others up
e135036	we shall meet in that good land
e135037	where water is plentiful the land is good and a living can be made
e135038	God, who chose us to be fit for his use
e135039	it is still important that they be worthy of imitation
e135040	it is a question that cannot easily be answered at once
e135041	the war with the Pawi was still being fought
e135042	in the time of the Pawi wars, the villages round about
e135043	for fear of the Pawi enemy of Falam, Khuasak village
e135044	because I am to go straight back
e135045	saying, shall I be able to finish school
e135046	you may say, how shall I be able to help
e135047	when the British conquered us
e135048	although Rome conquered Jerusalem
e135049	first take a look at the clothes and the style of dress of your friends too
e135050	following the food, the clothing and the way of dressing of the Hindus of India
e135051	and the old way of dressing of us Zomi are still alike
e135052	treat whatever he does as important and take a real interest in it
e135053	that those who are not Zomi do not care with us or work with us
e135054	let us the people listen very carefully
e135055	the people too, eager to hear, listened attentively
e135056	eager to hear how they do things, they listen
e135057	wind, sunlight, oil and waves can be used
e135058	when it rains it cannot form if there is no sunlight
e135059	the rays of the setting sun shone through its smoke
e135060	in the end he received from God a very grand graduation
e135061	from the highest level of schooling completed to the lowest
e135062	they first gave honours to the leaders who started the Zomi Cup
e135063	you are to work with them and begin with them
e135064	do our own people really gain a benefit because of us
e135065	our people in India still always sing it
e135066	it reduces the fat stored in our body
e135067	even to the eye our body looks very fine
e135068	he received about five degrees from the universities
e135069	after five years he came home wearing the graduation cap
e135070	it is to rescue the helpless from the hands of ISIS
e135071	they set out with 150 vehicles to help the needy
e135072	they leave us with their teaching, their dispensation
e135073	Gautama, who leads our dispensation for 5000 years
e135074	we think with longing of Kahngen and Taamdeng villages
e135075	born at Kahngen village in 1953
e135076	gently, while I put my arm round his shoulder
e135077	wrapping it round, over both her shoulders
e135078	because time and money will not be enough for us
e135079	our time quickly runs short
e135080	is not up to being an Idol
e135081	only Zomi will be allowed to sing
e135082	since 2006 he has travelled to the countries below to sing
e135083	at night under the bright moonlight, shivering
e135084	under the bright moonlight I grew very homesick
e135085	the young men beat gongs under the moonlight
e135086	though I had often seen him in Aizawl, I failed to recognise him
e135087	though it is what we keep hearing and seeing
e135088	we forget even some of those we often see
e135089	one can stay the night on the floor free of charge
e135090	until late at night the floor and the whole house were full of people
e135091	they set it up in a corner of the floor for people to see
e135092	set a time for getting up, for eating and for going to school
e135093	in the morning we went to school and always attended
e135094	on a rainy day the children had all gone to school
e135095	if he did not see it at once they first put it in his pocket
e135096	Santa puts a few things in your bag
e135097	assets are the things that put money into your pocket
e135098	if there is no way to attend school free here
e135099	at what we call government schools they are let attend quite free
e135100	quite unexpectedly my phone rang and rang
e135101	a sin we did not expect at all can easily come about
e135102	without having expected it, a full four nights
e135103	at present the visitors each year number 7,000 to 8,000
e135104	every year snow falls especially thick
e135105	we are people who share whatever there is to eat with one another
e135106	we were people who led ourselves among ourselves
e135107	she thought, what could I do
e135108	could you join with the parties that walk with the people
e135109	I kept making appeals so that we could flow together as Zomi
e135110	so that we can flow together in one channel in the affairs of the people
e135111	on the way to the people being able to unite
e135112	since there must be a fair number in the ZRC too
e135113	he can feed a fair number of other stomachs too
e135114	to keep the bank from collapsing
e135115	a bank about 20 feet high collapsed and cars cannot pass
e135116	16 things I observed at the Zomi Khawmpi USA 2016
e135117	in most of what I have seen of the writing of the name of Sia Do Kham
e135118	out of goodwill toward those who will sit the RSC interview
e135119	out of goodwill toward those who will sit the DHS interview
e135120	while the spirits were being driven out they kept the taboo
e135121	on the morning after the day of the village sacrifice they kept the rest day
e135122	on that day they performed the rites carefully and kept the taboo
e135123	but the way we bear it and the way we take it are not the same
e135124	the ways they are affected are very far apart
e135125	the mithun reared by Thawmte comes dancing
e135126	the misam and tuitawi came dancing across again from the level ground
e135127	he took his son into his arms
e135128	Jesus holds you close in his arms
e135129	in the arms of the woman who cared for him, now laughing, now crying
e135130	Samuel Newell and his wife reached Mauritius first
e135131	Egypt, Fiji, India, Malta, Mauritius, Seychelles
e135132	that there will yet be much progress for the better in the relations between the peoples
e135133	so that everyone may come to long for a good change for the better in himself
e135134	the language of the Chinese, as about the second most used
e135135	he is a Chinese born and brought up in Zogam
e135136	in the famous USA one child of Zo gains five more Master degrees
e135137	the children of Zo who will grow up in different parts of the world
e135138	let us children of Zo adorn it like flowers by the way
e135139	in the present time again there is much travel and contact
e135140	the roads became good and travel and contact became easier
e135141	because nowadays there is much travel and contact
e135142	8143 square miles in extent
e135143	within ten thousand square miles of the Nullarbor plain
e135144	on a plot a hundred feet square behind his grandfather's house
e135145	travelling out from home: to Allahabad and Delhi
e135146	while he was studying, an M.A. from Allahabad University
e135147	the soldiers have the people as their servants
e135148	those in authority are the ones whom the people appoint as servants to hold authority
e135149	rather than the various jobs such as dishwashing, house cleaning and running errands
e135150	I saw them sitting there in great numbers
e135151	even outside the door seats were set out in rows everywhere
e135152	the people of heaven were standing there in great numbers
e135153	gliding along in a Honda car would be more pleasant
e135154	when each one glides along in a car of his own
e135155	there are no landslides and it glides straight along the ridge
e135156	all that we need is easily had
e135157	it seems everything could be had easily
e135158	he let them easily find what would be best
e135159	it can show mercy, there is no envy in it
e135160	if it is too strong it gives rise to hatred and envy
e135161	if we have churches speaking ill of one another, envy and taking sides
e135162	on December 9 a pregnant woman gave birth there and then
e135163	about midnight it suddenly caught fire
e135164	with thoughts of war one cannot be at ease
e135165	thoughts from my seat on account of what happened at Kapteel village
e135166	we will need to think hard about where we arrive after death
e135167	from inside the home they found their living for the way ahead
e135168	in skill their way ahead has been blocked
e135169	at the entry and exit gates of the airports
e135170	if there is not even one place to go into and take refuge
e135171	likewise in the Zo land of Burma too
e135172	in the same way he raised up even me, the unlovable one, this high
e135173	they have never been ones who lord it over the people
e135174	it has never been a country where many peoples live together
e135175	he is never a politician one can rely on
e135176	Ngal Ngam found one egg of a partridge
e135177	even a partridge, a jungle fowl or a rodent to shoot
e135178	he travelled here with Adam and could take him to visit Zogam
e135179	they brought them on a visit to Tedim
e135180	because they are very close to our landlady, she brought them to visit us
e135181	only when the politicians understand each other again
e135182	you say politician, what does he do
e135183	although his mother understands him
e135184	it is very important that we Zomi understand it
e135185	one must also be understanding of the thoughts of others
e135186	toward its top there are two viewing floors
e135187	at its top there are two levels of observation deck
e135188	one that is 800 ft high up to its top
e135189	one should not just accept whatever others make up
e135190	they did not at all allow us to wear it just anyhow
e135191	the world no longer allows it to be defended in any case
e135192	it is written Chou, Jou, Jo, Sho, Zhao
e135193	chatting away, we were a merry company
e135194	chatting away and telling pleasant things, we laughed heartily
e135195	to talk with, to keep company, to chat on
e135196	although there are not many very tall skyscrapers
e135197	the tall skyscrapers that are to be newly built
e135198	eating only as much as my mother ladled into his bowl
e135199	in that same trough where the cattle are given water
e135200	if a swarm of crabs is put in one basin
e135201	the building of this bridge took 14 years
e135202	the Golden Gate Bridge is also seen from afar
e135203	before the Golden Gate suspension bridge was built
e135204	not heading for the stream, they went along the ridges
e135205	they were able to enter the Sialkal range with ease
e135206	the good pine trees of the Singgial range and the Tuisanzang-Darkhai side
e135207	he eats only to live and does not use it for pleasure
e135208	putting enjoyment last
e135209	money, wealth, pleasure, good looks
e135210	they went on holding the posts until the end of the year
e135211	how many of us would go on holding the office of pastor
e135212	after that his own people went on holding it
e135213	we planned to fly on to Yangon in the evening
e135214	in the study that PNAS put out, even coffee
e135215	also in the statement issued from the Governor's Office
e135216	in the statement UNHCR issued, the condition of refugees in various countries
e135217	like the troops of apes that are closest to man
e135218	this is because they happened to have a wise and good daughter-in-law, a wise and good wife
e135219	those famed as a good daughter-in-law like Ruth
e135220	I have no friend and am all alone
e135221	about 3 albums sung by me alone with no one else taking part
e135222	reading the Bible at home by myself
e135223	all along the way the trees and stones, the hills and valleys
e135224	prying up all the wood and stones with hoe and axe
e135225	he attended up to grade 9 in Laaitui village
e135226	because I attended Kalay College after finishing grade 10
e135227	none of my elder siblings got past grade ten in schooling
e135228	when a leader dies from the sight of the world
e135229	having died on the cross
e135230	when they really die, many want to compose songs
e135231	to welcome that harvest festival the Pilgrims, with the Indians who helped them
e135232	it is the greatest harvest festival
e135233	because that day coincided with the harvest feast
e135234	limiting the number of children is also the beginning of murder
e135235	murder is not good, the spirit of the dead cannot be overcome
e135236	we pray with you in the name of the ZIOK association
e135237	we pray with you that he grant each the comfort of the Holy Spirit
e135238	every year we hold the celebration as usual
e135239	may he be with us so that each can keep the festival in good health
e135240	it will also differ from the view and understanding of others
e135241	but the world has a view of its own
e135242	being the place where those who fled the Zomi and Kuki conflict settled
e135243	their house was one of my lodging places
e135244	it is the place where they have been settled for many years
e135245	God leads us, God keeps us
e135246	the committees below will lead it
e135247	very few really guide their children
e135248	let us each carry the precious words in our hearts like a knife
e135249	let us each keep it close to the heart like a knife
e135250	the young women and men meeting on the dancing ground
e135251	like a dance line swaying gently on the dancing ground
e135252	the blessings we have received because of his death
e135253	because the people worked together, relief was collected again today
e135254	they live in the south of Lamka District and the north of Mizoram
e135255	the Zomi of the south and the Zomi of the north
e135256	for those who have learning every door is open
e135257	when she reached the door
e135258	the Malaysian government will give work to 300 Rohingya refugees
e135259	only your top-level page is to be entered
e135260	who will give us work
e135261	though not true of all, it is very true of most
e135262	it may be that not all who gave their names can take part
e135263	though I too do not know it all
e135264	because Tsin, the ruler of China, persecuted them
e135265	being called Qin or Tsin is seen in many other places
e135266	the ones who will always go on using this
e135267	going on using the customary word, we say Kawlgam
e135268	at Kalaymyo Airport, one who was well known before
e135269	the events during my stay in Kalaymyo and Hakha
e135270	what we can use in common among the Zomi
e135271	we do not yet have a language that can be used in common
e135272	also the train in place of taxis and cars
e135273	those who have none must be all the more careful
e135274	it will be even more severe
e135275	by the reckoning of some experts, the year 2011 or 2012
e135276	because God's and men's reckoning of time may differ
e135277	let us dance as grandly as we can wherever the Zomi are
e135278	even the fruit trees, each where it stood
e135279	also for the countries where the Zomi of the whole world live
e135280	the buses called Manlong can also run
e135281	the small Manlong buses being unable to come in
e135282	buying land at Mualnuam he farmed
e135283	buying a red T-shirt at the roadside
e135284	buying whatever he saw, he read it and kept it carefully
e135285	at this book shop they also sell tea and coffee together
e135286	some Zomi who sit chatting merrily at liquor stalls and beer shops
e135287	the letters sent to us always lie heaped up in a mess
e135288	its mouth can get smeared all over
e135289	it established what is called the popular culture of today
e135290	founding again the present-day village of Selam
e135291	useful people and those renowned for the kingdom of God
e135292	those who passed the fourth standard are more useful
e135293	he made the matter of being united his main theme
e135294	we should make loving one another alone our main theme
e135295	though they keep stressing only giving
e135296	in Burma anything called calm, peace or harmony
e135297	if we can keep up that unity and harmony
e135298	hundreds of Zomi young people wept in grief and alarm
e135299	for the young Zomi generation who like to think matters over
e135300	a bridge having collapsed at Mid Valley in Malaysia
e135301	because a bridge that was being built collapsed
e135302	learning not to envy and oppose those who speak the truth
e135303	there is no reason at all to hate and oppose non-Zomi
e135304	they have no separate church affiliation
e135305	not having a separate means of marking the hour and time
e135306	each had its own administration in its own territory
e135307	because hackers kept damaging the election systems
e135308	all the ways the hackers stole during 2014
e135309	it is not believing each as we ourselves please
e135310	those who each want to stand on their own
e135311	after each of them had eaten their fill
e135312	when Christ comes back all who are his will live again
e135313	the municipal officer came back and met the owner of the car
e135314	the police will also check the CCTV cameras around there
e135315	were taken at once to the hospitals in that area
e135316	there is no CCTV around there either
e135317	on 21 July 1925 he obtained the rank of jemadar
e135318	in 1942 he obtained the rank of jemadar
e135319	in 1910 they arrived at Senvon
e135320	in 1910 he went and founded a church at Senvon village
e135321	it is believed to be more or less of the same age as Geeltui
e135322	little by little it has shifted somewhat
e135323	let each of us have a mind that wants to put things right, with compassion and concern
e135324	the wish of those who are not USDP or army to amend the constitution
e135325	it was flying from Sabha bound for Tripoli
e135326	they have repeatedly been able to fire on the Libyan capital Tripoli and Misrata
e135327	in olden times they took two bamboo poles
e135328	for the younger one he had it carved on a bamboo stem
e135329	it is much harder to manage to behave in line with what one knows
e135330	it has very much to do with the conduct, ways and speech of the parents
e135331	when darkness falls one will head for bed
e135332	and so darkness has fallen
e135333	they also gave the letter inviting him to visit the USA
e135334	we all know the story of how U Nu, alarmed, summoned him
e135335	when will he arrive back
e135336	a matter will still have to be settled by words
e135337	a new organisation without settling this first step
e135338	if there is something unclear you want to ask about, speak to the ZAM head office
e135339	when the interpreters speak to you by phone
e135340	the angel of the Lord spoke with her
e135341	Tedim people, Tezang people, Sizang people, Zo, Saizang people
e135342	the wife of Pu Thuam Thawng was Khua Vung, a Sizang
e135343	one Sunday collection from each of our churches
e135344	he announced a collection for me
e135345	to be supported with a 20% contribution from the house owners team
e135346	one thing I noticed from this film
e135347	they cannot stop watching Bollywood films
e135348	he worked as an itinerant preacher in the state of Massachusetts
e135349	he thought only of working as an itinerant preacher
e135350	because I want to come travelling round if at all possible
e135351	one very much needs to know how to live and behave
e135352	if they found one grain of millet they shared it
e135353	Thangho and Liando split and shared a grain of millet, a grain of rice
e135354	your father, your grandfather
e135355	so that you can also look your grandfather and grandmother in the face
e135356	in fact it is rather because of hunger and not having enough to eat
e135357	in fact it is simply something the companies in Zogam could do
e135358	for getting a good job and also for being promoted
e135359	earn fame and promotion
e135360	before the local people were promoted
e135361	I took a piece and put it straight to my mouth
e135362	saying so she handed me another piece
e135363	it dropped right down to eleventh place
e135364	when a strong wind blows it can topple right over
e135365	on Facebook and the like they freely write whatever they want
e135366	for those skilled in music in the Indian army and such places
e135367	through these he came to have vocal training again and again
e135368	I kept praying in my heart
e135369	teach yourself
e135370	because it first became a time of learning by himself every day
e135371	one who is not yet skilled and has to learn by himself
e135372	able to govern like one country except for political policy
e135373	except on mountain climbs it is not used much at all
e135374	it is said that medicine makers profit more than the oil industry
e135375	it is necessary to think which is more profitable
e135376	because one goes to school wanting a job
e135377	those of many countries of the world who set out wanting freedom
e135378	first try to understand what your mission is
e135379	after that try to know and understand others too
e135380	trying to understand what they say, always watch carefully
e135381	being proud of being Zomi, one must be able to declare it when needed
e135382	let us proudly honour and respect them
e135383	it is what the Bible teaches us
e135384	it is rather by way of teaching only, not by way of debate
e135385	my mother always waits for me until I reach home
e135386	following one road all the way to its end
e135387	they went as far as Phil without speaking to anyone
e135388	because the word of God is the most important and the most necessary
e135389	it is most necessary that it be a land with authority
e135390	if we think of ourselves as people who will be rich
e135391	one steps toward the thought of winning, being rich and being wise
e135392	Sat Swe Taik served as head of state
e135393	one who rose from worker to head of state
e135394	leaving house and field they fled away
e135395	because they fled leaving house and field
e135396	as for me, I say it cannot be so
e135397	as for me, I want to say it is not yet time to leave
e135398	the hospital bed charge is too high and there is no money
e135399	hospital bed charges are rising greatly everywhere
e135400	the hospital bed charge will be at third class
e135401	it means one night's stay will be no more than RM60
e135402	their whole spending will be no more than 7 million pounds
e135403	there are many kinds of things that can make one lazy
e135404	it makes us unwilling to read books written in our language
e135405	trust in the Lord and wait for him quietly
e135406	will settle all the trouble soon, quietly and easily
e135407	after all that is needed for entering school has been done for us
e135408	for the recording studio all the equipment needed is already there
e135409	in the past people kept speaking of internet, email and Gtalk
e135410	from within Gmail and Gtalk
e135411	if it is only to quarrel, let us rather not talk
e135412	while you are quarrelling do not bring up past matters again
e135413	what will last for three days
e135414	how it will end when our time comes
e135415	when our time is full we are all ones who will die
e135416	our very precious time is always spent in vain
e135417	yesterday too his strength was not strong at all
e135418	nor is it at all something to accept as truth
e135419	as for that, I cannot really think it is so
e135420	that, however, is private housing assistance
e135421	as for that, we no longer want to know
e135422	our blowing is merely empty
e135423	when we listen to the song its words feel empty
e135424	you like whatever is not firm, shrivelled or hollow
e135425	the spelling Pashian has come to be written Pasian
e135426	I am not the Christ
e135427	I am the one sent before the Christ
e135428	your time is spent looking ahead to the day you will be happy
e135429	they will look ahead, looking forward to happier times
e135430	when we look out from Zogam toward other lands
e135431	he went on to give training at the ministers' conference
e135432	will hold fine preaching and teaching sessions with us
e135433	the importance of the word mother is understood very clearly
e135434	the importance of literature work is as follows
e135435	the importance of leadership in the family
e135436	when I do not hear word from you
e135437	although they do not hear it from inside the church
e135438	let me say it quietly without their hearing
e135439	I am thankful to my family too
e135440	there are also some who arrive at about 7 in the morning
e135441	you too, plant it firm as a post for me
e135442	set your heart firm as a post
e135443	we first praise the name of the Lord we worship, who gives us health
e135444	may the Lord we worship give you many more blessings
e135445	they did not think of killing them and burning their house
e135446	to kill off a whole people because of one person
e135447	from the side of sociology this can indeed happen
e135448	the strong captors at once used their captives as household slaves
e135449	if you ambush him on the road you will at once be a taker of an enemy
e135450	it booms and trembles like the earth
e135451	only when we really study does our knowledge begin to grow
e135452	so that we may know a little of that matter
e135453	it is obtained from fruit and vegetables
e135454	it is the time of gathering in all the fruit
e135455	no fruit at all would be got from trees and plants
e135456	at the fontanel the skull bones have not yet joined
e135457	my eyes were badly closed up and could not open well
e135458	I am no longer blocked
e135459	the 2014 model 125 Kenbo, in Kalay
e135460	just as in other developed countries there are even casinos
e135461	let us think ahead even as far as the generation of our grandchildren
e135462	Dawikungpu at once gave him a tungsial
e135463	when he went home leading his tungsial
e135464	the time they entered this Khawlzang was about AD 800
e135465	in 1982 he founded the Khawlzang ward association in Kalay
e135466	she had the dish of crab set before the Lusuangte
e135467	in the tale of Neino, when the Lusuangte desired Neino
e135468	Dim, Saizang, Teizang, Sihzang, Losau, Zo, Phaileng
e135469	Dim, Saizang, Teizang, Sihzang, Khuano
e135470	what they got back was not little either
e135471	what they are to give is not little either
e135472	the various honours and awards he received are not few
e135473	there is nothing yet to begin with
e135474	do not yet do so for now
e135475	he very nearly won the victory
e135476	he gained his degree in Botany
e135477	that the Japanese will again take first place
e135478	at the time when we were first born again
e135479	if he had not yet reached 21 when you first filed the P3
e135480	how they recorded us when they first saw us
e135481	no longer being sheepishly ashamed of Zo custom
e135482	because they did not dare refuse and weakly agreed
e135483	when you see it, do not just stand looking on
e135484	do not wrong another man's wife or child
e135485	those who do wrong against another man's wife
e135486	the hoes and axes we use in farming and wood carrying
e135487	in farm work it is no longer human strength alone
e135488	much taken up with farming, wood carrying and earning a living
e135489	a person who really wishes to be buried in a cardboard box
e135490	may it ever be where the Zo children gather and feast together
e135491	may he bless us to feast together for many years
e135492	our line of descent is also one
e135493	the many ties to the lineage of our forefathers
e135494	alike in ways and customs, with a continuous ancestral line
e135495	among those we call rich there are very many worth imitating
e135496	there are very many people as good as the angels of God
e135497	there are very many kinds that we do not know
e135498	he lived in a way worthy of the blessing God gave
e135499	they have held fast to their customs to this day
e135500	I hold firmly that they will go on being called so
e135501	it is the matter of people and land that is being examined
e135502	when the origin and roots of a person are traced
e135503	he served as chairman of the Mingin Township Election Commission
e135504	on the Chindwin river between Mingin and Mongzua
e135505	it is the day the church came into being
e135506	they had already voted before polling day came
e135507	on the day you leave this world
e135508	it weakens the love between acquaintances
e135509	does it weaken our being one people
e135510	we rather make its charm fade
e135511	the Tedim custom of naming is found nowhere else
e135512	the way of giving names is worth keeping
e135513	from among the various ways of composing songs
e135514	a letter was again sent to UNHCR
e135515	helping us even with the documents that were needed
e135516	the day after tomorrow will be still more pleasant than tomorrow
e135517	the day after tomorrow Christmas will be here
e135518	that cannot be made to wait until tomorrow or the day after
e135519	his mother at once became unhappy at heart
e135520	in the most unpleasant and the hardest place
e135521	we fell trees and use them for house timber and firewood
e135522	there were many that could be sawn for house timber
e135523	with no more house timber to be had from big trees
e135524	fuh is a new word for the Tedim Zomi
e135525	to be ever more fit one should know how to groom oneself
e135526	in Mizoram too it will go very well
e135527	we will then go back content, they said
e135528	I will fly as a dove to the lower village, he said
e135529	when J.H. Cope made us a proper way of writing Zolai
e135530	some spellings of names and village names I think worth knowing
e135531	I very much wish that we do not change how a name is written
e135532	the Vaiphei composed a song like this
e135533	the Vaiphei he kept as captives ran away
e135534	the Thadou, Vaiphei, Guite, Gangte, Thawmte and Kawmte
e135535	the way the Zomi are now trying to unite
e135536	how many people are living in Delhi as refugees
e135537	there will be a training and a worship convention at the church
e135538	the training was completed happily
e135539	they killed their rooster and ate the evening meal together
e135540	to kill the only rooster they had
e135541	will there be a day I forget, with all my dear friends
e135542	the dear companions I kept company with
e135543	a delegate and an adviser of the ZAM
e135544	to the State Counsellor of Myanmar, Daw Aung San Suu Kyi
e135545	let us always remember Immanuel, God who is ever with us
e135546	may God Immanuel be with you and your family
e135547	they set out to attack Suanzo to take revenge
e135548	at that very time Suanzo village
e135549	the learned and the researchers accept it
e135550	out of the very first pay he received
e135551	we must begin with as much as we are able
e135552	it is best to talk it through fully
e135553	there will be many matters that we can manage
e135554	when he asked whether he was carrying him, the elder brother
e135555	when he asked what it was, the one was full to the brim
e135556	the way we loved our mother and father when we were small
e135557	you at home, with our parents and all our kin and friends
e135558	from then on he longed to train as a compounder
e135559	before he retired he was a compounder
e135560	after his compounder training he went to look for work in Kohima, Nagaland
e135561	then even if you do not pay tuition
e135562	there will be no need to pay a tuition fee
e135563	the Buddha never taught to kill people
e135564	this is the way of belief of the Buddhist religion
e135565	if we do not begin, all the good land will be gone
e135566	if we do not go provoking those who want to be called so, they will hate us less
e135567	you shall never misuse the holy name of God
e135568	misusing hyphens freely does not raise the standard of Zolai
e135569	because they greatly misuse the name
e135570	we no longer have food put into our mouths
e135571	meat fed by hand at Ciimnuai is repaid at Geeltui
e135572	they make merry feeding each other pieces of meat
e135573	then the killing of the mithun is about to begin
e135574	it is the count of mithun killed at feasts
e135575	lived together with the Naga, Meitei, Bodo, Kachin and Lahu
e135576	the sun too is scorching hot
e135577	it is said the sun will stay scorching hot until March
e135578	this help is a benefit that other insurance does not give
e135579	because the time to use insurance cannot be known beforehand
e135580	it points fully to the fundamentals of the Christian faith
e135581	they have many main lines of history of ruling kingdoms
e135582	the vow will not be broken
e135583	the burial place of the prophet Elijah and where the Stella Maris convent is
e135584	to work on the basis of the will of God
e135585	it was founded on the basis of a spirit of love
e135586	we are counted among the peoples who own Mizoram
e135587	going along looking for the owner of the hair
e135588	saying, what I earned by my labour is mine to eat
e135589	what they earned by their sweat
e135590	calling out again the very words already called
e135591	the first day in a week is Sunday
e135592	it is the very first day in a week
e135593	it is rather the politics of the whole people, national politics
e135594	after showing them around the house they had tea with them
e135595	he took us around from the top of the garden to the bottom
e135596	taken around the whole country and carried by plane
e135597	holding meetings with them separately
e135598	the Indian Congress-I Party won
e135599	about then they had finished sowing the seed
e135600	I completed up to the M.Th
e135601	food too, value it and use it very sparingly
e135602	while the country is poor the budget is to be used sparingly
e135603	there is no need to use oil sparingly
e135604	a TransAsia plane crashed in Taipei
e135605	but the natal side of a woman is not cast off
e135606	she shall not boast of the wealth and comfort of her natal family
e135607	it is an honouring of the woman's side
e135608	it is shared out in turn between the man's side and the woman's side
e135609	the women, with strained beer and millet
e135610	the women poured strained Zo beer into bottles
e135611	when that did not work out, in 1988 the unrest of the whole country
e135612	as for the Zomi in Perth, because contact was not convenient
e135613	a Dim person who has got a doctor's degree
e135614	continued and obtained the degree
e135615	I find my father too very quick to weep
e135616	is not one to cry too easily or laugh too much
e135617	if I had not worn the tanghciing cloth they gave me
e135618	everyone at each Khuado festival is to wear national dress
e135619	the cloth can never become a national dress
e135620	my outlook grew a little
e135621	the life of the Zomi having progressed
e135622	what is needed for a person to keep growing
e135623	giving all the land from Champhai on the upper side of the Tuirial river
e135624	with dishonest embezzlement, in the year 2004
e135625	I killed what is hard to kill, the famed killer am I
e135626	served as elder and treasurer in the Yangon Buansiing clan association
e135627	if your name is a Burmese name and your religion Buddhist
e135628	when we take a Burmese name or an English name
e135629	their children a Burmese name, a Mizo name
e135630	unity, agreement and love for one another
e135631	our agreement, our faithfulness and our fellowship
e135632	if there is no peace, agreement and unity
e135633	the Zomi people cannot just bow their heads and bear it
e135634	do not ever lower your head
e135635	the Zomi always first name the child after its grandmother and grandfather
e135636	if we say we will no longer pass on our grandfather's name
e135637	there is no naming after grandfather and grandmother
e135638	they did not use foul words, bad words or jokes
e135639	when he told us jokes of the Zomi in the Japanese war
e135640	games, joking and various clean contests
e135641	we laughed until our bellies hurt
e135642	even those in the cooking hut laughed until their bellies hurt
e135643	we ate until our bellies were stretched tight
e135644	the birth certificate being obtained for them from the JPN government office
e135645	they help one another, harvesting and carrying for each other
e135646	he bought the signed book and also had a photo taken with him
e135647	even though it has no sound, its message rings louder
e135648	I think it would sound much better if we said so
e135649	it surely has to be said
e135650	and yet it is indeed the truth
e135651	we surely must keep going forward
e135652	all rubbish is thrown only into the rubbish bin
e135653	schools and hospitals have plenty of rubbish bins
e135654	I just drop them into the bin by my door
e135655	there is nothing we cannot reach
e135656	if only we learn there is no one we cannot match
e135657	there is nothing at all in which we fall short of others
e135658	it can be listened to on YouTube
e135659	it can be heard under Mizo songs
e135660	the audio, the pronunciation, can also be heard at once
e135661	from there on in succession the number 4
e135662	from there going down toward the east
e135663	Pentecost is from the Greek and means fifty
e135664	they handle it each according to their own view
e135665	because every one of us is a follower of Christ
e135666	out of our concern each of us will pay for ourselves
e135667	slowly people will come to understand us better
e135668	then you will understand its beauty more and more
e135669	I understand more and more why he made us
e135670	I had long been eager to get a letter from my childhood friend
e135671	from childhood they grew up with Zo beer
e135672	if we teach and train them from childhood
e135673	it is not a wish to be above others
e135674	we reached the higher floor
e135675	that you can place it above the authority of one person
e135676	though girl students are many, in hundreds
e135677	if I strolled around Len Nupa with this young woman beside me
e135678	girl students and Zo women in trade
e135679	friends cannot be forgotten
e135680	wherever we are, beloved, let us not forget each other in our hearts
e135681	I can now smell the scent of my beloved
e135682	do you still smell the scent of my beloved
e135683	so that your scent may not fade from my body
e135684	it is where south and north, upland and lowland meet
e135685	it is the place where all the very famous ones come together
e135686	because it rests on our dealings with other people
e135687	what is the difference between KNO and UPF
e135688	likeness joins us and difference divides us
e135689	no longer speaking of the past, let us each forgive one another
e135690	some also simply give no more after that
e135691	there is now also a spirit of respecting and remembering the former leaders
e135692	are you still in touch with the former ZRO leaders
e135693	do you have anything you wish to say or pass on to the people
e135694	do you have a word you wish to leave for the visitors
e135695	is there anything you wish to tell the visitors
e135696	if you want to enter your website URL in the Google search engine
e135697	they gave work to the hungry
e135698	also the homepage of the group you joined
e135699	whether you want to bookmark it as the homepage
e135700	after six months the salary can rise
e135701	the salary can rise
e135702	for those who earn it will be when they have a little more money
e135703	there are places where the monthly payment is a little less
e135704	when the rainwater has dried up a little more
e135705	how to prevent depression
e135706	there will be nothing left to keep off the heat of the sun
e135707	to prevent bad diseases with aid to poor countries
e135708	looking into why the first developed countries of the world are ahead
e135709	with only some one group being out in front
e135710	there is a lead they have over the Zomi
e135711	if we go in one direction we come out again where we started
e135712	if we look again from the other side
e135713	the things on the other side of the hill that cannot be seen
e135714	because of investment made in energy and hydropower
e135715	to use wind mills, hydropower and solar power as much as possible
e135716	the Indian government has allowed them to study their own language up to B.A
e135717	a demand that same sex marriage be allowed in Italy too
e135718	it allows either one to be used
e135719	they were able to come to the USA where their father is
e135720	to the Zomi who visit ZomiDaily
e135721	for those who keep visiting the website to look at
e135722	Zomi who join in the work with prayer
e135723	that loving and caring for one another they may be able to work together
e135724	a great longing to be able to join in one great aim
e135725	the reason is that nobody wants to help with kidney disease and cancer any more
e135726	it can be eaten as soup and is also good for kidney trouble
e135727	if we keep drinking its water it is good for kidney trouble
e135728	how old were you the first time you sang
e135729	the bread menu too came to over a hundred kinds
e135730	the pages to be worked on came to a full 155
e135731	in order to raise your income
e135732	it is the easiest way to raise income
e135733	in order to increase our income
e135734	it shows us that he is a true Zomi hero
e135735	a medal honouring heroes was given
e135736	every worthy Zo man should surely take a Zo wife
e135737	do you still remember
e135738	let us keep remembering in prayer
e135739	not all were noted down, let us look at those still remembered
e135740	there are very many who cannot hold custom and Christian faith together
e135741	because the pastor also held the office of secretary
e135742	hold together and stand firm together in our being one people
e135743	that there are many women able to lead countries of the world
e135744	if the NLD cannot lead Myanmar
e135745	whether they will be able to lead us
e135746	the haze draws across beneath the sky
e135747	may your worries clear away like haze
e135748	the late rain falls beneath the haze
e135749	it can still be seen all along the Kawlpi area
e135750	along the border of Tunisia and Algeria
e135751	down along the valley where the Naga live
e135752	read it at once after we have fallen asleep
e135753	lying face down on the bed she read it at once
e135754	I looked at it at once and read it at once
e135755	let us just be scattered and vanish among other peoples
e135756	without squandering that money at all
e135757	why are we Zomi so lost and scattered
e135758	all who are abroad, your sending of money
e135759	as a kind of farewell they again released over 100 prisoners
e135760	because of the firing of small rockets towards Israel
e135761	how to manage money in the household
e135762	skill in managing money and in keeping what one has
e135763	to budget money for buying a film and for refreshments
e135764	a training for the uplift of women was held
e135765	exhortation and encouragement, training and teaching
e135766	training about how to vote
e135767	give your name to the EC at once
e135768	do everything that is needed quickly
e135769	so that you need not go back and peep in again
e135770	he does not go out of his way to proclaim it openly
e135771	some are called to have fingerprints taken
e135772	following the change of UN policy people are now called for fingerprinting
e135773	and look, for our grandchildren and children
e135774	let each of us stand in for our children and grandchildren
e135775	nor is it only a word of contempt
e135776	it is not a song of hatred but a song of love
e135777	the contempt of the military government that rules us
e135778	may your soul now rest in the bosom of God
e135779	do not lose your soul
e135780	than the place where you stand now
e135781	if you let the Lord know where you stand now
e135782	so that you can stand on your own
e135783	a Zomi young man appears on the MIT webpage
e135784	maidens, young men and fathers competed eagerly
e135785	she kept catching the eyes of the young men
e135786	if money has to be used we will let each one know
e135787	whether this procedure needs to be used or not
e135788	each will just be very glad to join in with a pound or two
e135789	it is only we who will be squeezed
e135790	lords will merely keep being added
e135791	he will serve as Prime Minister until the next election
e135792	to serve as ambassador at the UN
e135793	if we do so we will progress much more than this
e135794	in the future even greater than this
e135795	the other animals too, to a place farther away than this
e135796	bring word back to me
e135797	I am not writing things I have heard
e135798	things will go better for me
e135799	in Bulgaria and Albania a nod of the head
e135800	born in Albania on August 27, 1910
e135801	in Albania, a Muslim country within Europe
e135802	those minerals help human health in various ways
e135803	vitamins and minerals in our body
e135804	these 200 skilled fighters will lead the Iraqi soldiers on the ground
e135805	in old times music was used for driving out evil spirits
e135806	people still under the work and influence of the evil spirit
e135807	the devil and the evil spirits too, without fear
e135808	to stand in for those who know nothing
e135809	our leaders who do nothing
e135810	grown up from a family that had nothing
e135811	when we speak of relating to others there are two ways
e135812	from conduct, way of speaking, way of associating, way of conversing
e135813	even the way of grouping and associating is no longer the same
e135814	in the city of Donetsk the two sides fought fiercely
e135815	the city of Donetsk, which is in the east of Ukraine
e135816	they are the Manipur river, Kaladan, Bawinu, Ciau, Sialtang, Myittha and Lemro
e135817	the better known rivers are the Manipur river, Ciau, Bawinu, Lemro
e135818	a bull will be slaughtered and there will be feasting
e135819	a stag, heading straight forward
e135820	they slaughtered the biggest mithun bull of the Cikha valley
e135821	in that church, with his wife, all his life
e135822	it is in that church to this day
e135823	the government of Uruguay will allocate about 3 million dollars
e135824	it is said they will allot it according to their need
e135825	we freely put our knowledge and skills to use
e135826	in the view of a geologist the land of Zogam is still very young
e135827	he joined the D.S.G.E as a geologist
e135828	how are we to carry this big load
e135829	how many famous people are you
e135830	of what people are you
e135831	who organized it so that we could hold the Khuado festival this year
e135832	I find it a matter of pride that we can keep organizing it
e135833	when I think about such things
e135834	when we consider the song of the angels
e135835	when I think of it now, wondering why it was
e135836	public-spirited people and praiseworthy ones who work for others
e135837	I sang with them for a month without thought of gain
e135838	as it is a charitable group
e135839	as to why many are sick, it is not having knowledge
e135840	wise enough to make it known among all nations
e135841	those who hold this kind of teaching, reception and belief
e135842	that kind of connection
e135843	he gave a detailed and very clear report
e135844	the things you did thoroughly and with care
e135845	hard-working at tasks, honest, reliable, meticulous
e135846	saying we are, they answered
e135847	they answered with humility like Mary
e135848	answer with the one that fits
e135849	he truly has the assurance that God placed him
e135850	working on guesses without certainty one can go wrong
e135851	through him he gained assurance of salvation
e135852	going from Tedim to Tonzang
e135853	300 Tedim households fled to Tonzang
e135854	it is heard that later, in 2009, it was used in Tonzang
e135855	undeterred we headed for the place of song practice
e135856	it became a very good time of song practice
e135857	those who so far have given food and drink for the song practice
e135858	holding it in 1996 in the city of Buenos Aires in Argentina
e135859	he was a dishwasher at a restaurant in the city of Buenos Aires
e135860	they do not go so far as to make pillows with chicken feathers and the like
e135861	when he poked his throat with a chicken feather
e135862	all along the way it plucked out chicken feathers
e135863	another one that lives only in Australia is the koala
e135864	the koala bear, a kind of bear, sleeps 22 hours a day
e135865	of all hair the moustache and the beard grow fastest
e135866	I had my moustache and all my beard shaved clean off too
e135867	the people called Yao
e135868	the Yao people took all the eastern part of Shensi and Kansu
e135869	we can no longer tend the vegetables and fruits we planted
e135870	if we can at least each put our own church right
e135871	when you make a mistake, blaming your computer and raging
e135872	at such a time do not at once put the blame on your children
e135873	even if I blame my clan and my kin
e135874	the a is not a pronoun at all
e135875	let us follow English in personal names and pronouns
e135876	since they are asking for help, wait patiently
e135877	waiting patiently until our time comes
e135878	Zomi, let us strive and wait patiently in prayer
e135879	he told us that he had come round and could now be spoken with
e135880	as they grew bigger and could now be taught things
e135881	as much as we allow for God, as much as we wish to give
e135882	tell us how much you wish to send
e135883	it is not known whether tomorrow will be black or white
e135884	may he give you a happier time tomorrow than today
e135885	there are only some that can be called so
e135886	the household will simply be at peace
e135887	a Mass service will be held and after the service
e135888	once we are born as humans we cannot do just as we like
e135889	once we are born a human we need to have a definite country and people
e135890	friends kept explaining to me the things I did not know
e135891	not daring to say one does not know even the things one does not know
e135892	two censuses in the book of Numbers
e135893	mistaking this census for politics
e135894	by the census of 2011 there are 830 villages in Mizoram
e135895	my mother and my sisters burst out weeping
e135896	as for me, I have two sisters who can look after my mother and father
e135897	I have already been to Zogam three times on the business of our people
e135898	he has already visited Myanmar a full 6 times for the Zomi cause
e135899	those called a small people are now about to become a numerous people
e135900	there is no more discrimination between few and many, black and white
e135901	Pastor Toplady too went straight home towards his church
e135902	I drove off at once in the car
e135903	the bus carried us straight off
e135904	those who are in the flesh cannot please God
e135905	though those at home told us to keep sending letters
e135906	the educated and all the stronger of the Zomi in Myanmar have already gone abroad
e135907	you divided into three kinds, the third being those mostly Mizo and Falam
e135908	President Park Geun-hye herself went to meet him at the airport
e135909	while he rested a short while at the airport of Moscow
e135910	the old too can just as well be the more foolish
e135911	you will be more foolish than a pig
e135912	the truly wonderful good sides of human life
e135913	in our life on earth nothing but choices
e135914	it greatly brings about a raising of the standard of living
e135915	they also met the former commander-in-chief Senior General Than Shwe
e135916	she is married to the commander-in-chief who is under her
e135917	the time for us to work together will surely come
e135918	we will begin from 2006
e135919	though the two sides were still exchanging fire
e135920	an exchange of gunfire and rival killing along the border of India and Pakistan
e135921	Mr Turnbull has taken the oath to be PM
e135922	having taken the oath before the people and the authorities
e135923	he said that money will now be charged
e135924	we try to give them meat to eat every Sunday
e135925	they served us very good tea and tasty cakes
e135926	give us a hen each to eat with it
e135927	doubting that we would see one, we kept looking all around
e135928	we feel lonely, and looking about us our minds wander here and there
e135929	just as God said, to put it briefly
e135930	above all, to put it briefly, when the British came up to take Zogam
e135931	it was believed that they would use drugs and always be getting drunk
e135932	he is the eldest of the brothers and is given to getting drunk
e135933	you are to keep repairing it and keep tending it
e135934	but it still needs tending and repairing
e135935	Mr Cope went on repairing and tending it right up to his death
e135936	he will come on a visit in the month of September
e135937	I have not come at the invitation of the government of Myanmar
e135938	they found that they go on driving cars without a licence
e135939	when a chicken comes into the house, though we keep chasing it
e135940	he is one who has certainly driven cars as well
e135941	the Zomi too, our place of origin, Ciimnuai where we first called ourselves Zomi
e135942	how it is these days when the parents who bore us get a daughter-in-law
e135943	the road to the village will be tarred as far as Lailo village
e135944	though there are no roads paved with tar
e135945	because good wood varnish is applied
e135946	so far they have not yet been found
e135947	so they have not yet been able to rescue them
e135948	there may also be taking them to dinner at a restaurant
e135949	the host ate with them and
e135950	parents love their children and
e135951	as much as parents hope of their children
e135952	therefore one must be very alert
e135953	it is good that they be alert
e135954	it is now high time to be alert
e135955	one gets no rest at all and is very tired
e135956	to be able to own a car, a fine house and good fields
e135957	having good fields in our village
e135958	besides fine houses, good fields and good things
e135959	they mostly went home by the city trains
e135960	taking the underground trains they went round the shops and
e135961	crying out loudly, asking for help
e135962	we shall have to repair it by begging
e135963	let women not speak out heedlessly
e135964	though we merely go on calling ourselves Zomi
e135965	though I myself am very much a Zomist
e135966	the Zomists mostly went forward with faith in the Union of Burma
e135967	once a little tiger cub, to its mother
e135968	the cub suddenly sprang across at me into the water
e135969	it can supply the antioxidants the body needs
e135970	because of the antioxidants contained in vegetables
e135971	because the Tamu area was struck by storm and whirlwind
e135972	in storm and heavy rain, leaving the warm house and heading for church
e135973	they said the Pope will visit next week
e135974	they said they will announce it in fuller detail within the coming week
e135975	very many famous singers of Myanmar also came
e135976	from our Myanmar he and U Thant were included
e135977	I called their life stories to mind again
e135978	be mindful that you are the rulers, and
e135979	I remember those times all the more and
e135980	it is very clear from the Bible
e135981	when a definite path to follow has been made
e135982	may be born very tiny, it says
e135983	if you are looked down on for being tiny
e135984	plucked all the hair until it was quite bare
e135985	I charged the foe and red blood spread
e135986	there being none, a crossing was made
e135987	on that crossing the English officer
e135988	sitting together on the flat roof of the hotel
e135989	they made camp on the Laili plain
e135990	on hill and plain, bones of animals and of people
e135991	so listen carefully and
e135992	listen carefully to the sermons of today
e135993	was listening at the tent door behind him
e135994	as long as you are not pot-bellied
e135995	rather than a very big belly, big buttocks and thighs
e135996	this shows our brotherhood clearly
e135997	it is a book about brotherhood and cooperation among workers
e135998	whenever it is known who planned it
e135999	who always planned together with the Zomi
e136000	yet it is still said that women need not study
e136001	we are still those who say there is no need to study
e136002	because the birds of the sky drove it away
e136003	they travelled by the position of the stars in the sky and
e136004	they are now investigating why the fire broke out
e136005	is now examining how they could be helped
e136006	it ought to be had without needing to beg for it
e136007	being human, we are bound to meet hardship at times and
e136008	making us understand how far we are one people
e136009	Lih is the largest lake
e136010	on the far side to the west there is Lih Lake and
e136011	of the songs of other peoples the ones I know best are Lusei songs
e136012	I will gladly explain it as best I can
e136013	with my not being good at English and our customs differing
e136014	ways to connect will keep coming
e136015	since it keeps occurring in place after place
e136016	things for you to do will keep coming
e136017	are we not simply to strive to be at peace
e136018	saying Kim Jong Un would simply lie low
e136019	that pool is called Vansangdim
e136020	taking the Vansangdim pool as the basis
e136021	it was where the Saizang people worked their fields
e136022	they came to be called the Saizang people
e136023	later Aigia village and others were added
e136024	a great boundary matter arose
e136025	in future when we have such a great undertaking
e136026	from the saibeel to the kau pot, by size
e136027	with a pot of very sweet beer in his house
e136028	they have already dropped bombs 162 times on places where IS is
e136029	they bombed Gaza city for a short while
e136030	because he was so uninterested
e136031	discern too whether they are interested or not, and
e136032	they will just come to know it without being taught
e136033	as they came to know the ways somewhat
e136034	there are two kinds of noteworthy things
e136035	did you spend 2010 as a very memorable year
e136036	at such memorable great occasions
e136037	there is constant striving to be able to cut the ropes
e136038	it is necessary to strive to be able to show it
e136039	who want to attend IDEAS Academy and do not know how to apply
e136040	why do I want to attend this school
e136041	it is indeed very unusual in the history of Myanmar
e136042	the meanings are indeed quite different
e136043	no longer mixing religion and politics
e136044	people of every race and every religion mixed together
e136045	do not mix your faith up with other things
e136046	they found that their brains are sharper and clearer
e136047	they are not any more considerate or wiser for it
e136048	with that insight, health, long life and happiness
e136049	what we call skill in thinking, insight and skill in working
e136050	in the Pentecostal churches too, many who do not have tongues
e136051	they used nothing but a strange language
e136052	it can make a person utter many kinds of strange speech
e136053	the father of the runaway son loves his son
e136054	the prodigal son too repented
e136055	in the second week
e136056	in between, the Xin Dynasty AD 9
e136057	now I am in this position
e136058	when they obtained the status of state religion
e136059	in 1947, officially into the hands of the Burmese government
e136060	matters of legislation, law and administration
e136061	it is not simply obtained with ease
e136062	but without simply saying that
e136063	why not simply go and tell him where he is
e136064	and more than ten other people were injured
e136065	in Chin State more than ten bodies were not found
e136066	they lived happily
e136067	they began to live happily
e136068	as long as it is a love song they simply sing it
e136069	as long as it is for the sheep to be fed
e136070	but on the day they had agreed on
e136071	there are many who vowed to keep themselves pure and really do keep themselves
e136072	something that blocks our going to school in the future
e136073	the way of giving names and the way of writing them are not all alike
e136074	the way of naming differs from that of other peoples
e136075	I do not say that my upbringing was too low
e136076	because our standing is too low
e136077	because his knowledge was too low and he could not keep up
e136078	there is no one who will stay on earth for good
e136079	without going back to Oxford she stayed on
e136080	staying on in Rangoon for good, is it
e136081	all who work on the campus are students
e136082	came to the campus of Harvard University
e136083	still waiting on the school grounds in broad daylight
e136084	with people who take bribes, pilfer and are dishonest
e136085	they will lure your children away and take them secretly
e136086	if you have not yet seen that movie
e136087	not only did he happen to look at what should not be looked at
e136088	they kept listening intently to what the teachers said
e136089	they learned the Tedim language right away
e136090	they also learned such things as dancing together right away
e136091	they are made to compete to be the best and the most skilled
e136092	only the two big parties are simply made to compete
e136093	as soon as Mrs Cope received the telegram
e136094	if it is known and treated as soon as the disease is caught, it can be cured
e136095	it is lovely to look at and catches the eye
e136096	it pleases the eye and gladdens the heart greatly
e136097	there are small clans and there are widespread clans
e136098	a people without writing is a stunted people, a people not full grown
e136099	it is each time like growth that shoots up and does not last
e136100	it will not be progress like growth that shoots up and does not last
e136101	for the winged termites to swarm out the termites bite the way open
e136102	they are the ones who first bit the way open
e136103	the sweet little words spoken in the days of courting
e136104	I would often roam about with friends as if out courting in the evening
e136105	they made it with the idea that it would keep for a long time
e136106	it can also be used for speaking of defeat
e136107	that we may become useful and usable
e136108	what I mean is that it does not keep long at all
e136109	what I mean is that it should be thought that important
e136110	who suffered spitting and slaps
e136111	they do not use such ways as slapping children
e136112	that is the Japanese slap
e136113	to make a statement with very clear aims
e136114	as for his own aim
e136115	will they hand over power or block it
e136116	it blocks the way to being able to work together
e136117	when Bu Kap arrives he will surely just go at once
e136118	would one not simply be that
e136119	they at once gave their votes to Mandela
e136120	lost with 12.8 million votes
e136121	they come seeking votes with words
e136122	he was the youngest among them
e136123	because our teeth are still young
e136124	keeps wanting the very young ones
e136125	in truth one wants it very much
e136126	it is not in the first place that they too are so eager to kill people
e136127	practise beforehand and be very diligent
e136128	to practise beforehand one needs to know things
e136129	they must first be made to train for the work in advance
e136130	it would not be wrong to say that God is more pleased
e136131	and the ones who will be more satisfied than I are you as well
e136132	they burned up many mithun skulls of the feasts
e136133	the head of the enemy that I set my mind on
e136134	I rather put it aside, meaning to read it later
e136135	after having one child, then later a house and a field
e136136	it will not use them unless another uses them first
e136137	how do others see it when they read it
e136138	even when others do not care about us
e136139	when each of us goes his own way we cannot hold together
e136140	wanting to found a separate church, wanting to stand apart
e136141	to stem that flow of water would be no easy matter
e136142	one can see that amending the constitution is no easy matter
e136143	for us to change it quickly will indeed not be easy
e136144	shooting and catching game is not allowed
e136145	preferring to roam the forest hunting
e136146	Champhai, Aizawl, Ngopa, Mimbung, Kangkap
e136147	within Ngopa Sub-Division, Champhai District
e136148	it comes mostly from using unclean toilets
e136149	going straight to the toilet, in front of the big mirror
e136150	the fear of God is the root of wisdom
e136151	the fear of the LORD himself is the beginning of wisdom
e136152	cannot work together with the tools of the devil
e136153	to work together, laugh together, share together
e136154	shall we say if we die we die, face it squarely and fight
e136155	when they stand all facing outward
e136156	let us sing a song after the custom of our forefathers
e136157	to sing songs together with laughter and jest
e136158	among them are 24 Nigerian nationals
e136159	the other places were won by 5 Nigerian pastors
e136160	his hair, which was gleaming white
e136161	when I saw it standing out clearly on the memorial stone
e136162	those who use it well are never below others
e136163	because those who use it well get much done
e136164	Satan always plans to ruin the church by using false teachers
e136165	false teachers, people who cannot really teach the truth of the Bible
e136166	that narrows our minds
e136167	it means that its scope too will be made somewhat narrower
e136168	has made the world narrow and small
e136169	you will be merely a selfish person
e136170	when two selfish people meet
e136171	a life that is selfish and thinks only of personal gain
e136172	the bridge over the Tuikai stream used on the way to Tuizang village
e136173	one strand of hair on the crown of my head
e136174	without a single possession in money or goods
e136175	there is not a single thing to dispute
e136176	if those who follow next do not understand it clearly
e136177	we surely are those joined by one navel cord
e136178	the Zomi too strive for learning and envy no others
e136179	because we were people who envied no one else
e136180	it will be very important to join our minds and our work
e136181	on that very work of ours
e136182	what we Zomi find to be tasty food
e136183	it leads to not being able to attend school or eat good food
e136184	feeding each other the tastiest food, they were fond with one another
e136185	hear from each other, talk, be playful, tease, discuss
e136186	they had laphei, funeral songs, war songs, game songs and feast songs
e136187	lapi, latung, laphei and the like cannot be used by other peoples
e136188	Food Stamps and Medicaid are received from the first arrival
e136189	from the time we first arrived in Khuukpi quarter
e136190	there is a mark of God's very great blessing on the murderer
e136191	should one answer just as the murderer does to us
e136192	the mighty God whom we worship
e136193	because that death is precious and glorious
e136194	the Christmas message, which is the chief joy of Christians
e136195	it is a special inborn skill, and for Christians
e136196	at the village entrance they sang the victory song, fired guns and came in over the ridge
e136197	at last he reached the edge of the village
e136198	bringing game home over the ridge becomes a young man
e136199	it will not be measured by the bride's cloth and the goods she brings
e136200	it is not measured by the arrival of the strongest
e136201	it is a freedom not measured by much or little
e136202	in the households many still did not have one
e136203	go and ask for help at every house in the village
e136204	they would often go on a game drive
e136205	in hunting, the whole drive area of forest is apt to be burnt
e136206	the Zomi could make gourd ladles and wooden troughs
e136207	the kidneys and the rest are given separately in a gourd bowl
e136208	as they said, I now keep looking out for him
e136209	she will keep looking out for her husband from the hospital
e136210	our strength in our own place and home
e136211	using time, possessions and energies skilfully
e136212	to read pages 19-20, or else to know
e136213	we have begun to write a new book, a new page
e136214	they have also placed long-range guns
e136215	they fired 3 long-range missiles
e136216	Mozambique is one of the poorest countries in the world
e136217	it is what the Americans found from Mozambique in February
e136218	we rested for a while in the car
e136219	from then on without any stopping to rest
e136220	we rested at the house of the ladies
e136221	technology only makes the spread of news faster
e136222	the highway speeds up life and activity
e136223	the Zo birds and the Zo hornbills sang sweet songs in gladness
e136224	throughout the Klang Valley the water will not run on Monday
e136225	saying the water will not run for 24 hours
e136226	the ASEAN summit, in Naypyidaw the capital of Myanmar
e136227	goes on to Naypyidaw on the business of the road work
e136228	he is at present in the Semenyih camp
e136229	is at present in the Semenyih camp
e136230	if possible it is best not to go about in town
e136231	it is best not to go around that area
e136232	it is better not to go out
e136233	there is still much ahead of us to work out
e136234	the Lord will be able to keep leading us in what lies ahead
e136235	it is no longer the time for beating
e136236	being struck and beaten on the head can be remembered for life
e136237	there is no quarrelling, hatred or beating
e136238	sons are valued more than daughters
e136239	if we lift up, raise and esteem one another it is far more pleasant
e136240	even if you have never suffered beating and flogging
e136241	there are 5 places for playing golf
e136242	it will lead on to a great political regression
e136243	they have also placed big guns for near and far range
e136244	in the city of Phoenix and all the area near it
e136245	may everyone who is near be sure to take part
e136246	because a leader held stubbornly to what he said, nothing was achieved
e136247	if you insist on what you say, then it is up to you
e136248	it is when it is spoken freely in Zokam
e136249	she kept grumbling, saying so
e136250	without needing to think he just readily runs us down
e136251	I love the motherland like food
e136252	for the people bound like a cord by a love like that for food
e136253	a deer was running along
e136254	they ran from place to place bearing the very name of the people
e136255	if we sit together and take counsel together
e136256	I take counsel with Siangmang
e136257	it greatly needs looking after so that it is not lost
e136258	it is plain that it is lovable and very much worth keeping
e136259	there is no development at all
e136260	if we want development and prosperity for Zogam
e136261	I asked where they got it from
e136262	when I asked whether it was so
e136263	my beloved who is in a far land
e136264	from a high hilltop, the far land
e136265	my heart is no longer content
e136266	is our heart fully content
e136267	they do not really manage to work the full 8 hours
e136268	blame and misjudgement grew more and more
e136269	it bears with misunderstandings and sees misjudgements rightly
e136270	the guidance of the great shepherd and his leading us
e136271	try to follow behind the shepherd
e136272	they looked at me with broad smiles
e136273	he will come and look at the situation of the Zomi and also give encouragement
e136274	if our friends are good we too will be good
e136275	our fellows have become more numerous than we are
e136276	it is an organisation that is to act as representative
e136277	it became an organisation recognised by the world
e136278	he is of the Tongseal clan
e136279	Vice President Pu Tongseal too has already set out from Denmark
e136280	a zip is needed so that it can be closed
e136281	by the 1970s metal zips could be made
e136282	when I travelled around Switzerland
e136283	every developed people travels a great deal
e136284	he completed up to Grade 7 at Kalaywa
e136285	from Kalaywa various goods, mostly those to be sent to Chin State
e136286	a church built on money will be ruined
e136287	not knowing anyone to ask for money
e136288	its decline may not be seen at once
e136289	progress that can be seen at once is also needed
e136290	now they have again become peoples with a land of their own
e136291	so that it could become a settled territory
e136292	so that we can have a firm place and a firm land
e136293	let us aim to leave our children businesses that will serve for many generations
e136294	because we are those who have lived together for many generations
e136295	it brought great progress in the field of medicine
e136296	22 were taken to hospital with burns
e136297	is at present the secretary
e136298	those who will lead Zogam in the chief posts have been appointed
e136299	from office attendant to Deputy Director General
e136300	out of kindness he employed me as an attendant
e136301	only those fairly well known to many people
e136302	even quite recently the government of Israel
e136303	it will make us forget many of the hardships of our life on earth
e136304	do not let that be forgotten
e136305	when the fighting died down they went back to Kawlbem village
e136306	they fled to Kawlbem village in Mizoram, taking refuge with relatives
e136307	he was always among the founders of all the organisations
e136308	the founders of the AG church
e136309	that they give a script in the language of the people of the land
e136310	in our language too is it not simply Germany
e136311	the happiest person in that land
e136312	he alone makes the decisions and likes giving orders
e136313	your decision too will come to nothing without the call of God
e136314	a mature people, a full-grown people, a developed people
e136315	becoming ever more mature, it is to grow up more and more
e136316	all that we want and desire will come streaming to us
e136317	dragging his big foot along he lay down again on his bed
e136318	have you already eaten your meal
e136319	do not eat it up in a hurry
e136320	rather more skilled than others
e136321	it does not mean that they are wiser or more skilled
e136322	if we look at some five kinds of submission to the government
e136323	the government, called the servants of the state
e136324	quick to act violently
e136325	the violent attack of the soldiers on the Kachin
e136326	evil men who bear violence
e136327	the fourth Thursday of November as a holiday
e136328	do we think it right to remember them only on Mothers' Day
e136329	celebrate the millet harvest, celebrate the grain harvest, celebrate the game killed
e136330	we come home with a hundred baskets of millet
e136331	with his longing to do the work of God
e136332	he made his wishes known
e136333	the old man was reading a newsletter
e136334	to have announcements in Zolai
e136335	when he was producing a monthly newsletter
e136336	the Lord raising up the Zomi, with house and field
e136337	they promote them well and give them a fitting place
e136338	work rather than talk
e136339	a word used of too much fondness rather than of dislike and contempt
e136340	it is exemplary and a great source of blessing
e136341	I find it more strengthening
e136342	in the Sadar Hills the Kuki chiefs
e136343	to make Sadar Hills a separate district
e136344	to step in pig dung and cow dung
e136345	were they afraid that we would step on the bare ground
e136346	it has begun a journey round the world
e136347	they went round three times again
e136348	he went to work as a missionary at Kyauktaw in Rakhine
e136349	the Rakhine and the Mon
e136350	it pricks our knees and shins all over
e136351	there is a danger of gashing the shin
e136352	even if you are by the roadside, drunk and overfed
e136353	whatever they hear along the road
e136354	a board for notices to be announced to the public
e136355	if it is not in the announcement before that day
e136356	where it might be got
e136357	where on earth could one get tea
e136358	owe no one any debt
e136359	the greater part is still owed
e136360	they worked under the burning heat
e136361	shielded me from the burning heat
e136362	we urge every Zomi to have one
e136363	that all should have the same national dress
e136364	so that the whole world may have clean toilets
e136365	besides there will be five guests of honour
e136366	offerings were made at times for the guests of honour
e136367	we of the ZAM-ZSM office mourn together
e136368	we are very sad to have heard it
e136369	he founded it in Maharashtra in September 1925
e136370	Maharashtra, Chhattisgarh and Goa, the states where the BJP is strong
e136371	do keep looking after our Zolai
e136372	follow some outward laws in their own way
e136373	people speak according to their own wishes
e136374	if our wishes differ let us each try to agree
e136375	I have sat it without any preparation
e136376	they are preparing hard
e136377	as there was only a little meat in our dish
e136378	Esau, for one bowl of stew
e136379	there is also a place for washing the dishes
e136380	let us each mark them as the engines of organisation
e136381	all the brethren who recognised me
e136382	it will become more and more at home among our people
e136383	they have already become very much settled
e136384	the passing on of events of all kinds, communication
e136385	general communication and the ways of the developed great countries
e136386	wages for work rather than a gift of money
e136387	preferring to encourage being called Chin rather than to encourage it
e136388	brothers and sisters, parents, grandparents, close acquaintances
e136389	my own grandparents and parents
e136390	those who want insurance can buy it on Khuado day
e136391	for those who want to buy insurance, August 30
e136392	what new discovery do you have
e136393	that discovery is not bad, rather it is very good
e136394	he came to a new insight about baptism
e136395	when they reached the island of Saint Helena
e136396	his treasurer Judas Iscariot betrayed him
e136397	there is a danger that we become a Judas Iscariot
e136398	hot, salty, bitter
e136399	what we have busied ourselves with for over 20 years will come to nothing
e136400	it means that you will have to attend to it
e136401	not busying themselves with their country, they seek money and learning
e136402	in the state of Orissa in 1999
e136403	in Orissa in India
e136404	strive to found various organisations
e136405	let us not yet talk of founding a country
e136406	to found a church on returning home
e136407	we shall keep working together for the Zomi
e136408	one just has to keep taking pictures all round the Himalaya mountains
e136409	he keeps photographing what he is very fond of, and those pictures
e136410	all who have leadership succeed in that way
e136411	that the new leaders may have skill in leading the country
e136412	for the leaders to lead well and the wishes of the people
e136413	the houses of the time when the British queen ruled us
e136414	the condition and the mind of the time when Ne Win ruled us
e136415	and yet the Burmese who rule us and the Burmese language
e136416	he went to night school at Tuitum and passed Zolai second grade
e136417	it was revised up to the first and second grade
e136418	4000 first grade books, 4000 second grade books
e136419	among our neighbours above and below too
e136420	among the neighbours, on the way to the fields and to work and everywhere
e136421	while guarding our own yard let us look round at the neighbours
e136422	when I cried hard against my will my mother soothed me
e136423	I cried in earnest
e136424	the Taliban for their part said, we shot it down
e136425	there are more than 4000 Rohingya in Cameron Highlands
e136426	that the Rohingya people in Myanmar be accepted as citizens of Myanmar
e136427	without being lazy and listless
e136428	from the various groups, without distinction of church
e136429	with leaders from the various groups working in politics
e136430	among the Zo people who are still in various groups
e136431	announcement of the GZI EU Center
e136432	people's contact, sharing of news and passing on of skills
e136433	in the announcement of that day
e136434	among brothers and sisters love can be shown by giving
e136435	in religion, among siblings, in the affairs of clan and kin
e136436	with my father in the joys and sorrows of the family circle
e136437	they stayed gathered together warming themselves at the fire
e136438	they sat together round the evening meal
e136439	they sat together on the front porch
e136440	the ones who lose and are hurt are we ourselves
e136441	I am a man who lost much in learning and skill
e136442	it is a noun, and in its verb form
e136443	it can no longer be written with subject, verb and object clearly told apart
e136444	the sound of the children crying is not heard from the field hut
e136445	if today you hear the voice of God
e136446	because they have many friends and peers
e136447	which his peers could not attain
e136448	the town of Ephesus is today in the country called Turkey
e136449	after you have entrusted it to him your help will not be needed
e136450	since he has loved us, we too one another
e136451	after the year 2000, to move abroad
e136452	because we refuse help our obedience cannot grow to maturity
e136453	Christian practice is no longer first of all a religion
e136454	into the doctrine of the faith and practice of the church
e136455	all the children follow, and the other young people
e136456	when it was shared out to all of us children we were very glad
e136457	all the children can feel free and enjoy themselves very much
e136458	saying I am a Zomi, commit yourself to God
e136459	saying so, a little to the side
e136460	if we listen to the preaching of the preachers of today
e136461	the preachers interpret the Bible wholly by the thinking of their own people
e136462	once a place has been arranged for you
e136463	a better policy can very well be planned for us
e136464	because seating too has been carefully arranged
e136465	the red glow just after sunset is more beautiful than the moonlight
e136466	under the moonlight, from the side of Thangmual
e136467	in the moonlight of Tedim town until one at night
e136468	it is time for the Zomi to awake, the rooster is crowing
e136469	all the roosters of Zogam were crowing with joy
e136470	his arms and legs were long and spindly
e136471	they are not fat but thin and lanky
e136472	they are small and curving, and slender
e136473	they are all just old cloth patched with new cloth
e136474	from Sakhankyi to Bohkaan
e136475	wood roughly hewn with an axe, which needs to be rubbed smooth
e136476	a very smooth piece of hardwood is used as a pillow
e136477	in the Gombak lockup, in Lenggeng camp, in Tanah Merah camp
e136478	ten people who are in Lenggeng camp
e136479	in the examinations from primary to high school, from first place
e136480	he always spent much of his time on garden work
e136481	who always goes with us wherever we arrive
e136482	he passed grade 8 with a distinction in mathematics
e136483	someone is needed to teach the tenth grade the subject of mathematics
e136484	because gamma rays simply pass easily through the human body
e136485	even your fellow workers may happen to see right through to its faults
e136486	going beyond our fathers, let us seek to trust our Father in heaven
e136487	even one who has never once served as a leader
e136488	broader in outlook than those who have never travelled at all
e136489	there will surely be those who do not at all want you to serve as leader
e136490	nearly all his brothers and sisters gained degrees and all have work
e136491	in almost every country where English is used
e136492	almost all the Tedim youth, girls and boys
e136493	but now I want it as my career
e136494	the countries of the Middle East now want democracy
e136495	whether he wants it or not, it is not for him to choose
e136496	your urine stinks, your dung stinks
e136497	your urine and your dung stink too
e136498	our forebears repaired and tended it
e136499	in 1923 the word Jesuh was written not Zisu but Zheishu
e136500	Jesus went with his disciples into the land of Judea
e136501	such things are good work
e136502	what we call truly loving the Zomi is things like these
e136503	some take such things as opposition to the government
e136504	the government promised to rebuild the towns damaged by the earthquake
e136505	I want to speak of the bridges damaged along the Meitei river
e136506	in place of five high towers and the others that were ruined
e136507	the cluster of illnesses in my chest
e136508	it is far more important than a trustworthy host of soldiers
e136509	they are a heap of lies
e136510	when I think back on it I am ashamed
e136511	when there is discrimination again the people speak ill of us
e136512	because one ate to the full one was hardly hungry
e136513	there is still what we shall eat to our fill
e136514	because Jesus gave food to the full
e136515	they hardly have such a thing as counting weeks
e136516	if you are going without really having an appointment
e136517	at the workplace not being of one village
e136518	though we fly to different sides beyond many hills
e136519	it makes us very proud to be Zomi
e136520	it makes us more and more proud to be Zomi
e136521	even just looking at it makes us proud to be Zomi
e136522	the book of the mother's hospital visits
e136523	the private clinic where he was examined was also uneasy
e136524	we are still vying to be the first to take it
e136525	they vie with one another, striving to win the favour of the leaders
e136526	handsets keep competing with one another
e136527	because he announced his resignation
e136528	they demanded that President Park resign
e136529	it can be passed on by kissing those who have a wound in the mouth
e136530	in the MA Previous examination by the grace of God I got 66.8% marks
e136531	from that examination I obtained a lectureship
e136532	the place where I sat the Standard 3 examination in 1958
e136533	it is best not to wear them at all
e136534	what is worn may be more like not wearing than one would think
e136535	there were also many who stayed the night at the place
e136536	to have the evening meal and stay right on for the night
e136537	that man filled out, grew big and grew up
e136538	after it is covered it swells
e136539	the face no longer as full as before
e136540	my arm with which to hold off the enemy like a fence
e136541	then the enemy can only be held off like a fence
e136542	Kimpu too came round somewhat and became more aware
e136543	revived little by little and got well
e136544	putting the kettle on the hearth
e136545	she put the kettle on the hearth made of an iron ring
e136546	on clothes, on teapots, on paper
e136547	it was first written in the three scripts of the places where Jesus lived
e136548	Australia, the home ground of Zomi and of pouched animals
e136549	it is the home town of those I first knew of Pauno's kin
e136550	the people of old had it as a proverb that those with an evil spirit ruin themselves from within
e136551	in former times the people of old did not yet use such things as pen and paper
e136552	the good times of being in love with former sweethearts
e136553	do you ever think of your former sweethearts
e136554	do not keep boasting of the skill, goodness and wealth of former sweethearts
e136555	I keep thinking back on the good times that are gone
e136556	I remember the good times when we talked in Zolai
e136557	let us go on telling of the happy times of talking together
e136558	No 1 World Trade Center, which is being built right now
e136559	I am in the middle of looking for one
e136560	because my time was too short
e136561	even this one very narrow little section
e136562	the bigger the block the greater the headache
e136563	all the more if the elders are Christians
e136564	if one once served as chief in a village
e136565	we long that they do the work of God in holiness
e136566	all your documents and your full home address
e136567	love me as much as before
e136568	it will not be possible to find it out
e136569	the meeting ended with prayer together
e136570	morning and evening we should hold prayer together with the children
e136571	time spent together with the Lord in complete quiet
e136572	will hold a grand get-together with the public
e136573	a get-together will be held as below
e136574	they are left evenly spaced
e136575	a place is still kept for you
e136576	it is simply left to grow on
e136577	too much longing can wear us out greatly
e136578	troubling us, exhausting us and weakening us
e136579	that can hold back progress and spoil business
e136580	the coldest places on the hilltops are called tamgam or Zo
e136581	the high country is late
e136582	these kinds of apple in the high country, in places of loose and soft soil
e136583	potatoes can now be dug
e136584	there is very much digging of underground railways and the like
e136585	sick with sores he kept scratching himself
e136586	it means each of us scratches his own bosom too much
e136587	if there is a meeting with a person of standing
e136588	for us to live with dignity as human beings
e136589	sewing together the soil of Burma and India
e136590	the Zomi of Burma and India
e136591	it is still sung even all along the border of Burma and India
e136592	just as was agreed with Hang Sai
e136593	because the term of their agreement has run out
e136594	because it was damp and soft when he touched it
e136595	if dressed in shabby worn clothes
e136596	the soft soil that they have crumbled
e136597	very many have emigrated to other countries
e136598	all who migrated out of Ciimnuai
e136599	it is a sign by which to say we are a separate people
e136600	it is what shows that it is truly our people
e136601	he put it in a place where it could be seen
e136602	the rising morning sun shone in through the window
e136603	when the early morning sun shone brightly in through the window
e136604	when day breaks the affairs of the morning will be shared out
e136605	they visited one another, sharing their plans together
e136606	a forked post is set up for each feast mithun killed
e136607	for them one forked post is set up
e136608	one whole day will be spent in a grand way
e136609	we spent just about a whole day
e136610	for a full three weeks
e136611	good positions and posts of high rank and office
e136612	to the high-ranking and office-holding government officials
e136613	do not join merely out of a wish for a name
e136614	from the interview on they get to carry on with their matters at once
e136615	the hard ones do not last, the soft ones last longer
e136616	the strong oppress the weak
e136617	one who goes to work in the afternoon also gets the same wage
e136618	after each had held it, in the afternoon
e136619	but towards the afternoon
e136620	therefore if we look from that side
e136621	it is a view from the side of that perspective
e136622	not having it considered only from the doctor's side
e136623	so the British recorded it
e136624	it is the day marked as blue full moon day
e136625	so we note it
e136626	in the year 1891 they managed to take Zogam as well
e136627	besides all the leaders of Zogam attending there in full
e136628	there will be many who already know this setting
e136629	no human being is born already knowing and already wise
e136630	Rehoboam succeeded to the kingship of his father
e136631	the greatness of Joseph was not rather his having royal rank
e136632	God put him back in the kingship
e136633	looking at the rays of light that shone out to the outside
e136634	he makes the glory of God shine forth
e136635	work as one who will inherit the earth
e136636	she may have said he will inherit all the wealth of Abraham
e136637	bring it to the church, the teachers will have it
e136638	it is not one who does not believe, it is one who believes wrongly
e136639	they wrongly believe that they are a people of no account
e136640	it is to be believed without mistaking how it is
e136641	half of it has already been used up
e136642	they had already settled as such
e136643	they had already asked for a full state
e136644	because this way of viewing history is not right
e136645	it can come about because of wrong thinking
e136646	to go into the backwoods without shoes
e136647	compared with the backwoods that I left
e136648	Khuado was celebrated at Sairang on the Tlawng river
e136649	while we were chatting a gun sounded once across the Tuichang
e136650	the rivers Tuivai, Tuirini, Serlui, Tuichang and Mat are very well known
e136651	it is something they met with only once
e136652	it is not to rejoice only once in 365 days
e136653	my father, even once
e136654	they also invited the old women of Sweden and honoured them
e136655	these old men and old women are ones who eat whatever they like
e136656	not to speak of women and old women, even the girls nearly all have one
e136657	concerning this matter, in the Urdu language
e136658	English, Hindi, Urdu and Punjabi are used as official languages
e136659	one should strive for equality as far as one can
e136660	it is one where the good looking and the ugly are all alike
e136661	who strove for equal standing and equality
e136662	by misfortune there can be a time of being without work
e136663	a time of living apart will come
e136664	he made peace with them without blood flowing
e136665	his blessing may not flow to us
e136666	your blood will not flow for nothing
e136667	in the home of your father and on your land
e136668	in the pleasant home where we gathered together
e136669	if one writes in this way there is still more to write
e136670	as they are joined, if we write it by the full sound
e136671	the whole people not eating food for two or three days
e136672	for two or three young brothers and sisters
e136673	it is also a day to pray for all created things
e136674	Christ Jesus being born before all things came to be
e136675	authority over all the things God has made
e136676	the meeting may be especially important
e136677	as it is especially important for students and especially worth noting
e136678	tend and care for it so that the trees and grass grow lush
e136679	he restores again the ruined life and conduct
e136680	its form and majesty are great, are grand
e136681	because its form and majesty are seen
e136682	just as we have said above
e136683	when we look at the things we said above
e136684	when they returned to their country
e136685	when they gained freedom and began to rebuild their country
e136686	leaving their country they lived as refugees in the land of others
e136687	then it was celebrated and they called it the feast of a hundred of grain
e136688	for the health of the grandchildren and to be able to reap a hundred of millet and of grain
e136689	as it is one of them, we share it with pride
e136690	congratulation, pride and respect at your success
e136691	the man who brought about the revolution in Cuba
e136692	with some who wanted a revolution
e136693	how will the Israelis retaliate
e136694	it makes one wonder how we are
e136695	if we were to choose, how would it be
e136696	people who got the record of a name entered at UNHCR
e136697	just carrying it with music put in
e136698	they also wanted to show the ways of leading students
e136699	he wanted all the more to show love to his mother
e136700	it is not long since it reached Zogam
e136701	as it is also not long since the NGOs came in
e136702	so it is not long at all
e136703	birds and wild animals dwindling more and more, the forest emptying
e136704	especially in Malaysia it is very much needed
e136705	especially, being able to show it to other nations is needed
e136706	when I keep winding up my heart like a cord
e136707	at Tedim the hearth was cleared out nine times
e136708	it is said it was cleared out nine times
e136709	on reaching Phatzang they again saw a group
e136710	starting from the very inner house, lighting torches
e136711	the spirit of the inner house and others were also sacrificed to
e136712	India, for one, is a bigger country than Sri Lanka
e136713	in the countries of India, Nepal and Sri Lanka
e136714	after going around the city of Baghdad
e136715	the US embassy in the city of Baghdad in Iraq
e136716	he too knew that his phone line was not connected
e136717	in the end he picked up his phone
e136718	we used to bring gloves and the like
e136719	her clothes, her bracelet, her necklace, her beauty
e136720	a purse, a wristwatch, valuable things
e136721	the Zomi, owners of the land, and custom
e136722	the Zomi are the owners of the land
e136723	even if one oversleeps, being late for work
e136724	they really overslept and did not go to class that day
e136725	because it stays lingering in my mind
e136726	goes on always without resting, without standing still
e136727	not standing only on this small-nation mindset
e136728	standing not on quantity but on quality
e136729	makes our hopes blaze up like fire
e136730	it will no longer be necessary to fell many live trees for firewood
e136731	the trees and plants were all cut down and used for firewood
e136732	while I was at the roadside, being very hungry
e136733	at the roadside, around houses and in various places
e136734	it is good to have them learn some handicraft such as knitting
e136735	whether knitting or sewing
e136736	as important as it is, having a good family is hard
e136737	its importance in geopolitics not lessening
e136738	because it has great importance in Mizo history
e136739	the students burst out laughing again
e136740	a strong wind blew in a sudden gust
e136741	we left it where it was and ran off at once
e136742	between 2005 and 2007 people settled in the new quarter below Takheuh
e136743	repenting of all sins
e136744	repent of your sins
e136745	or if he repents and changes his mind
e136746	the soldier stood sentry at once
e136747	when a soldier was to stand sentry
e136748	we at once watched the Japanese sentries closely
e136749	in the driving out of spirits
e136750	however, they first succeeded in 1948
e136751	though we discuss our wishes and views, if our views should differ
e136752	is without beginning and without end
e136753	it would mean that the love of God is a limited love
e136754	because a matter has an end
e136755	because of the love of God for us a comfort was received
e136756	went about proclaiming the love of God for us
e136757	the blessing of your father and their love for you
e136758	do not do it rashly at once
e136759	kicked him down hard and abruptly
e136760	like the Nyishi people of Arunachal Pradesh in India
e136761	those who use the new calendar
e136762	as for those who use computers
e136763	those who use words that bring progress
e136764	going to school while based in Bungmual village
e136765	all the elders conferring
e136766	having a talk with the Nashville Zomi elders
e136767	because they each got the visa only at 12 midnight
e136768	at midnight they left for home
e136769	do not ask what it can do for you
e136770	is at present also serving as headmaster
e136771	on the seats and tables
e136772	the seats and fine tables that we set out
e136773	the animals of the kin are slaughtered in turn with the brothers
e136774	just as on the day of the kin's slaughter
e136775	rather than taking the trouble to go on foot
e136776	there is no need to go so far as to say such things
e136777	this work of our Laipian brethren
e136778	our dealings with Muslims, Buddhists and Laipian followers
e136779	the waterfall on the American side is called American Falls
e136780	beside American Falls there is also a smaller separate waterfall
e136781	but Zambia is a country of black people
e136782	the Zambezi river that flows between Zambia and Zimbabwe
e136783	it keeps bringing about mutual hatred and rivalry
e136784	it should not be used for estrangement, mutual hatred and division
e136785	at that time the longest among cable bridges
e136786	it is arranged on the third floor of Shewkabar in KL
e136787	the record of Zomi history
e136788	they use the reckoning of days of the traditional Korean calendar
e136789	using and keeping Zo writing, Zo speech and Zo customs
e136790	they are those who no longer use Zo speech, writing and customs
e136791	going from Dimapur by train
e136792	CBCNEI set up bookshops in Gauhati, Dimapur and Imphal
e136793	it was moved to the present Durtlang site in 1995
e136794	it means that it will keep going on
e136795	they kept coming along while chatting
e136796	from time to time they invite him and he keeps going
e136797	the time being far too short
e136798	if the time were not rather too short
e136799	the translated Tedim Bible that was sent from Burma
e136800	I handed all my translated writings over to him at once
e136801	with a longing for a more comfortable life
e136802	with a longing for a more comfortable life, in the past year 2015
e136803	the main and lesser bride price and the custom each of our villages uses
e136804	because I did not receive the main bride price for her
e136805	those who really trust us will trust us indeed
e136806	those who really wanted it wanted it very much
e136807	if they built me a little hut that I could shelter in
e136808	only those who have given the feast can have a share of the feast beer
e136809	he had it portioned out to all who had given the feast and partook of the feast beer
e136810	concerning Jesus the matter of redemption is more basic
e136811	there is always someone better founded and richer than we are
e136812	Kimpu took him by the hand and made him sit down again
e136813	Hau Lun pulled me by the hand
e136814	to be able to get a share of meat from the hand of the Burmese rulers
e136815	secondly he tells us to seek the righteousness of God
e136816	bravely and confidently, just as the leaders told us
e136817	the plan is that urine and sewage would then be drained off separately
e136818	or else a river where the foul water of urine and sewage keeps flowing
e136819	each will also have its rules and its ways of conducting itself
e136820	it can also be because of things like an unjust conduct of politics
e136821	because even just outside our fences the trees were still thick
e136822	among the many poor and outcast
e136823	widows, orphans, outcasts, the poor, the wretched, the afflicted
e136824	this church sent 2 people to Bible school in Taunggyi
e136825	he attended Taunggyi college by correspondence
e136826	it is because there is no definite leader whom we find worth following
e136827	they are leaders who are trustworthy, worth following and exemplary
e136828	he went on behalf of SCOUHP and the public
e136829	it is what the public paid for
e136830	I feel strongly that we need to understand
e136831	to understand, to encourage, to work along with the leaders according to their aim
e136832	as long as it is done in keeping with the plan
e136833	as long as it is joined with skill and training
e136834	doubt is caught from others very easily
e136835	believing all that ought to be doubted
e136836	they arranged the funeral slaughter and feast
e136837	they provided the funeral slaughter and feast
e136838	why should what has already become the capital at Haka be moved
e136839	Haka had simply already become the capital
e136840	going into the house of the chief
e136841	the IS criminals went in and seized some people
e136842	the Westerners, who use study, research and practice
e136843	they have firm resolve and practice
e136844	because of that the different cultures have now come to meet one another
e136845	meeting at once with the leaders of his country
e136846	if we keep to our own Zo custom of naming
e136847	they differ even down to the way of naming a child
e136848	if we think it over well again there is really nothing to lose heart about
e136849	it is best if they are made to look it over once again at home
e136850	National Day is held as a showing of the unity of the people of the land
e136851	love for one another and great unity come about
e136852	after some 4 years had gone by I forgot these things
e136853	even when things on earth do not at once turn out as wished
e136854	in Thailand I have held concerts in places like Chiang Mai and Bangkok
e136855	the journey of the ZCD leaders to Chiang Mai
e136856	if we count in only the Zomi, is that narrowness
e136857	but it is not a matter of narrowness and breadth
e136858	as for the more peaceful country of Burkina Faso
e136859	he spoke about the new birth on the basis of the story of Nicodemus
e136860	the word of salvation, of new birth, of joy
e136861	they would speak harshly to one another, saying such things
e136862	the umbilical cord was cut with a knife taken for it
e136863	winding it round, they tied the umbilical cord
e136864	the 8 injured people too were taken at once to Songkhla Hospital
e136865	in this same Songkhla Province as many as 3 human trafficking camps were found
e136866	the communists were angry and showed their discontent to the Chinese government
e136867	he took it back again from the hands of the Karen rebels and the communists
e136868	the places where many such wind turbines are set up
e136869	even though we cannot send very costly goods along with them
e136870	even if you cannot give a funeral cloth to take along
e136871	he won the outstanding student title in grades nine and ten
e136872	up to grade ten I always took part in the outstanding student contest
e136873	he always served as an elder and a kind of assistant pastor
e136874	assistant teacher at Laaitui Private high school
e136875	they agreed to found a village again in this Dolluang land
e136876	in 1901 they founded Theizang village again
e136877	go and found Laibung village again
e136878	I got the B.Ag degree from the Institute of Agriculture, Yezin
e136879	once, getting an invitation to the Yezin UCF farewell dinner
e136880	very many people finding it most gladdening
e136881	we can now have various gatherings, which is a cause for joy
e136882	how this day came into being and its aims
e136883	how the opposition among the Muslims came about
e136884	we carry on communication on the internet
e136885	in today's age of global communication, what is called victory
e136886	according to information got from the government office
e136887	through information got from inquiry made out of personal concern
e136888	the matter of clan should not be made too much of
e136889	as hatred over clan matters grew more and more
e136890	not to be taken up first with village, clan and dialect matters
e136891	the word of God unites the Zomi
e136892	the word of God unites us
e136893	heedless of the people's looks they acted just as they pleased
e136894	out of heed for the look of someone
e136895	when every single one of us works diligently
e136896	after all that there is to do has been done for you
e136897	none of all the churches there being able to use a church building
e136898	until I make it a very good knife I turn it over many times
e136899	though on earth there are things to pursue until they are reached
e136900	wipe out your faults and mend yourself
e136901	do not blot their names out of your book
e136902	the women opened their trunks
e136903	the Zo cloths that are always kept at the bottom of the trunk
e136904	he happened to spray near where the dish is made too
e136905	what dish they have at home today
e136906	in the conversations of ordinary people such things are often heard
e136907	the meeting and conversations of our Lord and Mary
e136908	they keep to that way of life right through
e136909	she cannot go on using the name of her birth clan
e136910	it went on being used only up to Microsoft Office XP
e136911	makes us acquainted with the great and eminent
e136912	keeping company with the great and eminent
e136913	do not the eminent have love all the same
e136914	though I thought he would pay for the meal
e136915	my friends will surely pay for my meal
e136916	if only we mend and repair the handiwork of the earlier generation
e136917	because the scholars of the earlier generation did not study history thoroughly
e136918	his wife's striped skirt spread on the veranda rail
e136919	it swooped down to the rail and perched at once
e136920	lying spread like hair on the bosom of the beloved
e136921	shall we part like hair tomorrow
e136922	they say there is no taking the wrong road or getting lost
e136923	the people not losing the way, the road to follow being clear
e136924	the car passed out of sight between the houses
e136925	join this stream, flow on and pass out of sight
e136926	though one longs, it will pass out of sight
e136927	we are very glad that you could talk with ZogamOnline like this
e136928	we could again talk with the one better known as E-Tuang
e136929	the Manipur government is hard at work
e136930	it is needful to take up our work in earnest
e136931	the musical instruments and sound systems you use in Burma and such places
e136932	if we try to finish it in a matter of a night or two
e136933	it was to the effect that they would part cleanly
e136934	is it to be thought of as Zomi and Kuki and the like
e136935	it is the view of many that they will never progress
e136936	it is the view of very many that there can never be
e136937	it is called, and the one more used in America
e136938	not acknowledged by Manipur, it is said
e136939	the very best way to use life is love
e136940	meaning to pick out the very best among all YouTube videos
e136941	even if you die without waking in the morning
e136942	if you die poor it is your own fault
e136943	let me now tell you one thing
e136944	I will not say any more to you
e136945	I will give them to you for nothing
e136946	will our children know our faith and our trust
e136947	it is most needful to keep faith and trust firm always
e136948	it means the one who always wins when the weights are equal
e136949	you will be one who always wins
e136950	because he is one who always notes things down
e136951	Linus Torvalds created and started it from the year 1991
e136952	in keeping with its being made by some developers
e136953	it says this new one they made is about 40% faster
e136954	so there is nothing to publish daily
e136955	it is expected to bring out a new kind of air travel in Burma
e136956	six of us rode in one big bus, indeed
e136957	we are very thankful indeed that you gave us much precious time
e136958	my parents called me Lianpi
e136959	calling the people who are to sing
e136960	more than half of the people are in Aizawl
e136961	they are those who work more than 12 hours
e136962	if we were to work better than now
e136963	rather Sweden has managed to hold back until now
e136964	for those who can no longer restrain themselves
e136965	came to the house and talked over this and that
e136966	I asked about the various things I wanted to know
e136967	a town house or a single home can be rented
e136968	a whole half floor of a condominium was rented, and
e136969	as for human rights, many Republican MPs do not find Burma satisfactory
e136970	it is reported that the Taipei City side says nothing at all
e136971	without seeing the faces of their grandchildren
e136972	I felt as if I saw his face
e136973	all the past of the Zomi people's progress
e136974	any individual who forgets the past
e136975	we do not think it necessary
e136976	we do not find it hard
e136977	I added all of that up
e136978	I combined them one with another and produced many letters
e136979	we ran off in a rush toward the school
e136980	when the smoke billows up
e136981	since each and every one is very busy
e136982	seem to be busy with small matters for now
e136983	there is one that always hangs on his shoulder
e136984	swinging on a swing in the forest
e136985	dangling at the tip of a bent bamboo
e136986	you will be considerate of others too
e136987	being considerate of people, he wants to help everyone
e136988	be considerate even of those who do not support you
e136989	my people, my Zomi brothers and sisters
e136990	even the poor and the destitute came
e136991	the keeper of orphans and the destitute can do all things
e136992	was born in Bethlehem just for you
e136993	it will come and settle right on your shoulder
e136994	it lies along the Mississippi river
e136995	along the border with India
e136996	all the Zomi Baptist churches along Kawlpi
e136997	having possessions in full measure
e136998	being proud of my possessions
e136999	houses in the area collapsed one after another
e137000	Keifang Quarry on the road to Aizawl collapsed
e137001	the Romans, the Gauls and the Britons
e137002	three are Americans and one is a Briton
e137003	they have not yet given any clear statement
e137004	they say they do not yet have a weapon that can reach the US
e137005	up to that day they have not yet found it
e137006	they made an agreement at Saitual in Mizoram
e137007	at the Saitual Presbytery assembly of 1950
e137008	those who cannot yet be called for country selection and the further steps
e137009	all who have UN registration but are not yet called for country selection
e137010	wherever they may be
e137011	wherever one turns
e137012	a kind of epidemic called Ebola is spreading fast
e137013	it is a kind of epidemic disease that broke out
e137014	Yangon, Taunggyi, Meiktila, Kyaukkyi, Falam
e137015	the cities of Shwebo, Meiktila and Yamethin
e137016	as I am one who loves food, I eat with relish
e137017	not daring to eat the food with relish
e137018	our mouth waters and the food tastes good to us
e137019	not long after we married, my wife
e137020	since they have peeled away and rotted away
e137021	so that many tender young ones rot at the tip
e137022	they are set in a row down the middle
e137023	they go in a line carrying them
e137024	the line of dancers at once grew very long
e137025	the passing of news, in our childhood
e137026	as far as the news of it goes
e137027	they stole all kinds of important things
e137028	so that it does not steal our children from us
e137029	too much money is spent on clothing
e137030	the airline with the most income in the whole world
e137031	always staying with us, it is within us
e137032	joining our minds among ourselves
e137033	though we cannot say it straight out
e137034	one will just say at once, I no longer know
e137035	one should simply go on laughing gladly
e137036	they took me for a fool who keeps laughing
e137037	they did not reckon that they could lose
e137038	they do not count it as an illness
e137039	everyone come and take part
e137040	we hope that this time he will take part
e137041	every way in which money can be brought in
e137042	whichever we use, a language brought in from abroad
e137043	those interested will first come together
e137044	they say they will converge from every corner
e137045	the Zomi quickly came together one after another
e137046	there is not yet any reply from the US side
e137047	but for now nothing is known for certain yet
e137048	father, let us spend more time together with us
e137049	they deny it, saying it does not concern us
e137050	they will talk with President Obama
e137051	one is always welcome to talk it over calmly
e137052	even if he recovers, years
e137053	those who sow the seed of health will be healthy
e137054	hunger, though, can be borne
e137055	we too will be able to endure
e137056	it can only be endured with patience
e137057	when the Revolutionary Government took power in 1962
e137058	when the Revolutionary Government took power
e137059	the Chin Affairs Council that governed at that time
e137060	a man who worked 16 years as a clerk in the Chin Affairs Council office
e137061	some Palaung and some Rakhine too
e137062	the TNLA, the army of the Palaung people
e137063	humbling oneself one under another, to bear with one another patiently
e137064	we are putting it up slowly, please wait patiently
e137065	more exactly, citizens of Brunei to Myanmar
e137066	read it in more detail in the PDF file too
e137067	if they urge them well and strive until they get it
e137068	carry it in the hospital car as far as their house
e137069	saying so, they asked
e137070	after reading that letter he realised again that he was wrong
e137071	only after they had gone wrong
e137072	there is one matter well worth thinking about and remembering
e137073	is a matter very much to be kept in mind
e137074	children can go to school without having to pay
e137075	in America it is free, with no need to pay
e137076	in the wild there will be very much grass and thorns
e137077	as the ground was slippery and the grass still wet
e137078	when he went to hunt in Egypt
e137079	as the government has forbidden hunting and roaming the forest
e137080	going on up to the Lungsial ridge, as far as the Luaivawh plain
e137081	those riding on this boat would be over 100 people
e137082	come and ride to the holy place
e137083	even if one really wants to include them, there will be none who wish it
e137084	however complete and pleasant it may be
e137085	he will take charge of the part above Leitawhtan
e137086	my mother looked after all the matters of house and field
e137087	young Zomi leaders who will dare to defend and die for the Zomi
e137088	just as if daring to die for it without understanding it clearly
e137089	they find it harder to face people
e137090	they are slower to lose heart than women
e137091	then it is even harder to understand
e137092	when you plan something that concerns the organisation
e137093	where various traditional goods can be sold
e137094	a road linking with India for goods of various kinds
e137095	unconfirmed news and wrong news about it
e137096	making one's people hope by unsound deeds and words
e137097	let us be well aware that we still are so
e137098	at this point we shall look at the matter of the nation as the main line
e137099	when independence for Zogam is obtained
e137100	when they gained independence they could work hard in their country
e137101	if it surely depends on a political party
e137102	because it depends on individuals only
e137103	if it surely depends on that, before long it collapses
e137104	as overconfidence will make the nation collapse
e137105	simply collapsed right down
e137106	the greatness of a country
e137107	if those who know the importance of trees are the wise
e137108	I do not understand its importance either
e137109	may the Lord bless you all
e137110	you are all children of the Most High
e137111	one cannot follow Jesus while straddling the border
e137112	because we stand on one footing only
e137113	those who do not pay will be arrested
e137114	as the debt is very large because of those who do not pay the instalments
e137115	their bodily way of life too needs improving and they ought to be trained
e137116	gathering all that needs and deserves amending
e137117	it is very important that we keep the good customs well
e137118	if we do not look after the land it does not keep our life
e137119	the President and the army chief said
e137120	when one has completed them one after another, stage by stage
e137121	success by going forward slowly is firmer and more lasting
e137122	one is more likely to decline little by little
e137123	do not turn back again to those old matters
e137124	the pleasant days of youth will not come back again, will they
e137125	we kept passing through nothing but vineyards
e137126	when flowing water keeps striking even a great rock
e137127	it is more important to know how to train them with true love
e137128	seeking a living by true justice
e137129	he was sent to Block A in turn
e137130	holding his father's hand he came along again
e137131	the most foolish and the wisest, the poorest and the richest
e137132	the most beautiful, the wisest and the richest maiden
e137133	and on the other hand we too are glad with others
e137134	we too always blame others when harm comes about
e137135	we too, searching out our weakness
e137136	the good report spread through the countryside where I lived
e137137	we do have a very pleasing proverb
e137138	as it goes much against it, it is not a creditable thing
e137139	they are each very busy among themselves in their own places
e137140	we by ourselves gain only trouble and weariness of mind
e137141	they now have an income just enough to eat morning and evening
e137142	the government trains them at great expense so that they gain learning
e137143	passing the time with such things as watching films
e137144	all the brothers and sisters moved out of their father's house
e137145	one of the pilots is still being searched for
e137146	the authorities are still investigating and have not yet stated the cause
e137147	when we make such pools and fish ponds it raises the underground water level
e137148	to take a part in the service at Emmanuel Church
e137149	always spending time together with God
e137150	as their roads are good, travelling too is rather restful
e137151	as we are of one mind I found it refreshing
e137152	when we bathe a dipper is used and water is filled in a big pot or a bucket
e137153	those who come to Zogam from overseas do not know how to use a dipper
e137154	more comfortable when the bucket and dipper we are used to are used
e137155	are we Zomi because we live not in the plains but in the hills
e137156	when we were small, girls did not wear trousers
e137157	the Zomi will hold Zomi National Day in the ZBCM compound
e137158	no one allows it to be dumped in their own compound
e137159	now I am one who is about to retire on pension
e137160	because of these, two thousand Zomi have now been registered
e137161	it is now time for everything
e137162	not even bringing out a cup of cold water for us
e137163	evening came and the games were over
e137164	as all the business was now happily finished
e137165	that he is worthy of praise becomes ever clearer
e137166	he who made our people is greatly to be praised indeed
e137167	not quite level, slope and flat ground mingling gently, and besides
e137168	and the hillside being only a gentle slope
e137169	I fell sound asleep on my bed
e137170	going to visit the burial ground where they rest
e137171	surely born of one mother's womb
e137172	we are surely born of one mother's womb
e137173	since about a month ago these rebels have grown ever stronger
e137174	that since the time of the Second World War Japan would no longer make war
e137175	they took it straight to Lok Kawi Wildlife Park, it is said
e137176	they took him straight to Selayang hospital at once
e137177	the immigration officers took them straight to the camp
e137178	if you wish to inquire about your office matter, in the morning from
e137179	there is only God who keeps calling us to be his most beloved
e137180	the church pastors are regularly called together
e137181	keeps calling us with a gentle voice
e137182	so that everyone may get the book very quickly
e137183	to set out quickly and work with them
e137184	so that the word of God might be spread quickly
e137185	they are fed with the cheapest food and drink
e137186	to go and give food and drink to others first
e137187	to give food and drink that give strength
e137188	the poor who lack food because of the mautam famine in Mizoram
e137189	even when the mautam famine was over
e137190	when we meet hardship and trouble we cry out to the Lord
e137191	to help us at once when we meet with worry
e137192	before long the rain fell again
e137193	the price of the car we bought can still fall again
e137194	he flapped his wings a little and fell back again
e137195	the account of the beginning of the world and the origin of man
e137196	the origin and the meaning of the sign of the cross
e137197	when the matter was looked into, this story
e137198	the others too are still being investigated
e137199	adding in members can no longer be as in the past
e137200	no need to add other words nor to insert any
e137201	various persons who ought to be added, as the time requires
e137202	if one is Chinese, how to prepare pork deliciously
e137203	the Chinese too, that mountain as a holy mountain where God is present
e137204	his fellow workers too were amazed at what he achieved in his work
e137205	it is not first our managing to keep the law
e137206	spring water can gush out in the desert
e137207	a spring of joy welled up in my heart
e137208	there is no place where spring water flows as clean as in Zogam
e137209	work for the one-span belly takes about three hours a day
e137210	there are very many people in the world who care only for the one-span belly
e137211	he was put in the post of ZRO President as an emergency measure
e137212	if one is handed the wheel one can simply drive
e137213	Sia Lianpi was given the video camera to hold
e137214	I went to sit the tenth standard final examination
e137215	as our son has his final examination this month
e137216	in the first year final examination he gained a distinction in Physics
e137217	the Lord who never leaves us even in the time of darkness
e137218	at dark it comes back to the tree in the palace court
e137219	not making more of our differences
e137220	can think without making too much of only his own wishes
e137221	in the Zo language they just greatly overdo the matter of zu
e137222	though the hills and valleys where the Zomi roam like game divide us
e137223	the times when we roamed together like game
e137224	if they want to have one they can readily have one each
e137225	why it could collapse so readily
e137226	it will be used for resting and for the courting of young women and men
e137227	our herding, our bird hunting, our courting and the like
e137228	therefore there are many hardships
e137229	the young generation do not hide all those hardships
e137230	there was a clan priest called tuulpi
e137231	we bring them in to where our priest is
e137232	those who can humble themselves as the occasion requires
e137233	if we want peace we should vie to be the humbler one
e137234	some got angry at once
e137235	young women and men, do not get angry right away
e137236	so that those who are able to give help can give
e137237	the family that manages to give time for God
e137238	let us try to write so that it is pleasant to read
e137239	let us try to know English to some extent
e137240	though still wanting to sleep when dawn came in the morning
e137241	they got up at the first light of dawn to go
e137242	he is not ashamed to say I am their God
e137243	in a country like Germany, starting this year
e137244	in a country like the US the charge for watching on TV
e137245	the reason there are many overweight people in a country like Mexico
e137246	the hornbill pair never growing tired of each other
e137247	being very weary of your life
e137248	it is most fitting to keep giving thanks to God
e137249	one should always keep giving thanks to them
e137250	when you see the videos that were filmed
e137251	if we look at the photos that were taken
e137252	it fell into the Sea of Japan
e137253	the Japan earthquake was very severe
e137254	all the heart's desires will be completely fulfilled
e137255	the wishes of the Zomi will still be very hard to fulfil completely
e137256	only then can our aims be completely fulfilled
e137257	it is also a revealing of the secrets that are in the heart
e137258	that making our own name known is more important
e137259	there is a pool of salt spring water, a very tasty water
e137260	those who live on the plain where the salt spring is are called Sihzang
e137261	these two or three differ in upbringing and in what they have learned
e137262	to nurture them so that they grow up with the word of God and worldly knowledge
e137263	it speaks of the whole area where the Guite chiefs lived
e137264	in the whole Tonzang and Cikha area the internet is not yet in use
e137265	he tells it briefly and completely
e137266	what little we know, as briefly and completely as possible
e137267	he tells it wrongly, the other way round
e137268	the Hauzels, who belong to the chief house, also had a grievance against the head of the house
e137269	such things as grumbling at one's partner
e137270	not looking only at the responsibilities of our partners
e137271	the philosophers just look down on the churches and make fools of them
e137272	he is also one who is fully preparing to run for State Governor
e137273	the various parties and individuals that will compete in the general election
e137274	every time June comes I remember the words of my father
e137275	every time any hardship comes
e137276	but every time I get home, that room
e137277	one can even end up buying something that is not needed at all
e137278	it is not so important that Zomi custom should even be given up for it
e137279	she is nearly four months older than her husband
e137280	these four months are reckoned as the Tukhun season
e137281	only in restaurants that are combined with a bar
e137282	the restaurants outside were not yet properly open
e137283	because no one could find the end of the rope
e137284	they pull the end of the rope from up in the field hut
e137285	he is the one who holds the rope end of our life
e137286	we are rather people who keep wanting more
e137287	people who keep on training like that, for the public
e137288	the one who helps is no one else at all
e137289	if the children are not good, no one else can be blamed
e137290	only towards night did they quieten down for a while
e137291	this time at last brother Pacquiao has won the victory
e137292	after I had stayed for one month
e137293	for a day and a night his friends could not comfort him
e137294	outside the house is wider, more spacious and larger in reach
e137295	a broader, wider way of thinking
e137296	the analysis of speech among the Zomi
e137297	how long will you shelter under the branches you put up yourself
e137298	across from a hill village there is a place where branches are thrown down
e137299	that we should not let anything at all be in excess
e137300	he says that he will soar beyond Silicon Valley
e137301	I find it gladdening and reassuring
e137302	the Zomi leaders that we have are very reassuring
e137303	it does not mean let us set out at once
e137304	if our thinking differs, let us understand one another right away
e137305	it means goat tripe stuffed with millet and cooked until done
e137306	not wanting to go to the fasting prayer unless mohinga is cooked
e137307	they are all his handiwork
e137308	one work of my hands can change the world
e137309	the Pawi use Lai, the Lakher use Mara
e137310	is one century
e137311	until the time before the 19th century
e137312	the rule of those people went on for 20 centuries
e137313	the owner of the Honda car company too
e137314	has the owner of the goods got them back
e137315	it is all selfishness, desire for fame and conceit
e137316	with only a desire for the name of working together
e137317	there can be twisting of words this way and that to hide a lie
e137318	still carrying cups about before father and mother
e137319	he thumped his friends on the back again and again
e137320	hymns, patriotic songs, love songs
e137321	sang many patriotic songs
e137322	that is called mangtom
e137323	soon, having finished the gathering of unburnt wood
e137324	how the field burned and that little was left to gather
e137325	when we had finished the rice sowing with boar meat
e137326	wild boar meat, game from Zogam
e137327	they were packing their books into a book box
e137328	she was putting matches into empty matchboxes
e137329	words and songs we do not understand at all cannot be used
e137330	are you one who really cannot be led
e137331	he himself also
e137332	besides the very price of all goods bought in a shop
e137333	beer was given by mouth, and people even vied to give it
e137334	though we want to feed each other advice with true goodwill
e137335	in some places there are horse farms
e137336	in some places a plantation of orange trees
e137337	some sell on Sunday too
e137338	when some people pray
e137339	she wiped them clean with her hair
e137340	it must be washed well and wiped clean
e137341	we ate until quite full
e137342	with a garage and the like, fully complete
e137343	it is important to choose well what fits our own talent
e137344	everyone, in what concerns his own talent
e137345	it is like a bear and grey all over
e137346	their feet were covered all over as with dust
e137347	sit in the bathroom wrapped all over in a blanket
e137348	sometimes it put dung in the cooking pot
e137349	daughters-in-law rose early and put the pot on
e137350	exactly as all that I have now said
e137351	it is the very same kind of stove
e137352	for 8 months of the year the snow is frozen
e137353	when the melted snow freezes again
e137354	when the water of those lakes freezes 10 cm thick
e137355	he worked briskly at all he had to do
e137356	the Zo young men too came marching on
e137357	we are more able to get an education
e137358	only the children of chiefs and of the rich could get an education
e137359	things like the zip code are all the more important
e137360	feeling all the more pity, one wants more and more to care for it
e137361	even that itself, as much as I expected
e137362	how the house and the village are cleaned up
e137363	it is first cleared by day
e137364	all the ground around it is cleared clean
e137365	one can never tire of looking
e137366	like a very fine flower garden, one never tires of looking
e137367	cause for disagreement among brothers also
e137368	this is disagreement and
e137369	in former times pregnancy outside marriage was thought very bad
e137370	the first to be pregnant by a lover scolds the later one
e137371	Pu Zo, as we say, is after all a person
e137372	since much still lies ahead of you
e137373	since the village is not so very far either
e137374	just then the Tawmi came there
e137375	sometimes the Zomi, in the position of the Tawmi
e137376	they sang the elephant victory song, fired guns and rejoiced greatly
e137377	only the men sing the victory song and fire guns
e137378	they shared a meal with them
e137379	the family treated us to a meal of goodwill
e137380	to give the people a meal
e137381	with drum and gong, in harmony
e137382	the Zomi will go forward in unity
e137383	the US officials laughed ha ha
e137384	ha ha, this has nothing to do with faith
e137385	such things are very shameful
e137386	even if for this time it is not outright shameful
e137387	having favouritism and partiality among the church members
e137388	and if he does not shield and specially protect us
e137389	a fire was made and blazed up
e137390	some friends joking heartily
e137391	laughing loudly at us just when we are very sad
e137392	the Zomi began little by little to settle there again
e137393	called to interviews, they can rise little by little
e137394	in January they fell the trees
e137395	a big tree grows there and they do not allow it to be felled
e137396	the kind of hornbill of our Zogam
e137397	the Zo cloth and the hornbill go very well together
e137398	I too am one who lives like this, dead yet alive
e137399	it is a faith like a tree that is dead yet living
e137400	the mithun of great form in our courtyard
e137401	of great form like an elephant
e137402	whom the Suhakam organisation used as its spokesman
e137403	the day of Pentecost is a day of giving thanks to the Lord
e137404	which all Zomi Christians keep as Thanksgiving Day
e137405	the Zomi in Burma and India ought to know it
e137406	the Zomi who live in Burma and India
e137407	because we do not know how to use our wealth
e137408	because I think the people should know, I pass it on
e137409	they are skilled in how to be wise and how to be rich
e137410	as one is not yet skilled in being rich, it can be misused
e137411	if we die for it, what use is there
e137412	though we keep on studying, it is of no use any more
e137413	what kind of matters should we think about
e137414	first think it over, weighing it carefully in the mind
e137415	he brought him to Hiangawn, the village where they lived
e137416	the females and the males all around, facing outward
e137417	the lions and tigers will not be able to devour us
e137418	lions and tigers cannot devour their young
e137419	when they caught lions, tigers, bears and the like
e137420	I have written out whatever I wanted
e137421	doing just whatever one likes is also deception
e137422	keeps saying whatever he likes and goes off
e137423	after quite a long while the girl turned round
e137424	this matter seems to be a rather troublesome one
e137425	opening up new land can give much unexpected profit
e137426	because of victory in war, expansion of territory, rule of the land and progress in living
e137427	how we got the people's name Tedim
e137428	our precious time in which we earn much money in one hour
e137429	they held the closing of the Asean summit
e137430	the closing of the 9th ZOFA Cup was held happily
e137431	in the city of Amarillo in Texas State, USA
e137432	it is heard from Amarillo News
e137433	there is now respect for the former leaders and a mind to remember them
e137434	I pay respect to our leaders
e137435	by the classification of the peoples of the world, being of the Mongolian race
e137436	with those who say that by descent we are Mongolian
e137437	they gathered in the compound of Tezpur Baptist Christian Hospital
e137438	at the meeting in Tezpur, from the President to many other leaders
e137439	among the Zomi those who should be good at looking after children are the mothers
e137440	of money, not the owner but the keeper
e137441	what we mean is that the duty of women is greater
e137442	if you follow the Champhai road, at Zokhawthar, which we call Ciau
e137443	in the Maldives there is no clean water to drink and people are in great trouble
e137444	for the Maldives, which stands only that much higher, it is now alarming
e137445	with this much I briefly report beforehand on the Suangkua matter
e137446	all those named below, at the ZAM office
e137447	told all the names of the IS leaders
e137448	it is very near to a city like Toronto
e137449	because that brings me near to God
e137450	although more than a year has passed since sitting the RST
e137451	let us always have it bear fruit, in the harvest season and out of it
e137452	the short-sleeved and the long-sleeved
e137453	began to tell their love story
e137454	I want to entrust all that I own into the hands of a trustworthy person
e137455	they mark us as a good, upright and trustworthy person
e137456	regularly every day, for about 10 to 30 minutes
e137457	when there is something not proper in the way I dress
e137458	a skilled speaker invited from Burma at great expense
e137459	more profitable than cooking it ourselves at the cost of much time and strength
e137460	supporting the Zomi at the cost of much money and goods
e137461	migrating out from Ciimnuai, each to a separate place
e137462	nobody migrated from the Chin Hills at all
e137463	migrated to various villages and various places
e137464	we are proud that 300 of us Zomi also took part
e137465	I wonder whether we Zomi are included
e137466	when we Zomi found an association, it at once has a separate name
e137467	without making much of the little separate names we have
e137468	I share it out with the thought that it is worth knowing
e137469	peoples who have what is unlike that of other peoples
e137470	it will bear much fruit
e137471	children will bear fruit just as we plant
e137472	even though it is my own speech, let me quote it again
e137473	although it is indeed out of goodwill for the young generation
e137474	do not make someone fall into sin any more
e137475	slander cannot make them fall
e137476	killing about sixty thousand people at Thebes
e137477	those who throttle us, kill us and seize our property
e137478	the dread of calling oneself Zomi can slowly lessen
e137479	our own people now suffer oppression
e137480	according to how the equality of women and men differs
e137481	what we call unity is built on a standing of equal share
e137482	having the crowd move back down below
e137483	I commanded, saying move away in the name of Jesus Christ
e137484	it is mostly done with arms and with blood
e137485	without having to fight with arms and ammunition
e137486	all the Zomi candidates who won
e137487	being very much a Zomi, he was the NLD candidate
e137488	for your excelling among your friends and peers
e137489	what we call power is not so much a matter of authority and prominence
e137490	that elephant has very great power
e137491	those in authority have too much authority, the great are too great
e137492	today she came carrying much dried meat and sticky rice
e137493	bringing out the baskets full of dried meat from inside the house
e137494	putting in two laptops right before my eyes
e137495	a reply can now be given right beneath a comment already made
e137496	it means exposing people's shortcomings and weaknesses
e137497	but I beg you to understand my shortcomings
e137498	a person whom we disregard
e137499	disregarding, slandering and opposing the leaders is not good at all
e137500	I alone went about in the town of Gaithersburg on my own feet
e137501	living in the city of Gaithersburg, Maryland State
e137502	leaving the warm embrace of wife and children
e137503	you are a man, so think of having a wife and children
e137504	a meal is eaten together at the City Hall
e137505	when meeting again there is no need at all to drink tea together
e137506	no longer caring about other teachers, the favoured church and
e137507	people are very busy holding only the favoured teacher important
e137508	registration of the members of the ZAM organisation
e137509	at that time those who had already received UN registration
e137510	he was also very strong at hand wrestling
e137511	saying so, they came to blows with us
e137512	also on his journeys abroad
e137513	rather unlike the journeys abroad mentioned above
e137514	I believe our goings will also become fewer
e137515	if we do not gather, how shall the church be built up
e137516	we need to build up for our future
e137517	is what I built up by spending my whole life
e137518	God looked for them in the garden of Eden
e137519	in the garden vegetables are had in their seasons
e137520	besides wisdom he gave riches as well
e137521	all the other things you need will be given to you as well
e137522	there is no longer any need to pay a separate fare in addition
e137523	do not go to the police station needlessly
e137524	to bear one another's affairs together
e137525	we are those who should bear one another's burdens
e137526	what bears witness to this is the 27 books of the New Testament
e137527	we also need to have clear evidence that can be shown
e137528	shot down with 298 people and all of them died
e137529	to save all the people of the world
e137530	if you wrap it for a day it will get well at once
e137531	it is not something that became good and firm all at once
e137532	I think it would be good to compare it as well
e137533	to clean the compound where rich people live
e137534	to be looked after, repaired, cleaned, maintained and tended
e137535	there are also cases where one must first wait for the UN to arrange it
e137536	do not keep saying I will wait for the tax return first
e137537	those who love us are our friends
e137538	our friend who is more skilled
e137539	he goes on receiving it from other people
e137540	it will be brought back upon that very person
e137541	they took them all onto that very island
e137542	because of love he will fulfil the whole law
e137543	on your day of joy the ones who make your joy complete
e137544	he is seen to be a man who wants to supply and complete it
e137545	they are not people who just set to work relying on their own knowledge alone
e137546	we are the ones who get spoken to outright in this way
e137547	our way of keeping company will change
e137548	the way of organising and the members themselves may need to be reviewed
e137549	we do remember what was said
e137550	as it says, let us not look at it
e137551	because of personal maturity and intelligence
e137552	although he did not have an intelligence held high above other people
e137553	the Bible says, work hard while the sun is shining
e137554	just as the moon was shining, he came up onto the hotel roof
e137555	when its time comes he surely sees the fruit
e137556	when he reached the village gate he sang this song
e137557	the white rice that can be eaten is very tasty indeed
e137558	whatever the villagers gave was what got eaten
e137559	one that is eaten daily for strength
e137560	you are bold only in the way of loose living
e137561	when I was small my father, in the church programme
e137562	when I was small, in the matter of being squeamish about dirt
e137563	his face is no longer filled out with flesh
e137564	among the many principles for a people to be thoroughly healthy
e137565	things that are fit for the public to hear
e137566	speak out for people to hear
e137567	they kept shouting aloud for the villagers to hear
e137568	with the desire for a more comfortable life
e137569	it is the most important thing for life and living
e137570	a farewell tribute will be made with a wreath
e137571	a farewell tribute will also be made with a very fine wreath
e137572	they can be forever contending for land and rank
e137573	always thinking only of getting the work done
e137574	workers who are constantly in contact with such things
e137575	please correct for me what you think needs it
e137576	promptly train those you think it good should know
e137577	tell us a little of what you think needs prayer
e137578	you are not fit to fall like the thel into the waters of the plains
e137579	saying I would die, it was laid open like the thel
e137580	I have to follow their customs
e137581	what I am to follow from now on
e137582	it weakens the strength of hope and faith
e137583	let us not let our strength grow soft like cotton
e137584	in the morning before light they go to the fields by ox cart
e137585	because neither ox carts nor horses are used
e137586	those who do God's work, for our people
e137587	those who work at sushi still have no day of rest
e137588	because all the soldiers on board got out in time
e137589	just pass over it for now and dare to do the more important things
e137590	there needs to be contact that gets past that
e137591	the Passover lamb was slaughtered in the evening
e137592	God has perhaps not yet approved it
e137593	it must be that God allowed it
e137594	so that we may be a blessing for others
e137595	victory and blessing in God
e137596	they set off briskly again through the dust
e137597	there are at present 7 Union Territories
e137598	the five fastest developing towns of Burma at present
e137599	his belongings are there to be seen to this day
e137600	one thing that I regret to this day
e137601	the 1,100 people living along the way and round about
e137602	in youth it is also easy to step wrongly off the road
e137603	to manage the morning and evening affairs
e137604	I went and saw how they run their daily affairs
e137605	rather always covers up his faults and his failings
e137606	his own failings became very clear to him
e137607	it is one of the three hearthstones that brought the ZBC into being
e137608	the three hearthstones in turn, being female and male
e137609	in the Teizang pronunciation THU is said as SU
e137610	the Sihzang, the Saizang, the Teizang, the Dim, the Khuano, the Zo
e137611	I expect that everyone will want to say the same
e137612	I mean rather that the whole world is my country
e137613	who will in future become the women and men of the country
e137614	before long they are to be the women and men, the leaders of the country
e137615	the putting to death of a life
e137616	the court shall not pass a sentence of death or of life imprisonment
e137617	we will not even have a thought of it
e137618	the road up the hill is closed off altogether
e137619	they lived towards the sources of the Mekong and the Yangtze
e137620	it makes our brains wise and clean
e137621	mind and brain are no longer quick either
e137622	to try is simply to go ahead and do it
e137623	in Burma there are always some who readily cheat people
e137624	we became one people and are now Tedim people
e137625	we will become those who have a government and an army
e137626	that is something we already know
e137627	what we do not know is always more than what we know
e137628	can you part the Red Sea that bars the way before you
e137629	thanksgiving was added because they crossed the Red Sea
e137630	being worried, he went straight back into his house
e137631	worried about your UN case, do you have anything you want to look into or ask
e137632	find it more pleasant to be able to talk with the neighbours
e137633	first it is necessary to be able to mix, to talk together and to sit together
e137634	from as far back as the time of spirit worship
e137635	it is like most of what was in the time of pagan spirit worship
e137636	let us see what Saint Paul says
e137637	as for what he says
e137638	if we did not post such writings on the fronts of houses at all
e137639	a notice saying workers wanted may be posted on the fronts of offices
e137640	Dickman and his party reached Mimbung
e137641	it will be exchanged for a new card
e137642	will replace more than 1000 of them with new ones
e137643	will that organisation succeed
e137644	they are the kind of people who can succeed and come through
e137645	the neighbour may have it, and the man downstairs may have it too
e137646	a matter that would bring harm and loss to your neighbour
e137647	if children grow up in a good place they will be upright
e137648	although they grew up as orphans
e137649	those who have this disease have red eyes, headache
e137650	concerning their work
e137651	they arrested 4 people connected with terrorist activity
e137652	it was while he was serving as church pastor
e137653	he served at the same time as pastor of Laaitui Baptist Church
e137654	it is not known who gives much and who gives little
e137655	the poor may not be able to give much
e137656	it is work inside and outside the church
e137657	if there is such a one, he is put outside the church at once
e137658	so that an exemplary Christian fellowship, koinonia, may come about
e137659	she is one who takes part in the organisation every year
e137660	to a lady who always took part in that meeting
e137661	fled from war to the land of Egypt itself
e137662	from there ran out of the hospital
e137663	ran back over to his wife
e137664	the name the Bengalis gave, whichever
e137665	in Afghanistan too the American soldiers
e137666	the US soldiers, from Afghanistan at the end of this year
e137667	Saudi and its allies fired on a funeral place in the city of Sanaa
e137668	at the great mosque of Sanaa in Yemen
e137669	it is one of the greatest duties God has given us
e137670	for the children they are the greatest teachers
e137671	I even wanted to go home
e137672	I too want to come home
e137673	we no longer want to return even to our own village
e137674	when working together on anything with other groups
e137675	it is the Bible that the other denominations use
e137676	only the way of giving the scholarship is the same
e137677	this way of giving is for now until November 18, 2016
e137678	examine your tithing and your way of giving
e137679	to conclude at the end, one thing I consider very important
e137680	let us conclude with
e137681	in order to conclude the matter of power
e137682	so that all may be able to be there ready
e137683	my heart cannot be satisfied at all and it stays in my mind
e137684	it is the orphaned children and the frail aged
e137685	to attend to the frail aged and the suffering sick when needed
e137686	he also names our many churches as one reason
e137687	while driving a car, for whatever reason
e137688	they always take its skin off
e137689	its skin dries and can still be peeled off
e137690	saying I will stop my work
e137691	while I kept thinking during my work
e137692	knowing full well that it is not good, cannot change
e137693	although knowing full well that it is not good
e137694	it was given specially for Zolawkta
e137695	I found a website made specially for this song
e137696	being able to carry it out really by our own will
e137697	in the city of Lyon in France, in a traffic jam
e137698	who served as bishop in the city of Lyon
e137699	do look at the photo carefully
e137700	keeping it in my wallet together with her photo
e137701	give me a swimsuit photo
e137702	studying for the BA at Union Christian College
e137703	you are wrong again, read it carefully once more
e137704	when I phoned from Kanpur
e137705	it tastes better than the food at IIT Kanpur
e137706	they reached Sairang village and from there entered Aizawl
e137707	what day is Zomi National Day then
e137708	so your friend is angry, it seems
e137709	we must start from our own family
e137710	let us begin the matter of our conference from the start
e137711	one must dare to change and dare to start afresh
e137712	because they change people's lives for the better
e137713	it will not be able to change the way China is ruled
e137714	what will change our life
e137715	let us try to master the white people's language and writing too
e137716	let us try to be good at the ways of gladness and of sorrow
e137717	let us try to master the way of uniting and our way of going forward
e137718	based on the principles of democracy, human rights and federalism
e137719	a plan for the Muslims to be able to become the majority in Burma
e137720	it is an effort so that they can always remain at number one
e137721	tying the carrying strap to his bottom
e137722	fetching at the house the strap to carry himself with
e137723	to take shelter in the shade under the house
e137724	they plant shade trees and pretty flowers
e137725	so as to be able to live in the shade
e137726	have you ever engaged those who can teach it
e137727	to be able to teach it and to work as a sushi master
e137728	if you could teach our people
e137729	I still keep it to this day
e137730	all who are still keeping the books
e137731	traditional cloth and wraps are used more widely
e137732	not too wide, and not so small that nothing can be done
e137733	the sun came out shining brightly
e137734	over the ridge top the morning sun rose glowing
e137735	looked up at me with glowing red eyes
e137736	to open the programme with prayer
e137737	a kind of small bird that flies at the beginning of the dry season
e137738	the world today is woven together like a spider's thread
e137739	a kind of edible spider with very long legs
e137740	a younger one who works as a school teacher
e137741	the son of a Mizo school teacher of Vapaal was among them too
e137742	without making oneself out to be higher than what you are
e137743	it is clearly higher than that of the Zomi leaders there are
e137744	the whole line of descendants born on from one person
e137745	all twelve descendants of Jacob being joined together
e137746	thinking themselves at home in Malaysia
e137747	the truth can no longer be at home there at all
e137748	that the Zomi are to be those at home on the stage
e137749	a city where communication is very convenient
e137750	so that the way of living in future will be easier
e137751	favourable circumstances and the backing support of parents
e137752	Jesus the King of heaven too fled to Egypt as a refugee
e137753	from the time heaven and earth were first created
e137754	zozaam: a kind of fine flower that has no scent
e137755	and many of the kind such as the flower name Zozaam
e137756	he cannot be proud
e137757	behind him a very proud one spoke
e137758	when such rounding up and arresting is at its height
e137759	those people, in the Kyaukse valley around Myittha
e137760	settling in places such as Mandalay, Sagaing and Kyaukse
e137761	we headed for the place where taxis wait
e137762	we went on toward the place of the birth of Jesus
e137763	if you do not plan your time, time will take you
e137764	it is because they had arranged for them to arrive at the Lake Garden Hotel
e137765	the churches too, apart from the one matter of faith
e137766	there is almost no way of escape except abroad
e137767	such things as taking care not to grow too fat will matter most
e137768	notice of the Somali government for the public to be careful
e137769	was born in Malden, Massachusetts, on August 9, 1788
e137770	the British still had authority over them
e137771	the British took all of lower Burma
e137772	the outer wall of their house and the inside
e137773	there is a rather low wall
e137774	tiny gaps between the wall boards
e137775	from the upper floor of the house to be below the house
e137776	took me upstairs and downstairs about three times
e137777	those called Laimi, the whole population of Chin State
e137778	the whole Chin people in the world being 1100000
e137779	in the town where I live, with an axe on my shoulder
e137780	held a dinner for all who were to finish school that year
e137781	a meal with the leaders with very good food
e137782	without the planning of the Father it will not be done
e137783	it is because nothing has been done according to the Panglong agreement
e137784	do we at once try to drink milk
e137785	if you cannot throw it away, rather not try to eat or drink
e137786	the Macedonian soldiers defeated them easily
e137787	they spent the time of singing and of prayer pleasantly
e137788	they say more than 1200 people can sit comfortably
e137789	the things God has created, plants and animals
e137790	the land and the vegetation will take good care of people
e137791	be sure to take part at the place nearest to you
e137792	Vice President Myint Swe was also among them
e137793	even if an organisation is set up it will stay as it was
e137794	first set up his royal throne in the city of Kangla
e137795	it sets a boundary between the dead and the living
e137796	what meaning does the word liausum have
e137797	what meaning does it have for me today
e137798	Germany, Hungary, Turkey and Bulgaria were allied
e137799	after they had seen the land they held a joint meeting
e137800	all of us working together and labouring together is important
e137801	the signatories and the distribution of guns and ammunition
e137802	right in the city of Maiduguri in Borno State
e137803	on Saturday too, in the town called Maiduguri
e137804	through the good management of the Singapore Zomi Innkuan
e137805	the good management of the government from time to time and the learned and skilled
e137806	because he was the best student in their class
e137807	praise the Lord in your hearts
e137808	technology heading toward progress
e137809	leaving the bad customs of the past, one can now head toward progress
e137810	children can play on the sand
e137811	although Arizona State is dry land of sand
e137812	if we do not have our grandchildren and children speak in the Zo language
e137813	the Zo speech of those of the Lamka area is not the same
e137814	because not all have joined the Zomi groups and the ANZ groups
e137815	one can get into factory jobs readily
e137816	if other people do not want to use it with us
e137817	if the people do not want to follow, they are to leave without grumbling
e137818	a very fortunate person in this short life on earth
e137819	in their lifetime too they do the good things first
e137820	the one who forgives is greater than the one who receives it
e137821	with great love for the one who forgave her
e137822	it lies wholly in your own hands
e137823	with relations cut off entirely since 1961
e137824	at the GZA conference we took a pledge
e137825	we also take and use some that are not our own customs
e137826	because I love you so much I was angry with you
e137827	even if he gets angry with you, do not mind it
e137828	even those who are a little skilled
e137829	who can help with the work while learning a little
e137830	remember that and never forget it
e137831	do not be the only one who quickly masters it all
e137832	the way of working and of taking things on must be planned well
e137833	daring to take things on in that way
e137834	going before the people lined up in front of him
e137835	we are those joined one after another by the line of blood
e137836	thanks to the UNHCR officials and especially to the Education Team
e137837	in that way they kept gathering it
e137838	so God places him in the full standing of a son in his household
e137839	oh, could there really be such a thing
e137840	oh, the Lord has sent one for me too
e137841	just as some were saying oh
e137842	these detainees are 65 men and 23 women
e137843	in place after place there are always people being arrested
e137844	because the city of Samarra was nearly surrounded by IS
e137845	two suicide bombs were set off in Samarra, 95 away
e137846	many extensions too can be got free again and again
e137847	it can be downloaded free of charge
e137848	as the Myanmar soldiers blocked the way they could not give the aid
e137849	on August 15, 2014 the Ukrainian soldiers inspected it thoroughly
e137850	these captives are all old people and children
e137851	the older people and the poor who cannot afford air-conditioning suffer greatly
e137852	he is a man always busy with learning and knowledge
e137853	they keep on acting in this way
e137854	news of success and of expansion is heard again and again
e137855	others again may see it as growth and expansion, a widening of the work
e137856	even if your tenth grade pass marks are not as many as those of others
e137857	nowadays passing the tenth grade, gaining a degree
e137858	even if we drink a great deal of it there will be no benefit
e137859	what we are to eat and drink
e137860	if we contest again in five years, which is not long
e137861	can those who have already won it compete again
e137862	I said that I would run for President again in 2016
e137863	as manna was gathered every day
e137864	it was open on every Monday, Tuesday and Friday
e137865	even if he cannot send enough money
e137866	they are able to keep sending their parents a lot of money
e137867	they always manage to send money to support those at home
e137868	he will hand it over to the householder and family
e137869	it means the households that had enough from their own farming
e137870	if we say that we are ones who started out from China
e137871	God honours those who set out to serve him
e137872	five prisoners of war managed to slip away
e137873	more and more are fleeing abroad by way of the sea
e137874	it is found 26 times in the Gospels
e137875	what were the works of the Holy Spirit in the time of the Gospels
e137876	having said earlier, I dare to die
e137877	father too, unlike what he had kept saying before
e137878	Malaysia monorail service breaks down, passengers must get off at Titiwangsa Station
e137879	a train caught fire at Titiwangsa Station
e137880	discord will at once arise among those you lead
e137881	most divorce and discord between husband and wife comes from not being able to wait
e137882	it only shows disagreement
e137883	we walked straight on on foot
e137884	he pressed on firmly and steadily
e137885	without saying so, he strove on steadily
e137886	when we eat pumpkin leaves, mustard leaves and bean leaves
e137887	eaten with dried rat meat and pumpkin leaves as the dish
e137888	such things as a dish of mustard leaves and pumpkin leaves
e137889	they rather make much use of Latu and the like
e137890	they do not use hand phones much at all
e137891	they made rather much use of the organ, the piano and the like
e137892	the prisoners at Lenggeng Camp are to be visited on November 19
e137893	those who have acquaintances held in Lenggeng camp
e137894	they pitch camp around him and guard him on all sides
e137895	the government will not hem them in and stop them as it does migrants
e137896	while working as a school teacher he added writing to it
e137897	while I serve as a missionary volunteer
e137898	to do this is a hard thing
e137899	it may be the hardest time in his life
e137900	those who would rather press forward without turning back
e137901	those who break through without turning back rule the world
e137902	like the hornbill we shall not turn back
e137903	it pains the heart of every Zomi
e137904	because he was so hurt at heart
e137905	where there is no truthfulness discipleship cannot come about
e137906	there are some things about discipleship that we very much need to know
e137907	I believe that discipleship is not valued as it should be
e137908	they came under the rule of Assyria and the Babylonians
e137909	the people, though, keep it under their own control
e137910	if anything has been said wrongly, forgive me
e137911	something we ourselves did wrongly
e137912	it can still stand as the state government
e137913	we are ones able to stand as a well founded organisation
e137914	two of us Khuano people will be able to stand for MP
e137915	its tusk is long
e137916	O wickedness, where is your sting
e137917	while travelling up to Myanmar, to the Tedim side
e137918	I am in the city, travelling down and up in search of money and goods
e137919	he is the Lord who delivered from the mouth of the lion
e137920	the graduation cap that honours your studies
e137921	you can make your writings into an ebook and sell them
e137922	whether a book or an ebook
e137923	the friends agreed together and set out at once to hunt
e137924	it is a request agreed on by those in authority
e137925	he can still serve as Governor until his case is settled
e137926	the matter needs to be made very definite
e137927	he released the news in the Zominam group mail
e137928	the group mail became more and more lively
e137929	there are many who say they do not know the Zo customs
e137930	I cannot read it
e137931	with an unknown phone number like this
e137932	the police also set out at once
e137933	he set out at once to serve as a missionary for one year
e137934	because the mind of Dalpu and the thinking of Nempi were at odds
e137935	do you find it pleasant to be in conflict with your church members
e137936	if we look at the lie of the land in these places
e137937	following the lie of the land of the place and the hills
e137938	just as we each have different talents
e137939	they planned to divide among the churches and each hold a service
e137940	this visit of President Obama to Myanmar is the second since he took office
e137941	the guest MP Pu Gin Kam Lian who is to come on a visit from Myanmar
e137942	also the love letters that some girls sent
e137943	they now send each other love letters in Burmese
e137944	also the neighbourhoods called Geylang East Avenue 1
e137945	having love and regard for others and care for others
e137946	care for people is all the more complete
e137947	from among the skilled young Zomi singers in Malaysia
e137948	gathering the skilled Zomi singers and praising the name of God together
e137949	when I die, holding hands with my God
e137950	when a person dies the cause of death is told
e137951	the Romans and the Hindus took the first of April
e137952	the Hindu people of south India also
e137953	those who want to know and want to ask more
e137954	it can be said that they ask a little more of what is still needed
e137955	I hope that all of you too will be in good health
e137956	I expect that you will not know them at all
e137957	on the veranda, facing the door
e137958	have I gone wrong in what I said
e137959	the call of the birds sounds different now, beloved
e137960	Leisenzo and Sesih came from Mualbeem and its surroundings
e137961	he came first in the Tualcheng centre
e137962	the teacher in charge when I sat the examination at Tualcheng
e137963	do not use it freely as if it could never run out
e137964	the Zo rain is never ending
e137965	on the day of joy of my people I too want to take part
e137966	because it is our day of joy
e137967	a call was made for the one to protect and look after it
e137968	the one who defended his own village
e137969	it strengthens care and unity within the family
e137970	when mutual understanding and unity flow together like a great river
e137971	one day a family came to our shop to eat
e137972	everyone who comes to my shop today
e137973	in the deep Zo valley, O dear one
e137974	in the valleys there can be frost
e137975	for the hosts it was especially heartening
e137976	the Zomi are greatly heartened
e137977	they roamed about in the forest looking for food
e137978	because the chickens were moving about
e137979	they were laughing away as they washed clothes
e137980	on the day when what they had printed was distributed
e137981	wishing that good books may be written and distributed
e137982	the way IT is used in the world today and its importance
e137983	it is my account of how they were used in the revival
e137984	below the village of Gawsing there is Tawlawk
e137985	the villages are Singlei, Gawsing, Mualnuam
e137986	our people who were at Vapar also moved up to Murlen
e137987	I went back to Murlen on foot
e137988	most of the peoples who wear no clothes
e137989	if you wore no clothes, the matter of clothing would not be important
e137990	aid money and various goods were collected and sent
e137991	because the offering is collected and given at the worship service
e137992	the feast for game was closely tied to drinking rice beer and spirit worship
e137993	from among the Kachin people we are a full people of our own
e137994	in our land, among our people, our church
e137995	he let me sit on his trishaw
e137996	I happened to sit on a trishaw, of which I had only heard the name
e137997	while they were away fishing
e137998	he was fishing along the Tuivai
e137999	when I first learned to clap my hands and sing
e138000	those called Kanyan are the Karen people
e138001	from the Pyu came the Burmese, from the Kanyan the Rakhine
e138002	after quite a long time the Thahdo people
e138003	they stayed quite a long time around the Sagaing region
e138004	it is the area below Sunthla village near Falam town
e138005	called the Khuangli church, the Sunthla church and the Lunglui church
e138006	he has now finished translating 16 books of the Old Testament
e138007	he finished translating a hymn book of 101 songs
e138008	reducing strength and speed
e138009	the quickness of our brain is of little use
e138010	Phaileeng, Khuano, Thangnuai, Zo, Paite, Simte
e138011	it is a town founded beside the great Mississippi river
e138012	the years when villages were founded they shift up and down as they please
e138013	when the time comes that he can go to school
e138014	the time will come when you can see the way
e138015	they think that few come in from abroad
e138016	so as to be able to come in among the Zomi
e138017	building a zawlbuk and from that place
e138018	the Mizo brethren called Tahan Zawlbuk
e138019	everyone just drives at about 80 to 90 mph
e138020	on the seats and such around midday
e138021	though I keep thinking myself young, when the young stand up
e138022	though I keep thinking myself young, even my hair
e138023	during the time the national anthem is played
e138024	just while the national anthem is being played
e138025	such things are not easy at all
e138026	wearing no clothes is not the trouble at all
e138027	they do not at all want there to be any
e138028	so that we are not like the man who built a house on sand
e138029	it is important that we by no means be disputers
e138030	he is the youngest among them and one boy
e138031	among four boys he is the one next to the youngest
e138032	the third is Skill and the youngest is Knowledge
e138033	on that day too give thanks to God
e138034	praised with song and gave thanks, and
e138035	he readily berates them with bad words
e138036	horse carts do not run at the airport
e138037	the Zomi soldiers who did not flee also
e138038	he did not run away but told me a story
e138039	he made up a lullaby himself and
e138040	the lullaby that my daughter composed
e138041	Paul to the churches of Corinth
e138042	do you not plan to make an album of love songs
e138043	is the tithe not something we already know
e138044	my knee really did hurt
e138045	my heart too really came to hurt
e138046	they have houses here and there in the cities
e138047	in the towns there are mostly Christian graveyards already
e138048	Lamka, Thanlon, Singngat, Parbung
e138049	Parbung, Thanlon, Singngat, Lamka, Henglep
e138050	trees and grass of every kind cover it and it is lush green
e138051	birds swarm over the Phuitong and Thuang blossoms
e138052	brooks and rivers flow steadily
e138053	they founded a village beside that brook
e138054	a small stream in a ravine where a torrent runs
e138055	making progress in every work, your life
e138056	that association too gets ahead and keeps growing
e138057	Geim had worked as a physicist in Russia
e138058	physicists cut time short too
e138059	we young men, when our years are full
e138060	the young women and young men are very excited
e138061	on reaching home, frying gatui in oil
e138062	people do not find him worth following
e138063	our God is worthy to be followed and the most trustworthy to follow
e138064	the ticket collector was a Punjabi man
e138065	English, Hindi, Urdu, Punjabi and the like are used
e138066	those who work with knowledge can work at ease
e138067	saying so, I ate puri once again
e138068	in the year 1892 in the city of Munich
e138069	at a place 35 miles from the town of Munich
e138070	if we do not have health insurance
e138071	unless they are government officials
e138072	they do not last even one generation
e138073	there was no such thing as the rice to eat not lasting
e138074	if you manage to eat beans well
e138075	every time you are to eat food outside
e138076	because you can eat every kind of food, in time
e138077	the peoples of Europe too, in tales of ogres
e138078	Jack and the giant wrestle
e138079	it is heard around that the operation has entered the Puchong side also
e138080	striving together also in the matter of the education of women
e138081	on the East Coast side too the rain
e138082	every single one of them found it strange
e138083	all of us who heard it are surprised
e138084	we each also find it precious
e138085	the ship too kept rocking on the sea
e138086	just going on visiting homes here and there
e138087	at first the chiefs refused
e138088	the chiefs no longer dared to refuse
e138089	that of the Hakha brethren is used more
e138090	because they use the Hakha language and Burmese more
e138091	he has now reached 52 years and
e138092	the boat is to be able to carry 38 people
e138093	if checked in as baggage it can be carried
e138094	he would sometimes carry me on his shoulders
e138095	what he says in public is no longer the same
e138096	in this way, no longer the same as before
e138097	if you come only then, the lawyers will no longer have time to deal with it
e138098	it crashed at Batam near Singapore and
e138099	Batam and Singapore are 25 kilometres apart
e138100	he passed matriculation from the Meiktila army school in 1962
e138101	he also stayed at Meiktila and Namtu
e138102	in May 1920 there was a meeting at Maymyo
e138103	in February 1977 I left the A.G.T.I school
e138104	they did not want to look after that dying man
e138105	because of all this the Malaysian government authorities too
e138106	it is not that they do not know all this
e138107	one of my young maternal uncles invited me to watch a video
e138108	that young maternal uncle of mine, my elder sister
e138109	the tual post was set up beside that tual stone
e138110	the way of making the tual post is not quite the same from village to village
e138111	because the tual post was set up at the most important place in the village
e138112	the cost of the insurance, for single persons
e138113	the cost of the PA is separate
e138114	many people moved to the Kalay plains
e138115	even if we live in the plains, plains people
e138116	though she came from a village, in the city
e138117	what is life in the city like, I wonder
e138118	though you carry yourself very much as a city person
e138119	because the water did not come, water was bought at once
e138120	it is a kind of awareness that draws no blessing and has no use
e138121	when we ferment beans
e138122	if we ferment it for 7 days
e138123	missing you, lonely, I keep moaning like a dove
e138124	the wild dove is the best at cooing
e138125	every week I talk with my parents who are in Tedim
e138126	I played five times every week
e138127	he always had Zo writing, language and culture taught twice every week
e138128	it will be a time of planning the constitution and discussing the views
e138129	discussion concerning the subject
e138130	discussion and talking together at home of the things they learned
e138131	the TNLA and the Burmese army clashed again
e138132	one people fighting another
e138133	they fought fully eight times
e138134	as they moved eight times without being able to settle
e138135	the eighth printing of the Tedim hymn book
e138136	photocopying the new card and the old one at once
e138137	it does not make the country develop but rather makes it decline
e138138	just when we are striving for the country to develop
e138139	it is disregard for His word
e138140	indifference is worse than hatred
e138141	just as there is knowing neglect because of having no money
e138142	it is simply to ask for a grant again
e138143	to be keen on it again is very hard
e138144	to listen to the sweet songs of the birds in the forest
e138145	they came to listen to the sermon until the church was quite full
e138146	they each hold the yearly one too in their own places
e138147	staying each in their own place
e138148	this morning the mothers cooked mohinga for us
e138149	when we had eaten our fill of mohinga
e138150	eating various Burmese dishes and even mohinga
e138151	whether Sukte or Kaptel, they fought each other now and then
e138152	to make Laitui, Kaptel, Tuithang, Thuklai and Khuasak into townships
e138153	the last day on which names can be given is 21 March 2016
e138154	the first will come to be last
e138155	it was written on the very last page
e138156	a remarkable man who never again forgets anything he hears
e138157	any people or person who forgets the past
e138158	passed matriculation from there
e138159	the first one, the prelims, is of the objective type
e138160	I sat the prelims too but I did not succeed
e138161	this year you were filled with grief and weeping
e138162	I read in Laitai the news that he passed BA this year
e138163	before we get our victory we lose heart
e138164	before I got a hostel place
e138165	from before Burma got independence
e138166	we began at 7:30 in the evening
e138167	while I was serving in ZIOK and the like
e138168	they were married to each other at Bassein
e138169	was born in the town of Bassein or Pathein
e138170	the college fee for study is free
e138171	it is given out free of charge
e138172	the free Zomi hospital
e138173	made with silk it is very smooth
e138174	there are some I wish were a little finer
e138175	they simply kept walking on ahead
e138176	they simply dare to pay no heed to such things
e138177	when an election is coming they keep competing to be the winner
e138178	it said it would open only towards nightfall
e138179	it flies in mid-sky trusting in itself
e138180	the sun was already in the middle of the sky
e138181	being the other half of the word
e138182	nobody will dare to say anything to us
e138183	not daring to speak Zo among Burmese people
e138184	encourage one another more and more
e138185	in skills we still differ very much from one another
e138186	it tells us, you move two steps toward him
e138187	he saw a light come running closer toward him
e138188	so that the Zomi may always get the Zolai readers every year
e138189	the Khuado festival of our Zo culture that we hold every year
e138190	adding each year's increase back to the principal again
e138191	those who meet with injury and distress
e138192	700,000 people met with distress
e138193	helplessness, fear, laziness
e138194	talks have also been held with the embassies of various countries
e138195	some Zomi young people, with the various embassy offices
e138196	you shall sound your drums, your gongs, your small gongs and your mithun horns
e138197	with gong sets, drums and gongs a happy time was spent
e138198	Suangsuang, where the Meitei war commander was shot down, is also worth seeing
e138199	the army commander climbed up on Suangsuang to look out
e138200	the Malaysian government plans to secure the border
e138201	the Malaysian government loses about RM7 billion a year
e138202	how good it is as a medicine for diabetes is shown
e138203	how good the houses are differs as heaven from earth
e138204	on the hill opposite he saw a light coming quickly toward him
e138205	prayer on the hill opposite upper Taingen village
e138206	being full of anger and wickedness he is always on edge
e138207	the Iranians at once blamed the Saudis and they are now poised against each other
e138208	some saw such things as fireflies glowing
e138209	is the firefly a kind of spirit
e138210	that little girl became a young woman and grew up
e138211	when its tail has grown again its young have grown big
e138212	the man who serves the drink always uses one of these three ways
e138213	what is it, postman
e138214	April 15 is called a day of abstention and nobody goes to the fields
e138215	one child did not keep the fast on the fast day
e138216	I have come to fulfill it
e138217	politics is carried on in order to supply the needs
e138218	in English it is written like this
e138219	after Zolai grade 4 they study English grade 4
e138220	those who are elsewhere, remember us in prayer
e138221	it reminds us that there is much to be careful about
e138222	believing it to be because of old age
e138223	although name, rank and seniority in years set the limits
e138224	they came at once to Panglong to meet Aung San
e138225	he worked as an auditor in the towns of Panglong and Yatsaut
e138226	they suffer every kind of exploitation by those older than them
e138227	in the workings of the UN there is all the more deceit and exploitation
e138228	this method may be hard for us too
e138229	we are only its keepers for a while, it is not ours at all
e138230	can you come for an interview at 10 in the morning
e138231	if you do not come I am in great trouble
e138232	we again went to look at the high waterfall at the edge of the village
e138233	only such things as a high seat
e138234	holding a girl in his arms
e138235	while still wearing the Zotuileen uniform
e138236	it is said the National Day went on being held without trouble
e138237	if we keep on being reconciled it cannot fail to benefit the nation
e138238	they pinned it crosswise with a white stick
e138239	it is reconciliation in the vertical and in the horizontal direction
e138240	it is only allowed to make it wider sideways
e138241	putting all the emails together, once a day
e138242	bringing together the young people of Laaitui village and founding a Youth Union
e138243	like the stars above gathered in a cluster, all of us together
e138244	like a star above I shine apart
e138245	his stomach too will hurt severely
e138246	sanno means serious illness and slight illness
e138247	although it does not matter if husband and wife agree
e138248	if where we fall is flat and wide it does not matter
e138249	sending it back again he put it in the refrigerator
e138250	some others in turn, knowing much
e138251	a baby wrapped in cloth, in a manger
e138252	it comes wrapped in the culture of the people at each time
e138253	many things are packed into it
e138254	division of the nation arises because of the various religious denominations
e138255	division among those who bear the name Christian would be the most
e138256	the chairman shall not lean to a side and shall always keep to the middle
e138257	unity can be built by mediation
e138258	that night, for the post hewers and the water carriers to eat
e138259	even down to the post hewers, the drink and the meat
e138260	they tie the feast bamboo and the feast post firmly together
e138261	they plant both the feast post and the tonhmung in the ground
e138262	the bladder of the animal they killed is blown up and tied to the foot of a pole
e138263	in Malaysia it is put on money and on stamps
e138264	those who build with a zinc roof and a plank floor are seen as real men
e138265	they pounded them heavily with everything they had
e138266	they pounded them from the air on August 26, 2016
e138267	they beat the drum and the gong and also use the set of gongs
e138268	it is made to have three voices like one set of gongs
e138269	when they have a set of gongs they also beat the gongs
e138270	taxi drivers too can now use them to earn a living
e138271	because the way of making a living has changed
e138272	at this place various crafts for earning a living
e138273	the great waterfall still could not be seen yet
e138274	the name of the fall that flows on the Canadian side and forms the great waterfall
e138275	let us say ZAM came into being according to God's plan
e138276	these are all clear evidence to establish that we are one great nation
e138277	if you give me clear evidence
e138278	with the mouth they say whatever they like, but with the body they cannot carry it all out
e138279	it is fitting for the time when we dare to do whatever we like
e138280	the boy too rested at the foot of the tree
e138281	he fell asleep at the foot of the tree
e138282	because there is no need to pay school and tuition fees
e138283	because the cost of hospital fees too is growing more and more
e138284	it is very necessary that the people we wish well can accept it
e138285	it can be accepted with full assurance
e138286	when we are in a land where jobs are changed readily
e138287	all these casual shootings are in broad daylight
e138288	every people wants development
e138289	nobody wants to be pressed down any more
e138290	to be a servant is not wanted at all
e138291	because the amount of food received is not equal
e138292	just as our ways of loving Zomi are not equal
e138293	through hard work success can be had 98 percent
e138294	because of the dedication, effort and hard work
e138295	not succeeding as much as our hope and our hard work
e138296	one thing he never forgot to tell in all his giving of testimony
e138297	everyone who happens to read this testimony
e138298	whoever keeps speaking in a foreign language
e138299	not even a single person being seen
e138300	obey your mother and father and lead your brothers and sisters
e138301	with the influence of your mother, your father and your siblings
e138302	if children grow up in a place of envy they learn wickedness
e138303	those who have an envious mind
e138304	just as the laws of one country today do not concern another country
e138305	it is just like the laws concerning them
e138306	if four or five Koreans come together
e138307	saying that we would meet at the house
e138308	they will be able to meet again at the place so called
e138309	if you happen to be a person who longs too much for money
e138310	they also admire their fine figures
e138311	if you have not yet upgraded to Windows 10
e138312	if we have not yet finished, the time will not yet be complete
e138313	at another time karate became very popular
e138314	showing karate films was forbidden in Iraq
e138315	between the doors going into the hall there was still an open space
e138316	in between he served as interpreter and envoy
e138317	they are also striving to do business in Thailand
e138318	now striving to push in from the east of Mosul
e138319	until now the village headmen and the township officers
e138320	all our members of parliament, all the village headmen
e138321	the aims and objectives are to be known and brought into the discussion
e138322	which is one of the aims and objectives of ZOFA
e138323	the Hmar live in the south of Lamka District and the north of Mizoram
e138324	this town is a main town of the Hmar and the Thadou
e138325	when he reached the age of 11, in the Germantown Second Baptist Church
e138326	in Yangon I went and took part in several gospel albums
e138327	will before long release a very pleasing album
e138328	in 2009 very good water pipes were received from Unicef
e138329	they bored into the ground and buried a pipe there
e138330	they measured from the Manipur river as far as Philka
e138331	it is his explaining of this to the people
e138332	trusting the teaching of one who already knows
e138333	it is the part to the south and east from Bonuai quarter
e138334	it is certainly not so
e138335	a Zo son put on the tasselled cap of a Master's degree
e138336	one of the leaders sent me off to the airport by car
e138337	in India, following their language, it is simply called gari
e138338	there is a wide gap of land in between in the Tedim area
e138339	do not let the generation be broken off
e138340	now our history is rather broken off
e138341	at seven I went to school and sat in grade one at once
e138342	working by day and studying by night he went on with great hardship
e138343	peace, mutual love and the ability to unite have been able to come about
e138344	being able to associate in various organisations
e138345	God has now answered our prayers
e138346	we will go on continuing our prayers
e138347	they left house and field behind and fled from the war
e138348	he gave up being a Canadian citizen and took US citizenship instead
e138349	the matter of living as settled residents in the city
e138350	who will settle as residents and live in the city
e138351	that is what their Christian press group discussed together
e138352	they held a discussion on how to reduce it
e138353	if you plan to return from Malaysia to Zogam there are two ways
e138354	if you want to go home, you may go
e138355	one wants to follow the Zomi calendar
e138356	each place has its own reckoning of days, months and years
e138357	when he looked up he saw Vanlengtanu
e138358	it would be good that we keep on trying to write
e138359	the horizontal part of the cross is the bond between people
e138360	how it goes straight, how it goes sideways, up, down
e138361	announcements and various other things followed
e138362	announcement from N4U Ministry
e138363	to give notice and explanation in the name of the organisation
e138364	are the very ones called pastors truthful
e138365	if any of you say so, send me what is true and correct
e138366	in all the world's organisations the faithful and honest slowly get no place
e138367	a suicide bomb was set off in the city of Tikrit
e138368	he sees himself clearly
e138369	only when one truly sees oneself can repentance come
e138370	it is seen more clearly than from the ground
e138371	the herd boys say the herd often takes fright
e138372	the chickens were badly startled and cackled loudly
e138373	the rats too were startled and scattered everywhere
e138374	the programme leaders are not at fault
e138375	we held an advance planning of the programme for the library opening
e138376	when my eldest brother reached 62 years he retired from work
e138377	most people after reaching 30 years
e138378	they will very much use the word Zofate
e138379	those written in the Mizo language announced it as Zofate
e138380	I cannot even understand myself
e138381	only then can it be understood who they are
e138382	most back pain is from the wrong posture of our body
e138383	because it is not balanced one can get back pain
e138384	we were healed of back pain, stomach pain and headache
e138385	while Kapteel was living very happily a disagreement arose
e138386	one morning while he was eating
e138387	those who can manage the affairs of clan and household are called real men
e138388	he shall help so that the household does not lack food and drink
e138389	it is always shared out alternately to the male side and the female side
e138390	if I were the one with most authority there would be no need to regard people's faces
e138391	do I truly make God the highest authority in my house
e138392	not taking part in local matters, a mind that stands apart from community efforts
e138393	starting from education, community care and health
e138394	getting along well with people is the most important thing in the world today
e138395	try to get along well with many people
e138396	you talked to me from India by Skype
e138397	they urge the use of Skype, which they themselves own
e138398	it is now the time that we take the view of the people too
e138399	it can be seen that we took it from the pattern of the hornbill
e138400	for a very long time pride over others was among us
e138401	it is in the hymn book he printed at Bristol in England in 1745
e138402	how many have you already played, could you tell us
e138403	about how many have you already played, could you tell us
e138404	always help so that your church leaders and the country's leaders may be changed
e138405	the way the living God shows himself to the people of your church
e138406	holding his chin in his hand he looks outside
e138407	swallowing hard she kept looking at the rich man
e138408	it is a place at a distance of 300km from the city of Tehran
e138409	our Zo custom of hoe and axe, the basket of meat
e138410	the price of carrying the basket of meat
e138411	if we never use it we become lazy
e138412	the Tedim people are too lazy to read
e138413	because the Zomi are too lazy to read
e138414	because in Japan births are few and the aged are many
e138415	there are also many babies born already having Down's syndrome
e138416	babies born by IVF are reckoned to have reached 4 million
e138417	because everyone wants to travel the wide and easy road
e138418	everyone wants to travel the easy road
e138419	for example those who want to build a church, according to what they have
e138420	because they want to build a new one
e138421	even if we win by arguing on and on there is never any happiness
e138422	without anyone blaming or arguing with one another
e138423	it is not good at all for parents to keep quarrelling and arguing
e138424	lifting up from oppression, honour from contempt
e138425	they fled to Malaysia because of contempt, oppression and abuse of people
e138426	they moved to the place called Taakzang on the other side
e138427	between 2008 and 2009 at Taakzang and the new quarter below Takheuh
e138428	through this publication much awakening has come about among us Zomi
e138429	he brought out a monthly news publication
e138430	to have faith, repentance is needed
e138431	repentance and faith always go together
e138432	the Zilom clan, from Valvum
e138433	in 1991 he attended the military academy at Pyin Oo Lwin
e138434	I am willing to buy it for 5 pounds
e138435	he says the rich are willing to buy them for very much money
e138436	only the very richest in Paris can afford to buy
e138437	because he kept plucking them out until his wings and tail were gone
e138438	when he reached sergeant he took his pension and retired
e138439	he entered service in Yangon on 2.5.1989 with the rank of sergeant
e138440	then the lion went down under the house
e138441	the villages of the circuit that was given him to travel in
e138442	Diamond Jubilee book of the Gamlai circuit Baptist church association
e138443	Dolluang village, which God is with, since 1897
e138444	as he is good at sports, sturdy and handsome
e138445	his wife is both pretty and sturdy
e138446	are you unable to feel shame
e138447	for the relief of the public, kinds of help as below can be seen
e138448	it would be too long, so I shorten it
e138449	if I shorten it briefly so that the general public can understand
e138450	two men who said we are carrying a bomb hijacked it
e138451	every fire can burn
e138452	the things around it that could catch fire
e138453	if he does not change Burma it can no longer be changed
e138454	their pushing around of the people who know nothing
e138455	there is no way we can push our followers around
e138456	in the blink of an eye it can push us hard
e138457	why is it suddenly like this
e138458	because my mind suddenly became so
e138459	by my not taking part, drink will not really be stopped
e138460	the pull of the earth
e138461	hold oneself back from desires
e138462	they did not hold back at all from showing it
e138463	lack of restraint in the end brings fatness
e138464	it excludes anything called human merit
e138465	does twisting a matter with lies not always bring a wrong judgment
e138466	that the name Chin is not right
e138467	they agreed to use it
e138468	approved the forming of the Chin Rifles
e138469	the world has agreed that they may have it
e138470	the ability to appreciate what is good
e138471	we give various honours
e138472	for this no one is to be blamed
e138473	the wives alone cannot at once be blamed either
e138474	as she kept doing it she got used to it
e138475	as for them they are simply used to it
e138476	we will send chocolate as thanks in return to the workers
e138477	from the top to the bottom along its edge
e138478	he finds it very hard to live with a nagging one
e138479	where the strap is fastened, near the join of the guitar body and neck
e138480	Senator Kennedy, in addition
e138481	but do not get too close right away
e138482	they would be those very closely related to our people
e138483	not binding us fast with their own word
e138484	the ones who went abroad first were they themselves
e138485	because his wife was going in front of him
e138486	whether our land and our people will benefit from it
e138487	the reason such bad news has come upon the Zomi
e138488	a short report of the coming of Henry Van Thio to Tedim
e138489	the accepting of a person just as he is
e138490	knowledge and acceptance arise
e138491	overpowering others is called bullying
e138492	if they want power and domination
e138493	in Nigeria within the past 10 years
e138494	if you are afraid, ring the bell to raise the alarm
e138495	he came to the zoo together with his wife and children
e138496	let all the young who are strong and still healthy take it as an example
e138497	the two Myanmar nationals accused of murder in Thailand
e138498	the government gave a place on the far side to the north
e138499	if we give them no place they hold themselves apart
e138500	gathering together the skulls of the dead
e138501	because we live under the rule of one government
e138502	not wanting talks with the ZRA leaders at all
e138503	she kept calling the wind to be the helper of the young man
e138504	we hold only the position of helper
e138505	even if the year turns new again and again
e138506	he performed the anointing with holy oil for him
e138507	with the anointing of holy oil
e138508	he began to tell the boy that he did not wish him to eat sugar idly
e138509	nothing being obtained on the goodwill or ill will of the officials
e138510	as for what is seen in the video record
e138511	the doctors examined what is seen on the CCTV
e138512	it connects one city with another
e138513	it can be given as sincere approval
e138514	they always long for agreement and approval
e138515	its hills, ravines and deep valleys are very wide
e138516	the whole area with contour lines in detail
e138517	on the second day they divided us section by section
e138518	they join them and put them together
e138519	if we are leaders it is not arrogance or self-importance
e138520	using it as pride instead of shame
e138521	those who do not side with your view
e138522	I too want it together with you
e138523	one who can also support what others want
e138524	it is especially good for asthma and diseases of the bones
e138525	they regard outward appearance as very important
e138526	it is high time to have a clear direction
e138527	religion is used as a ground for killing, cruelty and hatred of others
e138528	setting his expectation for his daughter too high in it
e138529	it does not strengthen the way the body takes in food
e138530	always remember that uniting is a great victory
e138531	using words of association
e138532	if we string together again all that we have said
e138533	the place where the presidents of the USA go to office
e138534	I think it is worth the leaders giving ear to it
e138535	catching people's eyes it makes people interested
e138536	this captures the mind of the public
e138537	it is felt to captivate people very much
e138538	I would not dare to do such a thing
e138539	a truthful person, pure like a baby
e138540	a little child who has 4 legs and 2 spines
e138541	not all liabilities are undesirable
e138542	bad thoughts and undesirable attitudes
e138543	salt, oil and fried things are not to be eaten much
e138544	dipping it in bean flour and frying it
e138545	they had roast beef along with beer
e138546	roast pork with a fine smell
e138547	although arguing back is also good at times
e138548	the water jets that are at this riverside
e138549	now holding each other close like a banyan
e138550	people had let down fishhooks and were catching fish
e138551	at the spots they thought dangerous they put up a barrier
e138552	not knowing that the knowledge such people already have is their foundation
e138553	the old and the new clash with each other
e138554	will make us clash with one another
e138555	this book stitched together with compassion and the like
e138556	may even be able to stitch in those of the G-group in Manipur
e138557	when he makes the picture he always has it hold a mallet
e138558	the water must be boiled
e138559	drink plenty of boiled water
e138560	electric lights and power lines will be very hard to make
e138561	they stabbed him with bayonets until he died
e138562	to serve there are two German women and two men
e138563	his eyes are like the eyes of hounds used for hunting
e138564	some of the trees we planted had hot water poured on them
e138565	many people have come to look at the quality
e138566	from wherever one looks
e138567	will the identity of the Zomi still be Chin-Christian
e138568	when you come back bring something for a cowbell too
e138569	it is hard to hold any activity that can benefit the community
e138570	but all these benefits I have gained
e138571	it is said that they took them all away
e138572	besides, in Lamka town on November 7-8 2014
e138573	you cover it with a betel leaf
e138574	tea and coffee at the door of the meeting place
e138575	so that other peoples cannot divide us up
e138576	outside that wall they even made a channel for the water to flow round
e138577	he is one who is bold, strong and knowing
e138578	the animals too not being tied up or shut in
e138579	it will be within the middle of October
e138580	about the middle of the year 2015
e138581	the list was posted on the blackboard
e138582	if we ourselves do not respect it
e138583	I long very much for my blisters to heal quickly
e138584	besides, on the skin, blisters, itching and the like too
e138585	although there was never anything to find fault with
e138586	rather than helping the shortcomings, needs and weaknesses of others
e138587	no chief goes unslandered, no dead person goes unpraised
e138588	I cannot be without praising the Lord
e138589	now because of the Rakhine affair he has drawn back
e138590	pretending not to see the hardship of the people and shutting the eyes to it
e138591	its skin may well blister
e138592	from wounds, burns, blisters and breathing in
e138593	then many also died because the heartbeat stopped
e138594	there is now technology that helps the heartbeat, for those with a weak heart
e138595	there are also those who say semlawng
e138596	the USA, the World Health Organization
e138597	it is best to boil it for a short while
e138598	will give us cheerfulness and boldness
e138599	they rather hold it with boldness and pride
e138600	it is worrying that it will just keep happening
e138601	what troubles them is also just a small matter
e138602	an opened medicine bottle on the table
e138603	glass bottles, plastic, scrap iron
e138604	from the base to the tip of the torch
e138605	giving empty promises by using lies
e138606	does not yet have the strength to draw the shooting bow
e138607	too fast or else too slow
e138608	break the record
e138609	they were scattered to different places of the earth
e138610	because of the split there was no gain at all, only loss
e138611	are divided among the countries
e138612	do not kill a hen that has chicks
e138613	bring what was eaten to the hospital at once
e138614	if you bring the original UN card and not a copy it will be quicker
e138615	he came to Alexander bringing the medicine he had made
e138616	the sides too are harder and the battery too is stronger
e138617	do not eat salt in too salty a measure
e138618	the sea is shut in and too salty, so water creatures cannot live
e138619	trains his chest, thigh and arm muscles to be strong
e138620	the baby finds your beard, your moustache and your sweat very hard to bear
e138621	the pastor was black and blue from the throat down
e138622	our mothers used to call a brush bulut
e138623	the car does not jolt at all any more
e138624	its landing jolted hard
e138625	we will fall apart beyond repair
e138626	on a rather bushy tree
e138627	but when firmness is called for, just be firm where it is needed
e138628	it makes one think that the way would become shorter
e138629	had the ointment made with cactus sap
e138630	its skin is very thick
e138631	was my camera made to be just like that
e138632	to have a photo taken one still has to hire those who own a camera
e138633	I looked again at the photos in my camera that I took in the daytime
e138634	this NCA is for wiping out the whole Panglong agreement
e138635	even if it is only one piece of chocolate
e138636	handed out very big boxes of chocolate
e138637	the people of the town, nobody worrying
e138638	it is imprudent
e138639	they kept putting bamboo leaves into their baskets
e138640	has held the position for many years
e138641	the place where Tedim town arose and began
e138642	the origin of the name
e138643	it means a rock cave
e138644	they followed as far as the cave
e138645	they sheltered in the fine caves of the Murlen forest
e138646	in keeping with the speed at which the times move
e138647	it is not just skill in joining letters and speed of reading
e138648	lizard, scorpion, centipede
e138649	they have great trouble of mind
e138650	they had no worry in other matters
e138651	chew the food you eat thoroughly too
e138652	there is fame among the people
e138653	a very worrying matter came up
e138654	realise today that your position is very worrying
e138655	cheap things to eat are included
e138656	they can be got very cheaply
e138657	the cheapest ticket
e138658	they keep posting photos of chitterlings on their Facebook
e138659	our belts and our wristwatches too
e138660	they cordoned off the area around the complex with a rope
e138661	they cordoned off the whole area of the crime scene
e138662	as he is now a civilian he can no longer be killed at will
e138663	in Syria, townspeople and civilians
e138664	what is good and what is not good can be seen more clearly
e138665	from division over personal matters
e138666	if there is no communication only division awaits us
e138667	gaps, division, the making of enemies
e138668	if there is a crack in the ground, fill it at once so that rainwater does not get in
e138669	you too, though you are good at climbing trees
e138670	to stick fast among the majority
e138671	it clings down to the generations of his grandchildren and children
e138672	one of the red nail clippers for your father
e138673	reading the Bible brings us close to God
e138674	not to be spread out along the clothes line
e138675	are only potatoes and beans eaten as curry until one is sick of them
e138676	the plan for the journey will roughly be as below
e138677	because a cock laid an egg in the town of Bastle in Switzerland
e138678	a cock crowed
e138679	who picks coconuts from the top of the coconut palm
e138680	although nobody made such a demand or mention
e138681	because they are of the same age they keep threatening each other
e138682	to marry and even have the noose put on
e138683	if we look at the way the young men comb their hair
e138684	the government soldiers captured a leader of the rebels they are fighting
e138685	if China and any country went to war, those fighting against it
e138686	the Germanwings airliner was brought down by the co-pilot, the assistant of the pilot
e138687	let us practise acting and speaking with consideration and gentleness
e138688	mostly it is used as a way of making profit from those users
e138689	if you live in a land where people keep you company with love
e138690	they will be like a rope too long that gets tangled
e138691	a baby that has problems
e138692	one of the difficulties is this
e138693	with force, unavoidably, it makes us look again at our life
e138694	one family was shut in and could not run out at once
e138695	he set a little of the broth aside and ate it
e138696	cannot be always soft and always gentle
e138697	because of the attitudes the conclusion will be different
e138698	there will likely be more agreement with the situation of the Zomi
e138699	when they are happy, rejoice with them
e138700	grieve with those who grieve, rejoice with those who are happy
e138701	that they are glad and rejoice with him is no fault
e138702	he clasped his two hands firmly together
e138703	there are also some who fell ill because of great fear
e138704	they also regularly held times of consultation and conversation with them
e138705	it is a very deep and firmly rooted religion that has continued since
e138706	let us continue the rest
e138707	when there is time let us continue the rest
e138708	opposite to the right side, the reverse side, the wrong side
e138709	at the workplace there can indeed be disagreement and friction
e138710	the reason is, when we trace the root of people's disagreement
e138711	to state all that does not accord with the law
e138712	a moving stairway, drawn steadily along, pulls one up
e138713	in order to cool the inside of the train
e138714	it is like a thermostat that cools when it is hot and warms when it is cold
e138715	since the chicken is just there in the coop at the corner of the house
e138716	they were very gentle people
e138717	they delivered it correctly as instructed
e138718	I will be able to feed them three meals a day regularly
e138719	because the church members give their tithes faithfully
e138720	the field of news and communication in Myanmar
e138721	we found only one single matching shoe
e138722	if you can use those 3 hours to good purpose
e138723	it can be used to good purpose
e138724	could only build one small house in Tedim
e138725	to change the outward forms of faith and custom
e138726	our outward appearance
e138727	when we heard it we took its lid off at once
e138728	one of the small boats of fishermen called Fishing Trawler
e138729	put them in the government school and the government nursery school
e138730	enough to make the leaves of that bean vine tremble gently
e138731	we met again with some old friends
e138732	adorned with the bent-line pattern of our Tualpuan
e138733	it crashed down hard on the heads of the passengers
e138734	the young men pounding grain were very eager too
e138735	without thinking only of the hard part
e138736	cried out her hardship to the Lord
e138737	what is it that hinders that effort
e138738	are you a troublesome person for society
e138739	talking with you is a great bother indeed
e138740	really very cunning, is it not
e138741	even if one steps on a rather hollow spot
e138742	felling a tree and cutting it into lengths
e138743	cutting off the waters of the Jordan before it
e138744	as soon as a duckling is hatched
e138745	tumours of the gallbladder begin sooner in them
e138746	baptism of infants by sprinkling
e138747	to be used a long time they look for the most lasting heartwood
e138748	on heartwood too they carved pictures of the enemies and game taken
e138749	if we were just to open the gate of the dam
e138750	Jimmy Carter who had no desire to be rich
e138751	there will be no one who does not long to be able to share together
e138752	women, every day in front of the mirror
e138753	those who always go out every day
e138754	because in the end I felt quite deafened
e138755	because the Lord God is not deaf
e138756	the number of dead in the fighting and how the fight went
e138757	were not called out but dragged out
e138758	with no weakness at all in the way of proceeding
e138759	evil, untruth and deceitful lies
e138760	comments made on the post in a wrong and bad way
e138761	it will be settled from September 15
e138762	because of constant shouting it can lead to things getting worse
e138763	a small-clan mind will break up the people
e138764	being split among Myanmar, India and Bangladesh
e138765	wanting to be a good singer without mastering the song cannot be
e138766	all the ill speaking and defaming by people
e138767	as provoking, accusing, defaming out of hatred
e138768	concerning the safety and protection of life
e138769	our fencing ourselves off from one another
e138770	those who protect and help one another
e138771	until Sept 30 can put off payment without interest
e138772	the baby may be born tiny, under a pound
e138773	it does not even reach 200 kyat
e138774	in the explanation by Datuk Seri Ab Aziz Kaprawi
e138775	it should not be a turning away from his headship
e138776	at which turn-off, so as to be able to go
e138777	or else a deformed one that a spirit has entered
e138778	they removed them from their posts
e138779	simply dropped the young man down below
e138780	because it too is no longer good it will be treated, he said
e138781	a charging cable that is no longer good
e138782	his followers too going round in a curve
e138783	this too, representing the whole of Burma
e138784	besides, it brings it down more
e138785	his answer was poor and not at all clear
e138786	besides, fruit of this kind that is not good
e138787	its thickness is thinner than one inch
e138788	the thickness alone 1.36 metres
e138789	the father did not at all reject the son who ran away
e138790	they too do not think of joining
e138791	the way the accident happened being very quick
e138792	when it was heard that print would no longer be made in this way
e138793	where the email was sent out from is not Gmail or
e138794	between the two towns the man who made this booking meant to travel
e138795	the police made a thorough search
e138796	wash your hands clean with water and soap at once
e138797	because of his refusal in the matter of laying a fuel pipeline
e138798	a rejection of the whole people
e138799	having no free time at all
e138800	its importance and its wisdom are rather not understood
e138801	from my diary
e138802	the Englishman, in his diary book
e138803	we have done it for my people
e138804	get it done as quickly as possible
e138805	the outer coat too is not made the same colour
e138806	the Zomi being scattered across three countries
e138807	being scattered and dispersed in small bits and pieces
e138808	hard work, heavy labour, felling trees, farming, digging and the like
e138809	it is dug with a JCB digging machine
e138810	through faithfulness and diligence they won a name
e138811	in diligence at work no one can match Cope
e138812	they dipped that bag down into the water
e138813	just be able to point out the way to take
e138814	if there is a need, just point it out to us
e138815	the disadvantage of going to France
e138816	it is a showing of God's disapproval of us
e138817	if we are foolish, not to hide our foolishness
e138818	truly not hiding what he is
e138819	no longer continuing school
e138820	he does not urge people to follow it
e138821	UNHCR does not encourage such people
e138822	not only the harassing and humiliating of women
e138823	defaming people, shaming them, disgracing, humiliating
e138824	that disheartens, and one dares not have anything done
e138825	besides being tiring it disheartens us
e138826	they at once tested whether Ebola had been caught or not
e138827	the fire did not spread to the inside of the house
e138828	those diseases are said not to pass to other people
e138829	if one should happen to be dismissed from work
e138830	once spread them out in the sun on the veranda
e138831	set it out so that the people would understand it better
e138832	therefore you share it, doing the work of a messenger
e138833	the second army officer did not agree and refused
e138834	they do not agree with what I want
e138835	under that same leadership Burma was held down firmly
e138836	he was at once confined to bed
e138837	he pricked one very small dot
e138838	plans for the progress of the people and the land can now be had
e138839	drink it all up
e138840	a way to have letters sent without rainwater wetting them
e138841	if it is first soaked in water it is very pliable
e138842	those who are more keen on politics
e138843	it almost makes one eager
e138844	there is no need to rush ahead in great eagerness
e138845	the sharp-eyed can see things well
e138846	see with the eyes, be sharp-eyed
e138847	earthworm: a kind of worm born in the soil that eats soil
e138848	they have cut it all clean and it is very pleasant to look at
e138849	guns came flooding even into Zogam
e138850	it can only act as mediator and cannot go and shoot for either side
e138851	misunderstanding between the older people and the young
e138852	only parents and the somewhat older ones use it
e138853	to hold the tube up high
e138854	pressing down those below us and flattering those above us
e138855	the Philippines became the first country where a national leader was removed
e138856	there will be some trouble for the Zomi refugees
e138857	because of various difficulties not able to work much together with him
e138858	because of this missile launch, trouble on the Korean Peninsula
e138859	he came back to his house empty-handed
e138860	catching fish with bare hands in the state of Kansas
e138861	to feasts and the like one does not want to go empty-handed
e138862	the Zomi too no longer being confined to only one corner of the world
e138863	they may put them together in one plastic bag
e138864	if it were of glass instead of the wire fence that now encloses it
e138865	the resistance needed to be able to ward it off can then be gained
e138866	resistance and endurance dwindling more and more
e138867	when I said so, not keen at all, he kept scratching his head
e138868	much of the work will be all the lighter
e138869	he was able to hold back his tears
e138870	after a long time they made it forbidden
e138871	it is to work together and there is no restriction
e138872	although there was a strict ban saying they must not
e138873	one night, having lit a fire, around it with some schoolchildren
e138874	among a great many
e138875	I do not think a very big bin or many of them are much needed
e138876	good to know, good to see, eagerly awaited
e138877	the idol of the wish to be rich, the idol of envy, the idol of the wish to win
e138878	development will not come to us, and the road of ruin
e138879	it is also a good beginning for the building of the country
e138880	there has not yet been a lead taken to build unity
e138881	nor has it made any contribution to the building of democracy
e138882	nor is every defeat our end
e138883	toward ruin and extinction rather than progress
e138884	in the secret watching from the sky by US investigators
e138885	culture and development are joined, inseparable
e138886	inside that coffee production compound
e138887	if they just keep aloof saying it is too dark
e138888	they founded a village and called it Luika village
e138889	to be able to train each differently following their own bent
e138890	with the digging up and laying bare of what was buried
e138891	oil extraction in East Aceh
e138892	I have thoroughly brought out the concept
e138893	because they stay beyond the days they may stay
e138894	able to show love to the children in excess
e138895	apart from those, if we work together in agreement
e138896	they are inside, terrified and alarmed
e138897	when the plane landed at Yangon airport while we trembled with fright
e138898	in the politics of Burma all fear to speak about secession
e138899	it can shake our brain into exertion
e138900	it is the song that can stir people most
e138901	from the tests of various laboratories
e138902	I stood at the place where they display penny loafers
e138903	they will again hold the opening of the new cabinet of the president
e138904	invitation to the launch event
e138905	not one survived, they all perished
e138906	because they are very keen on hip hop music
e138907	because Korean films are liked so very much
e138908	when the time of birth came, after rolling cotton thread tightly
e138909	so that connection with the plains may be easy
e138910	be ready to go back
e138911	be prepared to die tomorrow, and
e138912	can always be ready to take pride in it
e138913	because they no longer understood each other in speech
e138914	until today they understand each other, and
e138915	we probably know each other's affairs too well
e138916	and it is because of famine
e138917	those three disasters are famine
e138918	Oppa Gangnam Style being very famous indeed
e138919	I kept wondering whether I too would be fanned
e138920	we are a people who never had even a field hut burned, let alone a house
e138921	it is bound very tight and fast
e138922	because the boxes they were put in were too small and tight
e138923	the times when we were hemmed in are coming to an end
e138924	there are ones we like better and ones we do not want
e138925	God has us honour them because he wishes to bless us
e138926	even as much as an otter in the water
e138927	the kind of large whiskered otters that live in the sea too
e138928	bound him fast with chains and iron rings
e138929	Kimnu set the kettle on the stove made with an iron ring
e138930	beloved, is it your charm or is it my charm
e138931	not knowing that she was bound by a spell
e138932	came along over the wire bridge stretched above the river
e138933	if, as some people allege, it had merely come from something made up in 1953
e138934	he is the fifth among nine sisters and brothers
e138935	go to a clean place where there is nothing
e138936	growing bigger and bigger it shone out like a torch
e138937	if someone flatters you though your work is nothing much
e138938	he threatened the cameraman hard and was very angry
e138939	as they threatened her at times she was very afraid
e138940	not as with us, where we keep it only in a flowerpot
e138941	it is made so that it can be folded
e138942	in many other villages they have already forbidden keeping dogs
e138943	being a living animal, it does not much like to be touched
e138944	in the middle of the confusion the earlier bus hit a motorcycle
e138945	neither turning back nor going forward
e138946	if we work as leaders there will be no going forward
e138947	the genuine Zo cloth is not a garment but puandum and puanlaaisan
e138948	to say it truly, the kingdom of God is within you
e138949	the villagers kept saying, how very lucky
e138950	they are not fortunate, lucky people
e138951	because of our mistake very many people have died
e138952	about 54 people have been found
e138953	the real cause of the start of this CK Building fire
e138954	the pine trees of our region grow densely again
e138955	they had socks and gaiters and felt very grand
e138956	he also kept on with other betting and various card games
e138957	a gardener had a very fine bamboo clump in a corner of his garden
e138958	it was the first time I wore a garland for passing the exam
e138959	inside his belly his liver was crushed
e138960	not long after that, the operation on the inside of his belly
e138961	he got well again thanks to the skilful treatment of the doctors
e138962	it came and ate the food of the house ducks
e138963	when God brings a thing into being he does not make it without a purpose
e138964	we can see that it is founded with its roots in the matter of
e138965	the Lushei brethren, calling them get-together songs
e138966	friends should strive to be at one, keep company and work together
e138967	the metal part fitted on for winding the guitar string
e138968	those who gave Leave were 52%
e138969	the very famous search engine that gives the service for free
e138970	and let us take a quick look at the situation below
e138971	those who keep waiting dejected, not knowing
e138972	do not eat too much at one meal
e138973	by authority and administration of various kinds
e138974	suddenly grabbing him by the hem of his garment
e138975	the first to sing with a gramophone among the Zomi
e138976	if two flints are struck together
e138977	water of life from among the hard rocks of the sandy desert
e138978	the dinosaur that eats grass
e138979	if it is only clean and smoothed it is quite fine
e138980	God's creating of the people of the earth and life in the spirit
e138981	being able to make it coarse or fine
e138982	craving and coveting are joined with greed
e138983	greed shows itself most of all in matters of land
e138984	it means that being too greedy is not good
e138985	greed and envy bring much loss
e138986	it was still right in front of the church
e138987	had a very fine bamboo clump in a corner of his garden
e138988	they also keep growling at each other with the USA
e138989	growl at one another among ourselves
e138990	so as to be able to think out many new songs
e138991	keeping away from forgetfulness, mistakes and the like
e138992	my mistakes and my failures, a thousand kinds
e138993	what do the other, troubled countries do wrong
e138994	before even knowing what the children did wrong
e138995	came back when they knew that they had made a mistake
e138996	as it fell down below the car rolled over and over
e138997	holding in one hand a hoe handle, an axe handle or a club
e138998	saying so they drove it out, beating the walls with hoe and axe handles
e138999	in various stories there are also those who lived with a female spirit
e139000	he said, I will support Zosiam by cutting hair
e139001	you used to pin your hair with a small hairpin
e139002	hairpins for you while your hair is still long
e139003	we are a people that uses combs, hairpins and ornaments
e139004	matters that can give rise to misunderstanding and harm
e139005	there is rather no misunderstanding with the employer
e139006	fitted with a handle to hold it by
e139007	all that had hardened grew soft again like cotton
e139008	the joining and flowing together of blood, working together, cannot come about
e139009	to be able to plan for flowing together like the waters of Zo
e139010	cattle water, straw and a great many bean husks
e139011	it is very sad when we hear of people killed and hurt in a horrifying way
e139012	to die by the most dreadful death
e139013	it is truly an unseemly, dreadful thing to do
e139014	as nothing alarming was found no case was made
e139015	a little time is still awaited so that the root of the matter can be known more clearly
e139016	I also hold the keys of death and hell
e139017	a saying about entering heaven and entering the lake of fire of hell
e139018	here the story of the one called Kapteel ends
e139019	but here we will say a little again more fully
e139020	saying, if I stay in here I am one who will die
e139021	there is no longer any cause to feel small or to hesitate
e139022	in the history of the Burmese, the heyday of Pagan
e139023	even if you happen to hiccup
e139024	for one who has the love of God it takes fear away
e139025	those who hold the Pentecostal faith are the most
e139026	when we write it is rather hard to be fully uniform
e139027	the two kinds of view will come to agree
e139028	they lodged us in a wooden house with a tin roof
e139029	as the sun sets early it is damp and very cold
e139030	he was shut up in a very damp, very dark prison
e139031	when the damp leaked through from the bathroom
e139032	the note will stand up very well to getting wet
e139033	my hand could probably no longer hold up the weight of my body
e139034	it is spoken of as the most undesirable job in the world
e139035	unless you are ones who fall short
e139036	he, the most unworthy and imperfect one
e139037	God is immortal and cannot perish
e139038	when the mortal has become immortal
e139039	without telephone and internet the world is incomplete
e139040	those who cannot feel longing are rather the incomplete ones
e139041	as for what matters and is important
e139042	it is said he took no notice at all of what the chairman had done
e139043	it is not only a matter of being listless
e139044	in our own native speech it is sungluut
e139045	I want to urge you, saying let us strive anew
e139046	the various nutrients are already included in the milk of the mother, it is said
e139047	it is now included among the 5 main points
e139048	overall, 20% of all people own 80% of the wealth of the world
e139049	covering what concerns the village and land of Laaitui
e139050	by himself he can do nothing
e139051	never troubles them in their seeking of food and living
e139052	so they were found through the search for them, they say
e139053	the stomach cannot digest whatever is eaten
e139054	these two are the inseparable nature of one person
e139055	the age of easy communication, inseparable from that
e139056	they composed various famous songs
e139057	took my bag and carried it into the house
e139058	but the fire did not spread to the inside of the house
e139059	the one who is to rule the USA, which influences the whole world
e139060	then a phone call came in again
e139061	a message for my check-in came in
e139062	told them to sign below
e139063	let us look together below at what the title above means
e139064	you too write below, friends
e139065	joy and lack of joy, poverty and wealth, all such things
e139066	the ability to use them combined
e139067	nor is it that the shelters in Zogam are insecure
e139068	without first caring for our insecure household
e139069	they made a law that set the power to rule above all
e139070	it is fitted with the new Samsung Exynos 5430 chipset on which the CPU is mounted
e139071	what was to be paid on June 30, 2015 could not be paid and the day ended
e139072	those who should give encouragement are rather unable to give it
e139073	the force of that pressure reaches inside their brain too
e139074	those who are able to marry right at the time for marrying
e139075	faith and custom always agree in their inner matter
e139076	before it troubles the nation, before it stirs up the nation
e139077	urge on strongly, stir up, alarm, trouble
e139078	it is merely written to frighten the public
e139079	he will threaten you and take it from you by intimidation
e139080	for the Zomi it has already become too much to bear
e139081	the Bible teaches us not to scold children beyond what they can bear
e139082	what we call anger is not being able to bear
e139083	because of not controlling our own body
e139084	when watching the football match it is very infuriating
e139085	joking with the children, there was not much time to sleep either
e139086	arrived with forty horses and forty jars of oil
e139087	a jar can also be used
e139088	I have seen many people who build their life on love of the world
e139089	desire for the beautiful things of the world
e139090	we could just talk together cheerfully
e139091	the later one comes to only 153
e139092	you and I, born later than Adam
e139093	let it have no teeth and a pointed beak
e139094	if there is no he-goat there can be no kid
e139095	wicked people too may kidnap
e139096	they abducted 200 schoolgirls and have not yet released them to this day
e139097	when I went home a kitten kept following me
e139098	a kitten given by the people of the village
e139099	the Roman soldiers beat him with a whip plaited with bits of iron
e139100	in that year the conference of the workers' union of the whole world
e139101	stealing other people's goods and using intoxicants and drugs
e139102	it is robbing him of them until they cannot be got back
e139103	after that, later, to the east of the town of Portapique
e139104	they spend freely with no thought for the future
e139105	when he knew the enemies were coming he hid on the shelf
e139106	when he knew the enemies were coming he hid on the shelf
e139107	those who use the right hand, more than the left-handed
e139108	in the end a maker of lies, a deceiver, a slanderer
e139109	outside, the launching complex for rockets
e139110	for the release of the soldiers of Israel who were captured
e139111	deliverance for the Jews will arise from another place
e139112	if it were permitted at once, houses and the like
e139113	when travel between one district and another is permitted
e139114	even improving it is still permitted
e139115	to raise Jesus and the two wrongdoers on the cross
e139116	after eating the stomach is not heavy and feels light
e139117	as it is very fierce, inside it something inflammable
e139118	because the soil of Zogam is not firm
e139119	because milk teeth are less hard than the teeth of adults
e139120	the day is short and the midday sun is not strong
e139121	listen only to those you trust
e139122	look at his face and listen
e139123	they may just listen to the lies politicians tell
e139124	it is not exactly poetic language either
e139125	to see to things on the spot, two German women
e139126	the church is forlorn and disheartened
e139127	we shall have lost the shares due to us and shall perish
e139128	when it is too wet it is more likely to happen
e139129	let us say so for now, so that it is easily understood
e139130	we are looking closely at CCTV so that the one who fled may soon be known and caught
e139131	he will come to be greatly honoured
e139132	he will become famous and greatly honoured
e139133	you will have the means to put it down in one lump
e139134	when she saw it she was made furious
e139135	he danced at the edge of the main road to cheer the public
e139136	pick out one by one from the mass
e139137	after that they began to arrive in great numbers
e139138	they got hold of a great mass of ammunition
e139139	though they gave aid money in great amounts
e139140	the reason is that its time is not yet full
e139141	if you keep saying the time is not yet ripe
e139142	it is said it just managed to stop in the grass outside
e139143	cried fretfully all night long
e139144	meanwhile Zo dancing and the singing of Zo songs were happily held
e139145	meanwhile people had already sat down in the empty seats
e139146	Khuado is a good time for getting together
e139147	very good for people to gather in crowds
e139148	it is a lasting remembrance of our being those who carry it together
e139149	at the meeting they are always made to recite scripture by heart
e139150	do you have your child learn scripture by heart
e139151	how well they recite scripture from memory
e139152	a place in Limbang where car tyres are mended
e139153	if there were a big market many goods could be found in it
e139154	he had a big store in Moreh
e139155	a big store at Lawibual
e139156	they are very merciful people
e139157	it is said it was found in a small pond close by
e139158	Socrates plunged that man under the water
e139159	at the last supper eaten together
e139160	we were also able to have a dinner with the senior leaders
e139161	not even grasping what her son's letter and message meant
e139162	he has sent me no word back at all
e139163	because I got to give thanks and a message of encouragement
e139164	wrote a last message
e139165	saying this she wired her friend
e139166	they announced that it had also been matched with the name list
e139167	the ways and manners of all people do not quite match
e139168	that place in India where steel is made in great amount
e139169	among them the way he made man is rather different
e139170	they did not keep careful accounts
e139171	look closely at the middle fingers
e139172	from the tip of the middle finger
e139173	the killing, threatening, violence and outrages
e139174	the plane that got stuck in the mud of the airfield
e139175	unless you wrong it and happen to make it angry
e139176	some videos of how demolition is done
e139177	at a glance it is a medium salary
e139178	making a living with a skill and a medium education
e139179	those in between are the moderate group
e139180	oil makes the faces of people smooth
e139181	it truly soothes the heart
e139182	this first molar, in the building of the jawbone and the face bones
e139183	that man has a soul that cannot die
e139184	from all the great mountains
e139185	patung, papak, patang and the like
e139186	the white stone slabs enclosing it are mussel shells
e139187	the mussels, the grains of sand trapped inside them
e139188	because they do not have the name Khuado
e139189	it can be divided into two kinds, the inborn and what can cause it
e139190	the study of things that have already happened
e139191	if there is no neck strap, hand hold or the like
e139192	a necklace made of gold
e139193	for the careless and those who give no thought it is not easy at all
e139194	the neutral countries that did not vote
e139195	he is the middle one among three sons
e139196	there is no longer a stopping place in between
e139197	last night I had a nightmare
e139198	nits are thick all over his head
e139199	from the teat of a cow
e139200	wash its feeding bottle and teat with hot water
e139201	because it was night
e139202	holding her, the registration room of the clinic
e139203	the naming of the disease, whether it is ebola virus disease or not
e139204	fever, headache, muscle ache, nosebleed, vomiting and diarrhoea
e139205	to repair the Bagan temples ruined by the earthquake
e139206	the weather is badly disturbed in this way
e139207	it is rather to be supposed that it is because it is not truly understood
e139208	the excitement of the crowd was very great
e139209	besides the work being what he himself was keen on
e139210	through early detection life can be saved
e139211	since it is very clear to him
e139212	because it is very plain indeed that they are not foolish
e139213	if there is an odd one they call it kaingawi
e139214	then they use only the odd ones
e139215	can come often
e139216	there are many ways they are left out of public space
e139217	we hope that no Zomi will be left out
e139218	doctrine itself is left out
e139219	never take sides against each other, nor ever turn their backs on each other
e139220	at odds with the community
e139221	it is fulfilled in the opposition of the Jewish people
e139222	rose, orange, jasmine and the like that grow around us
e139223	though I am not sweet like an orange
e139224	the paalpi flower that is called orchid
e139225	though you are like an orchid flower
e139226	because the handle end was put into his hand
e139227	otherwise a people is very seldom named after one person
e139228	otherwise they do not use it casually
e139229	because the inside of the coffin is full to overflowing
e139230	we will look at the way forward in outline, in three kinds as below
e139231	an outsider cannot really refute it
e139232	as for those outside the country, in due time
e139233	bad news goes over nine ridges
e139234	that there is much benefit is also very evident
e139235	he said the computer side is not frightening
e139236	it will be possible to arrange it in more kinds
e139237	the Lord kept him always
e139238	doing well a thing that is unnecessary and unimportant
e139239	he had it woven at Tamwe right away
e139240	their gladness over one whole egg
e139241	but the satisfaction of the people, the common folk
e139242	not only the soldiers but many thousands of common people
e139243	because recognition and acknowledgment were declared the Muslims were not pleased at all
e139244	it is as yet the missile that is to carry this H-bomb
e139245	it is the trees that give the power for that turning
e139246	there has been no research at all
e139247	if we ask those who know right away
e139248	they did not dare go to war without first asking God
e139249	did you win the lottery, or what
e139250	even those who have won the lottery can still come down
e139251	the benefit, in the amount we should get, may not be got
e139252	it is to be our realizing of love and mercy
e139253	affection, goodwill and mutual help are there in full
e139254	friendship, forgiveness and mutual help will come about
e139255	helping and encouraging one another bring about friendship and goodwill
e139256	saying so, they kept on speaking well of it
e139257	liking the matters to be spoken well of
e139258	will not be able to make you new
e139259	they make the year new in the month of October
e139260	was not chosen by kinship of clan and of flesh and blood
e139261	not wishing to take gain by way of blood relationship
e139262	it will be changed over little by little
e139263	they are able to go home with the blessing of healing
e139264	the experts have not yet found a medicine to cure it
e139265	it is clearly seen that the healing is not at all the same
e139266	changing the name again at UNHCR under a fraud case
e139267	once, in order to prove that there is no God
e139268	this need and craving of yours only brings you suffering
e139269	it may also be needful that we can settle on it
e139270	he is one of great authority in all Malaysia
e139271	those in authority have never once held a meeting to say let us improve Tedim
e139272	we help the Rohingya as far as we can
e139273	I come to God who is able to do all things
e139274	if possible during the MCO period
e139275	owing to the limit on pages it could not be put out
e139276	can ruin them to the point where they cannot be put right
e139277	we can spend the time with plans to reform ourselves
e139278	because of this the reformation of religion
e139279	though you weep, it is not repentance or reform
e139280	New Year: a whole world turned upside down
e139281	please think it over well for us
e139282	let us look over our prayers again
e139283	you too look over your work in that way
e139284	there is no plan for anything to be thoroughly changed
e139285	because gangs of the drug trade lead there, riots break out very often
e139286	trouble kept breaking out, and before long riots
e139287	the taking of sides never ends, and riots break out very often
e139288	she not only did not grumble, she always met her husband with a smile
e139289	the biggest, a large hammer that is quite round
e139290	if you do happen to cough, a handkerchief
e139291	he wore it long at the back and had the hair over his forehead curled
e139292	his moustache and his beard, his curly hair
e139293	gave me a dinner and ate with me, and there red wine
e139294	it is used only to protect itself and does not protect the people
e139295	India will gain greatly from it for war and for its own defence
e139296	to protect themselves from the leak of the chemical styrene
e139297	and do not forget the safety pins either
e139298	at the Hua Hin Resort in Thailand, beside the sand of the shore
e139299	it makes us clear in mind and makes us quick
e139300	let her make the broth I long for and give it to me
e139301	a country that is brutal and brings hardship on its people
e139302	because the rule of the Ayatollahs is too harsh
e139303	if it is rubbed on the scalp again and again the hair grows
e139304	the blood vessels that lie between the brain and the scalp
e139305	even a tiny bit of dried mucus is very troublesome
e139306	because honours for women are scarce or do not exist
e139307	we are scattered about in little bits and pieces
e139308	it is because of the metal fastening hook of her undergarment
e139309	the seer John, a strange sign in heaven, a red dragon
e139310	only people who want fame and rank and are selfish
e139311	it was rather a selfish way of doing business
e139312	saying we will send them before long
e139313	he added that it is very serious
e139314	in the Kalay area, of plants that feed bees, 23965 acres of sesame fields
e139315	go and tell the sesame plant for me
e139316	the birthday bread was cut with a knife
e139317	it is cut through at the middle, becomes two pieces and is soaked in water
e139318	shave: cut or scrape off the hairs that grow on the skin
e139319	at night before sleeping they always hold family prayers for a short time
e139320	although it is within a short time, much money will be spent
e139321	the two can work together using that shovel together
e139322	that people will think us foolish and silly
e139323	men and women are simply kept together without being separated
e139324	like other children she greatly enjoyed skipping rope and swinging
e139325	evil men have killed 100 people
e139326	being too fat he is sleepy and cannot sit for long
e139327	because the little child was sleepy
e139328	and cut off both, with his little finger
e139329	without smelling at all they always stay spotlessly clean
e139330	the kinds of Zo cloth we have, namely the Zo blouse
e139331	everyone gets an even share of the meat
e139332	dokdawn: a kind of snail living on the ground that cannot be eaten
e139333	if you wash it with soap
e139334	that we be the good, fertile soil where that seed is sown
e139335	sweeping away all the soot and cobwebs with a broom
e139336	as it is not safe to eat, a recall was made
e139337	they have just sought their own pleasure only
e139338	they have sought only their own pleasure
e139339	all the scattered, dispersed members of one family
e139340	is accused of having spent money from the DOJ
e139341	they sat spinning thread until 12 at night
e139342	the women spin thread, and in the daytime weave
e139343	in a string winding contest cannot be quicker than those with two hands
e139344	the female picks up a twig and flies up to the sky again
e139345	even if blood flows they keep on working without minding
e139346	the sickness of loose bowels called diarrhea
e139347	he became a rich landowner
e139348	are there not standing water and living creatures
e139349	as the Dead Sea is stagnant and too salty no water creature can live
e139350	as it is the first step toward security and development
e139351	for those who suffer the bondage of the devil
e139352	that binding of Satan and the work of driving out demons
e139353	she was astonished and gave a great start
e139354	in a village where he stayed
e139355	Hartselle where he stayed for a while
e139356	because the bamboo roots grip the soil fast and firm
e139357	they stood motionless and quite silent
e139358	that he will give 1 million dollars of aid money from his own pocket
e139359	he handed over the aid money at the time he met with Aung San Suu Kyi
e139360	to the hospital to have the threads of the stitches taken out
e139361	because children do not have as much resistance as grown-ups
e139362	it is a warehouse where goods for sale are stored
e139363	only the making of the storage space inside is left
e139364	in houses elsewhere it is made a storeroom and not much fitted out
e139365	or have you hoarded so much that it can no longer be eaten
e139366	while straddling the old country and the new country
e139367	that straw is thrown out around the threshing floor
e139368	about two people are made to jump on the straw heap
e139369	there are more in the straw heap than in the field hut
e139370	there cannot be enough doctors in keeping with the size of the population
e139371	I went with my mother carrying thatch for the pigsty
e139372	after he went and looked over the flooded places
e139373	if we use force we may bring about what we later regret
e139374	does it benefit our country and our land
e139375	in truth they are always people who have love
e139376	since there is never success and fulfilment, a plan must be had
e139377	though there are some here and there who fare well
e139378	why are people like this
e139379	up to now there is no one able to surpass it
e139380	the white people too had their own supporters
e139381	supposing and guessing does not come to an end
e139382	though they forbid it very strictly it will never end
e139383	the landlady too really arrived with a new cup
e139384	compared with other countries it is certainly not too much
e139385	because of that they did not survive
e139386	I alone in Singapore could not survive like bamboo
e139387	saying so, sighing deeply, he asked me
e139388	keep the things you carry well secured
e139389	water is used for cleansing from sin
e139390	those who serve God with wiping and cleaning
e139391	speak kindly to all, from the manager to the sweeper
e139392	they have already deleted it
e139393	it is the trigger for firing the gun
e139394	he too drew his sword
e139395	even the trees and grass have been washed clean
e139396	he suffered even to being nailed on the cross
e139397	it was fulfilled in his being nailed on the cross
e139398	making only a head, like a tadpole
e139399	clothing shops, tailoring shops
e139400	having lost a sewing needle
e139401	beef, beef fat, cow's milk, everything to do with them
e139402	not to taunt and cast aside
e139403	because one keeps climbing up, it is tiring
e139404	being deceived is indeed tiresome, and besides
e139405	various kinds of work that are not too tiring
e139406	the bad and the good, the lasting and the not lasting
e139407	it is one of their very main themes
e139408	they will not be as fat as they should be
e139409	your loving on to the end without forsaking
e139410	even though they are to eat and drink among unbelievers
e139411	they thought of that alone
e139412	only personal advantage is now thought of
e139413	he thought he would write back to each of them
e139414	that mango tree grew well and thrived and still grows to this day
e139415	when March ends its price will go up
e139416	Zomi who all know Zo custom will now grow up
e139417	throw it out from the end of the porch
e139418	Jesus alone is the one who died for you
e139419	they made a tasty midday meal and had Sial Cing carry it
e139420	as we set out carrying a water bottle and food for midday
e139421	the time and the season
e139422	the small cakes that are sold along the roadside
e139423	to fry it crisp in oil and eat it
e139424	though he taught it some ten times he could not grasp it at all
e139425	because of that will, once and for ever
e139426	in the bathroom large and small cloths for drying oneself
e139427	he sets out the napkins for wiping in full number
e139428	he did not pass it on to anyone either
e139429	doing one unneeded, unimportant thing well
e139430	he just said that all the unimportant ones were burnt
e139431	to tell the truth, though it is nothing worth mentioning
e139432	therefore it is important to speak truthfully
e139433	just like striking a metal pipe
e139434	saying we shall rule it, they pull against each other
e139435	encouragement can very well be given in various ways without contact
e139436	he does not stop until he gets it
e139437	will work together hand in hand, without limit of little or much
e139438	unlimited blessings of heaven and earth upon every person and family
e139439	it fell on a lorry that was unloading goods beside a supermarket
e139440	there are still events that must be reported to those above
e139441	just as it is unfitting to turn up in work clothes
e139442	because of too much haste and hurry he nearly died
e139443	no longer being of use on the important journeys
e139444	so that the internet and the like can be much used
e139445	the reason for changing it in this way is
e139446	they announced their change to it
e139447	I beat the one who beat Napoleon
e139448	everyone wants to know who such wrongdoers really are
e139449	because of the wrongdoers from among us
e139450	if we violate those we will certainly be arrested
e139451	like a visitor, we go to visit
e139452	you are the Singapore government that looks after the Singapore people
e139453	before daylight I kept hearing the sound of waves
e139454	as it is the time when rainwater flows the road is not dry
e139455	they faithfully followed the effort and the leadership of their leader
e139456	how to relate to difficult and stubborn people
e139457	are stubborn people and worthless drunkards not seen in Tedim
e139458	he tried very hard to be able to pull his head back out
e139459	they can roam about like young men going courting
e139460	it is not that I have never gone courting
e139461	the young men courted sweethearts and went courting in the evening
e139462	such as going courting at the girls' place
e139463	the Malaysian authorities concerned with labour
e139464	who suffered many years of punishment, persecution, contempt and confinement
e139465	these viruses can lodge even inside the folds of the skin
e139466	to show that his fingers now work well
e139467	workers too, though they work, get no wages for what they do
e139468	in ancient times all shepherds were a very lowly group among the Jewish people
e139469	in old times we Zomi made clothes and skirts with their own hands
e139470	in ancient times, those who once had a Zo king, a Zo nation and a Zo land in central Burma
e139471	Gangte has held the start, the groundbreaking
e139472	the speaker, the beginning of his speech too
e139473	let its beginning be clear
e139474	what they collected was handed over into the hands of ZoREC
e139475	God is the one who gives out
e139476	think of oneself as at a higher level
e139477	because Christian influence is stronger in Europe
e139478	its strength is stronger than a human's
e139479	the battery stronger and the camera better too
e139480	that alone is already a blessing worth accepting
e139481	by phone with the responsible nurses or doctors
e139482	is not merely being accountable before those present
e139483	and would be too accustomed
e139484	can be covered with its fat too
e139485	these are conformity with the law
e139486	admirable Zomi elders
e139487	the admission of refugees into the US for 120 days
e139488	in my youth my mind
e139489	regained the joy of youth
e139490	when strong and fully grown
e139491	the pay has grown twofold
e139492	there will not be much benefit
e139493	they got benefits from the government
e139494	about 17 miles away their car
e139495	the farther away adults are
e139496	threw the Ten Commandments to the ground
e139497	in our country and our land, other people
e139498	that I came to be a helper of those who are in great need
e139499	if the water is little, sucking it out with a pipe
e139500	since the protest held outside Trump Tower
e139501	I will separate the sheep from the goats
e139502	and at which places have you gone to school
e139503	photos taken while she was healthy, in every place she could see
e139504	it can be seen as shaming us, as hinting at us
e139505	drug addiction, exaggerated talk, overdoing things
e139506	the five most strongly developing cities of Burma
e139507	husband and wife angering each other, not understanding each other, quarrelling
e139508	being a little angry with ourselves
e139509	the writer of the book
e139510	he is also the writer of a Paite grammar
e139511	giving a meaning when something happens
e139512	is what we give to ourselves
e139513	for the expansion of the rulers and the rich
e139514	have made this statement as below
e139515	are just like a nest of ants
e139516	anthill, a raised heap of earth made by termites
e139517	from the sliding out of the emergency slide
e139518	wherever we are, we are to build up Zogam
e139519	we Zomi, wherever we are, the work of mission
e139520	whatever we do and wherever we are
e139521	expressed great congratulations
e139522	sent word of his hope and his congratulations
e139523	when a book is made, a reward of appreciation
e139524	understanding of the way others think
e139525	it was arranged with his agreement and approval
e139526	the permission, approval and contentment of the parents
e139527	this festival generally in the month of April
e139528	when I look at those who ride them in general
e139529	the rich will not lose either, and the poor too grow richer
e139530	like bees coming in and setting out
e139531	as long as we have these weapons
e139532	when they consider their position and their weapons
e139533	almonds, pepper, herbs of every kind, meat, fish
e139534	foolish and ugly, with their clothes
e139535	keeping a sidelong eye on the North Korea side
e139536	so a mass gathering took place
e139537	they were scattered into many countries
e139538	do they unite us or scatter us rather
e139539	let us put our lives right
e139540	so as to improve yourself
e139541	they filled the earth back in
e139542	may he cover you over with blessing in return
e139543	dried meat was never hung above the hearth
e139544	we carried various foods and dried meat
e139545	most of the INC supporters being very upset
e139546	for a toothache, the size of a bean
e139547	when we eat pumpkin, greens and beans
e139548	in the land of the white people greens, cabbage, beans
e139549	because of that wetting, when he came home
e139550	a seven-year-old wet himself at his school
e139551	things like wetting the bed can happen
e139552	the people of Israel are like a beehive
e139553	it coincided with Christmas
e139554	one star from within the circle of five stars
e139555	watch our way of life and conduct
e139556	the way of living of father and sons changed at once
e139557	though it is not the time to wage war for the land
e139558	big houses overshadow the Zo name
e139559	let us not overshadow the goodness of God with other things
e139560	when the time came they laid them out
e139561	the local doctors were worried and utterly perplexed
e139562	their regard for us with great love and affection too
e139563	at about 8:45 in the evening at this small shop
e139564	it can be like a club
e139565	wrote a short word with much embarrassment
e139566	the two set out to travel by boat
e139567	did they do it without making it known
e139568	to put it briefly, because of the disturbance
e139569	we plead and lament
e139570	is placed under the Crucifixion altar stand
e139571	grows near the edge of riverbanks
e139572	rather than adding dirty water into the bucket
e139573	put on its mouth with an iron ring, the rider
e139574	after drinking water we moved on down again
e139575	for moving from one place to another
e139576	burning up the insects of the wild is good for the domestic animals
e139577	for people too, from insect bites
e139578	though we have bulls and male buffaloes to plough the land
e139579	those bulls and male buffaloes of ours the land
e139580	we would fall too far forward and lie flat
e139581	will merely coax us with small trifles
e139582	getting the most interest and favour of the people
e139583	when our lies come out, more than others
e139584	from Egypt believing the lies
e139585	when we travel by train, plane and car
e139586	in kitchens, lodgings, cooking and making places
e139587	in a town they stayed at a guest lodging
e139588	rather than going on the long journey ahead
e139589	since their return from exile in Babylon
e139590	when the Jews returned from exile
e139591	anyone who does not go out from bondage
e139592	their captors shall keep them well
e139593	the gong sets and bead necklaces they had kept
e139594	castration is not spoken of in any other place of the Bible
e139595	in the dry season, enough water in the reservoir
e139596	in the middle it is screened with cloth
e139597	among us three siblings I am in the middle
e139598	a single well in the middle of the village
e139599	have the earwax taken out
e139600	a lizard that has wings and flies
e139601	though the chameleon can keep changing its colour
e139602	the matter of the Lord calling us in various ways
e139603	a forge where chisels can be made
e139604	went again to see the big waterfall outside the village
e139605	let us go to the Rawang waterfall
e139606	built a small hut in one place
e139607	is not willing to say it truly
e139608	embracing is a kind of showing love and unity
e139609	from working with others, from partnership, gain many benefits
e139610	if we do not want to live alone in a place
e139611	the Rakhine crisis is the cleansing of a people
e139612	because they hold fast to the truth they show no partiality
e139613	held my hands firmly
e139614	not holding fast to his own plan
e139615	you can confer with your friends
e139616	since speed-post cannot be used for letters too
e139617	a letter to AU Prime Minister Tony
e139618	sharing and jointly using one bank joint account
e139619	worshipping together, studying together, holding conferences together
e139620	divided in the law into 25 chapters and 143 sections
e139621	the Jews suffered severe oppression
e139622	they came to terms peacefully
e139623	mixing up wrong and right, they came to terms
e139624	they came to not get along with each other
e139625	if any Tedim people agree with each other on a matter
e139626	joining together more and more, will increase together still more
e139627	Myanmar defeated Malaysia completely
e139628	that is worth something because of friendship
e139629	to have love and friendship from various places
e139630	the people who were there eating also stood up
e139631	an interview about the continuation of the earlier issue
e139632	Zomi are by nature shy, headstrong, quick-tempered
e139633	as soon as I recovered I went out for the Gospel
e139634	food for a patient still weakly recovering
e139635	HIV cannot enter the human body
e139636	what it is, is saying we already know
e139637	the people are just skilled pretenders
e139638	they wore hats made of deer skin
e139639	wear a uniform and must also wear a cap
e139640	it overheats and the cylinder head cracks
e139641	saying the Bible is not to be believed
e139642	even if you cannot walk, crawl
e139643	a kind of crawling worm that eats soil
e139644	wickedness, theft, adultery, sorcery
e139645	its flower is very deep red
e139646	they bowed down quietly in silence
e139647	for roads that need hard ground
e139648	if you have dandruff
e139649	the time of swinging the legs and the way of kicking the legs alike
e139650	all the daydreams for it flew away
e139651	no longer dreaming daydreams of succeeding
e139652	fell down from the tree
e139653	the small decrease compared with the past year
e139654	when we think of it, it is very saddening
e139655	gives to all things life, freshness, pleasure, peace and joy
e139656	because he found it tasty, all of it at once
e139657	the cold ones are very tasty indeed
e139658	when I looked at my curry it did not look tasty
e139659	so that there is no misunderstanding among the public about it
e139660	since it would cause trouble and misunderstanding in Burma
e139661	only a place for cars to arrive and depart was made
e139662	mission work is one reason for the founding of the church
e139663	when we heard the news of his death in Delhi
e139664	the raised places bulge and the hollow places sink in deeply
e139665	they can end up thrown into the bin
e139666	it means that he came down as a human being
e139667	when we receive it, even to think we deserve it is boasting
e139668	more than healing from the ruin that sin brought
e139669	when the dew of rest comes down
e139670	dictating by mouth
e139671	the cause of their scattering everywhere is not theft
e139672	the coming scattering of the people of Judah
e139673	the role is inferiority
e139674	causes loss of strength and weakness
e139675	let us discuss a little the disadvantage of the Chinese
e139676	for the Zomi scattered to other lands
e139677	spread into the lands of North America
e139678	at a disco nightclub in the country
e139679	the contempt and disdain of people
e139680	without fooling or belittling the people
e139681	knowing anything good, sharing it
e139682	they received exemption from worshipping the image of the king
e139683	in the sea, the flowing of rivers, the melting of ice
e139684	because it dived under the ship they collided
e139685	giving oneself wholly in the work of God
e139686	when he entered into the work of God
e139687	he also did the work of God as assigned
e139688	not even one was left, they had hidden away
e139689	it is heard that a group of young people went into hiding
e139690	the villagers fled the fighting and went into hiding
e139691	composed the main theme of the song with a story
e139692	following its main doctrines and principal points
e139693	wandering about with no home or field in view
e139694	when we had gone in at the door of that house
e139695	the sound of its falling to the ground is very pleasant to hear
e139696	Bliss, from her fall, freely
e139697	the pots are the bride's dowry, the bride price
e139698	the too great dowries and bride prices of weddings
e139699	I keep remembering that play
e139700	we would have seen the video dramas
e139701	husband and wife portray Jesus and the church of God
e139702	I walked towards where that dustbin was
e139703	can be used as a dustbin behind the house
e139704	our early youth, the time before 1975 – 80
e139705	piled them on the flat stone under the eaves
e139706	because of the churches literacy in Korea
e139707	it is said estimating how far it is
e139708	the number of dead was supposed and estimated
e139709	it is wiping out Zomi National Day
e139710	is obtained from eggs
e139711	not a single word could come out
e139712	saying let us elope to a place without Zomi
e139713	an eloquent one gives a speech
e139714	though they speak eloquently in federal terms
e139715	there was no coming out into public view
e139716	to be noted by others and remembered by others
e139717	that we may be notable people
e139718	some sounds came out
e139719	came out from inside the gourd
e139720	it is an effort for the gap to shrink
e139721	Chinese soldiers en masse began to surround the island of Taiwan
e139722	a short encouragement for the young people in the hall itself
e139723	for example, from the rubber tree
e139724	they set traps here and there where they usually see it
e139725	they put a chicken in an iron cage and set a trap
e139726	Officer Brittocia came in
e139727	makes it very exciting to read
e139728	to be ever better and ever more exciting
e139729	a topic that is exciting and encouraging
e139730	God valued me and trusted me
e139731	because her mother trusted her so much
e139732	conclusion: although we parents know it
e139733	the messenger Gabriel, for Jesus to be born
e139734	they were worried about really leaving the cars behind
e139735	it is not hiding in times of hardship
e139736	at his place of hiding from his enemies
e139737	in the end he went and told it
e139738	those who held to God and his word will win in the end
e139739	since in the end the AA helped
e139740	I simply bore all the contempt
e139741	having scorn and contempt
e139742	from where did we Zomi branch off
e139743	they want to break away
e139744	the colour of the cloth wrapping the outside of the coffin
e139745	many Zo descendants live outside Mizoram State
e139746	on November 22 they launched an offensive together
e139747	I explained it clearly
e139748	real greatness of mind showed itself
e139749	it comes out in the outward life
e139750	the disease shows itself as above
e139751	it is a website for exposing the inside matters of governments
e139752	some 140 houses were wiped out
e139753	wiping out the matters of the past
e139754	the way Zomi try to unite is only on the surface
e139755	God does not judge by outward goodness
e139756	how bad it is to be loose before marriage
e139757	not to be lustful and not to be loose
e139758	so that their misbehaving and running wild may end
e139759	who was able to pull Algeria out from French rule
e139760	for example, from the rubber tree something like milk can be got
e139761	for example, government money within the Zo land
e139762	being a ringleader he is weak in studies
e139763	our own national parties being weak, in the NLD
e139764	and the bird feather used in olden times
e139765	wood, leaves and feathers all turn to stone at once
e139766	through our watching and handling TV and computers
e139767	since it can be affectation and pretence
e139768	the time when the plant roots are hoed and manure is given
e139769	Chinese who sneaked into their territory to fish
e139770	sifts out with love
e139771	they drink sea water that they have filtered clean
e139772	the findings of the inquiry commission
e139773	came out into a flask holding clean water
e139774	is flesh-eating wild animals, wild dogs and birds
e139775	English writing and fluency will be much needed
e139776	the Burmese used one fluent in Japanese as interpreter
e139777	gloves, foot covers, head covers
e139778	at the foot of the flowering plant, burnt compost
e139779	there is not even one flowering plant
e139780	IS gather again
e139781	all nations will be gathered
e139782	he held up his forefinger
e139783	a few ailments that show beforehand before it arises
e139784	though the languages differ, one ancestor
e139785	your father too is completely worn out
e139786	between the authorities friction and quarrels became very many
e139787	receiving the Holy Spirit and bearing the fruit of the Holy Spirit
e139788	is good conduct, the bearing of the fruit of the Holy Spirit
e139789	making it known clearly without vagueness
e139790	those who vaguely do not understand and do not yet have it
e139791	providing education for women is the most essential
e139792	the most essential thing is that the government
e139793	the healthiest condition on earth
e139794	there is no such thing as religion branching off or splitting away
e139795	growled, saying
e139796	after that goiter, swelling of the armpit, swelling of the groin
e139797	that element is no longer there, goiter will be common
e139798	most radiation tends to reach the goiter first
e139799	is not clear but rather greyish
e139800	kindness and greed, love and hatred
e139801	they have not yet gathered rice, groundnuts and such
e139802	Zomi can be gullible like a bird or let themselves be deceived
e139803	my admiration for you will never come to an end
e139804	also in small villages that are not big towns
e139805	I hurt my hip, my knee and my neck
e139806	its state of danger
e139807	progress by joint work with discussion is thought important
e139808	was merely a servant
e139809	the saints will fill the empty seats by the very mouldy pulpit
e139810	what I could buy was only one small house
e139811	not only their hut
e139812	in the clash over the Afghanistan matter it became very tense
e139813	there is no personal clash
e139814	anxious and bewildered, praying earnestly
e139815	very many pray and weep pleadingly
e139816	while saying Zomi again and again
e139817	we want to bring in names such as Zophei and Zokhua
e139818	for all Zomi it will be unfortunate and very unlucky
e139819	it will also be felt as very pitiful
e139820	to come to live so is a very regrettable thing
e139821	cuts and incisions on the body as marks
e139822	was included in the program planned by the Lord
e139823	Zolai and English are at once mixed in
e139824	and recklessness has grown very much
e139825	because he did not know, the intake of refugees
e139826	respect, honour, love and cherish them
e139827	always loves and cherishes them
e139828	the best for throwing away things like nuclear metal rods
e139829	that we avoid the insects that carry dengue fever
e139830	mosquitoes, flies and all kinds of insects
e139831	house rats, wild rats, shrews
e139832	it is the cause of a dead person's death and an examination inside the body
e139833	because the teachers of the word are not right
e139834	carries the image of loving one another or a return of love
e139835	found out that they were Myanmar people
e139836	it was found out that they had them
e139837	a world where all things are turned upside down
e139838	involved: not so much at odds as to be a great harm
e139839	from where the lumps of fat wobble
e139840	journey to America
e139841	my journey now is not for longing and homesickness
e139842	the chief aim of the visit of Pope Francis
e139843	thinking on this, wisely and soberly
e139844	if we are called truly wise even when not wise
e139845	is many years younger than his wife
e139846	are all women younger than 25 years
e139847	choose young people and those younger
e139848	the short talk and discussion of the ZoMWA representative
e139849	the core of the Christian gospel, upward
e139850	learning from the tomato fruit
e139851	made me sit by the kettle
e139852	to be my kin and my sweetheart
e139853	like the animals, my kin, that perished
e139854	that wiping paper
e139855	we have become a wiper of the muddy feet of others
e139856	can be used for wiping excrement
e139857	the knobs at the head end
e139858	in the continent of Asia alone
e139859	in the continent of Europe, Esperanto
e139860	nothing happens in the whole African continent
e139861	these days some of our pets, our neighbours find a nuisance
e139862	in the field, by season, maize, peas
e139863	with just one very small match a city
e139864	and a sign that we reached the limit
e139865	all the places of the altar and sacrifice are latrines
e139866	let them go because of that wickedness
e139867	noisy, loud, talkative and ready to blame others
e139868	a contest in skill at singing and at giving a loud voice
e139869	there was very little for the caressing of husband and wife
e139870	being cared for and being fondled too
e139871	while half crying and half laughing, this song
e139872	came out half in tears
e139873	be content with only a half-hearted smile
e139874	saw a shining star above the head
e139875	went back to the inn and ate lunch
e139876	when we had eaten lunch
e139877	when they arrived, the one carrying the lunch
e139878	not even having lunch to eat
e139879	a rich man somewhat crazy about Zokam
e139880	that is truly what being fanatical about the nation means
e139881	Zo liquor, made from maize, millet, sorghum and the like
e139882	when Tuuk comes, maize stalks and
e139883	God gave blessing, 800 bundles of maize
e139884	deviation from within the Christian religion and faith
e139885	when babies wear a smelly nappy
e139886	this is a foul gas
e139887	the recorded name differs according to the state
e139888	the number of people registered under the Refugee name by UNHCR
e139889	because they registered our people as Chin
e139890	they used to enjoy Zo liquor and fermented brew
e139891	honey wine, grape wine, Zo liquor, Zuhaa, fermented brew
e139892	with sweet drink, or tea, or fermented brew
e139893	when making the card, having all ten fingers pressed
e139894	especially he was not very good at mathematics
e139895	again got only 19 marks in mathematics
e139896	just smiled faintly
e139897	will be about 3,000 acres, and its water capacity
e139898	was big enough for the size of a baby
e139899	to share the longing and sorrow of that night
e139900	I will put one white stone and one black stone in my bag
e139901	trouble, disturbance or need of food and drink happen
e139902	have a secretary and a ward messenger
e139903	its origin is Greek
e139904	I went to see how it is done
e139905	because the Maishoo mine in Shan State was very famous
e139906	bought with fifty pieces of silver
e139907	within families there can always be some who are misled
e139908	they were misled
e139909	they have taught wrongly many times
e139910	they teach wrongly, saying so
e139911	we planned for the schools to join together and hold a celebration
e139912	monthly, interest bills and various letters
e139913	one morning in the month of December 1844
e139914	some of the Paite waited on a hilly place
e139915	from our mouth words of joy and victory
e139916	for entertainment, showing films and listening to songs
e139917	they shot dead two top IS leaders
e139918	not even one word of discouragement and grumbling
e139919	grumbling and complaint will soon become less
e139920	a bowl of such soft porridge
e139921	when their mustache and beard are shaved off
e139922	the curry we were to cook was pork, chicken, beef, goat meat
e139923	ate together goat meat and various tasty dishes
e139924	the country where it is necessary to serve two years as a soldier
e139925	had much rice that was stolen from the godown brought back in
e139926	if you can stop smoking tobacco
e139927	their smoking and their drinking
e139928	when the day creatures and the night creatures fought
e139929	brought a lump wrapped together
e139930	a heavy lump of some kind was there
e139931	act like those whose nose-band the masters have tied
e139932	the nose-band cord of some leaders ever tighter
e139933	smoke from my mouth and my nostrils
e139934	I consider their effort worth noting
e139935	first to own a nylon net
e139936	what hindered us
e139937	the village chiefs obstructed such things
e139938	it is also because of their obstruction
e139939	means blocking some ways of acting
e139940	words block the way at once
e139941	the hiding of money by rich people from many countries
e139942	if we press on together with our God
e139943	or else in the sight of other people
e139944	the shortest measure of time, or
e139945	the orange sellers
e139946	the ratification of making peace in this way
e139947	at Saizang village the oil residue
e139948	if there is any illness or a swelling in the nose
e139949	its swollen places swell and its hollow places sink deeply
e139950	a fitting and very important matter for us to outgrow
e139951	most people outgrow their tattoos
e139952	in keeping with the Burmese domination over us
e139953	only the outside is smooth and sleek
e139954	made with nothing but one-sided wishes
e139955	they say it is a one-sided belief
e139956	the icicles hang down in clusters
e139957	hanging down in front
e139958	the baby's mouth holding the mother's nipple
e139959	the money spent on the operation
e139960	can lower blood pressure
e139961	your pimples too will no longer be seen
e139962	if specified separately, Zo, Mizo, Thado and
e139963	the joining and partnership of the Zomi and other peoples
e139964	I climbed the mountain top above Lomzaang village
e139965	know the shame of dressing up showily at work time
e139966	being particularly scrutinized in all that you are
e139967	at the top of the fez its tassel hangs
e139968	I feel our lives are too far apart
e139969	without a single dent
e139970	without any damage or dent
e139971	because of the pressure of other peoples
e139972	in level places it spreads out more
e139973	but if it is mango, as much as I want
e139974	for 600 years, picture writing
e139975	they planted Sengpaan and pine trees
e139976	for light, from the pine tree, pine splinters
e139977	on the pine tree growing beside it too
e139978	blood and plasma too can flow
e139979	and the beer is very plentiful
e139980	what we have to learn is very much
e139981	what we call suffering does not come from the dust
e139982	as the one who causes sin, suffering and death
e139983	if the spots come out thickly
e139984	they made a great gate
e139985	makes a hole in dry dust
e139986	were scorched to powder
e139987	whoever eats food before evening
e139988	the radiation danger of that nuclear spent fuel will not end
e139989	danger for the baby
e139990	it means getting set, preparing in advance, adjusting
e139991	had prepared in advance to have wings
e139992	can prophecies about the birth of Jesus be found
e139993	all easy, precious, lovable and desirable
e139994	our forefathers have charged us to build
e139995	a peaceful settlement by sending envoys
e139996	to be able to fawn on the leaders freely
e139997	fawning on those above, looking down on those below
e139998	there is no place for fawning on those above
e139999	we made contact with them
