sense	terms	definition	text
s1	000		
s2	144		
s3	666		
s4	the/a/an	prefix placed before a verb, number or describing word to make a noun phrase, as in {a masa}, the first, {a nihna}, the second, and {a thatpa}, the one who kills	particle prefixed to form nouns
s5		particle prefixed to form verb past tense	
s6	his/her/its/their	third person marker placed before a noun to show the possessor, as in {a pawlpihte}, its allies, and {a genna}, his statement; the prefix {a} of the other senses stands before a verb or describing word	
s7	of/belonging to	placed after a pronoun or noun for the owner, the thing owned being left out: <kei a> is mine, <mikangte-a> that of the English	
s8	and	placed after the verb of a clause, joins it to the clause that follows, as in {Vasa leeng a, ngasa in tui peek hi}, birds fly and fish swim	
s9	belonging to	placed after a pronoun it makes the possessive pronoun, the thing owned by that person: <kei a> is mine, <nang a> yours, <ei a> ours, <amau a> theirs	
s10	his/her/its/their	the third person marker <a> written with a capital at the start of a sentence or quoted line; before a noun it shows the possessor, his, her, its or their, and before a verb it marks the subject	
s11		the prefix <a> written with a capital at the start of a sentence, before a describing word or a noun made from a verb, as in {A nung ciangin}, afterwards, {A mawkna-in}, in vain, and {A beina}, the end	
s12	past tense/past time	the time gone by, and in grammar the past tense, which the book makes with <khin> after the verb, as in {ka paikhin hi}, I went; the lexicon also has the spelling <abeisa hun>	
s13	past perfect continuous tense	the past perfect continuous tense, made by saying the verb twice before <khinzota>, as in {zatui kei hong na piapia khinzota hi}, she had been giving me medicine	
s14	past perfect tense	the past perfect tense, made with <na> before the verb and <khinzota> after it, as in {bawling I na sui khinzota hi}, we had played football; the book also calls it {a beisa hun khitlim}	
s15	past perfect continuous tense	the past perfect continuous tense: it tells of an action that went on from some past time and was completed at a past time, and is made by saying the verb twice before <khinzota>, as in {Thangpu a na taitai khinzota hi}, Thangpu had been running	
s16	past continuous tense	the past continuous tense, made with the verb form in <khit> followed by <laitak>, as in {sum a piakkhit laitak ahi hi}, they were giving money	
s17	simple past tense	the simple past tense: it merely tells of a thing that happened in past time, and is made by joining <khin> after the verb, as in {Thangpu a tai khin hi}, Thangpu ran	
s18	incomplete verb	grammar term: a word that cannot have a complete meaning by itself and needs a word joined to it, as <tuak> in <tawltuak>	
s19	incomplete verb	grammar term, the heading of the lesson; the same as <A cinglo sepna>, a verb that is not complete without a word joined to it	
s20	et cetera/and the others/and so on	the others, written at the end of a list for et cetera and shortened to <adt>	
s21	measure of weight	<gik>, heavy, with <tehna>, measure: the heading over the table of units of weight	
s22	helping verb/incomplete verb	grammar term: the third kind of verb, which the book also calls {a cingtak lo sepna}, incomplete verb	
s23	chapter	<a> with <lian>, big: the larger division of a book of the Bible, a chapter, set against <a neu>, the verse; in a reference a colon is written after its number	
s24	counting by groups	heading of a table of numbers that names each step by the lower unit, <sawm>, <za>, <tul>, <tulsawm>, <tulza>: apparently counting in <lom>, bundles or groups; the book does not explain the term	
s25	noun	grammar term, the name: a noun, the word that names a person, place or thing; also written <min> alone	
s26	verse	<a> with <neu>, small: the smaller division of a chapter of the Bible, a verse, set against <a lian>, the chapter; also written <aneu>	
s27		Saying: the last one strikes the {galban}, a word the book does not explain; he who is not as strong as his fellows but keeps working without losing heart gains the benefit all the same	
s28	at the age of/on reaching	<a>, the subject marker, and a form of <phak>, reach, with the linking ending {-in}, written like <phakin>, be leprous, but another word: placed after <kum> and a number, when he or she reached that age, at the age of	
s29	measure of length	<sau>, long, with <tehna>, measure: the heading over the table of units of length	
s30	eventually/in the long run/in the end	<a> and <sawtna>, length of time: followed by <ciangin>, <ah> or <teh>, when much time has passed, eventually, in the long run	
s31	eventually/in the long run/after a long while	<a>, <sawtsawt>, longer and longer, and <ciangin>, when: as time goes on, in the end; stands at the start of a clause	
s32	subject	in grammar, the subject of a sentence, the one that carries out what is said; with <a thu>, the predicate, one of the two main parts of a sentence	
s33	subject	grammar term, the doer: the part of a sentence that names what is spoken about, as the house in {Inn a hoih mahmah hi}	
s34		Saying: the one who dies first gets the shroud; whoever is first is the more fortunate	
s35	predicate	grammar term: the part of a sentence that says something about the subject, <a sempa>	
s36	predicate	grammar term: the part of a sentence that says something about the subject	
s37	transitive verb	grammar term: a verb that must have an object, <a thuakpa>, to complete the meaning of the sentence, as <ne> in {Bawng in lopa a ne hi}	
s38	intransitive verb	a verb that needs no object to complete its meaning, as <tai> in {Thangpu a tai hi}	
s39	transitive verb	a verb that has an object, something that undergoes the action	
s40	intransitive verb	a verb that has no object and is complete in itself; the lesson calls it <A thuak kullo sepna>	
s41	object	grammar term: the one that undergoes the action in a sentence, <a> with <thuakpa>, the one who bears; the book says that Zolai has one form of a pronoun for subject and object	
s42	object	grammar term: the word added to a verb to complete its meaning, the one that receives the action, as <lopa> in {Bawng in lopa a ne hi}	
s43	objects	plural of <a thuakpa>, the objects of a sentence	
s44	brisket/breast	<a> and <iik> written with a hyphen: the breast of the slaughtered animal, the share of the <tanupi> when the meat is shared out at the sending off of a bride	
s45	belonging to/of	placed after a possessor to mean what belongs to it; {keima aa} is mine, {nomau aa} is yours, {ko aa} is ours and {Topa aa} is the Lord's	
s46	and/and so	links two verbs or clauses in a row, and, and so; a spelling of the linking <a> written long after a verb or after <uh>, <hi> and <lo>, not the possessive {aa} after a possessor	
s50	lot	<ai> written with a long vowel, a lot cast to decide something; {aai saan} is to cast lots	
s51	celebrate a kill/hold a feast of triumph	hold the traditional feast for a large animal that was killed in the hunt, with animals of the house slaughtered for it; a verb, not the noun lot	
s52	rooster/cock	the male domestic fowl; {aak a khuang} means the rooster crows	
s55	potato	the potato, a root crop cooked and eaten as a dish	
s56	be jealous/jealous	be jealous, unwilling to share with a rival what is one's own; in the verses said of God toward his people, as in {a aam Pasian}, a jealous God	
s57	Jealous	<aam>, jealous, written with a capital as a name of God; {ama min Aam} is whose name is Jealous	
s58	authority/power	the right and power to rule or command; {ukna aana} is ruling authority, {aana nei} is to have authority and {aana zang} is to exercise it	
s59	force/compulsion	used in {aana tawh}, by force or under orders; {aana tawh na a sem mite} are forced laborers	
s60	be reluctant to impose/feel bad about troubling/hesitate	a different word from {aana}, authority: feel that one would be troubling or imposing on someone and so hold back from asking; {aana lua} is feel very bad about imposing, {aana huai} is awkward to ask, and {aana lotak in} is without hesitation	
s68	Aaron	brother of Moses, of the tribe of Levi, and the first high priest of Israel	
s69	Aaron	<Aaron> with the plural <te>, Aaron and the one named with him; {Moses leh Aaronte} is Moses and Aaron together	
s70	reap/harvest	<at> written with a long vowel; cut a standing crop, reap, the opposite of <tuh>, sow	
s71	cut	<at> written with a long vowel; cut with a blade; {aat khia} is to cut off	
s72	inheritance/property/possessions	<aa>, what belongs to someone, with the plural <te>; in Numbers 36.4 the land that a family inherits	
s73	those of/the ones	<aa>, belonging to, with the plural <te>, after a place, a side or a describing word: the people or things that belong to it, as {Falam gam lam aate}, those of the Falam side; not property that is inherited	
s74	be trapped/be caught fast	<a> and <awkcip> written as one word: the ones who are trapped inside, as in a collapsed building or a cave	
s75	Ab/Av	fifth month of the Hebrew calendar, set beside July in the book's table of month names	
s76	the maimed/the injured	<a> with <bai>, lame, written long and as one word; used in the pair {aliam abaai}, the wounded and the maimed, the injured	
s77	stained with/bearing	<a> and <baang> written as one word: that which a thing clings to, as {si abaang}, stained with blood, and {min abaang}, bearing a name	
s78	Abaddon	Hebrew name, meaning destruction, of the angel of the Abyss, who is called Apollyon in Greek	
s79	Abagtha	one of the seven eunuchs who served King Xerxes	
s80	the maimed/the crippled/injured person	<a> and <bai>, lame, written as one word; in news reports in the pair <aliam abai>, the injured and the maimed, with <aliam>: {aliam abai omlo} is no one was hurt	
s81	easy/the easy one	<a> and <baih> written as one word: easy, what is easy; {abaih hetlo} is not easy at all	
s82	ready/in readiness/prepared	<a> and <baihsa> written as one word, mostly as {abaihsa in om}: be ready, stand prepared	
s83	the maimed/the crippled/the injured	<abai> with the plural <te>: in news reports in the pair {a liam abaite}, the wounded and the maimed	
s84	its tuber/tuber	<a> and <bal>, taro or tuber, written as one word; on the page only in <azung abal>, root and tuber, said of something pulled out completely	
s85	one after another/in turn	used in {aban banin}, adding one thing to another, step by step	
s86	next/furthermore/in addition	with <ah>, at the head of a sentence: next, besides what has just been said; the same as <banah> written with <a> before it, and different from {aban} in a row, one after another	
s87	Abana	river of Damascus, named by Naaman together with the Pharpar	
s88	one after another/in turn/in order	<aban> and <ban> written as one word, usually followed by <in>: one after another, each in its turn	
s89	one after another/in turn/step by step	<abanban> and <in> written as one word: one after the other, each in its turn, level by level	
s90	like/as/similar to	<a> and <bang> written as one word, placed after the thing compared: that which is like it; <anuai abang> is as follows, like what is below	
s91	how	<a> and <bangci> written as one word: how, in what way, in a question	
s92	as/like/in the way of	<a> and <bangin> written as one word; nearly always in <anuai abangin>, as below, as follows	
s94	Abarim	mountain range in Moab, east of the Jordan, which includes Mount Nebo	
s95	become like/be like	<bat>, be like, with the prefix <a> written joined; {ciangkhut khat abat} is to become as one stick	
s96	judging by/going by	<abat>, be like, and <leh>, if, written as one word, placed after what one goes by: if it is as, judging by, as in {agendan uh abatleh}, going by what they say	
s97	lump/swelling/tumour	<a> and <bawk> written as one word: a swelling or lump on the body; also as a verb, it swelled	
s98	make/do	<a> and <bawl> written as one word: he or they make or do, or the one who makes	
s99	keep doing/be doing/carry on	<a> and <bawlbawl> written as one word: he or they keep doing or making, the one who keeps doing	
s100	always do/keep doing/do regularly	<a> and <bawlden> written as one word: he or they keep doing it, or the one who does it regularly	
s101	will do/will make/will carry out	<a>, <bawl> and <ding> written as one word: he will do or hold it, the one who is to do it, what is to be done	
s102	while doing/while making	<abawl>, he does, with <kawm>, while, written as one word and often followed by <in>: at the same time as doing something, in the course of doing it	
s103	happen to make/happen to do	<a> and <bawlkhak> written as one word: that he or she happened to make or have done; before <nawnloh nadingin>, so as not to make again	
s104	hold together/do jointly	<a> and <bawlkhawm> written as one word: they hold or do it together, or those who hold it together	
s105	make/produce/manufacture	<a>, <bawl> and <khia> written as one word: the one that makes or produces something, as in {abawlkhia Company}, the company that manufactured it	
s106	maker/creator/founder	<abawlkhia>, that makes or produces, and <pa>, man, written as one word: the man who made, produced or founded something	
s107	produce/manufacture/make	<a>, <bawl> and <khiat> written as one word: that which he or they produced, said of goods that a company makes	
s108	makers/producers/manufacturers	<abawlkhia> and plural <te> written as one word: those who make or produce something	
s109	since producing/after making	<abawlkhiat> and <zawh.3>, after, written as one word: since it was first produced	
s110	manage to produce/be able to make	<abawlkhiat> and <zawh.2>, be able, written as one word: succeed in producing it	
s111	have done/finish doing	<a> and <bawlkhit> written as one word; {abawlkhit ciangin} is after he has done or made it	
s112	do again/make again	<a> and <bawlkik> written as one word: he does or they do it again, or what is done again	
s113	when holding/while carrying out	<a> and <bawllai> written as one word: at the time they made or held something, as an operation	
s114	while doing/while holding	<a>, <bawl> and <laitak> written as one word: at the very time when he or she is doing or holding something	
s115	not do/not make/who has not done	<a> and <bawllo> written as one word: he did not make or do, or the one who has not made or done it, as a card or a registration	
s116	have not yet done/not managed to do	<a>, <bawl> and <manlo> written as one word: who has not got it done, not finished doing it in time	
s117	doing/making/carrying out	<a> and <bawlna> written as one word: his, her or their doing or making of something; {abawlna ah} is in what they did, and {abawlna pan} from or while doing it	
s118	in order to make/for making/in order to do	<a> and <bawlnading> written as one word: for making it, in order that they do it	
s119	have not yet done/not yet made	<a>, <bawl> and <nailo> written as one word: he or they have not yet done it, or the one who has not yet done it	
s120	have done before/have ever made	<abawl> and <ngei>, ever, written as one word: who has done it before	
s121	make on purpose/do deliberately	<abawl>, he or they make, and <ngiat>, indeed or on purpose, written as one word: made or done deliberately, for that very purpose	
s122	want to do/want to make	<a> and <bawlnuam> written as one word: the one who wants to do or make something	
s123	maker/doer/the one who did it/creator	<a> and <bawlpa> written as one word: the one who made or did something	
s124	make at once/do immediately	<a> and <bawlpah> written as one word: he, she or they make or do it at once; {Police Report abawlpah} is filed a police report at once	
s125	the one who made/the one who did	<a>, <bawl> and <pen> written as one word: the one who made or did it, or the doing of it, as the topic of the sentence; {Register abawlpen mi} are the people who registered	
s126	made/already made/have made	<a> and <bawlsa> written as one word: what he has made, or having already made or done it; before a noun it describes it, as {abawlsa nate}, the things he has made	
s127	did for/carried out	<a> and <bawlsak> written as one word: did or made something for someone, and the one who carried it out	
s128	that will make/that will carry out	<abawlsak> and <ding> written as one word: that will make or do something for someone	
s129	be doing/be carrying out/be preparing	<a> with <bawl>, make or do, and <san>, written as one word; almost always as {abawlsan laitak}, they are in the course of doing it, said of an investigation or of papers being prepared; the exact force of <san> is not clear, compare <sepsan>	
s130	plan to do/try to do/be about to make	<a>, <bawl>, do or make, and <sawm>, intend, written as one word: he or they intend or attempt to do it, the one who was about to do it	
s131	mistreat/abuse	<a> and <bawlsia> written as one word: the one who mistreated or abused, who ill-treated	
s132	mistreat/abuse/harm	<a> and <bawlsiat> written as one word: he mistreated, or the one whom he mistreated or abused	
s133	abuse/mistreatment	<a> and <bawlsiatna> written as one word: the abuse someone did, or the abuse of the person named before it	
s134	do secretly/make secretly	<a> and <bawl> with <sim>, here secretly and not read or count, written as one word: he does or makes something in secret, without others knowing	
s135	really make/actually do	<abawl> and <taktak>, really, written as one word: who actually made or did it	
s136	self-made/home-made/fake	<a> and <bawltawm> written as one word: that someone made himself, and so not the real or official thing, said of forged papers, false number plates and home-brewed drink	
s137	those who do/those who make	<a> and <bawlte> written as one word: the people who do or make what is named before it	
s138	newly made/newly produced	<abawl> and <thak>, new, written as one word: that which he or they have newly made or brought out, as a new model or new banknotes	
s139	be able to do/can carry out	<a> and <bawltheih> written as one word, mostly before <nading> or <nadingin>: so that he, she or they can do or carry out what is named before it	
s140	after doing/since doing/after holding	<a> and <bawlzawh> written as one word, where <zawh> means after or since: after he or they did or held it, or the time since they have been doing it	
s141	way of making/way of doing/method	<a> and <bawlzia> written as one word: the way he, she or they make or do something	
s142	manage to make/be able to do	<a> and <bawlzo> written as one word: one who has managed to make or do something	
s143	group by group/in groups	doubled as {abawng abawng} or {abawng bawng}: in separate groups, each group by itself; the base word here means a group or section, not cattle	
s144	Abba/Father	Aramaic word for father, used in prayer to God and followed by its translation <Pa>, Father	
s145	Abda	name of two men: the father of Adoniram, the officer of Solomon over forced labor, and a Levite, the son of Shammua	
s146	Abdeel	father of Shelemiah, an officer of King Jehoiakim	
s147	Abdeel	father of Shelemiah, an officer of King Jehoiakim	
s148	Abdi	name of several men, among them a Levite of the clan of Merari and a descendant of Elam in the time of Ezra	
s149	Abdiel	son of Guni and father of Ahi, of the tribe of Gad	
s150	Abdon	name of several men, among them a judge of Israel, the son of Hillel from Pirathon, and of a town of the Levites in Asher	
s151	Abednego	Babylonian name given to Azariah, one of the three friends of Daniel who were thrown into the blazing furnace	
s152	take refuge/depend on	<a> and <beel.2> written as one word: one who shelters with or depends on others, as people living in a foreign land; the same spelling also stands for {a beel}, his pots	
s153	his clan/her clan	<a> and <beh> written as one word: his, her or their clan	
s154	add/increase/addition/append	<a> and <behlap> written as one word: he or they add, or what is added, an addition	
s155	plan to add/intend to increase	<a>, <behlap>, add, and <sawm>, intend, written as one word: he or they plan to add more	
s156	last/final	<bei>, come to an end, with the prefix <a> written joined; {abei ni} is the last day, the opposite of {akipat ni}, the first day	
s157	end/expire/run out/be spent	<bei> with the prefix <a> written joined, used as the predicate: come to an end, expire, said of a card or a term, or be spent, said of money; {abei sa} is past, gone by; not the adjective last of {abei ni}	
s158	will end/will expire	<a> and <beiding> written as one word: it will come to an end; {ahun abeiding} is its time will run out	
s159	will cost	<a> and <beiding> written as one word, said of money: the amount that will be spent	
s160	have expired/be over/have run out	<a> and <beikhin> written as one word: that has already ended or expired, said of a visa, a permit or a programme	
s161	after it ended/after the expiry of	<a>, <bei> and <khitzawh> written as one word: once something, as a deadline or programme, has come to an end	
s162	lose/spend	<a> and <beilawh> written as one word: he loses or spends it for something; {nuntakna abeilawh} is lost his life	
s163	before it ends/before the end of	<a>, <bei>, come to an end, and <ma>, before, written as one word and followed by <in>: before it is over, as before the end of a month	
s164	vanish/disappear/be gone	<a> and <beimang> written as one word: it vanishes, what passes away	
s165	last/past/previous/bygone	<a> and <beisa> written as one word: the past, the one that has gone by, placed before a month, a year or a date	
s166	the past/past times/former times	<abeisa>, past, and <hun>, time: the time that has gone by; with <in> or <ah> it opens a sentence as in the past, previously, and {abeisa hun sung} is during the past period	
s167	for some time past/recently/lately	<abeisa>, the past, and <tawlkhatsung>, for a while: in the time just gone by, for some time now; it opens a statement or stands before the verb, and with <akipan> it means since some time ago	
s168	use up/spend/put an end to	<a> and <beisak> written as one word: he uses up money or time, or puts an end to something, or the one who does so	
s169	last year	<a>, <beisa>, past, and <kum>, year, written as one word: last year, the year that has gone by	
s170	be completely gone/be wiped out	<a> and <beisiang> written as one word: they are all gone, with nothing left; {abeisiang mateng} is until none are left	
s171	has ended/has expired/is over	<a> and <beita> written as one word: it has now come to an end, said of a period or a deadline	
s172	cost/amount spent/expense	<a>, <bei>, be used up, and <zah>, amount, written as one word: how much is spent or used up, of money, time or fuel	
s173	after it ended/after the expiry	<a>, <bei> and <zawh> written as one word, <zawh> in the sense after: after it came to an end, said of a period or deadline	
s174	Abel	second son of Adam and Eve, a shepherd killed by his brother Cain; in 2 Samuel 20.18 the town Abel Beth Maakah	
s175	Abel Beth Maakah	town in the far north of Israel; the first part of the name, which is written {Abelbeth-ma-akah} in the text	
s176	Abel Beth Maakah	town in the far north of Israel, near Dan	
s177	Abel Beth Maakah	town in the far north of Israel, near Dan	
s178	take refuge in/shelter with	<a> and <belh> written as one word: he takes refuge in, the one or the place in which someone takes refuge	
s179	Abel Keramim	place in the land of the Ammonites, east of the Jordan	
s180	Abel Maim	town in the north of Israel taken by Ben-Hadad, the same as Abel Beth Maakah	
s181	Abel Meholah	town in the Jordan valley, the home of the prophet Elisha	
s182	Abel-mizraim/Abel Mizraim	place near the Jordan where the Egyptians mourned for Jacob, at the threshing floor of Atad	
s183	Abel Shittim	place in the plains of Moab by the Jordan, where Israel camped before entering Canaan	
s184	round/spherical	<a> and <bem> written as one word: that is round; also the figure zero	
s185	hunt/hunter of	<a> and <beng>, hunt, written as one word after the animal or person pursued: the one who hunts it, or he hunts; the same spelling also stands for <a> with <beng>, clap, and for the ear in {abeng angong}, deaf	
s186	to hunt/to chase	<a>, <beng> and <ding> written as one word: in order to hunt an animal or chase after someone, those who are to hunt	
s187	to drive out/to hunt down	<a>, <bengkhia> and <ding> written as one word: in order to drive out or hunt down the people named before it	
s188	slap/hit	<a> and <bet>, slap, written as one word: he or she slaps or hits	
s189	hunt	<a> and <bet>, hunt, written as one word: when they hunt game	
s190	slap hard/slap repeatedly	<a>, <bet> and <gawp> written as one word: he slaps someone hard or many times	
s191	while slapping	<a>, <bet>, slap, and <laitak>, at the very time, written as one word: while he was slapping someone	
s192	Abijah/Abi	mother of King Hezekiah and daughter of Zechariah; {Abi} in the Tedim text and Abijah in the NIV	
s193	Abi-Albon	the Arbathite, one of the mighty warriors of David	
s194	worship	<a> and <bia>, worship, written as one word: he worships, or the one who worships, as in {Pasian abia mite}, the people who worship God	
s195	Abijah	one of those who sealed the covenant in the time of Nehemiah; Abijah in the NIV	
s197	that he worships/they worship	<a> and <biak> written as one word: which he or they worship, or they worship, before a noun or an ending	
s198	his religion/their religion	<a> and <biakna> written as one word: his, her or their religion; {abiakna kibatpih te} are those of the same religion	
s199	of the same religion/co-religionist	<abiakna>, their religion, and <kibatpih>, be alike with: sharing the religion of the people just spoken of; it stands before <te>, a country or a government, and {abiakna kibatpih te} are their co-religionists	
s200	Abi-Albon	the Arbathite, one of the mighty warriors of David	
s201	his cheek/her cheek	<a> and <biang> written as one word: his or her cheek	
s202	Abiasaph	son of Korah, of the tribe of Levi	
s203	worshippers/those who worship	<a> and <biate>, worshippers, written as one word: those who worship him; {Pasian abiate} are those who worship God	
s204	Abiathar	priest, son of Ahimelek, who served David together with Zadok	
s205	Abib/Aviv	first month of the Hebrew year, the month of the Passover and of the departure from Egypt	
s206	Abida	son of Midian, grandson of Abraham and Keturah	
s207	Abidan	son of Gideoni, leader of the tribe of Benjamin in the wilderness	
s208	Abiel	name of two men: the grandfather of King Saul, and the Arbathite, one of the mighty warriors of David	
s209	Abiezer	name of two men: a descendant of Manasseh, and a warrior of David from Anathoth	
s210	Abigail	name of two women: the wife of Nabal of Carmel who became a wife of David, and a sister of David, the mother of Amasa	
s211	Abigail	<Abigail> with the plural <te>, Abigail and the one named with her; {Ahinoam leh Abigailte} is Ahinoam and Abigail together	
s212	Abihail	name of several men and women, among them the father of Queen Esther and the wife of Abishur	
s213	Abihu	second son of Aaron, a priest who died with his brother Nadab for offering unauthorized fire	
s214	Abihud	son of Bela and grandson of Benjamin	
s215	Abijah	name of several men, among them a son of Samuel, a son of King Jeroboam, and the son of Rehoboam who was king of Judah	
s216	Abijah	king of Judah, son of Rehoboam and father of Asa; {Abijam} in the Tedim text of 1 Kings and Abijah in the NIV	
s217	his ear/her ear	<a>, his or her, and <bil>, ear, written as one word	
s218	Abilene	region northwest of Damascus, ruled by the tetrarch Lysanias	
s219	Abimael	son of Joktan, a descendant of Shem	
s220	Abimelech/Abimelek	name of two rulers: the king of Gerar in the time of Abraham and Isaac, and the son of Gideon who ruled at Shechem	
s221	Abinadab	name of several men, among them the second son of Jesse and a son of King Saul	
s222	Abinoam	father of Barak	
s223	Abiram	son of Eliab of the tribe of Reuben, who rebelled against Moses with Korah and Dathan	
s224	Abiram	<Abiram> with the plural <te>, Abiram and the one named with him; {Dathan leh Abiramte} is Dathan and Abiram together	
s225	Abishag	young woman from Shunem who attended King David in his old age	
s226	Abishai	son of Zeruiah, brother of Joab, and a commander in the army of David	
s227	Abishua	name of two men: the son of Phinehas in the line of the high priests, and a son of Bela of Benjamin	
s228	Abishur	son of Shammai, of the tribe of Judah, and husband of Abihail	
s229	closed/shut tight/enclosed/secure	<a> and <bit> written as one word: closed in or shut tight so that nothing gets in or out; also firm, secure	
s230	Abital	wife of David and mother of Shephatiah	
s231	Abiathar	spelling of Abiathar in 1 Samuel 30.7, the priest, son of Ahimelek, who served David	
s232	in full/whole	<a>, <bit>, whole, and <in> written as one word: as a whole, not cut up	
s233	Abihud	son of Zerubbabel in the genealogy of Jesus in Matthew	
s234	Abner	son of Ner and commander of the army of King Saul	
s235	trousers/pants	<a>, his or her, and <bombi>, trousers, written as one word: his or her trousers; {abombi sung} is inside the trousers	
s236	abortion	the ending of a pregnancy; mostly added in brackets after a Zolai wording such as <nauphiat>	
s237	Arabia	spelling of Arabia in 2 Chronicles 9.14, the land whose kings brought gold and silver to Solomon	
s238	Abraham	ancestor of the people of Israel, husband of Sarah and father of Isaac, first named Abram	
s239	Abram	the earlier name of Abraham, before God renamed him	
s240	Abronah	place where the Israelites camped in the wilderness, before Ezion Geber	
s241	Absalom	third son of David, who rebelled against his father and was killed by Joab	
s242	be busy/be occupied/be troubled	<a> and <buai> written as one word: he or they are busy or caught up in something, as {abuai laitak}, while busy; also be troubled or confused	
s243	troublesome/busy/hectic	<a> and <buaihuai> written as one word: that is troublesome, or of a place, very busy	
s244	be very busy/be most occupied	<a> and <buaimahmah> written as one word: that is very busy, when people or a place are at their busiest	
s245	be busy with/attend to/deal with	<a>, <buai> and <pih> written as one word: be busy with something, be taken up with dealing with it, as rescuers with an accident or soldiers with a conflict	
s246	after working on/having dealt with	<abuaipih> and <khit> written as one word, followed by {uh ciangin}: after they had worked on it for the time named	
s247	trouble/disturb/cause unrest in	<a> and <buaisak> written as one word: that troubles, the one who causes trouble or unrest in a place	
s248	try to disrupt/plan to cause unrest in	<abuaisak>, trouble or disturb, and <sawm>, intend, written as one word: who plans or tries to cause trouble in a place or at an event	
s249	pour on/throw on	<a> and <buak> written as one word: he pours a liquid on someone, or the one who poured it	
s250	its pouring out/its spilling	<a> and <buakna> written as one word: the pouring out or spilling of a liquid, or the place where it spilled	
s251	rape	<a> with a verb meaning force a person to have sex, written as one word: he raped, the one who raped; that verb is spelled like <buan>, mud, but is a different word	
s252	rape/gang-rape	<a> and <buanhuan> written as one word: he or they raped, the ones who raped	
s253	after raping	<abuan>, he raped, and <khit>, after, written as one word, in {abuankhit ciangin}: after he had raped her	
s254	rape/place of rape	<abuan> with the ending <na>, written as one word: his raping of a person; {abuanna mun} is the place where he raped	
s255	rapist	<a>, <buan> and <pa>, the man who, written as one word: the man who raped; <buan> here means rape, not mud	
s256	the one who raped/the raping	<abuan>, raped, and the topic marker <pen> written as one word: as for the one who raped, or as for the rape	
s257	try to rape	<a> written together with <buansawm>: the one who tried to rape, or when he tried to rape; <buan> here is not mud but force a person sexually	
s258	attempted rapist/man who tried to rape	<abuansawm> and <pa> written as one word: the man who tried to rape	
s259	rapists/those raped	<abuan> with the plural <te> written as one word: those who rape, or with a noun before it the ones whom he raped	
s260	rape repeatedly	<a> and <buanzel> written as one word: he raped repeatedly, the one who raped repeatedly, or his doing so	
s261	complete/full/whole	<a> and <bucing> written as one word: complete, in full; before a verb or verbal noun, completely	
s262	complete/full/perfect/intact	<a> and <bukim> written as one word: the complete or full one, placed before the noun; {abukim in} is completely	
s263	its base/its root/the beginning	<a> and <bul>, base, written as one word: the foot or root end of a thing, and the beginning or origin of a matter; {abul abal} is a matter from its root, in full	
s264	wear/have on	<a> and <bulh> written as one word: he or she wears on the hand, finger or foot, and the thing that is worn there, such as a watch, a ring or shoes	
s265	from the base/by the roots/from the root	<a>, <bul>, base, and <pan>, from, written as one word: from its base or root, said of a tree that is torn out whole, of teeth, and of a matter taken from its beginning	
s266	based on/founded on	<a> and <bulphuh> written as one word: that is based on, that takes something as its foundation	
s267	the foundation/the root/the main one/origin/root/source	<a> and <bulpi> written as one word: the foundation or source of something, and before a noun the main or basic ones	
s268	raid/attack/invade/rob	<a> and <buluh> written as one word: he or they raid or attack, or the one that raids; said of robbers breaking into a shop and of an army invading a country	
s269	container/bottle/bin	<a> and <bung> written as one word: its container, the tin, bottle, bin or cylinder that holds something	
s270	as a whole/entirely/the whole	<a> and <bup>, whole, written as one word, mostly with <in>: the whole of it, as a whole	
s271	whole/entire/in all	<a> and <buppi> written as one word: the whole of it; {abuppi-in} is as a whole, in all	
s272	Academy Award/academy	in Myanmar usage the national film prize, the Myanmar Academy Award, and a title before the name of an actor who has won it; elsewhere part of the English name of a school or institute	
s273	accelerator/gas pedal	the pedal of a motor vehicle that makes it go faster; {accelerator sik} is step on the accelerator	
s274	accent	the way a people or a region pronounces a language; the Zolai word is <awsuah>	
s275	accident/road accident	an accident, mostly on the road; {mawtaw accident} is a car accident	
s276	account	an account at a bank, or a user account on a website such as Facebook or Twitter	
s277	Aceh	province of Indonesia at the northern end of Sumatra, known for its strict Islamic law	
s278	Achzib/Akzib	name of two towns, one in the lowland of Judah and one on the coast of Asher; written <Akzib> in the text	
s279	say/said	<a> and <ci> written as one word: he or she says, said; before a noun, the one who says or the thing that is called so	
s280	mean/intend to say	<aci>, he says, and <nuam>, want: want to say, that is mean; stands after the words that give the meaning, or after <bang>, what, to ask what someone means; with other persons {ka ci nuam}, I mean	
s281	went back/returned/who returns	<a> and <ciah> written as one word: he went home, or the one who goes back	
s282	to return/will go back/to go home	<a>, <ciah>, go back, and <ding> for what is to come, written as one word: that he, she or they will go back, or for them to go home	
s283	leave/go home/depart	<a> and <ciahkhia>, leave for home, written as one word: he or they left, or the one who leaves	
s284	leave/depart/go home	<a> and <ciahkhiat> written as one word: he or they leave a place, used before words such as <ciangin> and <nading>	
s285	to leave/will leave	<a>, <ciahkhiat> and <ding> written as one word: that he or they leave, their leaving that is yet to happen; with <phallo>, not allowed to leave	
s286	have returned/have gone back	<a> and <ciahkhin> written as one word: he has gone back, those who have already gone back	
s287	return/go back/come back	<a> and <ciahkik> written as one word: he, she or they return, or the one who returns	
s288	will return/be going to go back	<a>, <ciahkik> and <ding> written as one word: that he or they will go back, or the going back that is to come	
s289	on the way back/on the way home	<a>, <ciah>, return, and <lam>, way, written as one word: while he, she or they were going back home, often followed by <in>	
s290	his return/his way home	<a> and <ciahna> written as one word: his or her going home; {aciahna lampi} is the way by which he goes home	
s291	for the return/in order to go back	<aciah> and <nading> written as one word: for his or their going back home	
s292	want to go back/who wants to return	<a>, <ciah>, go back, and <nuam>, want, written as one word: the one who wants to go home, or he wants to go back	
s293	be about to return/be on the way home/intend to go back	<aciah> and <sawm> written as one word: who means to go back or is on the way home	
s294	going down/returning down	<a> and <ciahsuk> written as one word: that goes or was going back down, said of a vehicle or traveller coming down from a higher place	
s295	those who return/those going home	<aciah>, who returns, and the plural <te> written as one word: the people who go back or go home	
s296	be able to return/can go home	<a>, <ciah>, return, and <theih>, be able, written as one word; before <nadingin> it means so that he can go home	
s297	chatter/babble/talk on and on	<a> and <ciakciak> written as one word: one who chatters, or chattering	
s298	hire/employ	<a> and <cial>, hire, written as one word: he or they hired someone, the one who hires	
s299	taste/experience	<a> and <ciam.2> written as one word: he tastes, the one who tastes; also of tasting an experience	
s300	promise/vow	<a> and <ciam.1> written as one word: he promises, what he promised	
s301	joke/jest/as a joke	<a> and <ciamnuih>, jest, written as one word: the joke, something said or done as a joke	
s302	record/note	<a> and <ciamteh>, note or record, written as one word: that he records, what is recorded	
s303	remaining/the rest/left over	<a> joined to a verb that means be left over: what is left after the part already named, often as {acian lai}, still remaining	
s304	each to its extent/as far as one can	<a> and <ciang>, extent, written as one word; said twice, {aciang aciang}, each as far as it reaches, everyone according to what they can	
s305	set/fix/appoint/limit	<a> and <ciangtan> written as one word: that which is fixed or limited, or they fix it; {ahun aciangtan} is the appointed time and {aciangtan ani} the set day, the deadline	
s306	remaining/left/still left	who or what is still left when the others are gone or done; as a noun, the remainder, the remnant	
s307	designate/mark/regard as/recognise	<a> with <ciapteh>, a form of <ciamteh>, written as one word: note, mark or officially designate something as what is named before it	
s308	his mark/its record/their record	<a> and <ciaptehna>, mark or record, written as one word: the mark by which someone marks a thing, or the record that someone keeps	
s309	those who keep saying/who claim	<a> and <cici> written as one word, after the words quoted: one who says so again and again, who keeps claiming; with <te>, the people who say so	
s310	acid	an acid, as in food and drink, in the stomach, or in the name of a nutrient such as folic acid	
s311	healthy/well	<a> and <cidam> written as one word: healthy, the one that is healthy	
s312	unwell/sick/unhealthy	<a> and <cidamlo> written as one word: he is not well, or the one who is not well; {alungsim acidamlo} is mentally ill	
s313	his health/her health/their health	<a> and <cidamna> written as one word: his, her or its health	
s314		<aci> and <diam> written as one word, after <bang>, what, and a clause with if: what would it say, that is, how would it be, what would come of it	
s315	say/call/mean	<a> and <cih> written as one word: what he says, what is called; {X acih bang hiam} is what is the thing called X, and {acih nopna} is what it means	
s316	when he said/when he says	<acih>, he says, and <ciang>, when, written as one word and often followed by <in>: when he or she said so	
s317	keep calling/used to call	<a> and <cihcih> written as one word: what people keep saying or calling, the so-called	
s318		<acih> and <in> written as one word between a repeated word, for emphasis: {tam acihin tam} is many indeed, as many as one could say; with a verb, doing it to the full	
s319	when he said/if it says	<a>, <cih> and <leh> written as one word: when or if someone says so, placed after the words that are said	
s320	just as it says/just as said	<a> and <cihmah> written as one word, followed by <bangin> or {bang un}: just as he, she or it says	
s321	be in distress/be in trouble/be desperate	<a> and <cihmawh> written as one word: is in distress or at a loss what to do, or the one who is	
s322	meaning/what it means	<a> and <cihna> written as one word: what it says or means; at the end of a sentence, {acihna ahi hi}, it means, that is to say	
s323	what to do	<a>, <cih> and <nading> written as one word: what he is to do or say; <acihnading theilo> is not knowing what to do, at a loss	
s324	at a loss/not knowing what to do/helpless	<acihnading>, what he is to do, and <theilo>, unable, not knowing: not knowing what to do, at a loss in a sudden difficulty; it follows the subject and is closed by <in> or <a> before the clause that tells what the person then did	
s325	mean/want to say	<a> and <cihnop>, mean to say, written as one word: what he or it means; {acihnop na} is its meaning, what is meant	
s326	meaning/what it means	<a> and <cihnopna> written as one word: its meaning, what a word or a speaker means	
s327	the man called/the so-called/the man said to be	<a> and <cihpa>, the one spoken of, written as one word after a name or a description: the man who goes by that name or is said to be that	
s328	what is said/what is called/the so-called	<a>, <cih>, say, and the topic marker <pen> written as one word, placed after quoted words or a name: what he said, or the thing that is called so, as the topic of the sentence	
s329	what was said/formerly called	<a> and <cihsa> written as one word: what he or they had said or had called something before, usually followed by a change, as in {ong pai ding acihsa}, who had said he would come	
s330	what is called/the so-called	<a> and <cihte> written as one word, placed after a name or a term: the things or people that are called so	
s331	its seed/its breed/its kind/kind/sort	<a> with <cii>, seed, written as one word: the seed of a plant, and so the stock or kind of a thing or a people; {ameel-acii} is its look and kind	
s332	sensible/prudent/shrewd	<a> and <ciim> written as one word: the sensible or prudent one, a person of sound judgement; usually paired with <apil>, the wise	
s333	grower/one who plants	<a> and <ciing>, plant or grow, written as one word: those who grow the crop named before it	
s334	beginning	{a cil}, the beginning, written as one word at the start of a sentence; {Acil panin} is from the beginning	
s335	not say/not call	<a> and <cilo> written as one word: the one who does not say or does not call it so	
s336	collapse/cave in/fall down	<a> and <cim> written as one word: it collapses, of a building or of earth that slides down	
s337	be bored/be tired of	<a> and <cim>, be weary of, written as one word: they are bored or have had enough	
s338	the needy/person in distress/victim	<a> and <cimawh> written as one word: one who is needy or in distress, as the poor or those hit by a disaster; before a noun, needy	
s339	be tired of/be fed up with	<a> and <cimtak> written as one word: he, she or they grow tired of someone or something	
s340	be completed/be reached	<a> and <cin> written as one word: of a time or a number of days or years, is full, has been reached; {ahun acin ciangin} is when its time has come	
s341	be sick/fall ill	<a> and <cina> written as one word: who is sick, who falls sick; with <te> the sick, and before <sak> make someone sick	
s342	fell ill/who fell ill	<a> and <cinatlawh> written as one word: fell ill because of something, and those who fell ill	
s343	complete/reach/be full	<a> and <cing> written as one word, here in the sense be full or complete: a number of years is completed, or someone fully counts as what is named	
s344	guard/look after	<a> and <cing>, guard, written as one word: the one who guards or looks after	
s345	will complete/will reach	{a cing} it is full or complete and the future marker <ding> written as one word, after a number of years or hours: about to be fully that long	
s346	guardian/one who will look after	<a>, <cing> guard or watch over and <ding> written as one word, in {akem acingding}: the one who is to keep and guard a person	
s347		<a> and <cingh> written as one word: they are quiet, they are good, said of children	
s348	guarding/on guard at	<acing>, the one who guards, and <in> written as one word: guarding a place, said of guards and posts that are stationed there	
s349	in full/completely	<acing>, be complete, and <in> written as one word: fully, to the end, as of reading a text or getting information	
s350	those who have reached/those who have completed	<a>, <cing>, here be complete or reach the full number, and <khinte>, those who already have, written as one word: those who have already reached an age or an amount, as in {kum 21 acingkhinte}, those aged 21 and over	
s351	incomplete/deficient/not whole	<a> and <cinglo> written as one word: not complete; of a body part, not fully formed; of the mind, not sound; of money, not the full amount	
s352	not yet complete/not yet reached/under	<a>, <cing>, be complete, and <nailo>, not yet, written as one word: of a year or an age, not yet completed; {akum acingnailo} is under age	
s353	those who have completed/those who have reached	<a> and <cingsate> written as one word: those who have already completed a set number of days or years	
s354	fuller/more complete	<a> and <cingzaw> written as one word; {acingzaw in} is in full, in more complete form	
s355	have passed/be completed	<acin> and <khit> written as one word: a number of days or a set time has been completed; {acinkhit ciangin} is after it has run out	
s356	before reaching/before completing	<a>, <cin> and <ma> written as one word: before a number of days or years is completed, before reaching that age	
s357	anniversary/completion	<a> and <cinna.3> written as one word, after <kum> and a number: the completing of that many years, as {kum 10 acinna}, the tenth anniversary	
s358	anniversary/day of completion	<a> and <cinni> written as one word: the day on which a number of years becomes full; {kum 60 acinni} is the day he or she turns 60	
s359	the one who says/he who said	<a> and <cipa> written as one word: the man who says or said what goes before	
s360	have a fever/be feverish	<a> and <cisa> written as one word: he or she has a fever	
s361	honest/faithful/trustworthy	<a> and <citak> written as one word: who is honest, the honest one	
s362	some saying	<a>, <ci> and <tawh> written as one word: with those who say so; placed after each of several quoted opinions, some saying this and some saying that	
s363	those who say	<a> and <cite> written as one word: the people who say something, placed after the words spoken	
s364	some also say	<a>, <ci>, say, and <zong>, also, written as one word: one who says so also, used before <om> to report a different account: there are also those who say	
s365	ACR/Alliance of Chin Refugees	a Chin refugee community organisation in Malaysia, known by its English initials and named beside ZAM and CRC	
s366	acre	a measure of land, written before or after the number	
s368	active	taking part and doing much, the English word; {active member} is a member who takes part	
s369	activist/campaigner	a person who works publicly for a political or social cause	
s370	activity/event	something that a group or family arranges and does together	
s371	actor		
s372	actress	a woman who acts in films; the English word stands as a title before a name, as in {Hollywood Actress minthang}, the famous Hollywood actress	
s373	ACTS	A Call To Serve, an organisation in Malaysia that runs a clinic for refugees in Kuala Lumpur	
s374	Adaiah	name of several men, among them the father of Jedidah, the mother of King Josiah	
s375	Adadah	town in the far south of Judah	
s376	addled egg	an egg that cannot hatch	
s377	Adah	name of two women: a wife of Lamech, and a wife of Esau, the mother of Eliphaz	
s378	the bereaved/mourners	<a> with <dah>, grieve, and again with <kap>, weep, written as one word, {a dah a kap}: those who grieve and weep, a set phrase of condolence notices	
s379	those who mourn and grieve/the bereaved	<adahakap>, the one who weeps in sorrow, and <alungleng>, the one who longs for the dead: a fixed formula of condolence notices, followed by {khuangai tanau meltheih khempeuh}, all the grieving relatives and acquaintances, for whom comfort is wished	
s380	sad/grievous/regrettable	<a> and <dahhuai> written as one word: that is sad, a thing to be sorry about	
s381	his sorrow/her grief/their sadness	<a> and <dahna> written as one word: his, her or their sorrow or sadness	
s382	Adaiah	name of several men, among them the father of Jedidah, the mother of King Josiah, and a Levite ancestor of Asaph	
s383	calm down/subside/become quiet	<a> and <daih.1> written as one word: he or it calms down, of a person, a mind or an outbreak	
s384	protect/shield/defend	<a> and <dal> written as one word: shield or defend it, or the one who shields; often in the pairs {ahung adal} and {akem adal}	
s385	layer/sheet/curtain/stratum	<a> and <dal> written as one word: a sheet or layer of something, a covering or a curtain	
s386	Adalia	one of the ten sons of Haman	
s387	barrier/divider/screen	<a> and <dalna> written as one word: the thing that blocks or screens, placed before the name of the barrier, as in {lamzikpi adalna Road Divider}, the divider of the highway	
s388	Adam	the first man, husband of Eve and father of Cain, Abel and Seth	
s389	Adamah	fortified town of Naphtali; in Joshua 3.16 the town near Zarethan that the NIV calls Adam	
s390	Adami Nekeb	place on the border of the territory of Naphtali	
s391	recover/get well again	<a> and <damkik> written as one word: he or she recovers, those who recover	
s392	be able to recover/can get well again	<a>, <dam> and <kiktheih> written as one word: that he or she can get well again; before <nading>, so that he or she may recover	
s393	still alive/surviving/while alive	<a> and <damlai> written as one word: who is still alive, the surviving members of a family; {adamlai in} is while he was alive	
s394	sick/ill/the sick one	<a> and <damlo> written as one word: who is sick, the one who is not well	
s395	be unwell/be sick	<a> and <damloh> written as one word: he or she is unwell, used before words such as <ciangin> and <sung>	
s396	sick/ill/unwell	<a> and <dammawh> written as one word: the one who is sick, sick	
s397	heal/cure/relieve	<a> and <damsak> written as one word: he or it heals, that which cures; {adamsak nadingin} is in order to cure	
s398	recover completely/be fully healed	<a> and <damsiang>, be completely healed, written as one word: he or she is fully cured, or that an illness is fully cured	
s399	its way/its manner/condition	<a> and <dan> written as one word: the way, manner or condition of it; often paired as {adan leh azia}	
s400	for		
s401	other/another/the rest	<dang>, other, with the prefix <a>, written as one word: stands before a noun or a number, as in {adang mi 17}, 17 other people, or alone for the others or something else	
s402	the other one/the other man	{a dang}, the other, and <khatpa>, one man: the second of two men just spoken of, often after a sentence about the first; followed by <pen> or <in> as the subject	
s403	other/various other/the others	<a> and <dangdang> written as one word: the various others, other ones of any kind	
s404	others/the like	<dang>, other, repeated, with the prefix <a> and the plural <te>; the other things of the same kind, and the like	
s405	another/another one/the other one	<a>, <dang> and <khat> written as one word: one more person or thing, different from the one already named	
s406	the other one/the remaining one	<adangkhat>, the other one, and the topic marker <pen> written as one word: as for the other one, said after the first one or the others have been named	
s407	another one too/yet another	<adangkhat>, another one, and <zong>, also, written as one word after a noun: another one as well	
s408	others/the others/the rest	<dangte>, the others, with the prefix <a> written joined; the remaining people or things of a group	
s409	the rest/all the others	<dang>, other, with the prefix <a> and <teng>, all of; all the rest, all who remain	
s410	others too/also other/in addition	<a>, <dang>, other, and <zong>, also, written as one word: others as well, in addition to those already named; in news reports before the number of further people	
s411	Adar	the twelfth month of the Hebrew calendar, in which the feast of Purim is kept	
s412	draw/pull	<a> and <dawh> written as one word, he draws or pulls; the book has it in {Kapa in dolcial adawh hi}, where the thing drawn is not explained	
s413	stick out/show/appear	<a> and <dawk> written as one word: it sticks out, shows or comes into view; of a name, appear, and of the body, be exposed	
s414	floor/storey/level	<a> and <dawl> written as one word: the floor or storey of a building, and a level or tier; {adawl tungnung} is the upper floor, also said of the upper house of a parliament	
s415	level by level/in stages/step by step	<a> with <dawl>, level, said twice: one level after another, in stages; usually with <in>	
s416	drink	<a> and <dawn>, drink, written as one word: he or she drinks, what one drinks; {anek adawn} is food and drink	
s417	answer/reply	<a> with <dawn>, here the form of <dawng>, answer, used before <kik>: {adawn kikna} is his or their reply	
s418	to drink/for drinking	<a> and <dawnding> written as one word: what he is to drink, his drink	
s419	meet/fetch/pick up	<a>, <dawn>, go to meet, and <ding> written as one word: in order to meet or fetch someone who is arriving	
s420	answer/reply	<a> and <dawng>, answer, written as one word: he or she answered, or the one who answers	
s421	drank/who drank	<a> and <dawnkha> written as one word: the one who came to drink something, mostly something harmful drunk unawares	
s422	happen to drink/have drunk	<a>, <dawn>, drink, and <khak>, happen to, written as one word: he came to drink something; {adawnkhak manin} is because of having drunk it	
s423	after drinking/have drunk	<adawn>, he or she drinks, and <khit>, after, written as one word; {adawnkhit ciangin} is after he or she had drunk it	
s424	his reply/her reply/answer	<a> and <dawnkikna>, reply, written as one word: his or her reply; {adawnkikna ah} is in reply	
s425	tip/top end/far end	<a>, <dawn>, tip, and <lam>, side, written as one word: the top or far end of a long thing; of a clan, the younger branch as against <bul>, the root	
s426	reply/answer/response	<a> and <dawnna> written as one word, here from <dawng>, answer, and not from drinking: his or their reply	
s427	give to drink/make drink	<a> and <dawnsak> written as one word: he or she made someone drink, the one who or the thing that was given to drink	
s428	stab	<a> and <dawt>, stab, written as one word: he stabbed, the one who stabbed; {temtawh adawt} is who stabbed with a knife	
s429	stab repeatedly/stab badly	<a>, <dawt> and <gawp> written as one word: stabbed someone many times or severely, and the one who did so	
s430	the one who stabbed/stabber	<a>, <dawt>, stab, and <gawppa>, the man who does it severely, written as one word: the man who stabbed someone badly or many times	
s431	stab to death	<a>, <dawt> and <lum>, here to death, written as one word: he or she stabbed someone to death, or the one who did so	
s432	man who stabbed to death/stabber	<adawtlum> with <pa>, which marks a man, written as one word: the man who stabbed someone to death; in news reports also said of the man who stabbed a person who lived	
s433	stab/stab down	<a> and <dawtlup> written as one word: he stabbed someone down, or the one who was stabbed	
s434	stabber/attacker	<a>, <dawt>, stab, and <pa>, man, written as one word: the man who stabbed someone	
s435	Adbeel	third son of Ishmael	
s436	Adbeel	third son of Ishmael	
s437	Addon/Addan	town in Babylonia from which exiles returned with Zerubbabel, Addon in the NIV	
s438	Addar	son of Bela and grandson of Benjamin	
s439	Addar	town on the southern border of Judah	
s440	Addi	ancestor of Jesus in the genealogy of Luke, father of Melki	
s441	addict/addiction	a person who cannot stop taking or doing something, or the state of being so; placed after the thing, as in {phone addict}	
s443	Addon	town in Babylonia from which exiles returned with Zerubbabel	
s444	address	the address of a home, a workplace or an email account	
s445	room/chamber	<dei>, room, with the prefix <a> written joined; {adei tungnung} is apparently the upper court of the temple, where the room of Gemariah was	
s446	want/like	<a> and <deih>, want, written as one word: he wants, what one wants, the one who wants; {adeih huai} is desirable	
s447	as he wishes/as they please	<a> and <deihbang> written as one word: in whatever way he or they want, usually followed by <in>	
s448	whatever one wants/anything one likes	<a> and <deihdeih> written as one word: whatever he, she or they want, each thing that is wanted	
s449	desirable/agreeable	<a> and <deihhuai> written as one word: that is to be wished for; with <lohna>, a thing that is not desirable about something	
s450	not want/oppose/dislike	<a> and <deihlo> written as one word: who does not want or accept something, the one who is against it	
s451	unwanted/disliked/not wanted	<a> and <deihloh>, not wanted, written as one word: what someone does not want or like	
s452	his opposition/their objection	<a> and <deihlohna> written as one word: his, her or their not wanting something, their opposition to it	
s453	want very much/like very much	<a> and <deihmahmah> written as one word: what he, she or they want very much, the one much wanted	
s454	meaning/sense	<a> and <deihna> written as one word: what a word, name or saying means, what is meant by it	
s455	wish/will/purpose	<a> and <deihna> written as one word: what he or she wants, his or her will or purpose	
s456	care for/wish well/support	<a> and <deihsak> written as one word: he wishes someone or something well, or the one who cares for and supports a person or a cause	
s457	those who want/whoever wishes	<a> and <deihte> written as one word: those who want it, anyone who wishes	
s458	all that one wants/everything wanted	<a> and <deihteng> written as one word: all that he, she or they want	
s459	amount wanted/as much as one wants	<a> and <deihzah> written as one word: the amount or number that he or they want	
s460	Adelaide	city in the south of Australia where a Zomi community lives	
s461	chase/pursue/go after/rush to	<a> and <delh>, pursue, written as one word: he or she chases someone, or hurries to a place or an event; also the one who does so	
s462	pursuit/chase	<a> and <delhna>, pursuit, written as one word: his or their chasing of someone; also the rushing of police or reporters to the place of an event	
s463	rush to/go after at once	<a> and <delhpah> written as one word: he or they hurried there at once, went straight after someone	
s464	contend/compete/rival	<a> and <dem>, contend, written as one word: the one who contends or competes, as for an office; {adem omlo} is without a rival	
s465	later/afterwards/in the end	after a while, at a later point in what is told, mostly as {aden ciangin} or {aden teh}, later on; this is not the sense always of <den>	
s466	later/afterwards/after a while	<aden> and <ciang> written as one word: later on, after some time	
s467	a little later/somewhat later	<aden>, later, and <deuh>, somewhat, written as one word, mostly before <ciangin>: a little later on	
s468	hit/strike	<a> and <dengkha> written as one word: it hit, said of something that falls or flies and strikes a person or a vehicle	
s469	strike dead/crush to death	<a> and <denglum> written as one word: of a heavy thing that falls, it struck someone dead	
s470	be struck by/be hit by/fall on	<a>, <den> and <khak> written as one word, the form of <dengkha> before a noun: the person or thing that something falling or flying has struck	
s471	impact/being struck	<adenkhak> with the noun ending {-na}: the event of something falling on and striking people or things, or the place where it struck	
s472	strike down/crush/that was struck down	<a> and <denlup>, strike down or crush, written as one word: it struck down, and the one that was struck down, said of lightning and of falling things	
s473	be struck down/be crushed	<a>, <denlup> and <khak> written as one word: the one whom a falling thing or lightning happened to strike down	
s474	especially/particularly	<diak>, especially, with the prefix <a> written joined; used in {adiak diakin}, most especially, above all	
s475	especially/in particular/above all	<adiak> and <diak> written as one word, mostly followed by <in>: most especially, above all	
s476	especially/above all/in particular	<a> and <diakdiakin> written as one word: most especially, standing before the person or thing that is singled out	
s477	especially/in particular/specially	<a> and <diakin> written as one word, often at the start of a sentence: especially, above all	
s478	Adiel	name of several men, among them a leader of Simeon, a priest, and the father of Azmaveth, the treasurer of David	
s479	right/just/righteous	<dik>, right, with the prefix <a> written joined: that which is right; {adik nate} are things that are right	
s480	inhale/breathe in	<a> and <dikkha> written as one word: he breathed it in, or before <te> and <mi> those who breathed in smoke or gas	
s481	if it is right/if correct	<a>, <dik> and <leh>, if, written as one word: if it is correct	
s482	wrong/incorrect/not right	<adik>, what is right, and <lo>, not, written as one word: that which is not right, a mistake	
s483	full/filled	<a> and <dim>, full, written as one word: full, that which is full; {adim in} is in full or filling the place, and {adim phitphet} is brimful	
s484	full/in full load	<adim>, full, and <in> written as one word: filling the place or the vehicle, with a full load of what is named before it	
s485	full/fully loaded	<a> and <dimtak> written as one word; {adimtak in} is to the full, with a full load	
s486	Adin	head of a family that returned from exile, and a leader who sealed the covenant with Nehemiah	
s487	Adina	son of Shiza, a chief of the Reubenites and one of the mighty men of David	
s488	for	placed after a noun or pronoun: for the benefit or use of, on behalf of	
s489	to/for	<ading>, for, written with a capital in the quoted altar inscription, to an unknown god	
s490	for/for the sake of	<ading> with the linking ending <a>, for or for the sake of, used before a following verb or noun phrase	
s491	only for/just for	<ading> and <bek> written as one word: for that one only	
s492	for	<ading>, for, with the ending <in>: for the benefit or sake of the one named before it	
s493	also for/even for	<adingin>, for, and <zong>, also, written as one word after a noun: for that one too	
s494	for	<ading>, for, with the plural ending <un>, used when a group is addressed	
s495	be able to stand/be established	<a>, <ding>, stand, and <zo>, be able, written as one word: it manages to stand, to be set up or to hold its place	
s496	set out/depart/get up and leave	<a> and <dinkhiat> written as one word: its setting out, of a plane or ship, or a person getting up to leave	
s497	while standing	<a>, <din> and <laitak> written as one word: at the very time when he or she was standing somewhere	
s498	situation/position/status/standing	<a> and <dinmun> written as one word: his, her, its or their situation, position or standing	
s499	Adithaim	town in the lowland of Judah	
s500	adjust/fit to	bring into line with something else, used after <tawh>	
s501	Adlai	father of Shaphat, who was over the herds of David in the valleys	
s502	Admah	city of the plain near Sodom and Gomorrah, destroyed with them	
s503	Admatha	one of the seven nobles of Persia and Media closest to King Xerxes	
s504	Admin	ancestor of Jesus in the genealogy of Luke, son of Arni and father of Amminadab	
s505	administration/government	the governing of a town, district or country and the office that does it, as in {Tedim Administration zumpi}; after the name of a president, his government	
s506	administrator	an official who runs an office, a district or an organisation	
s507	admission/enrolment	acceptance into a school or university, with <bawl>, <ngah> or <pia>; also the admitting of people into a country	
s508	Adna	name of two men, one who had married a foreign wife in the time of Ezra and a priest of the family of Harim	
s509	Adnah	name of two men, a commander of Manasseh who joined David at Ziklag and a commander of Judah under Jehoshaphat	
s510	fight/attack/who fights	<a> and <do> written as one word: he or they fight, the one who fights against; {gal ado} is wage war	
s511	keep fighting/keep opposing	<ado>, he or they fight, with <do> said again, written as one word: goes on fighting or opposing, the ones who keep fighting; {gal adodo} is keep waging war	
s512	Adonijah	Adonijah, the son of David whom Joab supported, as spelled in 1 Kings 2.28	
s513	pay attention/care for/attend to	<a> and <don> written as one word: he heeds or attends to, the one who heeds; {adon lo} is who disregards	
s514	ask/inquire	<a> and <dong> written as one word: he or she asks, or the one who asks	
s515	Adoni-Bezek	Canaanite king of Bezek, defeated and captured by the men of Judah	
s516	Adonijah	name of several men, among them the fourth son of David, born to Haggith, who tried to make himself king	
s517	Adonikam	head of a family that returned from the exile in Babylon	
s518	Adoniram	son of Abda, the official in charge of forced labour under David and Solomon	
s519	Adoni-Zedek	king of Jerusalem who led five Amorite kings against Gibeon and was defeated by Joshua	
s520	Adoniram/Adoram	the official in charge of forced labour, stoned to death when King Rehoboam sent him to Israel, Adoniram in the NIV	
s521	Adoraim	town in Judah fortified by Rehoboam, Adoraim in the NIV	
s522	Adoraim	town in Judah fortified by Rehoboam	
s523	Adoniram	Adoniram, the official of Solomon in charge of forced labour, as spelled in 1 Kings 5.14	
s524	ask/he asked	<a> and <dot> written as one word: he or she asks, used before <leh>, <hangin> and <ciangin>	
s525	when he asked/when she asked	<adot> and <leh> written as one word: when he or she asked, followed by the answer	
s526	Adramyttium	seaport in the Roman province of Asia, home port of the ship on which Paul began his voyage to Rome	
s527	Adrammelek	name of a god of Sepharvaim to whom children were burned, and of a son of Sennacherib who killed his father	
s528	Adriel	son of Barzillai of Meholah, to whom Merab the daughter of Saul was given as wife	
s529	and so on/et cetera	written abbreviation that closes a list of examples: and the others, and so on; probably short for <a dangte>, the others	
s530	etc.	written abbreviation of <a dangte>, and the others, et cetera	
s531	like/crave/want	<a> and <duh> written as one word: he or she likes or craves it, what one craves, or with <te> those who like it; <duh> here is to want or be fond of, mostly of food	
s532	if he wants/if he craves	<aduh>, he wants or craves it, and <leh>, if, written as one word: if he or she wants it	
s533	not like/not want	<a> and <duhlo> written as one word: he or she does not like or want it; with <te>, those who do not like it	
s534	Adullamite	of Adullam, used with <mi> for a person from that town, as Hirah the friend of Judah	
s535	Adullam	town in the lowland of Judah, near the cave where David hid from Saul	
s536	blue/the blue one	<a> and <dum>, blue, written as one word: what is blue, the blue colour; also said of violet	
s537	Adummim	pass on the border between Judah and Benjamin, on the way up from Jericho	
s538	advanced/ahead	further on in knowledge or development; {advance zaw} is more advanced	
s539	advertise/advertisement	make goods known to the public in order to sell them, also the notice itself	
s540	advertisement/advertising	a public notice that makes goods or a company known, in Zolai also called {kyawngia} from Burmese	
s541	advice/counsel	guidance given by someone who knows the matter, mostly of legal, medical or official advice; said with <pia>, give	
s542	adviser/advisor	a person who gives advice, as a post in a government or an organisation	
s543	advisers/advisors	the English plural used in Zolai for the people who advise a leader or the committee of an organisation	
s544	advocate/lawyer	a lawyer admitted to plead in court, also used as a title before a name; also someone who speaks up for a cause	
s545	Aedes	the kind of mosquito that carries dengue and the Zika virus, written with <thokang> or <tho> after it	
s547	Aphek	name of several towns, among them one in the territory of Asher and one where Ben-Hadad gathered to fight Israel	
s548	Aphekah	town in the hill country of Judah	
s549	Afghan	of Afghanistan or its people; {Afghan mi} is an Afghan	
s550	Afghanistan	country in Central Asia	
s551	Aphiah	man of Benjamin, ancestor of King Saul	
s552	Aphek	town in the territory of Asher whose people were not driven out	
s553	AFPFL/Anti-Fascist People's Freedom League	the party that governed Burma after independence, known in Burmese as Pha-Sa-Pa-La; in 1958 it split into the Clean and the Stable AFPFL	
s554	Africa	the continent of Africa, mostly as {Africa gam}; also in the names of its countries, as South Africa	
s555	African	of Africa or its people, the English word used before a noun or with <te>; {African te} are the Africans	
s556	Ater	Ater, head of a family of temple gatekeepers that returned from exile, as spelled in Ezra 2.42	
s558	Agabus	Christian prophet from Judea who foretold a great famine and the arrest of Paul	
s559	Agag	king of the Amalekites, taken alive by Saul	
s560	its fruit/its result	<a> and <gah> written as one word: the fruit of a plant, or the result of work or conduct; before a verb also it bears fruit	
s561	its fruits/its results/those that bear fruit	<a> and <gahte> written as one word: the fruits or results of it; after the name of a tree also those that bear fruit	
s562	be pregnant/conceive	<a> and <gai> written as one word: she is pregnant, and her being pregnant; {agai lam} is the fact that she is pregnant	
s563	heavily pregnant/far gone in pregnancy	said of a woman far on in pregnancy, mostly as {nupi agaikhah mahmah}, a heavily pregnant woman; <agai>, she is pregnant, with a second part that is not explained	
s564	one who made pregnant	<a> and <gaisak>, make pregnant, written as one word before a noun: the man who made her pregnant	
s565	across/at a distance/from afar	<a> and <gal>, the far side, written as one word: the other side, a place some way off; {agal panin} is from across or from a distance, and {agal et} is look on from afar	
s566	his soldiers/their troops	<a> and <galkap> written as one word: his soldiers, their army	
s567	shoot at/fire at	in reports of shootings, after <thautawh>, with a gun: shoot at someone, apparently <agal>, from a distance, with <kap>, shoot	
s568	his soldiers/its troops	<a> and <galkapte> written as one word: his or their soldiers	
s569	the other side/the opposite side/a distance	<a> and <galkhat> written as one word: the side across from a place, or a place some way off, as in {agalkhat panin}, from across the way	
s570	opposite side/across from	<a> and <gallam> written as one word: the side across from a place; after a place name with <ah>, across from it	
s571	see from afar/onlooker	<a> and <galmuh> written as one word: he sees from a distance, or the one who saw from a distance	
s572	from a distance/from afar	<agal>, at a distance, and <pan>, from, written as one word: from some way off	
s573	enemies/his enemies/their enemies	<a> and <galte> written as one word: his, her or their enemies	
s574	his country/their country/its country	<a>, his, her, its, and <gam>, country, written as one word: the country of the one spoken of; {agam uh} is their country	
s575	to his country/to her country/home	<a>, his or her, and <gamah> written as one word: to his or her own country, as in {agamah aciah}, return home, and {agamah kipuakkik}, be sent back, deported	
s576	the whole country/its whole country	<a> and <gambup> written as one word: the country as a whole	
s577	each one's own country	<agam> and <ciat> written as one word: the country of each of them, their respective countries	
s578	in each country/in the various countries	<a> and <gamgam> written as one word, with <ah> or <pan>: in or from each of the countries, every land	
s579	far/distant/far away/remote	<a> and <gamla> written as one word: far, the far one, a far place; {agamla pan} is from afar	
s580	distance/distance away	<a> with <gamlatna>, distance, written as one word and with k: after a measure and before <ah>, at that distance away from a place	
s581	not far/near	<agamla> and <lo> written as one word: not far; after a place with <panin>, not far from that place	
s582	far away/afar/long-distance	<a> and <gamlapi> written as one word: a far place, far away; {agamlapi panin} is from far away, and before a noun it is long-distance	
s583	distance/at a distance of	<a> and <gamlatna>, distance, written as one word, after a measure and mostly before <ah>: at that distance, that far away	
s584	noise/commotion/noisy	<a> and <gamlum> written as one word: noise, a disturbance, or the noisy one	
s585	its citizens/their citizens	<a> and <gammi> written as one word: the citizens of that country, its own people	
s586	from his country/from its country/out of the country	<a>, <gam> and <pan> written as one word: out of his, her or its own country, mostly of someone expelled or fleeing	
s587	its country/their country/own territory	<a>, his, its or their, and <gamsung>, inside the country, written as one word: the inside of the country of the one just named; {agamsung ah} is in its own country	
s588	in its own country/into its country	<a> and <gamsungah> written as one word: in or into the country of the one spoken of	
s589	act/behave	<a> and <gamta> written as one word: he acts or behaves, or the one who acts so, as {hihbang in agamta te}, those who act in this way	
s590	moving/active	<a> and <gamtang>, move, written as one word: one that moves; of a group, one that is active or operates in a place	
s591	perpetrator/culprit	<a> and <gamtapa> written as one word: the man who did it, the one who committed the act spoken of	
s592	act/behave	<a> and <gamtat> written as one word: his or their acting, what he did; {hihbang in agamtat pen} is that he acted in this way	
s593	have acted/have behaved	<agamta>, he acts, and <ta>, which marks the action as already done, written as one word: he has been acting so, or with <te> or <teng> those who have acted so	
s594	not act/not behave	<a>, <gamtat> and <loh> written as one word: that he does not act or behave so, mostly before <nadingin>, so that he does not	
s595	before he acts/before they acted	<a>, <gamtat> and <ma>, before, written as one word and followed by <in>: before he or they act or carry something out	
s596	his conduct/his behaviour/his action	<a> and <gamtatna> written as one word: his, her or their conduct, the way someone acted	
s597	plot/attempt/plan	<a>, <gamtatsawm>, intend to commit, and the noun ending <na> written as one word: what he or they planned or attempted to do, mostly a violent deed	
s598	his conduct/her behaviour/their way of acting	<a> and <gamtatzia> written as one word: his, her or their conduct, the way someone acted	
s599	its neighbouring country/their neighbour	<a>, its or their, and <gamveng>, neighbouring country, written as one word	
s600	agate	English loanword for a precious stone, used with <suang>, stone, or <suangmanpha>, precious stone	
s601	slaughter/kill	<a> and <gawh> written as one word: he slaughters an animal, or the one that is slaughtered	
s602	grind/crush/chew	<a> and <gawi> written as one word: grind or chew between the teeth, and of a train, crush or run over	
s603	run over/crush	<a> and <gawikha> written as one word: of a vehicle, it ran over someone by accident	
s604	his neck/his throat	<a> and <gawl> written as one word: his, her or its neck or throat	
s605	his throat/her throat	<a> and <gawlgui> written as one word: his or her throat	
s606	by the neck/by the throat	<agawl>, his or her neck, and <pan>, from, written as one word: by the neck, at the throat, of seizing or strangling	
s607	in total/altogether/combined	<a> and <gawm>, add together, written as one word: added together, placed before the sum; {avekpi agawm} is all in all	
s608	mistreat/treat harshly/abuse	<a> and <gawtbawl> written as one word: he mistreats, or the one who mistreats	
s609	Agee	a Hararite, father of Shammah, one of the mighty men of David	
s610	plan/devise	<a> and <geel> written as one word: he plans, they planned, the one who plans	
s611	plan ahead/plan in advance	<a> and <geelkhol> written as one word: he plans ahead, the one or ones that plan ahead	
s612	his plan/the plan	<a> and <geelna> written as one word: his, her or their plan, what was planned	
s613	planned/have planned	<a> and <geelsa>, planned, written as one word: he or they had planned, or what has been planned	
s614	beside/nearby/its side/side	<a> and <gei> written as one word: the side of it or of him; {agei ah} is beside it, nearby, and {agei aom mite} are the people nearby	
s615	right beside it/just next to it	<a> and <geilian> written as one word, mostly with <ah>: at the spot directly beside the thing named before	
s616	normal/usual	the usual state of things, what is normal: {ageina hileh} is normally, {ageina sangin} than normal, {ageina mahbang in} as usual; probably a spelling of {a ngeina}, with <ngeina>, custom	
s617	nearby/near it/close by	<a> and <geinai> written as one word: the place close to the person or thing spoken of; {ageinai aom} is that is nearby, and {ageinai panin} is from close by	
s618	whole vicinity/all around it	<a> and <geinaiteng> written as one word: the whole area close around the place just named	
s619	from beside/from nearby	<a>, <gei>, side, and <pan>, from, written as one word: from beside it, from close by, said of people who stand near and watch or act	
s620	its surroundings/area around it/vicinity	<a> and <geiteng> written as one word: the area around the place or thing just named, mostly before <ah>	
s622	write/written by	<a> and <gelh> written as one word: the one who wrote; placed before a name it means written by	
s623	write out/post/publish	<a>, <gelh> and <khia> written as one word: he writes out or makes public in writing; also the one who wrote it	
s624	wrote/posted/wrote out	<a> and <gelhkhiat> written as one word: he or she wrote it out, or what someone wrote, said of posts on social media	
s625	post/written statement	<a>, <gelhkhiat> and the noun suffix <na> written as one word: what he or she wrote, a post or written statement; {Facebook tungah agelhkhiatna ah} is in what he wrote on Facebook	
s626	what he wrote/writing	<a> and <gelhna>, writing, written as one word: what he or she wrote; {agelhna ah} introduces the words that someone wrote	
s627	have written/get inscribed	<a> and <gelhsak>, have something written, as one word: he or she had it written; in the articles of a tattoo that someone had put on the skin	
s628	say/tell	<a> and <gen> written as one word: he or she says, what he or she says	
s629	further statement/what he added	<a>, his, <genbeh>, say in addition, and the noun suffix <na> written as one word; <agenbehna ah> introduces what a speaker went on to say	
s630	added that/went on to say/further said	<agenbehna>, what he added, and <ah>, in: a formula of news reports, placed after the speaker with <in> and before the reported statement, the speaker said further	
s631	when he says/when they tell	<agen> and <ciang> written as one word: at the time someone says or tells something	
s632	agenda/programme	the list of matters to be dealt with at a meeting, or the plan of what someone intends to do	
s633	keep saying/go on talking about	<a> and <gengen>, say again and again, written as one word: keep on saying; {athu in agengen} is merely to talk about a thing, as against doing it	
s634	those who keep saying/those who talk of	<a> and <gengente> written as one word: the people who keep saying something	
s635	state/announce/declare	<a> and <genkhia> written as one word: he stated, the one who stated or announced it	
s636	state/say/declare	<a> and <genkhiat> written as one word: that he or she stated, what he or she said publicly	
s637	statement/what was said	<a> and <genkhiatna> written as one word: his or her statement; {agenkhiatna ah} after the name of a speaker and <in> introduces reported speech, in what that person stated	
s638	have stated/have announced	<agen>, he says, and <khiatsa>, out and already done, written as one word: what he or she has already stated or announced	
s639	way of stating/how one puts it	<a>, <genkhiat> and <zia> written as one word: the way he or she states or presents something	
s640	have said/finish telling	<a> and <genkhit>, finish saying, written as one word; mostly {agenkhit ciangin}, after he or she had said it	
s641	foretell/say beforehand/forecast	<a> and <genkholh> written as one word: what someone has said beforehand, or he has said it in advance	
s642	while saying/as he was speaking	<agen>, he or she says, and <laitak>, at the very time, written as one word: just while he or she was saying it	
s643	what he said/his statement	<a> and <genna> written as one word: what he or she said; in news reports {agenna ah} introduces the words of the person quoted	
s644	want to say/mean	<a> and <gennop> written as one word: what he or she wants to say, what is meant	
s645	meaning/what is meant	<a> and <gennopna> written as one word: what it means, what he or she wants to say	
s646	want to say/mean	<a> and <gennuam> written as one word: the one who wants to say, what is meant	
s647	the speaker	<a> and <genpa>, the one who speaks, written as one word: the person whose words are being reported	
s648	said/what was said	<a> and <gensa> written as one word: what he or she has said, the thing already said; {agensa mahbangin} is just as was said	
s649	speak ill of/insult/slander	<a> and <gensia> written as one word: who speaks ill of someone	
s650	slanderer/one who insulted	<a> and <gensiapa> written as one word: the man who spoke ill of someone	
s651	slander/speak evil of/criticise	<a> and <gensiat> written as one word: he or they spoke ill of someone; before a noun, the one who is spoken ill of	
s652	agent/broker	a person who arranges work, travel or documents for others for payment; also an officer of a secret or police service, as in FBI Agent	
s653	speakers/those who say	<a> and <gente> written as one word: the ones who say or tell something, set against {aza te}, the ones who hear	
s654	can tell/be able to say	<a> and <genthei.2> written as one word: one who can tell or explain	
s655	distressed/poor/miserable	<a> and <genthei.1> written as one word: the one who is poor or in distress, paired with <acimawh>	
s657	agents/recruitment agents	English agent with the plural <te>: the agents or brokers who arrange work and travel abroad	
s658	stay overnight/lodge/board	<a> and <giak> written as one word: he or they spend the night, or the ones who lodge or board in a place	
s659	its pattern/its stripes/its markings	<a> and <gial.3> written as one word: the stripes or pattern of a cloth or uniform; {agial hong kilangkhia} is one shows one's true colours	
s660	its weight/his weight	<a> and <gihna> written as one word: his, her or its weight	
s661	weight	<gik>, heavy, with the prefix <a> written joined: heaviness, weight; <agik tehna> is the measuring of weight	
s662	heavy/weighing	<a> with <gik> written as one word and used as a describing word, that is heavy; after an amount such as {15kg} it means weighing that much, and {agik penpen} is the heaviest	
s663	measure of weight	<agik>, weight, with <tehna>, measuring: the measuring of weight, the heading of the table of ticals and viss	
s664	its weight/his weight	<a> and <gikna> written as one word: how much a person or thing weighs	
s665	heaviest woman	<agik>, heavy, <pen>, most, and <nu>, woman, written as one word: the woman who is the heaviest	
s666	heaviest	<agik> and <penpen> written as one word: the heaviest of all	
s667	his belly/her stomach/abdomen	<a> and <gil> written as one word: his, her or its belly, stomach or womb	
s668		<a> and <gilkha> written as one word: that part of the entrails of the slaughtered animal	
s669	be hungry	<a> and <gilkial> written as one word: he or she is hungry	
s670	have a stomach ache/have labour pains	<a> and <gilna> written as one word: his or her belly hurts; in the articles often of a woman whose labour pains begin	
s671	wicked/cruel/bad	<a> and <gilo> written as one word: one that is wicked or cruel, the bad one	
s672	his stomach/her stomach/its belly	<a> and <gilpi> written as one word: his, her or its stomach or belly	
s673	inside of the belly/abdomen	<agilpi>, his or her belly, and <sung>, inside, written as one word: the inside of the belly, the abdomen	
s674	belly/stomach/womb	<a> and <gilsung> written as one word: his or her belly, the inside of the stomach or of the womb	
s675	in his belly/in her womb/in the stomach	<agilsung> and <ah> written as one word: inside the belly or womb of the one spoken of	
s676	intestines/entrails/bowels	<a> and <gilzang> written as one word: his, her or its intestines, the organs inside the belly	
s677	inside the intestines	<agilzang> and <sung> written as one word: the inside of his or her intestines or bowels	
s678	tired/weary/toiling	<a> and <gim>, be tired, written as one word: the one who is tired or who toils, mostly paired as <agim atawl>, those who labour and grow weary; of an injured person, the one badly off	
s679	smell/odour	<a> with the first part of <gimnam>, smell: its smell	
s680	those who toil/all who laboured	<agim>, the tired one, and <atawl>, the weary one: a fixed pair for those who have worked hard for a cause, used in thanks and blessings, often after <asem> or {asem abawl} and before <khempeuh>	
s681	its smell/odour	{a gimna} written as one word: the smell of a thing; the stem means smell here, as in <gimnam>, not the suffering of <gimna>	
s682	its smell/smell/odour	<a> with <gimnam>, smell, written as one word: the smell of the thing spoken of	
s683	foul-smelling/stinking/bad smell	<agimnam>, its smell, and <sia>, bad, written as one word: its smell is bad, or the bad smell of it	
s684	seriously hurt/in serious condition	<agim>, the one badly off, and <sia>, bad, written as one word in reports of injured people: one who is in a serious state; {agimsia omlo} is none is seriously hurt; in one article it is bad smell instead	
s685	its sound/the sound	<a> and <gin> written as one word: the sound of it, as in {agin ngaih}, its sound is loud; also as a verb, it sounds	
s686	proper/decent/good	<a> and <gina> written as one word: the proper or decent one; {agina in} with a negative is not properly	
s687	bad/worthless/poor/improper	<a> and <ginalo> written as one word: that which is no good, of poor quality or indecent	
s688	its sound/the sound/noise/sound	<a> and <ging> written as one word: the sound of something, placed after what sounds, as in {thau aging}, the sound of a gun; also as a verb, it sounds	
s689	bang/thud/loud noise	<a> with <ging>, sound, and <dam>, here a word for the sound of a heavy blow, written as one word: the bang or thud heard when something falls to the ground or explodes	
s690	the sound/the noise	<aging>, the sound of it, and the topic marker <pen> written as one word: as for the sound of it	
s691	loud/very loud	<a> and <ginngaih> written as one word: loud, of an explosion or other noise	
s692	wicked/vicious/cruel	<a> and <gitloh> written as one word: wicked, the wicked one; in news mostly of violent or abusive conduct, {agitloh gamtatna}	
s693	slaughter/kill an animal	<a> and <go> written as one word: the one who slaughters an animal, or he slaughtered it	
s694	big/large	<a> and <gol>, big, written as one word: big, the big one, its size; {agol aneu} is big and small	
s695	when grown up/when older	<a>, <gol>, grow up, and <ciang>, when, written as one word: when he, she or they have grown up, said of children	
s696	its size/size	<a> and <golna> written as one word: its size, how big it is	
s697	the biggest/the largest/the eldest	<a> and <golpen>, written as one word: the biggest one; of children, the eldest, as in {atanu agolpen}, his eldest daughter	
s698	the very biggest/the very largest/the very eldest	<agol> and <penpen> written as one word: the biggest of all; of children, the eldest of all	
s699	large/big	<a> and <golpi> written as one word: the large one, a large one, placed after the noun	
s700	bigger/larger	<a> and <golzaw> written as one word: the bigger one, that which is larger	
s701	Agong/King of Malaysia	short for Yang di-Pertuan Agong, the Malay title of the king of Malaysia	
s702	Agrippa	King Herod Agrippa II, before whom Paul made his defence at Caesarea	
s703	stole/who stole	<a> and <gu> written as one word: he stole, or the one who stole the thing named before it	
s704	venom/poison	<a> and <gu> written as one word: its venom, the poison of a snake or other creature	
s705	wrinkled/sagging/withered	<a> written together with a describing word, said of skin that has become loose and wrinkled and of a person withered with age, as in {ateek aguai}; not the senses of <guai>, hire or the word of address	
s706	naked/unclothed	<a> and <guakin> written as one word: with nothing on, naked, as in {aguakin tu}, sit naked	
s707	naked	<a> and <guaktang> written as one word: naked, without clothes; {aguaktang in} is in a naked state	
s708	naked/in the nude	<aguaktang> and <in> written as one word: in a naked state, without clothes; {aguaktangin om} is be naked	
s709	nude picture/naked photo	<aguaktang>, naked, and <lim>, image, written as one word: a picture of a person without clothes	
s710	his companions/his peers	<a> and <gual> written as one word; mostly in the pair {a lawm agual}, his friends and companions	
s711	the defeated/loser	<a> and <guallel> written as one word: the one who is defeated, the losing side; the opposite of <agualzo>	
s712	his companions/her friends/their peers	<a> and <gualte> written as one word, mostly in {alawm agualte}, his or her friends and companions	
s713	win/be victorious	<a> and <gualzawh> written as one word: he wins, they win, the winning	
s714	his victory/her victory/their victory	<a> and <gualzawhna>, victory, written as one word: the victory of the one spoken of	
s715	victorious/winning/successful	<a> and <gualzo>, win, written as one word: the one that wins or succeeds, a winner; {agualzo nuntakna} is a victorious life	
s716	winning party/ruling party/party in power	<agualzo>, the one that wins, and <party>: the party that has won an election and so holds power, the ruling party; with <te> for several parties or their members	
s717	winners/the victorious	<a> and <gualzote> written as one word: those who win	
s718	valley/the valleys	<a> and <guam> written as one word, found in the pair {amual aguam}, the hills and the valleys, all over the land	
s719	give/assign/provide	<a> and <guan> written as one word: who gives or assigns; <nasep aguan> is the one who gives work, the employer	
s720	give/assign/impart	<a> and <guat> written as one word: put a task, a job or knowledge upon someone; {nasep aguat} is give someone a job	
s721	his bone/her bone/its bone	<a>, his, her or its, and <guh> written as one word: his or her bone or bones	
s722	its vine/its root/its line	<a> and <gui> written as one word: the vine, runner or root of a plant, and in the pair {aphung agui} the family line of a person	
s723	steal/do secretly	<a> with <guk>, here the form of <gu>, steal, written as one word: he or she steals; before another verb it means secretly, by stealth, as in {aguk lut}, enter secretly	
s724	steal/stole/who stole	<a> and <gukhia> written as one word: he or they stole and took away, or the one who stole the thing named before it	
s725	steal/stolen/steal away	<a> and <gukkhiat> written as one word: he or they stole it and took it away, or that which was stolen	
s726	when he stole/if he steals	<aguk>, he steals, and <leh>, when or if, written as one word	
s727	enter secretly/enter illegally/sneak in	<aguk>, secretly, with <lut>, enter, written as one word: enter a place or a country by stealth, without permission; {aguklut te} are those who have entered illegally	
s728	steal from/rob	<a> and <guksak> written as one word: he steals what belongs to someone, the one who stole it	
s729	try to steal/attempt to steal	<a>, the stem form of <gu>, steal, and <sawm>, intend, written as one word: he tried to steal it, the one who tried to steal; of a person, try to abduct	
s730	tend/feed	given by the book beside <avulh> as another form of the same word, with <a> written on: feed and tend the animals	
s731	his pet snake	<a>, <gul> and <khawisa> written as one word: the snake that he keeps	
s732	Mount Agung/Agung	a volcano on the island of Bali in Indonesia, written Mount Agung in the articles	
s733	Agur	son of Jakeh, whose sayings are in Proverbs 30	
s734	at/in	postpositional marker indicating place or time	
s735	ah	exclamation of sudden feeling; the book lists it among the interjections	
s736	Ah Teing		
s737	his teeth/tooth	<a>, his or her, and <ha>, tooth, written as one word: his, her or its teeth; {aha tang 7} is seven of his teeth	
s738	old/the old	<a> and <haam>, a long spelling of <ham>, old, written as one word: the old, in the pair {a moi ahaam}, young and old	
s739	Ahab	king of Israel, son of Omri and husband of Jezebel	
s740	be open/open	<a> and <hah>, of the eyes be open, written as one word: {amit ahah} is his eyes are open	
s741	strive/be devoted to/be keen on	<a> and <hahkat> written as one word: he works hard at it, or the one who is devoted to something	
s742	foolish/senseless/crazy	<a> and <hai> written as one word: foolish or mad, or one who is so; {ahai gamtat} is senseless behaviour	
s743	cup	<a> and <hai> written as one word: the cup, its cup	
s744	reckless person/one who behaves madly	<a> and <haigamtat> written as one word: one who behaves in a senseless or mad way, or such behaviour	
s745	absurd/silly/senseless	<a> and <haivai> written as one word: foolish or absurd, or a thing that is so	
s746	hard/difficult	<a> and <haksa> written as one word: that is hard, or the hard one	
s747	the hardest thing/great difficulty	<a> and <haksapi> written as one word: what is very hard, the most difficult part; {ahaksapi pen} is the hardest thing of all	
s748	hard/difficult/troubled	<a> and <haksat>, hardship, written as one word: that is hard, as in {ahaksat hun}, a time of hardship; with <na> after it, hardship	
s749	burn/set on fire	<a> and <hal> written as one word: he or they burn it, set it on fire	
s750	burn up/burn down/destroy by fire	<a> and <haltum> written as one word: he or they burned it up completely	
s751	coarse/rough/harsh	{a ham} written as one word: that which is coarse, stiff or harsh, as hard bristles or rough hair; the dictionary data glosses it coarse and shaggy	
s752	roughly/broadly/in general	<a> and <hampi>, coarse, written as one word, often with <in>: in rough outline, without going into detail	
s753	difficult/hard	<a> with <hamsa>, difficult, the same as <haksa>, written as one word: one that is hard to do or to bear; {ahamsa mahmah} is a very difficult one	
s754	strive/try hard/make an effort	<a> and <hanciam> written as one word: he or she strives, the one who strives	
s755	his effort/her effort/their effort	<a>, his, her or their, and <hanciamna>, effort, written as one word: the hard work and striving of the person spoken about	
s756	reason/cause	<hang>, reason, with the prefix <a> written joined: its reason, the reason for it; {ahang kan} is to ask the reason why	
s757	because/the reason is	<ahang>, its reason, with <in>, written as one word at the head of a sentence: the reason is that, this is because	
s758	the reason/the cause	<ahang>, its reason, and the topic marker <pen> written as one word: the reason for it is, as for the cause	
s759	main reason/chief cause	<ahang>, its reason, with <pi>, chief, written as one word: the main reason for a thing	
s760	brave/bold/courageous	<a> and <hangsan> written as one word: brave, the brave one	
s761	the cause also/its reason too	<ahang>, its cause, and <zong>, also, written as one word: the cause of it as well, said of a fire or an accident	
s762	coffin	<a> and <hankuang> written as one word: his or her coffin	
s763	Aharah	third son of Benjamin	
s764	Aharhel	son of Harum, ancestor of clans of the tribe of Judah	
s765	Ahasbai	father of Eliphelet, one of the mighty men of David	
s766	Xerxes/Ahasuerus	king of Persia in the book of Esther, and the father of Darius the Mede in Daniel; the NIV writes Xerxes, older English Bibles Ahasuerus	
s767	Xerxes/Ahasuerus	king of Persia in the book of Esther, and the father of Darius the Mede in Daniel	
s768	strong/fast/powerful	<a> and <hat>, strong, written as one word: the strong one, that is strong; of speed, a vehicle or a horse it means fast or powerful	
s769	weak/not strong	<a> and <hatlo> written as one word: that is not strong, weak	
s770	be too strong/be too fast	<ahat> and <luat> written as one word: when it is too strong or too fast, said of wind and of a train	
s771	its strength/its speed/its force	<a> and <hatna> written as one word: the strength, force or speed of something, as of a wind, an earthquake or a vehicle	
s772	strongest/most powerful	<a> and <hatpen>, strongest, written as one word: the strongest one, that is the strongest	
s773	accelerator/gas pedal	<a> and <hatsakna> written as one word: the thing that makes it go fast, said of the accelerator pedal of a car and followed by the English word Accelerator	
s774	fast/speeding/fast-moving	<ahat> and <tai> written as one word, of a vehicle: that runs fast, going at high speed	
s775	rich	<hau>, rich, with the prefix <a> written joined: the rich; {ahau azawng} is rich and poor alike	
s776	be rich/become rich	<a> and <hauh> written as one word: he is or becomes rich, his being rich; {ahauh nading} is so that he may become rich	
s777	his wealth/its riches/their wealth	<a> and <hauhna>, wealth, written as one word: his, her, its or their wealth, how rich someone is	
s778	richest/wealthiest	<a> and <haupen>, richest, written as one word: the richest one	
s779	the rich/rich people	<a> and <haute> written as one word: those who are rich; after a noun, those who have much of it	
s780	richer/wealthier/have more	<a> and <hauzaw> written as one word: richer, the one who is richer; after <sangin> richer than	
s781	Ahava	place in Babylonia and the canal named after it, where Ezra gathered the exiles before the journey to Jerusalem	
s782	visit/go to see	<a> and <hawh> written as one word: he or she visits, the one who visits; {ahawh laitak} is while visiting	
s783	to visit/will visit	<a>, <hawh> and <ding> written as one word: that he or she will visit, most often with <in>, in order to visit a place or a person	
s784	be visiting/visit briefly	<a> with <hawh> and <pak> written as one word: he or she is there on a short visit, the one who is visiting for a while and does not live there	
s785	during the visit/while visiting	<a>, <hawh> and <sung> written as one word: during the time that someone is visiting a place	
s786	good/be good	<a> with <hawih>, another spelling of <hoih>, good, written as one word: it is good, the good one; {ahawih leh asia} is the good and the bad	
s787	drive	<a> and <hawl>, drive, written as one word: he drives, the one who drives, the vehicle that someone drives	
s788	who is to drive/who will drive	<a> and <hawlding> written as one word: the one who is to drive a vehicle or fly an aircraft	
s789	drive recklessly/drive wildly	<a> and <hawlgawp> written as one word: he drove fast and without care	
s790	while driving	<ahawl> and <kawm>, while, written as one word: while he or she is driving, usually followed by <in>	
s791	drive out/drive away/drive off	<a> and <hawlkhia> written as one word: he drives someone out or expels him; also of a vehicle, he drives it away	
s792	expel/drive out/drive away	<a> and <hawlkhiat>, drive out, written as one word: that he or they drive out or expel; also of driving a vehicle away	
s793	while driving	<ahawl> and <laitak> written as one word: at the very time when he or she was driving	
s794	steering/driver's place	<a> and <hawlna> written as one word: the part from which a vehicle is driven, its steering, handlebars or driver's cab	
s795	his driving	<a> and <hawlna> written as one word: the fact or manner of someone driving	
s796	the woman driver/its driver	<a> and <hawlnu> written as one word: the woman who was driving it	
s797	the driver/its driver/pilot	<a> and <hawlpa> written as one word: the man who drives the vehicle or flies the aircraft just named	
s798	driver/the one driving	<a>, <hawl>, drive, and <pen> written as one word: the one who was driving the vehicle, as the topic of the sentence	
s799	driving force/main driver/leading power	<ahawl>, the one that drives, with the ending {-pi}, great: the chief force or party that moves a matter forward	
s800	driver/drivers/the one driving	<a> and <hawlte> written as one word: the one or ones who drive the vehicle; said also of a single driver, as in {mawtaw ahawlte tutna}, the driver's seat	
s801	distribute/share out/hand out	<a> and <hawm>, divide, written as one word: he or it distributes, shares out	
s802	empty/hollow	<a> and <hawm>, empty, written as one word: empty, with nothing or nobody inside, or the empty one	
s803	to distribute/will hand out	<ahawm>, distribute, and <ding> written as one word: that he will hand out, in order to distribute money, aid or papers	
s804	distribute/give out	<a> and <hawmkhia> written as one word: he or they distribute something, or the one who distributes it	
s805	distribute/give out/release	<a> and <hawmkhiat> written as one word: he or they distribute or hand out something; also of a supplier of goods and of an artist who releases an album	
s806	shell/husk/peel/casing	<a> and <hawng> written as one word: the outer covering of something, as the peel of a fruit, a husk, or the casing of a bullet	
s807	Ahaz	king of Judah, son of Jotham and father of Hezekiah	
s808	Ahaziah	name of two kings, the son of Ahab who ruled Israel and the son of Jehoram who ruled Judah	
s809	Ahaziahte/Ahaziah	<Ahaziah> with the plural ending <te>, Ahaziah and the kings named with him	
s810	Ahban	son of Abishur and Abihail, of the tribe of Judah	
s811	as for in/in	<ah>, in or at, with the particle <bel>, written as one word: marks a place or matter that is set against others, as for in; {Zogam ahbel} is in Zogam, for its part	
s812	be angry/get angry	<a> and <heh> written as one word: he, she or they are angry, or the one who is angry; {aheh suak} is become furious	
s813	his anger/their anger	<a> and <hehna>, anger, written as one word: his, her or, with <uh>, their anger	
s814	pity/have mercy on	<a> and <hehpih> written as one word: he pities, or the one who pities; {ahehpih huai} is pitiable	
s815	pitiable/pitiful/poor	<a> and <hehpihhuai>, pitiable, written as one word: who is to be pitied; {ahehpihhuai mahmah} is very pitiable	
s816	get angry/become enraged	<a> and <hehsuak> written as one word: he or she became angry, or the one who became angry	
s817	be enraged/be very angry	<ahehsuak> and <lua> written as one word: he or she became very angry, too angry	
s818	mix in/add	<a> and <hel>, mix, written as one word: he or they mix something in, what is mixed in, the one who mixes	
s819	maimed/deformed	<hem>, deformed, with the prefix <a> written joined: one that is maimed; said of an animal unfit for offering	
s820	remove/take away/withdraw	<a> and <hepkhiat> written as one word: he removes, they took away, what was removed	
s822		word indicating nominative case	
s823	is/be so	<a> with <hi>: it is, it is so, the affirmative that <ahilo> denies; <ahi laigual> is a positive sentence	
s824	Ahi	son of Abdiel, head of a family of the tribe of Gad	
s825	is/be	<ahi>, is, written in capital letters in an inscription or a name that is set in capitals	
s826	positive sentence/affirmative sentence	a sentence that states that something is so and contains none of the negative words <lo>, <kei> or <keng>	
s827	negative sentence	a sentence that states that something is not so and contains one of the negative words <lo>, <kei> or <keng>	
s828		sentence final denoting interrogation or exclamation	
s829	Ahiah	one of the leaders who sealed the covenant in the time of Nehemiah	
s830		sentence final denoting interrogation or exclamation	
s831	Ahiam	son of Sharar the Hararite, one of the mighty men of David	
s832	his weapon/their weapons	<a> and <hiamtawi> written as one word: the weapon that someone carries	
s833	Ahian	son of Shemida, of the tribe of Manasseh	
s834	its branch/its branches	<a>, its, and <hiang>, branch, written as one word: the branches of a tree, and also the branches of an organisation	
s835	as it is/like this/in this way	<a> and <hici>, like this, written as one word: in the same way as before, as it stands	
s836	to some extent/to a certain degree	<ahi> and <ciangkhat> written as one word: up to a certain point, to some extent	
s837	is it/could it be	<ahi>, it is, and the question word <diam> written as one word: closes a question or a doubt, is it so, could it be that	
s838	ought to be/will be/be likely	<a>, <hi> and <ding> written as one word: what is to be or ought to be; {ahiding mah} is just as it should be, and {ahiding in ummawh} is suspect that it is	
s839	Ahiezer	son of Ammishaddai, leader of the tribe of Dan in the wilderness	
s840	happen/occur	<a> with <hih>, the form of <hi>, be, used before <ciangin>, <leh>, <manin> and <hangin>: it being so, this having happened	
s841	task		
s842	but	<ahih>, being so, with <hangin>, although: although that is so; joins two statements that contrast	
s843	even so/however/still/though		
s844	yet		
s845	nevertheless/nonetheless		
s846	as/since/being	<ahih>, being so, and <mahbangin>, just as: placed after a noun phrase or clause, as befits one who is that, since it is so; {tua ahih mahbangin} at the head of a sentence is accordingly, that being so	
s847	because/since/as	<ahih>, be so, and <manun>, because, the form used when the subject is plural: placed at the end of the clause that gives the reason, because they are or because they do	
s848	whenever it is/as long as it is/when it comes to	<ahih>, being so, and <nakleh>, as long as: placed after a noun or a clause, whenever it is that, provided that it is so	
s849	just as/as much as/while	<ahih>, its being so, and <zahkhat>, to the same degree: followed by <in>, it closes a first clause, just as this is so, and the main clause then states what holds equally or on the other hand	
s850	just as/while/as much as	<ahih>, being so, <zahkhat>, to the same degree, and <in>: placed at the end of a first clause, it sets that statement beside the next one as equally true, just as the one is so, the other is so too	
s853	since/as/because	<ahih> and <ciang> written as one word, a short form of <ahihciangin>: placed at the end of a clause, since that is so	
s854	because/since/so	<ahih> and <cianga> written as one word after a clause: that being so, because of that	
s855	therefore/so	{ahih ciangin} written as one word; {tua ahihciangin} is that being so, therefore	
s856	will be/would be/to be	<ahih>, being so, and <ding>, will, written as one word: that it will be, that it should be, or that it may be; with <kisam> it is required to be, and with <patau> or <lamen> feared or hoped to be	
s859	is/it is	<ahi>, it is, and the sentence-final <hi> written as one word: closes a statement that says what something is	
s860	is it/what is	<ahi> and <hiam> written as one word at the end of a question: is it so, and after <bang> what is it	
s861	or/or else	short form of {ahih kei leh}, if it is not so: or, joining two words or clauses as alternatives	
s862	or/otherwise/if not	<ahih> and <kei>, not, written as one word, nearly always followed by <leh>: if it is not so, or else, or	
s863	or/otherwise/if not	<ahih>, <kei> and <leh> written as one word, if it is not so: between two words it means or, and at the start of a clause otherwise	
s864	happen to be/be the case	<a> with <hih>, the form of <hi>, be, used before a suffix, and <khak>, happen to; {ahihkhak leh} is if it should be so	
s865	that it is/that it was	{a hih lam} written as one word, the fact of being so, mostly before <thei>, <phawk> or <mu>: know, realize or see that it is	
s866	remember that/bear in mind that	<ahihlam>, that it is so, and <phawk>, remember: closes a clause and tells the reader to keep in mind what the clause says; followed by <in>, <ni> or <hen>, often with <gige>, always	
s867	even that it is/also that it was	<ahihlam> and <zong> written as one word, before a verb of knowing or noticing: even the fact that it is so	
s869	if	<ahih>, being so, with <leh>, if: if it is, if he is, after a noun or a clause	
s870		particle comparison between verbs to delineate their relationship	
s871	not be	<hihloh>, not being, with the prefix <a> written as one word; {ahihleh ahihloh} is whether it is so or not, and <ahihloh hangin> is although it is not	
s872	although not/even though not	<ahihloh>, not being, and <hangin>, here although and not because: placed after a noun or a describing word at the end of a clause, although it is not that; the negative of <ahih hangin>	
s873	that it is not/that he is not	<ahihloh>, not be, and <lam>, the fact that, written as one word, mostly before <thei> or <kilang>: the fact that it is not so	
s874	not being	<ahihloh>, not being, with the noun suffix <na>: the fact that something is not so, used where English says that it is not	
s876	before being/before becoming	<ahih>, being, and <ma>, before, written as one word: before someone is or becomes what the word before it names; also written {a hihma}	
s877	since it is/as it really is	<ahih> and <mah> written as one word, followed by <bangin>: just as it is, since it really is so	
s878	as it is/since it is/just as	<ahihmah>, it really is, and <bangin>, like: placed after a noun or a clause, since it is that, in keeping with its being so. What follows is what one would expect from this, and often takes up the same thought with <zong>, also	
s879	because/since	<ahih>, being so, and the first part of <manin> written as one word, with <in> written apart: because it is so; {tua ahihman in} is therefore	
s880	because/since/therefore/as	<ahih> and <manin> written as one word: because it is so; <tua ahihmanin> is therefore	
s882		the fact that something is so; placed after a clause that is the object of a verb of knowing, seeing or showing, where English says that	
s883	positive degree	in grammar, the plain form of a describing word, as <hoih>, good, set beside the comparative with <zaw> and the superlative with <pen>; the book heads the column {Ahihna} and glosses it positive	
s884	it is evident that/it is clear that	<ahihna>, the fact of being so, and <kilang>, appear: closes a clause and states that what the clause says is shown to be true; often followed by <mahmah> and <hi>	
s885	it is seen that/it is evident that	<ahihna>, the fact that it is so, and <kimu>, here be seen and not meet: placed after a clause, it is seen that this is so; mostly {ahihna kimu thei hi}, it can be seen that, closing a conclusion drawn from what was said	
s886	the fact that/that it is so	<ahihna>, its being so, and <thu>, matter: placed after a clause and before a verb of saying or announcing such as <gen> or <pulak>, it turns the clause into what is said, where English says that	
s887	if it is/as for/when it comes to	<ahih>, being so, written together with the first part of <nakleh>, if: {ahihnak leh} is if it is, as long as it is, and after a noun as for, when it comes to	
s888	if it is/as long as it is/provided that it is	<ahih>, being so, and <nakleh>, if indeed, written as one word: if it really is, as long as it is	
s889	even if it is/though it be	<ahih> and <phial> written as one word; followed by <lehzong> it means even if it really is so	
s890	since/as/because	<ahih> it being so and <tawh> with, written as one word after a clause: since it is, with its being so, and for that reason	
s891	those who do/doers	The verb <hih>, do, with the prefix <a> and the plural <te>: the people who do the thing named before it, as in {mawhna ahihte}, those who sin.	
s892	since/because/as it is	<ahih>, it being so, and <teh> written as one word at the end of a clause: since that is so, giving the reason for what follows; {tua ahihteh} is that being so	
s893	be possible/can be done	<a> and <hihtheih> written as one word: what can be done; {ahihtheih leh} is if possible, and {ahihtheih bangin} or {ahihtheih zahin} is as far as possible	
s894	if possible	<ahihtheih> and <leh> written as one word: if it can be done, if possible	
s895	Ahihud	spelling of Ahihud in 1 Chronicles 8.7, a man of the tribe of Benjamin	
s896	Ahihud	name of two men: a leader of the tribe of Asher, son of Shelomi, who helped divide the land, and a man of Benjamin	
s897	as much as it is/to the same degree	<ahih>, its being so, and <zah>, amount, written as one word and followed by <khatin>: in the same measure as something is so	
s898	since being/since becoming	<ahih>, being, and <zawh>, after or since, written as one word: since he became that; in one sentence it is rather <zawh>, be able, with <nading>: so that it can become	
s899	the way it is/the fact that it is	<ahih>, it being so, and <zia>, manner, written as one word, placed after a description: how or that someone or something is so, as in {manpha ahihzia}, how precious it is	
s900	but/however/even so	<ahih> and <zong> written as one word and followed by <in> at the start of a sentence: although that is so, but; the same as <ahizongin>	
s901	Ahijah	name of several men, among them a priest in the time of Saul, the prophet of Shiloh, and one of David's warriors	
s902	Ahikam	son of Shaphan, an official of King Josiah who protected Jeremiah, and father of Gedaliah	
s903	or/or else/otherwise	short spoken form of {ahih kei leh}, if it is not so: joins two alternatives, or opens a sentence with otherwise	
s904	is not/not being	<a> and <hikei>, is not, written as one word: it is not, that which is not; {ahikei-zong} is although it is not	
s905	could it be/perhaps it is	<ahi>, it is, and <khadiam> written as one word at the end of a clause: might it be, I wonder whether it is, said of a guess or suspicion	
s906	that it is/the fact that	<a>, <hi> and <lam> written as one word: that something is so, the fact of its being so, as the object of a verb such as <phawk>, remember	
s908	be only/be merely/be just	<a> and <hilel>, be merely, written as one word: it is nothing more than that	
s909	teach/taught	The verb <hilh>, teach, written together with the preceding <a>, the third person marker; it is usually written {a hilh}.	
s910	is not/not being	<a> and <hilo>, is not, written as one word: that is not, what is not; {ahi le ahilo} is whether it is so or not	
s911	not genuine/false/untrue	<a> and <hilopi>, though not so, written as one word: what is not really so, a thing that is not the real one	
s912	those who are not/non-	<ahilo>, is not, with the plural <te>, written as one word after a noun: those who are not that, as in {Christian ahilote}, non-Christians	
s913	Ahilud	father of Jehoshaphat, the recorder of David and Solomon	
s914	Ahimaaz	name of several men, among them the son of Zadok the priest, and a son-in-law of Solomon who was governor in Naphtali	
s915	Ahimaaz	spelling of Ahimaaz in 2 Samuel 18.22, the son of Zadok the priest who ran with news to David	
s916	Ahimaaz	name of several men, among them the son of Zadok the priest, and a son-in-law of Solomon who was governor in Naphtali	
s917	really so/indeed	<ahi> and <mah> written as one word: it is indeed so; in a question, is it really so	
s918	Ahiman	name of two men: one of the three sons of Anak driven out of Hebron by Caleb, and a Levite gatekeeper	
s919	because/since/therefore	<ahih> and <manin> written as one word and without the h: because it is so; {tua ahimanin} is therefore	
s920	you know/you see	<ahi>, it is, and the exclaiming <maw>, written as one word at the end of a statement: it is so, you know; said of what the speaker asserts or quotes	
s921	Ahimelek	name of two priests: the priest at Nob who helped David and was killed by Saul, and a son of Abiathar	
s922	Ahimoth	Levite of the line of Kohath, a son of Elkanah	
s924	Ahinadab	son of Iddo, one of Solomon's twelve district governors, at Mahanaim	
s925	if indeed/provided that	<ahi>, it is, with <nak>, followed by <leh>, if: {ahinak leh}, if it really is so; listed by the book among the conjunctions	
s926	alive/living/live	The word <hing>, alive, with the prefix <a> written as one word: who is alive, that lives; {ahing tawntung} is living or lasting for ever.	
s927	alive	<a> and <hingin> written as one word: alive, while still living, said of a person or animal that is caught, found or rescued	
s928	still alive/alive	<a> and <hinglai> written as one word: one that is still alive, while still alive	
s929	alive/while still alive	<ahing>, alive, with an ending that tells the state someone is in; with <in>, {ahingtang in} tells that something is done to a person or animal that is still alive, as buried alive or burnt alive	
s930	alive/while still alive	<ahing>, alive, with <tangpi> written as one word: while still living, said of one who is buried, burned or thrown to animals alive	
s931	Ahinoam	name of two women: a wife of David from Jezreel, the mother of Amnon, and the wife of Saul	
s932	Ahio	name of several men, among them the son of Abinadab who walked in front of the cart carrying the ark	
s933	the one who is/he who is	The verb <ahi>, is, with <pa>, the male one: it closes a describing phrase and is said of God, as in {Pasian ahipa}, the one who is God.	
s934	be just/be at once/be outright	<a> and <hipah>, be at once, written as one word: it is thereby also so, it is outright so; {ahipah kei zongin} is even if it is not exactly so	
s935	even if/even though	<ahi>, be, with <phial>, even if, written as one word and followed by <zongin> or {zong in}: even if it is, even if it were	
s936	even if/even though	<ahiphial>, even if it is, and <zongin>, although: placed after a noun, a describing word or a clause, even if it is so, even though that is the case; the main statement follows	
s937	Ahira	son of Enan, leader of the tribe of Naphtali in the wilderness	
s938	Ahiram	son of Benjamin, ancestor of the Ahiramite clan	
s939	already being/who already is/existing	<a>, <hi>, be, and <sa>, here already, written as one word: that already is so, placed after the thing it describes; {US Gammi ahisa khat} is one who is already a citizen of the United States	
s940	Ahisamach/Ahisamak	man of the tribe of Dan, father of the craftsman Oholiab	
s941	Ahishar	official in charge of Solomon's palace; in 1 Chronicles 7.10 the name stands for Ahishahar, a man of Benjamin	
s942	nevertheless/even so	The verb <ahi>, be, with <ta>; it is used in {ahita zongin}, which means even so or nevertheless.	
s943	really be so/be truly	<a> and <hitakpi> written as one word: that it truly is so, what really is the case	
s944	is it I wonder	<ahi>, it is, with the question ending {-tam} at the end of a question: is it, could it be; it gives the question a tone of wondering and is often followed by <maw>; compare <aitam>	
s945	nevertheless/even so/although	<ahita> and <zong> written as one word, followed by <in>: at the start of a sentence nevertheless, after a clause although it is so	
s946	those who are/the ones that are	The verb <ahi>, be, with the plural <te>, turning the words before it into a noun: {innkuan lutang ahite} is those who are heads of families, {kham ahite} is the things that are of gold.	
s947	as far as possible/possible	<a> and <hithei>, can be, written as one word: what is possible; {ahithei zahin} and {ahithei bangin} are as much as possible, as far as one can	
s948	Ahithophel	man of Giloh, David's counselor, who joined Absalom's revolt	
s949	Ahitub	name of several priests, among them the grandson of Eli who was the father of Ahimelek, and the father of Zadok	
s950	be rather/be instead	<a> and <hizaw> written as one word: it is rather so, it is this more than that	
s951	be able to be/be possible	The verb <ahi>, be, with <zo>, be able: {ahizo nawn lo} is no longer able to be, and {ahizo zahzahin} is as far as is possible.	
s952	but/however/nevertheless	<ahi> and <zong> written as one word, mostly followed by <in>: even so, however; begins a sentence that goes against what was just said	
s954	but/however/even so	<ahi> and <zongin> written as one word, mostly at the start of a sentence: although that is so, but	
s955	or	written abbreviation of <ahihkeileh>, or, placed between two alternatives	
s956	or/otherwise	written abbreviation of {ahih kei leh}, if it is not so: or, or else	
s957	Ahlab	town in the territory of Asher whose people were not driven out	
s958	Ahlai	name of two people: a child of Sheshan in the line of Judah, and the parent of Zabad, one of David's warriors	
s959	Ahlone	township of the city of Yangon	
s960	Ahmedabad	the largest city of the state of Gujarat in the west of India	
s962	Ahoah	son of Bela and grandson of Benjamin, ancestor of the Ahohite clan	
s963	Ahoh/Ahohite	ancestor named in {Ahoh-te beh}, the Ahohite clan of Benjamin, to which several of David's warriors belonged	
s964	good/what is good	The word <hoih>, good, with the prefix <a>: that which is good, the good one; {ahoih nate} is good things, and {ahoih ahoih lo} is whether good or bad.	
s965	just right/moderate/proper measure	<a> and <hoihbek> written as one word: what is just right, the proper amount and no more	
s966	would be good/should be good	<a> and <hoihding> written as one word: it would be good, or what would be good; {ahoihding zahin} is as good as it should be	
s967	well/rightly	The word <ahoih>, what is good, with the suffix <in>: in a good way; {ahoihin gamta} is do what is right.	
s968	still good/still sound	<a> and <hoihlai> written as one word: that which is still good or still in working condition	
s969	good side/good direction	<a> and <hoihlam> written as one word: the good side of a matter; {ahoihlam in} is in a good way, for good, and {ahoihlam ah} is toward the better	
s970	bad/not good	<a> and <hoihlo> written as one word: what is not good, the bad one; {ahoihlo in} is badly	
s971	not good/bad	<a> and <hoihloh> written as one word: its being bad, that it is not good; {ahoihloh banah} is besides being bad, {ahoihloh hangin} because it is bad	
s972	disadvantage/bad point/fault	<a> with <hoihlohna> written as one word: what is not good in something, its bad side or fault, set against <ahoihna>	
s973	the bad side/the negative side	<a> and <hoihlolam> written as one word: the bad side of a matter; with <in> or <ah>, in a bad way, on the negative side	
s974	advantage/good point/benefit/goodness	<a> with <hoihna>, goodness, written as one word: the good in something, its advantage, set against <ahoihlohna> or {a siatna}, its harm	
s975	the best/best	<a> and <hoihpen>, best, written as one word: the best one, or best after a noun	
s976	good ones/good things	The word <ahoih>, that which is good, with the plural suffix <te>: the good ones; {gamtatna ahoihte} is good deeds.	
s977	the best possible/as good as can be	<a> and <hoihthei> written as one word, before <pen> or <penpen>: as good as it can be; {ahoihthei penpen in} is in the best possible way	
s978	the best possible/as well as possible	<a>, <hoih>, good, and <theipen>, the most that can be, written as one word: the best that can be, usually with <in>, as well as possible	
s979	better/even better/even more	The word <hoih>, good, with the prefix <a>, <zaw>, more, and the suffix <in>: in a better way, even better than what is named before <sangin>.	
s980	for the better/so as to be better	<ahoih> and <zawding> written as one word: what will be better; {ahoihzawding in} is so that it becomes better	
s981	open	<a> and <hon>, open, written as one word: he opens, the opening of	
s982	group/flock	<a> with <hon>, group, written as one word; {ahon in} is as a group, together	
s983	to rescue/to save	<a>, <hon>, rescue, and <ding>, will, written as one word: in order to rescue someone, and {ahonding te} the rescuers	
s984	to open	<a>, <hon>, open, and <ding>, will, written as one word: what is still to be opened	
s985		<a> and <hong> written as one word before a verb: he, she, it or they, with the particle that turns the action toward the speaker, as in {ahong gen hi}, he told us	
s986	come about/happen	<a> and <hongpiang> written as one word: it comes about; {ahongpiang ding} is what is going to happen	
s987	in groups/in crowds	<a> and <honhon>, group upon group, written as one word; {ahonhon in} is in groups, many together	
s988	rescue/save	<a> and <honkhia> written as one word: he rescues, the one who rescued; {nuntakna ahonkhia} is saved the life of	
s989	to rescue/in order to save	<a>, <honkhia>, rescue, and <ding>, will, written as one word; {ahonkhiading in} is in order to rescue them	
s990	rescuer/the man who rescued	<a> and <honkhiapa> written as one word, placed after the one who was saved: the man who rescued him, her or them	
s991	rescue/get out/bring out	<a> and <honkhiat> written as one word: he or they rescued, or the ones who brought someone out of danger	
s992	when he opened/on opening	<ahon> and <leh> written as one word: when he or she opened it, followed by what was found	
s993	for opening/opener	<a> and <hon>, open, with the ending {-na} written as one word: the thing it is opened with, said of a key	
s994	open for/open up	<a> and <honsak> written as one word: he or she opens something for someone, or the one that opens it; {lampi ahonsak} is open the way	
s995	be able to open	<a> and <hontheih> written as one word, before <nading>: so that they can open a shop or a locked thing	
s996	speak to/talk with	<a> and <hopih> written as one word: he speaks to, the one he talks with	
s997	save/rescue	<a> and <hot> written as one word, mostly before <khiat>: he rescues, or the one who rescues; {ahot khiatsawm} is he tries to rescue	
s998	rescue/save	<a>, he or they, and <hotkhiat>, written as one word: he or they rescue someone, used before words such as <ciangin>, <sawm> and <nop>	
s999	to rescue/to save	<ahotkhiat>, he or they rescue, and <ding>, will or to, written as one word: to rescue someone, that they should rescue	
s1000	way of rescuing/manner of rescue	<ahotkhiat>, he or she rescues, and <zia>, manner, written as one word: the way in which he or she rescued someone	
s1001	Ahru		
s1002	Asherah	spelling of Asherah in 2 Kings 13.6, a Canaanite goddess and the wooden pole set up for her worship	
s1003	Ahshan		
s1004	his breath/its breath/vapour	<a> and <hu>, breath, written as one word: his or her breath, breathing; of a thing its vapour, gas or blast	
s1005	guard/protect/shield	<a> written as one word with a verb meaning shield or protect, a different word from <hu> breath: the one who guards; {a nuntakna ahu ding galkap} is the soldiers who are to guard his life	
s1006		<a> and <huai> written as one word: a named cut of the slaughtered animal that is shared out by the piece; which part of the carcass is not settled	
s1007	severe/terrible/serious	<a> with <huaisia>, dreadful, written as one word: severe, the worst, said of fires, accidents and disasters	
s1008	most serious/worst/most severe	<ahuaisia>, severe, and <diak>, especially, written as one word: the one hit hardest, the most serious case among several	
s1009	very serious/severe/critical	<a>, <huaisia>, dreadful or serious, and <lua>, too much, written as one word; said of injuries, mostly in {ahuaisialua omlo}, there is none that is serious	
s1010	worst/most terrible/deadliest	<a>, <huaisia>, severe, and <pen>, here the mark of the highest degree, written as one word: the most terrible of its kind, said of accidents, fires, storms and attacks	
s1011	the very worst/deadliest/most terrible	<ahuaisia>, terrible, and <penpen>, the very most, written as one word: the worst of all, said of disasters, fires and accidents	
s1012	serious/severe/grave	<a>, <huaisia> and the intensifier <pi> written as one word: very serious, said of an injury; {liamna ahuaisiapi omlo} is there is no serious injury	
s1013	worst hit/most severe/getting worse	<a> with {huaisiat}, the form of <huaisia>, severe, used before <penna>, <diakna> and <semsem>: {ahuaisiat penna mun} is the place where it is worst, the worst-hit place	
s1014	cover/include/take in	<a> and <huam> written as one word: it covers or includes, or that which takes in the whole of something	
s1015	all-inclusive/comprehensive/covering all	<a> and <huamkim> written as one word: taking in all of them, in a way that covers everything	
s1016	in general/overall/as a whole	taking everything together, from <huam>, include; mostly as {ahuampi in}, in general, broadly	
s1017	its compound/its grounds/its premises	<a> and <huang> written as one word: the enclosed grounds of a house, school or other place, mostly as {ahuang sungah}, inside its compound	
s1018	hate/detest	<a> and <huat> written as one word: he, she or they hate; {ahuat mahmah} is hates greatly	
s1019	help	<a> and <huh>, help, written as one word: he helps, the one who helps; {ahuh mi} is a helper	
s1020	to help/in order to help	<a>, <huh>, help, and <ding> written as one word: to help him or them, usually followed by <in>; also the one who will help	
s1021	in order to help/to help	<ahuhding>, to help, and <in> written as one word: in order to help them	
s1022	his help/helping/aid	<a> and <huhna>, help, written as one word: the help that someone gives, his or her helping of others	
s1023	willing to help/helpful	<a> and <huhnuam> written as one word: who likes to help, said of a person or a mind	
s1024	be able to help	<a> and <huhtheih>, be able to help, written as one word; {ahuhtheih bangin} is as far as they could help, and {ahuhtheih nadingin} so that he can help	
s1025	Ahumai	son of Jahath, of the Zorathite clans of Judah	
s1026	the time/the hour/opportunity/time	The word <hun>, time, with the prefix <a>: its time, the right time; {ahun hong tung ding} is the time will come, and {ahun hunin} is from time to time.	
s1027	the time taken/take time	<a> and <hunbei> written as one word: the time that something takes, or it takes that long	
s1028	protect/guard/shield	<a> with {hung}, shield or cover: the one who protects; found beside <kem>, <dal> and <panpih>, of bodyguards and of those who shelter or stand up for others	
s1029	to guard/to keep order/to patrol	{a hung ding} written as one word: in order to guard a place or keep order in it, said of police and security forces; with <in>, {ahungding in}	
s1030	from time to time/periodically/now and then	<a> and <hunhun> written as one word, usually followed by <in>: from time to time, each time as it comes	
s1031	in time/timely	<ahun> and <lap> written as one word, followed by <in>: catching the time, in time, before it is too late	
s1032	the time/its time	<ahun> and the topic marker <pen> written as one word: the time of it, the time when it will be done, as the topic of the sentence	
s1033	as the time requires/from time to time/in due course	<ahun>, the time, with <zui>, follow: according to the time or occasion, mostly as {ahunzui in}	
s1034	protection/defence	<a> and <hutna> written as one word: his or their protecting or defending of someone or something	
s1035	Ahuzzam	son of Ashhur and Naarah, of the tribe of Judah	
s1036	Ahuzzath	adviser of Abimelek king of Gerar, who came with him to Isaac	
s1037	Ahzai	priest, son of Meshillemoth and ancestor of Amashsai	
s1038	also in/also at/in as well	<ah>, the marker of place, and <zong>, also, written as one word after a noun: in or at that place too	
s1039	lot	A lot cast to decide something; {ai saan} is to cast lots, and {ai a pha} is the one on which the lot falls.	
s1040	divination/witchcraft	Divination or witchcraft; {ai saan} is to practise divination, and {ai saan thei} is one who divines or casts spells.	
s1041	of/for	another spelling of <aa>, after a noun, a month or an amount: belonging to it or meant for it; {June kha ai dingin} is for the month of June	
s1042	indeed	before the final particle <ve>, as {ai ve} at the end of a sentence, states with emphasis that something is so, like {ahi ve}; not the noun lot	
s1043	celebrate a kill	with <sa>, game, as {sa ai}: hold the feast that celebrates the killing of a wild animal, a Zomi custom; the page gives only the sentence {Sa a ai hi}	
s1044	celebrate with a rite/perform a rite for	hold the customary rite over something, as over the bees on the third day of <Khuado>: {khuai ai} is perform the rite for the bees, in which a chicken, a pig or a goat is used and the bees are not eaten but set free; before endings the form is <aih>	
s1045	Ai	Canaanite city east of Bethel, taken and burned by Joshua	
s1046	Aiath	place in Benjamin on the route of the Assyrian army toward Jerusalem, probably the same as Ai	
s1047		<ai>, hold the feast for a kill, with the linking <in>: celebrating	
s1048	Aiah	name of two men: a son of Zibeon the Horite, and the father of Rizpah, Saul's concubine	
s1049	Aiath	place in Benjamin on the route of the Assyrian army toward Jerusalem, probably the same as Ai	
s1050	represent/stand for	be there in the place of a person, a people or a land; {aiawh in} is on behalf of, representing	
s1051	Aibur		
s1052		{ahi diam} shortened and written as one word at the end of a clause: is it, I wonder, could it be; repeated after two nouns it asks whether it is the one or the other	
s1053	Aidilfitri/Eid al-Fitr	the Muslim festival at the end of the fasting month <Ramadan>, as it is called in Malaysia	
s1055	AIDS	the disease AIDS, caused by the virus HIV; also said {AIDS natna}	
s1057	celebrate with a rite/perform a rite for	form of <ai>, perform a rite, used before words and endings such as <uh>, <ciangin>, <ni> and <na>; {khuai a aih uh ciangin} is when they performed the rite for the bees	
s1058	celebrate a kill/hold a triumph feast for	form of <ai>, hold the feast for a kill, used before <ciangin> and the noun ending <na>, as in <khuai-aihna>	
s1059	because/since/so	<aih>, the spoken short form of <ahih>, being, with <ciang>: because it is so; placed at the end of a clause that gives the reason for what follows, in speech and in told stories; the full form is <ahihciangin>	
s1060	but/however/although	<aih>, a short spelling of <ahih>, with <hang>, here although and not we: the informal short form of <ahih hangin>, placed at the head of a statement that contrasts with what came before	
s1061	since/as/because	<aih>, a spoken form of <ahih>, with <ciang>: since it is so, as that is the case; {tua aihciang} is that being so	
s1066	rite/celebration	<aih>, perform a rite, with the noun ending <na>: the holding of the rite; {khuai aihna} is the rite for the bees at <Khuado>	
s1067	feast day/day of celebration	the day on which something taken or killed is celebrated with a feast; in the Khuado custom the day awaited for the bees' nest that the young men brought home	
s1068	since/seeing that/because	placed after a clause to give it as the reason, often one that the speaker supposes or takes for granted, for what follows	
s1069	lot	A lot drawn or cast to decide a share, the same word as <ai>; {aii sawk} is to draw lots, and {aii kia} is the lot falls.	
s1070	Aijalon	spelling of Aijalon in Joshua 19.42, a town in the territory of Dan	
s1071	Aija	town of Benjamin near Bethel where people lived after the exile, probably the same as Ai	
s1072	Aijalon	name of two places: a Levite town in the territory of Dan with a valley of the same name, and a town in Zebulun where Elon was buried	
s1073	Aika		
s1074	scorpion		
s1075	scorpions		
s1076	or/or else	short written form of the spoken {ahih kei leh}, if it is not so: joins two alternatives	
s1077	Ailam	name of a hill or ridge, {Ailam mual}, named as a landmark of a land boundary in Zomi history	
s1078	Ain	town in the south of Judah, given to Simeon; also a place on the eastern border of Canaan	
s1079	Ainam		
s1080	Aeneas	paralysed man at Lydda who was healed by Peter	
s1081	his house/her house/their home	<a> and <inn> written as one word: his, her or their house or household	
s1082	young crab/small crab	a little crab, the first part of <aisa>, crab, with the ending {-no}, young; inferred from the parts of the word	
s1083	Aenon	place near Salim with much water, where John baptized	
s1084	Aipha		
s1085	AirAsia	a low-cost airline of Malaysia	
s1086	Airbus	European maker of passenger aircraft, and an aircraft made by it	
s1087	air conditioner/air conditioning	machine that cools the air of a room or vehicle; {aircon bus} is an air-conditioned bus	
s1088	air conditioning/air conditioner	a machine that cools the air of a room or building, or the cooling itself	
s1089	aircraft/aeroplane	an aeroplane, mostly in English phrases and beside the Zolai word <vanleng>	
s1090	airline	a company that carries passengers by aeroplane; mostly after the name of the company	
s1091	airport	a place where aircraft land and take off, often after its name	
s1092	crab		
s1093	feast meat	in songs and festive speech paired with <ningzu>, rice beer: the meat of a feast; {ningzu aisa ne} is feast together. The meaning is taken from the pairing only	
s1094	feast meat	<aisa>, the meat of a feast in the language of songs, with the ending {-a}, as written in a line of the song sung to the bees	
s1095	lot/allotment	The lot that is cast to decide something, and the share that falls to someone by it; {aisaan sagihna} is the seventh lot.	
s1096	cast lots/divine	To decide or find out something by casting lots; {lai aisaan-in} is by casting lots, and {aisaan man} is the fee for divination.	
s1097	casting of lots/lot	A spelling of <aisaanna>, the casting of lots, built on <aisaan>; {aisaana tawh} is by lot.	
s1098	casting lots/by casting lots	The verb <aisaan>, cast lots, with the suffix <in>: by casting lots; {lai aisaanin} has the same meaning.	
s1099	casting of lots/lot	The verb <aisaan>, cast lots, with the noun suffix <na>: deciding or sharing out something by lot; {aisaanna tawh} is by lot.	
s1100	Aisaante	the diviners, written with a capital in {Aisaante’ Tawsaw}, the diviners' tree near Shechem	
s1101	divination/sorcery/secret arts	Seeking hidden knowledge by lots, omens or magic; {aisan siam}, {aisan thei} and {aisan mi} are a diviner or sorcerer.	
s1102	cast lots/divine	the same word used as a verb, followed by <uh> or <in>: cast lots or read omens to find out or decide something	
s1103	by divination/by fortune-telling	The word <aisan>, divination, with the suffix <in>: by means of divination or fortune-telling.	
s1104	necromancer/divination/casting of lots/augury	<aisan> with the noun suffix <na>: the practice of divination; {aisanna tawh} is by lot	
s1105	sorceries/witchcraft	Acts of sorcery or divination, <aisanna> with the plural <te>.	
s1106	sorceress/witch	The word <aisan>, divination or sorcery, with <nu> marking a woman: a woman who practises sorcery.	
s1107	diviner/soothsayer	The word <aisan>, divination, with <pa> marking a man: a man who practises divination.	
s1108	diviners/spiritists/sorcerers	The word <aisan>, divination, with the plural <te>: those who practise divination or magic, often named together with <vankahte>, mediums.	
s1109	diviners	The word <aisante>, diviners, written with a capital at the start of a sentence or in a place name, as in the diviners' tree.	
s1110	Aisih		
s1111	love/hold dear	<a> and <it> written as one word: he loves, or the one who loves; {Zomi ait} is one who loves the Zomi	
s1112	I wonder	word that ends a question and gives it a tone of wondering or doubt: I wonder, could it be; a form of everyday speech, compare <ahitam>	
s1113	careless/lax	the book gives it as the opposite of <cilgil>, exacting and careful about small things: apparently not careful or sparing, lax	
s1114	representative/substitute/stand-in	one who stands in the place of another or of a group; {aitang in} is on behalf of, in place of, and {aitang dingin} is to represent, to replace	
s1115	on behalf of/representing/in the name of	<ai> and <tangin> written as one word, placed after the name of a group or land: acting or speaking for it, as its representative	
s1116	exorcist/sorcerer	The word <ai>, divination or charm, with <tawi>, hold: one who practises spirit arts; in Acts 19.13 it is said of Jews who went about driving out evil spirits.	
s1117	charms/amulets/magic charms	Plural of <ai>: objects worn or tied on for magic or divination.	
s1118	Aitsa		
s1119	own/personal/private	It follows a possessor and stresses that the thing belongs to that person alone: {ama aituam} is his own, and {ama aituam dingin} is for himself.	
s1120	proper name/proper noun	<aituam>, own, with <min>, name: the name of one particular person or place, such as Kam Hau or Jerusalem; its first letter is written with a capital	
s1121	proper noun	<aituam>, own, with <min>, name: a proper noun, the same as <neihtuam min>	
s1122	Aive		
s1123	I wonder/could it be/it seems	{aive}, a joined spelling of <a> and <hive>, it is indeed, with the question word <maw>: closes a sentence, after a clause or after <ding>, and turns it into a musing question or a supposition that the speaker half believes, could it be that, so it seems	
s1124	Aizawl	capital city of Mizoram State in India	
s1125	however/but/even so	spoken form of {ahi zong}, though it is so: however, but, placed at the beginning of a sentence; repeated after two words it means whether the one or the other	
s1126	however/but/even so	<aizong> with <in>, the spoken form of <ahizongin>: however, but; {bangbang aizongin} is whatever the case may be	
s1127	Ajil	place in Hulu Terengganu, Malaysia, known for its immigration detention centre	
s1128	chicken/fowl/rooster	the domestic fowl, a chicken; {ak a khuang} is the rooster crows	
s1129	raven/crow	The second part of <va-ak>, raven or crow.	
s1130		a time of the day in the book's list of the day, after <nitum>, sunset, and before <sanggam melmak>; apparently the time when the fowls go up to roost	
s1131	cockcrow	<ak>, rooster, with <khuan>, crow: the time of night when the rooster crows, after <zankim>, midnight, in the book's list of the day	
s1132	first cockcrow	<ak khuan>, cockcrow, with <masa>, first: the time when the rooster crows first, a time of the night in the book's list of the day	
s1133	chicken breast	<ak>, chicken, and <awm>, chest, joined with a hyphen so that the word is not read as {a-kawm}; the page gives the word alone	
s1134	chicken dung/chicken droppings	<ak>, chicken, and <ek>, dung, joined with a hyphen so that the word is not read as {a-kek}	
s1135	exceed/be in excess	<a> with a verb meaning go beyond, which is not <kaan>, white, written as one word; found in the pair {aval akaan}, beyond what is needed, to excess, beside <aval>	
s1136	who is to attend/in order to attend	<a> and <kahding> written as one word: the one who is to attend, or with <in>, in order to attend a school, a meeting or a program	
s1137	one who attends	<a>, <kah> and <khat> written as one word, after <sang>, school: one who goes to school, a student at the place named	
s1138	be still attending/while at school	<a> and <kahlai> written as one word: he or she is still attending school, while he or she was attending	
s1139	be attending/be studying in	<a> with <kah> in the sense attend school, and <laitak>, at the very time, written as one word after the name of a class or school: who is in that class at the time; {Tan 9 akahlaitak} is one who is in Grade 9	
s1140	weeping/crying	<a> and <kahna> written as one word: his, her or their weeping; {akahna aw} is the sound of their crying	
s1141	climbing/going up/attending	<a> with <kah>, go up, and the noun ending {-na}, written as one word: his or their climbing of a building, coming into office, or attending of a school	
s1142	once attended/used to attend	<a>, <kah>, attend, and <ngei>, ever, written as one word: who has attended a school before	
s1143	be attending/have just started attending	<a>, <kah>, attend, and <pan>, here only just, written as one word, placed after the name of a school or class: one who is now attending it, who has just begun there	
s1144	send to school/attend school	<a> and <kahsak> written as one word: he or she sends a child to school; also said of the child who attends	
s1145	climb up/go up	<a> and <kahto> written as one word: he climbs up, the one who climbs up; {akahto te} are those who climb	
s1146	go up/climb/rise	<a> and <kahtoh> written as one word: he, she or it goes up, climbs or rises, before words such as <ciangin> and {laitak in}	
s1147	his going up/where one climbed up	<a> and <kahtohna> written as one word: his going up, or the place he climbed up to	
s1148	pull/draw/tow	<a> and <kai>, pull, written as one word: that pulls or draws, as the horse that pulls a cart	
s1149	pull/draw	<a> and <kaih>, pull, written as one word: he pulls, or that which someone or something pulls; also in set phrases such as {dai akaih}, cordon off	
s1150	pull out/drag out	<a> and <kaihkhiat> written as one word: he or they pull someone or something out, before words such as <ciangin>, <nadingin> and <laitak>	
s1151	collect/gather	<a> and <kaihkhop>, the form of <kaikhawm>, collect, written as one word: what he or they collected, or the collecting of it, said of money and of things	
s1152	collector/gatherer/recruiter	<a> and <kaikhawm> written as one word: one who gathers or collects things or money, or who recruits people	
s1153	who keeps recruiting/who keeps gathering	<a>, <kai>, pull, and <khawmkhawm>, keep gathering, written as one word: the ones who go on gathering or recruiting people	
s1154	pull out/drag out	<a> and <kaikhia> written as one word: he pulls or drags out, the one who dragged out	
s1155	both kidneys/pair of kidneys	<a>, <kal>, kidney, and <geel>, pair, written as one word: the two kidneys of the slaughtered animal	
s1156	groin/crotch/private parts	<a> and <kalkawm> written as one word: his or her groin, the part of the body between the legs; in the articles a polite word for the private parts	
s1157	proceed/go forward/walk	<a> and <kalsuan>, take steps, written as one word; in the articles mostly of a country, a group or a plan that goes forward on a chosen course	
s1158	his mouth/her mouth	<a>, his, her or its, and <kam>, mouth, written as one word; {akam panin} is by mouth, and {akam pha} is he or she is lucky	
s1159	he promised/she promised/they promised	<a> and <kamciam> written as one word: he, she or they promised	
s1160	word/wording	<a> and <kammal> written as one word: his, her or its word or words	
s1161	his speech/his words/way of speaking	<a> and <kampau> written as one word: what he or she says, or the way he or she speaks; also the speaking itself	
s1162		<a> and <kam>, mouth, with a last part that the page does not explain: a part at the mouth of the slaughtered animal, probably the lips or muzzle, the share of the spokesmen in place of the ear	
s1163	his mouth/inside of its mouth	<a> and <kamsung> written as one word: his, her or its mouth, the inside of the mouth	
s1164	talkative	<a> and <kamtam> written as one word: one who talks much, is talkative	
s1165	with his mouth/with her mouth/by mouth/verbally	<akam> and <tawh> written as one word: with his, her or its mouth, also in words	
s1166	his mouth also/its mouth too	<akam> and <zong> written as one word: his, her or its mouth as well	
s1167	Akan	son of Ezer, a Horite of the land of Seir	
s1168	investigate/look into/examine	<a>, <kan> and <cian> written as one word: look closely and thoroughly into a matter, said of police and other authorities	
s1169	will investigate/is to look into	<akancian>, investigate thoroughly, and <ding>, will, written as one word: that they will or are to look closely into a matter	
s1170	investigate/look into closely	<a>, <kan>, inquire, and <cian>, clearly, with the ending {-san}, written as one word: he or they are looking closely into a matter; {akanciansan laitak} is the investigation is under way	
s1171	to investigate/to inquire into/to look for	<a>, <kan> and <ding> written as one word: in order to look into a matter, cover news or search for a person	
s1172	to cross	{a kan ding} written as one word, with <kan> in the sense of cross over: in order to cross a road	
s1173	burn/catch fire	<a> and <kang> written as one word: it burns or burned; {mei akang} is a fire broke out, and before a noun it is the thing that burned	
s1174	white	<a> and <kang> written as one word: white, the white one	
s1175	burn badly/be gutted by fire/be scorched	<a> and <kanggawp>, burn badly, written as one word: it burned badly or burned down, or the thing that did; {mei akanggawp} is was destroyed by fire	
s1176	a white one	<akang> and <khat> written as one word after a noun: one that is white, as in {mawtaw akangkhat}, a white car	
s1177	burn to death	<a> and <kanglum> written as one word: who burned to death, or the fire killed them	
s1178	burn down/be burnt up	<a> and <kangtum> written as one word: burned down, the one that was destroyed by fire	
s1179	investigate/look into/study	<a> and <kankan> written as one word: he or they keep searching into a matter	
s1180	investigate/who investigates	<a> and <kankhia>, search out, written as one word: he investigates, or the one who investigates a case or a crime	
s1181	to investigate/who will investigate	<a> and <kankhiading> written as one word: the one that is to investigate a matter, or in order to investigate it	
s1182	investigate/find out/look into	<a> and <kankhiat> written as one word: he or they investigate, what was found out; {akankhiat uhciangin} is when they looked into it	
s1183	investigation/inquiry	<a> and <kankhiatna> written as one word: his or their investigation; {akankhiatna ah} is according to their investigation	
s1184	be investigating/be looking into	<akankhiat>, investigate, with an ending that shows the action is going on, mostly before <laitak>: {akankhiatsan laitak} is they are investigating it at present	
s1185	while crossing	<a>, <kan>, here cross a road, and <laitak>, while, written as one word: just as he or she was crossing the road	
s1186	cross/go across	<a>, <kan>, here cross over, and <phei>, across, written as one word: he or she crosses a road or a railway, or the one crossing	
s1187	investigate/be investigating	<a> with <kansan>, look closely into a matter, written as one word: they investigate it; said of police and authorities, often followed by <laitak>, be in the course of	
s1188	try to investigate/intend to look into	<a>, <kan>, look into, and <sawm>, intend, written as one word: the ones who set out to investigate a matter	
s1189	cross/pass through	<a> with <kantan>, cross, written as one word: he or she crosses, or the one who crosses a road, a river or a stage	
s1190	weep/the one who weeps	<a> and <kap>, weep, written as one word: the one who weeps; {adah akap khempeuh} is all who grieve and weep, the bereaved, in words of condolence	
s1191	shoot/open fire on/gun down	<a> and <kapgawp> written as one word: he or they shot at people, firing many shots; also the one who shot	
s1192	cry hard/wail	<a> with <kap>, weep, and <gawp> written as one word: he or she cried very hard	
s1193	gunman/the man who shot	<akapgawp>, shoot, and <pa>, the man who, written as one word: the man who opened fire on people	
s1194	crying/weeping on and on	<a> and <kapkap> written as one word: one who keeps crying, or the sound of crying on and on	
s1195	shooting repeatedly/spraying	<a> with <kap>, shoot, said twice and written as one word: keep shooting, or keep spraying water or foam at something	
s1196	hit by a shot/shoot by accident	<a> and <kapkha> written as one word: it hit him, he shot and hit, also without meaning to	
s1197	after shooting/having shot	<a>, <kap>, shoot, and <khit>, after, written as one word, used before <ciangin>: after he shot	
s1198	shoot and wound/wound by shooting	<a> and <kapliam> written as one word: he or they shot and wounded someone	
s1199	shoot dead/kill by shooting	<a> and <kaplum> written as one word: he or she shot someone dead, the one who shot dead	
s1200	gunman/shooter/killer	<a>, <kaplum> and <pa> written as one word: the man who shot someone dead	
s1201	shoot dead/kill by shooting	<a>, <kap> and <lup> written as one word: the form of {a kaplum}, he shot dead, used before a noun or an ending; also the one who was shot dead	
s1202	fatal shooting/shooting dead	<a> and <kaplupna> written as one word: his or her shooting someone dead, the act or the reason of it	
s1203	shooting/firing	<a> and <kapna> written as one word: the shooting or firing that someone did, and what was shot at; {vanleng tawh akapna} is an attack from aircraft	
s1204	shooter/gunman	<a> and <kappa> written as one word: the man who shot, the gunman	
s1205	the one who shot/the shooter	<a> with <kap>, shoot, and the topic marker <pen> written as one word: the one who fired, mostly after <thau>, gun	
s1206	tried to shoot/planned to shoot	<a> and <kapsawm> written as one word: he tried or planned to shoot, or the one who did	
s1207	mourners/those who weep	<a> and <kapte.1> written as one word: those who weep; {adah akapte} is those who grieve and weep for the dead	
s1208	shooters/gunmen	<a> and <kapte.2> written as one word: those who shot at someone	
s1209	shoot/shoot and hit/shoot down	<a> and <kaptuk>, shoot and hit, written as one word: he or they shot someone, or the one who shot	
s1210	burn/catch fire/be on fire	<a> and <kat>, burn, written as one word, mostly after <mei>, fire: {mei akat ciangin} is when the fire broke out, when it caught fire	
s1211	the burning/the fire	<a> and <katna> written as one word: the burning of something, the fire; {akatna ahang} is the cause of the fire	
s1212	burn up/burn down/be burnt up	<a> and <kattum> written as one word: fire burns a thing up completely, or the thing burns up	
s1213	crooked/devious	<a> and <kawi> written as one word: what is crooked; {akawi amam in} is in a twisting way, now crooked now straight, not straightforwardly	
s1214	point out/point to/indicate/denote	<a> and <kawk>, point at, written as one word: he points out, what it points to	
s1215	waist	<a> and <kawng> written as one word: his or her waist; {akawng ah} is at or around the waist	
s1216	Achbor/Akbor	name of two men: the father of Baal-Hanan king of Edom, and an official of Judah, the father of Elnathan	
s1217	hen's nest/laying nest	the nest or nesting basket in which a hen, <ak>, lays her eggs; inferred from {Akbubah ah ak a tui hi}	
s1218	branch/division/subdivision	a branch of a larger whole: {Beh akee} is the sub-clans of a clan, and {thuneihna akee lian} the principal organs of a body; apparently <a> with {kee}, limb or branch	
s1219	leak/leaking	<a> and <keh> written as one word: it leaks; {Gas akeh} is a gas leak, gas that is leaking	
s1220	leak out/escape	<a> with <keh> and <khia> written as one word: it leaks out, that which leaks out, said of gas, fuel or a chemical	
s1221	leak out/leak	<a>, <keh>, leak, and <khiat>, out, written as one word: that leaked out, of gas or of information	
s1222	Akeldama	field near Jerusalem bought with the money of Judas; the name means Field of Blood	
s1223	keep/look after/guard/one who looks after	<a> and <kem> written as one word: he or she keeps or looks after, or the one who looks after a child, a person or a thing; {akem ding} is the one who is to look after	
s1224	look after/keep/guard	<a> and <kemcing> written as one word: the one who keeps or looks after something, or he keeps it	
s1225	one to look after/in order to look after	<akem> and <ding> written as one word: the person who is to look after or guard someone, or in order to look after; {akemding omlo} is there is nobody to look after him	
s1226	happen to keep/have in one's keeping/possess	<akem>, he keeps or the one who keeps, with <kha>, happen to, written as one word: anyone who happens to have kept or to be holding a thing	
s1227	his carer/her carer/the woman who looks after	<a> and <kemnu> written as one word: the woman who looks after him, her or it, a female carer or keeper	
s1228	want to look after/one who wants to look after	<akem> and <nuam> written as one word: he or she wants to look after, or the one who wants to look after a child	
s1229	guardian/keeper/sustainer	<a> and <kempa> written as one word: the one who keeps or looks after someone or something	
s1230	caretakers/carers/keepers	<a> and <kemte> written as one word: those who look after a child, an animal or a place	
s1231	look after/keep/raise	<a> and <kep> written as one word: he looks after, the one he keeps or brings up	
s1232	hold/detain/keep	<a> and <kepcip> written as one word: they hold or detain someone, the one who is held	
s1233	keeping/holding/care/maintenance	<a> and <kepna> written as one word: his or her keeping of something, looking after someone or holding a person; with <hangin>, because of keeping	
s1234	entrust/leave in the care of/look after for	<a> and <kepsak> written as one word: he or she gives a child into the care of someone, or the one who looks after it for another	
s1235	be dry/dried/withered	<a> and <keu> written as one word: it is dry, or that which is dry; {akeu khit ciangin} is after it has dried	
s1236	dry up/be dried up/be parched	<a> and <keucip> written as one word: it dries right up, or that which has dried up, of land, a stream or the skin	
s1237	Akgal		
s1238	cock feather/tail feather	a long feather of a cock, <ak>, worn as an ornament stuck into the hair with the verb <tot>; the exact feather is not settled	
s1239		a chicken named after <aklui>, rooster, and <akpi>, hen, probably a half-grown one; in {ki akgual khen}, said of people, groups or countries, split apart and go separate ways	
s1240	spirit/soul	<a> and <kha> written as one word: his or her spirit or soul; the same spelling also stands for the month, as in {ani akha}, the day and the month	
s1241	forbid/prohibit/restrain	<a> and <khaam> written as one word: he forbade or restrained, or that which is forbidden	
s1242	to drop off/to see off/to take there	<a>, <kha>, here see off or take a person to a place, and <ding> written as one word: in order to take and leave someone there, as a child at school	
s1243	his jaw/her jaw/jawbone	<a> and <khaguh> written as one word: his or her jaw or jawbone	
s1244	released/issued	<a> and <khah>, release, written as one word: that someone released or let out, of prisoners set free and of a statement issued	
s1245	release/post/publish	<a> and <khahkhia> written as one word: the one who released it, or that was released; in news mostly of a video or report put out on the internet, also of a person set free	
s1246	the man who posted/the one who released	<akhahkhia> and <pa> written as one word: the man who posted or published a video, photo or statement	
s1247	release/publish/post	<a> and <khahkhiat> written as one word: released, let out; in news mostly of a video, a statement or figures made public, also of a person set free	
s1248	release/publication	<a> and <khahkhiatna> written as one word: the releasing or what is released, said in news reports of a statement or video that someone puts out; with <ah>, in the statement or video that they released	
s1249	release/posting	<a> and <khahna> written as one word: his or their letting something out, as the setting free of a prisoner or the putting out of a video or a notice; with <ah>, in what he posted	
s1250	let go/let escape	<a> and <khahsuah> written as one word: who lets go or lets escape, that he lets slip	
s1251	what was released/those who posted	<akhah>, released or put out, with the plural <te>: the things that someone released or published, or the people who posted something	
s1252	hang/suspend/the one who hangs	<a> and <khai>, hang or hold up, written as one word: that which hangs something up or holds it suspended	
s1253	Achaia	Roman province in the south of Greece, with Corinth as its chief city	
s1254	Achaicus	Christian from Corinth who visited Paul together with Stephanas and Fortunatus	
s1255	shut/close/block	<a> and <khak> written as one word: he shut it, it is shut off or blocked	
s1256	send/remit	<a> and <khak> in the sense send written as one word: he sent it, of a message, a video or money	
s1257	shut/block/ban	<a> and <khakcip> written as one word: he shuts or blocks it, or what is closed off or banned	
s1258	close/shut down	<a> and <khakcipsak> written as one word: an authority has a place closed	
s1259	send out/send in	<a>, <khak> and <khiat> written as one word: he or they sent something out, as a letter, a parcel or an application	
s1260	what he sent/his sending	<a> and <khakna> written as one word: the thing someone sent, as a letter or money, or the sending of it	
s1261	block/stop/hinder	<a> and <khaktan> written as one word: he blocked it, or the one that blocks	
s1262	his descendants/their offspring	<a> and <khakte> written as one word, found as the second part of the pair {asuan akhakte}, his or their descendants	
s1263	solid/the solid	<a> and <khal>, harden, written as one word: what is solid, a solid, set beside <atui>, the liquid, and <ahu>, the gas	
s1264	be full/be drunk/have enough	<a> and <kham> written as one word: have eaten one's fill, or with <zu> be drunk; {an akham un} is to their fill	
s1265	strictly forbid/ban/prohibit	<a> and <khamcip> written as one word: he or they forbid it firmly, or the thing that is banned, as in {akhamcip Chemical}, a banned chemical	
s1266	having got drunk/after drinking one's fill	<a> and <khamkhit> written as one word: when he has had his fill, in these reports of strong drink; {zu akhamkhit uhciangin} is after they had got drunk	
s1267	his beard	<a> and <khamul> written as one word: his beard	
s1268	Achan	man of the tribe of Judah, son of Karmi, who took devoted things from Jericho and was stoned	
s1269	increase/profit	The word <khang>, increase, with the prefix <a> written joined; {ameet akhang} is interest and profit taken on a loan.	
s1270	generation	<khang>, generation, with the prefix <a> written joined; doubled as {akhang akhangin}, from generation to generation	
s1271	increase/grow/rise	the verb <khang>, increase or grow, with the prefix <a> written joined: it increases, it grows up; {natna akhang pen} is where the disease is increasing most	
s1272	from generation to generation	<a> and <khangin> written as one word, in the phrase {akhang akhangin}: generation after generation	
s1273	generation after generation/through the generations	<a> with <khang>, here generation, said twice, written as one word and mostly followed by <in>: from one generation to the next	
s1274	grow up/be brought up	<a> and <khangkhia> written as one word: he or she grew up, the one who grew up, in a place or a family	
s1275	lower side/south	<a> and <khanglam> written as one word: the side that lies lower down, as below a road on a slope, and the south	
s1276	not increase/not grow	<akhang>, it increases or grows, and <lo>, not, written as one word: it has not increased; of a living thing, not grown, stunted	
s1277	young/the young one	<a> and <khangmoi> written as one word: who is young; {akhangmoi pen} is the youngest	
s1278	young/the young one	<a> and <khangno> written as one word: young, the one who is young; {akhangno lai} is while still young and {akhangno penpen} is the very youngest	
s1279	developed/advanced/progressing	<a> and <khangto> written as one word: that has grown or progressed; {akhangto gamte} are the developed countries	
s1280	developed/already developed	<akhangto> and <sa>, here already done, written as one word: that has already developed; {akhangtosa gamte} are the developed countries	
s1281	for life/lifelong/permanently/all his life	<a>, <khan> and <tawn> written as one word: through the whole of his or her life, and so for good; often followed by <in>	
s1282	progress/develop/advance	<a> and <khantoh> written as one word: it progresses or develops; {akhantoh nadingin} is for the progress of	
s1283	progress/development/advancement	<a> and <khantohna> written as one word: its progress, the development of a country or people; {akhantohna ding} is for its development	
s1284		<a>, a word for jaw, and <nuai>, under, written as one word, {a-kha-nuai}: the part under the jaw of the slaughtered animal, of which each of two persons gets a half	
s1285	Achar	name given to Achan in 1 Chronicles 2.7, the man who brought trouble on Israel	
s1286	pitiful/sad	<a> and <khasiat>, pity, written as one word and followed by <huai>: {akhasiat huai} is what is pitiful, the sad thing	
s1287	sorrow/grief/condolence	<a> and <khasiatna>, sorrow, written as one word: his or their sorrow, also the sad part of a matter	
s1288	his salary/her pay/their wages	<a>, his or her, and <khasum>, monthly pay, written as one word	
s1289	one/the one/the first	<a> and <khat> written as one word: one of them, the one; {akhat veina} is the first time, {akhat leuleu} the other one, and {sawm akhat} one tenth	
s1290	the first/first place/first prize/first	<a> and <khatna> written as one word: the first one, and in a contest the first place; <akhatna ngah> is win first place	
s1291	win first place/come first/take first prize	<akhatna>, the first place, and <ngah>, get: come first in a contest, a ranking or an examination; the contest stands before it with <ah> and the winner with <in>	
s1292	the other one/one of them	<a> and <khatpa> written as one word: one man of a pair or group, or the other man	
s1293	the one/the other one/one of them	<akhat>, the one, with the topic marker <pen>, written as one word: one of them, or the other of two, as what the sentence is about	
s1294	the first time/for the first time	<akhat> and <vei> written as one word: the first time, often followed by <na>	
s1295	the first time/first	<a> and <khatveina> written as one word: the first time, for the first time	
s1296	the other/the other one	<a> and <khatzaw> written as one word: the other one of two that are spoken of	
s1297	rope/cord/string/cable	<a> and <khau> written as one word: its rope, cord, string, fuse or cable	
s1298	strong/hard/strict/severe	<a> and <khauh>, hard, written as one word: of a smell or a drink strong, of words harsh, of a religion or rule strict	
s1299	strength/intensity/force	<a> and <khauhna> written as one word: its strength, how strong a wind, an earthquake, a fire or a bomb is	
s1300	fierce/intense/tough/severe	<a> and <khauhpai> written as one word: the one that is strong and forceful	
s1301	strongest/most severe/harshest	<a>, <khauh>, strong, and <penpen>, the very most, written as one word: the strongest or most severe of all	
s1302	stronger/harder/more severe	<a> and <khauhzaw> written as one word: the stronger or more severe one; after <sangin>, stronger than	
s1303	keep/rear/raise	<a> and <khawi> written as one word: he keeps or rears an animal, or the one that is kept	
s1304	that he keeps/reared/kept	<a>, <khawi> and <sa> written as one word: that someone has kept and reared, said of a pet or of livestock	
s1305	stop/cease/retire	<a> and <khawl> written as one word: it stops, comes to a halt, or he leaves off a work or service	
s1306	stop completely/come to a standstill	<a> and <khawlcip> written as one word: it stops and stays stopped, the one that has come to a halt	
s1307	to stop/to step down/to retire	<a> and <khawlding> written as one word: that he or it should stop; of a vehicle, to pull up; of an office or a job, to step down or retire	
s1308	after stopping/have stopped	<akhawl>, it stops, with <khit>, finished, written as one word: {akhawlkhit ciangin} is after it had stopped, said of a vehicle	
s1309	stopping place/where it stops/stopping	<a> and <khawlna> written as one word: the place where a vehicle or ship stops or berths, or the stopping of a work or action	
s1310	stopping place/in order to stop	<a>, <khawl>, stop, and <nading>, for, written as one word: before a noun, the place where a vehicle is to stop; with <in> or <un>, so that it stops, in order to make it stop	
s1311	stop/halt/dismiss	<a> and <khawlsak> written as one word: he or they make stop, of a vehicle pulled over, of work halted, or of a person removed from a post	
s1312	stopping/the stopping of it	<a> and <khawlsakna> written as one word: the stopping of a machine or a service, or that which stops it	
s1313	can stop/be able to stop	<a>, <khawl>, stop, and <theih>, be able, written as one word, before <nadingin>: so that it or he can stop	
s1314	free/free of charge/freely	<a> and <khawnkhong>, free, written as one word: without payment	
s1315	revenue/tax	the money a government collects, as taxes and duties on trade	
s1316	his foot/his leg/her leg	<a> and <khe> written as one word: his, her or its foot or leg	
s1317	his shoe/her shoes/the shoes	<a> and <khedap>, shoe, written as one word: his or her shoes	
s1318	unusual/peculiar/odd	<a> and <khel> written as one word before a noun or alone: out of the ordinary, different from what is usual, said of things and of behaviour	
s1319	various/differing/all sorts of	<a> and <khelkhel> written as one word, said of comments on social media: of many differing kinds, some of them odd or off the point	
s1320	deceive/cheat	<a> and <khem>, deceive, written as one word: he or she deceives, the one or the thing that deceives, and so a fake	
s1321	his toes/her toes	<a> and <kheme>, toe, written as one word: his or her toes	
s1322	deception/trick/hoax	<a> and <khemna> written as one word: his or her deceiving, the trick that someone plays	
s1323		<a>, <khem> and <zong> written as one word: also the one who deceives, the deceiving too	
s1324	divide/separate/distinguish	<a> and <khen> written as one word: he divides or tells apart, when divided; also the part that is divided off, a section	
s1325	set apart/divide off	<a> and <khenkhiat> written as one word: that they set apart	
s1326	decide/resolve	<a> and <khentat> written as one word: he, she or they decided; that which was decided	
s1327	its foot/its base	<a> and <khephung> written as one word: the foot or lower end of a thing such as an escalator or a bridge	
s1328	his big toe/her big toe	<a> and <khepi> written as one word: his or her big toe	
s1329	with his foot/on foot	<a>, <khe> and <tawh> written as one word: with his feet; said of running away on foot and of kicking or stamping on someone	
s1330	his feet/his legs/her legs	<a> and <khete> written as one word: his, her or its feet or legs	
s1331	his heel/her heel	<a> and <khetul>, heel, written as one word	
s1332	her necklace/the necklace	<a> and <khi> written as one word: his or her necklace	
s1333	drop/put out/pay out	<a> and <khia> written as one word: he or they drop, put out or pay out something; the one who does so	
s1334	wrong/in the wrong	The word <khial>, wrong, with the prefix <a> written joined: that which is wrong; {akhial min pua} is apparently to accept being called wrong, to take a rebuke.	
s1335	his mistake/its fault/their wrong	<a> and <khialhna> written as one word: his, her, its or their mistake, fault or wrongdoing	
s1336	reduced/lowered/that was lowered	<a>, <khiap>, reduce, and <suk>, down, written as one word: that was reduced or lowered, of a sentence or a rank	
s1337	threw down/who dropped	<a> and <khiasuk> written as one word: he threw or dropped something down from a height, or the one who did so	
s1338	drop/put in	<a> and <khiat> written as one word: that he dropped or put down; said of a bomb dropped from a plane and, with <thong>, of sending a person to prison	
s1339	after dropping/having put down	<a>, <khiat> and <khit> written as one word, before <ciangin>: after he or they dropped something or someone off or down, or handed over money	
s1340	meaning/explanation/interpretation	The word <khiatna>, meaning, with the prefix <a>, its, written as one word: the meaning or explanation of it.	
s1341	dropping/bombing	<khiat> in its meaning let fall, with the prefix <a> and the noun suffix <na>: the dropping of a bomb, after the word <bomb>; not the meaning of a word	
s1342	dropped/threw down	<a> and <khiatsuk> written as one word: he dropped or threw something down, as a bomb from the air	
s1343	tie up/bind fast/chain up	<a> and <khihcip> written as one word: he or she ties someone up, or the one who tied up	
s1344	Akim	ancestor of Jesus in the genealogy of Matthew, son of Zadok and father of Elihud	
s1345	be finished/end/be over	<a> and <khin> written as one word, with <khin> as the verb be finished or used up: it ends; {akhin ciangin} is when it is over or used up	
s1346	Achish	Philistine king of Gath with whom David took refuge from Saul	
s1347	his tears/her tears/their tears	<a> and <khitui> written as one word: his, her or their tears	
s1348	firm/stable/secure/lasting	<a> and <kho> written as one word: firm and lasting; mostly in the pair {akip akho}, stable and secure	
s1349	carer/nurse	<a> and <khoi> written as one word: the one who cares for a sick person; often paired as {akem akhoi}, those who look after and nurse	
s1350	touch/who touches	<a> and <khoih> written as one word: he touches, or the one who touches	
s1351	Achor	valley near Jericho where Achan was stoned; the name means trouble	
s1352	its smoke/fumes/vapour	<a> and <khu>, smoke, written as one word: the smoke, fumes or vapour of a thing	
s1353	wear on the head	<a> and <khu>, wear on the head, written as one word: he wears or the one wearing a hat or helmet	
s1354	his village/home town	<a>, his or their, and <khua>, village or town, written as one word: his own village, their home town; {akhua atui} is his native place	
s1355	brain/mind	<a>, his or her, with <khuak> in its sense of brain, written as one word: the brain; also the mind or intelligence, as in {akhuak hoih}, clever	
s1356	village by village/in each village	<a> and <khua>, village, doubled, written as one word: each village, every village in turn	
s1357	his brain/inside of the brain	<a> and <khuaksung> written as one word: his or her brain, the inside of the brain	
s1358	care for/have regard for/be concerned about	<a> and <khual>, have regard for, written as one word: one who cares about a person or thing; {angsung bek akhual} is one who looks only to his own interest	
s1359	concern for/regard for/sake	<a> and <khualna>, concern, written as one word: his or her care for someone; {akhualna in} is out of concern for, for the sake of	
s1360	travel/journey	<a> and <khualzin> written as one word: he travels, his or their travelling; {akhualzin nading} is for his journey	
s1361	his journey/their trip/travel	<a> and <khualzinna> written as one word: his, her or their journey, the trip someone makes	
s1362	its pillar/post/pole	<a> and <khuam> written as one word: its post or pillar, the posts of a building	
s1363	permission/leave/opportunity	leave or a chance to do something, asked of or given by someone; {akhuan ngen} is ask permission and {akhuan pia} give permission or an opportunity	
s1364	later/afterwards/in the end	at a later time, in the end; mostly as {akhuanung ah}	
s1365	city	The word <khuapi>, city, with the prefix <a> written joined: the city.	
s1366	his fellow villager/person from the same village	<a> and <khuapih> written as one word: someone from his or her own village or town	
s1367	in his village/in her town	<a> and <khuasung> written as one word: his, her or their village or town, in his village	
s1368	scratch	<a> and <khuat>, scratch, written as one word: {a lu akhuat} is he scratches his head; in other sentences the form is a misspelling of <akhuak>, the brain	
s1369	cough/one who coughs	<a> and <khuh> written as one word: he or she coughs, the one who coughs	
s1370	cover/reach down over	<a> and <khuh> written as one word, of a garment: that covers, that reaches down over a part of the body	
s1371	his knee/her knee	<a>, his or her, and <khuk> written as one word: his or her knee	
s1372	sweet/pleasant	<a> and <khum>, sweet, written as one word: sweet, that which is sweet, of taste and also of words, songs and life; paired with <akha>, bitter	
s1373	his hand/her hand	<a> and <khut> written as one word: his, her or its hand or hands	
s1374	his hands and feet/his limbs/her limbs	<akhut>, his hand, and <akhe>, his foot, set side by side without <leh>: his or her hands and feet, the limbs as a whole; {khut leh khe} with the possessive <a> on each word	
s1375	handcuffs/handcuffed hands	<akhut>, his hand, and <kol>, shackles: handcuffs on a person's hands; used with the verb <bulh>, fasten on, so that {akhut kol bulh} is to handcuff him and {akhut kol kibulhsa in} is in handcuffs	
s1376	its claw/its grab/his hand	<a> with a word for the gripping part of the hand, written as one word: the claw, grab or bucket of a crane or digger, and of a person the hand itself	
s1377	pulse/his pulse/her pulse	<a>, his or her, with <khutdawh> in the sense of the pulse felt at the wrist, not alms, written as one word	
s1378	with bare hands/his bare hand	<akhut>, his or her hand, and <guak>, bare, written as one word: the bare hand, without gloves, tools or safety gear; mostly with <tawh> or <in>	
s1379	fingerprint/his fingerprint	<a>, his or her, and <khutma>, the mark of the hand, written as one word: his or her fingerprint, often with the English word after it	
s1380	his handiwork/work of his hands	<a>, his or her, and <khutma>, handiwork, written as one word: what someone has done or made	
s1381	his finger/her finger	<a>, his or her, and <khutme> written as one word: his or her finger or fingers	
s1382	his wrist/her wrist	<akhut> and <ngawng> written as one word: his or her wrist, literally the neck of the hand	
s1383	from his hand/by the hand	<akhut>, his or her hand, with <pan>, from, written as one word: out of the hand, or of seizing someone, by the hand	
s1384	his hand/her hand	<akhut>, his or her hand, with the topic marker <pen> written as one word: as for his or her hand	
s1385	his thumb/her thumb	<a> and <khutpi> written as one word: his or her thumb; one article seems to use it of the whole hand	
s1386	his hand/her hand	<a> and <khutsung> written as one word: his or her hand as what holds a thing; {akhutsung ah} is in his hand	
s1387	with his hand/by hand	<a>, his or her, <khut>, hand, and <tawh>, with, written as one word: with his or her hand	
s1388	his hands/her hands/their hands	<a> and <khutte> written as one word: his, her or their hands	
s1389	his fist/her fist	<a> and <khuttum> written as one word: his or her fist	
s1390	his hand also/her hand too	<akhut> and <zong> written as one word: his or her hand as well	
s1391		<a> and the verb prefix <ki> written as one word and apart from the verb that follows: {aki phuankhia} is it was founded, {aki ci} the one that is called	
s1392	railing/barrier/enclosing wall/guard	<aki>, the written form of the subject marker with the passive prefix, and <umna>, enclosure: that with which a place is enclosed, the railing, guard rail, wall or glass that closes off the side of a road, bridge, room or vehicle; stands before or after the English word for the thing, as in {aki umna Railing}; not the sense meal of <umna>	
s1393	fell/crashed/that fell	<a> and <kia> written as one word: it fell, or the one that fell; said of an aircraft it is crashed, and {thong akia} is one who has been put in prison	
s1394	to fall/to serve	<a>, <kia> and <ding> written as one word: that will or should fall; with <thong>, to serve a prison term, and of a person thought to have fallen	
s1395	fall out/fall off	<a> and <kiakhia> written as one word: it fell out or off, or the thing that fell off	
s1396	decrease/be reduced	<a> and <kiam> written as one word: it has decreased, what is less, the one that is reduced	
s1397	be able to decrease/can be reduced	<akiam> and <theih>, be able, written as one word, before <nadingin>: so that it can go down	
s1398	nearby/beside it/near it	<a> and <kiang> written as one word: the place beside him or it, its neighbourhood; <akim akiang> is the area all around	
s1399	the man who fell	<akia>, the one that fell, and <pa>, man, written as one word: the man who fell	
s1400	fall down/fall out	<a>, <kia>, fall, and <suak> written as one word: he or it fell down or out from a height, as from a roof or a window; perhaps only another spelling of <akiasuk>	
s1401	fall down/fallen	<a> and <kiasuk> written as one word: he or it fell down, or the one that fell down	
s1402	fall/crash	<a> and <kiat>, the form of <kia>, fall, written as one word: it fell, its falling; of an aircraft, crash; {akiat laitak} is the moment it fell	
s1403	will serve in prison/will fall	<akiat>, he falls, and <ding>, will, written as one word: after <thong> and a length of time, the prison term he is to serve; elsewhere that it will fall	
s1404	may be sentenced/can fall	<a> and <kiathei> written as one word: that may fall; after <thong> and a length of time, liable to be sent to prison for that long	
s1405	fall out/fall off	<a>, <kiat> and <khiat> written as one word: the form of <akiakhia>, it fell out or off, used before words such as <laitak>, while	
s1406	after falling/have fallen	<a>, <kiat>, fall, and <khit>, finished, written as one word: after it fell or crashed, mostly before <ciangin> or <phetin>	
s1407	that it fell/the falling	<a>, <kiat>, fall, and <lam> written as one word: the fact that someone or something fell or dropped, as the thing known, noticed or reported	
s1408	if it falls/whether it falls	<akiat> and <leh>, if, written as one word: if or whether it falls; {thong akiatleh akiatlohding} is whether he will go to prison or not	
s1409	fall/crash	<akiat>, it fell, with <lian>, which here means exactly and not large, written as one word: mostly in {akiatlian laitak}, at the very moment it fell or crashed	
s1410	will not fall/not to fall	<akiat> and <lohding> written as one word: that it will not fall; after <akiatleh>, or not, as in {thong akiatleh akiatlohding}, whether he will go to prison or not	
s1411	before it fell/before the crash	<akiat> and <ma> written as one word, mostly followed by <in>: before it or she fell, before an aircraft crashed	
s1412	fall/crash/place of falling	<a> and <kiatna> written as one word: its falling, said of an aircraft that crashes or a bomb that lands; {akiatna mun} is the place where it fell	
s1413	sentence/bring down	<a> and <kiatsak> written as one word: he or they made it fall; {thong akiatsak} is the prison term that was passed	
s1414	drop/let fall	<a> and <kiatsuah> written as one word: he or she drops it, the thing that was dropped	
s1415	fall down/crash down	<a>, <kiat> and <suk> written as one word: he, she or it falls down; {akiatsuk ciangin} is when it fell down	
s1416	fall/place of the fall	<a>, <kiat>, <suk> and <na> written as one word: his or its falling down, or, before a noun, where it fell down	
s1417	after falling/after it fell	<akiat>, it fell, and <zawh>, after, written as one word: after the fall of a person or the crash of an aircraft	
s1419	same/alike/similar/analogous/like	<a> and <kibang> written as one word: that is the same, that is like; <tawh akibang> is like, similar to	
s1420	to be like/so as to resemble	<akibang>, alike, and <ding> written as one word: so as to be the same; {tawh akibangding in} is so that it is like	
s1421	equally/alike/likewise/similarly	<a> and <kibangin> written as one word: in the same way; after <tawh>, together with and in the same way as	
s1422	different/unlike/not the same	<a>, <kibang> and <lo> written as one word: that which is not alike, different	
s1423	the same one/what is like	<akibang>, the same or alike, with the topic marker <pen> written as one word: the one that is the same, or with <tawh> the thing that is like something	
s1424	resembling/similar-looking/something like	<akibang>, that is like, and <pian>, likeness, written as one word: that looks like or is of the same kind as the thing named before it with <tawh>	
s1425	alike/similar/the same	<a> and <kibat>, be alike, written as one word; with <tawh> it means be like something, and with <loh> or <kei> not be the same	
s1426	although it seems/though it looks like	<akibat>, be alike, and <hangin>, although: placed after a clause or noun with <tawh>, although it seems so or looks like that, before a statement that goes against it	
s1427	be different/not be alike	<a> and <kibatloh> written as one word: its not being alike; with <hang>, although not the same, and with <ciangin>, when it differs	
s1428	difference/unlikeness	<a> and <kibatlohna> written as one word: the difference, their being unlike	
s1429	be the same as/share/be alike with	<a> and <kibatpih> written as one word: the one that is like another or has the same thing in common, as in {biakna akibatpih}, of the same religion	
s1430	be made	The verb <kibawl>, be made, with the prefix <a> written joined: that which is made; {sumngo tawh akibawl} is made of bronze.	
s1431	keep being done/be under way	<a> and <kibawlbawl> written as one word: something is being done again and again or is going on, as treatment, an inspection or repair work; with {laitak in}, while it was being done	
s1432	be made in addition/be added/be done further	<a> and <kibawlbeh> written as one word: more of something was made or done, as a further charge in court	
s1433	when first made/at first	<akibawl> and <cil>, at the beginning, written as one word: when it was first made, or when a matter was first handled	
s1434	be held/be done/be treated	<a>, <kibawl> and <ding> written as one word: that will be held or done; of an injured person taken to hospital, to be treated	
s1435	whether it was made/whether it is done	<akibawl>, that is made or done, and the question word <hiam> written as one word: whether something was made or done, in an indirect question before <cih>	
s1436	while being treated/while being done	<a>, <kibawl>, be done or be treated, and <kawm>, while, written as one word and followed by <in>: while it is being done, while he is being treated	
s1437	be recorded/happen to be made	<a>, <kibawl>, be made, and <kha>, happen to, written as one word: that happened to be made; in news reports of a video recording that a camera happened to make of an event	
s1438	be manufactured/be produced/be made	<akibawl> and <khia> written as one word: that is made or produced, said of goods from a company or a country	
s1439	have been done/be finished/be completed	<a>, <kibawl>, be done, and <khit>, finished, written as one word: when it has been done; {akibawlkhit ciangin} is after it was done and {akibawlkhit asawtlo} not long after it was done	
s1440	while being done/still being done	<a>, <kibawl>, be done, and <lai>, the time when, written as one word and followed by <in>: while it is being done or held	
s1441	when it is done/if it is done	<akibawl>, it is done or made, and <leh>, if or when, written as one word: when or if a thing such as an operation or a court case is carried out	
s1442	before it was done/before it is carried out	<akibawl>, it is made or done, and <ma>, before, written as one word: before something is carried out, often followed by <in>	
s1443	where it is done/its being done	<a> and <kibawlna> written as one word: the place, time or occasion at which something is made, done or held	
s1444	day it was held/day it was made	<akibawl>, that is made or held, and <ni>, day, written as one word: the day on which a thing was done or held, as a report, an operation or an election	
s1445	what was made/what was held	<akibawl>, that which is made or done, and the topic marker <pen> written as one word: the thing made, the event held or the act done, as the topic of the sentence	
s1446	ready-made/already made/prepared	<a> and <kibawlsa>, already made, written as one word: that has been made, prepared or registered beforehand	
s1447	be done for/be made for/be performed on	<a> and <kibawlsak> written as one word: that which is made, done or carried out for or on someone, as an operation, a test or a document	
s1448	be under way/be being done	<akibawl>, is made or done, with an added ending whose sense is not certain; before <laitak> it says that something is being carried out at this very time	
s1449	be planned/be attempted/be about to be held	<aki> and <bawlsawm> written as one word: that was planned or attempted, that people intended to hold or carry out	
s1450	be mistreated/be abused	<a> and <kibawlsia> written as one word: who is mistreated or abused, the one harmed; with {nang leh nang}, harming yourself	
s1451	be persecuted/be mistreated	<a> and <kibawlsiat> written as one word: who is persecuted or abused, the fact of being mistreated	
s1452	persecution/mistreatment/abuse	<a> and <kibawlsiatna> written as one word: the mistreatment that he, she or they suffered, the fact of their being persecuted	
s1453	man-made/artificial/fake	<a> and <kibawltawm> written as one word: made by people, not natural; after <atuh> it says that goods are counterfeit	
s1454	those made/things done	<akibawl> with the plural <te>, written as one word: the things that were made or done, the ones that were made	
s1455	can be made/can be done	<akibawl> and <theih> written as one word: that it can be made or carried out; {akibawltheih nadingin} is so that it can be done	
s1456	have been made/be carried out/be completed	<a> and <kibawlzawh> written as one word: that has been made or done, after it was done; {akibawlzawh nading} is so that it can be done	
s1457	also be made/also be done	<akibawl>, that which is made or done, and <zong>, also, written as one word: some are also made or done so, those also made	
s1458	be added/increase	<a> and <kibehlap> written as one word: it is added, or before a noun what has been added; {akibehlap toto} is keeps increasing	
s1459	the addition/the increase/supplement	<a> and <kibehlapna> written as one word: the adding of something, or the place or time at which more was added	
s1460	be struck/be beaten/be knocked	<a> and <kibeng> written as one word: that is struck or beaten, the one being beaten; of a coffin, being knocked on	
s1461	be in turmoil/be in conflict/be in commotion	<a> and <kibuai> written as one word: it is in trouble or uproar, or the one that is in turmoil; said of a place in conflict and of people in a commotion	
s1462	be raped	<a> and <kibuan> written as one word: was raped, the one who was raped	
s1463	fight/brawl/grapple	<a> and <kibuan>, grapple with each other, with <gawp>, violently, written as one word: they fought hand to hand, seizing and striking one another	
s1464	struggle/assault	<a> and <kibuanna> written as one word: their struggling with each other, or the place or occasion of an assault	
s1465	be hidden/hide oneself	<aki> and <bucip> written as one word: that is hidden, he is hiding	
s1466	in order to hide	<a>, <kibu> and <ding> written as one word, usually before <in>: so as to hide oneself, to take cover	
s1467	overturn/capsize/roll over	<a>, <ki> and <bung> written as one word: a vehicle or boat that turned over, the one that overturned	
s1468	overturn/turn over/derail	<a> with <kibut>, of a vehicle or a train: it turned over or left the track, the one that overturned	
s1469	be called/so-called	The verb <kici>, be called, with the prefix <a> written joined: that is called, so-called; {pasian akici} are those that are called gods.	
s1470	be hired/be employed	<a> and <kicial> written as one word: he, she or they were hired for pay; the one who is hired	
s1471	be recorded/be regarded as/be listed	<a> and <kiciamteh> written as one word: that is recorded or regarded; after <in> it means recorded as, regarded as	
s1472	exact/definite/certain/detailed	<a> and <kician>, firm and sure, written as one word: what is definite and reliable; {akician in} is exactly, in detail, said of knowing or telling a matter	
s1473	limited/fixed/set/restricted	<a> and <kiciangtan> written as one word: that which is limited or fixed, as {akiciangtan hun}, the set time	
s1474	exactly/in detail/for certain	<akician> and <in> written as one word: exactly, in detail, said of knowing, telling or examining a matter	
s1475	exact/precise	<akician>, definite, with <lian>, here exactly, written as one word: the exact one; {akicianlian in} is exactly, precisely	
s1476	clearly/definitely/exactly	<a> and <kiciantak> written as one word: clear and definite, in a definite way	
s1477	more exact/more detailed/clearer	<a>, <kician> and <zaw> written as one word: the more exact or fuller one; {akicianzaw in} is in more detail	
s1478	record/commemoration	<a> and <kiciaptehna> written as one word: the record of something, the place or the day in which it is noted and remembered	
s1479	be called/be said	<a> and <kicih> written as one word: what is called, that it is said, used before nouns and endings	
s1480	so-called/the place called	<a> and <kicihna> written as one word, placed after a name: that which is called by this name, as {Lake Abaya akicihna}, the place called Lake Abaya	
s1481	that is even called/so-called	<a> and <kiciliang> written as one word, placed after a name or description: that is even called so, that goes by that name	
s1482	collapse/that collapsed	<a> and <kicim> written as one word: it collapsed, or the one that collapsed, said of buildings, roads and bridges	
s1483	collapse/fall in	<a> and <kicimsuk> written as one word: it collapsed, or the one that collapsed, said of buildings, ceilings and ground	
s1484	be complete/be fulfilled/be enough	<a> and <kicin> written as one word: it is complete, fulfilled or sufficient; {akicin lohna} is where something is lacking	
s1485	complete/sufficient/full	<a> and <kicing> written as one word: what is complete or enough; {akicing in} or {akicing takin} is in full, sufficiently	
s1486	fully/completely/in full	<a> and <kicingin> written as one word: in full, with nothing lacking; {athu akicingin} is the whole of the matter, in full detail	
s1487	insufficient/incomplete/lacking	<a> and <kicinglo> written as one word: that which is not enough or not complete	
s1488	fully/sufficiently/in full	<a> and <kicingtak> written as one word, mostly followed by <in>: in full, enough, as of time that is given	
s1489	more complete/fuller	<a> and <kicingzaw> written as one word: the fuller one; {akicingzaw in} is more fully, in full	
s1490	the woman called/woman named	<akici>, that is called, and <nu>, woman, written as one word after a name: the woman so called	
s1491	collapse/cave in	<a> and <kicip> written as one word: it collapses, said of a building, a wall or the ground	
s1492	the man called/man named	<a> and <kicipa> written as one word: the man who is called by the name that stands before it	
s1493	the one called/the so-called	<akici>, that is called, and the topic marker <pen> written as one word, placed after a name: the one called by that name, as the topic of the sentence	
s1494	collapse/place of collapse	<a> and <kicipna> written as one word: the collapsing of a building, a tower or the ground, or the place where it gave way	
s1495	collapse/fall in/cave in	<akicip>, it collapses, with <suk>, down, written as one word: it collapses downward, said of a building, a tower or a ceiling	
s1496	those called/the so-called	<a> and <kicite> written as one word and placed after a name: those who are called by that name, the so-called	
s1497	be protected/be shielded	<a> and <kidal> written as one word: it is shielded or protected, or shields itself, from something	
s1498	barrier/divider/guardrail/fence	<a> and <kidalna> written as one word: what screens or blocks off, in the news mostly the divider or guardrail of a road	
s1499	laid across/stretched out/spanning	<a> and <kidawh> written as one word: that is stretched or laid out, said of a bridge, flyover or pier built across something and of a cloth held out	
s1500	be seen/be exposed/stick out	<a> and <kidawk> written as one word: that shows, that is exposed or sticks out	
s1501	be careful/what is guarded against	<a> and <kidawm> written as one word: he is careful, the one who takes care, or the thing one guards against	
s1502	be stabbed/was stabbed	<a>, <ki> and <dawt> written as one word: he or she was stabbed	
s1503	be stabbed and wounded	<a>, <ki> and <dawtliam> written as one word: he or she was wounded by stabbing	
s1504	be stabbed to death	<a>, <ki>, <dawt>, stab, and <lum>, to death, written as one word: was stabbed to death, the one stabbed to death; with {amah leh amah}, stabbed himself or herself to death	
s1505	stab wound/stabbing/being stabbed	<akidawt>, was stabbed, with the ending {-na} written as one word: the place where a person was stabbed, the wound, or the stabbing itself	
s1506	be wanted/be needed/be popular	<a> and <kideih> written as one word: it is wanted or required; of a person, wanted by the police, or much liked	
s1507	rush to/give chase/chase one another	<a> and <kidelh> written as one word: they hurry to a place, or they chase one another	
s1508		<a>, <kidelh> and <leh> written as one word: when they chased one another	
s1509	chase/pursuit	<aki> and <delhna>, pursuit, written as one word: the chasing of someone, a chase; {akidelhna panin} is in the course of the chase	
s1510	compete/contest/run for	<a> and <kidem> written as one word: competes, the one who competes, said of rivals in business, a contest or an election	
s1511	full of/filled with	<a> and <kidim>, be filled, written as one word: that is full; after a noun with <tawh> it means full of or filled with that thing	
s1512	fight/be at war	<a> and <kido> written as one word: they fight each other, or the ones fighting; {gal akido} is they wage war	
s1513	be asked/be questioned	<a>, the verb prefix <ki> and <dong>, ask, written as one word: was asked, the one who was asked; of money, was asked for, collected	
s1514	be careful/take care/be on guard	<a> and <kidop> written as one word: that someone is careful; {akidop nadingin} is so that they take care	
s1515	be asked/be questioned	<a> and <kidot> written as one word, mostly as {akidot ciangin}: when he was asked	
s1516	be tight/be crowded/be tense	<a> and <kigak> written as one word: of time short, of a place or vehicle packed full, of relations between countries tense	
s1517	be far from/be distant	<a> and <kigam> written as one word, the first part of <kigamla>: that is far from something, after <tawh>	
s1519	be far from/be distant/be at a distance of	<a> and <kigamla> written as one word: that is far from, lying at the distance named; {akigamla lo} is not far away	
s1520	at a distance of/the distance away/distance	<a> and <kigamlatna>, distance apart, written as one word: after a measure, that lies so far away, as in {tai 3 akigamlatna}, three miles away	
s1521	in total/altogether/combined	<a> and <kigawm> written as one word: what is joined or added together; {akigawm in} is in total, altogether, and before a noun it means that has joined	
s1522	joined together/united/combined	<a> and <kigawmkhawm> written as one word: that are joined into one, united	
s1523	be planned/be intended	<a> and <kigeel>, be planned, written as one word: that is planned, it is planned; {dingin akigeel} is it is planned to	
s1524	be planned/be scheduled	<akigeel>, it is planned, with <sa>, already: it had been planned or scheduled, often of a plan that did not come about	
s1525	be planned/be arranged	<a> and <kigel>, be planned, written as one word: it is planned, that which is planned	
s1526	be written/be recorded	<a> and <kigelh> written as one word: it is written, or that which is written	
s1527	where it is written/what is written	<a> and <kigelhna> written as one word: the place or text in which something is written, mostly as {akigelhna ah}, in what is written	
s1528	be said/be spoken of/be told	<a> and <kigen> written as one word: it is said, what is said or spoken of	
s1529	be stated/be announced	<a> and <kigenkhia> written as one word: what has been stated or made known	
s1530	what is said/report/account	<a> and <kigenna>, the telling, written as one word: what is said or reported about something; <athu akigenna ah> is according to what is reported	
s1531	according to reports/as reported/it is said that	<akigenna>, what is said, and <ah>, in: in what is told, according to the report; it opens a news sentence, mostly as <athu akigenna ah>, and the sentence often ends in <kici> or <cihi>	
s1532	already said/stated before/foretold	<a> and <kigensa> written as one word: what has already been said or laid down; {akigensa ahihi} is it has been stated	
s1533	prepare/get ready	<a> and <kigin>, get ready, written as one word: he or they get ready	
s1534	be ready/be prepared	<a> and <kiging> written as one word: is ready, the one who is prepared	
s1535	ready/prepared/on standby	<a> and <kigingsa> written as one word, mostly followed by <in> and a form of <om>: in readiness, on the alert	
s1536	be stolen	<a> and <kigu> written as one word: it was stolen, or beside a noun the one that was stolen	
s1537	line up/queue	<a> and <kigual> written as one word: those who are lined up or standing in a queue	
s1538	was stolen/stolen	<a> and <kigukhia>, be stolen away, written as one word: it was stolen, the thing that was stolen	
s1539	be burned/be set on fire/burn	<a> and <kihal>, be burned, written as one word: it was burning, or that which was set on fire; of a fire also one that was lit on purpose	
s1540	be set on fire/be burned on purpose	<a> and <kihalsak> written as one word: it was set on fire by someone, said of a fire that was started deliberately	
s1541	be distributed/be allotted/be shared out	<a> and <kihawm> written as one word: that is divided or given out	
s1542	released/published/distributed	<a> and <kihawmkhia> written as one word: that was released or published, of a film or of news	
s1543	be included/take part/be involved	<a> and <kihel> written as one word: who takes part, that is included or involved, said of people in an event and of things in a whole	
s1544	will take part/be involved/be included	<a>, <kihel>, take part, and <ding>, will, written as one word: who or what will take part or be included; {akihelding in aki ummawh} is suspected of being involved	
s1545	be involved/be included/be among	<a>, <kihel> and <kha> written as one word: that happens to be involved or included in something	
s1546	one who took part/one of those involved	<akihel>, who takes part, and <khat>, one, written as one word: one who was involved in something or one who belongs to a group	
s1547	participants/those involved/those who take part	<akihelkha> with the plural <te>: the people who are involved in or take part in something	
s1548	not be included/be without	<a> and <kihello> written as one word: the one that is not included, that which has nothing mixed in	
s1549	participation/involvement	<a> and <kihelna> written as one word: his or their taking part, or that in which someone is involved	
s1550	participants/members/those included	<akihel> with the plural <te> written as one word: those who take part or are included	
s1551	can take part/who is able to join	<a> and <kihelthei> written as one word: who can take part or is included, will be able to attend	
s1552	take part regularly/be regularly included	<a>, <kihel> and <zel> written as one word: one that is regularly included or regularly takes part	
s1553	be evacuated/be moved out/be removed	<a> and <kihemkhia> written as one word: who moved or were moved away from a place of danger, also of animals taken away	
s1554	move aside/get out of the way/step aside	<a> and <kihep> written as one word: move to one side, clear out of the way, as a person off a railway track or a crowd off the road	
s1555	disgusting/loathsome/detestable	<a> and <kihhuai> written as one word: disgusting, that which is loathsome	
s1556	be taught/what is taught	<a> and <kihilh> written as one word: it is taught, or that which is taught	
s1557	captive/prisoner taken alive	<a> and <kihingmat>, be captured alive, written as one word: those who were taken alive in battle, named after the dead and the wounded	
s1558	proud/arrogant/haughty	Proud or arrogant, from <kihisak>, be proud, with the prefix <a> written joined; {akihisak mite} are the proud.	
s1559	talk together/converse	<a> and <kiho> written as one word: who talk with one another, when they talk together	
s1560	be opened/open/reopen	<a> and <kihon> written as one word: it is opened, that which is opened, said of doors, schools, shops and businesses; {akihon kik} is reopen	
s1561	conversation/talks	<a> and <kihona> written as one word: his or their conversation, the talks they hold	
s1562	be opened/open	<a> and <kihong>, be opened, written as one word: it is opened, or before a noun the one that is open, said of schools, shops and railway lines	
s1563	will be opened/which will open	<akihong>, it is opened, with <ding>, will, written as one word: that which is going to be opened, as a shop or a building	
s1564	be opened/open	<a> and <kihongkhia> written as one word: it was opened, the one that is opened, said of a shop or a service starting	
s1565	be newly opened/open for the first time	<akihong>, be opened, and <thak>, new, written as one word: was newly opened, said of shops and hotels	
s1566	spoken with/talked to	<a> and <kihopih> written as one word: who is spoken with, who talks with someone; {akihopih te} are the people one talks with	
s1567	fear/be afraid/dread	<a> and <kihtak>, fear, written as one word: the one who is afraid, or what he fears; paired with <alau>	
s1568	disgusting/filthy/loathsome	<a> and <kihhuai> written as one word and with one h: that is disgusting, of dirty things and of shameful behaviour	
s1569	support one another/hold together	<a> and <kihuai> written as one word: that look after and stand by one another, of a people	
s1570	be helped/help one another	<a> and <kihuh> written as one word: who is helped, or who help one another	
s1571	surroundings/around it	<a> and <kiim> written as one word: the area around it; <akiim apam> is all around, the whole neighbourhood	
s1572	surroundings/vicinity/neighbourhood/all around	<akiim>, around it, and <apaam>, its neighbourhood, said as a pair: the whole area round a place; stands before <ah> or <teng>, or before a noun as {akiim apaam gamte}, the surrounding countries; with other pronouns {i kiim i paam}, all around us	
s1573	surroundings/the whole area around/vicinity	<akiim>, around it, and <apam>, its vicinity: a pair of near synonyms that together name the whole area round about a place, often followed by <teng>, all, or by <ah>, in	
s1574	the next time/next time/later	<a> and <kik>, again, written as one word: the next one, the time after this; {akik ciangin} and {akik ah} are next time, afterwards	
s1575	be attended/attend	<a> and <kikah.3> written as one word: it is attended, people go to it, said of a school, a course or a meeting	
s1576	be pulled/be drawn/be put up	<a> and <kikai> written as one word: that is pulled along, or of a fence, that is put up, as in {dai akikai}	
s1577	be gathered/be drawn together	<a> and <kikaih>, be drawn, written as one word, before <khopna> or <khawp>: that are brought together, of people who gather or of things that are collected	
s1578	gathered/collected/assembled	<a> and <kikaikhawm> written as one word: that has been collected, or that have gathered in one place	
s1579	middle/space between/meantime/interval	<a> and <kikal> written as one word: what lies between two places, parties or times; {akikal ah} is in between or in the meantime, {akikal panin} is from the middle, as a go-between	
s1580	be investigated/be looked into	<a> and <kikan> written as one word: when it was investigated or inquired into; {akikan ciangin} is on investigation	
s1581	investigation/inquiry	<a> and <kikanna> written as one word: the looking into a matter; {athu akikanna ah} is on investigation of the matter	
s1582	be shot/shoot at each other	<a> and <kikap> written as one word: was shot, there was shooting, they fired at each other	
s1583	be shot/be hit by gunfire	<a>, <kikap> and <kha> written as one word: who was hit by a shot, the one who was shot	
s1584	be shot/be hit by a shot	<aki> and <kapkhak> written as one word: he or it was hit by gunfire	
s1585	have exchanged fire/have fought	<a>, <kikap> and <khit> written as one word, before <ciangin> or <zawh>: after they had shot at each other, after the fighting	
s1586	be shot and wounded	<a> and <kikapliam> written as one word: was shot and wounded, the one who was shot and wounded, usually after <thautawh>, with a gun	
s1587	was shot dead/the one shot dead	<a> and <kikaplum> written as one word: was shot dead, or before a noun the one who was shot dead	
s1588	be shot dead	<a>, <ki> and <kaplup> written as one word: was shot dead, the one who was shot dead	
s1589	shooting/exchange of fire/gunfight	<a> and <kikapna> written as one word: the shooting, either the fighting of two sides with guns or the shooting of one person; {akikapna liamma} is a gunshot wound	
s1590	how he was shot/manner of the shooting	<akikap>, was shot, with <zia>, way or manner: the way in which someone was shot, the circumstances of a shooting	
s1591	be kept/be looked after/be held	<a> and <kikem> written as one word: is kept or cared for, the one who is kept, as a patient in hospital or a prisoner in detention; also he keeps himself or guards his mouth	
s1592	be detained/be held in custody	<a> and <kikemcip> written as one word: he or she is detained, or the one who is detained	
s1593	be kept/be held/be looked after	<a> and <kikep> written as one word: being kept, held or cared for, as a patient in hospital or a person in custody; {akikep laitak} is is now being kept	
s1594	place where one is kept/place of custody	<a> and <kikepna> written as one word, here the noun of <kikem>, be kept: where someone is kept, held or cared for, placed before the name of the place, as a prison, a zoo, a hospital or a school	
s1595	be left in care/be entrusted	<a> and what seems to be <kikhak> written as one word and without the final {k}: of a child, be left with someone who looks after it	
s1596	be closed/be shut down	<a> and what seems to be <kikhak>, be shut, written as one word and without the final {k}: of businesses, that were closed	
s1598	be posted/be published/be released	<a> and <kikhah> written as one word: it is put out to the public, or the ones held are released	
s1599	released/that was released	<a> and <kikhahkhia> written as one word: that was released, said of prisoners set free and of photos or video made public	
s1600	hang/be hung/be hanged	<a> and <kikhai> written as one word: that hangs or is hung up, hanging	
s1601	differ/be far apart	<a> and <kikhai> written as one word, here in the sense be apart: differ from one another	
s1602	hang oneself/be hanged	<a> and <kikhailum> written as one word: he or she hanged himself or herself, or the one who is put to death by hanging	
s1603	be closed/be shut	<a> and <kikhak> written as one word: it is closed, the one that is shut, said of doors, schools, offices and businesses	
s1604	will be closed/will be shut	<a> and <kikhakding> written as one word: that it will be closed, said of an office or a shop	
s1605	be forbidden/be prohibited	<a> and <kikham> written as one word: it is forbidden, that which is forbidden	
s1606	be strictly forbidden/be banned	<aki> and <khamcip> written as one word: it is strictly forbidden, that which is banned	
s1607	be increased/be raised/be stepped up	<a> and <kikhan>, be enlarged, written as one word: it is increased, said of pay and of security measures; {amah tawh akikhan} is one who grew up with him	
s1608	be kept/be reared/that is reared	<a> and <kikhawi> written as one word: that is kept or reared, said of animals on a farm or in a zoo	
s1609	farm/enclosure/rearing place	<a> and <kikhawina> written as one word, after the name of an animal: the place where it is kept or reared	
s1610	get along with/associate with	<a> and <kikhawl> written as one word: who keeps company with others; {mite tawh akikhawl thei} is one who can get along with people	
s1611	be stopped/stand still	<a>, <ki> and <khawl>, here stop or rest, written as one word: that has stopped or stands still; {tui akikhawl} is water left standing and {nasep akikhawl sak} is one whose work has been stopped	
s1612	be stopped/be suspended/be laid off	<a> and <kikhawlsak> written as one word: that was stopped or suspended, the one who was made to stop work	
s1613	those gathered/worshippers/congregation	<a> and <kikhawm> written as one word: those who gather, the people who attend a meeting or worship	
s1614	change/be changed	<a> and <kikheel> written as one word: it changes, or that which changes; {akikheel ngeilo} is that never changes	
s1615	be exchanged/be swapped	<a> and <kikhek> written as one word: it is exchanged, what is exchanged for another thing	
s1616	change/be changed	<a> and <kikhel> written as one word: it changes, or before a noun the one that changes; {akikhel ngeilo} is never changing	
s1617	be deceived/deceive each other/be cheated	<a> and <kikhem>, be deceived or deceive one another, written as one word	
s1618	separate/divorce/split/be divided	<a> and <kikhen> written as one word: they separate or are divided, the one who is separated; said of husband and wife who part and of a group that splits	
s1619	dividing place/division	<a> and <kikhenna> written as one word: the place where something is divided, in the articles the divider between the two sides of a road	
s1620	be dropped/be thrown down/be sentenced	<a> and <kikhia> written as one word: it was dropped or thrown down onto a place, said of a bomb; {thong akikhia} is was sentenced to prison	
s1621	be mistaken/be wrong	<a> and <kikhial> written as one word: it is a mistake, or what is mistaken, an error	
s1622	be dropped/be imposed	<a> and <kikhiat> written as one word: that was dropped, said of a bomb, and that is imposed, said of a prison sentence	
s1623	being dropped/dropping	<a> and <kikhiatna> written as one word: the dropping of a thing from a height, as a bomb from a plane, and {akikhiatna mun}, the place where it was dropped	
s1624	be postponed/be moved/be put off	<a> and <kikhin> written as one word: that which is moved, of an appointment or date put off to another time	
s1625	be stored/be accumulated	<a> and <kikhol> written as one word: that which has been stored up or has piled up	
s1626	gather/meet for worship	<a> and <kikhop> written as one word: they gather, used before <uhciangin> and similar words	
s1627	place of confinement/detention	<a> and <kikhumna> written as one word: where someone is shut in, or the time a person is held in custody	
s1628	be strung/be stretched across/be put up	<a> and <kikhung> written as one word: that is stretched or put up across a space, of a wire, cable, bar or signboard	
s1629	be nailed/be fastened	<a> and <kikilh>, be nailed, written as one word: it is nailed, the thing that is nailed	
s1630	equal/equally	<a> and <kikim> written as one word: equal, the same in amount; with <in>, equally	
s1631	to be equal/equal to/level	<akikim> and <ding> written as one word: that will be equal to an amount, or with <in>, so as to be equal or level	
s1632	be placed/be kept/that is put	<a> and <kikoih> written as one word: it is put or kept somewhere, or before a noun the thing that is put there	
s1633	place where something is kept	<a> and <kikoihna> written as one word: the place or container in which the thing named before it is kept, followed by the name of the place or container	
s1634	the one that was put/what is placed	<akikoih>, that is put or kept, and the topic marker <pen> written as one word: the one that was put or left somewhere, as the topic of the sentence	
s1635	already placed/already put/appointed	<a> and <kikoihsa> written as one word: that has already been put somewhere, entered on a list or appointed	
s1636	discuss/confer	<a> and <kikum> written as one word: they discuss, what is discussed, the ones who discuss	
s1637	discuss	<a> and <kikup> written as one word: they discuss, or what is discussed	
s1638	be taken/be collected/be drawn	<a> and <kila> written as one word: that which is taken; said of data taken from a source, a tax or fee that is charged, and goods or water brought from a place	
s1639	be shown/be examined/consult	<a> and <kilah> written as one word: when it is shown, as a performance; of a sick person, show oneself to a doctor or at a clinic, be examined	
s1640	fight/brawl	<a> and <kilai> written as one word: they fight, those who fight one another	
s1641	be changed/be replaced/change	<a> and <kilaih> written as one word: is changed or replaced, the one that has changed; <pan> marks what it was before and <ah> what it becomes	
s1642	will be changed/to be replaced	<a> and <kilaihding> written as one word: that is to be changed or replaced	
s1643	be shown/be revealed	<a> and <kilak> written as one word: that is shown, displayed or revealed, as a film or a culture shown to the public	
s1644	be taken/be captured	<a> and <kilak> written as one word: that is taken, as leave from work, a tooth that is pulled, or a camp captured in war	
s1645	to be examined/to see a doctor	<a>, <kilak>, show oneself to a doctor, and <ding>, to, written as one word: in order to be examined at a hospital or clinic	
s1646	be captured/be taken/be drawn from	<a> and <kilakhia> written as one word: that was captured, said of a town or camp in war news, or that was taken out of a place	
s1647	be built	<a> and <kilam> written as one word: was built, the one that is built	
s1648	different/that differs	<a> and <kilamdang>, be different, written as one word: that is different, what differs, with <tawh> for what it differs from	
s1649	the difference/difference	<a> and <kilamdanna> written as one word: the difference between two things or groups, how they differ	
s1650	to be built/that will be built	<akilam> and <ding> written as one word, placed before a noun: the one that is going to be built	
s1651	be under construction/be being built	<a>, <kilam>, be built, and the ending {-san}, in progress, written as one word: that is being built; {akilamsan laitak} is while it was under construction	
s1652	newly built	<akilam>, that is built, and <thak>, new, written as one word: newly built, said of a bridge, a prison or a stadium	
s1653		<akilam> and <zawh>, finish, written as one word: since it was built, after its building was finished, followed by a length of time	
s1654	appear/be shown/be evident	<a> and <kilang>, appear, written as one word: it appears, that which is shown; {akilang sak} is the one that makes it show	
s1655	appear/show/be evident	<a> and <kilangh>, appear, written as one word: that shows, what is evident; {akilangh pen} is the most evident thing	
s1656	reveal/make known/show	<a> and <kilangsak> written as one word: who reveals, or that it be revealed	
s1657	appear/be revealed	<a> and <kilat> written as one word: it appears, its appearing, used before words such as <ciangin> and <theihna>	
s1658	be feared/be afraid	<a> and <kilau> written as one word: that is feared, or they are afraid	
s1659	spread/be contagious/be infected	<a> and <kilawh> written as one word: of a disease, pass from one person to another, or the ones to whom it has passed; {akilawh thei natna} is a contagious disease	
s1660	contagious/infectious/communicable	<akilawh>, that spreads from one to another, and <thei>, can: contagious, infectious; it stands before the noun, {akilawh thei natna} is a contagious disease	
s1661	spread fiercely/break out	<a> and <kilawhgawp> written as one word: of a fire or a disease, it spread badly	
s1662	be infected/catch	<a>, <kilawh>, be transmitted, and <kha> written as one word: who have caught an illness, to whom it has spread	
s1663	spread/infection/contagion	<a> and <kilawhna.1> written as one word: the spreading of a disease from person to person	
s1664	name/designation	<a> and <kilawhna.2> written as one word: what a place or thing is called	
s1665	spread across/spread to	<aki> and <lawhphei> written as one word: of fire or disease, it spreads across to what is next to it	
s1666	contagious/infectious/transmissible	<a> and <kilawhthei> written as one word: that can spread, said of a disease that passes from an animal, an insect, food or a person; {panin akilawhthei} is that spreads from	
s1667	fitting/proper/deserving/reasonable/befitting	Fitting, proper or deserved, from <kilawm> with the prefix <a> written as one word; {sihna thuak ding akilawm} is deserving of death, and {akilawm kei hi} is it is not reasonable.	
s1668	improper/unfitting/inappropriate/indecent	<akilawm>, fitting, with <lo>, not, written as one word; {akilawmlo in gamtatna} is improper or indecent behaviour	
s1669	be thrown/be set off	<a> and <kilawn> written as one word: that is thrown or flung, said also of firecrackers that are set off	
s1670	go back and forth/go about/run to and fro	<a> and <kileh> written as one word: that goes to and fro, often with <kawikawi>, of people patrolling, of trains running between two places and of animals running about	
s1671	contrary/opposite/contradictory/converse	<a> and <kilehbulh> written as one word, used with <tawh>: that is contrary or opposite to something	
s1672	return/turn back/come back	<a> and <kilehkik> written as one word: it turned back, when someone comes back; said often of an aircraft returning	
s1673	be bought/be purchased	<a> and <kilei> written as one word: it was bought, or that which is bought; with <tawh> for the price	
s1674	get along/be on good terms/agree	<a> and <kilem> written as one word: they are at peace or get along with one another; in the dictionary data also what fits or is in harmony	
s1675	that is widely used/popular	<a> and <kilimzat> written as one word: that is much used, widely used or popular	
s1676	be thrown/be fired	<a> and <kilot> written as one word: it is thrown or shot, what is thrown	
s1677	was robbed/was broken into	<a> and <kiluh>, be raided or plundered, written as one word: it was robbed or broken into, the place that was robbed	
s1678	enter/be entered	<a> and <kilut> written as one word: people go in, a place is entered; before <ciangin>, when one enters	
s1679	surroundings/area around/neighbourhood	<a> and <kim> written as one word: the area around it; <akim akiang> and <akim apam> are the whole surrounding area	
s1680	complete/full/satisfied	<a> and <kim> written as one word: complete, with none missing; {akim in} is in full or all of them, and {lung akim} is be satisfied	
s1681	surroundings/vicinity/surrounding area	<akim>, its surroundings, and <akiang>, beside it: the whole area around a place; it follows the name of the place and <le> or <leh>, and stands before a noun as surrounding, as in {akim akiang khua teng}, all the villages around	
s1682	surroundings/whole area around/neighbourhood	<akim>, the area around it, paired with <apam>, the place beside it: everything that lies around a place, all the surrounding area; it stands before the things or places meant or before {aa om}	
s1683	use/worth/benefit	<kiman>, be of use, with the prefix <a> and the noun suffix <na>; {bangmah akiman’na om lo} is there is nothing of worth in it	
s1684	be in effect/last/be of use	<a> and <kimang> written as one word: that is in use or in force, that lasts for a time, that is of use	
s1685	who were caught/arrested	<a>, <kiman>, be caught, and <kha>, happen to, written as one word: the ones who got caught or arrested	
s1686	was arrested/was caught	<a>, the passive prefix <ki> and <mankhia> written as one word: he was arrested, or the one who was arrested	
s1687	have been arrested/already arrested	<a> and <kimankhin> written as one word: who have already been arrested, those arrested so far	
s1688	among those arrested	<a>, <kiman>, be arrested, and <lak>, among, written as one word and followed by <ah>: among the people who were arrested	
s1689	arrested man/detainee/man in custody	<a>, <kiman>, be arrested, and <pa>, man, written as one word: the man who was arrested	
s1690	was arrested at once/was caught immediately	<a> and <kimanpah> written as one word: he or she was arrested right away	
s1691	the one arrested	<a>, <kiman>, be arrested, and the topic marker <pen>, written as one word: the person who was arrested, as the topic of the sentence	
s1692	already arrested/arrested	<a> and <kiman>, be arrested, with the ending {-sa}, already done, written as one word before a noun: those who have already been arrested	
s1693	be arrested/be detained	<a>, <kiman>, be arrested, and <suak>, right through, written as one word: was arrested and taken away, or those who were arrested	
s1694	those arrested/the arrested/detainees	<a> and <kimante> written as one word: the people who were caught or arrested	
s1695	all that was seized/all those arrested	<a>, <kiman> and <teng>, here all, written as one word: everything that was seized, or all the people who were arrested	
s1696	could be caught/was arrested	<a> and <kimanthei>, can be caught, written as one word: the one who could be caught or arrested, mostly as {akimanthei ahihi}, it was thus that he could be caught	
s1697	be arrested/be caught/be seized	<a> and <kimat> written as one word: the one who was arrested, what was seized, or when he was arrested	
s1698	be arrested in addition/be arrested as well	<a> and <kimatbeh> written as one word: the one who was arrested in addition to those arrested before	
s1699	will be arrested/being arrested	<akimat>, be arrested, and <ding>, will, written as one word: that he or she will be arrested; often before a word of fear, as {akimatding lau}, afraid of being arrested	
s1700	be caught/be arrested	<aki> and <matkhiat> written as one word: he or they are caught, used before words such as <ciangin> and <theih>	
s1701	after being arrested/after being seized	<akimat>, was arrested or seized, and <khit>, after, written as one word, mostly before <ciangin>	
s1702	if arrested/if caught	<akimat> and <leh>, if, written as one word: if he is arrested	
s1703	arrest/seizure/place of arrest	<a> and <kimatna> written as one word: the arrest of someone or the seizure of something, or the place of it or reason for it	
s1704	be blamed/be criticised	<a> and <kimawh> written as one word; it stands before <sak> as {akimawh sak}, is blamed, is held at fault by others	
s1705	accusation/charge	<a> and <kimawhsakna> written as one word: the accusation made against someone, the charge that is brought	
s1706	play/playing	<a> and <kimawl> written as one word: he or they play, or the one who plays, a player	
s1707	play about/keep playing/be playing	<a> and <kimawlmawl> written as one word: he or they are playing, or the one who plays on and on with something	
s1708	toy/plaything/play	<a> and <kimawlna> written as one word: what a child plays with, or his playing and the place of it	
s1709	play with	<a> and <kimawlpih> written as one word: he plays with, and the one with whom someone plays	
s1710	in full/completely/in detail	<a> and <kimin> written as one word: the whole of it, with nothing left out; of news, in full detail	
s1711	in full/completely/with everything	<a> and <kimtak> written as one word, mostly {akimtak in}: in full, with nothing missing	
s1712	be seen/be found	<a> and <kimu> written as one word, here as the passive of <mu>, see: that is seen or found; {akimu theilo} is unseen, invisible	
s1713	trusted/relied on/confident	<a> and <kimuang> written as one word: the one who is trusted or relied on; also being confident, sure of oneself	
s1714	will meet/to meet	<a> and <kimuding> written as one word: who will meet, in order to meet	
s1715	be found/be seen	<a> and <kimuh> written as one word: it was found or seen, mostly before <ciangin>, when	
s1716	meet/see each other	<a> and <kimuh> written as one word: they meet or met each other	
s1717	be found/be discovered	<a>, <kimuh> and <khiat> written as one word: it was found or discovered; the form used before a noun or a word such as <ciangin>, as {akimuhkhiat hun}, the time it was found	
s1718	if found/if seen	<a>, <kimuh>, be found, and <leh>, if, written as one word: if it is found, if someone is found or caught doing it	
s1719	before being found	<akimuh> and <ma>, before, written as one word: before it was found or seen	
s1720	place where it was found/being found/being seen	<a> and <kimuhna> written as one word: the place where, or the fact that, something was found or seen; also their meeting each other	
s1721	the finding	<akimuh> and the topic marker <pen> written as one word: as for its being found, as for when it was found	
s1722	be found/be discovered	<a> and <kimukhia> written as one word: was found, was discovered, or the one that was found	
s1723	who do not meet/not see each other	<a>, <kimu>, meet, and <lo>, not, written as one word: who do not meet, with <tawh> for the person	
s1724	visible/that can be seen	<a> and <kimuthei> written as one word: what can be seen, the visible; the opposite is <akimutheilo>, the unseen	
s1725	invisible/unseen	<a>, <kimuthei> and <lo> written as one word: that cannot be seen	
s1726	urgent/pressing/eager	<a> and <kin> written as one word: what is urgent, or one who is eager and cares about something; before a verb, urgently or with care	
s1727	near/close/nearest	<a> and <kinai> written as one word: that is near or close to something, used with <tawh>; with <pen> the nearest; also of a close relation	
s1728	nearest/closest	<a> and <kinaipen> written as one word: the nearest, with <tawh> for the place it is nearest to	
s1729	closely related/close relative	<a> and <kinaipih> written as one word: who is a close relative	
s1730	be had/be held/have	<a> and <kinei> written as one word: that is had or held, what people have, as a view, a feeling or a meeting	
s1731	pretend/pose as	<a> and <kineih>, pretend, written as one word: one who makes himself out to be what he is not; follows the thing pretended	
s1732	be held/be carried out	<a>, the prefix <ki> and <neih>, have or hold, written as one word: that is held or carried out, of a meeting, a check or an attitude	
s1733	after it has been held/has been held	<aki> and <neihkhit>, have held, written as one word: with <ciangin>, after a hearing, meeting or event has been held	
s1734	holding/hearing/session	<a>, <ki> and <neihna> written as one word: the holding of something, or the occasion and place at which an inquiry, a hearing or a protest is held, as {thusitna akineihna}, the hearing that was held	
s1735	have been held/be already done	<a> and <kineikhin> written as one word: it has already been held or done	
s1736	be eaten/that is eaten	<a> and <kinek> written as one word: that is eaten, when it is eaten	
s1737	depend on/rest on/rely on	<a> and <kinga> written as one word, after <tungah> or {tung ah}: that which depends or rests on someone or something	
s1738	be obtained/be got/be received	<a> and <kingah> written as one word: it is obtained, or that which is got or received	
s1739	be lovers/love each other	<a> and <kingai> written as one word: those who love each other as man and woman, or the one someone is in love with	
s1740	be considered/be regarded	<a> and <kingaihsun.3> written as one word: it is thought of or regarded in a certain way, often before <ahihi>	
s1741	left behind/abandoned/left	<a> and <kinusia>, be left, written as one word: that has been left behind or abandoned, of a child, a thing or a message	
s1742	stable/firm/established	<a> and <kip> written as one word: what is firm or established, be firmly established; {akip akho} is stable and lasting	
s1743	thrown away/abandoned/discarded	<a> and <kipaai>, be thrown away, written as one word before a noun or <khat>: one that was thrown away; said here of a newborn baby that was abandoned	
s1744	be honored/be exalted	<a> and <kipahtawi> written as one word: who is honored or exalted, or the day on which someone is honored	
s1745	be thrown away/be abandoned	<a> and <kipai> written as one word, here in the sense be thrown away: that was thrown away or left behind, said of rubbish and of an abandoned baby	
s1746	go/travel	<a> and <kipai> written as one word: when one goes, the going	
s1747	journey/distance travelled	<aki> and <paina>, going, written as one word: after a length of time, the place that is so long a journey away	
s1748	from/since/beginning with	marks the starting point in time, place or a list, often after <pan>; {amah akipan a innkuanpihte} means him and all his household	
s1749	will begin/be about to start	<a>, <kipan> and <ding> written as one word: it will begin, that which is to begin; often with a date and {hita hi}	
s1750	take a stand/side with/take the lead	<a> and <kipang> written as one word: he or they take up a position, on the side of someone or at the front; in one article it stands for <akipan>, since	
s1751	from/since/beginning with	{a kipanin} written as one word; follows the time or thing that is the starting point	
s1752	begin/start/originate	<a> and <kipankhia> written as one word: that began or started out from a time, a place or a source	
s1753	has already begun/has already started	<a> and <kipankhin> written as one word: it has already begun or been started	
s1754	begin at once/start immediately	<a> and <kipanpah> written as one word: start right away, placed after the action that is begun	
s1755	have begun/has started	<a> and <kipanta> written as one word: it has now begun	
s1756	first/beginning	<kipat>, begin, with the prefix <a> written joined; {akipat ni} is the first day	
s1757	begin/start/break out	<kipat>, begin, with the prefix <a> written joined, as the verb of a clause before <ciangin>, <laitak> or <hun>: it began, as a fire or a meeting; not the adjective first	
s1758	beginning/start	<a> and <kipatcil> written as one word: the beginning; {akipatcil in} is at first, at the beginning	
s1759	begin/start/be started	<a> with <kipat>, begin, and <khiat>, out, written as one word: that or when something was started; {akipatkhiat kum} is the year it began	
s1760	around the beginning	<a>, <kipatlam>, the early part, and <pawl>, about, written as one word after the name of a month: around the beginning of that month	
s1761	before it begins/before the start	<a> and <kipatma> written as one word: before something begins, often with <in> or with a length of time after it	
s1762	beginning/origin/starting point/genesis/inception	<a> and <kipatna> written as one word: its beginning, the place or cause from which something started	
s1763	began/the start of it	<a>, <kipat>, begin, and the topic marker <pen> written as one word: as for when or where something began	
s1764	since it began/since starting	<a>, <kipat> and <zawh> written as one word, with <zawh> in the sense after: since something began, followed by the length of time that has passed	
s1765	be joined with/be associated with/go with	<kipawl>, associate, with the prefix <a> written as one word, placed after <tawh> and before a noun: that is joined with, that goes with	
s1766	allied/joined together/associated	<a> and <kipawlkhawm>, join together, written as one word: who have joined together, those allied with someone	
s1767	allied/associated/partner	<a> and <kipawlpih> written as one word before a noun: that is allied with, its ally or partner	
s1768	allies/associates	<a> and <kipawlpihte> written as one word: those who are joined with them, their allies	
s1769	spin/rotate/turn round	<a> and <kipei> written as one word: it spins, the one that turns round, said of machines, blades and wheels	
s1770	miss/avoid/be at variance with	<a> and <kipelh> written as one word: what is avoided or missed; after <tawh>, what does not agree with a rule or a record, and {akipelh thei lo} is unavoidable	
s1771	not allowed/forbidden/prohibited	<a>, <kiphal> be allowed and the negative <lo> written as one word: that is not permitted; after a verb with <ding>, not allowed to do it	
s1772	realise/be aware/be remembered	<a> and <kiphawk> written as one word: they realise or become aware of something; also the one that is remembered or noticed	
s1773	be hung out/be spread out to dry	<a> and <kipho> written as one word: that is hung or spread out, said of washing put out to dry	
s1774	be composed/be named/be coined	<a> and <kiphuak> written as one word: of a song, composed; of a name or a word, given or made up	
s1775	founded/established/formed	<a>, the passive prefix <ki> and <phuan>, set up, written as one word: that was founded, of an association, a committee or a court	
s1776	founded/established/formed	<a> and <kiphuankhia> written as one word: that was founded, of a school, a district or an organisation	
s1777	collide/crash into each other	<a> and <kiphukha>, collide, written as one word: they collided, the ones that collided, said of vehicles	
s1778	be buried/buried	<a> and <kiphum> written as one word: that is buried, said of a body, a mine or a pipe under the ground	
s1779	be set up/be founded/be planted	<a> and <kiphut> written as one word: that was set up or founded, as an organisation, or that is fixed or stuck in something	
s1780	crowd/throng	<a> and <kiphut> written as one word, said of people: who are crowding together in a place, as {akiphut ziahziah}	
s1781	collide/crash into each other	<a>, the prefix <ki> and <phutkhak> written as one word: they collided, the ones that collided, said of vehicles	
s1782	given/be given	<a> and <kipia> written as one word: that is given, the one to whom something is given	
s1783	will be given/to be given	<a> and <kipiading> written as one word: that will be given, granted or imposed, as aid, a title or a sentence	
s1784	be given/that is given	<a> and <kipiak> written as one word: it is given, that which is given; {akipiak nadingin} is in order that it be given	
s1785	devote oneself/volunteer/be given out	<a> and <kipiakhia> written as one word: one who gives himself to a cause, a volunteer; also what is given out	
s1786	have been given/has been granted	<a> and <kipiakhin> written as one word: that has already been given, said of time allowed for doing something	
s1787	giving/being given	<a> and <kipiakna> written as one word: the giving of a thing, the fact that or the reason why it was given	
s1788	not given/unpaid/not granted	<a> and <kipialo> written as one word: that is not given, said of a permit not granted and of a tax or debt not paid	
s1789	given/already given	<a> and <kipiasa> written as one word: that has been given	
s1790	think oneself wise/be conceited	<a> and <kipilsak> written as one word: the one who thinks himself wise, those who make themselves out to be wise	
s1791	staying firm/lasting	<a> and <kipna> written as one word, found before <ding>: {akipna ding} is so that it stays firm, or for it to last	
s1792	established/settled/fixed	<a> and <kipsa> written as one word: the one that already stands firm, that is already settled	
s1793	confirm/establish/make firm	<a> and <kipsak> written as one word: he confirmed or settled it, or the one or the thing that makes firm	
s1794	be carried/be transported	<a> and <kipua> written as one word: that is carried or loaded, what a vehicle or ship is carrying	
s1795	be sent/be taken/be delivered	<a> and <kipuak> written as one word: it is sent or taken somewhere, the one that is sent	
s1796	to be sent/to be delivered/bound for	<a> and <kipuakding> written as one word: that is to be sent or taken to a place	
s1797	be sent back/be deported/be returned	<a> and <kipuakkik> written as one word: he is or they are sent back to their country, the ones who are sent back	
s1798	where one was taken/being sent	<a> and <kipuakna> written as one word: the place to which someone was taken, as {zato akipuakna}, the hospital he was taken to; also the sending or shipping of something	
s1799	be taken at once/be sent immediately	<akipuak>, be taken, with <pah>, at once, written as one word: was taken there straight away, mostly of a person taken to hospital	
s1800	be about to be sent/be meant to be carried	<a>, <kipuak> be carried or sent and <sawm> intend, written as one word: that was going to be sent, carried or smuggled to a place	
s1801	also those taken	<akipuak>, the ones that are taken, and <zong>, also, written as one word: those taken to hospital as well	
s1802	fell/collapsed/that fell	<a> and <kipuk> written as one word: fell down or collapsed, and the thing that fell	
s1803	announced/that was announced	<a> and <kipulak>, be made known, written as one word before a noun: that was announced	
s1804	surrender/give oneself up	<a> and <kipumpiak> written as one word: who surrendered, the one who gives himself up to the other side in war	
s1805	be about to/be ready	Be about to do something, from <kisa>, get ready, with the prefix <a> written joined; {thu dong dinga akisa mite} are those who were about to question him.	
s1806	consider oneself/be considered/be felt	<a> with <kisa> written as one word, after the quality it applies to: one who thinks himself to be so, as {thahat akisa}, or a thing that is felt to be so, as {lamdang akisa}, found strange; not be about to	
s1807	concerning/related	<a> and <kisai> written as one word: that which concerns, what is related; {tawh akisai} is concerning, connected with	
s1808	concerned/involved	<akisai> with <kha> written as one word: those who are concerned in or touched by a matter; {akisaikha kumpi thunei te} is the authorities concerned	
s1809	unrelated/irrelevant/not concerning	<akisai>, concerning, and <lo>, not, written as one word: that has nothing to do with; the thing it is unrelated to stands before it with <tawh>	
s1810	be involved in/be concerned with	<aki> and <saipih> written as one word: the one who deals with a matter or whom it concerns; {akisaipih zum} is the office concerned	
s1811	prepare/get ready/be about to	the prefix <a> written together with <kisak>, a form of <kisa> get ready; {pai dinga akisak lai takin}, just as he was getting ready to go	
s1812	suppose/expect/feel	the prefix <a> written together with a form of <kisa>, think of oneself: suppose or feel that something is so for oneself, after the thing supposed, as in {maipha ngah akisak}, feel that one is favoured; not getting ready to act	
s1813	needed/necessary/required/essential	<a> and <kisam> written as one word: that is needed, what is necessary; <akisam bangin> is as needed	
s1814	as needed/whatever is needed	<akisam>, what is needed, with <bangbang.2>, just as: according to need, in whatever way is required; mostly with <in> before a verb, {akisam bangbang in}, and also before a noun, whatever is needed	
s1815	as needed/as necessary/whatever is required	<akisam>, what is needed, and <bangbangin>, exactly as: in whatever way is needed, as the case requires; it stands before a verb of helping, arranging or acting, a stock phrase in promises of support	
s1816	as needed/as required/as necessary	<akisam>, what is needed, and <bangin>, according to: as the need is, as the case requires; it stands before the verb, often in official statements, as in {akisam bangin thu kibawlding hi}, action will be taken as necessary	
s1817	as needed/as necessary/as required	<akisam> and <bang> written as one word, followed by <in>: according to what is needed	
s1818	be needed/what is needed	<a> and <kisamh>, need, written as one word: what is needed, the things that are necessary	
s1819	still be needed/remain/be still lacking	<a> and <kisamlai> written as one word: that is still needed; of time, that still remains	
s1820	unnecessary/not needed	<a> and <kisamlo> written as one word: that is not needed, what is unnecessary	
s1821	those in need/the things needed	<a>, <kisam> and the plural <te> written as one word: the people who need something, as in {panpihna akisamte}, those who need help, or the things that are needed	
s1822	all that is needed/everything necessary	<a> <kisam> and <teng>, here all, written as one word: all the things that are needed	
s1823	be needed/what is needed	<a> and <kisap> written as one word: what is needed; {akisap leh} is if needed, {akisap bang in} as is needed, and before a noun it means the needed one	
s1824	if needed/if necessary	<a>, <kisap> and <leh> written as one word: if it is needed, when necessary	
s1825	need/what is needed	<a> and <kisapna> written as one word: the need for something, what is needed; {akisapna zui in} is according to need	
s1826	be beaten/be struck/be hacked	<a> and <kisat> written as one word: he or it is beaten, struck or cut with a blade, the one who is struck	
s1827	be founded/be established	<a> and <kisat> written as one word, of a village: {khua akisat} is the village was founded	
s1828	be beaten severely/be hacked	<a> and <kisatgawp> written as one word: he or it is struck or hacked hard, the one so beaten	
s1829	the beating/being struck	<a> and <kisatna> written as one word: the beating or striking of someone or something, or the place where it was struck	
s1830	come into contact with/have been in contact	<a> and <kisawh> written as one word, after <tawh>, with, and mostly before <kha>: the one who has come into contact with someone	
s1831	be involved in/be connected with/come into contact with	<a> and <kisawhkha> written as one word, after <tawh>: the one who is involved in a matter, or who has come into contact with a thing	
s1832	be told/be ordered/be sent	<a> and <kisawl> written as one word: he or they were told or ordered to do something, or the one who is sent; {akisawl nana mun} is wherever one is sent	
s1833	appointed/fixed/set	<a> and <kisehsa> written as one word: that which has been set or assigned beforehand, as an amount, a number of people or a procedure	
s1834	hidden/be hidden	<a> and <kisel> written as one word, <kisel> here in the sense of be hidden and not of argue: that is hidden or concealed	
s1835	hidden/concealed	<a> and <kiselsim>, be concealed, written as one word: that is hidden or kept out of sight	
s1836	be done/be made/be carried out	<a> and <kisem> written as one word: it is done, that which is done or made	
s1837	be done/be carried out	<a> and <kisep> written as one word: work is being done or is carried out; {akisep laitak} is being done right now	
s1838	ruined/damaged/broken down	<a> and <kisia> written as one word: that which is ruined or spoiled, or it is ruined	
s1839	wrecked/completely ruined	<a> and <kisiacip> written as one word: the one that is wrecked, it is completely ruined	
s1840	be laid/lie/be placed	<aki> and <sial>, lay down, written as one word: who is laid or is lying on a bed, a table or a stretcher or in a cradle or tomb	
s1841	boast/brag	<a> and <kisial>, boast, written as one word: who boasts; {akisial mahmah} is those who brag a great deal	
s1842	break down/be damaged/be ruined	<a> and <kisiat> written as one word: it breaks down, is damaged or spoiled, the one that is damaged; of a couple, fall out	
s1843	imperishable/indestructible/incorruptible	<akisia> and <theilo> written as one word: that cannot be ruined or destroyed, often paired with <akimutheilo>, invisible	
s1844	kill oneself/commit suicide	<a> and <kisihbawl> written as one word: he or she killed himself or herself, the one or those who take their own life	
s1845	repent/regret	<a> and <kisik> written as one word: he repents, or before a noun the one who repents; {akisik kik} is turn back in repentance	
s1846	bathe/take a bath	<a> and <kisil> written as one word: he or she bathes; {akisil laitak} is while bathing	
s1847	be counted/be numbered	Be counted, from <kisim> with the prefix <a> written as one word; {misimna-a akisim} are those who are counted in the census.	
s1848	practise/train/be learned	<a> and <kisin> written as one word: he practises or trains, or what is learned; {akisin laitak} is while practising	
s1849	be examined/be tested/be tried	<a> and <kisit>, be examined, written as one word: is examined, checked or tested; {thu akisit} is the case is heard in court	
s1850	trial/examination	<a>, <kisit> and the noun suffix <na> written as one word: the examining of a case, the trial; {thu akisitna} is the hearing of the case	
s1851	covering/cover	<a> and <kisitna> written as one word: that with which something is covered, as the cover of a drain	
s1852	be made into/be divided into/become	<a> and <kisuah> written as one word: it is made into something or split into parts, or that which is so made	
s1853	assassinated/murdered	<a>, <ki> and <suamlum> written as one word: who was attacked and killed, said before the name of the victim	
s1854	be laid on/be set	<a> and <kisuan> written as one word: is laid on, of a duty, or is set down, of a step taken	
s1855	be put up/be displayed/be posted	<a> and <kisuang>, be set on, written as one word: is put up, hung or written on a wall or other place for people to see, of a picture, a notice or a name	
s1856	be injected/be vaccinated	<a> joined to a passive verb meaning be pierced with a needle, not <kisun> in its sense like: the one who has been given an injection, in the articles a vaccine; {akisun nuamlo} is one who does not want the injection	
s1857	resembling/in the likeness of	<a> and <kisun>, like, written as one word: looking like someone, as a statue made in the likeness of a person	
s1858	be lost/suffer the loss of	<a> and <kisuplawh> written as one word: someone or something is lost, a loss is suffered	
s1859	be robbed/be plundered	<a> and <kisut> written as one word: have goods taken by force	
s1860	free oneself/untie oneself	<a> and <kisut> written as one word: try to get oneself loose from what binds	
s1861	collide/crash/be hit	<a> and <kitaih>, collide, written as one word: of vehicles, collide or be run into	
s1862	be robbed/be held up	<a> and <kitaih> written as one word after <damiah>, robber: be held up and robbed	
s1863	collide/be hit/crash	<a> and <kitaihkha> written as one word: they collided, it was hit, or the one that was hit	
s1864	burst/explode/break	<a> and <kitam> written as one word: it broke or burst, or the one that broke; said of a bomb or shell that explodes, a tyre that bursts and a screen that cracks	
s1865	be cut off/be severed/be broken	<a> and <kitan> written as one word: that is cut off or broken through, said of a limb, a finger, a cord or another long thing	
s1866	be cut off/be severed	<a> with <ki>, <tan>, cut, and <khia> written as one word: that was cut off, the severed part, said of a limb or a cord; not the same as <kitankhia>, be redeemed	
s1867	be cut off/have cut off	<a> and <kitansak> written as one word: was cut off, the one whose limb was cut off	
s1868	be set off/be detonated/explode	<a> and <kitap> written as one word, said of a bomb: the bomb went off or was set off; a use apart from be named after	
s1869	be named after	<a> and <kitap.2> written as one word: of a name, taken from someone; {Pasian akitap} is named after God	
s1870	bursting/explosion/break	<a> and <kitapna> written as one word: the bursting, snapping or exploding of a thing such as a pipe, a tyre, a tank or a bomb, and with <mun> the place where it burst	
s1871	snap/be cut off/break	<a> and <kitat>, be cut off, written as one word: of a rope or thread, that it snaps	
s1872	place of digging/mine/excavation	<a> and <kitawhna> written as one word: the place where the ground is dug, as a tunnel for a railway or a pit where gems are dug	
s1873	be held/be carried	<a> and <kitawi> written as one word: that is held or carried, the one being held	
s1874	quarrelled/fought	<a> and <kitawng> written as one word: they quarrelled or fought, and those who did so	
s1875	who brawled/who fought	<a> and <kitawnggawp> written as one word: the ones who fought violently, or they brawled	
s1876	be chosen/be elected/be selected	<a> and <kiteel> written as one word: he or it is chosen or elected, and before a noun the one that is chosen	
s1877	be chosen/be selected	<a> and <kiteelkhia> written as one word: it was chosen, or before a noun the one that was chosen or selected	
s1878	marry/be married	<a> and <kiteen>, the short form of <kiteeng>, written as one word: they marry or married; {akiteen laitak} is at the time they married	
s1879	be going to marry/be about to marry	<akiteeng> and <ding> written as one word: that they will marry, their coming marriage	
s1880	marry/be married	<a> and <kiteeng> written as one word: they married, the ones who are married	
s1881	give in marriage/let marry	<a> and <kiteengsak> written as one word: he or they let someone marry, gave a daughter in marriage	
s1882	their marriage/his marriage	<a> and <kiteenna> written as one word: his, her or their marriage	
s1883	after marrying/since they married	<a>, <kiteen>, marry, and <zawh>, having finished, written as one word: after they married, counted from the time of the marriage	
s1884	be measured/be compared	<a> and <kiteh>, be measured, written as one word: that which is measured, or when it is measured; {akiteh theilo} is beyond measure or comparison	
s1885	clear/plain/certain	<a> and <kitel> written as one word: that is clear, that is understood or settled	
s1886	marry/get married	<a> and <kiten> written as one word: they marry, who married; {akiten zawh} is after they married	
s1887	killing/murder	<a> and <kithahna> written as one word: the killing of someone, his being killed	
s1888	be killed/be murdered	<a> and <kithat> written as one word: who was killed; with {amah leh amah} it means who killed himself	
s1889	killed/be killed/the one killed	<a> and <kithatlum> written as one word: who was killed, placed before the person; {amah leh amah akithatlum} is one who killed himself	
s1890	the man who was killed/the murdered man	<a> and <kithatpa> written as one word: the man who was killed	
s1891	was preparing/was getting ready/was about to	<a> and <kithawi> written as one word: he was getting ready; after a verb with {ding in} it means was preparing to or was about to	
s1892	set out/come forward/get ready and go	<akithawi>, got ready, with <khia>, out: make oneself ready and go out to do something	
s1893	the man who was getting ready	<akithawi> and <pa>, man, written as one word: the man who was preparing to do something, or who had got himself up in certain clothes	
s1894	ready/prepared/standing ready	<a> and <kithawisa> written as one word: who or which has been made ready and is about to act	
s1895	be preparing/be getting ready	<a> and <kithawithawi> written as one word: he or they are getting ready to do something, and those who are preparing	
s1896	be scattered/be sprinkled/be spread	<a> and <kitheh> written as one word: that is sprinkled or scattered; {akitheh thang} is scattered abroad, of a people	
s1897	spread/circulate/go viral	<a> and <kithehzak> written as one word: that has spread widely, said of a video, picture or report passed around on social media; also of wreckage scattered about	
s1898	be known/be well known	<a> and <kithei> written as one word: it is known, the one that is known, or they know each other; {akithei mahmah} is very well known	
s1899	be known/become known	<a> and <kitheih>, be known, written as one word; {akitheih ciangin} is when it became known, when it was noticed	
s1900	be known further/become known in addition	<aki> and <theihbeh>, know more, written as one word: what comes to be known in addition; {akitheihbeh ciangin} is when more is known	
s1901	be found out/be discovered	<aki> and <theihkhiat> written as one word: it is found out, it comes to light, before <ciangin> or <leh>	
s1902	if it is known/if found out	<a>, <kitheih>, be known, and <leh>, if, written as one word: if it becomes known, if someone is found out doing it	
s1903	what is known/information	<a> and <kitheihna> written as one word: that which is known, the information to hand; {tuciangciang akitheihna ah} is as far as is known so far	
s1904	one known as/a well-known one	<akithei> and <khat> written as one word: one that is known, after <in> or <ci'n> one that is known as the thing named	
s1905	be found out/come to light/become known	<a> and <kitheikhia> written as one word: it was found out, it came to light	
s1906	unknown/unrecognisable	<a> and <kitheilo> written as one word: that is not known or cannot be recognised; {amin akitheilo} is whose name is not known, and {akitheilo dingin} is so as not to be recognised	
s1907	accompany/be with/associate with	<a> and <kithuah> written as one word, of people: the one who is together with or keeps company with someone, who is marked by <tawh>	
s1908	be fitted/be installed/be attached	<a> and <kithuah> written as one word, of things: that is fitted, installed or attached in a place or to something	
s1909	accompany/be together with	<a> and <kithuahpih> written as one word: the one who is together with him or her, a companion, a partner	
s1910	be laid one on another/be stacked	<a> and <kithuap> written as one word: laid one upon another, in layers	
s1911	agreed/agreed upon	<a> and <kithukim>, agree together, written as one word: that which has been agreed, or they agreed; with <pih>, agree on a matter	
s1912	be filled/be put in/be poured in	<a> and <kithun> written as one word: that is put or poured into a container, as fuel into a tank or a bottle	
s1913		<a> and <kitom> written as one word: the one who struggles or puts up a fight, who acts wildly	
s1914	struggle violently/make a scene/brawl	<a> and <kitomgawp> written as one word: he, she or they struggled wildly or made a violent scene	
s1915	be rowdy/make a scene	<a> and <kitomtom> written as one word: the one who keeps acting wildly and noisily, as a drunk person does	
s1916	go together/run together/be in step with	<a> and <kiton> written as one word: going together with something; {akiton in} is together, at the same time	
s1917	quarrel/fight/argue	<a> and <kitot> written as one word: they quarrel, those who quarrel, and their quarrel	
s1918	their quarrel/dispute/fight	<a> and <kitotna> written as one word: their quarrel, the quarrel that took place	
s1919	agree with/fit/match	<a> with <kituah>, here the form of <kituak> used before <leh> and <ding>: that agrees with or fits something, marked by <tawh>	
s1920	move/relocate	<a> with <kituah> in the sense of moving house or office to another place, marked by <ah>: moved to, that is moved to	
s1921	after moving in	<akituah>, moved to, with <khit>, after, written as one word: after having moved into a place, before a length of time	
s1922	junction/meeting point	<a> and <kituahna> written as one word: the place where two or more things meet, as railway lines or countries	
s1923	fitting/suitable/appropriate/befitting	<a> and <kituak> written as one word: what fits or agrees; <tawh> marks what it is suited to, as {cidamna tawh akituak}, good for health	
s1924	fittingly/properly/in an orderly way/duly	<kituakin>, fittingly, with the prefix <a> written as one word; paired with <akilawm> as {akilawm akituakin}, in a fitting and proper way	
s1925	coincide/fit exactly/match exactly	<a> and <kituaklian> written as one word: that falls at exactly the same time as something, or that fits it exactly; <tawh> marks the other thing	
s1926	not in accordance with/contrary to/unfitting/unsuitable	<a>, <kituak>, agree or fit, and the negative <lo> written as one word: that does not agree with or fit something, which is named with <tawh>; {thukhun tawh akituaklo} is against the law, illegal	
s1927	be kept apart/be set apart	<a> and <kituam> written as one word: kept apart from others, as in {akituam koih}, put in isolation	
s1928	be put on/be printed on/be let ride	<a>, the prefix <ki> and <tuangsak>, put on or let ride, written as one word: that has something placed on it, as a banknote on which a picture is printed; also of people who are let ride a vehicle	
s1929	be calculated/be valued/be reckoned	<a> with the passive <ki> and <tuat>, calculate, written as one word, mostly as {akituat ciangin}: when it is worked out, when its value is reckoned	
s1930	compete/contend/scramble	<a> and <kituh> written as one word: they compete for something or struggle with one another to get it; of seed, the one that is sown	
s1931	fight/come to blows	<a> and <kitum> written as one word: they hit one another, they fight	
s1932	be played/be sounded	<a> and <kitum> written as one word, of music: it is played on instruments	
s1933	wrapped/that is wrapped	<a> and <kitun>, be wrapped, written as one word: that is wrapped, or the one wrapped in something	
s1934	reach/arrive at/come to	<a> and <kitung> written as one word: it is reached, things have come as far as the point named	
s1935	wrapping/covering	<a> and <kitunna> written as one word: that in which someone is wrapped; {akitunna puanza} is the blanket he is wrapped in	
s1936	reaching/arriving at	<a>, the verb prefix <ki> and <tunna>, arrival, written as one word: the fact of having come to a state or point, as in {hiciang dinmun akitunna}, having reached this situation	
s1937	corner/its corner/edge	<a> and <kiu>, corner, written as one word: the corner or edge of a thing or place; {akiu khat} is a corner somewhere	
s1938	be skilled/be expert	<a> and <kiva> written as one word: he is skilled in it, the one who is good at it	
s1939	be organised/be arranged/be managed	<a>, the passive <ki> and <vaihawm> written as one word: that is organised, arranged or run by someone	
s1940	make a living/live on	<a> and <kivak> written as one word: who makes a living, the work marked by <tawh> or <in>	
s1941	be named/be called	<a> and <kivawh> written as one word: that is named, when a name is given	
s1942	be examined/be checked	<a> and <kivel> written as one word, mostly before <ciangin>: when it was examined	
s1943	be buried	<a> and <kivui> written as one word: he is buried, the one who is being buried	
s1944	where he is buried/burial place	<a> and <kivuina> written as one word: the place where he or she is buried, the grave	
s1945	buried/buried under/that was buried	<a> and the passive prefix <ki> with <vulhnelh>, cover over, written as one word: that was buried under earth or rubble, as in <vulhnelhkha> and <vulhnelhcip>	
s1946	be heard/be reported	<a> and <kiza> written as one word: what is heard or reported, the news that has come in	
s1947	be photographed/be filmed/be recorded	<a> and <kizaih> written as one word: that was photographed or filmed, or while a photo or video is being taken	
s1948	be recorded/be filmed/be caught on camera	{a kizaihkha} written as one word: that was recorded, said of a video or photo that happened to be taken of an event	
s1949	where it was taken/recording	<a> and <kizaihna> written as one word: the taking of a photo or video; after <Photo> or <Video> and before a noun it says that this is the place, thing or person the picture was taken of or at	
s1950	what was filmed/the one that was recorded	<akizaih>, that was filmed, and the topic marker <pen> written as one word: the video or picture that was taken, as the topic of the sentence	
s1951	try to photograph oneself/try to take	<a>, <kizaih> and <sawm> intend or try, written as one word; with <Selfie>: the one who was trying to take a selfie	
s1952	be heard/be reported	<a> and <kizak> written as one word, mostly before <ciangin>: when it was heard or reported	
s1953	further report/update	<aki> and <zakbehna>, further news, written as one word and followed by <ah>: {athu akizakbehna ah} is according to what was further reported	
s1954	what is heard/report	<a>, <kizak> and <na> written as one word: what has been heard; <akizakna ah> is according to what is reported	
s1955	according to reports/reportedly/as reported	<akizakna>, what is heard, and <ah>, in: a news formula that opens a report; the source stands before it with <panin>, from, and {athu akizakna ah} is as the story goes	
s1956	be informed/be reported	<a> and <kizaksak> written as one word, mostly before <phetin>, <ciangin> or <khitciangin>: when someone was informed, when it was reported	
s1957	be used/that is used	<a> and <kizang>, be used, written as one word: it is used, or before a noun the one that is used	
s1958	to be used/will be used	<a>, <kizang> and <ding> written as one word: that is to be used, that will be in use	
s1959	be used/in use	<a> and <kizang> written as one word, with <zangh> for <zang>: that is used, the one in use	
s1960	have been in use/that has been used	<a> and <kizangkhin>, be already in use, written as one word: that has already been used, after a length of time for how long	
s1961	still in use/in use	<a> and <kizanglai> written as one word, placed before a noun: that is still being used	
s1962	have been used/once used	<akizang> and <ngei> written as one word: that has been used before, that was once in use	
s1963	the one used/what is used	<akizang>, that is used, and the topic marker <pen> written as one word: as for what is used	
s1964	most used	<akizang>, that is used, and <pen>, most, written as one word: the most used	
s1965	usable/that can be used	<a>, <kizang>, be used, and <thei>, can, written as one word: what can be used, or it can be used	
s1966	be in use/be being used	<aki> and <zangzang> written as one word: it is in use all along, the one that is currently used	
s1967	be informed/be notified/be reported	<a> and <kizasak> written as one word: who was informed, or that was reported	
s1968	be used	<a> and <kizat> written as one word: that it is used, its being used; before <theih>, <hangin> and similar words	
s1969	use/usage/utilisation	<a> and <kizatna> written as one word: its being used, the use made of it; {akizatna mun} is the place where it is used	
s1970	be intended for use/be going to be used	<aki> and <zatsawm> written as one word: what is planned to be used	
s1971	since it came into use/time in service	<a>, <kizat> and <zawh> written as one word: from the time a thing began to be used; a length of time follows, as hours flown or years in service	
s1972	be finished/be completed	<a> and <kizawh> written as one word: it is finished; {akizawh khit ciangin} is after it was finished	
s1973	be defeated/be overcome	<a> and <kizawh> written as one word, of an enemy: until he is defeated	
s1974	related to/connected with/in line with	<a> and <kizawi> written as one word; {tawh akizawi tawn} before a noun is that which is connected with something	
s1975	be allied with/be on friendly terms with	<a> and <kizawl> written as one word: the one that is bound in friendship or alliance with another, marked by <tawh>	
s1976	be called on/be urged/be invited	<a> and <kizawn> written as one word: they are called on or urged to do something; one sentence uses the same spelling of a person being carried, which is not covered here	
s1977	spread/be widespread	<a> and <kizel> written as one word: it has spread, that which has spread	
s1978	spread widely/go viral	<a> and <kizelgawp> written as one word: it has spread everywhere, of news or a video	
s1979	be decorated/be dressed up/be adorned	<a> and <kizem> written as one word: that is decorated with something, or that has dressed up as something	
s1980	the man who dressed up/man in costume	<akizem> and <pa> written as one word: the man who dressed himself up as something	
s1981	its decoration/what it is decorated with	<a> and <kizepna> written as one word: the things with which a building or place is decorated	
s1982	be finished/be completed	<a> with <kizo>, here in the sense be finished, as <kizawh>: that is completed, or is managed; {akizo ngeilo ding} is what will never be finished	
s1983	connected/linked/related	<a> and <kizom> written as one word: that is connected with or belongs to something, after <tawh>	
s1984	continuously/in a row/without a break	<a> and <kizom> written as one word, usually as {akizom in}: one after another without a break	
s1985	to be linked/likely connected	<akizom> and <ding> written as one word, followed by <in> and a verb of suspecting: as one who would be connected with, as in {akizomding in aki ummawh}, suspected of being linked	
s1986	adjoining/bordering/right next to	<akizom>, connected, with <lian> written as one word: directly joined to, lying right beside, said of lands or buildings that touch each other	
s1987	directly connected/adjoining/bordering	<akizom>, connected, and <pah>, directly, written as one word: joined straight on to something named with <tawh>, with nothing between	
s1988	still attached/still connected	{akizom sa} written as one word, <akizom>, connected, followed by a word for already: in the state of being joined, with the connection not cut or removed	
s1989	continuously/without a break/joined on to	<a> and <kizomsuak> written as one word: going on without a break, as {akizomsuak in}, or after <tawh> joined directly to something	
s1990	continue/go on/carry on	<a> and <kizomto> written as one word: it goes on from there, is carried on further, also of one thing following on another	
s1991	be searched for/be sought	<a> and <kizon> written as one word: he, she or it is searched for, or the place is searched; {akizon ciangin} is when a search was made	
s1992	be sought/be looked for/be searched	<a> and <kizong> written as one word: it is looked for or searched, the one that is sought	
s1993	be searched for/be sought	<aki> and <zongzong> written as one word: is being searched for, the one who is wanted	
s1994	search/the search for	<aki> and <zonna> written as one word: the searching for a missing person or thing, the search that is made	
s1995	be searched for/be sought again and again	<aki> and <zonzon>, keep searching, written as one word before <ciangin> or <hangin>: when or although someone was searched for	
s1996	be connected/be joined/continue	<a> and <kizop> written as one word: its being joined or connected with something, usually after <tawh>; also be continued	
s1997	relationship/connection/link	<a> and <kizopna> written as one word: their relationship or dealings with someone, or the place where things join	
s1998	be connected with/be linked to	<a> and <kizoppih> written as one word: who is connected with, the one in contact with someone; also an associate	
s1999	be sold/be on sale	<a> and <kizuak>, be sold, written as one word: it is sold, or before a noun the one that is sold	
