sense	terms	definition	text
s6000	the only ones/only those	<bek> and the plural <te> written as one word: those and no others, the only ones	
s6001	not only	<bek>, only, with <tham>, written as one word and always followed by a negative: {bektham loin} or {bektham lo-in} is not only, and at the start of a sentence not only that, moreover	
s6002	not only	<bek>, only, and <thamlo>, not so much, written as one word: placed after a word or phrase, not only that but more besides; the next phrase often has <zong>, also	
s6003	not only	<bektham> and <loh> written as one word, placed after a phrase: not only that, but more besides	
s6004	not only/besides/moreover	<bek> and <thamloin> written as one word: not only that, and more besides; {tua bekthamloin} opens a sentence as moreover	
s6005	only	<bek> and the plural marker <uh> written as one word; with <hilo> or <hikei> after it: they do not only do this, but more	
s6006	only/just/merely	<bek>, only, with the ending <un> used when the subject is plural; {man bekun} is only because of, {nading bekun} is only so that	
s6007	even just/not only	<bek> and <zong> written as one word: even that alone; before a negative such as <hilo> or <hituankei>, it is not only that	
s6008	take refuge in/rely on/cling to/rely	to shelter in or hold on to someone for safety, most often said of trusting in God; also written <belh>	
s6009	most/very	placed after a word of order or degree to mark the extreme, as in {a masa bel} the very first, {a nunung bel} the very last and {a sang bel} the highest	
s6010	as for/though/however	placed after a noun, pronoun or clause to set it off as the topic or in contrast with what was just said, as in {amau bel}, as for them; not {bel}, take refuge, and not the {bel} of {a masa bel}, the very first	
s6011	pot/water pot	a pot or jar for water or for cooking; not the particle and not take refuge	
s6012	most	capitalised form of <bel> in titles, as in {Siangtho Bel Mun}, the Most Holy Place, and {Sang Bel Pasian}, God Most High	
s6013	Bel	the chief god of Babylon, also known as Marduk	
s6014	in a pot	<bel>, pot, with the place marker <a>: in or into a pot	
s6015	very/most	<bel>, which marks the extreme of an order, with <a> joining it to what follows: {a nunung bela piang}, born at the very last	
s6016	built against/adjoining	<bel>, cling to or lean on, with <a>: built against or attached to a wall	
s6017	Bela	a city in the plain of the Jordan, also called Zoar; the same name is borne by several men, among them the firstborn son of Benjamin and a king of Edom	
s6018	as for in/in turn	<bel>, as for, and <ah>, in or at, written as one word after a noun: as for that one, in that one however	
s6019	Belantik	place in Malaysia near the border with Thailand, known for the immigration detention camp called Belantik Camp	
s6020	add to	apparently <behlap>, add, written without h, with <in> linking it to the following verb	
s6021	Belarus	country in eastern Europe between Russia, Ukraine and Poland	
s6022	bean	a kind of bean, named among the grains and pulses used for bread	
s6023	Belawl		
s6024	the very most/of all	<bel> said twice, placed after a describing word to mark the highest degree with emphasis: {a masa belbel} is the very first of all	
s6025	the very most/the utmost ones	<belbel>, the very most, with the plural <te>, after a describing word: those who are so in the highest degree, as {a zawng belbelte}, the very poorest	
s6026	Belgium	a country in western Europe	
s6027	take refuge in/rely on/trust in	to go to someone for shelter and safety, most often said of trusting in God; a form of <bel>	
s6028	refuge/fortress/stronghold	the one or the place that someone takes refuge in	
s6029	cling to/hold fast to/stick to	to stay fastened to someone or something, said of holding fast to God and also of a disease that will not leave	
s6030	as for/for their part	in news writing a spelling of the particle <bel>, placed after the subject, often after <in> or <ten>, to set it apart as the topic of what follows; it has nothing to do with taking refuge	
s6031	Belhar		
s6032	shelter/temporary shelter/refuge	<belh>, take refuge, with <buk>, shelter: a hut or camp put up for people who have lost or left their homes	
s6033	for shelter/to take shelter	<belh>, take refuge, <buk>, take shelter, and <ding> written as one word: for taking shelter in, said of a place or hut where people without a home stay for a time	
s6034	to take refuge with/place to shelter	<belh>, take refuge, and <ding> written as one word: someone or somewhere to go to for shelter; {belhding neilo} is having nowhere to take refuge	
s6035	dependable/reliable	<belh>, rely on, with <huai>, worthy of: worth relying on or taking refuge in	
s6036	as a refuge/as shelter	<belh>, refuge, with <in>: {belhin nei}, have as a place of shelter	
s6037	refuge/shelter/hiding place	<belh>, take refuge, with the noun suffix <na>: a place of refuge or the act of taking refuge	
s6038	refuge	the one in whom refuge is taken, said of God; <pa> marks a male person	
s6039	make stick to/cause to cling	<belh>, cling to, with <sak>, cause	
s6040	dependable/reliable	worth relying on or taking refuge in, <belh>, rely on, with the ending {-taak}, worthy; often said together with <muantaak>	
s6041	dependable/worthy of reliance/reliable	<belh>, rely on or take refuge in, with <tak>, worthy: one who can be relied on, a worthy refuge	
s6042	be able to take refuge in/can rely on	<belh>, take refuge in, with <theih>, can	
s6043	shelter/place of refuge	<belhtheih>, be able to take refuge in, and <ding> written as one word: somewhere to shelter, a place or people one can turn to	
s6044	lentil	a pulse named after <belawi>, bean, among the grains used for bread	
s6045	Belial	a name for the devil, the power of evil set against Christ	
s6046	most/of all/at the most	<bel>, most, with the marker <in>, after a descriptive word: {a masa belin}, first of all; {a nunung belin}, last of all; {a tam belin}, at the most	
s6047	cling to/rely on/take refuge in	form of <bel>, cling to or take refuge in, with the linking suffix <in>; also after another verb in <belin nei>, have as the chief thing one relies on or dwells on	
s6048	make a habit of/keep on/be given to	<belin>, clinging to, and <nei>, have: placed after a verb, have that action as the thing one holds to, do it constantly or as one's chief concern; {gen belin nei} is keep on saying	
s6049		named in {umkhawm belkhawm} beside <bemkawm> among the corners inside a house that are struck when the evil spirits are driven out; probably the space among the pots, <beel>	
s6050	the highest/the highest place/the utmost	<bel>, most, with the noun suffix <na>: {a sang belna} is the highest place	
s6051	the highest ones/highest powers	<belna>, the utmost, with the plural <te>; {a sang belnate}, those in the highest places	
s6052		<bel>, most, with <pa> marking a man; {a masa belpa}, the very first man	
s6053	ally/alliance/union	those who side with one another, an ally or allied group; {Belpawl gam} is the Union, used for Myanmar, and {Belpawl kumpi} the Union government	
s6054	Union/Union of Myanmar	the Union, the state formed when the hill peoples and the Burmese plains joined together, in Burmese pyidaungsu; {Belpawlgam Ni} is Union Day, 12 February; also written {Belpawl gam}	
s6055	union/federation/alliance	a joining of peoples or states into one body, as the Union of Burma; a shorter form of <kibelpawlna>	
s6056	griddle/flat pan	flat cooking vessel; {belpei kitam} is a broken piece of it, a potsherd; also spelled <beelpei>	
s6057	large pot/vat/cauldron	<beel>, pot, with <pi>, big: a large pot or vat, as one for boiling water or cooking in quantity	
s6058	Belshazzar	king of Babylon who saw the writing on the wall and was killed that night; a spelling of <Belshazzar>	
s6059	Belshazzar	king of Babylon in the time of Daniel, who saw the writing on the wall and was killed that night	
s6060	cooking/way of cooking	the word for pot with the word for set in place, written as one word: the setting of the pot on the fire, the way a household cooks	
s6061	Beltang	place and stream on the Tedim road in Chin State in Myanmar, the site of a hydropower station	
s6062	Belteshazzar	the Babylonian name given to Daniel; a spelling of <Belteshazzar>	
s6063	those who take refuge/those who rely on	<bel>, take refuge in, with the plural <te>: the people who shelter in or rely on someone	
s6064	vessels	spelling of <beelte>, pots or vessels, used as a figure for people who receive mercy	
s6065	Belteshazzar	the Babylonian name given to Daniel by the chief official of King Nebuchadnezzar	
s6066	jar/pitcher/pot	a deep pot or jar that holds water or drink	
s6067	round/circular	round in shape; also a round band or rim	
s6068		in {bem gial}, marked with round spots or rings, said of animals, beside {dung gial} streaked	
s6069	zero/nought	the figure 0, named from its round shape, and the point of having nothing: {bem panin kipan} is start from zero, {bem 10} is ten zeros	
s6070	tank/bin/reservoir	a large round container or basin for storing, named by what it holds: {tui bem} is a water tank or reservoir, as <tuibem>, and {tang bem} a bin of millet	
s6071	lentil stew/bean stew	<be>, bean or lentil, with <meh>, cooked dish eaten with the staple	
s6072		<bem>, storage bin, with <kawm>, gap: the space between or behind the bins of a house, one of the corners struck when the evil spirits are driven out	
s6073		something counted in the wasp nest that is opened at <Khuado> to foretell the year: when there are many, grain will be plentiful; apparently <bem>, grain bin, with <sin>, lid, for the capped cells of the comb	
s6074	Ben-Ammi	son of Lot by his younger daughter, ancestor of the Ammonites	
s6075	Bene Jaakan	a place in the wilderness where the Israelites camped on the way from Egypt	
s6076	Ben-Geber	one of Solomon's twelve district governors, in charge of Ramoth Gilead	
s6077	Ben Hinnom	a valley on the south side of Jerusalem where children were burned at Topheth; followed by <mualkuam>, valley	
s6078	Ben-Oni	the name Rachel gave Benjamin; the spelling {Ben-om} may be a misprint for {Ben-oni}	
s6079	Ben-Abinadab	one of Solomon's district governors, over Naphoth Dor, married to Solomon's daughter Taphath	
s6080	Benaiah	name of several men, among them the son of Jehoiada, commander of David's bodyguard and later of Solomon's army	
s6081	Benaiah	<Benaiah> with <te> closing a list of names, Benaiah and the others; here a temple overseer under King Hezekiah	
s6082	Ben-ammi/Ben-Ammi	son of Lot by his younger daughter, ancestor of the Ammonites	
s6083	Ben-Deker	one of Solomon's district governors, over Makaz, Shaalbim and Beth Shemesh	
s6084	Bene Berak	a town in the territory of the tribe of Dan	
s6085	benefit/allowance	money or help that a government or an employer gives to a person, as in {Unemployment benefit}, pay for those out of work	
s6086	Bene Jaakan	a place in the wilderness where the Israelites camped on the way from Egypt	
s6087	hunt/fish	go after animals or fish to catch them; {sa beng} hunt game, {nga beng} catch fish	
s6088	slap/strike/clap	hit with the open hand; {paang beng} slap the cheek, {khut beng} clap the hands, {awm beng} beat the breast	
s6089	opium/opium poppy	the poppy that is grown for opium, and the drug made from it; a noun, unlike the verbs hunt and slap, and brought out by <beng cinna> or {beng ciinna}, opium growing, {beng ciing}, grow opium, and {beng zuakna}, the opium trade	
s6090	ear	poetic word for <bil>, used in songs	
s6091	opium growing/poppy cultivation	<beng>, here opium or the opium poppy, and <cinna>, here planting, from <ciin>, plant, not guarding: the growing of opium poppies; in news it stands after the name of a region and before an area in acres	
s6092	Bengal	region of South Asia; in the articles the Indian state of West Bengal and the Bay of Bengal	
s6093	Bengali	the people of Bengal and Bangladesh and their language; in Myanmar also the name by which the Rohingya are officially called	
s6094	those who slap	<beng>, slap, repeated to show a repeated action, with the plural <te>	
s6095	to hunt	<beng>, hunt, and <ding> written as one word: in order to hunt, going to hunt, as {zulei bengding}, to hunt rats	
s6096	Ben-Geber	one of Solomon's twelve district governors, in charge of Ramoth Gilead	
s6097	beat up/slap hard/thrash	<beng>, slap or strike, and <gawp>, severely, written as one word: slap or beat someone badly	
s6098	opium/heroin/narcotic	opium, and in news a narcotic drug made from it such as heroin	
s6099	clap/slap	<beng> with the linking suffix <in>: strike with the open hand, {khut beng} clap the hands, {paang beng} slap the cheek; also of <beng>, hunt, as in {sa bengin}, hunting game	
s6100	drive away/scare away/chase off	<beng> with <khia>, away: drive off birds or animals	
s6101	hunt down	<beng>, hunt, with <mang>, away altogether	
s6102	deaf	unable to hear; {bengngong kei in} is do not be deaf, do not refuse to listen	
s6103	Bengngongte/the deaf	<bengngong>, deaf, with the plural <te>, deaf people, written with a capital at the start of a sentence	
s6104	hunter	<beng>, hunt, with <pa> marking a man: one who hunts	
s6105	let slap/offer to be slapped	<beng>, slap, with <sak>: let someone slap, hold out the cheek to be slapped	
s6106	fishermen/fishers	<beng>, catch, with the plural <te>: in {ngasa bengte}, those who catch fish	
s6107	hunters	<beng>, hunt, with <ten>, the plural marker of the doer, written as one word: those who hunt, as in {Sawng bengten sahang a man uh hi}, the hunters caught a tiger	
s6108	beat down/bring low	apparently <beng>, strike, with <tum> and <suk>, downward: strike down, of pride being brought low	
s6109	Ben-Hadad	name of several kings of Aram who ruled in Damascus, among them the son of Hazael	
s6110	Ben-Hail	an official whom King Jehoshaphat sent to teach in the towns of Judah	
s6111	Ben-Hanan	a descendant of Judah, son of Shimon	
s6112	Ben-Hesed	one of Solomon's district governors, in charge of Arubboth	
s6113	Ben-Hur	one of Solomon's district governors, in the hill country of Ephraim	
s6114	Beninu	a Levite who sealed the covenant in the time of Nehemiah	
s6115	Benjamin	youngest son of Jacob and Rachel, ancestor of the tribe of Benjamin; also the tribe and its land	
s6116	Benjamites	the people of the tribe of Benjamin	
s6117	Beno	a Levite, descendant of Merari through Jaaziah	
s6118	Ben-oni/Ben-Oni	the name the dying Rachel gave her son, whom his father Jacob named Benjamin	
s6119	Benton	town in the state of Kentucky in the United States	
s6120	Bentong	a town and district in the state of Pahang, Malaysia	
s6121	Ben-Zoheth	a descendant of Judah, son of Ishi	
s6122	Beon	a town east of the Jordan in the land asked for by Reuben and Gad	
s6123	Beor	father of the seer Balaam; also the father of Bela, king of Edom	
s6124	Bezer	father of Balaam, the Beor of the Old Testament	
s6125	bean	a kind of bean, named with lentils among foodstuffs	
s6126	Bera	king of Sodom in the time of Abraham	
s6127	Beraiah	a Benjamite, son of Shimei	
s6128	Berakah	a valley in Judah where Jehoshaphat and his people praised the Lord after their victory; also a Benjamite warrior who joined David	
s6129	Berea	a city in Macedonia where Paul and Silas preached in the synagogue	
s6130	Berean	name of churches and Bible schools, after the people of Berea in the book of Acts who examined the Scriptures; in the articles a Bible college in Bangalore and a church in Kalaymyo	
s6131	Bered	a place in the south near Kadesh; also a descendant of Ephraim	
s6132	Berekiah	name of several men, among them the father of Asaph the singer and the father of the prophet Zechariah	
s6133	Berekiah	a descendant of David, listed among the sons of Zerubbabel	
s6134	Beri	a descendant of Asher, son of Zophah	
s6135	Beriah	name of several men, among them a son of Asher and a son of Ephraim	
s6136	beryl	a precious stone, the English word beryl	
s6137	beryl	<beril> written with a capital in a list of precious stones	
s6138	Berlin	capital of Germany	
s6139	Bernama	the national news agency of Malaysia, often named as the source of a report	
s6140	Bernice	sister of King Agrippa, who came with him to Caesarea and heard Paul's defence	
s6141	Bernice	sister of King Agrippa, who came with him to Caesarea and heard Paul's defence	
s6142	Berothah	a town on the northern border of the land in Ezekiel's vision, between Damascus and Hamath	
s6143	Berothai	town of Hadadezer king of Zobah from which David took much bronze	
s6144	Beersheba	town in the far south of Israel, named in the phrase from Dan to Beersheba for the whole land	
s6145	beryl	a precious stone, from English beryl; the fourth row of the breastpiece begins with it, where the NIV has topaz	
s6146	Besai	ancestor of a family of temple servants who returned from the exile	
s6147	hair	poetic word for <sam>, the hair of the head, used in songs	
s6148	lentil	lentil, a small pulse grown in fields and eaten as food; named together with <bepi>, bean	
s6149	Besodeiah	father of Meshullam, who helped repair the Jeshanah Gate of Jerusalem	
s6150	Besor	stream valley in the south of Judah where two hundred of David's tired men stayed behind	
s6151	slap/strike	hit with the open hand, as on the cheek	
s6152	hunt	hunt or chase animals; with <sa>, game animal, {sa bet} is to hunt game, in Hosea 9.13 said of people hunted down like game	
s6153	Tebah/Betah	town of Hadadezer king of Zobah from which David took much bronze; the NIV has Tebah	
s6154	Belteshazzar	Babylonian name given to Daniel by the king of Babylon	
s6155	Beten	town in the territory of the tribe of Asher	
s6156	Belteshazzar	Babylonian name given to Daniel by the king of Babylon	
s6157	Beth Anoth	town in the hill country of Judah	
s6158	Beth Arabah	town in the wilderness on the border between Judah and Benjamin	
s6159	Beth Ashbea	place in Judah where clans of linen workers lived	
s6160	Beth Aven	town in Benjamin near Ai, east of Bethel	
s6161	Beth Azmaveth/Azmaveth	town near Jerusalem, also called Azmaveth, whose men returned from the exile	
s6162	Beth Eden	Aramean region whose ruler is named in the judgment of Amos on Damascus	
s6163	Bethel	town north of Jerusalem on the border of Benjamin and Ephraim, where Jacob built an altar	
s6164	Beth Emek	town on the border of the territory of Asher	
s6165	Beth Ezel	town in Judah named in the lament of Micah	
s6166	Beth Togarmah	a land in the far north that traded horses and mules with Tyre	
s6167	Beth Anath	town in Naphtali whose Canaanite people were not driven out	
s6168	Bethany	village near Jerusalem on the Mount of Olives, home of Mary, Martha and Lazarus	
s6169	Beth-anoth/Beth Anoth	town in the hill country of Judah	
s6170	Bethany	village near Jerusalem on the Mount of Olives, home of Mary, Martha and Lazarus	
s6171	Beth Arbel	town destroyed by Shalman on a day of battle, named by Hosea as a warning	
s6172	Beth-arabah/Beth Arabah	town in the wilderness on the border between Judah and Benjamin	
s6173	Beth Arbel	town destroyed by Shalman on a day of battle, named by Hosea as a warning	
s6174	Beth Ashbea	place in Judah where clans of linen workers lived	
s6175	Beth Aven	town in Benjamin near Ai, east of Bethel, with a wilderness of the same name	
s6176	Beth Azmaveth/Azmaveth	town near Jerusalem, also called Azmaveth, whose men returned from the exile	
s6177	Beth Baal Meon	town on the plateau east of the Jordan given to the tribe of Reuben	
s6178	Beth Baal Meon	town on the plateau east of the Jordan given to the tribe of Reuben	
s6179	Beth Barah	place by the Jordan as far as which the men of Ephraim seized the waters against Midian	
s6180	Beth Biri	town of the tribe of Simeon in the south of Judah	
s6181	Beth-dagon/Beth Dagon	name of two towns, one in the lowland of Judah and one on the border of Asher	
s6182	Beth Diblathaim	town in Moab named in the judgment of Jeremiah on Moab	
s6183	Bethel	town north of Jerusalem where Jeroboam set up an altar; another spelling of <Bethel>	
s6184	Beth Eden	Aramean region whose ruler is named in the judgment of Amos on Damascus	
s6185	Moreh/Bethel	town north of Jerusalem on the border of Benjamin and Ephraim, a place of worship in Israel	
s6186	Bethlehem	town in Judah south of Jerusalem, the home of David; another spelling of <Bethlehem>	
s6187	Bethlehem	town in Judah south of Jerusalem, the home of David; another spelling of <Bethlehem>	
s6188	Beth Emek	town on the border of the territory of Asher	
s6189	Beth Ezel	town in Judah named in the lament of Micah	
s6190	Bethphage	village on the Mount of Olives near Bethany and Jerusalem	
s6191	Beth Gader	town in Judah founded by Hareph, a descendant of Caleb	
s6192	Beth Gamul	town in Moab named in the judgment of Jeremiah on Moab	
s6193	Beth Gilgal	place near Jerusalem from which musicians came to the dedication of the wall	
s6194	Beth Haggan	town toward which Ahaziah king of Judah fled from Jehu	
s6195	Beth Hakkerem	district near Jerusalem ruled by Malkijah son of Rekab in the time of Nehemiah	
s6196	Beth Hakkerem	town in Judah near Jerusalem where a signal of warning was to be raised	
s6197	Beth Haram	town in the Jordan valley given to the tribe of Gad	
s6198	Beth Haran	fortified town east of the Jordan built up by the tribe of Gad	
s6199	Beth Hoglah	town of Benjamin near Jericho; another spelling of <Bethhoglah>	
s6200	Beth Hoglah	town of Benjamin near Jericho, on the border with Judah	
s6201	Beth Horon	name of two neighbouring towns, Upper and Lower Beth Horon, on the border of Ephraim and Benjamin	
s6202	Beth Jeshimoth	town in the plains of Moab near the Jordan	
s6203	Beth Kar	place below which Israel pursued the Philistines from Mizpah	
s6204	Beth Ophrah/Beth-le-aphrah	town named in the lament of Micah, told to roll in the dust	
s6205	Beth Ophrah	town named in the lament of Micah, told to roll in the dust	
s6206	Beth Lebaoth	town of the tribe of Simeon in the south of Judah	
s6207	Bethlehem	town in Judah south of Jerusalem where David and Jesus were born; also a town in Zebulun	
s6208	Beth Maakah	second part of the name of the town {Abel Bethma-akah}, Abel Beth Maakah, in the north of Israel	
s6209	Beth Markaboth	town of the tribe of Simeon in the south of Judah	
s6210	Beth Markaboth	town of the tribe of Simeon in the south of Judah	
s6211	Beth Meon	town in Moab named in the judgment of Jeremiah on Moab	
s6212	Beth Millo	place at Shechem whose people helped to make Abimelek king	
s6213	Beth Nimrah	fortified town of the tribe of Gad in the Jordan valley	
s6214	Beth Pazzez	town in the territory of the tribe of Issachar	
s6215	Beth-pelet/Beth Pelet	town in the far south of Judah	
s6216	Beth Peor	place in Moab east of the Jordan, near the valley where Moses was buried	
s6217	Beth Rapha	son of Eshton in the family line of Judah	
s6218	Beth Rehob	Aramean town and district in the far north, near the city of Dan	
s6219	Bethsaida	town by the Sea of Galilee, home of Philip, Andrew and Peter	
s6220	Beth Shan	city in the Jordan valley on whose wall the Philistines hung the body of Saul	
s6221	Beth Shan	city in the Jordan valley below Jezreel, in the territory of Manasseh; also spelled <Bethshan>	
s6222	Beth Shemesh	name of several towns, among them a Levite town in Judah and a town in Naphtali	
s6223	Beth Shemesh	town in the second district of Solomon; another spelling of <Bethshemesh>	
s6224	Beth Shittah	place toward which the Midianite army fled from Gideon	
s6225	Beth-tappuah/Beth Tappuah	town in the hill country of Judah	
s6226	Beth Togarmah	land in the far north that traded horses and mules with Tyre	
s6227	deserving a slap	<beng>, slap, in another use hunt, in the form used before a suffix, with <huai>, worthy of: deserving a slap	
s6228	Bethuel	son of Nahor and Milkah, father of Rebekah and Laban; also a town of Simeon	
s6229	Bethul	town of the tribe of Simeon in the south of Judah	
s6230	Bethzatha/Bethesda	pool in Jerusalem near the Sheep Gate, with five covered colonnades; the NIV has Bethesda	
s6231	Beth-zur/Beth Zur	town in the hill country of Judah, fortified by Rehoboam	
s6232	slapping/striking	<bet>, slap, with the linking ending <in>: slapping; {pang betin}, slapping the cheek	
s6233	strike out of/knock out	<bet>, strike, with <khiat>, out, and <sak>, cause: strike a thing so that it falls from the hand	
s6234	striking out of/knocking out	<betkhiatsak> with the linking ending <in>: striking a thing so that it falls from the hand	
s6235	Bethlehem	the name of a city in a line of verse, {Betlen khuapi sungah}, in the city of Betlen; apparently Bethlehem in a shortened spelling	
s6236	hunting/hunt/catching	<bet>, hunt, with the noun ending <na>: the hunting or catching of animals; {sa betna} is hunting game and {nga betna} is fishing	
s6237	beating/striking	<bet>, strike, with the noun ending <na>: a beating; {kau betna} is the beating out of the evil spirits from a house	
s6238	Betonim	town east of the Jordan in the territory of Gad	
s6239	have struck/order to strike	<bet>, slap, with the causative <sak>: have someone struck, said when ordering others to strike a person	
s6240	clap at	<bet>, strike or clap, with <san>, at someone: {khut betsan} is to clap the hands at someone in scorn	
s6241		<beng>, slap, in another use hunt, in the form used before a suffix, with <suah>, bring out or become: bring about or carry through what <beng> names; the page lists the form without a meaning	
s6242	fit to be slapped	<beng>, slap, in another use hunt, in the form used before a suffix, with <tuak>, be fitting: fit to be slapped	
s6243		descriptive word placed after a verb for something thick, puffed or bulging all over, as cheeks full of food, thick clothing or a flushed face	
s6244	Bezer	city of refuge in the wilderness plateau east of the Jordan, in the territory of Reuben; elsewhere spelled <Bezer>	
s6245	Bezai	head of a family that returned from the exile with Zerubbabel, and a leader who sealed the covenant with Nehemiah	
s6246	Bezalel	son of Uri of the tribe of Judah, the craftsman chosen to make the tabernacle and its furnishings	
s6247	Bezek	place where Judah defeated Adoni-Bezek, and where Saul mustered Israel before relieving Jabesh Gilead	
s6248	Bezer	city of refuge in the wilderness plateau east of the Jordan, in the territory of Reuben; also a man of the tribe of Asher	
s6249	Bhopal	city in central India, capital of the state of Madhya Pradesh, known for the gas disaster of 1984	
s6250	Bhutan	country in the Himalaya between India and China, often written {Bhutan gam}	
s6251	touch	touch something lightly, as the seraph touches the lips of the prophet with a live coal	
s6252	hay/thatch grass/grass/thatch	dry grass such as is used for thatch, named between wood and straw as a building material	
s6253	worship/adore	bow down to and serve God or a god; <biak> is the form used before endings such as <na> and <nading>	
s6254	veneration/worship	the act of worshipping, reverence shown to God or a god	
s6255		{bia ing}, the verb <bia> with the first person ending <ing>, written short with an apostrophe as is done in songs, where the count of words is fixed; the page gives {bia ing e} and {bia'ng e} as the same	
s6256	keep worshipping/worship continually/go on serving	<bia>, worship, said twice for an action that goes on and on	
s6257	all over/everywhere/in profusion	placed after a verb or describing word: spread or smeared all over a place, as flowers in bloom, notices put up or a mouth red with betel	
s6258	billowing/in a cloud	describes smoke rising thickly; {kahto biaibuai} is to rise in a billowing cloud	
s6259	flushed/blushing	after <san>, red, of a face that turns red all over with shame or anger: {ka mai san biaibuai hi}, my face flushes red; not the billowing of smoke	
s6260	turmoil/confusion	a state of trouble and confusion among people, before <kawmkal>: {biaibuai kawmkal ah}, in the midst of the turmoil	
s6261	worship	form of <bia>, worship, used before endings and following words such as <nading>, <na>, <theih> and <khit>	
s6262	offer/sacrifice	make an offering to God, as in {meihal biak nading}, for a burnt offering, and {khialhna hanga biak nading}, for a sin offering	
s6263	keep worshipping/worship	<biak>, worship, said twice for an action that goes on	
s6264		descriptive word after <kang>, white, said of a cloud: brilliantly or billowing white; the exact sense is not certain	
s6265	tabernacle	the tent of worship that Israel carried through the wilderness, from <biak>, worship, and <buk>, tent or booth	
s6266	tabernacle	<biakbuk>, tabernacle, written with a capital at the start of a sentence or for the tabernacle of Moses	
s6268	to worship	<biak> and <ding> written as one word: to worship, for worshipping	
s6269	worship/fall into worshipping	<biak>, worship, with <kha>, happen to: come to worship; {milim biakha nawn lo} is no longer worship idols	
s6270	worship together	<bia>, worship, with <khawm>, together	
s6271	temple/house of worship	a spelling of <biakinn>, from <biak>, worship, and <inn>, house	
s6272	church/church building	the building where a Christian congregation meets today, a spelling of <biakinn>; not the temple of the Bible	
s6273	temple/sanctuary	house of worship, from <biak>, worship, and <inn>, house: the temple in Jerusalem, or the sanctuary where God is present	
s6274	church/church building	a house of worship, the building where a congregation meets	
s6275	temple	<biakinn> written with a capital, the temple in Jerusalem	
s6276	to the temple/in the temple	<biakinn>, temple, with the place marker <ah>	
s6277	temple guard	one who guards the temple, from <biakinn>, temple, and <cing>, guard; {biakinncing palikte} are the temple guards and {biakinncing palikmangte} their officers	
s6278	temple/sanctuary	<biakinn>, temple, with <pi>, great: the great house of worship, the temple	
s6279	cathedral/main church	the large or main church building of a town or a denomination today, as after a church name or after the English word cathedral; not the temple of Jerusalem	
s6280	temple/sanctuary	<biakinnpi> written with a capital, the temple in Jerusalem	
s6281	inside of the temple/temple	<biakinn>, temple, with <sung>, inside: the interior of the temple; also simply the temple	
s6282	inside of the church/church	the inside of a church of today, <biakinn> with <sung>, inside; not the temple of the Bible	
s6283	temples/sanctuaries	plural of <biakinn>: temples, sanctuaries, or the buildings of the temple	
s6284	churches/church buildings	plural of <biakinn.2>: the buildings in which Christian congregations meet today, where sense 1 is the temples of the Bible	
s6285	temple court/courtyard	the open court of the temple, from <biakinn>, temple, and <tual>, court; {biakinntual sungnung} is the inner court and {biakinntual puanung} the outer court	
s6286	fall into worshipping/worship	<biak>, worship, with <khak>, happen to: come to worship; {biakkhak loh nading} is so as not to fall into worshipping	
s6287	worship together with/worship alongside	<biak>, worship, with <khop>, form of <khawm>, together	
s6288	religion	a system of belief and worship	
s6289	offering/sacrifice	something given to God in worship, an offering or sacrifice	in this sense more exactly <biakpiakna>
s6290	worship	worship or religious observance, as in {biakna ngeina} regulations for worship and <milim biakna> idolatry	in this sense more exactly <biakpiakna>
s6291	follow a religion/practise a religion/profess	<biakna>, religion, and <abia>, he worships: follow or belong to a religion; the name of the religion or <bang>, which, stands before it	
s6292	religious song/hymn	<biakna>, worship or religion, with <la>, song: a song of worship	
s6293	religious leader/church leader	<biakna>, religion, and <makai>, leader: a leader of a church or of a religion, named in public life beside {gam makai}, the leaders of the country	
s6294	religious bodies/churches/denominations	<biakna>, religion, and <pawlpite>, the plural of <pawlpi>: the churches and religious organisations of a people, named as one group of public life beside parties and associations	
s6295	religious school	<biakna>, religion, and <sanginn>, school: a school run by a religious body where religion is taught, in the news mostly the Islamic boarding schools of Malaysia	
s6296	clergy/religious leaders/ministers	<biakna>, religion, and <siate>, teachers: the ministers and teachers of a religion as a group, the clergy; of one person {biakna sia}	
s6297	established religion	<biakna>, religion, and <kip>, firm, written as one word: a firmly established religion	
s6298	religious side/religious affairs/religion	<biakna>, religion, and <lam>, side, written as one word: the side of religion, matters of religion; {biaknalam makaite} are religious leaders	
s6299	religious festival	<biakna>, religion, and <pawi>, festival, written as one word: a festival of a religion	
s6300	religious teacher/cleric/minister	<biakna>, religion, with <sia>, teacher: a teacher or leader of a religion, said of Christian ministers and of Muslim clerics alike	
s6301	altar	raised place on which offerings are made, from <biakna>, offering, and <tau>, altar	
s6302	altars	plural of <biaknatau>, altar	
s6303	offerings/sacrifices	plural of <biakna>, offering; {meihal biaknate} are burnt offerings	
s6304	places of worship/shrines	plural of <biakna> in the sense of a place of worship; {mual tunga biaknate}, the places of worship on the hills, are the high places	
s6305	religions/forms of worship	plural of <biakna> in the sense of religion, a system of belief and worship; {khanglui biaknate} are the old religions of a people	
s6306	religious affairs/religious matters	<biakna>, religion, and <vai>, affair, written as one word: matters of religion, often listed beside <gamvai>, affairs of the country	
s6307	desire to worship/devotion	<biak>, worship, and <nop>, want, with the noun suffix <na>: the wish to worship; {milim biaknopna lungsim} is a heart set on worshipping idols	
s6308	sacrifice/offer	give an offering in worship, from <biak>, worship, and <piak>, give; also names the act, as in {nitak biakpiak hun}, the time of the evening sacrifice	
s6309	worship/hold a service	worship God together with song and prayer, as a church does on Sunday, with no offering of an animal; also names the service itself, as in <biakpiak kikhopna>, worship service, {biakpiak hun}, time of worship, and <biakpiak zia>, form of worship	
s6310	worship service/church service	<biakpiak>, worship, and <kikhopna>, meeting: a gathering for worship, a church service; {Nipi biakpiak kikhopna} is the Sunday service	
s6311	form of worship/order of worship/liturgy	<biakpiak>, worship, and <zia>, way or manner: the way a church holds its worship, its form or order of service; used as one noun	
s6312	sacrifice/offering	what is given to God in worship, from <biak>, worship, and <piakna>, giving; {thunuam-a biakpiakna} is a fellowship offering	
s6313	worship service/worship/service	a gathering in which people worship God together, as in a church; this is the present-day use, with <kinei> or <nei> for holding a service and {biakpiakna munte} for places of worship, not a thing given to God	
s6314	sacrifices/offerings	plural of <biakpiakna>, sacrifice	
s6315	worship services/services	plural of <biakpiakna> in its present-day meaning, the gatherings in which people worship God together, as against a feast or other programme; not things given to God	
s6316	way of worship/form of worship/style of worship	<biakpiak>, worship, and <zia>, way, written as one word: the manner in which a church holds its worship	
s6317	join in worshipping/worship	<biak>, worship, with <pih>, along with: worship together with others, in the verses always the idols or gods of other people	
s6318	worshipped/formerly worshipped	<biak>, worship, with <sa>, already done: that was worshipped before	
s6319	worship rightly/be devout	<biak>, worship, with <siam>, be skilled at: worship rightly, said of women who are devoted to God	
s6320	objects of worship/idols	plural of <biak>, the things that are worshipped; {milim biakte} are idols	
s6321	be able to worship/can worship	<biak>, worship, with <theih>, can; {biaktheih nading}, so that one may worship	
s6322	right to worship/worship	<biaktheih>, be able to worship, with the noun suffix <na>: the right or the means to worship	
s6323	way of worship/form of worship	<biak> and <zia> written as one word: the manner in which one worships	
s6324	constituency/district/area	an area marked off as one unit, above all the area that elects one member of a parliament or assembly	
s6325	complicated/confused/mixed up/patchy	not plain or of one kind: tangled, mixed or unclear; {kitel bialbual lo} is not clearly understood	
s6326	not worship	<bia> and <lo> written as one word: not worship	
s6327	cheek	the side of the face below the eye	
s6328	hurriedly/in a rush/hastily/frantically	placed after a verb: doing it in a great hurry, in haste and without care	
s6329	cheeks	plural of <biang>, cheek	
s6330	Biangtung		
s6331	want to worship/be willing to worship	<bia>, worship, with <nuam>, want to	
s6332	make worship/cause to worship	<bia>, worship, with <sak>, cause	
s6333	worshipers	those who worship, <bia> with the plural ending <te>; <milim biate> are idolaters	
s6334	Bible	the holy book of the Christians, in Zolai <Laisiangtho>; also in names of colleges and societies	
s6335	bicycle/bike		
s6336	Bidkar	chariot officer of Jehu king of Israel	
s6337	Bidonegyaungwa		
s6338	Bilgah	a spelling of <Bilgah>, a priest who returned from the exile with Zerubbabel	
s6339	Bilgai	a spelling of <Bilgai>, a priest who sealed the covenant with Nehemiah	
s6340	Bigtha	one of the seven eunuchs who served King Xerxes	
s6341	Bigthana	officer who guarded the doorway of King Xerxes and plotted with Teresh to kill him	
s6342	Bigvai	leader who returned from the exile with Zerubbabel, and head of a large family of returned exiles	
s6343	Bilhah	a spelling of <Bilhah>, a town of the tribe of Simeon	
s6344	Bihar	a state in the east of India	
s6345	horn/flask	a horn or flask that holds oil, in {sathau biing}; also a measure of oil	
s6346	into the horn/in the flask	<biing>, horn or flask for oil, with the place marker <ah>	
s6347	log/small measure of oil	a small measure of oil, used for the Hebrew measure log in Leviticus 14, about a third of a litre	
s6348	completely/absolutely/totally/entirely/wholly/fully/thoroughly	placed after a verb or describing word: completely, tightly, with nothing left over; {khua mial bikbek} is pitch dark	
s6349	fix/set/specify	set a day or an amount definitely; {sum tuazah cih bikhiah} is a fixed sum of so much money	
s6350	Bikri	a Benjamite, father of the Sheba who rebelled against David	
s6351	ear	the organ of hearing	
s6352	in the ear/at the ear	<bil>, ear, with the marker <ah>; the hyphen keeps it from being read as {bi-lah}	
s6353	resounding/noisy	describes a gong, <zam>; apparently <bil>, ear, with {a phuai}: loud or harsh on the ear	
s6354	in the ear/in the hearing of/to the ears	<bil>, ear, with the place marker <ah>: in or to the ears, in the hearing of	
s6355	cement	cement, the grey powder mixed with sand and water for building, counted by the bag, <ip>	
s6356	earring	ornament worn in the ear; contains <bil>, ear	
s6357	earrings/rings	plural of <bilbah>, an ornament worn in the ear	
s6358	in fact/just/as it turned out	placed after a verb or a negated verb, before <hi> or <in>: stresses that this is simply how it is or how it turned out; {omlo bilbel hi} is there turned out to be none	
s6359	all mixed together/jumbled	placed after a verb or after <teng>, all these: mixed up together, in a tangle, all of it at once; {hih teng bilbial kawmkal ah} is in the midst of all this	
s6360	Bildad	Bildad the Shuhite, one of the three friends of Job	
s6361	Bileam	town in the territory of the half-tribe of Manasseh west of the Jordan, given to the Kohathite Levites	
s6362	Bilgah	head of the fifteenth division of priests in the time of David; also a priest who returned from the exile with Zerubbabel	
s6363	Bilgai	priest who sealed the covenant with Nehemiah	
s6364	Bilhah	servant of Rachel and mother of Dan and Naphtali; also a town of the tribe of Simeon	
s6365	Bilhah	<Bilhah>, the servant of Rachel, written together with <tungah>, to: to Bilhah	
s6366	Bilhan	name of two men: a son of Ezer the Horite, and a Benjamite, son of Jediael	
s6367	shut in/seal in/smother	<bilh>, stop up, with <cip>, tightly, mostly after <ki.2>: be closed in on all sides, as by smoke, by darkness or by ice	
s6368	ear/hearing	the ear as the place where a sound or a remembered word is heard; {ka bilkha ah gingging lai hi} is it still rings in my ears	
s6369	bill/draft law	a proposed law put before a parliament or congress to be voted on	
s6370	bill/invoice	a statement of money owed for a service, as in {mei bill}, electricity bill, and {phone bill}	
s6371	billion	the number one thousand million, mostly in amounts of money and counts of people	
s6372	billionaire	a person whose wealth is a billion or more, a very rich <mihau>	
s6373	billion	the English plural used in Zolai sentences as a number word, a thousand million, in sums of money and counts of people	
s6374	earphones/headphones	<bil>, ear, with <ngaihna>, listening: a device worn on the ears to listen to a phone or to music	
s6375	deaf	unable to hear, from <bil>, ear, and <ngong>, deaf	
s6376	deaf	<bilngong>, deaf, with the suffix <in>: being deaf	
s6377	make deaf	<bilngong>, deaf, with <sak>, cause	
s6378	the deaf/deaf people	plural of <bilngong>: people who cannot hear	
s6379	hare		
s6380	rabbit		
s6381	Bilshan	leader who returned from the exile with Zerubbabel	
s6382	in the ear/into the ear	<bil> and <sungah> written as one word: inside the ear	
s6383	ears	plural of <bil>, ear	
s6384	earlobe/lobe of the ear	the soft lower part of the ear, from <bil>, ear, and <teep>, tip	
s6385	earlobes/lobes of the ears	plural of <bilteep>, earlobe	
s6386	with ears/ears	<bil>, ear, with <un>, the marker <in> joined to the plural <uh>; {ka bilun} is with our own ears	
s6387	loop/eyelet/eye of a needle	a small hole or loop, from <bil>, ear, and <vang>, hole: the loops on the edge of a curtain that take a clasp, and in {phim bilvang} the eye of a needle	
s6388	loops	<bilvang>, loop or eyelet on the edge of a curtain, with plural <te>	
s6389	Bimhal	son of Japhlet, of the tribe of Asher	
s6390	Binea	son of Moza, a descendant of King Saul through Jonathan	
s6391	jar/flask/hin	small container for oil; also a liquid measure where the English has hin	
s6392	be closed/be stopped up/be deaf	of the ears, be closed so that one cannot hear	
s6393	Binghamton	a city in the state of New York, United States	
s6394	dismiss/fire/remove from office	<bing> with <khawlsak>, dismiss, written as one word: put a person out of a job or office outright; after <nasep>, work, and in the passive after <ki>; the first part is not the noun jar, and its exact force is not confirmed	
s6395	attack by surprise/fall upon	attack an enemy who is off guard	
s6396	headlong/haphazardly/blindly	rushing straight ahead without planning, taking things as they come; of vehicles with <ki>, run straight into one another	
s6397	stop up/close/make deaf	<bing>, be stopped up, with the causative <sak>: close the ears so as not to hear	
s6398	Binnui	name of several men after the exile, among them a Levite, son of Henadad, who helped repair the wall of Jerusalem	
s6399	Bintang	the second word of the place name Bukit Bintang, a shopping and entertainment district of Kuala Lumpur in Malaysia, and of other Malaysian place names	
s6400	Bintulu	a town and district on the coast of Sarawak in Malaysia	
s6401	biodata/personal details/personal data	the written personal particulars of a person, as kept by offices that handle refugee cases	
s6402	biography/life story	the written account of the life of a person	
s6403	biology	the school and university subject	
s6404	biometrics/biometric data	the recording of a person's body marks such as fingerprints, face and eyes for an identity card	
s6405	thatch	<bi>, thatch grass, made up for roofing; the page only says {Biphuah a mal hi}, and the meaning is inferred from the parts	
s6406	Birmingham	large city in the middle of England	
s6407	Birsha	king of Gomorrah in the time of Abraham	
s6408	birthday		
s6409	Birzaith	descendant of Asher named as a son of Malkiel, possibly a town that Malkiel founded	
s6410	Bishan	a residential district of Singapore, seen in street addresses	
s6411	bishop	a senior clergyman who has charge of the churches of a diocese	
s6412	safe/secure	safe from danger or loss, well guarded; {a bit tak-in} means securely	
s6413	full/complete/whole	complete to the end, mostly of a period of time, as {kum khat bit}, a full year, and {kha khat bit}, a full month; {a bit-in} means in full	
s6414	Bithiah	daughter of Pharaoh and wife of Mered of the tribe of Judah	
s6415	Bithynia	Roman province on the Black Sea coast in the north-west of Asia Minor	
s6416	Bithynia	Roman province on the Black Sea coast in the north-west of Asia Minor	
s6417	Bithynia	Roman province on the Black Sea coast in the north-west of Asia Minor	
s6418	safeguard/safety/security	<bit>, safe, with the noun suffix <na>: something that keeps a person safe	
s6419	security/for the safety of	<bit>, safe, with <nading>, for: for the safety of; {gamsung bitnading} is national security	
s6420	make safe/secure/protect	<bit>, safe, with the causing <sak>: make a place or a people safe	
s6421	safely/securely	<bit>, safe, and <tak> written as one word, mostly followed by <in>: in safety, securely	
s6422	strategy	strategy, used in {Biuha lampi} or {Biuha lam}, the strategic road built by the Myanmar government from Tedim by way of Laitui	
s6423		descriptive word placed after <hoih>, said of a face or of looks that are prettily good, as in {a mel a hoih biuhbeuh}	
s6424	Bizang		
s6425	Biziothiah	town in the far south of Judah, listed next to Beersheba	
s6426	Biztha	one of the seven eunuchs who served King Xerxes	
s6427	cupboard/cabinet/wardrobe	a piece of furniture with doors for keeping clothes or goods; also a closet and a glass showcase	
s6428	blacklist	a list of persons who are barred or under sanction; {Blacklist ah koih} is put on the blacklist	
s6429	blackmail	threatening to make something shameful public unless the victim pays or obeys; used with <bawl>, do, and <thuak>, suffer	
s6430	blanket		
s6431	Blastus	trusted personal servant of King Herod Agrippa, whose support the people of Tyre and Sidon won	
s6432	Blastus	trusted personal servant of King Herod Agrippa, whose support the people of Tyre and Sidon won	
s6433	blog	a website on which a person or group posts writing and pictures	
s6434	blogger	a person who writes a blog on the internet	
s6435	BMW	German make of car; {BMW mawtaw} is a BMW car	
s6436	BNRA/Burma National Revolutionary Army	English abbreviation: an armed revolutionary group fighting the military council in central Myanmar	
s6437	Bo		
s6438	Boanerges	name that Jesus gave to James and John, the sons of Zebedee, meaning sons of thunder	
s6439	board/committee	the board of an organisation, the group of people chosen to direct it; mostly in English names such as Board of Directors	
s6440	boarding school/boarder/boarding	a hostel where pupils live and study, or a pupil who lives there; the same spelling is also written for English border, as in {Boarder Trade}	
s6441	boarding	going on board an aircraft, with <bawl>, do: {boarding bawl} is board the plane	
s6442	boarding school/boarding house/hostel	a school or house where pupils live and study, also written {bawda}	
s6443	boat		
s6444	Boathe		
s6445	Boaz	wealthy man of Bethlehem who married Ruth, father of Obed and great-grandfather of David; also the name of one of the two bronze pillars of the temple of Solomon	
s6446	Bobeik		
s6447	general/Bogyoke	Burmese title of a general, used alone for General Aung San; {Bochoh lan} is Bogyoke Road	
s6448	Bochung		
s6449	bodyguard	a person who guards someone important	
s6450	bodyguards/bodyguard	English plural used as a noun: guards who go with a person to protect him or her	
s6451	Boeing	American aircraft maker; named with the model of an aeroplane, as in {Boeing 737 vanleng}	
s6452	Beor	father of the seer Balaam	
s6453	general	Burmese military title, general, set before a name as in {Bogoke Aung San}	
s6454	Bogor	city in West Java, Indonesia, south of Jakarta	
s6455	Bogota	the capital city of <Colombia>	
s6456	general	Burmese military title for a general, placed before the name, above all in Bogyoke Aung San and in the names of roads and markets called after him	
s6457	Bohan	son of Reuben after whom a boundary stone between Judah and Benjamin was named	
s6459	Buddhism/the Buddhist religion	<Bohdah>, Buddha, and <biakna>, religion: the religion of the Buddha, Buddhism, also called <Kawlbiakna>, the religion of the Burmans	
s6460	Wednesday	the Burmese name of Wednesday in Zolai spelling, from the book's table of the days of the week	
s6461	Bohkan	village on the road from Kalaymyo to Tamu, also called Zohmun	
s6462	major	the army rank of major, placed before a name as a title	
s6463	little one/dear child	a fond word with which a parent or elder addresses a child; also found as a personal name	
s6464	fall facedown/bow down/prostrate oneself/crouch	go down with the face to the ground, in fear, worship or submission; of an animal, crouch	
s6465	Bok Lang		
s6466	swell badly/be badly swollen	said of a part of the body after an injury or illness; apparently <bawk>, swell, in another spelling with <gawp>, severely	
s6467	Bokeru	son of Azel, a descendant of King Saul in the tribe of Benjamin	
s6468	Bokim	place where the angel of the Lord rebuked Israel and the people wept	
s6469	fall down/prostrate oneself/bow down	<bok>, fall face down, with the linking ending <in>: falling down before someone, usually followed by <bia>, worship	
s6470	make kneel/make fall down/make lie down	<bok>, lie face down, with the causative <sak>: make an animal kneel down, or make a person fall at the feet of another	
s6471	fall facedown/bow down/prostrate oneself	<bok> with <suk>, downward: throw oneself down with the face to the ground, in worship, fear or pleading	
s6472	fall facedown/bow down/prostrate oneself	<boksuk>, fall with the face to the ground, with the linking ending <in>: falling facedown and then doing the next action	
s6473	crawl/move along the ground	move along the ground on the belly or on short legs, as snakes, lizards and insects do; {a bokvak ganhing} is a crawling creature	
s6474	creep/move along the ground	of small animals and reptiles, move close to the ground; {a bokvak ganhingte} are the creatures that move along the ground	
s6475	crawl/creeping things/creatures that move along the ground	<bokvak>, creep, with the plural <te>, used as a noun: the creatures that creep on the ground	plural form of <bokvak>
s6476	Bawlakhe	town and township in Kayah State, <Karenni>, in eastern Myanmar	
s6477	Bollywood	the Hindi film industry of India	
s6478	Bolton	name of a town in England, home of the football club Bolton Wanderers, and of a town in Connecticut in the United States; also an English family name	
s6479	cluster/bunch	a bunch of fruit growing together; {leenggah bom} is a cluster of grapes	
s6480	junction/fork	the place where roads part, after <lamka>; {lamka bom} is a road junction or crossroads, unlike the cluster of fruit	
s6481	at the crossroads/at the corner	<bom> with the place marker <ah>; {lamka bomah}, at the place where roads meet, a crossroads or street corner	
s6482	bomb	an explosive weapon; <bomb khiat> is drop a bomb and {bomb puak} is a bomb goes off	
s6483	drop bombs/bomb/carry out an air strike	<bomb>, bomb, and <khiat>, out or away: to drop bombs on a place, mostly said of aircraft or drones; the means stands before it with <tawh>	
s6484	bombing/air strike/air raid	<bomb> and <khiatna>, here the noun of <khiat>, drop, and not the word for meaning: the dropping of bombs from aircraft, a bombing; often followed by <hangin>, because of the bombing	
s6485	bombing/bomb blast/bomb attack	<bomb> and <kitapna>, here explosion and not discouragement: the going off of a bomb, a bombing as an event in the news; often followed by <hangin>, because of, or <vai>, the matter of	
s6486	fire brigade/fire and rescue department	Malay name of the Fire and Rescue Department of Malaysia, used by Zomi in Malaysia for the fire brigade and its men	
s6487	Bombay/Mumbai	the former name of the city of Mumbai in India	
s6488	trousers/pants	trousers; <bombi sungten> is underpants	
s6489	underpants/panties/knickers	<bombi>, trousers, and <sungteen>, underwear: underpants, the undergarment worn on the lower body	
s6490	underpants/panties	<bombi>, trousers, and <sungten>, undergarment: the undergarment worn under trousers, underpants	
s6491	one cluster/a bunch	<bom>, cluster, and <khat> written as one word: one cluster, the collective word for grapes, {leenggah bomkhat}	
s6492	clusters/bunches	<bom>, cluster, with the plural <te>	
s6493	bond	a paper of debt sold by a government, on which it pays interest; also the money pledged for release from custody	
s6494	Bong		
s6495	Bongyo		
s6496	bonnet/hood	the cover over the engine at the front of a car, and the space under it	
s6497	bonus	extra pay given on top of the wage, as a reward for good work	
s6498	booking/reservation	a reservation of a room, seat or ride made in advance; {booking bawl} is make a booking, and it is also used as a verb, to book	
s6499	swarm on/settle on	of flies, gather and settle in numbers on something, as on a dead body	
s6500	not swarm on	<bop>, swarm on, with the negative <loh>, written as one word before <nading>	
s6501	Bor Ashan	town in the south of Judah to which David sent a share of the plunder	
s6502	Borneo	large island of Southeast Asia shared by Malaysia, Indonesia and Brunei	
s6503	Bosnia/Bosnia and Herzegovina	country in south-eastern Europe	
s6504	boss/employer	the person one works for, an employer or the head of a workplace; often {boss pa} of a man	
s6505	Boston	a city in the state of Massachusetts in the United States	
s6506	pull up/uproot/pluck out	pull a plant or a fixed thing out by the root; {bot khia} is pull out and {bot to} is pull up	
s6507	Botahtaung	a township of the city of Yangon, on the river	
s6508	Botataung	township in the east of downtown Yangon, on the Yangon River	
s6509	pluck/pull out/pull up	<bot>, pull out by the root, with the linking ending <in>, which joins it to the following verb: pulling up plants, pulling out hair	
s6510	uproot together/pull up along with	<bot>, pull up, with <khawm>, together: pull up one plant along with another	
s6511	uproot/pull out/pluck out/extract	pull something out from where it is fixed, as plants, teeth or feathers	
s6512	snap/break off/tear apart	<bot>, pull, with <sat>, cut: break a rope, cord or chain by pulling it apart	
s6513	break off/cut short/discontinue	said of talk, a meeting or an arrangement and not of a rope: bring it to a stop before it is finished, as in {thu botsat}, cut the talk short, and {ki botsat}, be broken off	
s6514	snapping/tearing apart	<botsat>, break by pulling, with the linking ending <in>	
s6515	break off/break away/tear off	<botsat>, break by pulling, with <khia>, out or off	
s6516	Botsung		
s6517	cut off/break off/interrupt/disconnect	break a thing that runs on or is joined, as a water pipe, a tie with others or what a person is saying	
s6518	pull up/tear loose	<bot>, pull up, with <to>, upward	
s6519	box/carton	a box or carton in which goods are packed, kept or sent	
s6520	boxing	the sport of boxing; {boxing tum} is go in for boxing	
s6521	boycott	refuse to take part in something, such as an election, as a protest	
s6522	boyfriend	a man or boy with whom someone has a romantic relationship; mostly written beside the Zolai <lawmngaih> as its English gloss	
s6523	Bozez	one of the two cliffs at the pass that Jonathan crossed to reach the Philistine outpost	
s6524	Bozkath	town in the lowland of Judah, home of the mother of King Josiah	
s6525	Bozrah	chief city of Edom, home of King Jobab; also a town in Moab	
s6526	brake	the brake of a vehicle; {brake sik} is step on the brake	
s6527	brand/make	the trade name under which goods are made and sold; {brand minthang} is a famous brand	
s6528	Brazil	a country in South America	
s6529	Brazilian	of Brazil; {Brazilian gammi} is a citizen of Brazil	
s6530	breakfast/morning meal	the morning meal; the Zolai is {zingsang an}	
s6531	Breitbart	an American news website, named as a source of news	
s6532	Brickfields	district of Kuala Lumpur in Malaysia	
s6533	brigade	a unit of an army, and in {Fire Brigade} the fire service	
s6534	Brighton	a town on the south coast of England; other places abroad carry the same name	
s6535	Brisbane	city in Australia where a Zomi community lives	
s6536	Britain/Great Britain	the country of Great Britain, the United Kingdom; usually {Britain gam} or {Great Britain}	
s6537	British	of Britain or its people, the English word; {British te} is the British, also as the former rulers of Burma	
s6538	British Empire	the English name of the empire that Britain ruled, used unchanged in Zolai; it took <Zogam> in the 1890s; also said <mikang kumpi> or {British kumpigam}	
s6539	the British/British people	British with the plural <te>: the British, mostly as the former colonial rulers	
s6540	broadcast/live broadcast	send out sound or video by television or the internet, or such a transmission; {broadcast pan en} is watch by broadcast	
s6541	Bronx/the Bronx	district of New York City in the United States	
s6542	Brook		
s6543	Brooklyn	a part of the city of New York in the United States	
s6544	Broward	a county in the state of Florida in the United States, written {Broward county}	
s6545	Brunei	a small country in Southeast Asia, on the island of Borneo	
s6546	Brussels	the capital city of Belgium, seat of the European Union and of NATO	
s6547	hide/hide oneself	hide oneself, go into hiding so as not to be seen or found	
s6548	book/volume/copy	a book as one bound volume, after the kind of book as in {laibu bu} and {Laisiangtho bu}, after the name of a book of the Bible as in {Daniel bu}, and as the counting word for books before a number; not {bu}, hide	
s6549	officer	an officer of the army or the police, after <galkap> or {polik}; a present-day word, not {bu}, hide	
s6550	nest/build a nest	of a bird: make its nest and live in it, as a sparrow in the corner of a house	
s6551	nest	the nest of a bird, as in {vasa' bu}, a bird's nest; not {bu}, book	
s6552	set/pair	unit name for things that belong together: three gongs, {dak thum}, are {bu khat}, one set, and two socks or two shoes are {bu khat}, one pair; not the book and not the verb hide	
s6553	book	<bu>, book, written with a capital as part of a title: {La Bu} is the Book of Psalms	
s6554	reach into a nest/rob a nest	<bu>, nest, with <mek>: feel in a bird's nest to take what is in it; the same word is also written <bumek>	
s6555	pour out/shed/spill	pour out a liquid; also used of blood being shed, water being spilled and the Spirit being poured out	
s6556	loudly/roaringly/boisterously	follows a verb of sound such as <awng>, shout, <hawk>, roar, or <nui>, laugh: with a loud, full voice	
s6557	pour/water	pour a liquid over something, water the ground; {tui-buah} is a drink offering poured out to God	
s6558	watering/irrigating	<buah>, pour water on, with the noun suffix <na>: the watering of sown land, or the place that is watered	
s6559	pour on/splash/throw at	<buah>, pour, with <sak>: pour or throw a liquid over someone; {ki buahsak} is have it poured over one, as acid	
s6560	be troubled/be in turmoil/be in an uproar/riot	be disturbed or confused, of a person's mind or of a crowd or city	
s6561	contend with/be occupied with	with <tawh>, be taken up or entangled with someone	
s6562	be busy/fuss/be in turmoil	<buai> doubled: keep being troubled, busy or in a fuss over something	
s6563	be preoccupied/be taken up with/be in turmoil	<buai>, be troubled or busy, with <cip>, completely, written as one word: be wholly occupied with something, marked by <tawh>; of a country, be all in turmoil	
s6564	will be in turmoil/will be busy with	<buai> and <ding> written as one word: will be troubled or in turmoil; with <tawh> or <mahtawh> before it, will be occupied with	
s6565	be in panic/be in utter confusion	<buai>, be troubled, with the intensifier <gawp>; with <sak>, throw into panic	
s6566	degree/academic degree	a degree given by a college or university; {buaih ngah} is get a degree, graduate	
s6567	troublesome/bothersome/complicated/pesky	<buai>, be troubled, with <huai>, causing that feeling: causing trouble or bother; {buaihuai sa} is find it a bother	
s6568	during the unrest/at the time of the trouble	<buai>, be in turmoil, and <lai>, here the time when, written as one word after a year or place: at the time of the unrest there; before <mahmah> it means being very busy	
s6569	be troubled by/suffer trouble	get into trouble or be kept busy as a result of something; <buai>, be troubled, with <lawh>, be affected by	
s6570	not be involved with/not bother with	<buai>, here be busy or concerned with, and <lo>, not, written as one word, placed after <tawh>: not be occupied or involved with something	
s6571	be too busy/be too taken up	<buai>, be busy or troubled, and <lua>, too much, written as one word: be too busy, be too much taken up with something, which is marked with <tawh>	
s6572	being too taken up/great turmoil	<buai>, be busy or troubled, and <luatna>, excess, written as one word: being too much taken up with something, which is followed by <tawh>; also great trouble or unrest	
s6573	be very busy/be much occupied	<buai> and <mahmah>, very, written as one word: be very busy with something, or be in great trouble or turmoil	
s6574	trouble/commotion/turmoil/panic/chaos/tumult	<buai>, be troubled, with the noun suffix <na>: trouble, disorder or unrest among people	
s6575	incident/disturbance	<buaina>, trouble, and <thupiang>, happening: a fixed term of news reports for an incident, a fight, robbery or other disturbance; usually after <hih> or <tuabang>, and sometimes followed by the English word Incident	
s6576	a problem/some trouble/an incident	<buaina>, trouble, and <khat>, one, written as one word: a trouble, some incident	
s6577	great trouble/major problem/serious conflict	<buaina>, trouble, with <pi>, great, written as one word	
s6578	troubles/problems/conflicts	plural of <buaina>: troubles and difficulties in life, and unrest or conflicts in a country	
s6579	incident/trouble/dispute	<buaina> and <vai> written as one word: a matter of trouble, an incident or dispute that is reported or looked into	
s6580	be in an uproar/be in commotion	<buai>, be in turmoil, with the expressive <ngeingai>, written as one word: many people are in a noisy stir and confusion	
s6581	attend to/deal with/be busy with	<buai>, be occupied, with <pih>, together with or for: take trouble over a matter or over a person in need, as a sick person or a prisoner	
s6582	concern/trouble taken/matter dealt with	<buaipih>, be busy with, with the noun suffix <na>: what one is occupied with or takes trouble over, a problem that has to be dealt with	
s6583	trouble/disturb/terrify/stir up/horrify	<buai>, be troubled, with the causative <sak>: throw a person or a town into fear or disorder	
s6584	throw into panic/throw into confusion	<buaisak>, trouble, with the intensifier <gawp>	
s6585	disturbing/troubling	<buaisak>, trouble, with the linking ending <in>	
s6586	insurrection/disturbance/stirring up	<buaisak>, trouble or stir up, with the noun suffix <na>; {mi buaisakna}, stirring up the people, an uprising	
s6587	pour/pour out/water	pour a liquid onto something, or water a field; the form of <bua> used when the thing poured on is named	
s6588	douse/pour all over/drench	<buak>, pour on, with <gawp>, thoroughly, written as one word: pour a liquid all over someone or something	
s6589	pour out/spill	<bua>, pour, with <khia>, out: of blood and water, of the inner parts of a body spilling out, and also of anger	
s6590	flock to/swarm/throng	come or go in great numbers and with force toward a person, a place or a cause, of a crowd that rushes to support or to attack	
s6591	pouring	<buak>, pour, with the linking ending <in>	
s6592	pour out	<buak>, pour, with <khiat>, out, the form used before a following word; {tui buakkhiat bangin}, like water poured out	
s6593	pouring	<buak>, pour, with the noun suffix <na>: the act of pouring a liquid on something	
s6594	dump/heap	place where something is poured or thrown out; {nin buakna}, rubbish heap	
s6595	waterer/one who waters	<buak>, pour or water, with <pa>, the man who does it; {tui buakpa}, the one who waters	
s6596	pour out/pour away	<buak>, pour, with <suah>, bring out: pour something out; on the page only in <uitui buaksuah>, the opposite of <ki-uitui>	
s6597	pour down/pour on/pour out	<buak>, pour, with <suk>, downward: pour something down on a person or thing	
s6598	pouring down/pouring on	<buaksuk>, pour down, with the linking ending <in>	
s6599	pool/pond/lake	a body of standing water, natural or made, such as a pool, pond or lake	
s6600	wallow/roll	roll about in mud, dust or ashes	
s6601	pool	<bual>, pool, capitalised in the name of a place: {Siloam Bual}, the Pool of Siloam; {Kumpipa’ Bual}, the Pool of the King	
s6602	to the pool/in the pool	<bual>, pool, with the place marker <ah>	
s6603	unintelligibly/stammeringly	describes speech that cannot be understood; {pau bualbual}, babble or stammer	
s6604	Bualhrei		
s6605	Bualkhua		
s6606	wallow again/go back to wallowing	<bual>, wallow, with <kik>, again	
s6607	Bualkuang		
s6608	Bualmin		
s6609	pool/large pool/lake	<bual>, pool, with <pi>, great: a large pool or lake; also used of a field of activity that people enter	
s6610	Bualtak		
s6611	pools/ponds	<bual>, pool, with the plural <te>	
s6612	pool/pond/swamp	<bual>, pool, with <tui>, water: a pool of standing water	
s6613	pools/ponds	<bualtui>, pool of standing water, with plural <te>	
s6614	mud/mire/clay	wet soft earth; also clay used for building and for making bricks	
s6615	rape	a verb, not the word for mud: force a person to have sex, often with <zawhthawh thutawh>, by force; {buan thuak} is be raped	
s6616	wrestle/grapple	take hold of someone and struggle with him body to body, as Jacob with God; {ki buan} is wrestle with each other, also of two wills that are in conflict	
s6617	Buan		
s6618	raped/sexually assaulted	<buan>, here a verb, seize and force, rape, not the noun for mud, and <athuak>, the one who suffers it: placed before the word for the person, as {buan athuak numeino}, the girl who was raped; a term of crime reports	
s6619	mud/slush/mire	thin wet mud, as left by a flood or on a road in the rainy season; also said of flowing lava	
s6620	rape repeatedly/keep raping	<buan>, here in the sense seize and violate a person sexually, and <den>, continually, written as one word	
s6621	except/unless	limiting and emphatic particle: {lo buang}, except or apart from; <kei buang leh>, unless; after a verb, at least or after all	
s6622	rape/assault/maul	a verb spelled like <buan>, mud, but meaning seize and force, with <gawp>, violently: assault brutally; with <zawhthawh thutawh>, by force, rape; of an animal, maul	
s6623	rape/violate/abuse	assault a woman violently; apparently <buan> with the intensifier <gawp> and the suffix <in>	
s6624	at least/of all things/for such a one	the emphatic particle <buang> and <ding> written as one word: after a verb, surely at least; after a noun phrase and followed by <in>, for something that is supposed to be such a one	
s6625	unless/except	after a negative clause with <loh> or <kei>: unless, if not	
s6626	since/seeing that	after a positive clause: since it is so; {hi kei buangin teh} asks surely it is not	
s6627	unless/except if	<buang> and <leh>, if, written as one word after a negative, as in {ahih kei buangleh}: unless it is, except in the case of	
s6628	Buangmual		
s6629	rubber/elastic	rubber, the stretchy material of tyres, erasers and elastic bands; {buangnai thautang} is a rubber bullet	
s6630	now that/seeing that	<buang>, the emphatic particle meaning after all, with the plural ending <un>: seeing that you have done something	
s6631	Buangzawli		
s6632	rape/gang-rape	force a person to have sex; in news reports mostly of several men together or one after another; built on a verb for rape that is spelled like <buan>, mud, but is a different word	
s6633	force/seize	take hold of a person by force and overpower them, with the linking ending <in>; in the verses of forcing a woman, rape	
s6634	mud	<buan.1>, mud, with the marker <in>, by: by mud or with mud, as of houses that a mudslide buries, {buanin vukcip}; not the verb of forcing a person	
s6635	mud/quagmire/muddy ground	<buan>, mud, with <lak>, the midst: a stretch of soft wet mud, a place where one sinks in	
s6636	get smeared/get soiled	<buan>, mud or smear, with <lawh.2>, as a result: come away smeared or dirtied by something	
s6637	Buanli		
s6638	Buanlung		
s6639	Buanman	one of the Sihzang villages near Thuklai in Chin State	
s6640	struggle/grappling/tussle	a grappling or wrestling with someone or something, also a clash or trouble between people; {ki buanna} is a struggle of two sides with each other	
s6641	mud/soft mud	mud made by wetting earth; compare <buan> mud	
s6642	mud/mire	deep soft mud	
s6643	Buannel	the name used by the Falam people for the area that the Tedim people call Lennupa, with forest around it, on the border of the Tedim and Falam regions	
s6644	make rape/cause to rape	<buan>, rape, and the causative <sak> written as one word: make someone rape another person; {ki buansak} is also found for wrestle	
s6645	try to rape/attempt to rape	<buan>, force a person sexually, with <sawm>, intend: try to rape; in news of arrests and court cases	
s6646	Buansing		
s6647	mud/mire	<buan> mud with the plural <te>; {kongzing buante} is the mud of the streets	
s6648	be raped/suffer rape	the verb of <kibuan>, be raped, with <thuak>, suffer: be the victim of rape; {buanthuak numeinu} is the woman who was raped	
s6649	rape repeatedly/assault repeatedly	<buan>, here the verb wrestle with or rape, and <zel>, repeatedly, written as one word: rape or sexually assault again and again; found in crime reports	
s6650	rape repeatedly/rape again and again	<buan>, rape, and <zelzel>, again and again, written as one word; found in crime reports	
s6651	spill/pour out	<bua> pour out, with the causative <sak>: let a liquid run out onto the ground	
s6652	pour down/shower down	<bua> pour out, with <suk> downward: pour down from above like rain	
s6653	hastily/rashly/abruptly	placed after a verb: doing it at once and without thought or restraint, as ordering, accepting, marrying or eating in a rush	
s6654	hastily/hurriedly	describes the way a garment is thrown on; apparently in haste	
s6655	hide/keep hiding	<bu>, hide, doubled for continued action	
s6656	Bucharest	capital city of <Romania>	
s6657	complete/perfect/whole/full	lacking nothing, complete in every part; {mi bucing} is a perfect person	
s6658	worth making complete	<bucing>, be complete, in the form used before a suffix, with <huai>, worthy of: worth making complete	
s6659	completeness/wholeness/perfection	<bucing>, complete, in the form used before a suffix, with the noun suffix <na>	
s6660	make complete/complete	<bucing>, be complete, in the form used before a suffix, with <suah>, bring out or become: make complete; the page lists the form without a meaning	
s6661	fit to be complete	<bucing>, be complete, in the form used before a suffix, with <tuak>, be fitting: fit to be complete	
s6662	hidden/hide oneself/stay hidden/go into hiding	<bu>, hide, with <cip>, tightly: hide oneself completely, stay in hiding	
s6663	Buckingham	in Buckingham Palace, the house of the British king or queen in London	
s6665	Buddha	the Buddha, the teacher from whom Buddhism comes; {Buddha biakna} is Buddhism	
s6666	Buddhism/the Buddhist religion	<Buddha> and <biakna>, religion: the name of the religion, used where English has Buddhism or Buddhist	
s6667	Buddhism	the religion that follows the teaching of the Buddha, the religion of most Burmese	
s6668	Buddhist	a follower of Buddhism, and of or belonging to Buddhism; {Buddhist biakna} is the Buddhist religion	
s6669	budget	the money that a government or organisation sets aside to spend in a period, and the plan for it	
s6671	grain/cereal	grain growing in the field or gathered at harvest; {buh at} is reap grain and {buh lei} is a grainfield	
s6672	rice	rice as a plant and as grain	
s6673	porridge/rice porridge/congee	rice boiled soft in much water	
s6674	plain rice porridge/plain congee	<buhciim>, rice porridge, and <siang>, clean or plain, written as one word: porridge of rice alone with nothing added	
s6675	thresh/thresh grain	<buh>, grain, with <cil>, tread; {buhcil mi}, a thresher	
s6676	threshing sledge	tool for threshing grain	
s6677	threshing floor	place where grain is threshed, also {buhcilna phual}	
s6678	threshing wheel/wheel of a threshing cart	<buhcilna>, threshing, with <pei>, wheel	
s6679	rice porridge/congee/rice gruel	rice boiled soft with much water, eaten plain by the sick or with beans and greens as a simple meal	
s6680	grain/wheat/kernel of grain	grain as it is sown, sifted or winnowed; {buhhum khat} is a single grain	
s6681	grain	plural of <buhhum>, grain	
s6682	one cluster/a bunch	<buh> and <khat> written as one word, given by the book as the collective word for fruit, {ga buhkhat}; the exact shape of the cluster is not stated	
s6683	cough	cough, also as a noun in {buhkhuh natna}, a coughing illness that spreads easily	
s6684	straw/stubble	the dry stalks of grain left after harvest, used as fodder and quickly burned up by fire	
s6685	straw/stalks of grain	<buhkung>, straw, with the plural <te>	
s6686	grainfield/field of grain	<buh>, grain, with <lei>, ground: a field where grain is growing	
s6687	in the grainfield/through the grainfield	<buhlei>, grainfield, with the place marker <ah>: in or through the grainfield	
s6688	sheaf	bundle of cut grain stalks	
s6689	sheaves	<buhlom>, sheaf, with the plural <te>: bundles of cut grain	
s6690	sticky rice/glutinous rice	the sticky kind of <buh>, rice, cooked for feasts and for offerings to the dead and also made into cakes	
s6691	flour/fine flour/dough	grain ground fine, and the dough made from it; also written <buhnel>	
s6692	flour	<buh>, grain, with <nel>, fine: grain ground fine, flour; also written <buhneel>	
s6693	sheaf/sheaves of grain	in the verse something of grain that burns, where the English has a torch among sheaves; exact sense not confirmed	
s6694	threshing floor	<buh> grain with <phual> place: the place where grain is threshed and winnowed; in Zechariah 12.6 a place of grain that is on fire, where the NIV has sheaves	
s6695	chaff	the light husks of grain that the wind blows away	
s6696	cooked rice/rice	rice cooked and eaten as the meal; named as good food, often together with chicken	
s6697	grain/corn/rice	the kernels of grain used as food, as against <buhtu>, the straw	
s6698	straw/stubble	dry stalks of grain, used as fodder and in brick making	
s6699	rice sowing/rice planting	<buh>, rice, and <tuh>, sow, written as one word: the sowing of rice in the field; the same page also writes {buh tuh}	
s6700	chaff	the husks of grain that the wind blows away	
s6701	head of grain/ear of grain	<buh>, grain, with <vui>, ear: the head of a grain plant that holds the kernels	
s6702	heads of grain/ears of grain	<buhvui>, head of grain, with the plural <te>	
s6703	maimed/crippled	of a hand or foot: cut off, missing or useless	
s6704	bamboo rat	a burrowing rodent that is dug out of the ground, the same as <buipi>; known from sayings such as {bui phak kuanin kitawp}, give up just before reaching the bamboo rat	
s6705		Saying: stopping just when about to reach the bamboo rat; giving up when the goal is almost reached	
s6706	building	a large building, especially one of several storeys in a town; mostly written with a capital letter	
s6707	bamboo rat/mole	a large burrowing rodent; known from the saying {Buipi leikeei in zong khuangai}, even the bamboo rat digging the earth is mindful, a call to be careful	
s6708		Saying: even the bamboo rat digging the earth pays heed to its surroundings; one should act with care	
s6709		Saying: like a bamboo rat that meets a slab of rock; listed without explanation, understood of one whose way is suddenly blocked	
s6710	be crippled/be maimed/wither	of a hand or arm, lose its power and become useless	
s6711	moles	plural of <bui>, a burrowing animal, named together with bats; a different word from <bui> maimed	
s6712	cover/take cover/hide/take shelter	hide oneself or take shelter in a place, as in a field, in the dark or under wings; {buk nading} is a place of refuge	
s6713	rule over/control/lie in wait/crouch/lurk	in Genesis 4.7 said of sin that crouches at the door to master a person; elsewhere of a lion or an enemy that lies in wait for someone	
s6714	hut/booth/shed/shelter	a small simple building or a closed room for one use, as {lo buk} field hut, {misi buk} mortuary and {zun buk} toilet; a noun, another spelling of <buuk>, not the verb {buk} hide	
s6715	tabernacle/booth/tent	<buk>, tent or booth, written with a capital at the start of a sentence, for the tabernacle, and in {Buk Pawi}, the Festival of Tabernacles	
s6716	in the tent/to the tent/at the tabernacle	<buk>, tent, hut or booth, with the place marker <ah>; mostly in {kikhopna bukah}, at or into the tent of meeting, and {siahdonna bukah}, at the tax booth	
s6717	shrink back/hide away	apparently <buk> doubled: hide or shrink away in shame; in the verse negated, not be ashamed before him	
s6718	one book/one volume	<bu>, the counting word for books, and <khat>, one, written as one word: one book, a single volume or copy	
s6719	cough/coughing	a cough as a sign of illness, named with fever and difficulty in breathing; the second part is <khuh>, cough	
s6720	complete/full/whole/perfect	lacking nothing, placed after the noun: {damna bukim} is complete healing, {suahtakna bukim} full freedom; {bukim lo} is incomplete	
s6721	lying in wait/in ambush/hiding	<buk>, lie hidden, with the linking ending <in>: lying in wait in order to attack, or hiding	
s6722	cough/coughing	a cough, and to cough; {bukkhuh natna} is a coughing illness	
s6723	cough medicine/cough remedy	<bukkhuh>, cough, with {-za}, medicine, as in <zatui>: medicine taken against a cough	
s6724	Bukki	name of two men: a leader of the tribe of Dan, son of Jogli, and a priest descended from Aaron, son of Abishua and father of Uzzi	
s6725	Bukkiah	a son of Heman, one of the Levite musicians appointed by David	
s6726	tent entrance/tent door	the doorway of a tent; {kikhopna bukkong} is the entrance to the tent of meeting	
s6727	at the entrance of the tent/at the tent door	<bukkong> tent entrance with the place marker <ah>; {kikhopna bukkongah} is at the entrance to the tent of meeting	
s6728	tent site/place of a tent	<buk>, tent, with <mun>, place: the place where a tent stands	
s6729	refuge/shelter/hiding place/hideout	<buk>, hide or take shelter, with the noun suffix <na>: a place of shelter or hiding; {bukna khuapi} is a city of refuge	
s6730	refuge	<bukna>, refuge, with <pa>: the one who is a refuge, said of God	
s6731		<buk> hide or take shelter, with <na> and <sa> already done: describes the place in which someone had been hiding	
s6732	hut/shelter/booth	<buk> hut with {-no} small; {galvilna bukno} is a watchtower	
s6733	Bukphil	a Zomi village; written in brackets after a person's name to show the home village	
s6734	Bukphir		
s6735	hide from/take cover from	<buk>, hide, with the ending {-san}, away from: hide oneself from someone, often after <ki>; compare <taisan>, run away from	
s6736	ambush/lie in wait	hide in order to attack by surprise	
s6737	lying in wait/in ambush	<buksim> lie in wait, with the linking ending <in>	
s6738	ambush/place of ambush	<buksim> lie in wait, with the noun suffix <na>: the lying in wait or the place of it	
s6739	men in ambush/ambushers	<buksim>, lie in ambush, with the plural <te>: those who lie in wait	
s6740	inside the booth/inside the cabin	<buk>, here a hut, booth, cubicle or cab, with <sung>, inside: the inside of a small room or shelter, as a toilet cubicle, a guard post or a driver's cab	
s6741	inside the tent/inside the shelter	<buk>, a hut, booth or tent, and <sungah>, inside, written as one word; {mawtaw buksungah} seems to be inside the cabin of a car	
s6742	tents/shelters/booths	<buk>, tent or hut, with the plural <te>	
s6743	ambushers	those lying in wait, from <buk> lie in ambush, after <a>	
s6744	courtyard/court	the open court around the tabernacle, the tent of meeting	
s6745	base/bottom/foot	the lower end or the part where something starts, as in {liang bul} the shoulder joint and {teipi bul} the shaft of a spear	
s6746	beginning/start	the first part of a period of time, after <kum>, <kha> or a year or month name, often as {bul lamin}, at the beginning of, or {bul akipan}, from the beginning of; not the lower end of a thing	
s6747	Bul	the eighth month of the old Hebrew calendar, the month in which Solomon finished the temple; not the common word <bul>, base	
s6748	at the base/at the foot/at the bottom	<bul> base with the place marker <ah>	
s6749	light bulb/bulb	an electric light bulb, usually said as <mei bulb>	
s6750	root stock/base/basis/foundation	the thick lower part of a plant, its root stock or tuber; of a statement, the ground on which it rests, as in {thu bulbal neilo}, without foundation	
s6751	set/put/fasten/put on/attach/affix/fit	put or fasten one thing on another: fit a door, mount a stone, attach a ring, put a bit, chains or sandals on	
s6752	way of putting on/way of wearing	<bulh>, put on or fasten, with <dan>, way: how something is put on, said of shoes in {khedap bulhdan}	
s6753	putting on/fastening on/fitting	<bulh>, put or fasten something on, with the connective <in> that links it to the next action	
s6754	not put on/not wear	<bulh> and <lo> written as one word: not put on or attach; {khedap bulhlo in} is without wearing shoes	
s6755	putting on/fastening	noun form of <bulh>, put on or fasten; {kol bulhna} and {sikkol bulhna} are being put in chains or in the stocks	
s6756	chained/fettered	<bulh>, put on or fasten, with <sa>, already done, and the suffix <in>; {kol bulhsa-in}, having been put in chains	
s6757	put on	<bulh>, put on, with <sak>, for another: put a ring or sandals on someone	
s6758	putting on/fitting with	<bulh> fasten or put on, with <sak>, done for another person, and the linking ending <in>: putting sandals on someone	
s6759	fit together/bring together/adapt/apply to	<bulh>, fasten on, with <tuah>, join: set one thing against another so that they meet or fit, as knowledge with the Bible; of a gun, hold it right up to the target	
s6760	be able to fasten/be able to put on	<bulh>, put or fasten, with <zo>, be able	
s6761	in a hiding place/in a hidden place	<buliahna>, a place where something is hidden, with the place marker <ah>	
s6762	at the beginning of/at the start of	<bul>, base or start, and <in> written as one word: {kum bulin} is at the beginning of the year	
s6763	firm foundation/foundation/secure footing	a base that stands firm, of a building or of faith	
s6764	base/lower end/bottom part	<bul>, base, with <lam>, side: the part toward the base of something, as the foot of a tree or branch	
s6765	base/socket	the foot piece in which a post or frame of the tabernacle stands	
s6766	bases/sockets	the bases in which the posts of the tabernacle stand	
s6767	bullet	the shot fired from a gun; often written beside the Zolai word <thautang> to explain it	
s6768	bulletin/newsletter	printed paper of news and notices put out by a church or an association	
s6769	bases/sockets	the bases in which the frames of the tabernacle stand; spelling of <bullente> with three l, probably a misprint	
s6770	bullying	the repeated ill-treatment of a weaker person, especially among school pupils; the articles explain the English word with {gitlohna, gualheuna}	
s6771	second root/second head	<bul> and <nihna> written as one word in {Beh bulnihna}, the second root of the clan, another name of the <zinkhak>	
s6772	heap/lump	in {nin bulom}, a heap or lump of dirt, where the English has dust and ashes; exact sense not confirmed	
s6773	heap/pile	in {nin bulomtang}, a heap of rubble or ruins	
s6774	base on/rely on/make the foundation/base	take something as the basis or the main thing	
s6775	based on/on the basis of	<bulphuh>, take as the basis, with the linking suffix <in>; placed after the thing that is the basis	
s6776	not based on/without relying on	<bulphuh> and <lo> written as one word: not taking something as the foundation	
s6777	basis/foundation/focus	<bulphuh>, base on, with the noun suffix <na>: what something rests on or is centred on	
s6778	cut down at the root/fell	<bul> base with <phuk> cut down: fell a tree at its foot	
s6779	foundation/base	the base on which a building or the earth rests; {innkiu suang bulpi} is the cornerstone	
s6780	main/chief/principal/basic	placed after a noun: the chief one of its kind or the root from which the rest comes, not a base of stone; <deihna bulpi> is the main aim, {ahang bulpi} the main reason, and <gennop bulpi> the main point one wants to make	
s6781	main point/very foundation	<bulpi>, foundation, with <pen>, most: the most basic thing, the heart of a matter	
s6782	foundations/bases	<bulpi>, foundation, with the plural <te>	
s6783	main/basic/fundamental/principal	placed after a noun, as in {ngimna bulpite}, the main aims of an organisation, and {kisap bulpite}, basic needs: the chief or basic ones, not the base of a building	
s6785	branch/shoot/sprout	<bul> base with <sel> sprout: a new shoot growing from the stock; in Isaiah 4.2 the Branch of the Lord	
s6786	stump	the part of a tree left in the ground after it is cut down	
s6787	foundations/bases	plural of <bul>, base; {leitung bulte} is the foundations of the earth, and of a wheel the hubs	
s6788	plunder/loot	take all of another's possessions by force	
s6789	seize/usurp/take over/occupy/capture	take power or territory by force, as an army does in a coup or an invasion, with <ukna> or <thuneihna> for the power seized; not the plundering of goods	
s6790	seize/capture/overrun	attack and take a town, a camp or the rule of a country by force; {galkap ukna buluak} is the military seizure of power	
s6791	raid/attack/plunder	fall on someone to rob	
s6792	robber	in <guta buluh>, thief and robber	
s6793	seize/usurp	take the power of government by force, with <ukna>; <ukna buluh> before SAC or SAM is the usual name for the military that seized power in Myanmar	
s6794	raid/attack/seize by force	<buluh>, raid, and <in> written as one word: raiding a place or seizing power by force, and then doing what follows	
s6795	raid/break into	<buluh> and <khia> written as one word: force a way into a place, of police raiding a house or of robbers breaking into a store	
s6796	robbery/raid/attack/invasion	<buluh>, raid, with the noun suffix <na>: a robbery or break-in; in news of war also an attack on a camp, an invasion, or a seizure of power	
s6797	seize/take by force/raid	<buluh>, seize or raid, and <sak> written as one word: take power or property from someone by force	
s6798	try to break into/attempt to rob	<buluh>, raid, and <sawm>, intend, written as one word: try to break into a building in order to steal	
s6799	robbers/raiders/bandits	<buluh>, robber, with the plural <te>; often paired as {guta buluhte}, thieves and robbers	
s6800	sorcery/magic/spell	magic used to harm or control someone; {bum siam}, enchanter	
s6801	bewitch/cast a spell on	put a person under a spell; {mi bum theite} are those who practise sorcery	
s6802	Bum-im		
s6803	reach into a nest/rob a nest	<bu>, nest, with <mek>: feel in a bird's nest to take what is in it; the same word is also written <bu-mek>	
s6805	witchcraft/sorcery	<bum>, bewitch, with the noun suffix <na>; {mi bumna}, casting spells on people	
s6806	sorceries/magic arts	plural of <bumna>, sorcery	
s6807	Bumzang		
s6808	take hold/stick fast/penetrate	of a weapon, bite into what it strikes; of rust or scum, cling so fast that it cannot be cleaned off	
s6809	hit home/sink in/make an impression	of words, a speech or a piece of writing, reach the mind or heart so that it is felt or understood, as in {lungsim hong bun}; often with <zaw> or <taktak>, and not said of a weapon or of rust	
s6810	wear/put on	put on or wear a thing that is fitted onto a part of the body, such as <mitlimlang>, glasses, <nai>, a watch, or <khutzungbuh>, a ring; the book gives it together with <bulh>	
s6811	Bunah	son of Jerahmeel, of the tribe of Judah	
s6812	hin/bath/ephah	a measure of capacity, used for the Hebrew hin and bath of oil or wine and for the ephah of grain	
s6813	empty/pour out	tip the contents out of a vessel; {bung khia} is empty out	
s6814	cylinder/tin/container/box	a closed container of metal or the like, named by what it holds: <gas bung> is a gas cylinder, <oxygen bung> an oxygen cylinder; also a box or tin into which things are put, not the Bible measure	
s6815	headlong/head first	used with verbs of falling or pushing	
s6816	upside down/head down	<bungbu>, head first, with <sa>: in a head-down position	
s6817	empty can/empty tin/empty jar	a can, tin or jar with nothing in it, often named with <thawlhawm>, empty bottle, as something collected and sold	
s6818	Bunghung		
s6819	one box/one can/one pack/one container	<bung>, here a box, can, pack or cylinder, and <khat>, one, written as one word after the thing counted	
s6820	only one can/just one box	<bungkhat>, one can or box, and <bek>, only, written as one word	
s6821	pour out/empty out	<bung> tip out with <khia> out: tip the contents out of a vessel or a chest	
s6822	Bungkhua		
s6823	Bungklang		
s6824	Bunglung/Yazagyo	Zolai name of the town of <Yazagyo> in the Kale and Kabaw valley of Sagaing Region in Myanmar	
s6825	the cylinder/the can	<bung>, here a closed container such as a gas cylinder or a can, and the topic marker <pen> written as one word	
s6826	bath/large measure	<bung>, a measure for liquids, with <pi> big: a large measure of oil, where the NIV has bath	
s6827	large cylinder/large tank/drum	a large container, as against a small one, {a neu bung}: a big gas cylinder, drum or water tank, often after <cylinder>, <oxygen> or {drum}; not the Bible measure	
s6828	empty into/pour down	<bung>, empty out, with <suk>, downward	
s6829	inside the box/inside the container	<bung>, here a box, can or other container, with <sung>, inside, written as one word: the inside of a box, jar or machine case	
s6830	in the container/in the box/in the tank	<bungsung>, inside a container, and <ah> written as one word: in or into a box, tin, pot or tank	
s6831	bottles/boxes/containers	plural of <bung>, here a small container: {paknamtui bungte} are perfume bottles	
s6832	Bungtuah		
s6833	on a tin/on a cylinder/in a can	<bung>, a tin, can or cylinder, and <tung>, on, written as one word and followed by <ah>: on or at the container, as in {Gas bungtung ah}, to a gas cylinder; of a drink can it seems to mean in the can	
s6834	Bungzung	a village in Hakha Township, Chin State, Myanmar	
s6835	Bunni	name of several men in the time of Nehemiah, among them a Levite who led the people in prayer	
s6836	drive home/make hit home	<bun.2>, hit home, with the causative <sak>: make what is said sink in; the heading speaks of words that make speech complete, make the intent understood and drive it home	
s6837	go deeper/affect more	<bun> go in or take effect, with <zaw> more: sink in more deeply, said of a rebuke	
s6838	pierce/penetrate/take effect	<bun> go in, with <zo> be able: be able to pierce; in the verse negated, of weapons that cannot pierce at all	
s6839	entire/whole/complete	complete, with no part left out; {a bup-in} is as a whole, entirely	
s6840	whole/entire	placed after the noun it describes: {minam bup} is the whole nation	
s6841	captain/centurion/officer	commander of a unit of men, <pa> marks a man; {galkap bupa} is a centurion	
s6842	throughout/in the whole of/all over	<bup>, whole, with the place ending <a>: in the whole of a country or of the world, after the name of the place, as {leitung bupa om}, living all over the world; not {bupa} the commander	
s6843	throughout/over the whole	<bup> whole with the place marker <ah>, after a noun: {leitung bupah} is in the whole earth	
s6844	whole/complete/full	placed after a noun: the whole or complete form of the thing, as {minam bupi}, the whole people, and {constitution bupi}, a full written constitution; seems to be <buppi> in another spelling	
s6845	big book/large volume	<bu>, book or volume, as in <laibu> and <labu>, with <pi>, big: a large book; {ledger bupi} is a big ledger and {labupi} a big song book	
s6846	wholly/entirely/as a whole	<bup> whole with {-in}; {a minam bupin} is the whole nation, {a bupin hal} is burn it whole	
s6847	one whole/single unit	<bup>, whole, with <khat>, one: one complete piece	
s6848	take the whole/take over entirely/monopolise	<bup>, whole, and <lak>, take, written as one word: take or hold all of something oneself, leaving no share for others	
s6849	whole/entire	<bup>, whole, with <pi>: the whole of something; placed after the noun, as {leitung buppi}, the whole world	
s6850	offer/give wholly/surrender	<bup> whole with <piak> give: give oneself over completely	
s6851	whole/entire	<buppi> whole with the plural <te>, after a noun for a group of people; {mihon buppite} is the whole assembly	
s6852	charter/hire whole	<bup>, whole, and <saap>, hire, written as one word: hire a whole vehicle for one's own party; {aki bupsaap Bus} is a chartered bus	
s6853	put together/combine/bring together	bring separate things together into one whole, as reports or what has been learned	
s6854	as a whole/all together/entirely	<bup>, whole, with the plural ending <un>; follows a group noun: {a innkuan bupun}, his whole household	
s6855	burden	a load of trouble or duty that a person has to carry; the English word used inside Zolai sentences	
s6856	burger/hamburger		
s6857	Burma/Myanmar	the English name of the country that Zolai calls <Kawlgam>, now officially Myanmar; found mostly in English names and titles	
s6858	bus	a large motor vehicle that carries passengers for a fare	
s6859	settle/take up quarters/occupy	move to a place and stay there, of people settling in a land or troops and offices taking up quarters	
s6860	hide/conceal	causative of <bu>, hide: put someone into hiding	
s6861	hide/lie hidden	<bu>, hide, with <sim>, secretly: hide oneself, stay unnoticed	
s6862	attack/raid/storm	in news of war, make a sudden attack on a camp, post or town; {busim in lakhia} is attack and capture, and the place attacked stands before it	
s6863	attack/assault/raid	an armed attack on a camp, post or town, in war reports: a verb of attacking, compare <buluh> and <sim>, with the noun suffix <na>; the meaning is not that of <busim>, hide	
s6864	business/enterprise	trade or an enterprise run to earn money; {business lam} is the field of business	
s6865	businessman	a person who lives by trade or by running a business	
s6866	station/railway station	a station where trains stop, placed after its name	
s6868	hide oneself/hide	<bu>, hide, with <tawm>, do by or for oneself	
s6869	officers/commanders	Plural of <bu>, an officer: {palik bute} are the officers who serve the magistrates, and {galkapte le a bute} are the soldiers and their commanders.	
s6870	those who hide/those in hiding	<Bu>, hide or take shelter, with the plural <te>: those who are hiding, as in {leihawm sunga bute}, those hiding in caves.	
s6871	books/volumes	plural of <bu>, a book or volume, after the kind of writing: {tangthu bute} are story books or history books; not {bute}, officers or those who hide	
s6872	put on/slip on	Put a ring or bracelet on the hand or arm of another person; built with the causative <sak>.	
s6873	putting on/put on	{Butsak}, put a bracelet or ring on another person, with the linking ending <in> that joins it to the next verb.	
s6874	Butterworth	town on the mainland side of the state of <Penang> in Malaysia	
s6875	button/push-button	a button that is pressed to work a machine, a lift, an alarm or a phone application; {button mek} is press the button	
s6876	web/nest	the web or nest that a spider or other creature makes to live in	
s6877	boss/chief	the one in command; {buu sem} is to act as the boss, to be the one in charge	
s6878	hut/shed/booth/shelter	a small simple building or a closed room for one use, as {kisil buuk}, bathroom, {giah buuk}, sleeping hut, {misi buuk}, mortuary, and {sakol buuk}, stable	
s6879	asthma	a sickness of hard breathing; {buuk vei} is suffer from asthma	
s6880	Buz	name of two men, a son of Nahor the brother of Abraham and a man of the tribe of Gad; also an Arabian people named with Dedan and Tema	
s6881	Buzi	priest, the father of the prophet Ezekiel	
s6882	Bweson		
s6883	Bwetsi		
s6884	bylaw/bylaws	the bylaws of an organisation or party, mostly named beside its constitution	
s6885	bylaws/rules	the written rules by which an organisation or church governs itself	
s6886	bypass/heart bypass surgery	a heart bypass operation; with <bawl>, have or perform a bypass	
s6887	Byzantine Empire/Byzantine	the eastern Roman empire, ruled from Constantinople until 1453; also of that empire	
s6888	cabin	the space for passengers and crew inside an aircraft; elsewhere mostly part of English names	
s6889	cabinet	the body of ministers that leads a government	
s6891	cafe/coffee shop	a shop where tea, coffee and light food are served	
s6892	caffeine	the stimulating substance in coffee, tea and energy drinks	
s6893	Cain	English spelling of <Kain>, the eldest son of Adam and Eve, who killed his brother Abel	
s6894	Cairo	capital city of Egypt	
s6895	cake		
s6896	calcium	the mineral calcium, named in articles on food and health	
s6897	calculator	a small machine or a program for working out sums	
s6898	Calcutta/Kolkata	a large city in the east of India, now called Kolkata	
s6899	calendar	a system or a printed table of the days and months of the year	
s6901	California	a state on the west coast of the United States of America	
s6902	call/phone call	a call by telephone or video; also used as a verb, call someone by phone	
s6903	calorie	unit of the energy that food gives and that the body burns	
s6904	Calvary	the hill outside Jerusalem where Jesus was crucified, the same place as <Golgotha>; also part of the names of churches	
s6905	Cambodia	country in Southeast Asia	
s6906	Cambridge	city in England, known for its university	
s6907	camera	a device for taking photographs or video	
s6908	Cameroon	a country in Central Africa, bordering Nigeria; the same spelling is also found for the surname of the British prime minister David Cameron	
s6909	camp	a camp: a military post, a camp for refugees or detained people, or a gathering held away from home	
s6910	campaign	an organised effort to win support, as before an election or for a cause	
s6912	camps/bases	the English word camp with the plural <te>: military camps or bases, and camps where displaced people stay	
s6913	campus	the grounds and buildings of a school, college or university; often explained as <sanginn huangsung>	
s6914	Canaan	the land of Canaan of the Bible, written <Kanaan> in the Bible text; also part of the names of Zomi churches	
s6915	Canada	country in North America	
s6916	Canadian	of Canada, or a person of Canada; placed before a noun, as in {Canadian gammi}, a citizen of Canada	
s6917	Canberra	capital city of Australia	
s6918	cancel/call off	call off something planned or booked, as a flight, a ticket, a meeting or a visa; {ki cancel} is be cancelled	
s6919	cancel/have cancelled/revoke	<cancel>, from English, and <sak>, here the causing word and not the one meaning regard: cancel or revoke a thing, as a visa, a permit, a licence or a flight; with <ki> before it, be cancelled	
s6920	cancer	the disease cancer, often as {cancer natna}; the part of the body stands before it, as in <nawi cancer>, breast cancer	
s6921	candidate	a person who stands for election or applies for a position; mostly in {MP candidate}	
s6922	candidate	the English plural used in Zolai text for the people who stand in an election	
s6923	at that time/then	Found once in {tua cangin}, at that time; probably another spelling or a misprint of <ciangin>.	
s6925	canteen	a place that sells meals inside a hospital, school or workplace	
s6926	Canton/Guangzhou	the older English name of the city of <Guangzhou> in the south of China; also in the street name Canton Road in Hong Kong	
s6927	capital/capital city	the chief city of a country or state, also said as {Capital khuapi}	
s6928	capitalism	the economic system of private ownership and free markets	
s6929	captain	an army officer of the rank of captain, also used as a title before a name; also the captain of a ship	
s6930	caption	the line of text written with a photo or video that is posted	
s6931	car	a motor car; mostly in English compounds such as {Patrol Car} and {Cable Car}, now and then alone in place of the usual word	
s6932	carbon	the chemical element, mostly in the English terms carbon dioxide and carbon monoxide	
s6933	carbon dioxide	the gas carbon dioxide, written as one word	
s6934	card/identity card	a card that identifies its holder or gives a right, as the UN card of a registered refugee	
s6935	card holder/cardholder	<card>, card, and <tawi>, hold: a person who holds the card named before it, as {UN card tawi}, a refugee registered with the UN, and {Green Card tawi}, a permanent resident of the USA; also as a verb, hold such a card	
s6936	cardboard	stiff thick paper, as used for boxes	
s6937	cardinal	a high leader of the Roman Catholic Church, next below the Pope; mostly a title before a name	
s6938	Caribbean	the region of the Caribbean Sea and its islands, between North and South America	
s6940	Carolina	in North Carolina and South Carolina, two states of the United States	
s6941	car park/parking lot	a place where cars are parked, in Zolai <mawtaw koihna>	
s6942	carpet		
s6943	carriage/railway coach/wagon	one of the cars of a train; written with a capital in the articles, often after <meileng>, train	
s6944	carrot		
s6945	Carthage	ancient city in North Africa, where church councils on the books of the Bible were held in AD 393 and 397	
s6946	cartoon/animated film	a drawn picture or film made of drawings, such as children watch	
s6947	case	a matter dealt with by the police, a court or an office, and one instance of a crime or of a disease; mostly written with a capital letter	
s6948	cash	money in notes and coins, as opposed to a card, a cheque or shares	
s6949	cashier	the person who takes the money in a shop or restaurant	
s6950	casino/gambling house		
s6951	cassette/cassette tape	a tape cassette for recorded music or speech, named beside radio and video	
s6952	Catalonia	a region in the north-east of Spain that sought independence in 2017	
s6953	category/class	a class or grade into which things are divided; {Category 4 in kikhen} is be divided into four categories	
s6954	cathedral	the main church of a bishop; mostly part of the name of a church, often followed by <biakinnpi>	
s6955	Catholic/Roman Catholic	of the Roman Catholic Church, or a member of it; {Catholic pawlpi} is the Catholic Church	
s6956	Catonsville	town in the state of Maryland in the United States	
s6957	Cawnghawih		
s6958	CD/compact disc	a compact disc of music or video, named together with DVD	
s6959	CDC	the Centers for Disease Control and Prevention, the public health agency of the United States, named by its English abbreviation	
s6960	civil disobedience movement/CDM	short for Civil Disobedience Movement: refusing to work for or obey a government as a protest, in Myanmar since the military takeover of 2021; {CDM lut} is join it	
s6961	join the CDM/join the civil disobedience movement	<CDM> and <lut>, enter: of a soldier, police officer, teacher or other government employee, leave the service and refuse to work for the government as a protest; before a noun it describes the person, {CDM lut galkap}, a soldier who has joined the CDM	
s6962	Cebu	island province and city in the Central Visayas region of the Philippines	
s6963		sentence-final word of informal speech and writing that adds mild emphasis or assurance to a statement, roughly indeed or you know	
s6964	ceiling	the ceiling of a room or building	
s6965	celebrity/famous person	a person well known to the public, such as a film star or singer; the Zolai is {mi minthang}, which often stands beside it	
s6966	cell	a living cell of the body; the word also occurs in the English phrase cell phone and as a label before a phone number	
s6967	mobile phone/cellphone		
s6968	cement	cement used in building; written with or without a capital letter	
s6969	censor	examine songs, films or broadcasts before release and forbid what is not approved; also the noun, censorship	
s6970	census	an official count of the people of a country	
s6971	centre/center	a place or building for one activity, as in Shopping Center and Medical Center, and a place that serves the villages around it; mostly written with a capital letter	
s6972	certificate	an official paper that proves a fact or an achievement; {birth certificate} is the paper that records a birth	
s6973	Cessna	American maker of small aircraft, and an aircraft of that make	
s6974	Chad	country in central Africa; also an English personal name	
s6975	chairman/chairperson	the person who heads a committee, an organisation or an assembly; also used as a title	
s6976	Chalkih		
s6977	challenge	a hard task that tests a person; often added in brackets after the Zolai <tona>	
s6978	Chaltleng		
s6980	Champhai	town and district in Mizoram, India, near the border with Myanmar	
s6981	champion/winner	the winner of a competition or tournament; {champion suak} is become champion	
s6982	Chanayethazan	a township of the city of Mandalay in Myanmar	
s6983	chance/opportunity	the possibility that something will happen, or a good opportunity	
s6984	Changhua	a county of Taiwan	
s6985	Changi	the district of Singapore where the international airport is; in the articles always in the name Changi Airport	
s6986	channel/television channel	a television channel, mostly as {TV Channel}	
s6987	Chanthagyi	a village in Myanmar that is home to Zomi people; written in brackets after a personal name to show the home village	
s6988	chaplain	a minister who serves a ruler, an army or navy, or an institution; {chaplain sem} is serve as a chaplain	
s6989	chapter	a numbered part of a book, a law or a book of the Bible	
s6990	character/moral character	the moral nature and conduct of a person; writers often add it in brackets after a Zolai word such as <gamtatna>	
s6991	Charadaung		
s6992	charger/phone charger	the device that charges the battery of a phone	
s6993	charge/criminal charge	a formal accusation brought against someone in court; the English plural, written with a capital, used with a number: {4 Charges tawh}, on four charges	
s6994	charging	the charging of a phone or other battery with electricity	
s6995	Charismatic	the Charismatic movement in Christianity and its churches, named beside <Pentecostal>	
s6996	Charleston	a city in the state of South Carolina in the United States	
s6997	Charlotte	a city in North Carolina in the United States; also an English name of a woman	
s6998	charter	founding document that sets out the principles and rules of a state or organisation; also in {Charter Bus} and {Charter Plane}, a hired bus or plane	
s6999	Chat		
s7000	chatting/online chat	talking with others by typed messages on the internet, mostly as {online chatting}	
s7001	Chaung-yung		
s7002	Chaungmuhtsa		
s7003	Chechnya	republic of Russia in the North Caucasus	
s7004	check/inspect	look at something to see that it is in order; also a noun in English phrases such as Security Check	
s7005	cheque/check	a written order to a bank to pay money, in the American spelling	
s7006	check-in	registering at an airport before a flight or at a hotel on arrival, used with <bawl>, do	
s7007	check/inspection/search	an inspection or security check; {Checking bawl} is carry out a check	
s7008	checkpoint	a place on a road or border where police or soldiers stop and check vehicles and people	
s7009	checkup/medical examination	an examination of the body by a doctor, often {Medical Checkup}; with <bawl>, do, have or give a checkup	
s7010	chef/cook	a professional cook in a restaurant or hotel	
s7011	Cheingsa		
s7012	Cheingsanu		
s7013	Chem		
s7014	chemistry	the school and university subject	
s7015	Chengdu	city in China, the capital of Sichuan Province	
s7016	Chennai	city in the south of India, capital of the state of Tamil Nadu	
s7017	Cheoleo		
s7018	Cheras	district of Kuala Lumpur in Malaysia where many Zomi live	
s7019	Cherokee	a Native American people of the United States; also in American place names such as Cherokee County	
s7020	Cherphut		
s7021	chess	the board game chess; {chess kimawl} is play chess	
s7022	Chiayi	a city and county in the southwest of Taiwan	
s7023	Chicago	city in the state of Illinois in the United States	
s7024	Chidup		
s7026	Chihuahua	a state in the north of Mexico and its capital city of the same name	
s7028	Chile	a country on the west coast of South America	
s7029	chimpanzee	the African ape, said to be the animal nearest to man	
s7030	Chin	the Chin people of western Myanmar and their land, as in Chin State and Chin Hills	
s7031	Chin/Qin	in the account of Zomi origins, the name of a great king of China whose history is dated from 221 to 207 BC, the Qin of Chinese history	
s7032	Chin State	<Chin> and <State>: the state of the Chin people in the west of Myanmar, with Hakha as its capital; the English name is used unchanged in Zolai	
s7033	China	the country in East Asia; in Zolai also called {Sen gam}	
s7034	China Press	a Chinese-language daily newspaper of Malaysia, named as the source of news reports	
s7035	the Chinese/China	<China> with the plural <te> written as one word: China as a body, its government, its companies or its people	
s7036	Chinatown	the Chinese quarter of a city, as in Kuala Lumpur and San Francisco	
s7037	Chindauksok		
s7038	Chindwin	great river of north-western Myanmar, east of the Chin Hills, that flows into the Irrawaddy	
s7039	Chinese	of China or its people, the English word; {Chinese te} is the Chinese	
s7040	Chinland	English name for the land of the Chin peoples, Chin State, used in names such as Chinland Council	
s7041	Chinlung	in tradition the cave or rock out of which the Chin people came, from which the name Chin is said to come; also the name of a village in Chin State	
s7042	Chin person/Chin people	<Chin> and <mi>, person, written as one word: a person of the Chin people, or the Chin as a people	
s7045	Chintaungtan	name of a bus line that runs between Kalay and Yangon in Myanmar; from the Burmese name of the Chin Hills	
s7046	Chin people/Chins	<Chin> with the plural <te>: the Chin people, or a person of that people	
s7047	Chin Woo	name of a stadium and hall in Kuala Lumpur where the Zomi hold their festivals	
s7048	Chittagong	port city in the south-east of Bangladesh; the Chittagong Hills, or Chittagong Hill Tracts, are the hill region near it where related peoples live	
s7049	chlorine	the chemical used to kill germs and to make water clean	
s7050	Cho/Cho Chin	the name by which those living in the <Mindat> and <Kanpelet> areas are called	
s7051	chocolate		
s7052	choir	a group of singers, mostly of a church; the Zolai expression is <lapawl>	
s7053	cholesterol	the fatty substance in the blood, too much of which harms the heart; also explained as {thau dat} or <thauna>	
s7054	Chongloi		
s7055	Chongphut		
s7056	Chongqing	large city in the southwest of China	
s7057	Choper		
s7058	Chou/Zo	a spelling of the name <Zo> in older records, listed among the names of the <Zomi>; also a Chinese family name	
s7059	Chow Kit	a district of Kuala Lumpur, Malaysia, where the Kuala Lumpur Hospital is	
s7060	Christ	the English form of the title of Jesus, used beside the Zolai <Khrih>	
s7061	Christian	A follower of Christ; the English word taken over unchanged.	
s7062	Christianity/the Christian religion	<Christian> and <biakna>, religion: the Christian religion, Christianity	
s7063	Christianity/Christian faith	the English word Christian with <upna>, faith: the Christian faith, Christianity as a religion; {i Christian upna} is our Christian faith	
s7064	Christiante/Christians	the Christians, followers of Christ	
s7065	Christmas	the Christian festival of the birth of Jesus, kept on 25 December	
s7067	Chumphon	a province in the south of Thailand	
s7068	Chuni		
s7069	Chunsung		
s7070	Churachandpur	town and district in the south of Manipur, India, home of many Zomi; the town is also called Lamka	
s7071	command/order	say as an order; <ci-in> after the quoted words reports the command that was given	
s7072	say/tell	say; stands after the words quoted, as in {a ci hi}, he said, and <ci-in>, saying	
s7073		postpositional marker to indicate objective case	
s7074	salt		
s7075	salt	{Ci}, salt, written with a capital in place names: {Ci Tuipi} is the Salt Sea or Dead Sea, {Ci Kuam} the Valley of Salt and {Ci Khuapi} the City of Salt.	
s7077		{ci ing}, the verb <ci> with the first person ending <ing>, written short with an apostrophe as is done in songs, where the count of words is fixed; the page gives {ci ing e} and {ci'ng e} as the same	
s7078	saying/that	<ci>, say, with the ending <in>: stands after quoted words and links them to what follows, saying so, with these words	
s7079	as big as/the size of/as much as	Placed after a thing to give size or extent by comparison, as in {khut peek cia}, a handbreadth wide; {bang cia-in} asks how big.	
s7080	indeed/you know	sentence-final word of colloquial speech that gives a statement emphasis or feeling, often followed by <maw>; not the {cia} of size, which follows a noun	
s7081	as big as/the size of/about the size of	<cia>, as big as, said twice and placed after a thing or a measure: of just that size, each about that big; {mihing ciacia} is life-size	
s7082	return/go home/go back	go back to one's home or to the place one came from	
s7083	coming and going/going out and coming home	<ciah>, go home, <leh>, and, and <kuan.1>, go out: every going out and coming home, all the daily movements of a person; stands before a verb such as <kidawp>, take care, to say wherever one goes; not <kuan.2>, who	
s7084	keep going home/keep returning	<ciah>, go home, said twice for an action that goes on; the book uses it for the perfect continuous tense, {ka na ciahciah khinzo tading hi}, I will have been going home	
s7085	to return/going home	<ciah> and <ding> written as one word: to go home, about to return	
s7086	in order to return/to go home	<ciah>, return, and <dingin>, in order to, written as one word: so as to go back or go home	
s7087	when about to go home/when leaving	<ciahding>, about to go home, and <teh>, when, written as one word: at the time of going back	
s7088	be long in returning/return late	{Ciah}, return, with <hak>, slow or late: be a long time in coming back.	
s7089	time to go home/going-home time	<ciah> and <hun> written as one word: the time of going home, as in <vai ciahhun> and <sawm ciahhun>	
s7090	returning/going home/coming back	{Ciah}, return or go home, with the linking ending <in>: returned and then did the next thing.	
s7091	return together/go back together	{Ciah}, return, with <khawm>, together: go back together with others.	
s7092	leave/go away/depart	{Ciah}, go home or return, with <khia>, out: go out and away from a place.	
s7093	send away/send off/dismiss	{Ciahkhia}, leave, with the causative <sak>: let or make someone go on his way.	
s7094	leave/depart/go away	Form of <ciahkhia>, leave, used before <ding>, <ciangin> and <khit>.	
s7095	to leave/to depart/will leave	<ciahkhiat>, leave, and <ding> written as one word: to leave or go away from a country or place, mostly of what is ordered, allowed or forbidden	
s7096	be able to leave/can go home	<ciahkhia>, leave, and <thei>, able, written as one word: be able or be allowed to leave a place	
s7097	take away/carry off/take out	<ciahkhiat>, leave, with <pih>, together with: leave a place taking someone or something along	
s7098	have returned/have gone back	{Ciah}, return, with <khin>, already done: have gone back.	
s7099	return/go back/come back	{Ciah}, return, with <kik>, back or again: go or come back to where one was.	
s7100	will return/to go back	<ciahkik>, return, and <ding>, the marker of what is to come, written as one word: will go back, or to go back	
s7101	returning/going back/coming back	{Ciahkik}, return, with the linking ending <in> that joins it to the next action: returned and then.	
s7102	if return/if go back	<ciahkik>, return, and <leh>, if, written as one word: if one goes back	
s7103	not return/not go back	<ciahkik>, return, and <lo>, not, written as one word: not go or come back home	
s7104	return/going back/coming back	{Ciahkik}, return, with the noun suffix <na>: the act of going or coming back.	
s7105	for returning/in order to return	<ciahkik> and <nading> written as one word: for going back, in order to return	
s7106	send back/let return/make return	{Ciahkik}, return, with the causative <sak>: send someone back or let him go back.	
s7107	letting return/let go back	{Ciahkik}, return, with the causative <sak> and the linking ending <in>: allowing someone to go back.	
s7108	those who returned/returned exiles	{Ciahkik}, return, with the plural <te>: the people who came back, said of the exiles who returned from Babylon.	
s7109	be about to go home	<ciah>, go home, and <kuan.3>, about to, written as one word: at the point of leaving for home	
s7110		Saying: roasting taro just when it is time to go home; the book lists it among its idiomatic expressions without explaining it, apparently said of starting a thing too late or at the wrong moment	
s7111	way back/return journey	<ciah> and <lam> written as one word: the way home, and after <hong> on the way back from a place	
s7112	when returning/if one goes back	<ciah>, go home, and <leh>, if or when, written as one word	
s7113	not go home/not return	<ciah> and <lo> written as one word: not go back home	
s7114	return/going home/homecoming	<ciah>, go home, with the noun suffix {-na}: the going home or the way home; paired with <hawhna> or <kuanna> for going out and coming back	
s7115	day of return/day of going home	<ciah>, go home, and <ni>, day, written as one word: the day on which someone goes back; {vanah ciahni} is the day of going home to heaven, the day of death	
s7116	one who has returned/one who has come back	{Ciah}, return, with <pa>, the man who does it: the man who has come back.	
s7117	go home at once/return immediately	{Ciah}, go home, with <pah>, at once: go home straight away.	
s7118	going away at once/returning immediately	{Ciahpah}, go home at once, with the linking ending <in> that joins it to the next action.	
s7119	bring back/take back/take home	{Ciah}, go home, with <pih>, together with: take or bring someone or something along to one’s home or back to a place.	
s7120	will take home/to bring back	<ciahpih>, take home, and <ding>, will, written as one word: will take or is to take someone or something home	
s7121	taking home/bringing back/carrying off	{Ciahpih}, take home with one, with the linking ending <in>; another verb follows.	
s7122	bring back/take back	{Ciahpih}, take along home, with <kik>, back: bring or take someone or something back.	
s7123	taking back/carrying off	{Ciahpih}, take back with one, with the noun suffix <na>: the act of taking someone away to one’s own place.	
s7124	things brought home/what is brought in	<ciahpih>, bring home, with the plural <te>: the things one has brought back	
s7125	bringing back up/taking back up	<ciahpih>, bring back, with <to>, upward, and the suffix <in>	
s7126	send away/dismiss/send home	{Ciah}, go home, with the causative <sak>: let or make someone go home; followed by <kik>, send back.	
s7127	sending away/sending off/sending home	{Ciahsak}, send away, with the linking ending <in> that joins it to the next action.	
s7128	send back/let return/send away	{Ciahsak}, send home, with <kik>, back or again: send someone back or let him return.	
s7129	sending away/dismissal	{Ciahsak}, send away, with the noun suffix <na>: the sending away of someone, in Isaiah 50.1 of a wife sent away in divorce.	
s7130	plan to send back/intend to send home	<ciahsak>, send home, with <sawm>, intend, written as one word: intend to send people back	
s7131	leave/desert/separate from	{Ciah}, go home, with <san>, away from: go off and leave someone behind.	
s7132	go straight back/return directly/go home for good	<ciah> and <suak> written as one word: return and carry right on, go straight home or back without stopping	
s7133	go straight home at once	{Ciah}, return, with <suak>, straight through, and <pah>, at once: go straight home without stopping.	
s7134	go down home/go home/return down	{Ciah}, go home or return, with <suk>, downward: go down to one’s home.	
s7135	go home now/have gone home	<ciah>, go home, and <ta>, now or already, written as one word	
s7136	those who return/returnees	<ciah>, go home, and the plural <te>, written as one word: the people who come or go back home, as in {gamdang pan hong ciahte}, those who came home from abroad	
s7137	be able to return/can go home	<ciah>, return or go home, and <thei>, able, written as one word	
s7138	be able to return/can go home	<ciah>, go home, and <theih>, can, written as one word; before <nading>, so that one can go home	
s7139	can still return/can still go home	<ciahthei> and <lai> written as one word: still able to return	
s7140	go up home/go back up/come up	{Ciah}, return, with <to>, upward: return or go home to a higher place.	
s7141	go back up/return home up	<ciah>, return, and <toh>, upward, written as one word: go back up to a higher place, as home to the hills; the form of <ciahto> used before a following word	
s7142	after returning/have gone home	<ciah>, return, with <zawh>, after finishing: in the verse, counting days from when they had gone	
s7143		sentence-final expression of colloquial speech, from <ci>, say: it adds feeling to a statement or a remark, much like indeed or I must say	
s7144		placed after a verb of sounding such as <ham> or <khuang>: with a shrill sound that goes on and on, of insects humming or singing	
s7145	growl/snarl	Make the low rough sound of lion cubs.	
s7146	clamour/make a din/cry out	of people, or of fowl, make a loud confused noise together, shouting, complaining or playing; often {ciak ngeingai}; the other sense is the growl of an animal	
s7147	chatter/babble	talk on and on, said of fools who multiply words	
s7148	return/come back	Said of those who came back from captivity; apparently another spelling or a misprint of <ciahkik>.	
s7149	clamour/make an uproar/chatter noisily	<ciak> with the expressive word <ngeingai>, written as one word: many people talking loudly at once, in merriment or in heated comment and argument	
s7150	hire	Engage someone to work or to fight for pay.	
s7151	step/stair/level	One step of a stairway, {kahlei cial}, or one level of a building.	
s7152	invite/ask/call on	ask someone to come, to take part or to do something, with no thought of pay, as a singer to sing or a guest to visit; in appeals {kong cial uh hi}, we call on you	
s7153		poetic word for <dolcial>, used in songs; the book gives only this equivalent	
s7154	hiring/hire	{Cial}, hire, with the linking ending <in>: hiring someone and then going on to the next action.	
s7155	hiring/hire	{Cial}, hire, with the noun suffix <na>: the hiring of people, or what is spent to hire them.	
s7156	invitation/appeal/call/request	a public invitation or appeal asking people to come, pray or take part, not hiring for pay; {cialna nei} is make an appeal	
s7157	employer/one who hires	{Cial}, hire, with <pa>, the man who does it: the one who hires or sends a worker.	
s7158	crusade/revival meeting/evangelistic meeting	a large series of Christian meetings held to preach salvation and renew the churches; <cialpi bawl> is hold a crusade	
s7159	hold a crusade/hold a revival meeting	<cialpi>, crusade, and <bawl>, make: hold a series of evangelistic or revival meetings; the place stands before it with <ah>	
s7160	crusades/revival meetings	plural of <cialpi>: the evangelistic meetings of a preacher	
s7161	intend to hire/seek to hire	<cial>, hire, with <sawm>, intend, written as one word: be looking to hire someone for pay	
s7162	delegate/ask another to do	<cial>, ask someone to do a thing, with <sawn>, on to another: pass a task on by asking someone else to do it	
s7163	hired men/mercenaries/hired workers	{Cial}, hire, with the plural <te>: those who are hired; {galkap cialte} are mercenaries.	
s7164	levels/storeys	Plural of <cial>, step or level: the floors of a building.	
s7165	promise/swear/vow	Give one’s word or swear an oath; often with <thu>, as in {thu ciam}, make a promise on oath	
s7166	taste/sample	Try a little food or drink.	
s7168	swearing/promising/vowing	{Ciam}, promise or swear, with the linking ending <in>; often after <thu> or <kam>.	
s7169	tasting/taste	{Ciam}, taste, with the linking ending <in>.	
s7170	taste/get a taste of	{Ciam}, taste, with <kha>, which shows that the action comes to happen: get to taste.	
s7171	pledge/promise	{Ciam}, promise, with <kha>: happen to give one’s word, as in {kam ciamkha}.	
s7172	make a covenant together/vow together	{Ciam}, promise, with <khawm>, together: join with others in making a promise.	
s7173	appoint beforehand/fix in advance	{Ciam}, promise, with <kholh>, beforehand; {a ciamkholh ni} is the appointed day.	
s7174	promise/oath/vow	{Ciam} with the noun suffix <na>: what someone has promised or sworn.	
s7175	will/testament	In {sih ciamna}, a will that takes effect at death.	
s7176	promised	{Ciam}, promise, with <na> and <sa>, already done: describes what has been promised, here the place the Lord promised.	
s7177	joke/jest	Speak in fun and not seriously; compare <ciamnuih>, jest.	
s7178	mockery/ridicule/jest	Mockery or joking at someone’s expense: {ciamnuih bawl} is mock or make fun of someone, {ciamnuih-a neih} is treat as a laughingstock.	
s7179	joke/tease	used as a verb, with the prefix <ki> as {ki ciamnuih}: joke with one another in fun	
s7180	joke/mockery/making fun/ridicule	<ciamnuih>, a jest, and <bawlna>, doing: joking or mockery, the noun of {ciamnuih bawl}; {ciamnuih bawlna in nei} is to treat a thing or a person as a joke	
s7181		Saying: a joke turns into a fight; said when what began as fun or teasing ends in a real quarrel; the book lists it among its idiomatic expressions without explaining it	
s7182	mock/ridicule/make fun of	{Ciamnuih}, mockery, with <bawl>, make: make fun of someone.	
s7183	happen to joke/make a joke	<ciamnuih>, joke, and the verb particle <kha> written as one word: happen to say something as a joke	
s7184	laughingstock/object of ridicule/byword	A person or people that others make fun of.	
s7185	joke/jest	Something said or done in fun: {ka ciamnuihna hi} is I was only joking.	
s7186	one who promised/promiser	{Ciam}, promise, with <pa>, the man who does it: he who made the promise, said of God.	
s7187	vow hastily/promise rashly	{Ciam}, promise or vow, with <pak>, quickly: make a vow in haste.	
s7189	without fail/faithfully/true to one's word	<ciam>, promise, and <peello>, without fail, written as one word: not breaking what was promised or fixed, every time as expected	
s7190	pin/loom pin	The pin of a loom, with which the woven cloth is beaten tight.	
s7191	break one's word/break a promise/go back on an oath	{Ciam}, promise, with <pel>, miss: fail to keep a promise; mostly negated, as in {ciampel lo}, keep one’s word.	
s7192	breaking one's word/treacherous	{Ciampel}, break a promise, with the linking ending <in>; in a list of faults, treacherous.	
s7193	faithlessness/breach of promise	<ciampel>, break a promise, with the noun suffix <na>	
s7194	promised/sworn	{Ciam} with <sa> for a completed act: already promised; {na ciamsa bangin} is as you promised.	
s7195	let taste/give a taste of	<ciam>, taste, with the causative <sak>: let someone taste food or drink, and so let someone come to know a thing by trying it	
s7196	curse	A curse, or an oath that brings harm; {ciamsiatna ngah} is be cursed.	
s7197	cursed	{ciamsiat}, curse, with <sa>, already done: that has been cursed	
s7198	note/mark/record/consider/register	Take note of something, keep it in mind or put it on record.	
s7199	will regard/will mark/to note	<ciamteh>, note or mark, and the future marker <ding> written as one word: will mark or regard, to be noted	
s7200	noting/recording/marking/registering	{Ciamteh}, note or record, with the linking ending <in> that joins it to the next verb, often <gelh>, write.	
s7201	one recorded as/one regarded as	<ciamteh>, record, and <khat>, one, written as one word; after <aki> it means one that is recorded or regarded as what is named before it	
s7202	still record/still regard	<ciamteh> and <lai>, still, written as one word; {ki ciamtehlai} is it is still recorded or regarded as	
s7203	mark/seal/sign/emblem/symbol	A mark put on something to show whose it is or to close it: a seal on a scroll, a mark on the body, a sign.	
s7204	record/register/account/note	A written record: {khang ciamtehna} is a genealogy and {sum ciamtehna lai} an account of money.	
s7205	seals/marks/signs	Plural of <ciamtehna>: the seals on a scroll, marks borne on the body, signs set up on a road.	
s7206	records	plural of <ciamtehna>: things noted down and kept	
s7207	one who reckons/one who regards	{Ciamteh}, note or consider, with <pa>, the one who does it: said of God, who counts things not yet existing as existing.	
s7208	note at once/mark straight away	<ciamteh> and <pah> written as one word: take note of something at once; with <ki>, be noted or remembered straight away	
s7209	record for now/note provisionally	<ciamteh>, record, and <phot>, for the time being, written as one word: put on record as such for now, until more is known	
s7210	marked/noted beforehand/predestined	{Ciamteh}, mark, with <sa> for a completed act: already marked out.	
s7211	mark/count against	{Ciamteh}, mark or record, with <sak>: put a mark on someone, or hold a sin on record against someone.	
s7212	have recorded/be now registered	<ciamteh>, record or mark, with <ta>, marking a change that has now come about, written as one word	
s7213	keep remembering/keep on record	{Ciamteh}, note or record, with the last syllable repeated for continued action: go on holding in mind.	
s7214	amount promised/promised sum	<ciam>, promise, with <zah>, amount	
s7215	have sworn/have promised	{Ciam}, swear, with <zo>, done and settled; <thu> or <kam> stands before it.	
s7216	build up/pile up/heap	Pile up a heap or build up a wall; written with a final apostrophe in the text.	
s7217	carefully/intently/clearly	Stands after a verb of looking, thinking or knowing: closely and thoroughly.	
s7218	remain/be left	be left over or still there after the rest is gone, often with <lai>, still, or <nawnlo>, no longer; not the adverb that follows a verb of knowing or saying	
s7219	gong	poetic word for <dak>, the gong, used in songs	
s7220	as far as/up to/until	Marks the point reached in place or time, often followed by <dong>.	
s7221	when	At the time that; a short form of <ciangin>.	
s7222	scepter/rod/staff	{Ciang}, rod, written with a capital; {ukna ciang} is the scepter of a ruler.	
s7223	only when/only after/not until/only then	<ciang>, when or up to, and <bekin>, only: closes a clause or a phrase of time and says that what follows happens only when that has come about, often with <pan> in the main clause, only then begin to; after a noun it is only with or only as far as that	
s7224	when/after/at the time of	<ciang> with <a>, joining a time clause to the words that follow: when; <khit cianga> means after	
s7225	when/after	<ciang> with the marker <a> written <aa>, used like <ciangin>: when, at the time that, after	
s7226	at/up to/as far as	<ciang> with the place marker <ah>: at or up to the point named, in place or extent	
s7227	about/approximately/up to about	<ciang>, up to, and <bang>, about, written as one word after a number or amount: roughly that much, up to about	
s7228	only up to/only as far as	<ciang>, up to, with <bek>, only: no further than the number or point named	
s7229	only then/only when	<ciang> in its meaning when, with <bek>, only: not until that has happened, mostly as {tua ciangbek}, only then, where the other sense sets a limit that is not passed	
s7230	not only/not just	<ciangbek>, only up to, and <hilo>, is not: placed after a word or clause and mostly followed by <in>, not only that much; the next clause adds what goes beyond it	
s7231	only when/only after/not until	<ciangbek>, only then, with <in>, written as one word: not before the time or event named	
s7232	as far as/up to/to the full extent	doubled <ciang>, every point reached: {tu ciangciang} is thus far, {zah ciangciang} is as much as, and {a ciangciang-ah} is on every side	
s7233	up to/as far as/until	<ciangciang> and <ah> written as one word: as far as a point reaches; {tu ciangciangah} is up to now, {abei sa ciangciangah} in time past, and after a verb as far as one can	
s7234	up to/as far as/until	<ciangciang> and <in> written as one word: right up to a day or point; {tu ni ciangciangin} is up to today, and {a ciangciangin} is by its levels or bounds	
s7235	until/up to/as far as	<ciang> and <dong> written as one word after a time, a place or a clause: right up to that point	
s7236	rod	a rod or stick used for beating as punishment	
s7238	afterwards/later	after <nung> or <khit>: {a nung ciangin} is afterwards, later on	
s7239	then	after <tua>, that: {tua ciangin} is then or and then, the usual way to begin the next step of a story	
s7240	and/when	joins a clause to what follows: when or after this happened, and then	as in Let there be light, and there was light"
s7241	at/in/by	placed after a word of time such as <hun>, <ni> or <kum> to say when something happens: at that time, on that day, in or by that year	
s7242	then on the earth	the two words <ciangin>, when or after, and <leitungah>, on the earth, printed as one word	
s7243	even when/also when	<ciangin>, when, and <zong>, also, written as one word: even when, also at the time when; after a day or time, on that day too	
s7244	pass/entrance	a narrow way through hills or into a place	
s7245	pass	<ciangka> written with a capital: the narrow way through the hills at Mikmash	
s7246	stick/rod	a plain stick or dry rod	
s7247	rods/sticks/branches	plural of <ciangkang>; the rods, peeled to show white, that Jacob set before the flocks	
s7248	carrying poles/baskets	plural; apparently <ciang>, stick, with <khai>, hang: a load carried on a pole, where the English has basket	
s7249	to some extent/to a certain degree	<ciang>, as far as, and <khat>, one, written as one word: up to a certain point, to some extent; the same letters can also be {ciang khat}, one stick	
s7250	staff/rod/stick/scepter	a stick carried in the hand: a walking staff, a shepherd’s rod or a ruler’s scepter	
s7251	on the goad/on the staff	<ciangkhut>, staff, with the place marker <ah>; {ciangkhutah sik phuh}, fix an iron point on a goad	
s7252	as a rod/as a club	<ciangkhut>, staff or rod, with the suffix <in>	
s7253	staffs/rods	plural of <ciangkhut>, staff or rod	
s7254	rebuild/repair/build up again	build up again a wall that is broken, from <ciang>, build a wall, and <kik>, again	
s7255	when/and when	<ciang> and <leh> written as one word: when, at the time that, joining the clause to what follows	
s7256		<ciang>, as far as, and the topic marker <pen> written as one word after a noun in {-na}: the point that has been reached, what something has come to, as the topic of the sentence; {tuni i hihna ciangpen} is what we are as of today	
s7257	rebuild/repair	<ciang>, build up a wall, with <pha>, good: repair a broken wall and make it sound again	
s7258	basket/measuring basket	a large basket; in the vision of Zechariah 5 the ephah measuring basket	
s7259	rod/cane	a stick used for beating	
s7260	limit/set measure/fixed extent	a fixed limit, especially of time; {hun ciangtan} is an appointed length of time	
s7261	set a limit/determine/fix/ration	fix the measure or limit of a thing, such as the length of a life or a ration of food	
s7262	without limit/unlimited/indefinitely	<ciangtan>, a limit, and <omlo>, there is none: with no limit set, of time, amount or power; mostly with <in> before a verb, and {ahun ciangtan omlo in} is for an indefinite time	
s7263	to limit/will limit/to be limited	<ciangtan>, set a limit, and <ding> written as one word: to limit, or the limiting of, a power or a number	
s7264	shuttle	in {siam ciangtang}, the shuttle of a weaver's loom	
s7265	limit/restrict/fix	set a limit or a fixed measure for something; with <ki>, be limited or fixed; the noun is written <ciangtan>	
s7266	unlimited/without limit/regardless of	<ciangtan>, set a limit, and <lo>, not, written as one word: not limited; {kum ciangtanlo} is without limit of age	
s7267	limit/limitation/restriction	<ciangtan>, set a limit, with the noun suffix <na>: a limit that is set, a restriction; {ciangtanna omlo in} is without limit	
s7268	limited/fixed/set	<ciangtan>, set a limit, with <sa> marking a finished action: that has been limited or fixed beforehand, as a day or an amount	
s7269	set a limit for/determine for/restrict/delimit	<ciangtan> and <sak> written as one word: fix the limit or measure of a thing for someone	
s7270	limit/set amount/allowed amount	<ciangtan>, set a limit, and <zah>, amount, written as one word: the amount that has been fixed, as in {aki ciangtanzah sangin}, more than the amount laid down	
s7271	with a stick/with a rod	<ciang>, here stick or rod, and <tawh>, with, written as one word: with a stick, as in {ciangtawh sat}, beat with a stick	
s7272	to the extent of/as far as	<ciang>, as far as, and <tawh>, with, written as one word after a phrase: with as much as that, to that extent	
s7273	stick/rod/pole	a long piece of wood held in the hand, used to strike, push or lever	
s7274	builders	those who build up a wall, apparently <cian> build up with the plural <te>; {kulh ciangte} is the builders of the wall	
s7275	build up/raise	<ciang> build a wall, with <to> upward: build a wall up high	
s7276	when/after	postpositional marker indicating its been done	
s7277	be able to build up	of a wall; apparently <cian>, build up, with <zo>, be able, and not the word <ciang>, until	
s7278	even when/also when	<ciang>, when, with <zong>, also, written as one word after a clause: when that happens too, even when	
s7279	goad	<ciang>, stick, with <zum>, pointed: the pointed stick used to drive oxen	
s7280	exactly/clearly/properly	the second part of {ki cianin}, <kician> with <in> divided otherwise: exactly, clearly, in a proper form; once it is a spelling of <ciangin>	
s7281	remain/be left	still be there after the rest is gone or done; {a cianlai} is the rest, those who remain	
s7282	building/rebuilding	<cian> build up with the noun suffix <na>; {kulh cianna} is the building of the wall	
s7283	clarification/exact statement/detail	<cian>, clearly and thoroughly, with the noun suffix <na>, after a verb of saying, asking or looking: the doing of it clearly and in full, {gen cianna} an exact statement, {hilh cianna} a clear explanation, {et cianna} a close examination; not the building of a wall	
s7284	siege ramp/mound	<cian>, pile up, with <pi>, great: a great heap of stones raised against a city wall	
s7285	make clear/make distinct	<cian>, clearly, with the causative <sak>: make something clear; {kilang ciansak} is make something show clearly	
s7286	remain/be left	<cian>, remain, and <ta> written as one word: only this much is now left	
s7287	clearly/exactly/definitely/for certain	<cian>, clear and definite as in <kician>, with <tak>; mostly followed by <in> and also written {ki ciantak in}: clearly, exactly, with certainty	
s7288	clearly/fully/for certain	<cian> carefully or clearly, with <takin> which makes an adverb	
s7290	taste	try the taste of food or drink	
s7291	note/mark/record	only in {ciap teh}, the two-word spelling of <ciapteh>, take note of or keep in mind, and in {ciap tehna}, a record or recognition; not {ciap}, taste	
s7292	after tasting/have tasted	<ciap>, form of <ciam>, taste, with <khit>, after finishing	
s7293	tasting	<ciap> taste, with the noun suffix <na>: the act of tasting	
s7295	to note/should record/will be fixed	<ciapteh>, note down or mark, and <ding>, will, written as one word: something to take note of, to be recorded or set	
s7296	note	heading of a remark that the reader should take note of, shortened to <ctd>	
s7297	noteworthy/worth noting/memorable	<ciamteh>, mark, note, in the form used before a suffix, with <huai>, worthy of: noteworthy	
s7298	mark/seal/marking	a mark or seal put on a thing or a person to show whose it is	as in put a mark on objects
s7299	record/note/register	what is written down to be kept or remembered, a record or note, and the standing that is so recorded, as in {ciaptehna ngah}, be put on record as; not a mark or seal on a thing	
s7300	marks/records/notes	plural of <ciaptehna>: marks or signs put on something, and things written down as a record	
s7301	record for/register/have recorded/note for	<ciapteh>, note or record, with <sak>, for another or cause: put something on record for someone, register a person as something, or have it recorded	
s7302	noteworthy/worth remembering	<ciapteh>, take note, with <tak>, here worthy of: deserving to be noted or kept in mind	
s7303	be able to recognise/be able to register	<ciapteh> and <theih> written as one word, the form before <nading>: be able to record or recognise a person as something	
s7304	fit to be noted/that ought to be recorded	<ciamteh>, mark, note, in the form used before a suffix, with <tuak>, be fitting: fit to be noted	
s7305	each/every one	placed after a noun or verb to show that it applies to each one separately	
s7306	each to/each in	to or in each one's own, placed after a noun of place	
s7307	own	doubled <ciat>, each: each one’s own, said of every kind or every land separately	
s7308	each/every one/each in turn	placed after a verb, or a noun such as <mihing>, like single <ciat>: every one does the thing, each for himself, where the Bible sense is each one’s own kind or land	
s7309	to its kind/each according to its kind	<ciatciat> with the ending <in>, after <nam>, kind: each according to its own kind	
s7310	steady doing/doing each in turn	<ciatciat> with the noun suffix {-na}, after a verb: the doing of it steadily, one after another; the exact sense is uncertain	
s7311	each should/each will	<ciat> and <ding> written as one word after a verb: each one should or will do it	
s7312	each	<ciat>, each, with the ending <in>: each one separately, as in {min ciatin}, each by name	
s7313	according to/each according to	after <nam>, kind, or <beh>, clan: each according to its own	
s7314		<ciat>, each, with the noun suffix <na>, placed after a verb: the fact or the way of each one doing it	
s7315	let us each/let us all	<ciat>, each, and the verb ending {-ni}, let us, written as one word after a verb: let each of us do it	
s7316	from each/each from	<ciat>, each, and <pan.1>, from, written as one word after a noun: from each of them, each from its own	
s7317	each one/every one	<ciat>, each, and the particle <ta> written as one word, placed after a verb in a wish or request, before <hen> or <un>: may each one, let each one	
s7318	each of them/each one	<ciat> each, with the plural ending <te>: each one of several	
s7319	each/every one	<ciat>, each, with the plural ending <un>: each of them in his own way	
s7320	river	poetic word for <gun>, used in songs	
s7321	Ciau/Tiau	the river on the border between Chin State in Myanmar and Mizoram in India, and the border crossing near Rih that is reached by the road from Tedim	
s7322	little by little/bit by bit	placed after a verb: the action is done in small repeated bits and keeps on, as birds chirping, an animal nibbling or money saved a little at a time	
s7323	such as/like that/of that kind	<ci>, say, with <bang>, like, written as one word: of the kind just named, and the like; {bang cibang} is how, in what way, and {tua cibang in} is in that way	
s7324	such/of this kind	<cibang> with the linking ending {-a} before a noun: {hih cibanga}, of this kind	
s7325	how/in what way	after <bang>, what: {bang cibangin} asks in what manner an action is done, the question an adverb of manner answers; also written as one word, <bangcibangin>	
s7326	such ones/things like these	<cibang>, of that kind, with the plural ending: things of the kind just described, as in {hih cibangte}, such as these	
s7327	lump/swelling/tumor	a lump or swelling that forms on or in the body	
s7328	it is said/reportedly	<ci>, say, and <bilbel> written as one word, closing a news report: it is said that, as it turned out, mostly of harm that did not happen	
s7329	say after all/as the saying goes	<ci>, say, and the particle <buang> written as one word after quoted words, mostly as {cibuang hiven}: as they do say, as the saying goes	
s7330	keep saying/say again and again/urge	reduplicated <ci> say; {hong cici kei in} is do not keep telling me	
s7331	say/report	<ci>, say, with an expressive ending, closing a sentence that reports what someone says or what is being told; the exact shade of the ending is not certain	
s7332	healthy/well/all right	in good health; {cidam lo} is sick	
s7333	in good health/healthy	<cidam>, healthy, with the linking ending {-a}: in good health, being well, said before the verb	
s7334	unhealthy/unhygienic	<cidam>, healthy, with <huailo>, not fit to, written as one word: not good for health, unwholesome	
s7335	in good health/healthy/safe and sound	<cidam>, healthy, with the ending <in>: in good health, unharmed	
s7336	be healthy again/recover health	<cidam>, healthy, with <kik>, again; with <sak>, restore to health	
s7337	unwell/sick/unhealthy/ill	<cidam>, healthy, and <lo>, not, written as one word: not in good health; {lungsim cidamlo} is mentally ill	
s7338	illness/ill health/sickness/ailment	<cidam>, healthy, and <lohna>, the state of not being, written as one word: the state of not being well	
s7339	the sick/sick people	<cidamlo>, unwell, with the plural ending <te>: people who are not in good health	
s7340	look healthy/seem well	<cidam>, healthy, with <mel>, look: appear to be in good health; the book gives <mel> as the word that completes the meaning	
s7341	health/healing	noun from <cidam> be healthy; {cidamna ngah} is to be healed	
s7342	health sector/field of health/health matters	<cidamna>, health, with <lamsang>, side: the health side of public life, the health sector; with <ah>, in the field of health, and before a noun, health as in health work or health benefit	
s7343	for health/in order to be healthy	<cidam>, healthy, and <nading>, for, written as one word: for the sake of health, so as to be well	
s7344	make healthy/give health/make well/heal	causative of <cidam>, healthy	
s7345	making healthy/giving health	<cidamsak>, make healthy, with the suffix <in>	
s7346	restore to health/make well again	<cidamsak>, make healthy, with <kik>, again	
s7347	be healed/become well	<cidam> healthy with <suak> become; here a command, be well	
s7348	healthily/in good health/safely	<cidam>, healthy, and <tak> written as one word, usually followed by <in>: in good health, safe and sound	
s7349	the healthy/healthy ones	<cidam> with the plural <te>: those that are healthy, said of people, animals and sound trees	
s7350	healthier	<cidam>, healthy, with <zaw>, more	
s7351	way/manner	<ci> and <dan>, way, written as one word: the way something is or is done; {bang cidan} is how, of what kind, and {hih cidan in} is in this way	
s7352	salt/mineral salt	<ci>, salt, with <dat>, substance: salt as a substance in food or in the body; also written beside the word iodine	
s7353	keep saying/always say	<ci>, say, and <den>, always, written as one word: say again and again or as a habit	
s7354	will say/would say/should say	<ci>, say, with <ding>, will, written as one word: will say, is to say; in a question, shall one say	
s7355	cigarette	a cigarette; also explained as <zatep>	
s7356		postpositional marker to indicate objective case	
s7357	that	placed after a statement it marks it as what is said, heard or known, as in {cih kiza hi}, it is heard that, and {cih thu}, the news that	
s7358	it was found that/it turned out that/it was discovered that	<cih>, the marker that closes what is said, and <kimukhia>, be found out: placed after a whole clause and before the final <hi>, it presents the clause as what an inquiry, a test or a count has brought to light	
s7359	it is reported that/it is said that	<cih>, the marker that closes what is said, and <kiza>, be heard: placed after a whole clause and before the final <hi>, it presents the clause as news that is heard and not confirmed by the writer	
s7360	let alone/not to mention/far from	<cih>, saying, and <thadah>, lazy, literally too lazy to say: placed after a word or clause, it sets that aside as out of the question and the clause that follows, often with <nangawn>, even, names the lesser thing that is the case	
s7361	under the title/entitled/under the heading	<cih>, that or called, <thulu>, title, and <tawh>, with: placed after the quoted title or theme of a writing, sermon, song or statement and before the verb of writing, speaking or publishing, it says that the work bears that title	
s7362	such as/like/things like	<cih> and <bang> written as one word: after a word or a list, such a thing as, things like; after a verb of saying with its subject, as was said	
s7363	there is no such thing as/nothing like	<cihbang>, things like, and <omlo>, there is not: placed after a word or a clause and before <hi>, denies that anything of the kind exists	
s7364	whatever is said/just as said	<cih>, say, and <bangbang>, whatever, written as one word: whatever someone says, exactly as someone says, after the one who speaks; {a cihbangbang} is whatever he says	
s7365	only about/just/merely such as	<cihbang> and <bek> written as one word, after a number or a list: only such as these, no more than that	
s7366	anything like/such a thing as	<cihbang>, such as, with <bel>, as for, written as one word after a word or clause and before a negative: as for anything like that, there is none	
s7367	such as/in the manner of/things like	<cih>, <bang> and <dan> written as one word, placed after quoted words or a list: in that kind of way, things of that sort	
s7368	as said/according to what is said	<cih>, say, with <bangin>, as, written as one word; {na cihbangin}, as you say	
s7369	and so on/such as/for instance	placed after a list of names, numbers or examples, which are only samples of what the sentence goes on to say: in such ways as these	
s7370	and all such things/anything like	<cihbang> and <peuh> written as one word after a list: any such things as these, whatever is of that kind	
s7371	with such things as/and the like	<cihbang>, such as, and <tawh>, with, written as one word after a list: with things like these, in such ways	
s7372	such things as/and the like	<cih> and <bangte> written as one word, placed after a list: things such as these, and the like	
s7373	all such as/and the like/and so on	<cihbang>, such as, and <teng>, here all of them, written as one word after a list: all the things just named and those like them	
s7374	such things as also/even the like	<cihbang>, such as, and <zong>, also, written as one word: after a word or a list, things like these too, or not even such a thing	
s7375	only/just/merely	<cih>, saying, and <bek>, only, written as one word after a quoted word or statement: only that and nothing more is said, known or written	
s7376	only as/merely as	<cihbek> and <tawh.2> written as one word after a name or word: with only that much said, named or written only so	
s7377		<cih>, saying or that, and the particle <bel>, here as for, written as one word: placed after a word or clause to make it the topic, as for whether or as for what is called, mostly before a negative statement	
s7378	as for what is called/only that much	<cih> and <ciang> written as one word. After a word or statement, {cihciang in} takes it up as the topic: when one says this, what is meant by it. With <bek> or alone before a verb of knowing or hearing it limits what is known: only this much, no more than that	
s7379	only as/identified only as/merely as	<cihciang>, as far as what is called, and <bektawh>, with only: placed after a name or a description in a news report, it says that the person is made known by that much alone and no further name or detail is given; a verb such as <kipulak>, be announced, follows	
s7380	only as/merely as	<cih>, saying, with <ciangbek>, only as far as, written as one word: placed after a name or word to show that no more than this is said or known	
s7381	when one says	<cih> and <ciangin> written as one word: when one says, used to take up a word or statement and then explain what it means	
s7382	keep saying/say again and again	<cih>, form of <ci> say, doubled to show repeated or continued saying	
s7383	what is called/the things said	<cihcih> and <te> written as one word: the things people keep saying or calling so; {i cihcihte} is the things we speak of, what we call	
s7384	as if to say/in the manner of saying	<cih>, saying, and <daan>, manner, written as one word, placed after a quoted statement: in the way of saying that, something like, as if to say	
s7385	such as/and the like/that sort of	<cih>, saying, and <dan>, manner, written as one word after a list, an example or a quoted thought: things such as these, the kind of thing just said; {cihdan in} is in such a way	
s7386	in the manner of/as if to say	<cihdan> and <in> written as one word, after a quoted thought or an example: in such a way, as if saying so	
s7387	such things as/and the like	<cihdan>, such as, with the plural <te> written as one word after a list or a quoted saying: things of that kind	
s7388	to be said/to be called	<cih> and <ding> written as one word: that is to be said or called, what one may say; <cihding ahihi> is it must be said, one may say	
s7389	one may say/it must be said/so to speak	<cihding>, to be said, and <ahihi>, it is: closes a sentence in which the writer gives a judgement or a name for what was told, one has to call it that; the judgement stands before it, as in {phadawm cihding ahihi}, it must be called fortunate	
s7390	even to/down to/to the point of	<cih>, saying, and <dong>, until, written as one word after a clause or a list: up to and including what was just named, to the extent of saying so; followed by <in> or <ah>	
s7391	just because/although it is said	<cih> and <hang> written as one word, after a statement: because it is said to be so, merely on the ground that; with <in> also although it is said that	
s7392	although it is said/even though	<cih>, saying, and <hangin>, although, written as one word after a statement: although it is said to be so, even so	
s7393	it is said/said	<cih> and <hi> written as one word at the end of a statement: so it is said, so he or she said; the same as {ci hi}	
s7394	make one wonder/be worth saying	<cih> and <huai> written as one word: it deserves to be said; after a question ending in <hiam> it means one cannot help wondering whether	
s7395	time of/time when	<cih> and <hun>, time, written as one word after a phrase: the time of that, times such as that	
s7396	said/it is said	<ci>, say, and the sentence-final <hi> written as one word; in news reports it closes a statement that is passed on from others: it is said	
s7397	say abruptly/blurt out	<ci>, say, with <hiau>, a word that shows a quick and direct action, written as one word after the words quoted: say straight out or all at once	
s7398	say/declare/tell	<cih> with the suffix {-in}; in the formula {kong cihin ah}, I say to you, introducing a statement	
s7399	kindling/lighting	of a fire; {mei cih}, light a fire	
s7400	say/tell	<cihin> with <ah>, in the formula {kong cihinah}, I say to you, introducing a statement	
s7401	the word/the term	<cih> and <kammal>, word, written as one word after a word that is quoted: the word so called, the term	
s7402	while/in the midst of	<cih> and <kawmkal> written as one word and followed by <ah>: while it was so, in the midst of what the clause before it says	
s7403	do to/do anything to	<cih> do or say, with <kha> happen to: used with <bang> or <bangmah>, do something to someone, usually harm	
s7404	might say/happen to say	<cih>, say, with <khak>, form of <kha>, happen to: of something one fears others may say	
s7405	something called/one called	<cih> and <khat> written as one word, placed after a name or a quoted saying: a thing or person that is called so	
s7406	and the like/such things as	<cih> and <khawng> written as one word, placed after one or more examples: things like that, and so on	
s7407	as for such things as/things like	<cihkhawng>, and the like, and the topic marker <pen> written as one word, after one or more examples: as for things like these	
s7408	such things as/and the like also	<cih>, <khawng> and <zong> written as one word after a statement: things such as this also, there are even cases like this	
s7409	have said/finish saying	<cih>, form of <ci>, say, with <khit>, finish; before <ciangin> or <phetin>: after or as soon as someone has said; in Acts 10:16 of a thing having been done	
s7410	say again/repeat	<cih>, say, and <kik>, again, written as one word: say the same thing again	
s7411	the song called	<cih> and <la>, song, written as one word, placed after the title or the first words of a song: the song called so, the song that says so	
s7412		<cih>, that or such as, and the emphatic <lah>, written as one word before a negative: not even that, nothing like; {gim cihlah nei lo} is having no such thing as tiredness	
s7413	still say/keep saying	<cih>, say, and <lai> in the sense still, written as one word: still saying, go on saying for the time being	
s7414	the sense that/to the effect that	<cih> and <lam> written as one word after a quoted thought: the direction or sense of saying so, to the effect that	
s7415	if one says/because	<cih> and <leh> written as one word: if one says or asks; {banghang hiam cihleh} is if one asks why, that is, because	
s7416	say nothing/do nothing/not say	<cih>, the form of the verb say or do, with <lo>, not, written as one word; {bangmah cihlo} is said or did nothing, did not respond, did no harm to	
s7417	except/apart from/other than/besides	<cih> and <loh> written as one word, not saying: placed after a noun, apart from that one; often followed by {a dang om kei}, there is no other	
s7418	just as said/the very saying	<cih>, saying, and the emphatic <mah> written as one word: the very thing that is said; {a cihmah bangin} is just as he said	
s7419	be in distress/be desperate/be in trouble	be at a loss what to do; also used as a noun for distress or heartache	
s7420	distress/need/scarcity/hardship/adversity/indigence	state of being helpless and in want	
s7421	needs/distresses/hardships	plural of <cihmawhna> distress or need	
s7422	say/happen to say	<cih> say, with <mawk> carelessly or without ground: say something that does not hold, as in even if it should say	
s7423	so-called/be called	after a name or a figure and before the topic marker <pen>, {cihmawk} points to the thing just named, what is called, and carries no idea of careless speech: {NATO cihmawk pen} is what is called NATO	
s7424	nature/what a thing is like	apparently <cih>, say, with <mel>, appearance: {thutang cihmel thei lo}, not know what justice is; exact sense not confirmed	
s7425	saying/meaning	what someone says or means, noun form of <cih> say	
s7426	that is/called	what a thing is called or means; after a name, {a cihna} gives another name for the same place or person	
s7427	it means/that is to say/which means	<cihna>, the saying or meaning, and <ahihi>, it is: placed at the end of a sentence after a statement, it presents that statement as the meaning or consequence of what was said before, it means that	
s7428	does not mean/it is not to say	<cihna>, saying or meaning, and <hilo>, is not: placed after a whole statement and usually followed by <hi>, it denies that the statement is what is meant; {ka cihna hilo hi} is I do not mean	
s7429	what to do	<cih>, here do, and <nading>, for, written as one word: what one should do; nearly always with <theilo>, not know what to do, be at a loss	
s7430	if one says/say	<cih>, say, with <nak>, written as one word before <leh>: {na cihnak leh} is if you say, whenever you say	
s7431	sayings/words/things said	plural of <cihna>; placed after quoted words, these sayings	
s7432	want to say/mean to say/mean	<cih> say with <nop> want, the form of <nuam> used in dependent clauses	
s7433	one feels like saying/it makes one want to say	<cihnop>, want to say, with the suffix <huai>, causing that feeling: placed after a quoted remark or question, often with <mahmah> or <mawk>, the writer's way of adding a comment, one cannot help saying	
s7434	worth saying/tempting to say	<cihnop>, want to say, and <huai>, causing that feeling, written as one word: it makes one want to say, one could well say	
s7435	meaning	what someone means or wants to say	
s7436	that is to say/in other words/what is meant is	<cihnopna>, meaning, and <ah>, at: opens a sentence that explains what was just said, often closed by {cihna ahi hi}; with a possessive before it, {ka cihnopna ah} is what I mean is and {a cihnopna ah} is what he means is	
s7437	the one spoken of	the man of whom something is said, <cih>, say, with <pa> marking a man	
s7438	what is called/as for	<cih> and the topic marker <pen> written as one word, placed after a word or phrase to make it the subject spoken about: what is called, the thing named	
s7439	any such/whatever is called	<cih> and <peuh> written as one word, placed after a word or clause: anything of that name, any such thing as that	
s7440	anything called/any such thing	<cih> and <peuhmah> written as one word after a noun or phrase, mostly before a negative: anything that could be called that, no such thing at all	
s7441	so to speak/practically/one might say	<cih> and <phial> written as one word, mostly as {cihphial ding}: one could almost say, practically	
s7442	say with/say to/join in saying	<cih>, say, with <pih>, together with or to someone: say a thing in agreement with another	
s7443	said/have said	what has already been said or proposed, <cih> with <sa> for a completed action; {na cihsa bangin}, as you have said	
s7444	say for/tell on behalf of	<cih> say with <sak>, done for another person: {va cihsak un} is go and say it for me; in Galatians 1:7, let a thing be called by a name	
s7445	kindle for/light for	of a fire, light it for someone	
s7446	say indeed/do say	<cih>, say, with a particle of emphasis, indeed or for our part, written as one word; {i cihsam hang} is although we do say so; the second part is not <sam>, call	
s7447	say to/say at/reply	<cih>, form of <ci> say, with <san>, at or toward someone: say something at a person, often to mock or to dismiss them	
s7448	rather than/more than	<cih>, saying, with the word for than, as in {cih sang in}, written as one word and often followed by <in>: rather than saying or being so, with <zaw> on the thing preferred	
s7449	rather than/more than	<cih>, that, with <sangin>, than, written as one word after a statement: rather than saying or asking that, usually followed by a clause with <zaw>	
s7450	just reply/merely say	<cihsan>, say in reply, and <lel>, merely, written as one word at the end of a quoted remark: he just said, he simply answered	
s7451	say offhand/reply lightly/just say	<cihsan>, say to or at someone, and <ziau>, lightly and at once, written as one word: just say it in reply, remark without more ado	
s7452	be worth mentioning/be enough	apparently <cih>, say, with <taak>, worthy: be worth counting, of a small amount among many people	
s7453	faithful/loyal/true	true and loyal to a person or to God; {cihtak loh} or {cihtak kei} is to be unfaithful, {cihtak lohna} is unfaithfulness	
s7454	in earnest/really/thoroughly	between a verb and its repetition, usually with <in>, it says that the action is done for real and to the full, as in {sim cihtak in ka sim} I read it in earnest; not about loyalty	
s7455	truly/utterly	placed between a repeated word, as {hai cihtakin hai}, to say that it is so in the full sense of the word	
s7456	unfaithfulness/faithlessness	not being faithful, to God or to a spouse: <cihtak> faithful with <loh> not and {-na}	
s7457	faithfulness/sincerity/honesty	the quality of being faithful and true, <cihtak> with the noun suffix <na>; {cihtakna tawh} is faithfully	
s7458	faithfulness/loyalties/acts of faithfulness	plural of <cihtakna>: the ways in which a person is faithful and true	
s7459	be more faithful/be more upright	<cihtak>, faithful, with <zawk>, more: surpass others in doing what is right	
s7460	with what is called/with the saying	<cih> and <tawh> written as one word after quoted words or a clause: with what is said or named; {cihtawh kisai} is concerning the statement that	
s7461	on a charge of/charged with	<cihtawh>, with what is called, and <thu.2>, a case: placed after the name of an offence or of a section of law and before <kibawl> or <bawl>, a case is opened under that name, the person is charged with it	
s7462	also as/also with what is called	<cihtawh> and <zong>, also, written as one word after a name or a clause: also by that name, also on that account	
s7463		said of firewood, <sing>: apparently get or use for oneself, with <tawm> marking an action done for oneself; the exact sense of <cih> here is not clear	
s7464	such things as/those called	plural of <cih>, placed after a list or a name: the things called, what is called	
s7465	starting with/including/from ... onward	<cihte>, such things as, and <akipan>, beginning with: placed after one or more examples that have been named, beginning with these and going on to the rest of the same kind	
s7466	and the like/such things as	<cihte>, those called, and <pawl>, group: placed after one example or a list of examples, things or people of that kind, the likes of these	
s7467	when one says/by this is meant	<cih>, say, and <teh> written as one word after the word or statement that is explained, often with <ka> or <ih> before it: when one says this, what is meant by it is	
s7468		<cih> and <teng>, here meaning all, written as one word, placed after a list: all these, all the things just named	
s7469	only these	<cihteng>, all these just named, and <bek>, only, written as one word after a list: only these and no others	
s7470	from such as/from those called	<cihte>, such things as, and <pan>, from, written as one word after a list of names: from those named, from such as these	
s7471	such as/and the like/those of the kind	<cihte> and <pawl> written as one word, placed after a name, a list or a quoted saying: those called so and others like them, people or things of that kind	
s7472	such things as	<cihte> and the topic marker <pen> written as one word, placed after a list or a name: as for such things as these, as for what is called	
s7473	such things as/things like	<cihte> and <peuh> written as one word after a list: any such things as these, things like these	
s7474	with such things as	<cihte>, such things as, and <tawh>, with, written as one word after a list: with these and the like	
s7475	and the like also/such things too	<cihte>, such things as, and <zong>, also, written as one word after a list: these things too, things such as these as well	
s7476	let alone/not to mention/far from	<cih> and <thadah> written as one word, a fixed expression after a phrase: let alone that, never mind that, what follows being a smaller thing that also fails	
s7477	worth mentioning/significant	<cih> with <tham>, worth: worth saying; mostly with a negative, as {cihtham hetlo}, not worth mentioning, nothing by comparison	
s7478	be able to say/be able to do	<cih>, say or do, with <thei>, can; with <bangmah> and a negative, be unable to say or do anything	
s7479	be well off/have plenty	apparently a form of <cithei> prosper; {a cihtheih pen hun} is the time when he is best off	
s7480		<cih> say with <theih> can: it can be said; {cihtheih hi lo} is nothing can be said to him, he is past telling	
s7481	well-being/prosperity/plenty/welfare	state of being well off and at peace, the opposite of <cihmawhna>, need	
s7482	ground for saying/possibility of saying	<cih>, say, with <theih>, can, and the noun suffix <na>: that something can be said, or the reason why one can say it, {tua bang ka cihtheihna in} the reason I can say so is; not the state of being well off	
s7483	the news that/the report that	<cih>, which closes what is said, and <thu>, word or matter, written as one word: the news, report or matter that something is so; {cihthu kiza hi} is it is reported that	
s7484	it is reported that/word has come that	<cihthu>, the news that, and <kiza>, be heard: a news formula placed after a full statement and before <hi>, marking it as a report the writer has heard and not seen	
s7485	probably be so/must be so	<cih>, said, with <tuak> in its use for a supposition: it is probably as said, that must be it; the book quotes {tua cihtuak mah e}	
s7486	distinction/difference	<cih>, say, with <tuam>, separate: a setting apart; {cihtuam om loin} is without distinction, regardless of	
s7487	they do/they say	<cih>, the form of <ci>, and the plural <uh> written as one word; {bang a cihuh} is what or how they did	
s7488	the matter of/question of	<cih> and <vai> written as one word after a statement: the matter that, the question whether; usually followed by {tawh kisai}, concerning	
s7489	amount demanded/as much as one says	<cih>, say, with <zah>, amount: whatever amount someone names	
s7490		<cih>, do, with <zawh>, be able: be able to do something to; {bangmah a cihzawh kei leh} is if it can do nothing to it, if the thing is not harmed	
s7491	simply say/just say	<cih>, saying, with <ziau>: said simply or lightly, just putting it so	
s7492	can do/be able to do	<cih>, do, with <zo>, be able: be able to do something to someone; {bang hong cihzo ding} is what can they do to me	
s7493	also that/even that	<cih>, the word that closes what is said or thought, with <zong>, also, written as one word: that too, even the saying of it; {cihzong kiza hi} is it is also reported that	
s7494	it is also reported that/it is also said	<cihzong>, also that, and <kiza>, be heard: closes a sentence of a news report, before <hi>, and marks its content as a further thing that is reported or heard, not seen by the writer	
s7495	seed	the seed of a plant, spelled with a long vowel in the book to keep it apart from <ci>, salt; {ankam cii} is mustard seed	
s7497	farthest/extreme	placed after <mong>, end: the very end, the outermost edge	
s7498	deep/profound/pure	of speech, words or writing: deep and genuine, as the old people speak; after <pau> or <kam>, not after <mong> as in the sense of the farthest end	
s7499	aged/matured/fine	of wine, well aged and of the best kind	
s7500	first/at the very start/for the first time	after a verb, the first time or the very moment something begins, not the aged wine of the other sense: {ka zak ciil} is when I first heard, and {a kipat ciil ni} is the day it first started	
s7501	stingy/miserly/tightfisted/close-fisted	unwilling to give or share, the opposite of <cingh>, generous	
s7504	clear/healthy/sound	Clear: of the eye, healthy and seeing well; of water, settled and clear.	
s7505	sensible/prudent/discerning/wise/clever	of a person, having good sense and sound judgement, beyond schooling; mostly paired with <pil>, as {pil leh ciim}, wise and sensible	
s7506	wisdom/skill	Wisdom or skill, a clear and discerning mind; <ciim> with the noun ending <na>.	
s7507	Ciimnuai	old settlement in the Tedim area that Zomi tradition names as the place from which the clans spread; also used in the names of a magazine and a school	
s7508		Saying: meat fed at Ciimnuai is repaid at Geltui; a kindness is never forgotten and is surely repaid some day	
s7509	make wise/make discerning	<ciim>, clear in mind, with the causative <sak>: make wise or discerning, as in {mi ciimsate ciimsak}, make those who are already wise still wiser	
s7510	drench/soak	soak through, in {kawt ciimsak}, said of rain wetting people to the skin	
s7511	the wise/the prudent	<ciim>, here clear in mind or wise, with <sa> already and the plural <te>: people who are already wise	
s7512	carefully/prudently/soundly/thoroughly	<ciim> with <tak>, which makes an adverb: with care and good sense, as in {piltak le ciimtak-in}, wisely and prudently; of sleep, {ihmut ciimtak in}, soundly, getting enough	
s7514	Ciimtang	place on the road to Tedim, eight or nine miles from the town, known for its ridge and its bends in the road	
s7515	the prudent/the sensible/the discerning	<ciim>, sensible, with the plural <te>: people of good sense and sound judgement	
s7516	plant/grow/cultivate	Plant or grow crops; written {ciin’} before a following word or suffix, as in {na ciin’te}, the things you plant.	
s7517	continuous/persistent/unceasing	said of rain, {guah ciin} is rain that goes on without stopping	
s7518	saying/that	<ci-in> written as one word, <ci>, say, with the ending {-in}: stands after quoted or reported words and before a verb of saying, asking or answering; not the verb plant	
s7519	elder sibling/older brother/older sister	poetic word for <u>, used in songs	
s7520	ritual/rite/observance	<ciin>, here keep or perform and not the particle saying, joined by <le> to <zuih>, follow or observe: a ritual, a fixed practice that is kept and followed, said of religious rites and of customs done for form. Stands as a noun, with <te> for the plural or <khat> for one	
s7521	way of planting/method of growing	<ciin>, plant, with <dan>, way, written as one word: how a crop or a flower is planted and grown	
s7522	custom/manners/etiquette	the accepted way of behaving among a people, named beside <pau>, language, and <ngeina>, tradition	
s7523	to plant/need to plant	<ciin>, plant, and <ding>, the marker of what is to be done, written as one word: planting that is to be done	
s7524	barren/childless	Unable to bear children; said of a woman, and also of animals.	
s7525	plant/grow/cultivate	plant and grow a crop in a field or garden, with the crop named before it, as in {buh ciing}, grow rice; another spelling of <ciin>, not the adjective barren	
s7526		counting word for hill fields, placed before the number, as in {lo ciingnih ciingthum}, two or three fields or stretches of field; the size it names is not stated on the page	
s7527	mock/mimic	do to a person what he objects to, apparently make fun of him or ape his ways; the page sets it beside the senses plant and barren	
s7528	cane/rattan cane	the cane used for caning as a punishment of a court, a kind of <ciangduai>, rod	
s7529	agree/be in harmony	the book gives it as the opposite of <tukalh>, clash or be at odds: apparently agree, fit together	
s7530	comb/dress	said of flax thread in {anthul khau ciingin}, where the NIV has combed flax; with the linking ending <in>; not the word <ciing> barren	
s7531	keep/store up	keep words in the heart so as to use them; with the linking ending <in>	
s7532	grow/cultivate/plant	<ciing>, grow a crop, with the linking ending <in>: growing a plant or vegetable named before it, as {ankam ciingin}, growing mustard; not combing and not keeping words in the heart	
s7533		<ciing>, the counting word for fields, and <nih>, two, written as one word: two fields	
s7534	Ciingpikot	a village or settlement of the Zomi, named as a place of origin and of earlier settlement	
s7535	growers/planters	those who plant and tend, as in {leenggui ciingte}, vine growers	
s7536	barren women/the childless	<ciing>, barren, with the plural <te>, after <numei>, woman	
s7537		<ciing>, the counting word for fields, and <thum>, three, written as one word: three fields	
s7538	worth planting/worth keeping	<ciin>, plant, with <huai>, worthy of: worth planting or growing; also said of a person, an example or a saying that is worth taking up and keeping	
s7539	barrenness	the state of a woman who can no longer bear children	
s7540	planting/growing/cultivation	<ciin>, plant, with the noun ending <na>: the planting or growing of a crop, or the place where it is grown, after the name of the crop as in {beng ciinna}, opium growing; not the barrenness of a woman	
s7541		<ciing>, plant, tend, in the form used before a suffix, with <suah>, bring out or become: bring about or carry through what <ciing> names; the page lists the form without a meaning	
s7542	can be planted/be able to grow	<ciin>, plant, with <theih>, be able, written as one word: that can be planted or grown	
s7545	when	Question word of time, used in {cik ciangin}, when, at what time	
s7546	ever/never	With <mah> and a negative verb, at no time, never: {cik mahin}, {cik mah hunin} and {cik mah ciangin}.	
s7547	spring	A spring of water, also as {cik tui} and {cik tuikhuk}.	
s7548	tiny/very little/very	placed after a word of smallness or nearness such as <neu>, <tawm> or <nai>, it makes the word stronger: {neu cik khat} is a tiny one, {tawm cik cik} a very little and {nai cik} quite near	
s7549	when	Question word asking about a time in the past, <cik> with the ending <a>: when was it that.	
s7550	when	question word of time, at what time	
s7551	when	question word of time, <cikciang> with the marker <in>	
s7552	very/tiny/mere	placed after <neu>, small, <naupang>, child, and similar words to stress how small or young: {neu cikcik} is very small, {naupang cikcik} is a mere child	
s7553	not say/say nothing	<ci>, say, and the negative <kei>, written as one word: not say; {bangmah cikei ning} is I will say nothing	
s7554	say/happen to say	<ci> say with <kha>, which marks what might happen: {cikha kei in} is do not say, {cikha thei} is may well say	
s7555	Cikha		
s7556	declare/say out	<ci>, say, with <khia>, out: speak out openly	
s7557	have said/already said	<ci>, say, and <khin>, already, written as one word: have already said or declared	
s7558	pillar of salt	<ci>, salt, with <khuam>, pillar	
s7559	salt pit/salt marsh	<ci>, salt, with <khuk>, pit: a pit or pool where salt is left.	
s7560	sugar	<ci>, salt, with <khum>, sweet: sugar	
s7561	sugar/sugar content	<cikhum> and <dat> written as one word: the sugar that a food contains	
s7562	say again/say back/repeat	<ci>, say, with <kik>, again or back: say once more, or say in reply	
s7563	when	question word of time, at what time, from <cik>	
s7564	closely/carefully	after <en>, look: examine closely, watch carefully	
s7565	a tiny bit/just a little	<cik>, tiny, and <khat>, one, written as one word after words of smallness such as <neuno> and <tawmno>: only a very small one or a very little	
s7566	wetland/marsh/boggy ground	wet, muddy ground where water stands, as at the edge of a field	
s7567	ever	At any time; used with <hun> or <ciangin> and a negative verb, where the whole phrase means never.	
s7568	never	With <hun> or <ciangin> and a negative verb: at no time, never.	
s7569	never/at no time	<cikmah>, never, and <hun>, time: used as {cikmah hun in} before a negative verb, often with <ngei>, for never, at no time	
s7570	never/at no time/not ever	<cikmah>, ever, and <hunin>, at a time: with a negative verb, often one that carries <ngei> or <nawn>, at no time, never; stands before the verb phrase	
s7571	never/at no time	<cikmah> and <hun> written as one word, followed by <in> or <ciangin> and a negative verb: at no time, never	
s7572	never	<cikmah> with the adverb ending <in>; used with <ngei> and a negative verb for never.	
s7573	marsh/swamp	Marsh or swamp, wet ground where reeds grow.	
s7574	marsh/swamp	<ciknawng> written with a capital at the start of a sentence	
s7575	scoff/hiss	what passers-by do in scorn at a ruined city; the exact action is not clear from the verse	
s7576	springs/fountains	plural of <cik>, spring of water	
s7577	seep	Water that seeps or wells up out of the ground.	
s7578	natural spring/pulsing spring/seep spring/spring/fountain	A natural spring, a place where water comes up out of the ground; <cik>, spring, with <tui>, water.	
s7579	seeps/springs	Plural of <ciktui>: springs of water.	see <ciktui>
s7580	spare/hold back	in {cikze het loin}, without holding back at all, without pity	
s7581	horrifying/dreadful	<cikzet> with <huai>, causing that feeling; with <a> before it, a thing of horror, an object of dread to those who see it	
s7582	horrifying/repulsive/dreadful	causing horror or disgust, {a cikzethuai} is a thing of horror	
s7583	shudder/shrink from/be horrified	feel horror or disgust at something and shrink from it; {cikzia hetlo in} is without the least qualm, ruthlessly; before <huai> the form is <cikziat>	
s7584	shudder/be horrified/feel one's flesh creep	feel a shiver of horror at a dreadful sight; mostly as {cikziak huai}, horrifying, gruesome	
s7585	ruthlessly/without qualm	<cikzia>, shrink from, and <lo>, not, written as one word, mostly with <takin> or <in>: without shrinking from it, without pity	
s7586	loathe/be disgusted	with <huai>, worthy of: {a cikziat huai} is repulsive, loathsome	
s7587	be horrified/shudder	shudder with horror at a sight of injury or danger rather than feel disgust at a deed; in news {cikziat huai mahmah} is horrifying, dreadful to see, said of accidents, fires and wounds, often beside <mulkimhuai>	
s7588	horrifying/dreadful/shocking/awful	<cikziat>, be disgusted or shudder, and <huai>, worthy of: said of a sight or a deed that makes one shudder; usually the predicate, often followed by {mahmah hi}	
s7589	horror/revulsion/compunction	<cikziat>, shudder, with the noun suffix {-na}: the shrinking back one feels at a cruel deed; {cikziatna neilo} is without any such feeling, ruthless	
s7590		postpositional marker to indicate nominative case	
s7591		particle suffixed to form verb past tense	
s7592	beginning/at first	early stage	
s7593	spit/saliva/spittle	Spit, the saliva of the mouth; {cil sia} is to spit, and {cil tawh phih} is to spit on someone.	
s7594	at the beginning/at first	<cil> the early stage or beginning, with the ending <a>: at the beginning of; {cila kipan} is from the beginning of	
s7595	still say/yet say	<ci>, say, with <lai>, still: go on to say, say even so	
s7596	even say/go so far as to say	<cilai>, say further, with <zen>, even: it is even said, closing a report of something surprising	
s7597		<ci>, say, and <lawmlawm> written as one word at the end of a report, before <hi> or <uhhi>: it is said that the person actually did so, told with surprise or reproach	
s7598	be scarce/be sparing	{cilbawl loin an ne} is eat food without scarcity, without having to be sparing; the exact sense is not clear	
s7599	thresh/tread out	<cil> thresh by treading, repeated to show continuing action: be busy threshing	
s7600	if one says/if we say	<ci>, say, with <le>, if, written as one word and followed by {'ng} or <hang>, we: {a taktak in cile'ng} is to tell the truth	
s7601	if we say/so to speak	<ci> with <leng>, if, written as one word with a long vowel: if we say, if one puts it so; introduces or closes a way of putting something	
s7602	if one says/that is to say	<ci>, say, and <leh>, if, written as one word: if one says so; after a question word it introduces the answer, as {banghanghiam cileh}, because	
s7603	if we say/to put it	<ci>, say, and <lehang>, if we, written as one word; {a taktakin cilehang} is to tell the truth	
s7605	just say/simply say	<ci> and <lel> written as one word, placed after the words quoted: merely says, just says	
s7606	if we say/so to speak	<ci>, say, and <leng>, if we, written as one word: if we say, if one says; {a taktak in cileng} is to tell the truth	
s7607	it would be wrong to say	<cileng>, if we say, and <kikhial>, be a mistake: it follows a whole statement and is always negated with <lo> or <kei>, as {cileng kikhial lo ding hi}, it would not be wrong to say so, the writer's way of putting forward a judgment	
s7608	it would not be wrong to say/one may well say	<cileng>, if we say, and <kikhiallo>, not be mistaken: follows a statement and is followed by {ding hi}, it would not be wrong to say so; a formula for offering a judgment or a definition	
s7609	and yet/but then again	<cileng>, if we say, and the particle <lah.2>, and yet: follows a supposition and brings in the fact that speaks against it, if one says so, yet it is not so either	
s7610	flesh/body/flesh and blood	The flesh of the body; of kin, {eima cilesa} is our own flesh and blood.	
s7611	say again/also say/say in turn	<ci>, say, and <leuleu>, again or in turn, written as one word: say once more, or add a further statement; in news reports it closes a further thing that is reported	
s7612	thresh/trample	<cil>, tread or thresh, with <gawp>, thoroughly or violently	
s7613	meticulous/particular/exacting	careful about small details, strict and exacting; {cilgil takin} is carefully, in detail	
s7614	say outright/say just so	{ci lian} written as one word, after quoted words, from <ci>, say: said exactly that, answered plainly	
s7615	even say/go so far as to say	<ci>, say, and <liang>, even, written as one word: it is even said, someone goes so far as to say or to call it so; closes a report of something striking	
s7616	it is even said/reportedly even	<ciliang>, even say, with <mawk>, written as one word at the end of a report: it is said that it even went so far, told with dismay	
s7617	at the beginning/in the beginning/at first	<cil>, the beginning, with the ending <in>: at first, in the beginning, often as {a kipat cilin}.	
s7618	excessive thrift/overstrictness	<cil> in a sense the lexicon lacks, be sparing or strict, as in {sum cilluat}, be too sparing with money, with <luatna>, excess, written as one word: being too sparing or too exacting, with oneself or with money	
s7619	saliva/spittle	the saliva in the mouth, compare <cil>; {cillum tawh valh}, swallow with the saliva, is to swallow down anger or hardship and bear it in silence	
s7620	winepress/press	place of treading; {leenggah cilna} is the place where grapes are trodden for their juice	
s7621	beginning/start/first time	<cil>, the first stage, with the noun ending <na>: the beginning of something, as in {kipat cilna}, the very beginning, and {khualzin cilna}, the first journey	
s7622	threshing floor	in {an cilna}, the place where grain is trodden out	
s7623	not say/say nothing	<ci> and <lo> written as one word: does not say, or without saying; <bangmah cilo>, says nothing, is also said of someone who is unhurt or does not mind	
s7624	treader/one who treads	<cil>, tread, with <pa> marking a man: the man who treads grapes in the winepress	
s7625	spit on/spit at	Spit on someone as an insult; from <cil>, saliva.	
s7626	spitting on	<cilphih>, spit on, with <in> linking it to the following verb	
s7627	spitting	noun form of <cilphih>, spit on: being spat on as an insult	
s7628	foam/froth/saliva	foam or running spittle at the mouth; {cilphuan bua} is to foam at the mouth	
s7629	spit at/spit on	<cil>, saliva, with <pih>: spit on someone in contempt	
s7630	threshed grain	<cil>, thresh, with <sa>, already done, and plural <te>: what has been threshed	
s7631	spit	<cil>, saliva, with a second part that means throw away, written as one word: spit	
s7632	spit	<cil>, saliva, with <siat>: throw saliva out of the mouth; the proverb {thallam cilsiat eimau tung tu} says that what is spat upward falls back on oneself	
s7633	testicle		
s7634	testicles	plural of <ciltang>	
s7635	firstborn	<cil> first with the plural <te>, after <tapa> son: {tapa cilte} is firstborn sons	
s7636	fine/small	describes the manna lying on the ground, something small and thin like flakes; the exact sense is not clear	
s7637	saliva/spittle	the liquid of the mouth; {ciltui kai} is drool, and {ciltui siat} is spit	
s7638	when first/at first	<cil> at first, in the early stage, with the plural ending <un>: when they first did something	
s7639	thresh to powder/grind fine	<cil> thresh or tread, with <vui> fine as dust: thresh grain until it is crushed	
s7640	fall/collapse	Fall down or cave in, said of a city, a wall or a mountain.	
s7641	be weary of/have enough/be tired of	Have had enough of something, be sated or fed up with it.	
s7642	just say/simply say	<ci>, say, with <mai> written as one word; the second part is here a particle placed after a verb, just or simply, not the noun for face: just say, say without more ado	
s7643	die out/perish/be wiped out	Die out and leave no descendants; said of a person or family whose line comes to an end.	
s7644	needy/helpless/destitute/indigent	In want or distress with no one to help; also used as a verb, be helpless.	
s7645	victims/people in distress/disaster victims	<cimawh>, helpless, and <dongtuak>, one who has met misfortune: the people struck by a flood, fire, war or other disaster and left in need; a number with <mi> follows it	
s7646	victims/the needy/people in distress	<cimawh>, helpless, and <dongtuakte>, those who suffer: a pair that names the people struck by a disaster or in need, usually as the object of a verb of helping	
s7647	poor and wretched/destitute	<cimawh>, needy, and <genthei>, distressed, two words of complete meaning used as a pair and joined with a hyphen: poor and in hardship	
s7648	helplessly/in distress/desperately	<cimawh> with the adverb ending <in>: in a helpless or distressed way	
s7649	needy man/the needy	<cimawh>, needy, with <pa> marking a man	
s7650	leave helpless/afflict/fail/impoverish	make someone helpless or destitute, <cimawh> with the causative <sak>	
s7651	the needy/the poor/the destitute	people who are in need, often as {mi cimawhte}	
s7652	suffer/be in distress	<cimawh>, helpless, and <thei>, written as one word, mostly with <mahmah>: be in great distress, or be liable to be in distress	
s7653	be said/reportedly say	<ci> and <mawk> written as one word, mostly as {cimawk hi} at the end of a news sentence: it is said, so it is reported, apparently with a note of surprise at what is told	
s7654	say idly/say without ground	<ci>, say, and <mawkmawk>, idly, written as one word: just say something carelessly or without ground, often after <peuh>	
s7655	glaze/silver dross	a coating smeared on an earthen pot, where the NIV has silver dross	
s7656	massage	rubbing and pressing the body with the hands; {cimek nasep} is work as a masseur or masseuse	
s7657	collapse/fall down	form of <cim> with the linking suffix <in>, collapsing and then going on to the next action	
s7658	perish/be wiped out/die out	be destroyed so that none is left	
s7659	complete destruction/total ruin	<cimit> come to a complete end, with the noun suffix <na>; in {siat cimitna}, total destruction	
s7660	make collapse/bring down	<cim>, fall or collapse, with <khia>, out, and causative <sak>: cause a wall to fall down	
s7661	not have enough/be unsated	<cim>, have enough, and <lo>, not, written as one word: not having had enough of something; {ihmut cimlo} is not getting enough sleep	
s7662	not enough/insufficient/insatiable	<cim>, have enough, with <loh>, not, written as one word: not having had enough of something; {ihmut cimloh} is lack of sleep and {gen cimloh} is beyond telling	
s7663	lack/insufficiency	<cimloh>, not enough, with the noun suffix <na>: not getting enough of something; {ihmut cimlohna} is lack of sleep	
s7664	be very bored/be fed up	<cim>, be weary of, and <lua>, very, written as one word: be very bored, as when alone with nothing to do	
s7665	collapse/fall down flat	of a wall: <cim> fall down, here fall flat to the ground	
s7666	the needy/needy people	plural, another spelling of <cimawh>, needy, with <te>	
s7668	sufficiency/having enough/fill	<cim>, have enough, with the noun ending {-na}: having had one's fill of something; {ihmut cimna} is enough sleep, and with nothing to do it is boredom	
s7669	pastime/amusement/recreation/diversion	something done or kept to drive away boredom, <cim>, be weary of: a pastime or a companion for one's leisure; also as a verb, pass the time, amuse oneself	
s7670	as a pastime/to pass the time	<cimphawng> and <in> written as one word: as a pastime, in order to drive away boredom	
s7671	fallen/broken down/collapsed	<cim> fall down or collapse, with <sa> already done	
s7672	bring down/make collapse/shake	<cim> fall down, with the causative <sak>: cause walls to fall; the NIV has tremble	
s7673	collapse/fall down/come crashing down	<cim>, collapse, with <suk>, downward; of a wall or building, also bring a building down on people	
s7674	be weary of/be tired of	another spelling of <cimtak>	
s7675	be weary of/be tired of/loathe	Be fed up with something or someone, be tired of doing something.	
s7676	wearisome/tiresome/troublesome	<cimtak>, be weary of, with <huai>, worthy of: such as to make one weary	
s7677	be weary of/be tired of/be fed up with	<cimtak> be fed up with someone, with the linking ending <in>	
s7678	have grown weary of/be disgusted with	<cimtak>, be weary of, with <ta> marking a change that has now come about	
s7679	body hair/gooseflesh	the fine hair of the skin; {cimul tho} is the hair stands on end, to have goose bumps from awe, fear or joy	
s7680	be levelled/collapse completely	of a city: <cim> fall down, here be brought down flat	
s7681	be completed/be fulfilled/come to an end	Of a period of time, be full or reach its end; written {cin’} before another word, as in {kum sagih a cin’ ciangin}, at the end of seven years.	
s7682	plant/sow		
s7683		Ending of a conditional clause addressed to you, after <le> or {le uh}: {hong ciahkik le uh cin} is if you return; it also expresses a wish.	
s7684	sick/ill	Sick, ill; also used as a verb, be ill or fall sick, often as {cina-in om}	
s7685	sick person/the sick	A sick person, or sick people as a group.	
s7686	the sick/patient/sick person	<cina> and <damlo>, two words for sick, said together as one name for sick people in general, the patients of a hospital or the sick person in a place	
s7687	seriously ill/gravely ill	<cina>, sick, and <gim>, here heavy, severe: seriously ill, and as a noun a person who is seriously ill or a serious illness; {cina gim mahmah} is very gravely ill	
s7688	the sick/patients/sick and ailing	<cina>, sick, and <luna>, ailment, set side by side: sick people of every kind taken together; also said of a person, be sick or ailing	
s7689	sick man/invalid/patient	<cina>, sick, with {-pa} marking a man: the man who is sick	
s7690	although it says/though said	<ci>, say, and <napi>, although, written as one word: although he, she or it says so	
s7691	although it says/though said	<cinapi>, although it says, with the ending <in>: although it says so	
s7692	ambulance/carrying of the sick	<cina> and <puakna> written as one word: the carrying of sick people; {cinapuakna mawtaw} is an ambulance	
s7693	make sick/strike with illness	causative of <cina>, sick	
s7694	making sick/striking with disease	<cinasak>, make sick, with <in> linking it to the following verb; said here of plants struck with blight	
s7695	sick/ill	form of <cina> used before another word such as <thu>, <laitak> or <ciangin>: being sick, the fact of being sick	
s7696	the sick/sick people	plural of <cina>: people who are sick; {cinate damsak} is heal the sick	
s7697	fall ill/get sick	<cinat>, being sick, with <lawh>, here suffer as a result: fall ill because of something, such as food or a disease, named before it with <hangin>	
s7698	sickness/disease/illness/malady	<cinat>, be sick, with the noun suffix <na>: the state of being ill, or a particular disease; {cinatna vei} is suffer from a disease	
s7699	diseases/sicknesses	plural of <cinatna>: the different sicknesses that people suffer from	
s7700	affliction with sickness/sickness	the making of someone sick, sickness sent upon a person	
s7701	say again/say any more	<ci>, say, and <nawn>, any more, written as one word; {cinawn se loin} is without saying it any more	
s7702	keep watch/stand guard/watch over	a form of <cing>, guard, with <bawl>: stay near and keep watch over a person or a thing, often from a distance	
s7703	when it is completed/when it is full	<cin>, be completed, and <ciang>, when, written as one word, said of a period of time: when the time is up, when a year is full	
s7704	when the time comes/when completed	<cin> and <ciangin> written as one word: when a time or an age is reached or completed; {a hun a cinciangin} is when its time has come	
s7705	Cincinnati	a city in the state of Ohio in the United States	
s7706	smooth-skinned/smooth	having smooth skin without hair, the opposite of <mulnei>, hairy	
s7707	cinema/movie theatre/film	a place where films are shown, or the films themselves	
s7708	guard/watch over	keep watch over a place, a person or a thing so that no harm comes to it and nobody gets in or out	
s7709	protect/keep safe	keep a person safe from danger or from enemies, said often of God and of angels	
s7710	be full/be complete/reach	reach the full number or amount, mostly after <kum>, year: {kum cing} is to be a full number of years old or to be of age; it has nothing to do with guarding	
s7711	dam up/block	stop running water with a dam, as a stream when there is too little water; apart from guarding and from being full	
s7712	plot	unit name for fields: a field, <lo>, is counted as {cing khat}, one plot; not the verb guard	
s7713	shepherd/tend/guard	<cing> written with a capital because it is said of God, who tends his people like a shepherd	
s7714		<cing>, dam up, with the ending {-a}, and: dammed up and	
s7715	fully/completely/in full	<cing>, be complete, with the ending {-a}, written as one word: in full, completely; in the dictionary data the same spelling is <cing>, guard, with that ending: guarding	
s7716	dare to say/say boldly	<ci> and <ngam> written as one word after the words quoted: dare to say, say with confidence; with <nawnlo>, no longer dare to call someone so	
s7717	will be complete/will reach	<cing>, here be full or complete, and <ding>, the marker of what is to come, written as one word: after a number of years, will have reached that many years	
s7718	will guard/to watch over	<cing>, guard or watch over, and <ding>, the marker of what is to come, written as one word: will guard, the one who is to watch over	
s7719	have said/ever say	<ci>, say, and <ngei>, ever, written as one word: have said at some time; with <lo>, never say	
s7720	say plainly	<ci>, say, with the emphatic <ngeu>, written as one word after the words quoted: said just so, said outright	
s7721	generous/openhanded/large-hearted	giving freely to those in need	
s7722	quiet/good	of a child: easy to look after, not given to crying; the mother on the page calls her children so because they do not cry	
s7723	restrained/sober	the book gives it as the opposite of <khuaval>, frivolous and unrestrained: apparently restrained and serious in conduct and speech	
s7724	rhinoceros/rhino		
s7725	the generous/those who are kind	<cingh> generous, with the plural <te>: those who give freely to the poor	
s7726	say expressly/say indeed	<ci> and <ngiat> written as one word: say expressly, really say so, call it just that	
s7727	in full/fully/completely	used as {a cingin}: in the full amount, with nothing lacking, said mostly of money or a price that is paid	
s7728	tending/shepherding/guarding	<cing>, tend or guard, with the ending <in>, linking to the next verb: tending sheep, looking after or guarding someone	
s7729	shepherd/tend/guard	<cingin> written with a capital because it is said of Christ: the one who tends and keeps the soul	
s7730	quiet man/home-loving person	said of Jacob, a peaceful man who stays at home, in contrast to Esau the hunter	
s7731	wary/cautious/watchful	always on guard; the book explains {va-ak cingkam}, the wary crow, by those who always keep watch over themselves and stay ready	
s7732	have already reached/be already complete	<cing>, here reach the full number, and <khin>, already, written as one word after a length of time: that time has already fully passed	
s7733	store up/collect	said of the water of a pool; apparently <cing>, keep, with <kik>, again or back	
s7734	insufficient/incomplete/lacking	not enough or not complete, with <lo> not; {ki cinglo} is it is not enough and {lungsim cinglo} is not of sound mind	
s7735	not yet complete/not yet a full	<cing>, reach the full amount, and <nailo>, not yet, written as one word: a time is not yet complete; {khakhatzong cingnailo in} is in not even a full month	
s7736	nurse/nursemaid	<cing>, look after, with <nu> for a woman: a woman who nurses and cares for a child	
s7737	keeper/guard/shepherd	<cing>, guard or tend, with <pa> for a man: the man who keeps or tends something, as in {huan cingpa} gardener, {van cingpa} keeper of the baggage, {kulhkongpi cingpa} gatekeeper	
s7738	shepherd/keeper	<cingpa> written with a capital because it is said of God, the one who tends his people	
s7739	Cingpikot	a village of the Tedim area in Chin State, named together with Keizang	
s7740	having reached/of full age	<cing>, reach the full number, with the ending {-sa}, already: who has completed the years named, after <kum>, as {kum cingsa}, having reached the age	
s7741	set to guard/have guarded/put in charge of	<cing> guard or tend with causative <sak>: have someone guard or look after something	
s7742	make complete/satisfy/fulfil	<cing>, be enough or complete, with causative <sak>: make something full or complete, supply what is lacking	
s7743	those who have reached/those who have completed	<cing>, be full or complete, with <sa>, already, and plural <te>: those whose years have reached the full number	
s7744	algumwood/almugwood/sandalwood	a precious wood brought from Ophir and Lebanon, used by Solomon for the temple and for harps and lyres	
s7745	almugwood	plural of <cingsing>, here the logs of almugwood	
s7746	be completed/be fulfilled/be up	<cing>, be complete, with <ta>, which shows that it has now come about; of a set time	
s7747	perfect/complete/mature	fully what it should be, lacking nothing; said of God, of a person who is mature and of joy that is complete	
s7748	perfectly/completely	<cingtaak> perfect with the ending <in>; {a cingtaakin bawl} is make perfect	
s7749	perfection/fullness/maturity	<cingtaak> perfect or complete, with the noun suffix <na>	
s7750	make perfect/make complete/fill	<cingtaak>, perfect, with causative <sak>: bring to perfection, make full	
s7751	more perfect/more complete	<cingtaak>, perfect, with <zaw>, more	
s7752	whole/sound/able-bodied	with a body that is complete and works as it should; {mi cingtak lo} is a crippled or maimed person	
s7753	complete/full/adequate	lacking nothing, of a report, a meal, joy or an ability; {cingtak in} is in full, completely; the other sense is of a body that is whole	
s7754	fully/completely/in detail	in full measure, leaving nothing out	
s7755	incomplete/not complete	<cingtak>, complete, with <lo>, not, written as one word: lacking something, as a verb whose meaning is not complete by itself	
s7756	guards/keepers/guardians	<cing>, guard, with the plural <te>: those who guard or look after, as in {kongpi cingte} gatekeepers and {khuapi cingte} the guards of a city	
s7757	guards	<cingte> written with a capital in the name of a gate, the Gate of the Guards	
s7758	blight	a disease that withers crops; {cingteek sak} is strike with blight	
s7759	full-grown/adult	after <pasal>, man, in a count of people: the grown men alone, without the women and children	
s7760	reach/come up to/amount to	of a number or a length of time, come up to the full figure named; of a set term, be completed	
s7761	more than enough/abundantly	<cing>, be enough, with <val>, in excess, and the marker <in>	
s7762	more complete/fuller/more adequate	complete or sufficient, as in <kicing>, with the comparative <zaw>: more complete, better supplied	
s7763	be able to guard/be able to keep	<cing>, guard, with <zo>, be able	
s7765	let us say	<ci> with the first person plural ending <ni>, let us, written as one word: let us say, closing a statement or a supposition	
s7766	be completed/be over	<cin> be completed, of a period of time, with <khit> finished: {a cinkhit ciangin} is after the time has ended	
s7767	be incomplete/fall short/be imperfect	<cin> with the negative <loh>: not be complete or whole; {ka cinloh hang} is because of my falling short	
s7768	shortcoming/inadequacy/deficiency	<cin>, be complete, with <lohna>: the state of not being complete or sufficient, a shortcoming; with <ki> before it, of a thing that does not work or flow as fully as it should	
s7769	before completing/before the end of/within	<cin>, be completed, and <ma>, before, written as one word after a length of time and followed by <in>: before that time is up, within it; {a hun cinma} is ahead of time, premature	
s7770	guarding/watch/keeping/guard	the act or place of guarding, from <cing>, guard: {cinna inndei} is a guardroom	
s7771	tending/growing/keeping	the place where plants or water are kept and tended: {anteh cinna huan} is a vegetable garden, {singno cinna lo} is a plot for young trees, {tui lipi cinna phung} is a dam that holds a pond	
s7772	anniversary/completion	the completing of a number of years, from <cin>, be completed: after <kum> and a number it names an anniversary and works as an ordinal, as in {kum 50 cinna pawi}, the celebration of the fiftieth year	
s7773	worth planting	<ciing>, plant, tend, in the form used before a suffix, with <huai>, worthy of: worth planting	
s7774	anniversary/day of completion	<cin>, be completed, with <ni>, day: the day on which a number of years, months or days becomes full; {kum 30 cinni} is the thirtieth anniversary	
s7775	fit to be planted	<ciing>, plant, tend, in the form used before a suffix, with <tuak>, be fitting: fit to be planted	
s7776	anniversary/anniversary celebration	<cin>, of a time be completed, with <pawi>, feast, written as one word after a number of years: the feast for the completing of so many years	
s7777	tend/look after	look after animals for someone, with causative or benefactive <sak>	
s7778	every time it is completed/at the end of every	<cin.1>, be completed, and <sim.4>, every, written as one word after a length of time: each time that period is full, as {kumli cinsim in}, every four years	
s7779	nails	the nails of the fingers	
s7780	produce/crops	<cin> plant with the plural <te>: the things one has planted	
s7781	tightly/firmly/closely	placed after a verb: {len cinten} hold fast, {belh cinten} cling to, {zui cinten} follow closely	
s7782	closely/tightly	<cinten>, closely, with the marker <in>; {neh cintenin} is keeping close to	
s7783	mean/want to say/intend to say	<ci>, say, with <nuam>, want: want to say, mean; {a cinuam ka hi kei hi} is that is not what I mean	
s7784	tightly/firmly/fast/completely	placed after a verb to show that the action is done tightly or so that it stays: {sin cip} seal up, {seel cip} hide away, {ding cip} stand still	
s7785	the one who says/he who says	<ci>, say, with <pa>, a male person: {a cipa} is the man who says	
s7786	fast/tightly	<cip>, tightly, joined to the linking <a>: {kikalh cipa a om} is being kept locked up	
s7787	say at once/say straight away	<ci> and <pah> written as one word: say something at once, without thinking further or without more ado	
s7788	just say/say briefly	<ci>, say, and <pak>, for a short while, written as one word: say in passing; {cipak ni} and {cipak nihang}, let us just say so, close a remark	
s7789	let us just say/let me just say	<cipak>, say briefly, with <ni>, let us, written as one word: let us just say so, a way to close or set aside a remark	
s7790	persistently/constantly	<cip> said twice, after a verb: the state holds on without letting up, as in {buai cipcip}, be in constant trouble	
s7791	turmoil/unrest	in {buai cipcipna}, from <buai>, be troubled, and the noun ending <na>: a time of great trouble or disturbance	
s7792	bamboo matting/flattened bamboo wall	a house wall made of bamboo, it seems split and flattened bamboo; {cipeek inn} is a house with such walls, through which rain can come in	
s7793	every/each/all	<ci> and <peuh> written as one word, placed after a noun: each and every one; {mun cipeuh} is everywhere and {mi cipeuh} is everybody	
s7794	even say/go so far as to say	<ci>, say, and <phial>, even, written as one word: one could even say, or even if one says	
s7795	say for now/stop here for now	<ci>, say, with <phot>, for the time being; a writer closes an article with {tuazah ciphot ni}, let us say this much for now	
s7796	let us leave it there for now/that is all for now	<ciphot>, say for the time being, with the hortative <ni>, let us, not the word for day: a closing formula of a writer or speaker, after <tuazah>, this much, or {tua ciang}, up to here	
s7797	wheal/rash/skin inflammation	a red, raised or inflamed patch on the skin	
s7798	tightly/fast/firmly/for good	placed after a verb: done tightly, held fast or left for good, and then the next action follows; <cip> with the linking suffix {-in}	
s7799	collapse/fall/breaking	the falling down or breaking of a wall, apparently from <cim> collapse with the noun suffix <na>	
s7800		<cip> tightly with the noun suffix <na>, closing a verb phrase: {kikhum cipna} is being locked up, confinement	
s7801	fall on/crush/bury	fall down upon and cover or crush, as a wall or a hill upon people	
s7802	falling on/crushing	<cipnelh>, fall upon and crush, with <in> linking it to the following verb	
s7803	just say/say anyway	<ci>, say, and <pong>, just or anyway, written as one word: say a thing without a special reason, simply say	
s7804	just say/say offhand/claim	<ci>, say, and <pongmawk>, just like that, written as one word: say something just like that, without ground or without thinking	
s7805	gadfly/biting fly	a fly that bites cattle and people	
s7806	block completely/jam/shut off	<cip>, tightly or completely, with the causative <sak>: make something completely closed or stuck; {Traffic Jam cipsak} is cause a complete traffic jam	
s7807	completely now/for good	<cip>, completely or firmly, and the closing <ta>, now, written as one word after a verb, mostly in headlines: the thing has now been done altogether, as in {kikham cipta}, now banned outright	
s7808	fever	heat of the body in illness; <cisa natna> is a fever sickness, {cisa-in} is feverishly	
s7809	have a fever/be feverish	be hot with fever, said of a person: the noun used as a verb, after <a> and before <ding>, <nuam> or <gawp>	
s7810	fever/feverish illness/influenza	<cisa>, fever, and <natna>, sickness: an illness with fever, and in particular influenza; the one who has it is {cisa natna a ngah mi}	
s7811	send word/make say/let say	<ci>, say, with causative <sak>: make or let someone say, send a message through another; closes words carried by a messenger	
s7812	making say/causing to cry	<cisak>, make say, with <in> linking it to the following verb	
s7813	said/it is said	<ci>, say, written as one word with the softening particle <sam>: said, or it is said, closing a reported statement; {bangmah cisam lo} is said nothing at all	
s7814	salt/season with salt	<ci>, salt, with <sawh>, add or season: put salt into something	
s7815	it is further said/reportedly	<ci>, say, and <sawnsawn>, on and on, written as one word at the end of a statement in a news report: it is said further, the report goes on to say	
s7816	say/call	<ci>, say, and the emphatic <se> written as one word, after quoted words or a name: {cise uh hi} is they say or they call it so, {cise lo} is do not say so	
s7817		<ci> and <sese> written as one word at the end of a report: it is even said, so it is reported, of something surprising	
s7818	say to oneself/think to oneself	<ci>, say, with a second part meaning secretly: say inwardly without speaking aloud, after the words thought	
s7819	say outright/blurt out/say bluntly	<ci>, say, with <suk>, down: say something straight out and without holding back, often roughly or abruptly	
s7820	generous/liberal	giving freely; {cit piakna} is generous giving	
s7821	say/said	<ci> and <ta> written as one word, after quoted words: said, has now said; with <lawmlawm> or <leuleu>, is even said, said in turn	
s7822	faithful/trustworthy/honest	keeping one’s word and doing what is right, so that others can rely on one; {citak lo} is unfaithful	
s7823	pure/genuine	of gold and other materials, not mixed with anything else: {kham citak} is pure gold	
s7824	faithful	<citak> written with a capital as a title of the rider on the white horse, Faithful and True	
s7825	faithfully/honestly	<citak>, faithful, with the ending <in>: in a faithful and honest way	
s7826	unfaithful/dishonest/disloyal	<citak> and <lo> written as one word: not faithful, not to be trusted	
s7827	honesty/faithfulness/integrity	<citak>, faithful and honest, with the noun suffix <na>: being honest and reliable in what one does	
s7828	faithfully/earnestly/diligently	<citak>, faithful, and <tak> written as one word, mostly followed by <in>: in a faithful and earnest way	
s7829	faithful/trustworthy	<citak> with the plural ending <te>; {mi citakte} is faithful people, the faithful	
s7830	more faithful/more trustworthy	<citak> faithful, with <zaw> more	
s7831	said/has now said	<ci>, say, with <tamawk> written as one word before <hi>: someone has now said or declared it, with a note of surprise or regret	
s7832	with saying	<ci>, say, and <tawh>, with, written as one word; {a citawh kibang} is it is the same as saying	
s7833	few in number/small in population	of a people, a church or a group: having few members, being a minority	
s7834	actually say/even say	<ci> and <tazen> written as one word after the words reported: it is actually said, they even call it so	
s7835	alas/woe	with <aw>, a cry of dismay	
s7836	as it happens/in fact/actually	placed after a verb, often after <kha>, to say that something happens to be so, usually unexpected or not planned; {kizaihkha citciat} is it happened to be recorded	
s7837	of all things/as it turned out/actually	<citciat>, as it happens, with <sese>, at all: placed after the verb and before the closing <hi> or {uh hi}, it marks what is told as unexpected, odd or unlucky, the thing that of all things happened; frequent in light news reports	
s7838	as it happens/in fact	<citciat>, as it happens, with the emphatic <se>, written as one word and placed after a verb, before <hi> or <uh>	
s7839	those who say	<ci>, say, with plural {-te}: the people who say something, placed after the words spoken, usually as {a cite}	
s7840	each say/all say	<ci>, say, and <tek>, each, written as one word: each of them says, they all say	
s7841	every/each/all	placed after a noun: every one, all of them; {mun citeng} is everywhere	
s7842	in every/at every/everywhere	<citeng> every with the place marker <ah>, after a noun; {mun citengah} is in every place, in all directions	
s7843	sore/scall/itch/scab/scabies	an itching or festering disease of the skin, in the laws about skin diseases	
s7844	prosper/flourish/be well off	be in a good and prosperous state; {a cithei-in bawl kik} means restore the fortunes of	
s7845	can say/may say/can call	<ci>, say, with <thei>, can, written as one word: be able to say a thing or to call something so, often in a question such as {i cithei diam}, can we say; the words said come before it, and nothing is meant about being well off	
s7846	only prosper	<cithei>, prosper, with <bek>, only; {citheibek loin} is not only prospering	
s7847	prosper again/flourish again	<cithei>, prosper, with <kik>, again	
s7848	make prosper/restore	causative of <cithei>, prosper; with <kik>, restore someone to former prosperity	
s7849	restore the fortunes of/make prosperous again	<citheisak>, make prosper, with <kik>, again	
s7850	the prosperous/those of high standing	<cithei>, be well off, with plural <te>: people who are well off and respected	
s7851	more prosperous	<cithei>, prosper, with <zaw>, more	
s7852	add/say further/also say	<ci>, say, with <thuah>, add on: say something more after what has already been said	
s7853	deserving generosity	<cingh>, be generous, in the form used before a suffix, with <huai>, worthy of: deserving generosity	
s7854	citizen/citizenship	a citizen of a country, and the status of being one; {citizen ngah} is obtain citizenship	
s7855	citizenship	the legal standing of a citizen of a country, in Zolai <gammi hihna>	
s7856	generosity/willingness/kindness	a free and open heart in giving; {citna tawh}, generously or willingly	
s7857	Citna		
s7858	give generously/be generous	<cit> generous with <piak> give: give freely to people	
s7859	generosity/generous giving/charity	<citpiak>, give generously, with the noun suffix <na>	
s7860	make generous	<cingh>, be generous, in the form used before a suffix, with <suah>, bring out or become: make generous; the page lists the form without a meaning	
s7861	fit to be generous	<cingh>, be generous, in the form used before a suffix, with <tuak>, be fitting: fit to be generous	
s7862	salt water/brine	<ci>, salt, and <tui>, water, written as one word: water with salt in it	
s7863	on the body/on the skin	<ci>, the body or skin, with <tung>, on, written as one word	
s7864	say	<ci>, say, and the emphatic particle <ve> written as one word, in lively speech: do say, as {ka cive}, I say, and {na cive maw}, so you say, do you	
s7865	say	<ci>, say, and the particle <ven> written as one word at the end of a quoted or reported statement: so it says, so they say, you see	
s7866	mole/dark spot/birthmark	a dark spot or mark on the skin	
s7867	say rather/say instead	<ci>, say, with <zaw>, rather: say this and not the other thing	
s7868	dreadful/horrifying/terrible	so fearful that it makes one shudder, said of hard times and of war	
s7869	keep saying/say again and again	<ci>, say, and <zel>, repeatedly, written as one word: say time after time, or say in turn	
s7870	it is said/reportedly	<ci>, say, with <zen>, even: closes a report of something surprising, it is even said that	
s7871	just say/simply say	<ci>, say, and <ziau> written as one word: say simply or straight out, just say	
s7872	have said	<ci>, say, with <zo> marking that the action is done	
s7873	also say/also called	<ci>, say, and <zong>, also, written as one word; {a cizong om hi} is there are also those who say so, it is also called so	
s7874	class/lesson	a class of students, a lesson or a course; English word used in Zolai sentences	
s7875	classmate	a person in the same class at school or college	
s7876	classroom	a room in a school where a class is taught	
s7877	cleaner	a person whose job is to clean a building; {Cleaner sem} is work as a cleaner	
s7878	clerk/office worker	a person who does the written work of an office; {clerk sem} is work as a clerk	
s7879	Cleveland	city in the state of Ohio in the United States	
s7880	clinic	a small medical centre where the sick are seen and treated	
s7881	clip/video clip	a short piece of recorded video; nearly always in {Video Clip}	
s7882	club	a club: a sports club, a society or a night club, mostly after its name	
s7883	CNA/Channel NewsAsia	news channel in Singapore, named as the source of a report	
s7884	Chin National Army/CNA	the armed wing of the Chin National Front	
s7885	CNDF/Chin National Defence Force	abbreviation of Chin National Defence Force, an armed group in Chin State named together with the CNO	
s7886	Chin National Front/CNF	Chin political and armed organisation in Myanmar; its army is the CNA	
s7887	CNLD/Chin National League for Democracy	a political party of Chin State in Myanmar, named by the initials of its English name	
s7888	CNO/Chin National Organization	short name of the Chin National Organization, a political and armed organisation of the Chin in Myanmar	
s7889	coach/trainer	the person who trains and leads a sports team or player	
s7890	coach/carriage	one car of a train or light rail line, the same as {meileng dawl}	
s7891	coat/jacket/suit jacket		
s7892	cobra	a large venomous snake, often written with <gul>, snake, as {Cobra gul}	
s7893	cocaine	the drug cocaine, an illegal drug; mostly written with a capital letter	
s7894	cockpit/flight deck	the room at the front of an aircraft where the pilots sit; mostly written with a capital letter and explained in Zolai beside it	
s7895	code	a number or set of letters that identifies something, as {Code nambat}, a code number; also in the names of laws such as the Penal Code	
s7897	coffee	the drink coffee; {coffee dawn} is drink coffee	
s7898	coffee shop/cafe	<coffee> and <sai.3>, shop: a shop where coffee is served and drunk, also after a brand name as in {Starbucks Coffee sai}	
s7899	coin	a piece of metal money, mostly written beside <sumtang> or <sumnen> to explain it; also a unit of digital money, as in {crypto coin}	
s7900	Coke/cola	the soft drink Coca-Cola, often written with a capital	
s7901	college	a school of higher education; {College kah} is attend college; mostly written with a capital letter	
s7902	Cologne	city on the Rhine in the west of Germany	
s7903	Colombia	a country in South America	
s7904	Colombo	the largest city of Sri Lanka	
s7905	colonel	an army rank, placed before a name as a title; {Lieutenant Colonel} is the rank below it	
s7906	colony	a land ruled by a foreign power; also in the names of settlements, as Zomi Colony	
s7907	colour/color		
s7908	Colorado	a state in the west of the United States	
s7909	colour	colour; {colour tuamtuam} is various colours	
s7910	Columbus	city in Ohio, United States, where a Zomi community lives	
s7912	comma	the punctuation mark	
s7913	commander	the officer in command of a military unit; the English word used in reports of armed groups	
s7914	comment	a comment written under a post, a video or a news report on the internet; {Comment pia} is leave a comment	
s7916	committee	a group of people chosen to do a task for an organisation or community	
s7917	committee members/the committee/committees	<Committee> with plural <te>: the members of a committee, or committees	
s7918	communism	communism as a way of governing a country, named beside democracy and socialism; {Communism gam} is a communist country	
s7919	communist/communism	a communist or the communists, and before a noun communist: {Communist gam} is a communist country and {Communist kumpi} a communist government	
s7920	community	the people who live in one place or belong to one group; mostly inside English names of organisations	
s7921	company/companies/firm	English plural used in Zolai for business firms, often followed by <te> or <pawlkhat>	
s7922	company/firm		
s7923	companies/firms	the English word company with the plural <te>: business companies	
s7924	compartment	a separate closed section of a vehicle, train or aircraft, mostly in English phrases such as {Engine Compartment} and {Overhead Compartment}	
s7925	compensation/damages	money paid to make up for loss, injury or death; usually written with a capital and often added as a gloss to <liausum> or <huhna>	
s7926	complaint	a statement that one is not satisfied, made to those in charge; {Complain bawl} is make a complaint	
s7927	complaint	a formal statement that something is wrong, made to the police, an authority or a company; {Complaint bawl} is make a complaint	
s7928	complaint	a complaint made to an authority, used in the English plural form; {Complaints bawl} is make a complaint	
s7929	compound	an enclosed piece of land with its buildings, mostly in {Mission Compound}, the grounds of a mission or church body	
s7930	computer		
s7931	oxygen concentrator/concentrator	a machine run on electricity that gives a patient oxygen, usually as {oxygen concentrator}	
s7932	concept/idea	a concept, a way of thinking about something	
s7933	concert/music show	a public performance of music; {concert bawl} is hold a concert	
s7934	concrete	building material of cement, sand and stone, used for roads, pillars and drains	
s7935	condition/state	the state of a patient, almost always in English phrases such as {Critical Condition} and {Stable Condition}	
s7936	condominium/condo/apartment block	a block of flats in a city, a condominium	
s7937	condom		
s7938	condominium/apartment block	a block of flats in a city; often shortened to <Condo>	
s7939	conduct/lead	lead a meeting, or direct people who sing together	
s7940	conductor	the person who collects the fares and looks after the passengers on a bus or train; also the one who leads a choir	
s7941	conference	a large formal meeting of an organisation or of political groups, in Zolai also <khawmpi>; mostly written with a capital letter	
s7942	confirm	say or establish that something is true; also accept a request on a social network	
s7943	Congo	country in central Africa, mostly as {Congo gam}; its capital is Kinshasa	
s7944	Congregational	of the Congregational churches, a Protestant denomination in which each congregation governs itself; used before <pawlpi>, church	
s7945	Congress	the law-making body of the United States; also part of the names of parties, as in Zomi Congress for Democracy and the Congress party of India	
s7946	Connecticut	a state in the north-east of the United States of America	
s7947	Constantinople	capital of the Eastern Roman or Byzantine Empire, now Istanbul	
s7948	constituency/electoral district	the area whose voters elect one representative; explained in Zolai as {kuangluina bial}	
s7949	constitution	the basic law of a country or the founding rules of a party; the English word used in Zolai sentences	
s7950	construction/building work	the work of putting up buildings, roads and bridges, and the trade of doing it	
s7951	consultation	a meeting held to talk a matter over and hear the views of those concerned	
s7952	contact/contact number	the person or phone number through which someone can be reached; also used as a verb, get in touch with	
s7953	contacts	the names and numbers saved in a phone	
s7954	container/shipping container	a large box in which goods are carried by ship or lorry; also any vessel that holds something	
s7955	containers	English plural of <Container>: large boxes for carrying goods, or vessels that hold something	
s7956	context/setting	the setting or circumstances in which something is said or lived	
s7957	continent	one of the great land masses of the earth; mostly written as an English gloss	
s7958	contract	a work or business agreement, and work done under one; {contract nasep} is contract work	
s7959	contractor	a person or firm that does work under a contract, especially building work	
s7960	control	have power over something and direct or restrain it; {ki control} is control oneself	
s7961	copper	the reddish metal, named in the articles as a mineral in food and as the metal of wires and sheets	
s7962	Coptic	of the Coptic Church, the old Christian church of Egypt, and its members; also the name of the old language of Egypt	
s7963	copy	a copy of a document, or one printed copy of a book or paper; the number follows, as in {copy 4}	
s7964	copyright	the right over a song, book, film or other work, and the permission to use it	
s7965	Corinthians/Corinth	the English spelling of <Korin>, used in Bible references for the letters to the Corinthians: {Corinth masa} is First Corinthians	
s7966	coronavirus/corona	in {Corona Virus}, the virus of the Covid-19 pandemic and the disease it causes	
s7967	coronavirus	the virus that causes the disease Covid-19, and the epidemic it caused from 2019	
s7968	corporal	a rank in the police or the army; also written before the name of the person	
s7969	correspondent/reporter	a reporter of a news agency stationed in a place, seen mostly after the name of the agency	
s7970	corridor/passage	the open passage along the flats of a building or inside a shopping centre	
s7971	corruption	dishonest use of an office or position for gain, such as taking bribes	
s7972	cortisol	the hormone cortisol, which the body makes more of under stress; used with the English word hormone	
s7973	councils/the council	the English word council with the plural <te>: councils, or the members of a council such as a township council or the Chinland Council	
s7974	counseling/counselling	talking with a trained or trusted person to get help with troubles of the mind or spirit	
s7975	counselling/counseling	talking with a trained helper about trouble of the mind or of life; also said as {thukuppihna} or <holimpihna>	
s7976	counsellor/adviser	a person who gives advice or counselling; also in the title State Counselor of Myanmar	
s7977	counter/desk	the counter or desk where customers are served in a shop, hotel, bank or office	
s7978	county	a county, a division of a state or province, written after its name	
s7979	course	a course of study or training at a school, college or centre	
s7980	court/law court	a court of law, in the names of courts and beside the Zolai word <thukhenzum>	
s7981	courtroom	the room in which a court of law sits	
s7982	cousin	a child of one's uncle or aunt, often added after <tanau>, relative, to say which kind of relative	
s7983	Covid-19/Covid	the disease Covid-19, mostly written with the number, and the pandemic of 2020	
s7984	crackdown/raid	an operation by the authorities to find and arrest people, in the articles mostly workers without papers; with <bawl>, carry out a crackdown	
s7985	crane	the tall machine that lifts heavy loads on a building site	
s7986	cream	a soft paste rubbed on the skin as medicine or cosmetic; in {ice cream} the frozen sweet food	
s7987	crew	the people who work on an aircraft, train or ship, or a team such as an ambulance crew; mostly in {Cabin Crew}	
s7988	Crimea	peninsula on the Black Sea, taken from Ukraine by Russia in 2014	
s7989	criminal	a person who has committed a crime; before another English noun, of crime, as in {criminal case}, a case under criminal law	
s7990	criticism/critic	criticism of a person or of the work of others, with <bawl> or <piak>; also a critic, as in {music critic}	
s7991	criticism/criticise	English plural critics used in Zolai text for criticism, the pointing out of faults of leaders, and with <uh> as a verb, criticise	
s7992	Croatia	a country in south-eastern Europe, a member of the European Union since 2013	
s7993	Croydon	a suburb in the east of Melbourne in Australia where Zomi live; in the articles mostly in addresses	
s7994	CRPH	Committee Representing Pyidaungsu Hluttaw, the body formed by elected members of the Myanmar parliament after the military coup of 2021	
s7995	crusade/evangelistic meeting	a series of public evangelistic meetings, as in <crusade bawl>, hold a crusade; also the Crusades, the medieval wars for the Holy Land	
s7996	hold a crusade/hold a revival meeting	{crusade}, an evangelistic meeting, and <bawl>, make, here hold: hold a series of evangelistic meetings; the place stands before it with <ah>	
s7997	Crusaders	the European Christian armies that ruled Jerusalem in the Middle Ages; used with <te>	
s7998	note/nota bene	written abbreviation of {ciapteh ding}, to be noted, as the book states; placed before a remark that the reader should take note of	
s7999	Cuba	island country in the Caribbean Sea	
