sense	terms	definition	text
s24000	join again/come together again	<kizom> be joined with <kik>, again: of bones, come back together; of people, join with others again	
s24001	resume/be resumed/continue again	<kizom> in the sense of go on, with <kik>, again: of a service, schooling, talks or other work that had stopped, be taken up again, mostly before <thei>	
s24002	will resume/will continue again	<kizomkik>, resume, and <ding>, will, written as one word: it will go on again after a break	
s24003	be unconnected/be unrelated	<kizom> and <lo> written as one word: not be connected or have nothing to do with something, and of speech not hang together	
s24004	be joined at once/connect straight away	<kizom>, be joined, with <pah>, at once, written as one word: join on directly; {meikuang tawh kizompah} is catch fire at once	
s24005	be joined with/be next to	<kizom> be joined with the ending <pih>; {a kizompih} is the one that a thing adjoins, its neighbour	
s24006	still joined/already connected	<kizom>, be joined, and <sa>, already, written as one word: joined from before and still so, as in {kizomsa in om}, remain attached	
s24007	join/unite/cause to continue/conjoin	<kizom> be joined, continue, with the causative <sak>: join one thing to another, or make a name carry on	
s24008	continue/endure	go on without a break, said of a reign	
s24009	join on to/connect through/run on into	with <tawh>, be joined to the next thing without a gap: of a road that leads straight through, a part of a building joined to another, or a holiday that runs on into the weekend, not a thing lasting in time	
s24010	join oneself to/yoke oneself to	attach oneself to someone of one's own accord, used with <tawh>	
s24011	those joined to/those who belong to/those united with	<kizom> with plural <te>, after <tawh>: the people connected with someone	
s24012	can be connected/can connect	<kizom> and <thei> written as one word, usually after <tawh>: can be joined or linked with something, can be in touch with someone; also may have to do with	
s24013	continue upward	<kizom> be joined or continue, with <to> upward	
s24014	continue on/keep going on	<kizom>, continue, and <toto>, onward, written as one word: go on and on without a break	
s24015	keep going on/continue on and on/follow one after another	<kizom>, continue, with the last part doubled: go on and on without a break, or happen again and again	
s24016	in order/consecutively	one thing following another	
s24017	be sought/be looked for	form of <kizong> used before another word such as <sak>: {nasep kizon sak} is have work looked for on behalf of someone	
s24018	way of being searched for/how one is looked for	<kizon> and <dan> written as one word: the way in which a person is looked for	
s24019	be searched/be sought/be looked for	Be searched for or looked for, and of a place, be searched: <zong> seek with the passive prefix <ki>	
s24020	being sought/seeking	<kizong>, be sought, and the linking <in> written as one word: something is sought, or people seek it, and another action follows	
s24021	be sought out/be sought after	<zong> seek with the prefix <ki> and <khia> out; used as a name given to Zion, Sought After	
s24022	already surveyed/already sought out	<kizong>, be searched for, with <sa>, already done: that has already been looked for and found, said of a road alignment	
s24023	be made to search/be searched for	passive of <zongsak>, have someone search: someone is set to search, or a thing is caused to be looked for	
s24024	become a habit/get used to/become accustomed	<zongsang>, be accustomed, with the prefix <ki>: one gets used to a thing by doing it again and again, it becomes a habit	
s24025	those who are sought/those chosen	<kizong>, be sought, with the plural <te>: the people sought out for a task or position	
s24026	be searched for/be looked for	<kizong>, be sought, with <zong> said twice: be searched for again and again or for a long time	
s24027	be sought/be hunted for/be wanted	<ki>, passive, with <zon>, seek, and the verb ending {-san}: be searched for, of a suspect on the run or a missing thing	
s24028	seek each other in return/choose each other	<ki>, one another, with <zon>, seek, and <thuk>, in return: two parties each choose the other for the same position	
s24029	be joined/be attached/be connected	form of <kizom> used before words such as <theih> and <khawm>; {kei tawh na hong kizop uh} is you remain joined to me	
s24030	continue/be carried on	go on without a break, as a family line	
s24031	contact/get in touch/communicate	get in touch or keep in touch with a person or a group, by phone, letter or visit, usually after <tawh>; {kizop nading} introduces a contact name or number	
s24032	way of relating/relationship/connection	<kizop> and <dan> written as one word: the way people relate to or deal with one another; {mi tawh kizopdan siam} is good at getting on with people	
s24033	have contact with/be involved with	Have contact or dealings with something, used after <tawh>; built on <kizop> be joined	
s24034	connection/link/involvement	<kizopkhak>, have contact with, with the noun suffix {-na}: a link with something, used after <tawh>; {kizopkhakna omlo} is there is no connection	
s24035	relationship/connection/fellowship/alliance/affiliation/linkage/relation/contact/link	a being joined together with others, by dealings, marriage or trade	
s24036	relationships/connections/joints	plural of <kizopna>: dealings and ties between people, connections, and in the body the joints where bones meet	
s24037	be connected with/be in contact with/have relations with	<kizop>, be joined, with <pih>, together with: be linked or keep in touch with someone; also used as a noun, a connection or contact	
s24038	contacts/connections/associates	<kizoppih>, be in contact with, with the plural ending <te>: the people one is connected or in touch with	
s24039	continue/preserve/keep going	<kizop> be joined with <sak>, cause, make a line go on; {suan-le-khak kizopsak} is preserve the family line	
s24040	relationship/way of relating/connection	<kizop>, be connected, and <zia>, way, written as one word: how people or things are connected or relate to one another	
s24041	let prevail/let overcome	allow someone or something to win, in the verses always negated, do not let them prevail	
s24042	be fully completed/be finished completely	<zosiang> with the passive prefix <ki>, written as one word: be brought fully to an end, be all done	
s24043	can be completed/be able to finish	<kizo>, be finished, and <thei>, able, written as one word: could be completed	
s24045	be sold/sell oneself	Be sold, or sell oneself to someone: <zuak> sell with the prefix <ki>	
s24046	being sold/be sold	<kizuak>, be sold, with the linking suffix <in>, which joins it to the next action: being sold for a price	
s24047	be sold/be sold out/be exported	<zuakkhia>, sell off, with the passive prefix <ki>: of copies, tickets or goods, be sold	
s24048	selling/sale	<kizuak>, be sold, with the noun suffix <na>: selling; {van kizuakna phualpi} is the place where goods are sold, the market square	
s24049	shop/stall/market	the place where a thing is sold, named after the goods as in {laibu kizuakna}, a bookshop, and often followed by <ah> or <khat>; not the act of selling	
s24050	sold	<kizuak>, be sold, with <sa>, already done: having been sold; {sal-a kizuaksa} is sold as a slave	
s24051	sell/cause to be sold	<kizuak>, be sold, with the causative <sak>: have someone sold, sell	
s24052	those sold/things for sale	<kizuak>, be sold or sell oneself, with the plural <te>: things that are or were sold; {numei kizuakte} are prostitutes	
s24053	can be sold/be saleable	<kizuak>, be sold, and <thei>, able, written as one word: be able or allowed to be sold	
s24054	be tamed/be made tame	<zualsak>, tame, with the prefix <ki>: be tamed; {a kizualsak zo lo} is one that cannot be tamed, stubborn	
s24055	head for/go to/make for	<zuan>, head for, with the prefix <ki>: of people in general or each of a group, set out for a place or turn to someone	
s24056	be gathered to/be made to go to	passive of <zuansak> with the prefix <ki>; {a pu a pate kiang kizuansak} is be gathered to the ancestors, die	
s24057	accord with/be in keeping with/agree with	<zui>, follow, with the prefix <ki>: be in keeping with something; the phrase {tawh kizui-in} means according to	
s24058	be followed/be observed/be kept	passive of <zui>, follow, with the prefix <ki>: a rule, custom or way of doing things is followed or kept; it stands without <tawh>, unlike {tawh kizui}, in keeping with	
s24060	be followed/be obeyed/be kept	passive of <zuih>: be followed, obeyed or observed, of a word, a law, advice or an agreement	
s24061	keeping/observance	<kizuih> be kept, be observed, with the noun suffix <na>: the keeping of an agreement	
s24062	in accordance with/in keeping with/according to	<kizui> and <in> written as one word, placed after <tawh>: in keeping with what is named before it	
s24063	not be followed/not be observed	<kizui>, be followed or kept, and <lo>, not, written as one word: of rules or an agreement, not kept	
s24064	take along/make accompany/cause to go with	have a person or animal go along; also of an offering that is to go together with another	
s24065	be accompanied all the more	<kizui> go together with, accord with, and <zaw> more; {minthanna tawh kizuizaw} is come with still greater glory	
s24066	follow one another/keep following	<zuizui>, keep following, with the prefix <ki>: go along one after another, or keep on following	
s24067	be withdrawn/be retracted/be taken back	said of an agreement, a law or a decision that is pulled back, usually with <kik>, back: {kizuk kik} is be withdrawn again	
s24068	be uprooted	<zung> root with the prefix <ki>, used in {kizung bawh}, be pulled up by the roots	
s24069	be uprooted/be pulled up by the roots	passive of <zungbawh> uproot, with the prefix <ki>	
s24070	be uprooted/be rooted out	passive of <zunglot> uproot, with the prefix <ki>	
s24071	being uprooted/uprooted	<kizunglot> be uprooted with the linking suffix <in>	
s24072	be coated/be overlaid/be smeared/be plastered	passive of <zut>: be covered with a layer of oil, metal, paint, whitewash or plaster	
s24073	overlay/coating/plaster	<kizut> with the noun suffix <na>: what is smeared or laid on a surface, as the plaster of a wall or the metal overlay of a post top; also the act of smearing	
s24074	plaster/coatings	<kizutna> plaster with the plural <te>: all that a house is plastered with	
s24075	degrade/defile	in the verse, of a woman who ruins her own beauty; likely smear and soil oneself, exact sense not confirmed	
s24077	be tended/be maintained/be put in order	<zuun> with the prefix <ki>: be looked after and kept in good order, or put oneself in order; paired with <kipuah>, be repaired	
s24078	Kuala Lumpur/KL	Kuala Lumpur, the capital of Malaysia, in its usual short form	
s24079	Claudia	Christian woman in Rome whose greetings Paul sends to Timothy	
s24080	Klang	town and district in the state of Selangor, Malaysia, west of Kuala Lumpur, where many Zomi live	
s24081	Klangkhan		
s24082	Klangkhua		
s24083	Klangklang		
s24084	Klangpang		
s24085	Klangpi		
s24086	Klangrua		
s24087	Klangte		
s24088	Klau		
s24089	Claudius	Roman emperor who ordered all Jews to leave Rome	
s24090	Claudius	name of two men in Acts, the Roman emperor Claudius and the commander Claudius Lysias	
s24091	Claudius	Claudius Lysias, the Roman commander in Jerusalem who sent Paul to the governor Felix	
s24092	KLCC/Kuala Lumpur City Centre	the district of Kuala Lumpur, Malaysia, around the Petronas Twin Towers, with its shopping centre and convention centre	
s24093	Clement	fellow worker of Paul at Philippi	
s24094	Cleopas	one of the two disciples who met the risen Jesus on the road to Emmaus	
s24095	clinic	the Malay word for a clinic, used of clinics in Malaysia and in their names, as in Klinik Kesihatan, a government health clinic	
s24096	Clopas	husband of one of the women named Mary who stood by the cross of Jesus	
s24097	Klortang		
s24098	Klorzan		
s24099	Kluang	a town and district in the state of Johor, Malaysia	
s24100	kilometre/kilometer	written short form of kilometre, after a number; the book gives 1000 metres as 1 km	
s24101	Karenni Nationalities Defence Force/KNDF	Karenni Nationalities Defence Force, an armed resistance group of Karenni State in Myanmar	
s24102	KNU/Karen National Union	the Karen National Union, a political and armed organisation of the Karen people in Myanmar	
s24103	we/us	first person plural pronoun that leaves out the person spoken to; the English form, we, us or our, depends on its place in the sentence	
s24104	express/give/voice	say out aloud what one feels, after <lungdam> or <lungdamna>: {lungdam ko} and {lungdamna ko} are to express thanks or joy; the pronoun {ko} stands before a noun or at the head of the clause instead	
s24105	ours	<ko>, we without the hearer, with <a>, the thing owned: ours, said after the thing spoken of	
s24106	Kolaiah	father of the false prophet Ahab in the time of Jeremiah	
s24107	Koa	a people named together with Pekod and Shoa among those brought against Jerusalem; {Koa mite} is the men of Koa	
s24108	disparage/reproach/find fault with	speak of someone with blame, named together with <neubawl>, belittle	
s24109	abuse verbally/insult badly/berate	<kobawl>, reproach, and <gawp>, severely, written as one word: shout abuse at someone	
s24110	insult/revile/hurl insults at	<kobawl>, abuse someone with words, with the linking suffix <in>	
s24111	taunt/insult/abuse	<kobawl>, abuse with words, with the noun suffix <na>	
s24112	as for us/we for our part	the pronoun <ko>, we, and the topic particle <bel> written as one word: as for us, leaving out the person spoken to	
s24113	Kochi	name of a city in Kerala, India, and of a city in Japan	
s24114	scold/abuse/shout at/berate	shout angry or insulting words at someone; the second part is <gawp>, severely	
s24115	express/offer/give	say or present something to someone; with <lungdam> or <lungdamna> it means give thanks	
s24116	report/appeal/bring up	bring a matter or complaint before someone, cry to someone for help	
s24117	Kohath	second son of Levi, ancestor of the Kohathite clans of the Levites	
s24118	Kohathites	the Levite clans descended from Kohath, who carried the holy things of the tabernacle	
s24119	have given/have offered	<koh> utter or offer with <khit> finish; in the verses always {lungdamna a kohkhit ciangin}, after he had given thanks	
s24120	expressing/announcing/giving notice	act of reporting or expressing, from <koh>; {lungdam kohna} is thanksgiving, {patau kohna} an alarm or warning	
s24121	want to express/wish to tell	<koh>, express or bring before someone, with <nop>, want to, written as one word; {lungdam kohnop} is wish to give thanks	
s24122	where	question word for place, usually followed by a place word as in <koi-ah>, at what place, {koi lai}, whereabouts, and {koi pan}, from where	
s24123	which	asks which one among several persons or things, and is answered by a pointing word such as <hih>, <hua> or <tua>; joined as <koipen>, which one, and <koinu>, which woman	
s24124	where/at what place	<koi>, which or where, and <munah>, at the place: the question word where, in direct questions and in clauses closed by <cih> or <hiam>	
s24126	where	<koi>, where, with the place marker <ah>: at what place	
s24127	how/what kind/like what	<koi> and <bang> written as one word: asks in what way or of what kind something is	
s24128	how/in what way	<koi>, which, and <bangin>, in the way of, written as one word: question word asking in what way	
s24129	how/in what way	question word asking the manner of an action, how, in what way; {koici bang} asks how a matter stands	
s24130	how/in what way	<koici>, how, with <bangin>, in the manner of: the two together are one question word placed before the verb, asking in what way a thing is done or is to be done	
s24131	how far/to what extent	<koi> and <ciang> written as one word, a question: up to where, how far, to what extent	
s24132	how/in what way	<koici>, how, and <bang>, like, written as one word: in what manner, usually followed by <in>	
s24133	how/in what way	<koici> and <bangin> written as one word: how, in what manner, in a question	
s24134	how/in what way	form of <koici> used before a verb or <ding>: {koicih ding} is how to do, what to do	
s24135	how/in what way	<koi> and <dan>, way, written as one word: question word asking the manner of something, often followed by <in>	
s24136	which country/what country	<koi>, where or which, and <gam>, country, written as one word; {koimun koigam}, whatever place and country, means wherever	
s24137	put		put in a particular position.
s24138	place	set something or someone in a certain spot or position	
s24139	deposit	leave something in a safe place or with someone for keeping, as a writing before the Lord or money in a bank	
s24140	lay down	set a person or thing down, as a body on a bed or in a tomb; also lay a foundation	
s24141	which mango	the question word <koi>, which, and <haai>, mango, written as one word: {a koihaai} is which mango, answered by {hih haaite}, these mangoes	
s24142	store up/reserve/keep/save	put something by and keep it safe for later use	
s24143	isolate/shut up/keep shut away/confine	<koih>, put, with <cip>, tightly closed: put away and keep closed in; also of keeping the hand held back in the fold of the garment	
s24144	set aside/shelve/put on hold/leave unused	put a thing or a matter away and leave it there without dealing with it or using it, said of a case kept waiting, a book left at home or an old house left without repair; not the shutting in of a person	
s24145	leave alone/leave lying/neglect	<koih>, put, with a second part of unclear sense: put aside and leave as it is, without reading, teaching or caring for it	
s24146	leaving neglected/neglect	the leaving of a thing as it is without caring for it; {a siapi-in na koihdakna} is your leaving it in ruins	
s24147	to put/will put/to place	<koih> and the future marker <ding> written as one word: to put, set up or deposit, will put	
s24148	put/place/keep	<koih> and the sentence-final <hi> written as one word: puts, places, keeps	
s24149	put/place/set	<koih> with the linking suffix <in>, joining it to the next action	
s24150	happen to put/leave	<koih>, put, with <kha>, happen to: put or leave something somewhere, often without thinking	
s24151	put together/join/place with	<koih>, put, with <khawm>, together	
s24152	put out/remove/take away/get rid of/oust	<koih>, put, with <khia>, out: put someone out, or take away and get rid of something such as an idol or a sin	
s24153	have put/have placed	<koih> and <khin> written as one word: have already put or placed, also put on a list or aimed at a target	
s24154	have put/finish putting	<koih> put with <khit>, finished: the putting is completed	
s24155	store up/lay up/keep in advance	<koih> put with <khol>, beforehand: put aside or prepare for a later time	
s24156	lay down beforehand/set down in advance	form of <koihkhol>; {thu koihkholh} is a word laid down or declared beforehand	
s24157	leave alone/let be/leave as is	leave a person as he is without doing anything about it	
s24158	put back/return/restore/replace/reinstate	<koih>, put, with <kik>, again, back: put a thing back where it was, or restore a person to a former place or office	
s24159	restore/put back/replace	<koihkik> put back with the linking suffix <in>	
s24160	keep on putting/keep/leave in place	<koih>, put, said twice and written as one word: go on keeping or leaving something where it is; after <hong>, wherever one is placed	
s24161	store/keep	apparently <koih>, put or store, written together with <leh>, and: the storing of valuables and	
s24162	not put/not place	<koih>, put, and <lo>, not, written as one word	
s24163	tolerate/let be/leave alone	<koih> put, leave, with <mawk> carelessly; with <lo>, not put up with	
s24164	storehouse/store/holder/godown	place where something is put or kept, as in {humpinelkai koihna} lions' den and {meivak koihna} lampstand	
s24165	for putting/for keeping/place to put	<koih>, put or keep, and <nading>, for, written as one word: for putting or keeping something, and the place or means for it	
s24166	storehouses/treasuries/stores	<koihna> with the plural <te>: places where things are kept; {van manpha koihnate} are treasuries	
s24167	one who appointed/one who put/man appointed	<koih>, put, with <pa> for a male person: the one who put, set or appointed, or the man who was put in a post	
s24168	put aside for now/leave for the time being	<koih>, put, and <phot>, first or for now, written as one word: put or leave something for the time being	
s24169	laid up/stored up/set/placed	<koih> with {-sa}, already put; {a koihsa} before a noun is that which someone has put, set or laid down	
s24170	put for/place for/set up for	<koih>, put, with <sak>: put or appoint something for someone, or cause it to be put	
s24171	keep for/set up for	<koihsak> put for someone with the linking ending <in>: keeping something for someone, and then the next action follows	
s24172	hide/set secretly	<koih> put with <sim>, secretly: lay a trap where it is not seen	
s24173	put down/set down/put under/lay	<koih> put with <suk>, down	
s24174	have put/have placed/have set up	<koih>, put, with <ta>, now or already, written as one word: has now put or set up, common in headlines	
s24175	those placed/things set aside	<koih>, put, with the plural <te>: people or things that someone has put, stationed, kept or set aside	
s24176	can put/can place/can give	<koih> and <thei.2> written as one word: be able to put or set; of a name, with <ki.2>, can be given	
s24177	put up/set on top/build up	<koih> put with <to>, upward: set something up on top of another	
s24178	set apart/set aside/dedicate	<koih> put with <tuam> separate: put apart from the rest for a special use	
s24179	put instead/put rather	<koih> put with <zaw>, rather: put in one place rather than another	
s24180	put down casually/just leave/set aside	<koih>, put, with <ziau>, quickly and lightly, written as one word: simply put a thing somewhere or leave a person or matter as it is, without care	
s24181	have put/have placed/have set ready	<koih> put with <zo>, which shows that the action is done	
s24182	wherever/anywhere/everywhere	<koi>, where, said twice: any place at all; {koikoi ah} is wherever, in every place, and after a verb it means here and there	
s24183	wherever/anywhere/everywhere	<koikoi> and the place marker <ah> written as one word: in whatever place	
s24184	wherever/every place	<koikoi>, wherever, with the ending {-na}, place: every place where something is done, as in {a va zin koikoina}, wherever he visited	
s24185	where/whereabouts/which place	question word for place; {koilai panin} is from where, and repeated as {koilai mun koilai gam} it means in whatever place	
s24186	where/at which place	<koilai>, which place, with the place marker <ah>: at what place, the question an adverb of place answers	
s24187	where/which way	<koi>, where, with <lam>, direction: to which place, in which direction	
s24188	anywhere/nowhere/everywhere	<koi> where with <mah>: with a negative verb, nowhere or not anywhere; {koimah peuh}, anywhere at all, everywhere	
s24189	anywhere/nowhere	<koimah> with the place marker <ah>; used with a negative verb: not anywhere, nowhere	
s24190	where/which place/wherever	<koi> and <mun> written as one word: which place, where; doubled as {koimun koimun}, wherever	
s24191	where/at which place	<koimun>, which place, and <ah>, at, written as one word: at what place; doubled as {koimun koimunah}, wherever	
s24192	exactly where/in which exact place	<koi> and <munsan> written as one word: at which exact place, usually followed by <ah>	
s24193	expressing/giving	apparently <ko>, utter or express, with the linking suffix <in>, elsewhere written {ko-in}; {lungdamna koin} is giving thanks	
s24194	which things	the question word <koi>, which, with <na>, thing, and the plural <te>, written as one word: {a koinate} is which things, answered by {tua bang nate}, such things	
s24195	which woman/which girl	the question word <koi>, which, and <nu>, woman, written as one word: {a koinu} is which woman, answered by {hua lia}, that young woman	
s24196	from where/whence	<koi> where with <pan> from	
s24197	which one/which	the question word <koi> and <pen> written as one word, in a question that asks for a choice among several: which one, which of them	
s24198	where/whereabouts/which part	question word for place, explained in one article as {koi lai}: where, at which spot; paired as {koimun koisan}, where and at which spot	
s24199	in which/in which one	<koi> and <sung> written as one word: inside which of several groups or places, followed by <ah>	
s24200	where/which places/whereabouts	<koi> and <teng> written as one word: at or to which place or places, where exactly	
s24201	which neighbourhood/which quarter	<koi> and <veng> written as one word: in which neighbourhood, paired with <koimun>, which place	
s24202	Koiyeng		
s24203	which/which one	<koi> with <zaw>, more: question word asking which of two	
s24204	Kokang	a region in the north of Shan State in Myanmar on the border with China, and the people who live there	
s24205	to us/with us	<ko>, we, and <kiang>, presence, written as one word and followed by <ah>: to us, with us, leaving out the person spoken to	
s24206	thank in return/express back	<ko>, express, with <kik>, back, written as one word: express thanks back to the one who gave, in a letter of thanks after <lungdamna>	
s24207	peel off/come off/be torn off	of skin, come off or be stripped off the body, with <khia>, out; {avun kokkhia} is his skin came off	
s24208	keep telling/keep declaring/proclaim	the verb of {lungdam ko}, give thanks, said twice: go on telling or declaring; {lungdam koko} is give thanks again and again	
s24209	shackles/chains/fetters/stocks/shackle	iron or wooden restraint put on a prisoner; {kol bulh} is put in chains	
s24210	yoke	wooden yoke laid on the neck of a working animal	
s24211	come loose/hang loose/loosen	come loose or hang slack, of a belt, a rope or something tied on	
s24212	hinder/hold back/entangle	keep someone from doing something, as shackles hold a person; <kikol-awk> is be hindered	
s24213	Kolaiah	name of two men, a Benjamite ancestor of Sallu and the father of the false prophet Ahab	
s24214	from our side/on our part	<ko> and <lampan> written as one word: from our side, as far as we are concerned	
s24216	fetters/shackles/irons	<kol>, shackles, and <bulh>, put on: fetters fastened on the feet of a prisoner	
s24217	shackle/put in fetters/fetter	<kol>, shackles, with <bulh>, put on: fasten the feet of someone in fetters	
s24218	stocks/shackling/fetters	<kolbulh> put in fetters with the noun suffix <na>: the being put in fetters, or the stocks in which a prisoner is held	
s24219	handcuffed/in handcuffs/shackled	<kolbulh>, shackle, with <sa>, marking a state already reached, written as one word: having been put in handcuffs or fetters	
s24220	ourselves	<ko> we, repeated with <le> and: we ourselves as the object of our own action, excluding the hearer	
s24221	bald/bare	bare of hair or of growth; {tal kolh} is a bald forehead and {mual kolh} a bare hilltop; of plants or forest it is stripped bare	
s24222	baldness/bareness/alopecia	<kolh> bald or bare with the noun suffix <na>; {lu kolhna} is baldness of the head and {mun kolhna} a bare, ruined place	
s24223	Kol-Hozeh	father of Shallun who repaired the Fountain Gate, and an ancestor of Maaseiah of Judah	
s24224	make bald/strip bare	<kolh> bald or bare with <sak>, cause	
s24225	be stripped bare/be laid flat	<kolh> bare with <siang> clean: of a forest, be cleared completely	
s24226	Kolkata/Calcutta	a large city in the east of India, formerly written Calcutta	
s24227	Kolkata/Calcutta	city in West Bengal, India	
s24228	Kolnoi		
s24229	Colossae	city in Phrygia in Asia Minor, to whose church Paul wrote the letter to the Colossians	
s24230	Colossians		
s24231	relent/let go	of God, turn from punishing; likely <kol> come loose with the causative <sak>, loosen	
s24232	slavery/bondage	<koltan>, be in bonds, with the noun suffix <na>; {koltan’na Izipt gam} is Egypt the land of slavery	
s24233	slavery/bondage	<koltan>, be in bonds, with the noun suffix <na>; {koltanna Egypt gam} is Egypt the land of slavery	
s24234	yokes	<kol>, yoke, with the plural <te>: yokes of working oxen, also the yoke of bondage	
s24235	shackles/fetters	<kol>, shackles, with the plural <te>: irons fastened on the hands or feet of a prisoner	
s24237	ourselves/we/us/our	first person plural excluding the hearer, emphatic form of <ko>, we ourselves; before a noun, our own; the English form depends on its place in the sentence	
s24238	hollow place/hollow	a hollow or basin in the ground or rock; in Judges 15.19 God split one open at Lehi and water came out of it	
s24239	Komtar	tower complex and the quarter around it in George Town, Penang, seat of the Penang state government	
s24240	Kon Lang		
s24241	scorn/reproach/mockery/taunt	reproach or scorn that a person has to bear, in {kona thuak}, bear reproach; likely <ko>, shout at, with the noun suffix <na>	
s24242	crying out/shouting	second part of {kiko-kona}, <kiko> cry out with <ko> doubled and the noun suffix <na>: continual crying out	
s24243	Konaniah	name of two Levite leaders: the overseer of the temple offerings under King Hezekiah, and a chief of the Levites under King Josiah	
s24244	insults/reproaches	<kona> reproach with the plural <te>	
s24245	Konbwegyi		
s24246	of which/I to you	placed before a verb when I or we do something to you: {nang kong it hi}, I love you; note {kong pia hi}, I give to you	particle prefixed to form verb
s24247	door/entrance/doorway	the door or entrance of a house, tent or room	
s24248	I love you/beloved/dear	<kong>, here the marker of an action by I toward you, and <it>, love: I love you; before a noun of address it means beloved, as in {kong it u leh naute}, my beloved brothers and sisters, a formula that opens a letter or speech	
s24249	I beg you/I ask you/I beseech you	<kong>, here the marker of an action by I toward you, and <thum>, here the verb plead: a formula that closes a request in a prayer, letter or appeal; the thing asked stands before it, often with <nading>, and <uh> follows when several ask	
s24250	at the entrance/at the door	<kong> door, entrance, with the suffix <a>, at or of	
s24251	at the door/at the entrance	<kong>, door or entrance, with the place marker <ah>	
s24252	gate/door/doorway	the gate or doorway by which a house is entered; {kongbiang dongin hong nai} is near, right at the door	
s24253	at the gate/at the door	<kongbiang> gate with <ah>, at	
s24254	gatekeeping/charge of the gates	apparently the work of a <kongcing> gatekeeper, guarding the gates of a building	
s24255	gatekeeper/doorkeeper	person who guards a door or gate, of a house, a palace or the temple	
s24256	Kongcingin	<kongcing> gatekeeper with the ending <in>, as gatekeepers, written with a capital at the start of a sentence; not a proper name	
s24257	gatekeeper/doorkeeper	woman who keeps the door of a house: <kongcing> gatekeeper with <nu>, female	
s24258	gatekeeper/doorkeeper	man who keeps a door or gate: <kongcing> gatekeeper with <pa>, male	
s24259	gatekeepers/doorkeepers	<kongcing> gatekeeper with the plural <te>: those who guard the gates of the temple or the city	
s24260	I answer you/I meet you	<kong>, I to you, and <dawn> written as one word: I answer your call, or I come to meet you	
s24261	doorside/by the door	<kong>, door, with <gei>, side, written as one word: the place beside the door; {konggei-ah} is at the door	
s24262	I write/we write	<kong> and <gelh> written as one word: I or we write it for you, the readers	
s24263	I tell you/I say to you	<kong>, I to you, with <gen>, tell, written as one word: I tell you, what I am telling you	
s24264	key	<kong> door with <hon> open and the noun suffix <na>: the thing a door is opened with	
s24265	opening of the door	<kong> door with <hon> open and the noun suffix <na>; {konghonna tawhtang} is a key	
s24267	doorway/door	the opening of a door; {kongka lai-ah} is in the doorway	
s24268	in the doorway	<kongka> doorway with <lai>, middle, and <ah>, at	
s24269	convulse/become rigid	of a person seized by a spirit, have a fit in which the body stiffens and shakes; {kongkaw sak} is throw into a convulsion	
s24270	become rigid/stiffen	<kongkaw> convulse, stiffen, with <cip>, firmly, completely	
s24271	throw into convulsions/convulse	<kongkaw> convulse with <cip>, tightly, and the causative <sak>	
s24272	convulse/throw into convulsions/shake violently	<kongkaw> with causative <sak>: said of an evil spirit that makes a person's body go into a fit	
s24273	convulse/throw into convulsions	form of <kongkaw> convulse with the causative <sak>: make someone convulse	
s24274	door/entrance/doorway	the door of a house, tent or room, and the entrance it closes	
s24275	gate/door	<kongkhak>, door or gate, written with a capital in the names of gates, as {Hoih Kongkhak}, the Beautiful Gate, and {Tuu Kongkhak}, the Sheep Gate, and at the start of a sentence	
s24276	at the door/at the entrance	<kongkhak> door with the place marker <ah>: at the door or entrance of a house or tent	
s24277	window glass/window/window pane	the glass of a door or window, in the articles always the windows of a car, {mawtaw kongkhakman}; from <kongkhak>, door, and a word for glass	
s24278	doorpost	<kongkhak> door with {mung}: the post of a door	
s24279	gate/great door	<kongkhak> door with <pi>, great	
s24280	doors/gates	<kongkhak> door with the plural <te>: the doors of a house or temple, or the gates of a city	
s24281	doorpost	<kong> door with <khuam> post; named together with <kongzawlte> in Ezekiel 43.8, where the English has threshold and doorposts	
s24282	doorposts/gateposts	<kongkhuam> doorpost, with the plural <te>	
s24283	street corner/corner	the corner of a street or lane	
s24284	express to you/give you	<kong>, I to you, and <ko>, express, written as one word after <lungdam> or {lungdamna thu}: {lungdam kongko hi} is I thank you, we thank you	
s24285	neighborhood/street	the street or open public place among the houses of a town; {konglak buannawng} is the mud of the streets	
s24286	neighborhood/in the street	<konglak>, street, with the ending <a>, in or of: in the street	
s24287	among us		
s24288	among us		
s24289	gate and gate	{kong le kong} written as one word; {konglekong kikal} is the distance from one gate to the other	
s24290	ask you/request of you/pray to you	<kong>, I or we to you, and <ngen>, ask, written as one word: I or we ask you; {thu kongngen hi} is I pray to you	
s24291	gate/gateway/doorway/portal	main gate of a city, court or building, <kong> door with <pi>, great; {sihna kongpi} is the gates of death	
s24292	gate	<kongpi> gate written with a capital in the names of city gates, as {Sakol Kongpi}, the Horse Gate, and {Tuu Kongpi}, the Sheep Gate, and at the start of a sentence	
s24293	I give you/we give you	<kong>, I to you, and <pia>, give, written as one word: I give or we give to you	
s24294	I give you	<piak> give with <kong> before it, which marks I as the doer and you as the receiver	
s24295	front of the gate	<kongpi> gate with <mai>, front: the place before a gate	
s24296	gates/doors	<kongpi> gate with the plural <te>: the main gates of a city, wall or building	
s24297	send to you/bring to you	<kong>, I or we to you, and <puak>, send, written as one word; {thupha kongpuak uh hi} is we send you blessings	
s24298	curtain/hanging/door curtain	cloth hung at an entrance: <kong> door, <puan> cloth, <khai> hang	
s24299	doors/doorways/gates	<kong> door with the plural <te>: doors, doorways or gates; {vantung kongte} is the doors of heaven	
s24300	apologise/beg pardon	<kong> and <thum>, beg, written as one word: we beg you, said as an apology or as an earnest request	
s24301	apologise/beg/plead	<kong> and <thuum> written as one word: I or we beg you; the usual way to say we apologise or we ask your understanding	
s24302	gate/gate court	the open place at a gate, where people sit and cases are heard; {kumpipa’ kongtual} is the king’s gate	
s24303	front yard/courtyard/forecourt	the open ground before the door of a house or palace, where guests gather and customs are held; the everyday use, beside the gate court of a town where cases are heard	
s24304	at the gate	<kongtual>, the open place at a gate, with <ah>, at	
s24305	lintel/doorframe	apparently the beam above a door, from <kong> door and <tung> above; in the verse it is the part of the door smeared with blood	
s24306	doorway/entrance/door	the opening of a door, gate or tomb, the place where one goes in	
s24307	opening/window opening	any opening in a wall, not only that of a door; with <tawlet> or the English word window it is the opening of a window, through which a thing is thrown or a person falls	
s24308	at the entrance/in the gateway/at the mouth	<kongvang> doorway, with the place marker <ah>; {Leinuai’ kongvangah} is at the mouth of the grave	
s24309	sloping/narrow/small/window	window, a small opening in the wall of a house or ship: <kongvang> opening with <neu>, small	of window
s24310	windows/small windows/floodgates	<kongvangneu> window with the plural <te>; {vantung kongvangneute} is the windows or floodgates of heaven	
s24311	I inform you/we inform you	<kong>, I to you, and <zasak>, inform, written as one word; with <uh> after it, we inform you	
s24312		parts of a doorway, plural; <kong> door with <zawl> bar or beam; named with <kongkhuam> doorpost in Ezekiel 43.8, where the English has threshold and doorposts	
s24313	invite you/call on you	<kong>, I or we to you, joined to <zawn> in its sense invite, urge to come: I invite you, we invite you; the usual close of a public invitation, {kongzawn uhhi}	
s24314	street/avenue	street or open public place of a town; {kongzing lakah} is in the streets	
s24315	street	<kongzing> street written with a capital, in the street name {Kongzing Tang}, Straight Street, and at the start of a sentence	
s24316	in the street/in the square	<kongzing> street with the place marker <ah>: in the street or square of a town	
s24317	street/the streets/outdoors	<kongzing> and <lak> written as one word: out in the streets among the houses	
s24318	streets	<kongzing> street with the plural <te>: the streets of a town	
s24319	Jehoiachin/Coniah	son of Jehoiakim, king of Judah; Coniah is a short form of the name Jehoiachin	
s24320	burden/trouble/draw in	draw another person into one's own task or trouble and so put a burden on him	
s24321	pair	two of a kind taken together, counted as {kop khat}, one pair, {kop sagih}, seven pairs; {a kop-a kikhuk} is twisted double, said of thread	
s24322	combine/pair/join	put two together or do a thing together with another, used with <tawh>, with, or after another verb, as in {kalsuan kop}, walk together, and {kop khawm}, combine; not the counting noun pair	
s24323	set of four	as the unit name for crabs, <aisa>: the list of unit names in the book gives four crabs, {aisa li}, as {kop khat}, where elsewhere the word is a pair of two	
s24324	doubled/in plies	apparently <kop> pair with <a>: of threads twisted together, in {kopa-a kikhuk}, finely twisted	
s24325	call at once/notify at once	the verb for call out to, with <pah>, at once: call on or inform someone immediately, as in {hong kopah un}, let us know at once	
s24326	rebuke at once/cry out against	the verb for shout at or scold, with <pah>, at once: speak out at once against what someone did	
s24327	Kopegyi		
s24328	we/as for us	<ko>, we, and the topic marker <pen> written as one word: as for us, we, leaving out the person spoken to	
s24329	together/jointly/in pairs	<kop> pair with the ending <in>: joined with another, together with, after <tawh>; of animals, in pairs	
s24330	twined/doubled	of thread twisted two together, in {a kopin a kikhuk puan}, where the English has finely twisted linen	
s24331	one pair/a couple	<kop> and <khat> written as one word: one pair; {nupa kopkhat} is one married couple	
s24332	a couple/one pair	<kopkhat>, one pair, with <in>, the marker of the doer, written as one word: {nupa kopkhatin} is a married couple, as the ones who do something	
s24333	combine/go together/join together	<kop> and <khawm> written as one word: put two things together, or be joined with one another	
s24334	jointly/together with	<kop>, join or pair, and <khawma>, together, written as one word: doing a thing jointly with another person, after <tawh>	
s24335	together with/jointly/in partnership	<kop>, join, and <khawmin>, together, written as one word after <tawh>, with: doing something jointly with another person	
s24336	in pairs/two by two	<kop> pair said twice with the ending <in>	
s24337		said of war horses made ready for an attack; perhaps prance or rear, meaning not confirmed	
s24338	galloping/prancing	<koplen>, said of war horses, with the noun suffix <na>; {sakol koplenna kheging} is the sound of the hooves of galloping horses	
s24339	side with/support/stand by	be on the side of someone, stand by and support; likely <kop> pair with the ending <pih>, do together with	
s24340	partner/spouse/life partner	the person one is paired with in marriage, a husband or wife or the one who is to become so; {koppih zonna} is the search for a partner	
s24341	galloping/prancing	the galloping of horses and the sound of it; apparently <kop> pair and <tai> run, with the noun suffix <na>	
s24342	pairs		
s24343	Korah	name of several men, among them a son of Esau and the Levite, son of Izhar, who rebelled against Moses and from whom temple singers and gatekeepers descended	
s24344	Korahites	the Levite clan descended from Korah son of Izhar	
s24345	Koran/Quran	the holy book of Islam; said with <Laisiangtho>, holy book	
s24346	Corban	loanword from Hebrew: a thing given to God, explained in the text as {Pasian a’ ding}	
s24347	Kore	name of two Levites: the father of the gatekeeper Shallum, and the son of Imnah who kept the East Gate in the days of Hezekiah	
s24348	Korea	the land of the Koreans in East Asia, in the articles mostly North Korea or South Korea	
s24349	Korean	of Korea and its people; {Korean te} is the Koreans, and {North Korean} and {South Korean} follow English use	
s24350	Koreans/the Koreans	<Korea> with the plural <te>: the people of Korea; before a noun also Korean, of the Koreans	
s24351	Cornelius	Roman centurion at Caesarea to whom Peter was sent; another spelling of <Kornelias>	
s24352	Corinth	city in Greece where Paul stayed and founded a church	
s24353	1 Corinthians		
s24354	2 Corinthians		
s24356	Cornelius	Roman centurion of the Italian Regiment at Caesarea, to whom Peter was sent	
s24357	Kos	island in the Aegean Sea, reached by Paul’s ship the day before Rhodes	
s24358	have someone express/make say	a form of <koh> with a causative ending: have someone say or express something; {lungdam kosak} is have a child say thank you	
s24359	Cosam	ancestor of Jesus in the genealogy of Luke, son of Elmadam	
s24360	blaspheme/slander/curse/scoff/taunt/revile	speak abusively or mockingly against someone, especially against God	
s24361	slander/insult/speak evil of/revile	form of <kosia> used before {uh hangin}, <ciangin> and {uh a}	
s24362	slanderers/revilers	<kosia> slander, revile, with the plural <te>: those who speak abusively	
s24363	insult/reproach/curse/disgrace	abusive speech against someone, or the disgrace of being so spoken of	
s24364	around/round about/in a circuit	with <pai>, go round from place to place or circle about; of events, come round in turn	
s24365	Kotaraya/Kota Raya	an area in the centre of Kuala Lumpur, Malaysia, named after the Kota Raya shopping complex, where many Zomi gather	
s24366	we are/we/us	first person plural pronoun that leaves out the person spoken to: <ko> with the plural <te>; English we, us or our depends on its place in the sentence	
s24367	we/us/our	<kote>, first person plural excluding the hearer, written with a capital at the start of a sentence; English we, us or our depends on its place in the sentence	
s24368	the two of us/we two	<kote> we, not including the hearer, with <gel>, both	
s24369	all of us/we all	<ko>, we without the hearer, and <teng>, all, written as one word: all of us, the whole of our group	
s24370	Kothar		
s24371	Kotlang		
s24373	Koz	man of the tribe of Judah, father of Anub and Hazzobebah	
s24374	call all the more	<ko> call, name, with <zaw> more; here of calling someone by a bad name	
s24375	Kozbi	Midianite woman, daughter of the chief Zur, who was killed with an Israelite man at Peor	
s24376	Kozeba	town in Judah where descendants of Shelah son of Judah lived	
s24377	we too/we also	<ko> and <zong> written as one word: we also, leaving out the person spoken to	
s24378	Kremlin	the seat of the government of <Russia> in Moscow, also said for that government	
s24379	Crescens	companion of Paul who left him to go to Galatia	
s24380	Crete	large island in the Mediterranean Sea, where Paul left Titus to appoint elders	
s24381	Kreup		
s24382	Crispus	ruler of the synagogue at Corinth, who believed with his household and was baptised by Paul	
s24383	crystal	loanword from English: a clear, bright precious stone, used in comparisons for what is clear and shining	
s24384	Kristal/crystal	<kristal>, crystal, written with a capital in {Kristal suangmanpha}, crystal gem; a kind of clear stone, not a personal name	
s24386	Kru		
s24387	karaoke lounge/KTV	a place of entertainment with rooms for singing <Karaoke>, explained in one article as {Karaoke sai}	
s24388	howl/snarl/growl	of dogs, howl or snarl; {ui bangin ku} is howl like a dog	
s24389	nine	the number nine; {kum kua} is nine years, and {sawmkua-le-kua} is ninety-nine	
s24390	who/whom	question word for a person: who; before a noun it asks whose, as in {kua min}, whose name	
s24391	hole/burrow	a hole in the ground or in a wall, such as the hole a mouse lives in; before <vang> its form is <kaw>	
s24392	in nine	<kua>, nine, with the marker {-a}: {kum kua-a} is in nine years	
s24393	who/what kind of person	<kua>, who, and <bang>, what, written as one word: who, what sort of person or people, as in {kuabang te}, which people	
s24394	whichever clan/of whatever clan	<kua>, who, and <beh>, clan, written as one word; used in the pair {kuabeh kuaphung}, of whatever clan or lineage, mostly to say that clan makes no difference	
s24395	Kuachhi		
s24396	who it is/the identity	<kua>, who, and <cih>, written as one word: who a person is; {kuacih ki theician nailo} is it is not yet known for certain who it is	
s24397	narrow/cramped/tight	with little room, of a street, a doorway, a room or a building; also written <kawcik>	
s24398	who else/anyone else	<kua>, who, and <dang>, other, written as one word: who else, any other person	
s24399	show up/appear/turn up	come out and be seen at a place, of a person who is awaited or looked for; often after <hong>	
s24400	strap on/gird on/wear	fasten a weapon at the waist, or wear it there; in the verses almost always with <namsau>, sword	
s24401	pit/den/cave	a hollow in the ground or in rock, such as the den where a lion hides; {kuahawm thukpi}, the very deep pit, is the Abyss	
s24402	who/who it is/someone	<kua>, who, and the question particle <hiam> written as one word: who it is; {kuahiam cih} is the question of who, and {kuahiam in} is someone	
s24403	strapping on/carrying/bearing	<kuah>, strap on, with the linking ending <in>: wearing a weapon at the waist while the next action follows, as in {lum leh namsau kuahin}, carrying shield and sword	
s24404	strutting	descriptive word placed after <pai>, walk, for the proud strutting walk of a rooster	
s24405	one who puts on/one who girds on	<kuah> strap on, gird on, with <pa>, the man who does it; {galhiam a kuahpa} is one who puts on his armor	
s24406		<kuah>, strap on, with the ending {-sa}, already done: having a thing strapped on	
s24407	bend/bow down/droop	bend over, as ripe grain heavy on the stalk; {kuai tan} is break by bending, snap	
s24408	be captivated	in {lung kuai}, of the heart, be won over or moved with longing	
s24409	break/snap	form of <kuai> bend, used in {kuaih tan}, break in two	
s24410	break/snap	break a rigid thing in two, said of a yoke or a rod; in the verses always followed by <sak>	
s24411	break/shatter/snap off	cause to break in two, of an arm, a branch or a tree, from <kuaihtan>	
s24412	be able to bend	<kuaih>, bend or break, and <zawh>, be able, written as one word: manage to bend down or break	
s24413	break/snap/break in two	break something long and rigid in two, such as a staff, an arm, a leg, a bow or a yoke	
s24414	break/snap/shatter	connective form of <kuaitan>, breaking a long thing such as a bow, a leg bone or a yoke bar in two	
s24415	have broken/manage to break	<kuaitan> break with <zo>, showing the act is achieved or completed	
s24416	hollow/cavity	a hollow or bowl-shaped space: {khut kuak} is the hollow of the hand, {lo kaihna kuak} a furrow; {a kuak-in} means hollow inside	
s24417	hollow	<kuak> hollow with the ending <in>; {a kuakin bawl} is make something hollow inside	
s24418	whoever/whosoever	<kua> who doubled; {kuakua ahih hangin} is whoever he may be	
s24419	ring/loop	a ring or loop, such as the gold rings that hold poles or chains	
s24420	around/roundabout	going round in a circuit or curve rather than straight: {kual pai} is go around, and of a boundary it means curve or turn	
s24421	area/tract/circle/region	a group of villages that form one part of the Zo country, named after its chief village, clan or people, as {Tonzang kual}, {Gungal kual} and {Hualngo kual}; the name stands before {kual}	
s24422	bracket/parenthesis	punctuation mark, the ring: a round bracket, also called <umtuam>	
s24423	to the ring/at the ring	<kual> ring with <ah>, at or to	
s24424	Kuala Lumpur	capital city of Malaysia, usually written in two words	
s24425	around/round about	<kual>, around, with the ending <in>: going round in a circle or curve; {kawi kualin} is turning round	
s24426	one garland/one wreath	<kual>, ring, and <khat> written as one word: one ring of something, the collective word for flowers, {pak kualkhat}, a garland of flowers	
s24427	go around/go round about	<kual> around with <pai> go: go by a roundabout way; {kualpai sak} is send around	
s24428	rings	plural of <kual>, ring: the rings on the ark, the table and the altar through which the carrying poles pass	
s24429	rims	rims of wheels	
s24430	valley/gorge/plain	low ground between hills: a valley, gorge or plain; {kuam sung} is the inside of the valley	
s24431	valley	<kuam>, valley, written with a capital as part of a place name, as in {Zered Kuam} and {Ci Kuam}, the Valley of Salt	
s24432	anyone/no one	form of <kuamah> used before a noun as a possessive or before a verb it governs, mostly in negative clauses	
s24433	valley	<Kuam> valley with <a>, in the Valley; {Aven Kuama teng mi} are those who live in the Valley of Aven	
s24434	everyone/each one	<kuama> and <ciat>, each, written as one word, usually as {a kuamaciat}: each and every one	
s24435	no one/nobody	no one, nobody: used with a negative verb, so that {kuamah om lo} is there is no one; {kuamah in} marks it as the subject	
s24436	valley	<Kuam>, valley as part of a place name, with the place marker <ah>: in the Valley or to the Valley	
s24437	no one else/nobody else	<kuamah>, anyone, no one, with <dang> other; used with a negative	
s24438	no one/nobody	<kuamah> and the subject marker <in> written as one word: no one, as the doer of a negative verb	
s24439	no one at all/nobody whatsoever	<kuamah>, no one, and the emphatic <mah> written as one word, used with a negative verb	
s24440	anyone		
s24441	no one/nobody	<kuamah> with the subject marker <in>, shortened to {-n}: no one, as the doer of a negative verb; {kuaman theilo hi} is nobody knows	
s24442	everyone/anyone/whoever	<kuama> and <peuh> written as one word: everyone, anyone at all; often {a kuamapeuh} after a list of people, all of them whoever they are	
s24443	everyone/anyone/whoever	<kuamapeuh>, everyone, and <in>, the marker of the doer, written as one word	
s24444	who/what people	<kua> who with <mi> person: asks who someone is or where he belongs	
s24445	valley/dry valley	<kuam>, valley, with <keu>, dry: a dry valley; in Psalm 84 it stands for the Valley of Baka	
s24446	dry valley	<kuam> valley with <keu> dry; used as a place name, NIV Valley of Baka	
s24447	valley/great valley	<kuam>, valley, with {-pi}, great: a large or deep valley	
s24448	abyss/bottomless pit	the deep pit in which Satan is shut up	
s24449	area/zone/tract	a wide stretch of land taken as one area, such as a burnt area of forest, a mined area or a battle zone, as in {meikatna kuampi} and {galphual kuampi}; not a valley	
s24450	valleys	<kuam> valley with <pi>, great, and the plural <te>	
s24451	valley/plain	the inside of a valley, low ground between hills, set against <mualtung>, the hilltop	
s24452	area/district/locality	the area of a town or region, after a place name, as in {Gombak kuamsung}, the Gombak area, also of places that are not valleys	
s24453	whole area/vicinity/surroundings	<kuam>, here area, and <sungteng>, throughout, written as one word after a place name: the whole area in and around that place	
s24454	valleys/plains/ravines	plural of <kuam>: valleys, ravines or plains	
s24455	area/vicinity/surrounding area	<kuam>, valley or area, and <teng>, all, written as one word after a place name: the whole area of or around that place	
s24456	abyss/deep pit/bottomless pit	<kuam> valley, hollow, with <thuk> deep	
s24457	valley/deep valley	<kuam> valley with <thuk> deep	
s24458	go out/set out/march/go to war	set out for a task: go out to war against an enemy, or go out to work in the field	
s24459	who	<kua>, who, with the marker <in> shortened to {-n}: who as the doer of the action, at the start of a question; not the verb set out	
s24460	about to/on the point of/toward	placed after a verb for what is just about to happen: {bei kuan} is nearing the end, of a month, a year or the world, {sih kuan} is at the point of death and {lup kuan} is at bedtime	
s24461	ninth	<kua> nine with the ordinal ending {-na}; {sawm-le-kuana} is nineteenth	
s24462	set out/first set out	<kuan> set out, go to war, with <cil>, at the beginning	
s24463	be going to/be on the way to/will set out	<kuan> and <ding> written as one word: about to set out, on the way to work or to a journey; {nasep kuanding} is going to work	
s24464	basin/bowl/trough	an open vessel: a bowl for food, a basin for washing, or a trough	
s24465	burn/blaze/flame	burn with a flame, blaze; also said of anger that burns like fire	
s24466	burning	<kuang> burn with the linking suffix <a>	
s24467	in the pouch/in the bowl	<kuang> bowl with the place marker <ah>; {saili kuangah} is in the pouch of a sling	
s24468	plate/dish/platter	a wide shallow dish, larger than <kuang> bowl	
s24469	plates/dishes	<kuangdai> with plural {-te}, the flat dishes of the table in the tabernacle	
s24470	Kuangdawn		
s24471	burn up/be engulfed in flames/burn fiercely	<kuang>, burn, with <gawp>, completely: burn fiercely or burn up altogether, often after <mei>, fire	
s24472	burn/blaze/break out	<kuang>, burn with flame, with the linking suffix {-in}	
s24473	one bowl/a bowl	<kuang>, bowl, and <khat>, one, written as one word: one bowl of food	
s24474	blaze out/flare up/burn forth	<kuang> burn with <khia> out	
s24475	burn again/flame up again	<kuang> burn with <kik>, again	
s24476	burn/keep burning/blaze	<kuang> burn, doubled for an action that goes on	
s24477	vessels/utensils/dishes	household vessels and utensils of all kinds, a pair-word built on <kuang>, bowl, with plural <te>	
s24478	stand for election/contest/run as a candidate	put oneself forward as a candidate in an election, often as {mee kuanglui}; also said of the candidate	
s24480	candidacy/standing for election	<kuanglui>, stand for election, with the noun suffix <na>; {kuangluina bial} is the constituency where one stands	
s24481	large basin/basin/Sea	<kuang> basin with <pi> big; {tui kuangpi} is the great bronze basin of the temple, called the Sea	
s24482	kindle/set on fire/make burn/enkindle	<kuang> burn with causative <sak>; also of anger, make it blaze	
s24483	set ablaze/kindle	<kuangsak> make burn with the linking suffix <in>	
s24484	dishwasher/dishwashing	<kuang>, bowl, with <sawp>, wash: washing the dishes, and a person who washes dishes in a restaurant	
s24485	dishwashing/washing up	<kuang>, bowl, with <sil>, wash: washing the dishes, as a household task or as paid work in a restaurant	
s24486	in the bowl	<kuang>, bowl, and <sungah>, inside, written as one word: in the bowl or dish	
s24487	bottom of the bowl	<kuang>, bowl, with <taw>, bottom, written as one word; in a children's rhyme, {kuangtaw zut oh}, wipe the bottom of the bowl	
s24488	bowls/basins/trays/troughs	plural of <kuang>: bowls, basins or trays	
s24489	blaze up/flare upward	<kuang>, burn, and <to>, upward, written as one word: of a fire, burn upward, rise in flames	
s24490	sistrums/castanets	a percussion instrument played in worship, listed between timbrels and cymbals; plural <te>	
s24491	flash/blaze in flashes	<kuang> burn with <zalzal>, flashing repeatedly	
s24492	trough/watering trough	long trough filled with water for animals to drink from	
s24493	blaze fiercely/burn furiously	<kuang>, burn, with <ziahziah>, heavily and without stopping, written as one word: said of a fire that burns strongly and spreads	
s24494	time to set out/time of going to work	<kuan>, go out to work, with <hun>, time: the time for leaving for work or the field	
s24495	go out/set out	<kuan> with the linking suffix <in>, going out and then	
s24496	by families/household by household	in the phrase {innkuan kuanin}, family by family, where the last part of <innkuan> is repeated	
s24497	just before/towards/when about to	after a verb or after <dek>, at the moment something is about to happen: {a sih kuanin} is just before he died, {kha bei kuanin} is towards the end of the month; no going out is meant	
s24498	happen to go/chance to come	<kuan> go out with <kha>, showing the thing happened by chance	
s24499	go out together/march together/go with	set out together, to war or to work	
s24500	go out/set out/march out	<kuan>, set out, with <khia>, out: go out from a place to work or to battle	
s24501	set out at once/go out immediately	<kuankhia>, set out, and <pah>, at once, written as one word: of a team or the police, leave at once for a task	
s24502	send out/march out	<kuankhia> set out, with the causative <sak>: make soldiers go out to war	
s24503	go out/march out/set out	form of <kuankhia> used before words such as <ciang> and <khit> or before a noun	
s24504	have set out/have gone out	<kuankhia>, set out, and <ta>, now or already, written as one word: has now set out	
s24505	those who set out/those who go out	<kuankhia>, set out, with plural <te>: the people who set out	
s24506	going out/setting out/undertaking	<kuankhiat> go out with the noun suffix <na>, a going out to battle or to a task	
s24507	lead out/march out with	<kuankhiat>, set out, with <pih>, together with: go out to war at the head of others	
s24508	have come out/have set out	<kuankhia> go out with <zo>, showing the act is completed	
s24509	go out together/go along with	<kuan>, set out for work, with <khop>, together	
s24510	go again/go back/return	<kuan> set out with <kik>, again or back	
s24511	set out again/go again	<kuankik> set out again with the linking suffix <in>	
s24512	strutting	descriptive word after <pai> walk, of the proud walk of a rooster	
s24513		apparently shows that something is steadily on its way to happening, with <ta>, now; {maimang kuankuanta} is now passing away, coming to nothing	
s24514	on the way in/when going	<kuan> set out, go, with <lamin>, in the direction or at the time of	
s24515	not go out/not go to work	<kuan>, set out for work, and <lo>, not, written as one word: not go out to work	
s24516	setting out/marching out/coming	the act of setting out, especially to war; {hong kuanna lampi}, the way by which he came	
s24517	full-size football	apparently football played on the full-size field, as against futsal; {kuanpi kimawl} is play on the big field	
s24518	family member/family	second part of {inn kuanpih}, a divided writing of <innkuanpih>: the family, or a member of it	
s24519	family members/household members	second part of {inn kuanpihte}, a divided writing of <innkuanpih> with the plural <te>: the members of one family	
s24520	send out/send into battle/bring against	<kuan>, set out, with the causative {-sak}: make someone set out, especially to war	
s24521	set ablaze/kindle	make something burn, apparently from <kuang>, burn, with the causative {-sak}	
s24522	sending out/sending	<kuansak> send out, with the linking ending <in>, sending out and then doing the next action	
s24523	make go out/send out to work	<kuansak> make someone go, with <sak> repeated; {lo kuansaksak} is make someone go out to work the field	
s24524	go off to/go away to	<kuan> go out with <san>, leaving something behind, and the linking suffix <in>	
s24525	go down/come down/march down	<kuan>, set out, with <suk>, downward; often of going down to battle	
s24526	come down/go down/march down	<kuansuk> go down with the linking suffix <in>	
s24527	be about to/be on the point of	<kuan>, set out, with <ta>, now; placed after another verb, the action is just about to happen, as in {ni tum kuanta}, the sun is about to set	
s24528	Kuantan	city on the east coast of Peninsular Malaysia, capital of the state of Pahang	
s24529	those who march out/those coming to attack	<kuan>, set out, with plural <te>; after another verb, as in {a si kuante}, those who are about to do it, the dying	
s24530	go up/march up	set out upward, often to attack	
s24531	go up/march up	form of <kuanto> used before <ding>	
s24532	coming up/marching up	<kuantoh> go up, march up, with the noun suffix <na>	
s24533	come up again/go up again	<kuanto> go up with <kik>, again	
s24534	send up/make go up	<kuanto> go up with the causative <sak>	
s24535	send up/make go up	<kuantosak> send up with the linking suffix <in>	
s24536	by families/family by family	in {a innkuan kuanun}, family by family, by households; the last part of <innkuan>, household, said again with the ending <un>	
s24537	be able to go out	<kuan> go out to fight with <zo>, be able	
s24538	abandoned by whom/who threw away	<kua>, who, and <paih>, throw away, written as one word: thrown away or abandoned by whom, asked about a child that was found	
s24539	everyone/anyone/whoever	<kua>, who, and <peuh>, any, written as one word: whoever it is, everyone; after a list of people it means all of them	
s24540	locusts	apparently a misprint of <kauphete>, the plural of <kauphe> locust, which stands in the same verse	
s24541	whichever clan/of whatever clan	<kua>, who, and <phung>, clan, written as one word; used in the pair {kuabeh kuaphung}, of whatever clan or lineage, mostly to say that clan makes no difference	
s24542	Quartus	Christian in Corinth, called a brother, whose greetings Paul sends to the church in Rome	
s24543	who	found only after <kuami> in {kuami kuasa}, who and what kind of person: who exactly someone is, his identity	
s24544	funeral feast/funeral sacrifice	the traditional feast for a dead person, at which animals are killed; the word belongs to the old religion, so some prefer other words today	
s24545	make pound/set burning/stir	said with <dip>, the heart: make the heart pound or burn with strong feeling	
s24546	with whom	<kua>, who, and <tawh>, with, written as one word: with whom	
s24547	who/which people	plural of <kua>: which people, who all	
s24548	nine	<kua>, nine, with plural {-te}; {sawmkua leh kuate} means the ninety-nine	
s24549	who	<kuate>, who of several people, with <in> marking the doer, written as one word	
s24550	who/which ones	<kua> who with <teng> all: which persons out of a group	
s24551	mouth/opening	the opening of a pit or hole, with <vang>, opening	
s24552	at the hole/at the mouth of the den	<kuavang>, the opening of a hole, with <ah>, at	
s24553	Kuchai	first word of Kuchai Lama, a district in the south of Kuala Lumpur in Malaysia, named in Zomi notices as a place of events and of work	
s24554	Kuchai Lama	a district of Kuala Lumpur in Malaysia, a Malay place name; the second word is part of the name and is not the Zolai word <lama>	
s24555	Kuching	city in Malaysia, capital of the state of Sarawak	
s24556	Kue	region in Cilicia, in the south-east of Asia Minor, from which the merchants of Solomon bought horses	
s24557	scream/shriek/cry out wildly	<ku>, cry out, with <gawp>, which shows that it is done violently: scream loudly in fear or panic	
s24558	Kuhchah		
s24559	diligent/persevering/steadfast/sedulous	working hard and keeping at a task without giving up; often paired with <citak>	
s24560	diligence/perseverance/steadfastness	steady, persistent effort that does not give up, often paired with <cihtakna>	
s24562	corner/edge/brow	outer edge or corner of something: {vantung kui li}, the four corners of heaven; {mual dawn kui}, the brow of a hill	
s24563	cut/slash/gash/scratch	cut, tear or scratch a surface: the skin of the body or hands in mourning, flesh torn with thorns, marks scratched on a door	
s24564	scratch all over/scrawl on	<kui> cut, scratch, with <gawp>, badly or all over, and the linking suffix <in>	
s24565	plow/furrow	form of <kui>, cut, used before <bang>: cut furrows in the ground	
s24566	gash/tear up/plow up	cut long gashes or furrows in a surface, built on <kui>, cut	
s24567	gash/slash/furrow	cut long lines into something, as a plough does the soil or as mourners cut their hands	
s24568	slash badly/gash all over	<kuikek>, slash, with <gawp>, severely, written as one word: cut long wounds all over something	
s24569	scrape/graze/scratch	<kui>, scratch, with <kha>, happen to: scrape or graze the skin or a surface, or touch the right spot with a swab	
s24570	tear/gash/lacerate	cut or tear the flesh, built on <kui>, cut; stands beside <petkham>, chew, in the same verse	
s24571	cut oneself/gash	<kui> cut with <liam> wound: cut the body so that it is wounded, as was done in mourning	
s24572	Quirinius	Roman governor of Syria at the time of the census during which Jesus was born	
s24573	summit/peak/highest point	the highest point or level that can be reached, as in {pilna kuitung}, the highest level of learning, and {thuneihna kuitung}, supreme authority; also used as a verb, reach the top	
s24574	Kukhkyan		
s24575	Kuki	a name for related hill peoples of Manipur and nearby parts of India, the Thadou being the largest group; named together with Chin, Mizo and Zomi	
s24576	must/need/be necessary	placed after a verb or after <ding>: it is necessary to, have to; with <lo> or <se loin>, there is no need to	
s24577	bull	a big full-grown male of cattle or mithun, said with the prefix <a> as {a kul}	
s24578	Kulai	a town and district in the state of Johor, Malaysia	
s24579	always have to/keep having to	<kul> and <den> written as one word after a verb: it is necessary all the time, one has to keep doing it	
s24580	will have to/will need to	<kul>, be necessary, and <ding>, will, written as one word after a verb: it will be necessary to	
s24581	be bent over/be bent double	of the back, be badly bent, with <gawp>, severely	
s24582	wall/fortification/fort	wall of a city or stronghold; {kulh a nei khuapi} is a fortified city and {kulh kongpi} a city gate	
s24583	wall	<kulh>, wall, written with a capital at the start of a sentence and in names of parts of Jerusalem: {Kulh Zai} is the Broad Wall, {Ngasa Kulh kongpi} the Fish Gate	
s24584	wall/barrier wall	a built wall that closes off a place, as the wall on the border between the United States and Mexico	
s24585	area within the walls	<kulh> wall with <huam>, the area taken in: the space enclosed by a city wall	
s24586	must/need/be necessary	<kul>, be necessary, and the sentence ending <hi>, written as one word after a verb: it is necessary to, one must	
s24587	stay/spend	apparently spend a length of time; {sun khat kulhin} is staying one day	
s24588	gateway/gate	<kulh> wall with <kong> door, the gate in a wall; written with a capital at the start of a sentence	
s24589	gate doors/doors of the city gate	<kulh> wall with <kongkhak> door and the plural <te>	
s24590	gate/city gate/gateway	the main gate in a town wall	
s24591	gate	<kulhkongpi>, city gate, written with a capital at the start of a sentence and in the names of gates: {Kumpipa’ Kulhkongpi} is the Gate of the King, {Khuabul Kulhkongpi} the Foundation Gate	
s24592	gates/city gates	plural of <kulhkongpi>: the gates of a walled city or of the temple	
s24593	fortified/walled	having a wall, <kulh> wall with <nei> have; said of cities	
s24594	fortified/walled	<kulhnei>, having a wall, with plural <te>, which belongs to the whole phrase {khuapi kulhnei}, fortified cities	
s24595	wall/city wall/fortress/fortification/rampart/fort	<kulh>, wall, with <pi>, great: the great wall round a city, and so a fortress or stronghold	
s24596	wall/fortress	<kulhpi> written with a capital in the place name {Kiu Kulhpi} in the wall of Jerusalem, where the NIV has Corner Gate	
s24597	walls/strongholds/fortresses	plural of <kulhpi>: the great walls of a city, or its strongholds	
s24598	outside the wall	<kulh> wall with <pua> outside and <ah>, at	
s24599	broken wall/ruined wall	<kulh> wall with <sia>, ruined	
s24600	walls/fortifications	plural of <kulh>, the defensive walls of a city	
s24601	breach in the wall/gap in the wall	<kulh> wall with <vang>, opening	
s24602	top of the wall/wall	the flat top of a town wall where people can walk	
s24603	on the wall/on top of the wall	<kulhzang> top of the wall, with the place marker <ah>	
s24604	coolie/porter/labourer	a hired or forced labourer, above all one made to carry loads for rulers and officials	
s24605	Kulim	a town and district in the state of Kedah, Malaysia	
s24606	needing/requiring	<kul> be necessary with the linking suffix <in>	
s24607	need not/not be necessary	<kul>, be necessary, and the negative <kei> written as one word after a verb: there is no need to	
s24608	will probably need/will likely have to	<kul>, be necessary, and <khading>, probably, written as one word after a verb: it will probably be necessary to	
s24609	still need/still have to	<kul>, must, with <lai>, still: it is still necessary, one still has to	
s24610	will still need to/will still have to	<kullai>, still be necessary, and <ding> written as one word	
s24611	need not/be unnecessary	<kul> need with <lo> not, written as one word after a verb, there is no need to; {gen kullo} is there is no need to say, or it is no use speaking	
s24612	not necessary/without needing	<kul>, be necessary, and the negative <loh> written as one word: there is no need to do it; {kulloh in} is without having to	
s24613	needlessly/unnecessarily	<kul>, be necessary, with <lopi>, without, written as one word and followed by <in>: without any need, when there is no call for it	
s24614	have to/be forced to	<kul>, must, and <mawk>, here of what comes unwished or unexpected, written as one word after a verb: it turned out that one had to	
s24615	necessity/need	<kul>, be necessary, with the noun suffix {-na}: the need for something, the fact that it is necessary; {a kulna} is the need for it, where it is needed	
s24616	need any longer/be necessary any more	<kul> and <nawn> written as one word, followed by <lo> or <kei>: no longer necessary, no need any more	
s24617	no longer necessary/no longer need	<kul>, be necessary, and <nawnlo>, no longer, written as one word	
s24618	must at once/have to straight away	<kul>, must, and <pah>, at once, written as one word after a verb: it becomes necessary right away to do it	
s24619	must first/have to first	<kul>, must, and <phot>, first, written as one word after a verb, mostly before <ding>: it has to be done first, or for the time being	
s24620	consider necessary/think needed	<kul>, be necessary, and <sa.5>, consider, written as one word; {kulsa lo} is think it not needed	
s24621	bend/make bent	make the back bent or stooped, as in {a nung kulsak}	
s24622	require/demand	<kul> be necessary with <sak>, cause	
s24623	compulsion/necessity	<kulsak> require with the noun suffix <na>	
s24624	really need/be really necessary	<kul>, be necessary, and the emphatic <se> written as one word, in a question or before <lo>: is it really necessary, there is no real need to	
s24625	grave/tomb	poetic word for <hankhuk> or <khul>, the grave, used in songs	
s24626	be now necessary/must now	<kul>, be necessary, and <ta>, now or already, written as one word: it has become necessary to	
s24627	pitch/tar	black sticky substance used to seal boats and as mortar; {kultal tui} is liquid pitch and {kultal khuk} a tar pit	
s24628	pitch/liquid pitch	<kultal>, pitch, with <tui>, liquid	
s24629	must/have to	<kul>, must, and the particle <ve> written as one word: really have to; with <maw> it asks whether one must	
s24630	Kulzam		
s24631	need more/be more necessary	<kul> be necessary with <zaw>, more	
s24632	year/age	a year, in counting time and in giving the age of a person; {kum thum sung} is for three years and {kum za pha} is be a hundred years old	
s24633	bad year	<kum>, year, and <sia>, bad, written as one word: a year of poor harvest, sickness and death, as foretold from the wasp nest at <Khuado>	
s24634	of the year/in the year	<kum> year with the suffix <a>, in or of; {tua kuma} is of that year	
s24635	in the year/of the year/for the year	<kum>, year, and <aa> written as one word after a number or <tua>: of or in that year	
s24636	in the year	<kum> and <ah> written as one word: in the year, after the number or the name of the year	
s24637	how many years	<kum>, year, and <bangzah>, how many, written as one word	
s24638	end of the year/year end	<kum> and <bei> written as one word: the end of a year, after the number of the year the end of that year	
s24639	until the end of the year	<kumbei>, end of the year, and <dong>, until, written as one word, after the number of the year	
s24640	end of the year/close of the year	<kum>, year, and <beikuan>, the latter part, written as one word, after a year number or <maikum>: the last part of that year	
s24641	beginning of the year/start of the year	<kum>, year, and <bul>, beginning, written as one word	
s24642	by the year/in the year	<kum>, year, and <ciang>, up to or when, written as one word and placed after the number of a year: by that year, when that year comes	
s24643	in the year/by the year	<kum>, year, and <ciangin>, when, written as one word after the number of a year: in that year, or when that year comes	
s24644	no age limit/without age limit	<kum>, year or age, <ciangtan>, limit, and <lo>, not, written as one word: people of any age may take part	
s24645	annual/yearly/anniversary	<kum>, year, with <cin>, be completed: held or done when the year is full, once a year; {kumcin khawmpi} is an annual conference and {kumcin pawi} an anniversary feast	
s24646	annual conference/annual convention/annual general meeting	<kumcin>, annual, and <khawmpi>, conference: the great meeting that a society or church holds once every year, where reports are heard and often leaders are chosen; the name of the body stands before it and the year often after it	
s24647	of age/adult/full-grown	<kum>, year, with <cing> in the sense be full, written as one word: having reached adult age; {kumcing nailo} is not yet of age, a minor	
s24648	underage/minor	<kum>, year, {cing lo}, not complete, written as one word: not yet of full age, said of a child or young person below the legal age; <cing> here means be full, not guard	
s24649	underage/minor	<kum>, year, <cing>, be complete, and <nailo>, not yet, written as one word: not yet of full age, a person under the legal age	
s24650	adult/grown-up	<kumcing>, of age, with <sa>, here already: one who has reached adult age, set against {kumcing nailo}, not yet of age	
s24651	other years/previous years	<kum>, year, and <dang>, other, written as one word: other years, the years before this one; {kumdang bangin} is as in other years	
s24652	years to come/number of years	<kum>, year, and <ding>, will, written as one word: the years that are to be, as the years of a prison sentence	
s24653	until the year/up to the year	<kum>, year, and <dong>, until, written as one word after the number of a year: until that year	
s24654	eight years	<kum>, year, and <giat>, eight, written as one word	
s24655	consult/discuss with	take a matter to someone and talk it over with him; compare <kikum>, discuss together	
s24656	the elderly/old people/the aged	<kum>, year, with <ham>, old: people advanced in years	
s24657	koum	Aramaic word meaning get up, quoted in the saying {Talitha kumi}, Little girl, get up	
s24658	in the year	<kum>, year, with the marker <in>: in the year, used after an ordinal number or a clause that names the year	
s24659	getting down/descending	the verb <kum>, go down, with the linking suffix {-in}	
s24660	in the year also	<kumin>, in the year, and <zong>, also, written as one word after a year number: in that year too	
s24661	king	spelling of <kumpipa>, the king, found in two verses of one text, probably a misprint	
s24662	one year/a year	<kum>, year, and <khat>, one, written as one word; {kumkhat a pha} is a year old	
s24663	about a year/a year or so	<kumkhat>, one year, and <bang>, about, written as one word	
s24664	in a year/per year/once a year	<kumkhat>, one year, and the marker <in> written as one word: in the course of one year, each year	
s24665	in one year/within a year/during the year	<kumkhat>, one year, and <sung>, in, written as one word	
s24666	one year each/a year each	<kumkhat>, one year, and <tek>, each, written as one word: one year for each of them	
s24667	more than a year/over a year	<kumkhat>, one year, and <val>, more than, written as one word	
s24668	discuss together/confer/talk over	talk a matter over together, the verb of <kikum>, discuss, with <khawm>, together; often after <thu> or <ki>, compare <kikumkhawm>	
s24669	turn of the year/year's end	<kum> year with <khen> divide: the parting of the old year from the new; <kumkhen pawi> is another name of the Khuado harvest festival	
s24670	year-end festival	<kumkhen>, the turn of the year, with <pawi>, festival: a name of <Khuado>, held when the gains of the year of work have been gathered in; the book also calls it <kumthak>, new year	
s24671	year-end festival	<kumkhen>, the turn of the year, with <pawi>, festival: the feast that parts the old year from the new, a name the book gives to the <Khuado>	
s24672	get down/come down/get out/disembark/dismount	<kum>, go down, with <khia>, out: get down out of a boat or come down from a high place such as a throne or the cross	
s24673	years/lifetime	word of songs and poetry for the years of a life; {khan kumkhua sawt} is to live long	
s24674	year	word of songs for the year and what it brings; in the song sung to the bees, {nang in kumkhua na thei a}, you know the year, asks them how the coming year will be	
s24676	next year	<kum> year with <kik>, again, the year that comes round again; {kumkik ciangin} is at this time next year	
s24677	come down again/descend again/return	<kum>, come down, with <kik>, again: come back down; said of an aircraft that lands again and of the return of Jesus, {Zeisu hong kumkik}; a verb after <hong>, not the noun for next year	
s24678	beginning of the year/start of the year	<kum>, year, and <kipat>, begin, written as one word: the start of a year or of a school year	
s24679	year by year/every year	<kum>, year, doubled: as {a kumkum in}, year after year, with each year that passes; written <kumkumin> when the ending is joined	
s24680	yearly/year after year/annually	usually as {a kumkumin}, every year	
s24681	year/around the year	<kum>, year, with <lai>, the time of, written as one word after the number of a year: in or around that year	
s24682	half a year/half year/mid-year	<kum>, year, with <lang>, half: a period of half a year, or the middle of a year, as in {2017 kum kumlang}, mid 2017	
s24683	four years	<kum>, year, and <li>, four, written as one word; {kumsawm leh kumli} is fourteen years, and {kumli a cin’ kum} is the fourth year	
s24684	old year/past year/last year	<kum> and <lui> written as one word: the year that has ended, set against <kumthak>, the new year; {kumlui in} is last year	
s24685	cumin	a plant whose small seeds are used as a spice, the English word cumin	
s24686	cumin	<kummin> cumin, with the plural <te>, the cumin seeds	
s24687	coming/coming down	<kum> come down with the noun suffix <na>	
s24688	five years	<kum> year and <nga> five written as one word; in a count of years it follows <leh>, as in {kum sawmnih leh kumnga}, twenty-five years	
s24689	Kumngwei		
s24690	two years/second year	<kum>, year, and <nih>, two, a period of two years, or the second year of a reign	
s24691	second year	<kumnih> two years with <na>, which makes the ordinal	
s24692	one who comes down	<kum> come down with <pa>, the man who does it	
s24693	from the year/since the year	<kum>, year, and <pan>, from, written as one word, placed after the number of a year: from that year on	
s24694	from the year/since the year	<kum> and <panin> written as one word, after the number of a year: from that year on	
s24695	about the year/around the years	<kum> and <pawl> written as one word, placed after a year or a decade: in about that year, in those years; {1990s kumpawl in} is in the 1990s	
s24696	back in the year/as long ago as	<kum>, year, and <pek> written as one word after the number of a year: as far back as that year	
s24697	since as long ago as/as far back as	<kum>, year, <pek>, long ago, and <pan>, from, written as one word after the number of a year: since as far back as that year	
s24698		<kum>, year, and the topic marker <pen> written as one word: the year, as for the year	
s24699	good year	<kum>, year, and <pha>, good, written as one word: a year of plenty and good health, as foretold from the wasp nest at <Khuado>	
s24700	king/monarch	ruler of a country or city; with <pa> it gives <kumpipa>, the king, and with <nu> <kumpinu>, the queen	
s24701	royal	of a king, placed before another noun, as in {kumpi gam} kingdom, {kumpi tokhom} throne and {kumpi inn} palace	
s24702	government/state/authorities	the government of a country, in present-day use, often after the name of the country as in {India kumpi}; <kumpi nasem> is a government employee	
s24703	King	<kumpi> written with a capital, as a title before a name, for the Lord's king, and in {Kumpi Gam}, kingdom	
s24704	palace grounds/royal court/palace compound	<kumpi>, king or government, and <huangsung>, the space inside a wall: the walled grounds of a king's palace, and so the royal court and the life inside it; the name of the kingdom or state stands before it	
s24705	1 Kings		
s24706	government employee/civil servant/government service	<kumpi>, here the government, and <nasem>, one who works: a person employed by the state, and also the service itself; {kumpi nasem te} is government staff	
s24707	civil servants/government employees/government staff	<kumpi>, king and today the government, and <nasemte>, workers: the people employed by the state, civil servants	
s24708	2 Kings		
s24709	government permission/official permit/licence	<kumpi>, here the government and not a king, and <phalna>, permission: permission or a permit given by the authorities; {kumpi phalna nget} is apply for it and {kumpi phalna tawh} is with official permission	
s24710	official recognition/government registration/legal status	<kumpi>, government, and <theihpihna>, recognition: recognition or registration by the state, which makes a group, a place or an activity lawful; with <tawh>, officially approved, and with {om lo} or {ngah lo}, unregistered or illegal	
s24711	law/state law/government regulation	<kumpi>, here the government or the state, and <thukhun>, rule: the law of the country, the regulations of the government; {kumpi thukhun ombangin} is according to the law	
s24712	the authorities/government officials	<kumpi>, here the government, and {thunei}, one who has the say: those who hold office in the government of a country, the authorities; mostly followed by <te>	
s24713	state power/government authority/royal authority/government	<kumpi>, king and in present-day use the government, with <thuneihna>, authority: the power of the state or of a ruler to govern; {kumpi thuneihna tawh} is by the authority of the state, and the power that is seized in a coup is named so	
s24714	government authorities/government officials/the authorities	<kumpi>, here government and not king, and <thuneite>, those in authority: the officials of the state, the authorities; the name of a country may stand before it, as in {India kumpi thuneite}	
s24715	government official/senior official/authorities	<kumpi>, here the government, and <ulian>, high official: a high officer of a government, such as a minister; mostly followed by <te>	
s24716	government administration/government scheme/government	<kumpi>, here the government, with <vaihawmna>, the managing of affairs: the administration of a government, or a scheme that it runs; the name of the country stands before it	
s24717	the government/the king	<kumpi>, king or government, with the marker <in> of the doer, joined by a hyphen: the government as the one that acts	
s24718	kingdom/realm	<kumpi>, king, with <gam>, land: the land or the rule of a king	
s24719	kingdom	<kumpigam>, kingdom, written with a capital for the kingdom of God	
s24720	in the kingdom/on the kingdom	<kumpigam> kingdom with <sungah>, in, written as one word	
s24721	bring down/take down	<kum>, here go down as in <kumsuk>, with <pih>, together with: go down taking a person along, bring someone down from a higher place	
s24722	government side/the authorities	<kumpi>, here the government, and <lam>, side, written as one word: the side of the government, those in public office	
s24723	crown	royal headdress, from <kumpi> king and <lukhu> head covering	
s24724	prince	<kumpi>, king, with <no>, here young: a prince, a son or grandson of a reigning king or queen, written before the title and name	
s24725	queen	<kumpi> with <nu>, which marks a woman	
s24726	Queen	<kumpinu> written with a capital as a title before the name	
s24727	queens	plural of <kumpinu>: queens	
s24728	king	<kumpi> with <pa>, which marks a man: the king	
s24729	King/king	<kumpipa>, the king, written with a capital as a title with a name, when the king is addressed, and at the start of a sentence	
s24730	king	<kumpipa>, the king, written in capitals in the notice on the cross	
s24731	kings	<kumpipa> with plural <te>; here <te> closes a list of several kings	
s24732	kings/great kings	<kumpi> king with <pi>, great, and the plural <te>	
s24733	kings	apparently a misprint of <kumpite>, the plural of <kumpi> king	
s24734	royal robe/royal robes	<kumpi> king and <puan> garment	
s24735	government school/state school	<kumpi>, here the government, with <sang>, school, written as one word: a school run by the government	
s24736	governing/rule/reign	<kumpi>, government or king, and <sep>, work, written as one word: the work of governing or reigning; {kumpisep kipan} is take office, begin to rule	
s24737	inside the government/government circles	<kumpi> and <sung> written as one word: within the government; {kumpisung thuthang} is news from inside the government	
s24738	kings	plural of <kumpi>: kings	
s24739	government/authorities/rulers	the government of a country and those who govern it, in the present day and without any king: after the name of a country, as in {Malaysia kumpite}, or after <uk>, as in {hong uk kumpite}, those who govern us	
s24740	kings	<kumpite>, kings, written with a capital at the start of a sentence and in the titles of the books of the kings	
s24741	the government/the authorities	<kumpite> and <in> written as one word: the government or the rulers as the doer of the action	
s24742	new government/new king	<kumpi>, king or government, and <thak>, new, written as one word: the new government, or the new king	
s24743	throne	<kumpi> royal with <tokhom> seat: the seat of a king	
s24744	official business/state affairs/government matter	<kumpi>, king or government, with <vai>, affair, written as one word: government business; {kumpivai tawh zin} is travel on an official visit	
s24745	government office/government	<kumpi>, here government, and <zum>, office, written as one word: an office of the government, also the government as an authority	
s24746	king	apparently <kumpi> king written with a double p; {Kumppi tokhom Innpi} is the throne hall	
s24747	seven years	<kum> year and <sagih> seven written as one word; in Daniel 4 the English has seven times	
s24748	let off/drop off/set down	make or let passengers get down from a bus or an aircraft; <kum>, here go down and not year, with the causative <sak>, often as {ki kumsak}, be made to get off	
s24749	than the year/than last year	<kum> and <sangin> written as one word: compared with a year, as in {abeisa kumsangin}, than last year	
s24750	ten years	<kum>, year, and <sawm>, ten, written as one word; {kumsawm leh kumnga} is fifteen years	
s24751	more than ten years/over a decade	<kumsawm> and <val> written as one word: more than ten years	
s24752	many years/long time/long life	<kum>, year, and <sawt>, long, written as one word: many years, a long span of years; in blessings, a long life	
s24753	for many years/for years	<kum>, year, and <sawtpi>, for a long time, written as one word: for many years	
s24754	every year/yearly/each year	<kum>, year, with <sial>, each: every year, year after year	
s24755	annual/yearly	<kum>, year, with <sim>, every; placed before the noun, as in {kumsim pawi}, the yearly feast	
s24756	every year/yearly/annually	used alone or as {kumsim in} and {kumsim a} before the verb or a date: every year; not the adjective before a noun	
s24757	every year/yearly/year after year	<kumsim>, yearly, with the adverb ending <in>	
s24758	come down/descend/go down/climb down/alight/dismount	<kum>, go down, with <suk>, downward: come or go down from a higher place, as from heaven, a roof or the cross	
s24759	coming down/descending/bending down	<kumsuk> come down, with the linking <a> before the next verb	
s24760	come down/go down/descend	<kumsuk> with the linking ending <in>: coming down and then doing something else	
s24761	come back down/go down again	<kumsuk>, come down, and <kik>, back, written as one word	
s24762	not come down/not get off	<kumsuk> and <lo> written as one word: not come down from upstairs or not get down from a vehicle	
s24763	in the year/during the year	<kum>, year, and <sung>, in, written as one word, mostly after the number of a year: in that year, in the course of the year	
s24764	in the year/during the year	<kum>, year, and <sungin>, within, written as one word, after the number of a year: in that year	
s24765	many years/long life	<kum>, year, with <tam>, many, written as one word: many years; of a person, many years of age, set against <kumtawm>, few years	
s24766	elderly/aged/old	<kumtam>, many years, and <khin>, already, written as one word: advanced in years, said of an old person; of a thing, long in use and worn out	
s24767	oldest	<kum>, year, and <tampen>, most, written as one word: having the most years, the oldest	
s24768	many years	<kum>, year, and <tampi>, many, written as one word; {kumtampi sung} is for many years	
s24769	with the year/with age	<kum> and <tawh> written as one word: with the year or with the age, as in {a kumtawh kituak}, in keeping with the age, and after the number of a year before <tehkakna>, compared with that year	
s24770	young/of few years	<kum>, year, with <tawm>, few, written as one word: few in years, young of age, set against <kumtam>, many years	
s24771	all year long/year after year	<kum>, year, with <tawn>, along; in the pair {kumtawn khatawn}, through the years and months, all the time	
s24772	years	plural of <kum>: years; {nuntak kumte} is the years of a life	
s24773	in the year/when the year came	<kum>, year, and <teh>, here when, written as one word after the number of a year: in that year, when that year came	
s24774	new year/New Year	<kum>, year, and <thak>, new, written as one word: the new year and its feast	
s24775	New Year's Day	<kum>, year, <thak>, new, and <ni>, day, written as one word: the first day of the new year	
s24776	since the new year/after the new year	<kumthak>, new year, and <zawh>, after, written as one word	
s24777	three years	<kum> year and <thum> three written as one word	
s24778	Kumtsawngtsa		
s24779	thousand years/millennium	<kum>, year, and <tul>, thousand, written as one word; {kumtul nih} is two thousand years	
s24780	Kumudra	a news journal of Myanmar, named as the source of a report	
s24781	hundred years/a hundred years	<kum>, year, and <za>, hundred, written as one word	
s24782	century	<kumza>, a hundred years, with <lom>, bundle: a period of a hundred years; a number after it names the century, as in {kumzalom 21}, the 21st century	
s24783	invalid/long ill	of a person who has been sick or disabled for years	
s24784	being long ill/as an invalid	<kumzawn>, ill for years, with the ending <in>: being ill for a long time	
s24785	bow/bow down/stoop	bend the body or the head forward and down, to show respect, to worship or to reach the ground	
s24786	betel/areca	the betel that is chewed, a different word from {kun}, bow; {kun gah} is the areca nut, also traded as goods, and <kunza> is the betel quid	
s24787	Kun	town of Hadadezer king of Zobah, from which David took a great quantity of bronze	
s24788	bow down/bow the head low	<kun>, bow, with <cip>, tightly: bend right down and stay bowed, from fear, shame or sorrow	
s24789	bowed down/bent low	<kuncip>, bow right down, with the linking suffix <in>: bent low, as one overcome by what he hears	
s24790	tree	a tree or woody plant; after the name of a plant it names the whole plant, as in {oliv kung}, olive tree	
s24791	vegetation	plants in general, everything green that grows from the ground	
s24792		particle suffixed to form noun	
s24793	goal/mark	the point a runner or a person makes for, short for <kungmui>; brought out by {kung dongah tai}, run up to the goal, and by <tupna>, aim, beside it, not a tree or plant	
s24794	goal/goalposts	the goal of a football field, with a width and a height	
s24795	on the bush/on the plant/from the tree	<kung>, tree or plant, with the place marker <ah>; follows the name of the plant	
s24796	to the uprights/on the frame	<kung> in the sense of the upright frame of a stand, with the place marker <ah>	
s24797	one plant/one tree	<kung>, plant or tree, and <khat>, one, written as one word: a single plant; {kungkhat le kungkhat} is from one plant to the next	
s24798	goal/mark	the goal one heads for; in football the goal of a side, and in the saying {kunglam zuanin tai} run toward the goal	
s24799	goal/aim/target	the point one sets out to reach, in a race or in life and work; {kungmui tung} is reach the goal	
s24800	fruit tree/plant/young plant/shoot	<kung>, plant, with <no>, young or small: a small or tender plant, a shoot	
s24801	fruit trees/plants/shrubs	plural of <kungno>: small plants and shrubs, named beside <singkung>, trees	
s24802	goalkeeper	the player who guards the goal in football; also {kungpang mi}	
s24803	plant/full-grown plant	<kung>, plant, with <pi>, big: the full-grown plant as against the seed that is sown	
s24804	chief/master/head	the foremost one of a kind, placed after a noun: {kumpi kungpu} is an emperor, {vuanzi kungpu} a chief minister and {la kungpu} a master of song	
s24805	vegetation/plants/trees	plural of <kung>: plants or trees; after the name of a plant, as in {oliv kungte}, olive trees	
s24806	entreat/plead with/urge/intercede	beg or urge earnestly; {maipha kunh} is seek the favor of someone, and {kunh teitei} is keep on pressing	
s24807	entreat/urge/plead with	<kunh>, entreat or urge, with the linking suffix <in>, joining it to the words that are spoken	
s24808	bow/bow down/stoop/bend over	<kun>, bow, with the linking suffix <in>: bowing or stooping and then doing the next action	
s24809	intently/persistently/keenly	<kun>, stoop, said twice: bent over a thing; of a person, keep at something or want it intently and persistently; {kha kunkun} is apparently to brood with a bitter spirit	
s24810	Kunlaung		
s24811	Kunlong	a town and district in the north of Shan State in Myanmar	
s24812	Kunming	capital city of Yunnan province in south-west China	
s24813	bowing/bowing down	<kun>, bow down, with the noun suffix <na>: the act of bowing down	
s24814		a betel or tobacco product for chewing, named in lists together with <kunza> and <khaini>; what exactly it is made of is not clear from the articles	
s24815	bowing/bowed down/stooping	<kun>, bow, with <sa> and the adverb ending <in>: in a bowed posture	
s24816	bow/bend down	<kun> bow with the causative <sak> and the linking suffix <in>: make the head bow	
s24817	bow down/bend down/stoop	<kun>, bow, with <suk>, downward: bow or bend right down, in worship or submission	
s24818	bowing down/stooping/bending over	<kunsuk> with <in>, linking to the next verb: bending the body downward to look or to show honour	
s24819	betel quid/betel	betel nut wrapped in a betel leaf with lime, for chewing; {kunza khai} is to chew betel	
s24820	discuss/talk over/consult	talk a matter over with someone; mostly with <ki> as <kikup>, also written {ki kup}, and with <pih> as {kup pih}, discuss with someone	
s24821	joint discussion/group discussion	<kup> and <khopna> written as one word, after <ki> written apart: the talking over of a matter together	
s24822	discussion/consultation	noun from <kup>, talk a matter over; mostly written {ki kupna} or {thu ki kupna}, the same as <kikupna>, a discussion held together	
s24823	want to discuss/wish to talk over	<kup>, discuss, with <nop>, want to, written as one word: want to discuss a matter; {kupnop a om} is anything one wishes to discuss	
s24824	consult/discuss with/take counsel with	talk a matter over with someone and ask for advice; <pih> means together with, and the phrase is {thu kuppih}	
s24825	discussion/consultation	noun from <kuppih>, discuss with: talking a matter over with others; in titles, a discussion of the matter named	
s24826	want to discuss/wish to consult	<kuppih>, discuss with, and <nop>, want, written as one word: want to talk a matter over with someone	
s24827	Quirinius	Roman governor of Syria at the time of the census when Jesus was born	
s24828	representative/delegate/member of parliament	a person chosen or appointed to act for others, as a member of parliament	
s24829	Cush	land south of Egypt; also a son of Ham, the ancestor of its people	
s24830	Kushaiah	a Levite of the clan of Merari, father of Ethan the temple musician	
s24831	Cushan-Rishathaim	king of Mesopotamia, Aram Naharaim, who ruled over Israel for eight years until Othniel defeated him	
s24832	Cushan-Rishathaim	king of Mesopotamia, Aram Naharaim, who ruled over Israel for eight years until Othniel defeated him	
s24833	Cushi	name of two men: the father of the prophet Zephaniah, and an ancestor of Jehudi in the time of Jeremiah	
s24834	nag/press/groan	apparently the form of <ku>, howl or growl, used before <ciangin> and before a noun: of a person, keep on at someone with words, or groan aloud	
s24835	Kuthah/Cuth	city in Babylonia whose people were settled in Samaria by the king of Assyria; {Kuth mite} are the people from Kuthah	
s24836	Kuthah	city in Babylonia from which the king of Assyria brought settlers to the towns of Samaria	
s24837	Kutkai	a town and township in northern Shan State, Myanmar	
s24838	nag/keep nagging/keep pressing	<kut> nag, doubled for an action done again and again	
s24839	entreaty/plea	<kut>, urge or beg, with the noun suffix <na>: an earnest request made to God	
s24842	vault/dome/expanse	a curved covering overhead; in Ezekiel the vault above the heads of the living creatures, always in the phrase {a kuum}	
s24843	mass/pile/heap/stack/clump	in {van kuumpi}, the great vault or dome of the sky, which divides the waters above from the waters below	
s24844	betel/betel nut/betel quid	the areca nut and the quid made with it that is chewed; {kuva tang} is the nut and {kuva hai} is to chew betel	
s24845	Kuwa		
s24846	Kuwait	country on the Persian Gulf, between Iraq and Saudi Arabia	
s24847	Kwenam		
s24848	Kwenbo		
s24849	Kwitha		
s24850	Kyaikkasan	a large public ground in Yangon, used for mass gatherings	
s24851	Kyaiktiyo/Golden Rock	a famous Buddhist pagoda on a gilded rock in <Mon> State, Myanmar, a place of pilgrimage	
s24852	Kyandauk		
s24853	kyat	the unit of money of Myanmar, written before or after the amount	
s24854	Thursday	the Burmese name of Thursday in Zolai spelling, from the book's table of the days of the week	
s24855	kyat	the money of Myanmar, written in its English plural form before or after an amount	
s24856	Kyaukme	town and township in northern Shan State, Myanmar	
s24857	Kyauktada	a township in the centre of <Yangon>	
s24858	Kyichaung		
s24859	Kyidoe		
s24860	Kyile		
s24861	Kyimyindaing	a township of Yangon on the Yangon river, with a jetty	
s24862	Kyindwe		
s24863	Kyiv/Kiev	capital city of Ukraine	
s24864	Kyodo/Kyodo News	Japanese news agency, named as the source of a report	
s24865	Kyrgyzstan	country in Central Asia	
s24866	Kywechaung Yaphe		
s24867	be	particle that follows the command and wish markers <in>, <un> and <hen> and links the clause to the next one: and, and then	postpositional marker to indicate objective case
s24868	song		
s24869	take/get/capture/fetch	verb, the form of <lak> used before words such as <thei>, <zo> and <uh>: take or fetch a thing, and in war news take a place; {ki la thei} is can be collected	
s24870	song	<la>, song, written with a capital at the start of a sentence and in the title <Kah La>, the Laments, songs of weeping	
s24871	donkey	<la>, donkey, written with a capital at the start of a line; {la khaguh} is the jawbone of a donkey	
s24872	song/hymn	<la>, song, and <dawng>, here not answer but a counting word for songs: one song as a piece that is counted; a number follows, as in {la dawng 400}, 400 songs	
s24873	La Haw		
s24874	La Paung		
s24875		{la ing}, the verb <la> with the first person ending <ing>, written short with an apostrophe as is done in songs, where the count of words is fixed; the page gives {la ing e} and {la'ng e} as the same	
s24876	Laadah	son of Shelah and grandson of Judah, founder of Mareshah	
s24877	donkey/ass/mule	a donkey, kept for riding and carrying loads; {laa van vawhsak} means saddle the donkey	
s24878	song/hymn	a spelling of <la.2>, song, with the long vowel written double; found in {laa sa}, sing a song, and in talk of music, where no animal is meant	
s24879	Laadah	son of Shelah and grandson of Judah, founder of Mareshah	
s24880	still/yet	placed after a verb: still, yet, for the time being; the spelling with a long vowel, used by some writers, of the word more often written with a single vowel. The dictionary data also has {laai} for navel, which the articles do not show	
s24881	will still/will yet	<laai> and <ding> written as one word after a verb: will still do, is yet to happen, as in {kibehlap laaiding}, will increase further	
s24883	Laaitui	a Zomi village in Chin State, Myanmar	
s24884	people of Laaitui	the people of Laaitui, a Zomi village; the village name with the plural <te>	
s24888	openly/exposed	in {kipho laakin}, laid open to view with nothing covering	
s24889	disclose/expose/bring to light/divulge	bring out into the open what was hidden	
s24892	seize/take over/conquer	<laak>, take, and <zawh>, overcome, written as one word: succeed in taking a land or power; {aana laakzawh} is seize power	
s24893	dance	move the body to music, in joy or to entertain	
s24894	float	be carried on the surface of water	
s24895	dance	a dance as a thing performed or shown, the noun beside the verb {laam}; {ngeina laam} is a traditional dance and {laam lak} is to present a dance	
s24896	fathom	a measure of length, the span of two outstretched arms, about six feet, counted as {laam khat}, one fathom, beside <tong>, the cubit	
s24898		<laam>, dance, and <bang>, like, written as one word; poetic, in {laambang paak}, to dance and rejoice	
s24899	dance	<laam> with the linking ending <in>: dancing; in 1 Samuel 10 it renders prophesying in ecstasy	
s24900	dance and dance/keep dancing	<laam>, dance, said twice and written as one word: dance on and on, dance for joy	
s24901	dancing/dance	<laam>, dance, with the noun suffix <na>: dancing, a dance	
s24902	Laamna	the noun <laamna>, dancing, written with a capital at the start of a sentence	
s24903	dance with	<laam>, dance, with the ending {-pih}, together with: dance with someone	
s24904	dancing	<laam> dance with <sa-in>, while doing	
s24905	make float	<laam> float with the causative <sak>	
s24906	lift up/exalt/raise up	of God, lift a person up or raise him to honour; meaning taken from two sentences only	
s24907	dancers/those who dance	<laam> dance, with the plural <te>; {a laamte}, the ones who are dancing	
s24908		<laam>, fathom, and <thum>, three, written as one word: three fathoms	
s24909	lift up/raise/heave/uplift/hoist	lift something up, as the hands in prayer or a staff; also lift a person out of trouble, and of water, bear a boat upward	
s24910	make float up/make rise	<laam> float with <to>, upward, and the causative <sak>	
s24911	Laamzaang/Lamzang	a village near Tedim in Chin State, whose dialect is close to the common Tedim speech	
s24912	be widespread/be prevalent/spread/be popular	be found or talked of everywhere, said of a disease, crime, a saying or a party; often with <mahmah>, very	
s24913		name of a share of the meat at a funeral, ending in <sa>, meat; under this heading the page says that one strip of leg meat is given to the drummer; the first part is not explained	
s24914	donkey/young donkey	<laa> donkey with <no>, young or small; in the verse a wild donkey in heat	
s24915	singer/singing	<laa>, song, and <sa>, sing, written as one word: a person who sings, and also the singing of songs, as in worship	
s24916	donkeys	<laa> with plural <te>; {gamlak laate} is wild donkeys	
s24917	laboratory/lab	a room or building where scientific or medical tests are done	
s24918	Laban	brother of Rebekah and father of Leah and Rachel, for whom Jacob worked in Haran	
s24919	Lebanon	mountain range and region north of Israel, famous for its cedar trees	
s24920	Labawa		
s24921	label	the printed paper on a bottle or package that tells what is inside	
s24922	laboratory	a place where samples are tested or scientific work is done	
s24923	songbook/hymn book/hymnal	<la>, song, with the second part of <laibu>, book: a book of songs or hymns	
s24924	Labuan	island and federal territory of Malaysia off the coast of Borneo	
s24925	song book/hymnal/great song book	<labu>, song book, with <pi>, great: the large or complete book of songs, also the title of a Zomi song book; said of a person who knows very many songs	
s24926	songbooks/hymn books/hymnals	<labu>, songbook, with the plural <te>	
s24927	song sheet/sheet of music/copy of a song	<la>, song, with <dal.3>, sheet: a song written or printed on a single sheet	
s24928	Ladan	name of two men: a Levite of the clan of Gershon, and an Ephraimite ancestor of Joshua	
s24929	compete in singing/song contest	<la> and <dem> written as one word: compete with others in singing, a song competition	
s24930	will take	<la>, here the verb take, and the future marker <ding> written as one word: will take, is to take; {tavuan lading} is will take the responsibility	
s24931	Lael	a Levite, father of Eliasaph the leader of the Gershonites	
s24932	show/display	form of <lak>, show, used before <ding>, <nading>, <theih> and nouns: let someone see a thing, or make a quality such as power or kindness known	
s24933		emphatic particle after a noun or verb that sets one fact beside another: indeed, as for, and yet	
s24934	neither/nor/not either	the particle <lah.2>, and yet, with <hilo>, is not: placed after a noun or clause to deny it beside another, is not that either; said twice, {A lah hilo, B lah hilo}, it means neither A nor B	
s24935		{lah ing}, the verb <lah> with the first person ending <ing>, written short with an apostrophe as is done in songs, where the count of words is fixed; the page gives {lah ing e} and {lah'ng e} as the same	
s24936	Lahad	a man of Judah, son of Jahath, of the clans of the Zorathites	
s24937	Lahaw		
s24938	to show/something to show	<lah> and <ding> written as one word: to be shown, something to show	
s24939	reveal/show forth/bring out	form of <lakkhia> used before <loh>, <ding>, <nading> and nouns: show openly, make known, bring a person out before others	
s24940	showing/display/demonstration/revelation	<lahkhiat>, show openly, with the noun suffix {-na}: the act of showing or making something known, a display or presentation of it	
s24941	demonstrative	grammar term: pointing out, demonstrative, as in <lahkhiatna mintaang>, demonstrative pronoun	
s24942	demonstrative adjective	an adjective that points out which one is meant and answers the question <koi>, which, as <hih>, <hihte>, <hua>, <huate>, <tua> and <tuate>	
s24943	demonstrative pronoun	grammar term: a pronoun that points at and shows a thing, as <hih>, <hihte>, <hua>, <huate>; <lahkhiatna> is showing	
s24944	demonstrative adjective	a pointing word that stands before a noun, as <hih> in {hih laibu hoih mahmah hi}, this book is very good	
s24945	foreshadowing/showing beforehand	<lah> show with <kholh>, beforehand, and the noun suffix <na>; {lim lahkholhna} is a shadow or picture shown in advance	
s24946	full depiction/detailed showing	<lah> show with <kim>, every part, and the noun suffix <na>; {lahkimna lim} is a sketch that shows every detail	
s24947	must show/have to produce	<lah>, show, and <kul>, must, written as one word: it is necessary to show a document or proof	
s24948	Lahmam/Lahmas	town in the western lowland of Judah, listed with Kabbon and Kitlish	
s24949	Lahmas	town in the western lowland of Judah, listed with Kabbon and Kitlish; another spelling of <Lahmam>	
s24950	Lahmi	brother of Goliath the Gittite, killed by Elhanan son of Jair	
s24951	showing/display/demonstration/indication/show/exhibition	<lah>, show, with the noun suffix <na>: the act of showing or making known, or the thing that shows it; {lim lahna} is the showing of a sign	
s24952	in showing/for showing	<lahna>, showing, with the marker <ah> written after a hyphen: in showing a thing; {awsang lahna-ah} is for showing a high tone	
s24953	things shown/signs	<lahna> showing with the plural <te>, the things someone has shown; {lam lahnate} are guideposts	
s24954	want to show	<lah>, show, and <nop>, want, written as one word in a dependent clause: wish to show or make known a thing or a feeling	
s24955	one I wish to show	the person to whom one wants to show something; <lah> show, with <nop> want and <mi> person	
s24956	representation/intended meaning	what something is meant to show or stand for; <lah> show, with <nop> want and the noun suffix <na>	
s24957	nettle	a wild stinging or thorny plant that overgrows ruins, named together with <thangling>, thistle	
s24958	good song/fine song	<la>, song, and <hoih>, good, written as one word; the pair {thuhoih lahoih}, good words and good songs, stands for wholesome things to hear	
s24959	good songs/fine songs	<lahoih>, good song, with the plural <te>	
s24960	Lahore	a large city in the Punjab province of Pakistan	
s24962	shown/have shown	<lah>, show, with <sa> for a completed action: have shown; before a noun, that which was shown	
s24963	shake at/raise against	<lah>, show, with <san>, toward: hold up the fist against someone	
s24964	things shown/what was shown	<lahsa> shown, with the plural <te>	
s24965	Lahtawng		
s24966	things shown	<lah> show with the plural <te>, making a noun, the things that someone shows; {nalamdang lahte} are the signs shown	
s24967	show clearly/prove/demonstrate	<lah>, show, with <tel>, clearly: make something plain or prove it; {lahtel nading} is evidence or proof	
s24968	declarations/explanations	<lahtel>, show clearly, with <na> and plural <te>: things set out plainly	
s24969	be able to show/can show	<lah>, show, with <theih>, be able; {lahtheih nadingin} means so that one may show	
s24970	to show/that can be shown	<lahtheih>, be able to show, and <ding> written as one word: that one can show, said of a document, permit or proof	
s24971	Lahu	a people of Shan State in Myanmar and of neighbouring countries	
s24973	immigration authorities/immigration office	the Burmese short name of the immigration department, used for immigration officials and their camps; among Zomi refugees in Malaysia also for the officers of the United States DHS who interview for resettlement	
s24974	writing	written words, a document or anything set down in writing	of a composing text
s24975	letter	a written message sent to someone	
s24976	still/yet	placed after a verb, before <hi> or <uh>: the state or action goes on, still; {om lai} is there is still, remains	
s24977	time/while	the time when something was so, after <tua> or <hun> and before <in> or <mahin>: {tua lai in} is at that time	
s24978	middle/midst	the middle of a place, as in {lamka lai-a}, in the middle of the crossroads; compare <laizang>	
s24979	Scripture/writing	<lai>, writing, with a capital in {Lai Siangtho}, Holy Scripture, the Bible	
s24980	punctuation	the marks that order written text, such as <comma> and <fullstop>; the book gives the English word punctuation for it	
s24981	as far back as/long ago/already back when	<lai.4>, the time when, and <pekin>, long ago: after a year, a number of years or a clause, already at that time long ago, as far back as; it says that something began or was so that early	
s24982	may it go on/may it continue	<lai>, still, yet, and <tahen>, may it be: ends a wish or blessing that something go on, placed after a verb, often after <semsem>, more and more, as in {Topa'n hong zang semsem lai tahen}, may the Lord go on using you more and more	
s24984	in the middle of	<lai>, middle, with the place marker <a>; {lamka lai-a} is in the middle of the crossroads	
s24985	at the place	<lai>, the spot or point, with the place marker <ah>: {hih lai-ah} is here, at this place, and {koi lai-ah} is where, at which place	
s24986	vowel/vowel letter	<lai>, writing, with <aw>, voice: a letter that stands for a vowel, also called <awsuaksak>	
s24987	diphthong	literally two vowel letters, one sound: two vowels written together and spoken as a single sound, as {-ia} and {-ua}	
s24989	envelope	<lai>, letter, with <ip>, bag: the cover in which a letter is sent, on which the address is written; given by the book as a noun joined to a noun	
s24990	address/postal address	the address of the writer or of the receiver, written at the top of a letter; the sample letter has the school and the town there	
s24991	lyre/harp	a stringed instrument, named beside harp and <laiza>; probably the English word lyre	
s24992	at the time of/in the days of/during	{laia}, written in lower case, is <lai>, time, with the linking <a>: of or at the time named before it, as {tua hun laia}, of that time, and {nidang laia}, of former days; not the instrument	
s24993	there/at that place	<lai> place with the place marker <ah>, in {tua laiah}, there; more often written <lai-ah>	
s24994	writing/piece of writing/article	<lai>, writing, and <at>, write, written as one word: the act of writing, or what someone has written; {laiat pa} is the writer	
s24995	make a will/draw up a document	<lai>, writing, with <bawl>, make; {a laibawl pa} is the man who made the will	
s24996	written agreement/treaty/document	<laibawl>, draw up a document, with the ending <na>: an agreement set down in writing; {kilemna laibawlna} is a peace agreement and {thukimna laibawlna} a memorandum of understanding	
s24997	only writing/letters only/only a letter	<lai>, writing or letter, and <bek>, only, written as one word	
s24998	book	a book or scroll that holds writing	
s24999	record	a written account or register of people and events	
s25000	book/record	book, capitalised as part of the title of a named book	
s25001	Laibung		
s25002	big book/record book/register	<laibu>, book, with <pi>, big, written as one word: a large book, also the main book in which records are kept	
s25003	library	<laibu>, book, with <saal>, storehouse, written as one word: a library; also used as the title of a collection of writings	
s25004	books/scrolls	plural of <laibu>: books or scrolls	
s25005	scroll/writing tablet/sheet/paper	a sheet or surface to write on; a scroll when it is rolled up	
s25006	document/papers/card	an official paper that shows who a person is or what is granted, as {UN laidal}, the refugee document of the UNHCR, and {appointment laidal}; not a blank sheet to write on	
s25007	card holder/document holder	<laidal>, an official document, and <tawi>, hold: a person who holds such a document, most often {UN laidal tawi} or {UNHCR laidal tawi}, a refugee registered with the UNHCR and holding its card; it stands after the name of the document, in lists of detained persons after the person's name, and takes <te> for the plural	
s25008	note/slip of paper/small card	<laidal> and <neu> written as one word: a small sheet of paper or card with something written on it	
s25009	note/slip of paper/leaflet/tract	<laidal>, sheet of writing, with the ending {-no}, small: a small written sheet, such as a short note or letter, a receipt slip or a religious tract	
s25010	paper document/sheet of paper/letter	<laidal>, sheet, with <pi>, big: a full sheet of paper; in the news the paper letter that a refugee holds instead of a card	
s25011	scrolls/sheets/parchments	plural of <laidal>; {savun laidalte} are sheets of skin, parchments	
s25012		<lai>, still, and <dep>, indeed, written as one word after the verb and before <hi> or {uh hi}: still doing so, and that is notable	
s25013		<lai>, here still, and <diam> written as one word at the end of a question: will it still be so, I wonder whether it will yet	
s25014	will still/will yet	<lai>, here still, and <ding>, the marker of what is to come, written as one word after a verb: will still, is yet to, will go on; with <maw> or <hiam> it asks whether something is to go on	
s25015	will still/is yet to	<laiding>, will still, and the sentence-final <hi> written as one word after a verb or a describing word	
s25016	batter/strike violently	strike or knock about with force; <gawp> marks violent or thorough action	
s25017	write/write a letter	<lai> writing and <gelh> write as one word; {laigelh nading} is something to write with	
s25018	writing/piece of writing	the verb used as a noun: the act of writing, or what someone has written, as in {ka laigelh}, my writing; the same as <laigelhna>	
s25019	what one writes/post/written piece	<lai>, writing, and <gelhkhiat>, write out, written as one word: what someone writes and puts out, as a post on social media	
s25020	writing/letter/what is written	the act of writing or the thing written	
s25021	writing kit/inkhorn	the tool for writing carried by a scribe	
s25022	writings	<laigelhna>, a writing, with the plural <te>: written works, as the writings of the prophets	
s25023	writer/author	<laigelh>, write, with <pa> for a man: the man who wrote a text; a writer also uses it of himself, the present writer	
s25024	have a letter written	<lai> and <gelhsak> written as one word: have a letter written for oneself by someone else, here by an office	
s25025	writer/author/skilled writer	<laigelh>, write, and <siam>, skilled, written as one word: a person skilled at writing, an author	
s25026	secretaries/scribes/writers	<laigelh>, writer, with the plural <te>: people whose work is writing, such as secretaries and scribes	
s25027	letters/writings/dispatches	<laigelh> with the plural <te>: things that someone has written, such as letters, dispatches and the writings of the prophets	
s25028	way of writing/writing style	<laigelh>, writing, and <zia>, way, written as one word: how a person writes, the conventions followed in writing	
s25029	orthography	the rules of how a language is written, its orthography	
s25030	core/essence/heart/nucleus	the innermost and most important part of something; <thu laigil> is the heart of a matter	
s25031	essentials/core points/heart	<laigil>, core, with the plural <te>: the central and most important parts of a matter; {Pasian thu laigilte} is the heart of the word of God	
s25032	line/sentence/line of writing	<lai>, writing, with <gual>, row: a line of written text, a sentence	
s25033	complete sentence/independent clause	<laigual>, sentence, with <picing>, full-grown: a sentence that is complete in itself; two of them may be joined by <ngaklang>, the semicolon	
s25034	in a sentence/in sentences	<laigual>, sentence, with the ending {-a}: {laiguala zatna} is the use of a word in sentences	
s25035	sentence	<laigual>, sentence, with the marker <in> of the doer	
s25036	lines/sentences/lines of writing	plural of <laigual>: the lines or sentences of a piece of writing	
s25037	umbilical cord	the cord that joins a child to its mother before birth; {laigui zoppihte}, those joined by the same cord, are children of the same mother	
s25038	full sibling/sibling by birth	<laigui>, umbilical cord, and <zom>, join, written as one word: brothers and sisters born of the same mother, siblings by blood; often after <sanggam> or <unau>	
s25039	full siblings/siblings by birth	plural of <laiguizom>: brothers and sisters born of the same mother	
s25040	replace/succeed/exchange/substitute/change/supersede	take the place or office of another, or put one thing in place of another; {galvil laih} is change the guard	
s25041	study hard/work hard at school	<lai>, writing or study, and <hanciam>, strive, written as one word: make an effort in one's studies	
s25042	medium/middle/average/intermediate/midsize	in the middle between high and low or large and small; {mi laihawl} is the middle class and {sumlut laihawl gam} a middle-income country	
s25043	newsletter/periodical/bulletin/magazine/journal	a paper or magazine given out at regular times, from <lai>, writing, and <hawm>, distribute	
s25044	newsletters/periodicals/newspapers	plural of <laihawm>: papers and magazines that are given out regularly	
s25045	will replace/to change/to exchange	<laih>, replace or change, and the future marker <ding> written as one word: will change, in order to change	
s25046	only to change/just to replace	<laihding> and <bek>, only, written as one word: for nothing more than changing it	
s25047	still/yet	<lai>, still, and the sentence ending <hi> written as one word after a verb or describing word: it is still so, it can still be done	
s25048	still	<lai>, still, and the question word <hiam> written as one word after a verb or describing word: is it still so, whether it is still so	
s25049	teacher/teaching	<lai>, writing, with <hilh>, teach: one who teaches, or the work of teaching; {laihilh za} is the office of teacher	
s25050	teach/give lessons	used as a verb, teach in a school or class, with <ding>, <dingin> or the sentence ending <hi> after it; the noun sense names the teacher or the work	
s25051	teaching/instruction/lecture	<laihilh>, teach, with the noun suffix <na>: teaching; {laihilhna sanginn} is a school or lecture hall	
s25052	teacher/lecturer/tutor	<laihilh>, teach, and <sia>, teacher, written as one word: a person whose work is teaching, in a school, a university or at home	
s25053	teachers	<laihilh>, teacher, with the plural <te>: those who teach in the church	
s25054	teaching method/way of teaching/pedagogy	<laihilh>, teaching, and <zia>, way, written as one word: the way of teaching in school	
s25055	succeeding/replacing/taking the place of	<laih> replace, with the linking suffix <in>: taking the place or office of another	
s25056	replace/remove/change	<laih>, replace, with <khia>, out: take someone out of an office and put another in, or change a thing for another	
s25057	change back/change again/replace again	<laih>, replace or exchange, with <kik>, again or back, written as one word: change something again, or change it back to what it was	
s25058	keep changing/change again and again/take turns	doubled form of <laih>, exchange: change one for another again and again; with <ki>, keep changing; after a verb, do it in turns	
s25059	not change/not replace	<laih> and <lo> written as one word: not changing, without replacing	
s25060	replacement/change/amendment/exchange/alteration	noun from <laih>: putting one thing in place of another, as changing a phone number, replacing old aircraft or amending a law	
s25061	to replace/in place of	<laih>, replace, and <nading>, in order to, written as one word: for replacing the thing named before it	
s25062	want to replace/want to change	<laih>, replace, with <nuam>, want: wish to put one thing in place of another, as changing the gospel for another message	
s25063	replace at once	<laih>, replace, and <pah>, at once, written as one word	
s25064		exclamation of sudden surprise or dismay, said with <a> or <ka> before it, as <alaihsaih> and {Ka laihsaih}; the book lists it among the interjections	
s25065	change/replace/have changed	<laih>, exchange, with the causative <sak>: change one thing for another, or change it for someone, as clothes, a name or a number	
s25066	changing/having changed	<laihsak>, change one thing for another, with the linking <in>, written as one word: changing it and then	
s25067	try to change/intend to replace	<laih> and <sawm>, intend, written as one word: set out to change one thing for another	
s25068	can be changed/be replaceable/able to change	<laih>, change or replace, and <theih>, be able, written as one word: able to be changed or replaced, often before <nadingin>	
s25069	examination/exam	a school examination; {laihuan zo} is pass the examination. A few sentences use the word in other ways that are not clear	
s25070	to sit the examination/for the examination	<laihuan>, examination, and <ding>, to or for, written as one word: in order to sit the examination; {laihuanding alut} is one who goes in to sit the examination, and {laihuanding pelh} seems to mean stay away from it	
s25071	examination/exam	<laihuan>, examination, with the noun ending {-na}: an examination, the sitting of an examination	
s25072		name of the second, middle note of the three notes of the gongs, <daak>, the note r of sol-fa, between <un> and <eu>	
s25073	while/when/at the time of	<lai> in its sense of a period of time and <in> written as one word, placed after a verb or a word of time: while, at the time when; {tua hun laiin} is at that time	
s25074	Laik Do		
s25075	letter/epistle	a written message sent to someone; {laikhak sim} is read a letter	
s25076	send a letter/write to	<lai>, letter, with <khak>, send: send a letter to someone; more often written as two words, {lai khak}	
s25077	letter writing	<laikhak>, letter, with <gelhzia>, way of writing: the form in which a letter is set out; the book names two kinds, to family and friends and to an office	
s25078	letter/writing	<laikhak>, send a letter, with the noun suffix <na>: the letter sent or the sending of it	
s25079	have a letter sent/send a letter	<lai>, letter, <khak>, send, and the causative <sak> written as one word: send a letter or have one sent to someone	
s25080	letters	<laikhak>, letter, with the plural <te>: written messages sent to someone; {laikhakte gelh} is write letters	
s25081	a letter/a note/a piece of writing	<lai> and <khat> written as one word: one letter, note or written message	
s25082	printing/print	<lai>, writing, and <khetna>, printing, written as one word: the printing of books and papers; {laikhetna set} is a printing press	
s25083	tear down/demolish/pull down	pull a building apart and clear it away; built with <khia>, out	
s25084	bed/sickbed	a bed, the place where one lies, in songs and elevated language; the everyday word is <lupna>	
s25085	be given a paper/be issued a document	<lai> and <kipia> written as one word: be given a letter or written permit	
s25086	pen/stylus/marker	a tool for writing or for marking a line; {sik laikung} is an iron pen	
s25087	stationery/writing materials/pen and paper	<laikung>, pen, and <laidal>, sheet of paper, set side by side: pens and paper, the writing materials a pupil or an office needs; {laikung laidal man} is the cost of stationery	
s25088	papers/documents/paperwork	the same pair used of official papers: the documents that allow a person to stay or that an office issues, after <phalna>, permit, or the name of the office	
s25089	pen	<laikung>, pen, with the subject marker <in> written as one word	
s25090	still/yet/keep on	placed after a verb: keep on doing, still do in spite of something	
s25091		<lailai>, still, with the noun-forming ending <na>, placed after a verb: the going on doing it, as in {gen ngam lailaina}, daring to keep on speaking	
s25092	literature/letters/learning	<lai> and <lam> written as one word: the field of writing, books and learning; {lailam nasep} is literary work	
s25093	Laile		
s25094		<lai>, here still, and <leh>, here if, written as one word after a verb: if one still does it, if it goes on	
s25095	if we also/if we go on to	<lai>, here still or further, and <leng>, if, written as one word after a verb: if we do this as well, if we go on doing it; the result follows	
s25096	Lailenpi		
s25097	Lailente		
s25098	punctuation	the marks that divide and mark off sentences and phrases in writing, punctuation; the lesson lists twelve of them, from <husanna>, comma, to <umtuam>, bracket; also written <lai lepna>	
s25099	translate/translated by	<lai>, writing, with <let> in the sense of turning into another language: translate a text; placed at the end of an article before the name of the translator, as {lai at} is placed before the name of the writer	
s25100	Lailo		
s25101	Lailui	village near Tedim in Chin State; written in brackets after a personal name it tells the home village	
s25102	Lailun	cave and old settlement where one group of the people lived before it spread to the Falam, Khalkha, Matupi and Thantlang areas	
s25103	heart/core/inmost part	the middle or inmost part of a thing or of a person, the heart or mind; {ka lailung ah} is in my heart	
s25104	page	<lai>, writing, with <mai>, face: one side of a leaf of a book	
s25105	letter/written character/writing/inscription/script	<lai>, writing, with <mal>, a single item: a written letter or word, or what is written	
s25106	alphabet	<laimal>, letter, with <bulpi>, main or basic: the basic letters of the writing, the alphabet; the book heads the lesson {Laimal bulpite} and glosses it alphabets	
s25107	spelling	<laimal>, letter, with <gawmzia>, way of joining: how the letters of a word are put together; words that sound different may have the same spelling	
s25108	capital letter/block letter	<laimal>, letter, with <gol>, big: a capital letter, one of the two kinds of letters of Zolai beside <laimal neu>	
s25109	small letter/lower-case letter	<laimal>, letter, with <neu>, small: a small letter, one of the two kinds of letters of Zolai beside <laimal gol>	
s25110	spelling	<laimal>, written letter, with <gawm>, join: the way the letters of a word are put together, spelling	
s25111	capital letter	<laimal>, letter, with <gol>, big: the capital letter with which a sentence begins	
s25112	in letters/with letters	<laimal> written letter, with the marker <in> showing means	
s25113	capital letter/capital	<laimal>, letter, with {-pi}, big: a capital letter	
s25114	capital letters/capitals	<laimalpi>, capital letter, with the plural <te>	
s25115	letters/writing/inscription	<laimal>, written letter, with the plural <te>	
s25116		<lai>, still, and <mawk>, a word of surprise or emphasis, written as one word after a verb: still, even now, and more than one would expect	
s25117	Lai people/Lai	the Lai people of the Hakha and Falam areas of Chin State, one of the names used among the Chin peoples beside Zomi and Mizo	
s25118	place/spot/point	a place or spot, also a place in a text or talk; {hih laimun ah} is at this place, at this point	
s25119	consonant	a letter that cannot sound by itself and is joined to a vowel to make a word; the book counts B C D F G H J K L M N P Q R S T V W X Y Z and Ng, Kh, Ph, Th, and says F J Q R X Y are little used in Zolai	
s25120	consonants		
s25121	take/collect/fetch	<la>, take, and <in> written as one word: taking, or as a request with <hong>, come and take	
s25122		<lai>, still, with the noun-forming ending <na>, placed after a verb, the being still so, as in {a om laina}, those still remaining, {a nuntak laina}, their living on	
s25123	have compassion/feel pity/be concerned/sympathise	feel pain within for someone; {nang’ lainat nading} is something for you to be troubled about	
s25124	compassion/tenderness/concern/sympathy	<lainat>, feel compassion, with the noun suffix <na>: tender feeling or concern for someone	
s25125	sympathise with/feel pity for/condole with	<lainat>, feel pity, with the suffix <pih>: feel sorrow together with someone who suffers or mourns; {ki lainatpih} is said in messages of condolence	
s25126	sympathy/condolence/compassion	<lainat>, feel compassion, with <pih>, together with, and the noun suffix <na>: feeling the pain of someone together with them; {lainatpihna lahna} is a showing of condolence to the bereaved	
s25127	Laing Lon		
s25128	Laingbaung		
s25129	core/pith/heart/essence	the soft inner part of a stem or trunk, and so the core or essential part of a matter	
s25130	writing/written text/letter	written letters or a written text; {laipai khat zong} with a negative is not even a single letter, of one who cannot read or of something done without any writing	
s25131	written language/literary style	<lai>, writing, with <pau>, speech: the written form of a language, in which words such as {kei in} are written out, as opposed to <kampau>, the spoken form	
s25132	time/days	in {khanglui laipek panin}, from the days of old; the exact sense of {laipek} alone is not clear from the verse	
s25133	back when/long ago when	<lai>, time, and <pekin>, long ago, written as one word after a describing word: back in the time when it was so	
s25134	the letter/the writing	<lai>, a letter or piece of writing, and the topic marker <pen> written as one word: the letter, this writing, as the thing spoken about	
s25135	document/letter/paper	a written paper handed in or laid before someone, such as a letter of support or the papers of a case; used by one writer	
s25136	papyrus	a tall water plant that grows in marshes; {laiphai kungte} are papyrus plants	
s25137	sit an examination/take an exam	<lai> and <phi> written as one word: sit a school examination; {tan 10 laiphi} is to sit the tenth standard examination	
s25138	still for now/for the time being	<lai>, still, and <phot>, for the time being, written as one word after a verb: the action goes on for now	
s25139	while still/right when	<lai>, time or midst, with the intensifier <pi>, usually followed by <mahin>: at the very time when, right in the midst of; {sunkim laipi} is high noon or broad daylight	
s25140	certificate/formal letter/official document	<lai>, writing, with <pi>, great: a formal paper given or sent, named by the word before it, as <pahtawina laipi>, a certificate of honour, {ngetna laipi}, an application, {sapna laipi}, an invitation; not the conjunction {laipi}, while still	
s25141	Laipian	the religion founded by Pau Cin Hau and the script he made, {Laipian Lai}; also said of its followers and their church	
s25142	educated/learned/good at studies	<lai>, letters, with <pil>, wise: learned from books, doing well at school; also a person who is so, as in {laipil khat}	
s25143	education/book learning/schooling	<lai>, letters, and <pilna>, knowledge, written as one word: learning gained from books and school	
s25144	letter sent/delivered letter	<lai>, letter, and <puak>, send or deliver, written as one word: a letter that is sent or brought to someone; also the act of delivering it	
s25145	papyrus	in {pumpeng laisah}, the reed of which boats are made in Isaiah 18; with a capital, <Laisah> is a place name	
s25146	Laishah	town in Benjamin near Gallim and Anathoth, named in the advance of the Assyrian army toward Jerusalem	
s25148		<lai>, still, with the particle <sam>, indeed, written as one word after a verb: still does so, to be sure; it grants a point, often before a contrast	
s25149	laisan cloth	in {puan laisan}, a traditional woven cloth of the <Zomi>, worn at celebrations and put on a person to honour him	
s25150	Laish	name of the city in the far north that the tribe of Dan captured and renamed Dan, and of the father of Paltiel from Gallim	
s25151	as long as/as far as	placed after a clause: for as long as, or to the extent that, it is so; {ahih theih laisiah} is as far as possible	
s25152	educated/learned/good at study/lettered	<lai>, writing or study, with <siam>, skilled: learned, well educated or good at school work; also a noun, an educated person	
s25153	being learned/being good at study	<laisiam>, good at study, with the linking <in>: being good at study, and	
s25154	education/learning/scholarship	<laisiam>, educated, with the noun suffix <na>: being educated, skill in study	
s25155	Bible/Scripture/Holy Scripture	<lai>, writing, and <siangtho>, holy, written as one word: the Bible	
s25156	read/study	<lai>, writing, with <sim>, read: read a text; {laisim ngei lo} is never having studied	
s25157	textbook/reader/primer	<laisim>, read, with the word for book as in <laibu>: a book for learning to read or for study at school	
s25158	reading/studying	<laisim> and <in> written as one word: reading or studying, and; the action joined to the verb that follows	
s25159	not read/not study	<laisim>, read or study, and <lo>, not, written as one word: not reading, not studying	
s25160	reader	<laisim>, read, with <mi>, person: a person who reads, one who has the habit of reading	
s25161	reading/study/education	<laisim>, read or study, with the noun suffix <na>: the reading of books, and study or schooling as a whole	
s25162	readers/students	<laisim>, read or study, with the plural <te>, written as one word: those who read, the readers of a text, and also those who study	
s25163	study/schooling/learning	<lai>, writing, and <sin>, learn, written as one word: studying, going to school; <laisin kum> is a school year	
s25164	academic year/school year	<laisin>, study, and <kum>, year: the year of a school or university, which runs across two calendar years; stands after the years, as {2019-2020 laisin kum}	
s25166	education/schooling/study/learning	<lai>, letters, with <sinna>, learning: study at school and what is gained by it; {laisinna sang} is a school	
s25167	students/learners/pupils	<laisin>, study, with the plural <te>, written as one word: those who study, the learners in a class, set against <laihilhte>, the teachers	
s25168	sign/notice/label	writing put up or printed on something to be read, such as a signboard, a banner or the label on a bottle	
s25169	remaining/still left	what is still left of a time or a group	
s25170	in the writing/in the document	<lai>, writing, and <sung>, in, written as one word: in this article, letter or report	
s25171	in writing/in the book/in the letter	<lai>, writing, and <sungah>, inside, written as one word: in a book, letter or other writing	
s25172	those remaining/survivors	<laisun>, remaining, with the plural <te>; {a nungta laisunte} are those who are still alive	
s25173	middle/center/centre	the one in the middle of a set, as the middle floor, middle court or center crossbar; also the middle of a place	
s25174	still/yet	<lai.3>, still, written together with <ta.2> after a verb, not {laita} the middle one: the action goes on; {hong zang semsem laita hen} is a blessing, may he go on using you more and more	
s25175	enclose/have in the middle	lie on both sides of something so that it is in the center	
s25178	letter carrier/messenger	<lai> letter with <tai> run; {laitai sak} is to make someone the bearer of a letter	
s25179	couriers/runners/messengers	men who carry letters and messages at speed	
s25180	while/at the very time	placed after a verb or a time word: at the very time when something is happening; {zankim laitak} is at midnight	
s25181	be doing/in the middle of	after a verb and before <hi> or {ahi hi} at the end of a sentence: the action is, was or will be going on at the time spoken of; the mark of the continuous tenses in the book, as in {tai laitak}, is running, and {tai ding laitak}, will be running	
s25182	Laitak		
s25183	at the time/at that very time/while	<laitak>, the very time or point, with the linking <a> that joins it to the following word; {zan laitaka}, in the night	
s25184	there/right here/at that very place	<laitak> with the place marker <ah>, after <tua>, <hih> or <koi>: at exactly that place; {tua laitakah} is there, {hih laitakah} is here, {koi laitakah} is where	
s25185	while/as/when	<laitak> with the suffix <in>, placed after a verb: at the very time that; {tua hun laitakin} is at that time	
s25186	at the very moment/while	<laitak> and <pen> written as one word: the very moment when something was happening, taken as the topic of the sentence	
s25187	at that very time/right at	<laitak>, at the time, with the intensifier <pi>	
s25188	with the very time of	<laitak> and <tawh> written as one word, before <kituak>: something falls together with the very time when another thing is going on	
s25189	those currently doing	<laitak>, at the very time, with the plural <te>, written as one word after a verb: those who are doing it at present, as {sem laitakte}, those now working or in office	
s25190	while/as/when	at the very time when, placed after the verb; the form seen with plural subjects	
s25191	even while/also at the moment when	<laitak>, at the very time, and <zong>, also, written as one word: the very moment when something happens, as well	
s25192	much reading matter/many books	<lai> and <tam> written as one word: a lot of writing, much to read; elsewhere the same spelling is <lai>, still, before the particle <tam>	
s25193	education/level of education/schooling	the level of schooling a person has reached, formal education; {laitan sang} is a high level of education	
s25194	formal education/schooling/academic education	<laitan>, level of schooling, and <pilna>, learning: the education a person gets at school and college, as distinct from skills or wisdom gained elsewhere; used as one noun, often before <pen> or <tawh>	
s25195	breathe one's last/expire/die	stop breathing at death, breathe out the last breath	
s25196	in writing/by letter	<lai> and <tawh> written as one word: in writing, by a written document; after the name of a language, in that language or script	
s25197	the rest/remnant/those remaining	in {a om laite}, those that are still there: the rest of a group or of a thing, the remnant	
s25198	letters/writings	<lai>, letter, with the plural <te>: letters or other written documents	
s25199	still/all the same	after a verb, says that the action is surely still done; here of leaving some grapes behind	
s25200	writer	a person who writes, here of those who write Zolai; apparently <lai>, writing, with <tei>	
s25201	as long as/while	placed after a verb, for all the time that it still goes on; {ahih theih laiteng}, as far as possible	
s25202	the rest/remainder	after <om> or <nungta>: all that is still left, or all who are still alive	
s25203	as long as/while	<laiteng> with the linking suffix <in>	
s25204	as long as/while	<laiteng> with the plural ending <un>, said of several people	
s25205	Friday		
s25206	playing cards/cards	playing cards, in {laithai kap}, play cards; named beside drinking as a bad habit that harms marriage and keeps people from worship	
s25207	scribe/teacher of the law	<lai>, writing, with <thei>, know: a person who knows letters, a scribe or learned man; in the Gospels the teachers of the law	
s25208	educated/literate/learned	of people today, able to read and write or well schooled, not the scribe of the Gospels; often beside <laisiam> or after <khangno>, and also a noun, an educated person	
s25209	literacy/knowledge of letters/learning	<lai> writing with <theih> know; {laitheih siamna} is skill in literature	
s25210	scribe/teacher of the law/expert in the law	<laithei>, one who knows writing, with <pa> for a man	
s25211	scribes/teachers of the law	<laithei> with the plural <te>, literally those who know writing	
s25212	important document/important paper	<lai> and <thupi> written as one word: an important paper or document, often beside the English word Document	
s25213	post/mail/post office	the postal service by which letters and parcels are sent; {laito panin khak} is send by post, and {laito zum} is the post office	
s25214	ink	<lai>, writing, with <tui>, liquid: the ink used for writing	
s25215	Laitui		
s25216	Laitui people	the people of the village <Laitui>	
s25218	their writing/their script/their language	<lai>, writing, and <uh> written as one word after <a>: {a laiuh} is their own writing or written language	
s25219	while they/while you	<lai>, while, and <un>, the plural marker with <in>, written as one word after a verb: while they, or you, several people, are doing it	
s25220	examination/exam	<lai>, writing, with <vuan>: a school examination, and to sit one; {Tan 10 laivuan} is the grade ten examination	
s25221	sit an examination/take an exam	<laivuan>, sit an examination, and <ding>, will, written as one word: to sit an examination, going to sit an examination; also the examination that is to be held	
s25222	examination/exam	a written examination at school or university; {Tan 10 laivuanna} is the tenth standard, matriculation, examination	
s25223	final examination/final exam	<laivuan>, examination, with {-pi}, great: the main examination at the end of the school year	
s25224	Laiyo		
s25225	lyre/harp	a stringed instrument played with the hand; usually in the phrase {laiza lasakna}, the lyre as an instrument of song	
s25226	midst	the middle of a place or a group; followed by <ah> or <a> to say in the middle of, in the midst of	
s25227	middle/mid		
s25228	centre		
s25229	actually/even	after a verb at the end of a clause it shows surprise that someone goes so far as to say or do the thing, as in {ong ci laizang hi}, he actually said to me; not the place word of the other senses	
s25230	in the midst of/among/in the middle	<laizang> midst, with the linking <a> before <om>, be: that is in the middle, that is among	
s25231	midst/centre/midpoint	<laizang>, middle, with the place marker <ah>: in the middle of, in the midst of	
s25232	Laizawl		
s25233	scroll/roll	a book or document in the form of a roll	
s25234	Thursday		
s25236	Laizo	name of the Chin people of the Falam area and of their language, also called Falam; {Laizo pau} is the Laizo language	
s25237	full sibling/blood brother or sister/kin/kinsman	a brother or sister born of the same mother, often <sanggam laizom>, {unau laizom} or {pianpih laizom}; in a wider sense fellow members of one people, as {Zomi laizom}	
s25238	kinsfolk/brothers and sisters/relatives/brethren	plural of <laizom>, one joined by the same navel cord: brothers and sisters, and more widely relatives or fellow members of the people, often said with <sanggam>	
s25239	all the brothers and sisters/all the kin	<laizom>, full sibling, with <teng>, all, written as one word: all the brothers and sisters, all who are of one kin; found in songs	
s25240	writing also/letter also	<lai>, writing, letter or studies, and <zong>, also, written as one word	
s25241	on/in/among	the midst of a group or a place; {lak panin} is from among, and <lakah> is among	
s25242	inside/midst	the inner part or midst of something, as of a cloud, the ground or the dark	
s25243	take	take something into the hand or into one's keeping. The form of <la>, take, used before endings and other words	
s25244	show/point out/display/exhibit/indicate/demonstrate	let someone see or know something, show it; {hong lak} is show us; a different word from {lak}, take, and the same as <lakh>	
s25246	among/of/in	<lak> with the linking <a> before a following word: among, one of, in the midst of	
s25247	one of/one among	<laka>, among, and <khat>, one: placed after a plural noun phrase, usually ending in <te> or {te'}, one of those named; often followed by {ahi hi}, is	
s25248	among/in the midst of	<lak>, midst, with <aa> written for <ah>: another spelling of <lakah>, among	
s25249	among/amid/amidst	<lak>, midst, with the place marker <ah>: among a group, or out in a place such as the wilderness	
s25250	be among/be one of/be counted among	<lakah>, among, and <kihel.2>, be included: after a plural noun, be one of that group or be counted in it; with <sak>, {lakah kihel sak}, count someone among	
s25251	also among/even among	<lakah>, among, and <zong>, also, written as one word: among those people or things too	
s25252	poetic word/poetic language/poetic diction	<la>, song, with <kam>, word: the special words and phrases used in Zomi songs and poetry, different from everyday speech	
s25253	poetic words/poetic expressions	plural of <lakam>, the special words of Zomi songs and poetry	
s25254	take more/take in addition	<lak>, take, with <beh>, here in addition and not clan: take more besides what was taken before, as hire more workers or capture more ground	
s25255	way of taking/way of interpreting	<lak>, take, and <dan>, way, written as one word: the way something is taken, and so how a text is understood or how a person is taken on	
s25256	to take/to be taken	<lak>, take, and <ding> written as one word: that is to be taken or for taking; {Refugee lakding} is the taking in of refugees	
s25257	hundred thousand/lakh	one hundred thousand, used in counting money and people	
s25258	show/display	another spelling of <lak>, show, let something be seen; compare <lah> and <kilak>	
s25259	take	<la>, take, with <kha>, which shows the act as something one ends up doing or should not do	
s25260	one song/a song	<la> and <khat> written as one word: one song; in the pair {thukhat lakhat}, any matter that comes up, something or other	
s25261	take together/take on together	<la> take, with <khawm> together; here of taking on a duty jointly	
s25262	extract/pull out/fish out	<la>, take, with <khia>, out: take or pull something out of the place where it is	
s25263	taken out/take out/bring out	take a person or thing out of a place or out of the hand of someone	
s25264	remove/take away	take something away so that it is no longer there, as a burden, a disgrace, a cover or an idol	
s25265	capture/seize/take	in war news, take a town, camp or post from the enemy, often with <zo> or <khin>; the object is a place and not a thing lifted out	
s25266	to take out/to collect/will take out	<lakhia>, take out, and <ding>, to or will, written as one word; with <in> after it, in order to take out or fetch	
s25267	take away together with	<lakhia> take out, with <khawm> together	
s25268	take away again/take back	<lakhia> take out, with <kik> again or back	
s25269	take out at once/pull out at once	<lakhia>, take out, and <pah>, at once, written as one word	
s25270	have brought out/cause to bring out	<lakhia>, take out, with <sak>, cause	
s25271	bring down/take down	<lakhia> take out, with <suk> downward	
s25272	capture/seize/take	form of <lakhia>, take out, used before <ding>, <uh> and similar words, also written <lakkhiat>; in war news, take a camp or a town from the enemy	
s25273	be able to take out/can remove/can retrieve	<lakhia>, take out, and <thei>, able, written as one word: manage to get a person or thing out of where it is	
s25274	bring up/lift out	<lakhia>, take out, with <to>, upward	
s25275	be able to take out/deliver	<lakhia> take out, with <zo> be able	
s25276	capture/seize/take	in war news, succeed in taking a camp, hill or town from the enemy; the place is named before {lakhiazo}, mostly followed by <uh> or <ta>	
s25277	have taken/have received	<la>, take, and <khin>, already, written as one word: have already taken or received; {pension lakhin} is retired, having taken the pension	
s25278	Lakhine		
s25279	Lachish	fortified city in the lowlands of Judah, taken by Joshua and later besieged by the kings of Assyria and Babylon	
s25280	lakh/hundred thousand	a hundred thousand, used in counting Myanmar kyats; the English plural form stands after any number	
s25281	worth taking/desirable	<lak>, the form of <la>, take, used before a suffix, with <huai>, worthy of: worth taking	
s25282	album/song album	a set of recorded songs released together; often followed by the English word, {lakhui album}	
s25283	record a song/make a recording	record songs, as in a studio or on a cassette, from <la>, song, and <khum>, put in; also the recording that is made	
s25284	harvest time/time of gathering	<lak> and <hun> written as one word: the time when a crop is taken in, or when something is received	
s25285	take back/get back/bring back/restore	<la>, take, with <kik>, back or again: take or bring back what was given, lost or sent away	
s25286	showing/pointing out	<lak>, show, with the linking ending <in>: showing or pointing out, of showing a thing to someone and of making a matter known	
s25287	happen to show/show	<lak>, show, with the verb particle <kha>, written as one word; the sentences do not make clear whether the first part is show or take	
s25288	happen to take/take wrongly	<lak> take, with <khak>, by chance or by mistake	
s25289	take together/gather/capture together	<lak>, take, and <khawm> written as one word: take or win something jointly, or bring items together in one collection	
s25290	taken together/gathered together	<lakkhawm>, take or bring together, with the ending {-in}: having been brought together; {Mikanglai tawh lakkhawmin} is set together with the English	
s25291	reveal/show forth/make known/demonstrate/expose	<lak>, show, with <khia>, out: bring out into view what was hidden or unseen	
s25292	mislead/lead astray	<lak>, show, with <khial>, wrong: show the way wrongly, as in {lam lakkhial}, lead astray	
s25293	take/take out/take away	the form of <lakhia>, take out, used before endings and following words	
s25294	capture/seize/take	take a camp, base or town from the enemy in war; the object is a place such as <Camp> or <khuapi>, and {lakkhiat kik} is retake	
s25295	taking out/removal/extraction	<lakkhiat> with the noun suffix <na>; before <gam>, the land from which someone was taken away	
s25296	capture/seizure	the taking of a military camp or base from the enemy in war news, after {camp} or <galphual>, as in {SAC galphual lakkhiatna}; not the taking of a thing out of a place	
s25297	taken away/taken out	<lakkhiat>, take out, with <sa>, already done; before a noun, that which someone has taken away	
s25298	captured/seized/taken	<lakkhiat.2>, capture, with {-sa}, already done: of a camp, base or town that a force has taken from the enemy in war; the one who took it stands before it, as in {CDNF te' lakkhiatsa}	
s25299	took/taken out/take away from/deprive of/dispossess	<lakkhiat>, take out, with <sak>: take something away from someone	
s25300	taking away from/stripping of/removing	<lakkhiatsak>, take something out or away from someone, with the linking ending <in>	
s25301	take back out of/make give back	<lakkhiatsak> with <kik> back: take out again what another has taken	
s25302		<lakkhiat>, take away, with plural <te>: here the people from whom something is taken away	
s25303	be able to take out/can remove	<lakkhiat>, take out, and <theih>, be able, written as one word; {lakkhiattheih nadingin} is so that it can be taken out	
s25304	have shown/have revealed	<lak>, show, with <khin>, already: have shown or revealed something to someone	
s25305	have taken/have received	<lak> take, with <khit> finished; {lakkhit ciangin} is after receiving	
s25306	show beforehand/reveal in advance/portend/forebode	<lak> show, with <khol> beforehand	
s25307	have shown beforehand/reveal in advance	<lakkhol> with <zo>, marking the action as accomplished	
s25308	take back/take again/bring back	<lak>, take, with <kik>, again or back: take up again or bring back; {phu lakkik} is take revenge	
s25309	taken back/reclaimed	<lakkik>, take back, with <sa>, already done	
s25310	revoke/have taken back/withdraw	<lakkik>, take back, with the causative <sak> written as one word: cause to be taken back; with <ki> before it, of a licence, be revoked	
s25311	need to take/have to take	<lak>, take, and <kul>, must, written as one word: it is necessary to take or get something	
s25312	need not take/without needing	<lak>, take, with <kullo>, need not, written as one word: without having to take or obtain something, as a visa	
s25313	Lakkum	town on the border of the territory of Naphtali, near the Jordan	
s25314		descriptive word placed after {dian’}, leap, for the bounding of a deer	
s25315	again and again/quickly	descriptive word placed after a verb for a quick, sudden movement or response that comes again and again, as of flames that flash, {tang laklak}, a head that turns, {luhei laklak}, or a person who answers back at once, {dawng laklak}	
s25316	unfinished/incomplete/halfway/half-done	left in the middle before it is complete, of work, schooling or talk; of a person, half-taught or half-grown, as in {mipil laklawh}	
s25317	in between/halfway/lukewarm	being neither one thing nor the other, here neither cold nor hot	
s25318	not show	<lak>, show, with <lo>, not, written as one word: not show, as an illness that shows no signs or a driver who gives no signal; {serious laklo} is not take seriously	
s25319	not take	<lak>, take, and <loh>, not, written as one word: not take, without taking; {summet lakloh in} is without taking interest	
s25320	face	poetic word for <maitang>, used in songs	
s25321	Tuesday	a day name taken from Meitei, Manipuri, given as Tuesday in the book's table of the days of the week; the Meitei calendar itself has Langmaijing, Sunday, so the day is to be confirmed	
s25322	taking/extortion/acquisition	<lak>, take, with the noun suffix <na>: the act of taking; {sumgolh lakna} is taking a bribe, {a meet lakna} taking interest, {phu lakna} taking revenge, and {tui lakna} a channel that draws water	
s25323	taking/takings	<lakna> taking, with the plural <te>; {sumgolh laknate} is the taking of bribes, {sakol a laknate} the horses he obtained	
s25324	want to take/want to marry	<lak> take, with <nop> want; here of taking a woman as wife	
s25325	desire to take/wish to take on	<laknop>, want to take, with the noun suffix <na>: the wish to take something, to take on a duty or to capture a place	
s25326	one who shows/adviser/guide	the one who shows, <lak> with {-pa} marking a male person; {lam a lakpa}, one who shows the way, is a guide or adviser	
s25327	show at once	<lak>, show, and <pah> written as one word: show something or show oneself without delay; {zato ki lakpah} is go to be seen at the hospital at once	
s25328	from among/out of	<lak>, among, with <pan>, from	
s25329	from among/out of	<lakpan> with the linking suffix <in>	
s25330	the very midst/the middle	<lak>, midst, with the ending {-pi}, great: right in the middle of a thing, as of the dark or of a cliff	
s25331	taken/captured/seized	<lak>, take, with {-sa}, already taken; {a laksa} before a noun is what someone has taken or captured	
s25332	take away from/seize/plunder	<lak>, take, with <sak>: take something away from someone, by force or as plunder	
s25333	take for/get for	<lak>, take, with <sak>: take or get something on behalf of another, as a wife for a son	
s25334	will be taken away/will seize	<laksak>, take away from, and <ding>, will, written as one word; after <ki> it is passive, will be taken away	
s25335	taking away/seizing/robbing	<laksak> take from someone with the linking ending <in>: taking away, having seized	
s25336	take back/repossess/withdraw	<laksak>, take away from, and <kik>, back, written as one word: take back from someone what was given or granted	
s25337	take away completely/plunder	<laksak> take away from, with <mang>, so that it is gone	
s25338	taking away/seizure/confiscation	<laksak>, take away from, with the noun suffix <na>: the taking from someone of what is theirs	
s25339	those who take away/those who seize	<laksak>, take away from, with plural <te>	
s25340	be able to plunder/be able to take away	<laksak> take away from, with <zo> be able	
s25341	captives/those captured	<laksa>, taken, with plural <te>: the people someone has taken	
s25342	plan to take/try to take/be about to take	<lak>, take, and <sawm>, intend, written as one word: plan, try or be about to take, take in or capture; in headlines of a country that plans to take in refugees	
s25343	take over/adopt/borrow/copy	<lak>, take, with <sawn>, on: take over from another what is then used or passed on, as a custom from another people or lines from a book; the source takes {tung panin}	
s25344	take wisely/know how to take/receive well	<lak>, take, with <siam>, skilled, written as one word: know how to take or accept something and make good use of it	
s25345		<lak>, the form of <la>, take, used before a suffix, with <suah>, bring out or become: bring about or carry through what <la> names; the page lists the form without a meaning	
s25346	take down/bring down	<lak> take, with <suk> downward	
s25347	things taken/plunder/takings	<lak> take or get with the plural <te>: the things or people taken or received; {na lakte}, things taken, plunder	
s25348	those who show/guides/counselors	<lak> show with the plural <te>; {thu hong lakte}, those who show me what to do	
s25349	show clearly/make plain/prove/point out	make something plainly known, as the truth of a word or the fault of a person	
s25350	let show clearly/make plain to	<laktel> show clearly, with <sak> cause or allow	
s25351	all that was taken	<lak> take, with <teng> all; {a galvan lakteng} is all the goods he has taken, his spoil	
s25352	be able to show/prove	<lak> show with <thei> can	
s25353	be able to take/be able to capture	<lak> take with <theih>, the form of <thei> can before <nadingin>, so that one can take; {phu laktheih} is be able to take revenge	
s25354	be able to present/be able to show	<lak> show with <theih>, the form of <thei> can before <nadingin>	
s25355	that can be taken/to be able to take	<laktheih> and <ding> written as one word: something that can or should be taken, as {Lesson laktheihding}, a lesson to be learned, and leave that may be taken	
s25356	take in addition/marry also	<lak>, take, with <thuah>, in addition: take another wife besides the one already had	
s25357	raise/lift up/hold up	<lak> with <to>, up: hold something up high to be seen, as a banner	
s25358	right to take/fit to be taken	<lak>, the form of <la>, take, used before a suffix, with <tuak>, be fitting: right to take	
s25359	capture/win/obtain	<lak>, take, and <zawh>, be able, written as one word: manage to take, as capture a place, win the hearts of people or obtain a degree	
s25360	conquest/capture	<lak> take, with <zawh> succeed and the noun suffix <na>: the taking of a town	
s25361	way of taking/method of taking	<lak>, take, and <zia>, way, written as one word: the way something is taken or obtained; {action lakzia} is the way action is taken	
s25362	have shown/make known	<lak> show, with <zo>, marking the action as accomplished	
s25363	migrate/move/wander/sojourn/emigrate	move from one place to live in another, or wander from place to place; {lal-a om} is to live as a sojourner away from home, and {lal hun} the season when birds migrate	
s25364	repeatedly/again and again/on and on	placed after a verb: do the action over and over or without restraint; {tai lala} is keep scolding	
s25365	keep taking/take again and again	the verb for take said twice: take one after another, take up repeatedly	
s25366	lantern	a lamp carried in the hand to give light at night, named beside <meilah>, torch	
s25367	migrate out/move away	<lal>, migrate, with <khia>, out, written as one word: leave a place and move to another to live	
s25368	migration/immigration/moving	<lal>, move to live elsewhere, with the noun ending {-na}: moving from one place or country to live in another	
s25369	not take/not charge	the verb take, whose other form is <lak>, and <lo>, not, written as one word: not take, not accept; {sum lalo} is without taking money	
s25370	move/resettle/cause to migrate	<lal>, migrate, with <sak>, cause	
s25371	Lalta	a Zomi village, named as the home village of persons and in the name of its village association; said to be in the Tedim area of Chin State	
s25372	Laltar		
s25373	old song	<la>, song, and <lui>, old, written as one word: an old song, a song of former times	
s25374	way	the way a person goes or lives; {lam pial} is to turn off the way and {lam hilh} to teach someone the way	
s25375	path		
s25376	direction	the side toward which someone goes or something faces; after a place name, toward that place	
s25377	field/area/side/matter	a field of work or study or one side of a matter, placed after the noun that names it: {upadi lam} is the field of law, {zato lam} medicine, {politic lam} politics; not a direction in space	
s25378	build/put up/construct	build a house, hut or other structure; {buk lam} is put up a hut	
s25379	dance	dance, as the young people do at a feast; {lam ziahziah} is dance on and on	
s25380	road/way	<lam>, road or way, written with a capital at the start of a sentence; {Lam kawi} is a crooked road, {Lam lianpi} a main road and {Lam gei} the roadside	
s25381		Saying: wanting to go by the short way and not arriving in nine years; hardship comes from doing a thing the easy way and not in the usual way	
s25382	realize that/be aware that/bear in mind that	<lam>, way, used here as the fact that, and <phawk>, remember or be aware: realize or keep in mind that something is so; follows a clause that ends in <ahih> or another verb, and is often closed by a hortative, as {lam phawk ni}, let us bear in mind that, or by <tawntung>, always	
s25383	toward/towards/in the direction of/bound for	<lam>, direction, and <zuanin>, heading for: placed after a place name or a noun of place and before a verb of movement, toward that place	
s25384	worth hoping for/to be looked forward to	{lam-et} hope, with <huai> worthy of	
s25385	on the side of/toward/facing	<lam>, side or direction, with the suffix <a> joining it to what follows; {nisuahna lama om} is that is on the east side	
s25386		<lam> with the suffix <a>, showing time or manner; after a verb, at the time of doing, as {a kuan lama}, as he goes in; {nitak lama} is in the evening and {a sia lama} in a bad way	
s25387	why	Aramaic word quoted untranslated in the cry of Jesus on the cross, NIV lema	
s25388	of the side/on the side of	<lam>, side, and <aa>, belonging to, written as one word: that of a certain side or kind	
s25389	direction	<lam>, direction, with the marker <ah>: toward, in the direction of	
s25390	side/area	<lam>, side, with the marker <ah>: on the side of, in the part lying that way	
s25391	in the field of/as regards/in terms of	after a noun that names a subject or quality and not a place: in the matter of, as far as that is concerned, as in {music lamah}, in music; no movement and no location is meant	
s25392	side with/take the side of/be on the side of	<lamah>, on the side, and <pang>, take position: stand on the side of the person or party named before it, usually in the possessive, as {nang' lamah pang}, be on your side; also give oneself to the kind of work named before it	
s25393	lyrics/words of a song	<la>, song, with <mal>, a single word: the words of a song, as distinct from <la-aw>, its tune	
s25394	lyrics/words of a song	<la>, song, and <malte>, words, written as one word: the words of a song or hymn, as distinct from its tune	
s25395	take first/put first	<la>, take, with <masa>, first, written as one word: take something before anything else, give it the first place	
s25396	turning aside/stopping on the way	leaving one's road to call on someone; the exact sense of <baang> is not confirmed	
s25397	build in addition/build more	<lam>, build, with <beh>, in addition: build more of something beside what there is	
s25398	side rooms/annexes	rooms built on against the wall of a house; plural <te>	
s25399	only the side of/only toward	<lam>, side or direction, with <bek>, only, written as one word after a noun or clause: only on that side, only in that direction or matter	
s25400	around/toward/about the time of	<lam>, side, and <ciang> written as one word after a word of time, often with <in>: at about that time; {a nung lamciang} is later on	
s25401	wonderful/marvellous/amazing	<lamdang> written short, with an apostrophe, before <mahmah>	
s25402	differ/be different	short spelling of <lamdang> after the prefix <ki>, written {ki lamdan} for <kilamdang>, differ from one another; with <na>, the difference between things, not wonderful	
s25403	way of building/building method	<lam>, build, with <dan>, manner, written as one word after <inn>, house: how a house is built; not the short form of <lamdang>	
s25404	surprise	the feeling that something is strange or unexpected; {lamdang sa} is to feel surprise at something	
s25405	shock		
s25406	astonish/amaze/nonplus/startle/astound/stun	be wonderful or astonishing; with <sa>, {lamdang sa}, be astonished at something	
s25407	strange/wonderful/unusual/amazing/astonishing/queer/marvelous/wondrous	placed after a noun, describing a thing that is out of the ordinary: {aksi lamdang}, a strange star, and {na lamdang}, a wonder or miracle; the other senses are the feeling of surprise itself	
s25408	I am amazed/I find it strange/I wonder	<lamdang>, strange or wonderful, and <kasa>, I feel: the expression {lamdang sa}, find something strange or marvellous, in the first person; the thing wondered at stands before it	
s25409	be astonished/cause amazement/be thought strange	<lamdang>, surprise, and <kisa>, the form with {ki-} of <sa>, feel: people find it strange, there is astonishment; said of an event without naming who is surprised, often closing a headline, while {lamdang sa} names the person who is surprised	
s25410	interjection	grammar term: a word that expresses a sudden feeling of surprise, pain or joy and is followed by an exclamation mark, as <oh>, <eh> and <nuvaw>	
s25411	be greatly amazed/be very surprised/be astonished	<lamdang>, strange, with <sa>, feel or consider, and <lua>, very much: find something very strange, be greatly amazed; here <salua> is not the word for too hot; mostly followed by <in> or by {ahih manin}, because, before what the amazed person then does	
s25412	strange/various strange	<lamdang>, strange, with its last syllable repeated: strange things of many kinds	
s25413	wonderfully/marvellously/strangely	<lamdang>, wonderful or strange, with <in>: in a wonderful or strange way; {pau lamdangin} is in a strange tongue	
s25414	a strange one/an unusual one	<lamdang> and <khat> written as one word, placed after a noun: a strange or unusual one, as in {ganhing lamdangkhat}, a strange animal	
s25415	not strange/not surprising/normal	<lamdang> and <lo> written as one word: not strange, nothing unusual	
s25416	no different/the same	after <ki>, as in {ki lamdanglo}: does not differ, is no different from	
s25417	too wonderful/too amazing	<lamdang> with <lua>, too much	
s25418	very strange/marvellous/foreign	<lamdang> with the intensifier <pi>; {thu lamdangpi} is a strange thing, {a lamdangpi khatin} is in a wonderful way	
s25419	very marvellous/most wonderful	<lamdangpi> with <pi> repeated for emphasis; {na lamdangpipi} are marvellous things	
s25420	be amazed/be astonished/be surprised/wonder/marvel	find something strange or wonderful, <lamdang> with <sa>	
s25421	be surprised at/find strange/wonder at	form of <lamdangsa> used before <ding> and <huai>: {lamdangsak ding hi lo hi}, it is no wonder	
s25422	spectacle/astonishment/wonder/amazement	<lamdangsak> with the noun suffix <na>: the feeling of wonder or astonishment; {lamdangsakna tawh en} is look at in astonishment	
s25423	wonderfully/strangely/amazingly	<lamdang>, be wonderful or strange, and <tak> written as one word: in a wonderful or strange way, usually with <in>; before or after a noun, wonderful, strange	
s25424	wonders/wonderful deeds/marvels	plural of <lamdang> wonderful, after <na> thing or <nasepna> deed	
s25425	difference/distinctiveness/strangeness	<lamdang> with the noun suffix {-na}: what makes a person or thing different or unusual; {ki lamdanna} is the difference between two	
s25426	shortcut/short cut	a shorter way that cuts across, and so a quick or easy way to get something without the proper effort; <lamdawt tawn> is take a shortcut	
s25427	take a shortcut/cut corners	<lamdawt>, shortcut, and <tawn>, go by way of: go by the shorter way, and so try to reach learning, wealth or success quickly without the proper effort	
s25428	take a shortcut/cut corners	<lamdawt>, shortcut, and <tot>, walk along: take the shorter way, and so try to get something quickly without the proper effort	
s25429	build	<lam>, build, with <ding> written as one word: to build, going to build	
s25430	street/roadside/wayside	the length of a road: the streets of a town where people pass, or the ground along the side of a path	
s25431	along the road/along the path/on the street	<lamdung>, the length of a road, street, with the marker <ah>; written with a capital at the start of a sentence	
s25432	Lamech	name of two men: a descendant of Cain who had two wives, and the son of Methuselah and father of Noah	
s25433	hope for/expect/look forward to/anticipate	look ahead to something with hope or expectation; the form <lamet> is used before endings such as <leh>, <loh>, <ding> and <na>	
s25434	hoping for/expecting/waiting for	<lamen> with the linking ending <in>, hoping or expecting while another action follows	
s25435	not expect/not hope for	<lamen>, expect, and <lo>, not, written as one word: not expect that something will happen	
s25436	one who hopes for/one who waits for	<lamen> with <pa>, the man who looks forward to something	
s25437	those who wait for/those who look forward to	<lamen> expect with the plural <te>	
s25438	hope/hope for/expect/look for	form of <lamen> used before endings such as <leh>, <loh> and <ding>; also a noun stem, hope, as in {lamet tun’lohna}, hope not fulfilled	
s25439	unexpected/quite unexpectedly/unforeseen	<lamet>, expect, and <hetloh>, not at all: not expected in the least. With <in> after it, {lamet hetloh in}, it is an adverb, quite unexpectedly; before <laitakin> it means at a moment when nobody expects it; before a noun it says that what happens to it was not foreseen	
s25440	hopeless/despairing/without hope	<lamet>, hope, with <bei>, come to an end: having no hope left; also as a noun, hopelessness, despair	
s25441	hope for/expect eagerly/long for	<lamet>, hope, with its last syllable repeated: keep hoping for over a long time	
s25442	hopeful/worth hoping for	<lamet>, hope, with <huai>, worthy of; {a lamethuai bangmah om lo} is there is nothing to hope for	
s25443	as one's hope	<lamet>, hope, with <in>; {lametin nei} is to have as one's hope, put one's hope in	
s25444	unexpected/unexpectedly	<lamet> and <loh> written as one word: not expected; {lametloh laitak in} is at a moment when no one expects it, {lametloh in} unexpectedly	
s25445	unexpectedly/suddenly/by surprise	<lamet>, expect, and <lohpi>, without, written as one word: without its being expected, usually followed by <in>	
s25446	hope/expectation/anticipation	<lamet>, hope, with the noun suffix <na>: what a person looks forward to or trusts will come	
s25447	hopes/things hoped for	plural of <lametna>	
s25448	all hope/every expectation	<lametna> with <teng>, all	
s25449	hope/the one hoped in	<lamet> with <pa>, the male person in whom others hope; said of the Lord	
s25450	giving of hope/cause for hope	<lamet>, hope, with <sak>, cause, and <na>: that by which someone is made to hope	
s25451	things hoped for	<lamet> with the plural <te>, the things one hopes for	
s25452	side/bank	the land on one side of a river; {hih lamgal} is this side	
s25453	by the roadside/beside the road	<lam> road and <gei> edge, with <ah> at	
s25454	line dance/chain of dancers	a line of people dancing together at a feast; {lamgui laam} is dance in such a line and {lamgui kai} is draw the line along; the first part is the word written <laam>, dance	
s25455	in a line dance	<lamgui>, line of dancers, with the suffix <in>: dancing in a line	
s25456	property/possessions/belongings	found in the pair {neih leh lamh}, what one has and owns; elsewhere in the articles it is part of personal names	
s25457		in {lamh kiatna}, the place where the {lamh} of a person fell, which is the place of birth; perhaps the navel cord or the afterbirth, the page does not say	
s25458	Lamhau		
s25459	guide	one who shows the way, <lam>, way, with <hilh>, teach	
s25460	guide/show the way/direct	the verb beside the noun {lamhilh}, a guide: show someone the way or the right course; before <ding> and <dingin>, as in {lamhilh ding makai}, a leader to guide one	
s25461	guides	<lamhilh>, guide, with the plural <te>; {mittaw lamhilhte} are blind guides	
s25463	good road/good way	<lam> and <hoih> written as one word: a good road, or a good way of doing something	
s25464	open the way/make a way	<lam> and <hon> written as one word: open a way for someone; {Pasian lamhon sakna} is the way that God opened	
s25465	the way for us	<lam>, way, and <hong>, toward the speaker, written as one word before a verb: show us or open for us the way	
s25466	opening of a way/opportunity	<lam> way and <honsakna> opening written as one word: the opening of a way for someone, said mostly of God making it possible to go abroad, as in {Pasian lamhonsakna tawh}	
s25467	building/build	verb <lam>, build, with the linking suffix <in>	
s25468		<lam>, side or way, with the suffix <in>, showing direction, manner or time; {a hoih lamin} is favourably, <nitak lamin> is in the evening	
s25469	crossroads/fork in the road/road junction/cross road	the place where roads part or meet	
s25470		Saying: like standing in the middle of a crossroads; listed without explanation, understood of one who does not know which way to turn	
s25471	on the side of/lying on the side of	placed after the name of a country: the part that lies on that side of the border, as {India lamkaai} and {Kawlgam lamkaai}; the first part is <lam>, side; a dictionary gives the word as leader, which the sentences do not show	
s25473	public square/square/open place	an open place in a town where roads meet and people gather	
s25474	intersection/junction/crossroads	the place where two or more roads cross, with traffic lights and waiting vehicles, rather than an open square where people gather; {meileng lamkabom} is a railway crossing	
s25475	in the marketplace/in the public square	<lamkabom>, public square, with the place marker <ah>	
s25476	in the public squares/in the streets	<lamkabom>, public square, with plural <te> and the place marker <ah>	
s25477	guide/lead	lead along the way, <lam>, way, with <kaih>, lead	
s25478	way/journey/transit	the stretch between setting out and arriving; {lamkal-ah om} is be on the way	
s25479	on the way/on the road/along the way	<lamkal>, the course of a journey, with the place ending {-ah}	
s25480	cross the road/cross the street	<lam>, road, with <kan>, step over or cross, as in <kantan>, written as one word: go across a road; <khetawh lamkan> is cross on foot	
s25481	crossing/road crossing	a place for crossing a road, from <lamkan>, cross the road, with the ending {-na}; {lamkanna lei} is a footbridge over a road	
s25482	bend in the road/curve/turn	<lam>, road, and <kawi>, bent, written as one word: a place where the road bends	
s25483	Lamkhai		
s25484	block the road/obstruct the road	<lam>, road, and <khakcip>, block, written as one word: lie or stand across the road so that nothing can pass	
s25485	lower roadside/downhill side of the road	the side of a road that falls away below it, the opposite of the upper side; {lamsak lamkhang} is both sides of the road	
s25486	downhill side of the road/lower roadside	<lamkhang>, the lower side of a road, with <lam>, side or direction, written as one word; with <ah> it says a vehicle went off the road down the slope	
s25487	one side/one way	<lam> and <khat> written as one word: one side or one point of view; {lamkhat panin} is in one way, on the one hand	
s25488	from another angle/in another way/on the other hand/in other words	<lamkhat>, one side, and <pan>, from: from one side or point of view; opens a sentence or clause that gives another way of looking at or saying the same thing, often {lamkhat pan in} and before <cileng>, if we say, or {en leng}, if we look	
s25489	dance together	<laam>, dance, here spelled with one a, and <khawm>, together, written as one word: dance together with others	
s25490	build/erect/establish/build up	<lam>, build, and <khia>, out, written as one word: build something up so that it stands, a building or a state	
s25491	take the wrong road	leave the right way, <lam>, way, with <khial>, err; {lamkhial mite} are people who have gone astray	
s25492	misroute		
s25493	veer		
s25494	go astray/take the wrong road	<lam> way with <khial> err; {Lamkhial mite} are people who have left the right way, NIV faithless people	
s25495	going astray/wrong course/error	<lamkhial>, take the wrong way, with the noun ending {-na}: a taking of the wrong way, by a person, a people or a system	
s25496	astray/going the wrong way	<lamkhial> with the linking suffix <in>	
s25497	lead astray/mislead	<lamkhial> with <sak>, cause to take the wrong road	
s25498	build/build up/establish	put up a building, or set up a state or a union; the form used before <ding> and <nading> and as a noun, as in {te ii lamkhiat}, what they built	
s25499	building together/joint construction	<lam>, build, with <khopna>, doing together, written as one word: the building of something as a shared work; {Biakinn lamkhopna} is the joint building of a church	
s25500	rebuild	build again what was destroyed, <lam>, build, with <kik>, again	
s25501	reconstruct		
s25502	will rebuild/to be rebuilt	<lamkik>, build again, and <ding>, the marker of what is to come, written as one word: will build again, is to be rebuilt	
s25503	rebuilding/rebuild	form of <lamkik> with {-in}, linking to what follows	
s25504	rebuilding/restoration	<lamkik> with the noun suffix <na>	
s25505	rebuilder/one who rebuilds	<lamkik>, rebuild, with <pa>, which marks a man: the man who rebuilds something	
s25506	midway/halfway/on the way	the middle of a journey, a point partway along the road; often paired with <lampam> for along the way and by the roadside	
s25507	builder/one who establishes	<lam>, build, and <kip>, firm, with <pa>, which marks a man: the one who builds up firmly, said of God as the Builder of Zion	
s25508	street corner/road bend/roadside	<lam>, road, with <kiu>, corner: the corner or bend of a road, also the edge of the road where a vehicle stops	
s25509	guide/counsel/direct	show the way, give guidance or advice; the form of <lamlak> used before <na>, <ding> and <nading>; {lamlah khial} is to lead astray	
s25510	guidance/direction/counsel	a showing of the way: <lam> way, <lah> show, with {-na}; {Topa tung panin lamlahna dong} is to inquire of the Lord	
s25511	instructions/directions/guideposts	<lamlahna>, guidance, with plural <te>; on a road, the signs that show the way	
s25512	roadway/middle of the road	<lam>, way, with <lai>, middle: the road itself or a point along the way, mostly as {lamlai ah}, on the road, midway	
s25513	under construction/being built	<lam>, here build, and <lai>, here still, written as one word: still being built; {a ki lamlai in} is while it was being built	
s25514	guide/counsel/advise/direct	show the way; {thu lamlak} is to give counsel and {thu lamlak pa} a counselor	
s25515	guiding/directing/instructing	<lamlak>, guide, with the linking ending <in>	
s25516	guidance/leading/direction	<lamlak>, guide, with the noun suffix {-na}: the act of showing the way, guidance	
s25517	counselor/adviser	<lam> way and <lak> show, with <pa> for a man, one who shows the way; {thu lamlakpa} is a counselor	
s25518	advisers/counselors/guides	those who show the way, <lamlak> with plural {-te}; {thu lamlakte} are advisers	
s25519		descriptive word placed after <kot>, circle around, for birds hovering round and round overhead	
s25520	whichever way/wherever	<lam>, way or direction, said twice: whichever way, wherever; after a noun in {-na} and before <ah>, as {i deihna lamlam ah}, in whichever direction is wanted	
s25521	dance on/keep dancing	<lam>, dance, said twice for dancing that goes on and on; not the word for birds circling	
s25522	whichever way/wherever/in whatever direction	<lamlam>, whichever way, and <ah>, written as one word after a verb or a noun in {-na}: in whatever direction something goes or someone says	
s25523	side of the road/roadside	<lam>, road, and <lang>, side, written as one word: one side of the road, or the other side of it; a vehicle swerves or overturns {lamlang ah}	
s25524	side and	<lam>, side, and <leh>, and, written as one word: after a noun, on that side and, linking it to the next	
s25525	main road/highway/street	<lam> road with <lian> big; contrasted with <lamneu>, a lane or small path	
s25526	Lamlian/Highway	the Highway, in {Kumpipa' Lamlian} the King's Highway, the main road through Edom and the Amorite land east of the Jordan	
s25527	main road/highway/street	<lamlian> main road, with <pi> big; set against <lamneu>, small path	
s25528	main roads/highways/roads	<lamlian>, main road, with the plural <te>; set against <lamneute>, lanes	
s25529	that very side/the side of	<lam>, side or direction, and the stressing <mah> written as one word after a name: the side of that one and no other	
s25530	right way/right path/true course	<lam>, way, and <man>, true or right, written as one word: the right way to go or to live, the proper course	
s25531	seize/compel/press into service	<lam> way with <mat> seize: lay hold of a passer-by and force him to do something	
s25532	seizing/compelling	<lammat> with the linking suffix <in>	
s25533	building/construction	the act of building a house, altar or temple	
s25534	dancing/dance	the act of dancing, as a sign of joy and in praise; another spelling of <laamna>	
s25535	dancing and leaping/dancing	<lamna.2>, dancing, and <dianna>, jumping, said as a pair: dancing with leaps, at a feast or in lively worship; <lamna> is here not building	
s25536	slippery path/slippery way	<lam> way with <nal> slippery	
s25537		<lam>, build or set up, with the endings <na> and <sa>: where something has been built or pitched; {a puanbuk lamnasa leitang} is the ground where he had pitched his tent	
s25538	roadside/side of the road	<lam>, road, with <nawl>, edge; {lamnawl lam tawnin pai} is to pass by along the far side of the road	
s25539	lane/alley/small path	<lam>, road, with <neu>, small; set against <lamlian>, main road	
s25540	lanes/small paths	<lamneu>, small path, with the plural <te>; set against <lamliante>, main roads	
s25541	want to build/wish to build	<lam> build with <nop>, the form of <nuam> want; {a lamnop khempeuh} is all that he wished to build	
s25542	desire to build/will to build	<lamnop> want to build, with the noun suffix <na>	
s25543	builder	<lam> build, with <nu>, the woman who built	
s25544	lower road/lower side of the road	<lam> and <nuai> written as one word: the road or the ground below, set against <lamtung>, the road above, in a town built on a slope	
s25545	builder	<lam>, build, with <pa>, which marks a man: the man who builds; {inn lampa} is the builder of a house	
s25546	walk/travel	<lam>, road, and <pai>, go, also used as a noun, journey	
s25547	marching/journey/way	<lampai>, walk or travel, with <na>: the act of walking, or the way someone goes	
s25548	roadside/wayside	<lam>, road, with <pam>, side: the side of the road; {lamkim lampam} is all along the road, and of news, from here and there by hearsay	
s25549	from the side of/on the part of/from	<lam>, side or direction, and <pan>, from, written as one word: from the side of, on the part of, as regards	
s25550	side	the side lying in a given direction, as in {leilu lampang}, north side	
s25551	on the side/at the side	<lampang> side with the place marker <ah>; with a direction word, on the south side, on the north side	
s25552	on the sides	<lampang> side, with the plural <te> and <ah> at	
s25553	whole side/all of the side	<lampang>, side, with <teng>, all of: the whole area on that side	
s25554	from the side of/on the part of	<lam>, side or direction, and <panin>, from, written as one word and placed after a noun: from that side or direction, on the part of that person or body	
s25555	about/around/among	<lam> and <pawl> written as one word after a word of time or quality: around that time, or of about that kind, as {zankim lampawl}, around midnight, and {a sau lampawl}, among the longer ones	
s25556		<lam>, way, side or aspect, and the topic marker <pen> written as one word: as for the way, the side or the matter of what is named before it	
s25557	rebuild/build up/restore	build again what was ruined, from <lam>, build	
s25558	on a level path/on level ground	<lamphei>, a level or even road, with the place marker <ah>	
s25559	Lampho		
s25560	way/route	the way to a place, and the way of life a person follows	
s25561	footpath/path		
s25562	road		
s25563	way/road/path	<lampi> written with a capital, mostly at the start of a sentence, also as a title, the Way as a name for the Christian faith, and in {Lampi Siangtho}, the Way of Holiness	
s25564	right path/right way	<lampi>, road, and <maan>, true or right: the right path, said of right conduct in life and not of a road; the object of verbs of walking, leading and teaching, as in {lampi maan tot}, walk the right path, and {lampi maan hilh}, show the right way	
s25565	take the road/follow the path/go by way of	<lampi>, road, and <tawn>, go along: keep to a road, and in a figure take a certain course; the word before it names the road, as in {politics lampi tawn}, go the way of politics, and {tua lampi tawn}, take that path; with <in> or <a> it means by way of	
s25566	stray/turn aside/go astray	leave the right way, <lam> way with <pial> turn off	
s25567	perverse/warped/wayward/aberrant	having left the right way, said of a perverse generation	
s25568	be thrown off course/go wildly astray	<lampial> leave the way, with <gawp> marking violent action; here of the heavenly bodies	
s25569	turning aside/going astray	<lampial> turn aside, stray, with the linking ending <in>	
s25570	go off the road/derail/veer off	<lampial>, leave the way, and <khia>, out, written as one word: of a car, train or aircraft, leave the road, the rails or the runway	
s25571	straying/going astray/fall/aberration	<lampial>, stray, with the noun suffix <na>: a leaving of the right way, a fall from where one stood	
s25572	lead astray/mislead	<lampial>, go astray, with <sak>, cause	
s25573	strays/those who go astray	<lampial> stray, with the plural <te>; of sheep that have strayed, and of people who have left the right way	
s25574	along the path/roadside	<lampi> road with <dung> length, the stretch along a road	
s25575	roadside/side of the road	<lampi>, road, and <gei>, side, written as one word: the side of the road, beside the road	
s25576	build with/help build	<lam> build, with <pih> together with	
s25577	a road/one way/one path	<lampi> and <khat> written as one word: a road, or one way to follow	
s25578	right way/true path	<lampi> and <maan> written as one word: the right or true way, the proper course to take	
s25579	roadside/side of the road	<lampi> and <nawl> written as one word: the edge of a road and the strip beside it	
s25580	ways/paths/roads	<lampi>, way, with the plural <te>: roads and paths, also the ways of God, the conduct he asks for	
s25581	the same way/the whole way	<lampi> way with <teng>, all of it; {a tot lampiteng} is the way by which he came	
s25582	new road/new way/new route	<lampi> and <thak> written as one word: a new road or railway line, or a new way of doing or living	
s25583	on the road/on the street	<lampi>, road, and <tung>, on, written as one word: on the road, also after the name of a road; {lampitung tuahsiatna} is a road accident	
s25584	main road/built road	<lampi> and <zik> written as one word: a made-up road, such as the main street of a town, along which houses stand	
s25585	the road also/seek a road	<lampi>, road, and <zong> written as one word; <zong> is either also, the road as well, or the verb seek, look for a road	
s25586	built	<lam> build with <sa>, already done: that someone has built, placed after the builder and before the thing built	
s25587	property/possessions/belongings	in the pair <neihsa lamsa>, things owned and things built: all that a person owns, house and goods together; the builder is not named before it as with the adjective	
s25588	dancing	a spelling of <laam>, dance, with <sa> and the suffix <in>: dancing as they go; not <lamsa>, built	
s25590	build for	<lam>, build, with <sak>: build something for someone	
s25591	upper roadside/uphill side of the road	<lam>, road, with <sak>, upper: the ground that rises above a road or path, the opposite of <lamkhang>; {lamsak lamkhang} is both sides of the road; not the verb {lamsak}, build for	
s25592	rebuild/have rebuilt	<lamsak> with <kik>, again: have something built again, let it be rebuilt	
s25593	be under construction	in {aki lamsan}, which is still being built: build, with the ending {-san}, while it is going on; compare <kilam>, be built	
s25594	side/direction/respect	with <ah>, on the side of, in the matter of, with regard to	
s25595	lift up/raise up/promote	as a verb, <lam> with <sang>, high: raise a person, a people or a thing to a higher place or standing; the verb inside <kilamsang>, exalt oneself, and unlike the noun it stands at the end of the clause, often after <hong>	
s25596	as regards/concerning/in respect of/according to	<lamsang>, side or aspect, with <ah>; after a noun it means in the matter of	
s25597	fare/travel cost/travel expenses	<lam>, way, with <sap>, hire: the money paid for a journey, as <innsap> is the rent for a house	
s25598	things built/buildings	<lamsa> built, with the plural <te>: what someone has built	
s25599	long way/long distance	<lam>, way, and <sau>, long, written as one word: a long way, far along the way	
s25600	road building/road clearing/preparing the way	<lam>, way, with <sial>, clear: the work of clearing or making a road; also in the figurative sense, preparing the way for something	
s25601	skilled dancer/good dancer	<laam>, dance, written with a short vowel, and <siam>, skilled, as one word: good at dancing, or a person who is; also used as a title after a name	
s25602	take a walk/stroll/walk about	go about on foot for exercise or pleasure, without an errand; of a small child, be able to walk	
s25604	walking/walk	<lamsiauh>, take a walk, with the noun suffix <na>: walking as exercise	
s25605	downhill road/descent/downward slope	a stretch of road that goes down, from <lam>, way, and <suk>, downward	
s25606	will be/that	<lam> with <tak>, truly: placed after a clause and before <thei> or <phawk>, know, it marks what is known as a sure fact, as in {Topa ka hih lamtak}, that I am the Lord	
s25607	many ways/many respects	<lam>, way or side, and <tampi>, many, written as one word: many ways or means of doing something	
s25608	in the area of/by way of	<lam>, side or direction, and <tawh>, with, written as one word: {biakna lamtawh kisai} is concerning religion, and {politic lamtawh} is by way of politics	
s25609	all along the way/the whole journey	<lam>, way, and <tawntung>, continuously, written as one word: all the way, throughout the journey; also with <ah>	
s25610	end of the road/journey's end/destination	<lam>, way, with <tawp>, end: the end of a road or of a journey	
s25611	builders	those who build, <lam>, build, with the plural <te>; {inn lamte} are the builders of a house	
s25612	possessions/belongings	in {a neih a lamte}, what one has and owns	
s25613	side/those on the side of/people of	<lam.3>, side, with the plural <te>, after the name of an army, a party, a group or a region: the people of that side, as {SAC lamte}, the SAC side, and {kumpi lamte}, those of the government; not builders	
s25614		<lam> and <teh> written as one word after a word of time: at about that time, only then; {a nung lamteh} is only afterwards and {tu lamteh} nowadays	
s25615	cross	second part of {sing lamteh}, the cross, written as one word in <singlamteh>	
s25616	those of the side/people of	<lam>, side or direction, with the plural <te> and the subject marker <in> written as one word: the people of that side, group or region, as the ones who act	
s25617	whole side/all the part toward	<lam> side, direction, with <teng> all: the whole of the side that is named	
s25618	possessions/goods	in {a neih a lamteng}, all that one owns, property and goods	
s25619	new road/new way	<lam>, way, and <thak>, new, written as one word: a newly made road, or a new way of doing things	
s25620	build new/newly built	<lam> as a verb, build, with <thak>, new: {aki lamthak} is newly built	
s25621	rebuilding/new construction	<lamthak>, build new, with the noun ending {-na}, used after <ki>: the building of something new or anew, also of a party rebuilding itself	
s25622	build more/build in addition	<lam> build, with <thuah> add	
s25623	lift up/raise/hoist	lift something upward, said of raising the hand and of raising a person up from a low place	
s25624	uphill road/ascent/upward slope	<lam>, way, with <to>, upward: a stretch of road that goes up, the opposite of <lamsuk>; {lamto ah} is on the way up, not the verb of lifting	
s25625	Lamtong		
s25626	Lamtuk		
s25627	upper side of the road/above the road	<lam>, road, and <tung>, above, written as one word: the ground or the road on the uphill side, the opposite of <lamnuai>, below the road	
s25628		<lam>, here the fact that, and the plural marker <uh> written as one word after a verb: the fact that you or they are or do so, as in {na hih lamuh}, that you are	
s25629		<lam> way, direction, with <un>, the ending <in> as used with a plural subject: in the direction of, in the course of; {a nung leh lamun} is backwards, {an a zonna lamun} is while they looked for food	
s25630	surplus/abundance	paired with <neihval>, what one has over and above one's need	
s25632	succeed/prosper	go well on one's way, written with a final apostrophe before <theih>	
s25633	Lamzang		
s25634	be able to build/manage to build	<lam>, here build, and <zawh>, be able, written as one word: be able to build a house or building; the form of <lamzo> used before <nading>, <nang> and <ngeiloh>	
s25635	building style/construction/design	the way something is built or put together, from <lam>, build, with <zia>, manner: {inn lamzia} is the style in which a house is built	
s25636	build a road/make a road	<lam>, road, with <ziik>, build up: build or widen a road by digging and heaping up earth; also the road so made	
s25637	road/street	a road for vehicles, in a town or between towns	
s25638	cross the road	<lamzik>, road, and <kan>, here in the sense go across, written as one word: cross the road on foot, or the one who is crossing the road	
s25639	highway/main road	a large road for motor traffic	
s25640	on the main road/in the main road	<lamzikpi>, main road, and <sung>, in, written as one word: on or along a main road	
s25641	on the highway/on the main road	<lamzikpi>, main road or highway, and <tung>, on, written as one word: on the road named, along the highway	
s25642	on the road/on the street	<lamzik>, road, and <tung>, on, written as one word, often after the name of a road and before <ah>	
s25643	path/way	the road one travels, <lam>, road, with <zin>, travel; here set beside <lampi>	
s25644	street/lane/side road	a street or lane of a town, named after the street name, as in {Zawtika lamzing}; also the lane of a road a vehicle runs in	
s25645	streets	the streets of a town, where people pass and gather	
s25646	main road/highway	<lamzin>, road, with the ending <pi>, great: the main road between towns	
s25647	be able to build	<lam> build, with <zo> be able	
s25648		<lam> and <zong> written as one word: also the way, side or manner; after a clause, also the fact that, as in {ahih lamzong}, also that it is so	
s25649	road surveyors/route seekers	<lam>, road, and <zongte>, those who seek, written as one word: those who look for or survey the route of a road	
s25650	toward/bound for/heading for	<lam> and <zuan> written as one word, placed after a place name: heading in the direction of that place	
s25651	toward/bound for/heading for	<lamzuan> with the linking ending <in>, placed after a place name: heading in the direction of that place	
s25652	banner/flag/signal	a flag raised as a signal	
s25653	lustful/oversexed/libidinous/lecherous	of strong sexual desire, said of men and of a stallion; the NIV speaks of large genitals here	
s25654	road/street	a Burmese word for a road, kept after the name of a street and in Burmese terms such as {haa lan}, a highway; the Zolai word is <lampi>	
s25655	take any longer/take any more	<la>, take, and <nawn> written as one word, before a negative: no longer take; {tavuan lanawn loding} is will no longer take responsibility	
s25656	Lancaster	English place name, of towns in the United States, as in Lancaster Bible College; also met as a family name	
s25657	landmine/mine	an explosive hidden in the ground; {landmine siah} is lay mines and {landmine sikkha} is step on a mine	
s25658	lane	one of the strips of a road or of a running track	
s25659	half	one of the two equal parts of a thing; {a lang} is half of it	
s25660	side/opposing side	one of two sides; {lang pang} is to take the side against someone, and {lang khatah} is against	
s25661	be visible/be evident/stand out	as a verb, be clearly seen or prominent, as in {a lang mahmah}, very prominent; with the prefix {ki-} it is <kilang>, appear	
s25662	against/on the side opposite	<lang> side with <a>; {langa pang} is to take a stand against someone	
s25663	against	on the opposing side of, after a possessive as in {ka langah} against me	
s25664	melody/music/sweet song	pleasing song, <la>, song, with <ngaih>, lovely; {langaih sa} is to make music	
s25665	Langat	part of the names Hulu Langat and Kuala Langat, two districts of Selangor State in Malaysia	
s25666	lopsided/lame on one side/unbalanced	<lang>, one side, and <bai>, lame: lame or failing on one side, said of a thing that does not stand evenly and of democracy that goes wrong	
s25667	about half	<lang>, half, and <bang>, about, written as one word, after <a>: about half of what is named before it	
s25668	turn against/oppose/be hostile to	<lang> side with <bawl> make: set oneself against someone	
s25669	opposition/hostility	<langbawl> turn against, with the noun suffix <na>; in Proverbs 28:21 {mi langbawlna} is taking sides between people, partiality	
s25670	oppose/resist/go against	<lang>, side, with <do>, fight: take a stand against a person, a rule or a government; {kumpi langdo te} are those who oppose the government	
s25671	opposition/rebellion/resistance/insurgency/insurgence	the act of taking the other side and fighting against someone, from <lang> and <dona>; {kumpi langdona} is rebellion against the government	
s25672	Langel		
s25673	show partiality/take the side of/favor	<lang>, side, with <gen>, speak: speak for one side in a judgment	
s25674	Langkap	town in Perak, Malaysia, where an immigration detention depot is located	
s25675	Langkawi	island and holiday resort off the north-west coast of Malaysia	
s25676	one side/other side/half	one of two sides or of a pair, as in {khut langkhat}, one hand, and {gam langkhat}, half the kingdom	
s25677	against	on the opposite side; {langkhatah pang} is stand against, {langkhatah teci pang} is testify against	
s25678	display/make known/reveal	<lang>, appear, with <khia>, out, and <sak>, cause: bring something out into open view	
s25679	other side/opposite side/opposing side	<lang>, side, with <lam>, direction: the side across from one, the opposite direction, or the side opposed to one; {a langlam pan} is from the other side, on the other hand	
s25680	in plain view/openly/dangling	<lang>, be visible, doubled after a verb: in a way that is plainly seen, of something hanging, showing or going along in the open; meaning inferred from few sentences	
s25681	Langle		
s25682	Langley	a city in British Columbia, Canada; also the place in Virginia, USA, where the CIA has its headquarters	
s25683	with partiality/taking sides	<lang> side and <muh> see, with <a>: looking to one side, showing favour	
s25684	be against/oppose/take sides	<lang> side with <neih> have: take a side about someone, mostly against; {na langneih mite} is your enemies; in Exodus 23:3 of taking sides over a poor man in a lawsuit	
s25685	both sides/two sides	<lang>, side, with <nih>, two; {langnih a hiam} is sharp on both sides, double-edged; of a pair, as feet or parties, it means both	
s25686	exchange of fire/clash/firefight	<langnih>, both sides, and <kikapna>, shooting at each other: a fight in which two armed sides fire on each other, the usual term of war reports; used with <om> or <piang>, to take place	
s25687	both sides/both sides alike/on each side	<langnih>, the two sides, and <tuak.2>, each: both parties alike, each of the two sides; in reports of fighting it stands before the statement that holds for both, with or without <pan>, from	
s25688	on both sides/both	<langnih>, both sides, with <in>; of a sword, double-edged; of feet, both	
s25689	opponent/other party/adversary	<lang>, opposing side, with <pa>, which marks a man: the man on the other side	
s25690	oppose/rise against/rebel against	form of <langpang>, written {langpan’} before a following word	
s25691	oppose/resist/rebel against	take a stand against someone, <lang>, side, with <pang>, stand; the one opposed comes directly before it	
s25692	adversary/opponent/rival	one who stands against another, an opponent or enemy	
s25693	against/in opposition to	<langpang> oppose, with <a>	
s25694	against	<langpang>, oppose, with the linking suffix <in>; opposing, in opposition to	
s25695	foes/adversaries/enemies/opponents	<langpang>, oppose, with the plural <te>: those who stand against someone	
s25696	opposing/against/defying	form of <langpan> with {-in}; after its object it can be translated against	
s25697	opposition/rebellion/protest/insurrection	<langpan>, oppose, with the noun suffix <na>: the act of standing against someone, rebellion against God	
s25698	opponents/those who oppose	<langpan>, oppose, with the plural <te>: those who stand against someone	
s25699	Langpho		
s25700	Langphun		
s25701	reveal/show/make known/bring to light	cause to appear or be seen openly	
s25702	showing/revealing/making known	<langsak> make known with the linking ending <in>; {a dikna langsakin} is showing him to be in the right	
s25703	show again/renew	<langsak>, show, with <kik>, again: show once more, renew, as of concern for someone shown again after a long time	
s25704	vindicator/one who reveals	<langsak>, show, with <pa>, the man who does it; {ka thumanna a langsakpa} is he who shows that I am in the right, my vindicator	
s25705	show at once/reveal immediately	<langsak>, show, with <pah>, at once: let something be seen immediately	
s25706	have revealed/have shown	<langsak>, show, with <ta> marking a state now reached: has now shown or revealed	
s25707	openly/in the open	in an open way, not hidden; {a langtang-a taina} is open rebuke	
s25708	openly/publicly/plainly	<langtang>, open, with the ending <in>, used as {a langtangin}: openly, in plain view, without hiding	
s25709	half	one side or half of a group, as in {Manasseh minam a langte}, the half-tribe of Manasseh	
s25710	enemies/foes/adversaries/enemy	<lang>, opposing side, with the plural <te>: those on the other side, enemies	
s25711	both sides/each side	<lang>, side, and <tuak>, each, written as one word: {a langtuak} is each of the two sides, both parties	
s25712	on each side/on both sides/on each	<lang>, side, with <tuak>, each, and <ah>, at: on each of the two sides, as in {a khut langtuakah}, on each of his hands	
s25714	Langzang		
s25715	Sri Lanka	second word of the name Sri Lanka, the island country south of India, formerly Ceylon	
s25716		descriptive word placed after <pai>, walk, for the stately walk of a king before his people, beside <kuahkuah> for the rooster and <gangan> for the he-goat	
s25717	boldly/confidently/outright	after a verb of saying or doing such as <ci> or <kici>, said or done openly and with full assurance, often more than is warranted; the stately walk of the other sense is not meant	
s25718	lewdness/debauchery/excessive lust	<lan>, lustful, with <luat>, too much: shameless excess in sexual behaviour; {lanluat khialhna} is a lewd offence	
s25719	lewdness/outrageous act	<lanluat> with the noun suffix <na>	
s25720	Lanmadaw	a township of the city of Yangon	
s25721	lewdness/debauchery/lust	<lan>, lustful, with the noun suffix <na>: shameless sexual behaviour, often paired with <hukna>	
s25722	lewd acts/debauchery	plural of <lanna>	
s25723	colt/young donkey/foal	the young of a donkey: <la>, donkey, with <no>, young or little	
s25724	colt/young donkey	<lano>, colt, written with a capital at the start of a sentence or a line of verse	
s25725	junction/crossroads	a road junction, from Burmese; in the articles the central junction of a town, as in Kalay, glossed with {lamka bom}	
s25726	banners/flags	<lan> banner with the plural <te>	
s25727	lusty ones	<lan>, lustful, with the plural <te>; {sakol gilvah a lante} are well-fed, lusty stallions	
s25728	female donkey	<la> donkey, with <nu> female	
s25729	Laodicea	city in the Lycus valley of Asia Minor near Colossae and Hierapolis, home of one of the seven churches of Revelation	
s25730	Laodicea	city in the Lycus valley of Asia Minor near Colossae and Hierapolis, home of one of the seven churches of Revelation	
s25731	Laos	country in Southeast Asia that borders the east of Shan State of Myanmar	
s25732	overtake/catch up with	catch up with and come upon someone, as darkness overtaking a traveller	
s25733	be in time/be on time/make it	with <hun>, a date or an event before it, reach it before it is too late, not overtake a person; {a hun lap takin} is in good time	
s25734	one who takes/gatherer/taker	<la>, take, with <pa>: the man who takes or gathers something, as {an lapa}, one who gathers food, and {thuciamna a lapa}, one who takes an oath	
s25735	take at once/take immediately	<la>, take, and <pah>, at once, written as one word: take or collect something without delay; {Action lapah} is take action at once	
s25736	take briefly/take for a moment	<la>, take, with <pak>, for a short while, written as one word: {gentehna in lapak leng} is if we take it as an example	
s25737	plain song language/song words	<la>, song, with <pau>, speech: the plain words of everyday speech used in composing a song, set against <lakam>, the special poetic diction	
s25738	choir/singing group	<la>, song, with <pawl>, group: a group that sings together, especially in a church	
s25739	tea/tea leaf/pickled tea	Burmese tea, the tea leaf and what is made of it, named in the articles as a product of Shan State and glossed green tea	
s25740	compose songs/write poetry	<la>, song, with <phuah>, compose; {laphuah siampa} is a poet, and {ama laphuah} is the songs he composed	
s25741	compositions/songs composed	<laphuah>, compose songs, used as a noun with the plural <te>: the songs someone has composed	
s25742	compose songs	<la> song with <phuak> compose; {laphuak siampa} is a skilled maker of songs	
s25743	songwriter/composer/hymn writer	a person who composes songs, the verb {laphuak} used as a noun without <pa> or <mi>: {gospel laphuak minthang}, a famous gospel songwriter, {laphuak te}, the songwriters	
s25744	songwriter/hymn writer/composer	<la>, song, and <phuakpa>, composer, written as one word: the man who wrote a song	
s25745	songwriter/composer/hymn writer	<laphuak>, compose songs, and <siam>, skilled, written as one word: a skilled maker of songs or hymns	
s25746	songwriter/composer/hymn writer	<laphuak>, compose songs, and <siampa>, a skilled man, written as one word: a man skilled in making songs	
s25747	songwriters/composers	<laphuak>, compose songs, with plural <te>: those who compose songs	
s25748	female donkey	<la> donkey with <pi> female; the male is <latal>	
s25749	anthem/great song/hymn	<la>, song, with <pi>, great: an important or solemn song, such as the anthem of a land or a great piece sung by a choir; not the animal	
s25750	donkey/female donkey	{Lapi’ ta lano} is the foal of a donkey	
s25751	in time/on time/in good time/betimes	early enough, before it is too late; mostly as {a hun lapin}, in time	
s25752	more and more	after a verb, apparently of something that keeps piling up; the sense is not certain from one verse	
s25753	blinkingly/with quick glances	after a verb of the eyes such as <en> look, <dak> look around or {mit phe} blink, of quick repeated movements of the eyes, not of something that piles up	
s25754	miss/not catch/not be in time for	<lap>, catch up with, and <lo>, not, written as one word: fail to catch or reach something in time, such as a train or a deadline	
s25755	raising/lifting	<lap> raise, with the noun suffix <na>; {khut lapna} is the lifting of the hand	
s25756	want to reach in time/want to be in time for	<lap> catch up with, with <nuam> want	
s25757	Lappidoth	husband of the prophetess Deborah	
s25758	lift up/exalt/raise up/promote	lift someone or something high, in rank, honour or esteem; the opposite of <niamkhiat>, bring low	
s25759	promotion/uplifting/exaltation	<lapsang>, lift up, with the noun suffix {-na}: the raising of someone or something in rank, honour or well-being	
s25760	lift up/raise up	<lap>, raise, with <toh>, upward: lift a person up, raise to honour	
s25761	lifting up/raising	<laptoh>, lift up, with <na>	
s25762	laptop/laptop computer	a computer that can be carried and used on the lap	
s25763	laptops	the English plural of <Laptop>, used unchanged in Zolai sentences	
s25764	be in time/catch up/make it	<lap>, catch up with, and <zo>, here in its sense of be able, written as one word: manage to reach something in time or keep up with it	
s25765	Larkin	district of Johor Baru in Malaysia, known for its bus terminal	
s25766	singer	person who sings, especially one appointed to sing; {lasa pawl} is a group of singers	
s25767	sing	sing a song, from <la>, song, and <sa>, sing	
s25768	singer/vocalist	<lasa>, sing, and <siam>, skilled: a singer, one who sings as an artist; stands before the name of the person, or after a word such as <Zomi>	
s25769	have brought/send for/let take	<la>, take, with the causative <sak>: have something or someone fetched, or let someone take a thing	
s25770	sing	<la>, song, and <sak>, sing: sing a song; also the act of singing, as in {lasak hun}, the time of singing	
s25771	having brought/letting fetch	<lasak> have something brought, with the linking suffix <in>	
s25772	instrument/music/musical instrument/singing	<lasak>, sing, with the noun suffix <na>: singing or music, and an instrument for making music; it follows the name of an instrument, as {harp lasakna}, the harp, and {laiza lasakna}, the lyre	
s25773	musical instruments/instruments	<lasakna>, instrument, with the plural <te>; often after the name of an instrument, as in {laiza lasaknate}, lyres	
s25774	songs/singing		
s25775	mules	<la> donkey and <sakol> horse, with the plural <te>	
s25776	good at singing/skilled singer	<lasak>, sing, and <siam>, skilled, written as one word: good at singing, or a person who sings well	
s25777	songs/songs sung	<lasak>, sing, and the plural <te> written as one word: the songs that are sung; {i lasakte} is the songs we sing	
s25778	way of singing/singing style	<lasak>, sing, and <zia>, way, written as one word: the way or art of singing; {lasakzia hilh} is teach singing	
s25779	singer/male singer	<lasa>, singer, and <pa>, which marks a man, written as one word: the man who sings	
s25780	singers/musicians	<lasa>, singer, with the plural <te>: the singers and musicians, especially those of the temple	
s25781	laser	a device giving a strong narrow beam of light, used in the articles for skin treatment and the removal of tattoos	
s25782	Lasha	place on the border of the land of the Canaanites, named after Sodom, Gomorrah, Admah and Zeboyim	
s25783	Lasharon	Canaanite royal town whose king was defeated by Joshua	
s25784	Lashio	a city in northern Shan State, Myanmar	
s25785	Lasea	town on the south coast of Crete near Fair Havens	
s25786	singer/skilled singer	<la>, song, with <siam>, skilled: one who is good at singing	
s25787	singing talent/skill in singing	<la>, song, and <siamna>, skill, written as one word: the ability to sing well	
s25788	singers	plural of <lasiam>: singers, those who sing well	
s25790	bad reports/evil talk	only as the second half of the pair {thusia lasiate}, the plural of <thusia lasia>: bad things and bad reports of every kind	
s25791	bring down/take down	<la>, take, with <suk>, downward: bring or take down	
s25792	taking down	<lasuk> take down, with the linking suffix <in>	
s25793	Lat Swi		
s25794	song practice/singing practice	practice sessions of singers before a concert, a contest or a festival, from <la>, song; the practices come before the final rehearsal	
s25795	male donkey	<la> donkey with <tal> male; the female is <lapi>	
s25796	donkeys/asses	<la>, donkey, with the plural <te>	
s25797	songs	<la>, song, with the plural <te>	
s25798	reapers/harvesters	those who take, <la> with the plural marker <te>; {an late} are those who take in the grain, the reapers, and {leitawi a late} are those who take a loan, borrowers	
s25799	Psalms		
s25800	selected songs/chosen songs	<la> and <teel> written as one word: songs that have been selected, a selection of songs	
s25801	new song	<la>, song, and <thak>, new, written as one word: a new song, a newly composed or newly released song	
s25802	new songs	<la>, song, and <thakte>, new ones, written as one word	
s25803	be able to take/can take	<la> take, with <thei> be able	
s25804	will be able to take/may take	<lathei>, can take, and <ding>, will, written as one word: will be able to take; {hun latheiding} is it may take a length of time	
s25805	Lathton		
s25806	take more/take in addition	<la> take with <thuah>, in addition, on top of what is already there	
s25807	Latin	the language of the Romans, one of the three languages of the notice on the cross of Jesus	
s25808	Latin America	the countries of Central and South America taken together, the English name used unchanged; usually followed by <gam> or <gamte>, the countries	
s25809	Latins/Romans	<Latin> with the plural <te>: the people of the Latin language, the Romans, whose way of naming the hours before and after noon is followed	
s25810	distance	second part of {gam latna}, a divided spelling of <gamlatna>, distance: {tai 7 bek kigam latna} is a distance of only seven miles	
s25811	take up/lift up/draw up	<la>, take, with <to>, upward: take, lift or draw up	
s25812	show/testify/make known	make something seen; of honesty, speak for a person afterwards	
s25813	showing/making known	<latsak> show, with the noun suffix <na>	
s25814	Latyung		
s25815	afraid/frightened/fearful	feeling fear; {lau mahmah} is very afraid	
s25816	fear/scare/be afraid	feel fear of someone or of something that may happen; {lau kei in} and {lau kei un} are the commands do not be afraid	
s25817	to be feared/frightening/will fear	<lau>, fear, and <ding>, will or to be, written as one word: something to be feared, or will be afraid; {lauding hilo} is not a thing to fear	
s25818	be terrified/be greatly afraid	<lau> fear with the intensifier <gawp>; with <sak>, terrify	
s25819	frighten/terrify	<laugawp> be terrified, with the causative <sak>	
s25820	fear/be afraid	form of <lau> used before <ding>, <nading>, <man> and <dan>; {lauh ding om lo} is there is nothing to fear	
s25821	not afraid at all/fearless/unafraid	<lau> and <hetlo> written as one word: not afraid at all; {lauhetlo in} is without any fear	
s25823		descriptive word placed after <tuan>, ride, for the jolting and bouncing of a chariot being driven	
s25824	fear/dread	the feeling of being afraid, also fear that something may happen; {gal lauhna} is fear of war	
s25825	dreadful/terrible/fearful/awesome/awful/fierce/ghastly/horrendous/dire/fearsome/frightful/grisly/scary	<lau>, fear, with <huai>, causing: causing fear or awe, dreadful; of anger, fierce	
s25826	dangerous/risky/harmful/hazardous/perilous	likely to cause harm, said of a disease, a habit or a thing; with <adingin>, dangerous for someone, and {lauhuai zaw} is more dangerous	
s25827	will be dangerous/would be dangerous	<lauhuai>, dangerous, with <ding> written as one word: likely to be dangerous	
s25828	still dangerous	<lauhuai>, fearful, and <lai>, here still, written as one word	
s25829	not dangerous/harmless/nothing to fear	<lauhuai>, fearful or dangerous, and the negative <lo> written as one word: not dangerous, not to be feared	
s25830	too dangerous/very frightening	<lauhuai> and <lua> written as one word: too fearful, very dangerous	
s25831	terror/danger/dread/jeopardy/hazard	<lauhuai>, dreadful or dangerous, with the noun suffix <na>: terror, or danger that threatens	
s25832	terrors/dangers	<lauhuaina>, terror or danger, with the plural <te>	
s25833	fierce/most dreadful/terrible	<lauhuai> dreadful with <pi>, great; said of anger	
s25834	endanger/make dangerous/frighten/imperil/jeopardise	<lauhuai>, fearful or dangerous, and <sak>, cause, written as one word: put in danger, raise the danger of	
s25835	terrible/fearsome/cruel/fierce	<lauhuai> with plural <te>, after a noun: {mi lauhuaite} the cruel, {ganhing lauhuaite} fierce beasts	
s25836	can be dangerous/potentially dangerous	<lauhuai> and <thei>, can, written as one word: it can be dangerous or frightening	
s25837	seem dangerous/look frightening	<lauhuai>, dangerous or frightening, and <tuak> written as one word: it appears dangerous or frightening, it is something to be feared	
s25838	more dreadful/more terrible/more severe	<lauhuai> dreadful, with <zaw>, more	
s25839	being afraid/fearing	<lau> fear, with the connective suffix <in>	
s25840	fearfully/afraid/in fear	<lau> fear with <kawm> while: being afraid and something else at the same time, as {laukawm lingkawmin}, fearing and trembling, and {laukawm nuamkawmin}, afraid yet glad	
s25841	in fear/fearfully	<laukawm> while being afraid, with the connective suffix <in>	
s25842	do not be afraid/fear not	<lau>, fear, and <kei>, not, written as one word: with <in> or <un> the command do not be afraid	
s25843	soul/spirit	word of songs and poems for <kha>, the soul or spirit of a person	
s25844	Laukkai	town in the north of Shan State, Myanmar, chief town of the Kokang area	
s25845	Laukkawn		
s25846	Lauknaw		
s25847	dread/keep fearing	<lau>, fear, said twice; {ka laulau} is the very thing I fear	
s25848	anyhow/heedlessly	placed after a verb and not from <lau>, fear: the action is done or happens without care or restraint, as {ne laulau}, eat anyhow in front of others	
s25849	if afraid/if one fears	<lau> and <leh>, if, written as one word: if one is afraid of something	
s25850	unafraid/fearless/without fear/undaunted	<lau>, afraid, and <lo>, not, written as one word; {laulo in} is without fear	
s25851	not fear/be unafraid	<lau>, fear, and the negative <loh> written as one word, before words such as <na> and <ding>: not fearing; {lauloh na} is fearlessness	
s25852	be very afraid/be terrified	<lau> fear with <lua>, too much, exceedingly	
s25853	great fear/being too afraid	<lau> and <luat> written as one word: being too much afraid; {lauluat manin} is because of being so afraid	
s25854	very afraid/terrified	<lau>, afraid, and <mahmah>, very, written as one word	
s25855	look afraid/show fear	<lau>, fear, with <mai>, face: of the face, show fear	
s25856	for fear of/because of fear	<lau>, be afraid, and <man>, because, written as one word and followed by <in> or <mahin>: because of fearing something	
s25857	fear/terror/dread/fright/horror	<lau>, fear, with the noun suffix <na>: fear, dread or terror	
s25858	terror/fear	<launa>, fear, written with a capital at the start of a sentence, and in the name {Mun khempeuhah Launa}, Terror on Every Side	
s25859	terrors/fears	<launa>, fear, with the plural <te>; {sih ding launate} are the terrors of death	
s25860	fear any longer/be afraid any more	<lau>, fear, and <nawn>, any longer, written as one word; with a negative after it, no longer be afraid	
s25861	Laungdan		
s25862	Laungkadu		
s25863	Laungkhi		
s25864	Laungva		
s25865	one who fears	<lau> fear with <pa> marking a man: the man who is afraid	
s25866	fear most/be most afraid of	<lau>, fear, and <pen>, most, written as one word: what someone fears most	
s25867	alarm/frighten/scare	<lau>, afraid, with <phawn>, stir: stir up fear in people, alarm them	
s25868	be afraid of/fear	<lau>, fear, with <pih>: be afraid on account of someone or something	
s25869	in great fear/fearfully	<lau> and <pipi> written as one word, mostly followed by <in>: while very much afraid	
s25870	frighten/terrify/make afraid/intimidate/scare	<lau>, fear, with the causative <sak>: make someone afraid	
s25871	terrify/frighten greatly	<lausak>, frighten, with <gawp>, severely	
s25872	frightening/terrifying	<lausak> frighten with the linking ending <in>	
s25873	terrify/frighten the more	<lausak> make afraid, with <zaw>, more, rather	
s25874	be able to terrify/succeed in frightening	<lausak> frighten, with <zo>, be able, manage to	
s25875	have come to fear/be afraid now	<lau>, fear, and <ta> written as one word, where <ta> shows a change that has come about: now fears, has become afraid of	
s25876	those who fear	<lau> fear with the plural <te>: the ones who are afraid	
s25877	fear/anxiety/apprehension/trepidation/nervousness/unease	sudden fear or alarm; {lauthawng kawmin} is with fear	
s25878	frighten/scare/panic/startle/quail	be struck with sudden fear or alarm, as in {lungsim lauthawng mite}, people whose hearts are fearful	
s25879	panic/be terrified	<lauthawng>, be struck with fear, and <gawp>, severely, written as one word: be badly frightened, panic; often paired with <patau>	
s25880	be terrified/be too frightened	<lauthawng>, be frightened, with <lua>, too much, written as one word: be badly frightened, be in shock from fear	
s25881	alarm	<lauthawng> with the noun suffix <na>: sudden alarm or fright	
s25882	alarm	<lauthawngna> written with a capital at the start of a sentence	
s25883	frighten/threaten/intimidate/scare/menace	<lauthawng>, sudden fear, with the causative <sak>: make someone afraid, threaten, as with a knife or with a false bomb warning	
s25884	threat/intimidation/scare	<lauthawngsak>, frighten or threaten, with the noun ending {-na}: a threat that makes people afraid, as {Bomb ki lauthawngsakna}, a bomb threat	
s25885	be able to fear/take warning	<lau> fear with <theih>, can; with <nadingin>, so that they may fear	
s25886	more afraid	<lau>, afraid, with <zaw>, more	
s25887	vomit	form of <lua>, vomit, with {-ua} changed to {-aw}, used before <zawzen>, even	
s25888	Lawas	a town and district in Sarawak, Malaysia	
s25889	call/call on/name	say a name aloud: call on the name of someone, or name a price; {min lawh} is to call on or mention a name	
s25890	as a result/thereby	placed after a verb to say that what it names comes about as a consequence of something said before, a loss or a gain, not the calling of a name: {sih lawh} is die of it, {ngah lawh} is gain by it	
s25891	even as a result/to the point of	<lawh>, as a result, and <liang>, even, to the point of: placed after a verb to say that something goes so far that this outcome comes of it, a gain or a loss; {hauh lawh liang} is even get rich by it, {gilkial lawh liang} is go so far as to starve for it	
s25894	succeed/be effective	form of <lawhcing> used before <nading> and other endings	
s25895	succeed/be successful	have success, achieve what was aimed at; the form <lawhcin> is used before <nading>	
s25896	successfully	<lawhcing>, succeed, with <in> written as one word: successfully, having succeeded	
s25897	unsuccessful/failing/abortive	<lawhcing> succeed and <lo> not written as one word: not succeed, fail; {a lawhcinglo te} are those who fail	
s25899	make successful/cause to succeed/give success	<lawhcing> and <sak> written as one word: make a person or a work succeed	
s25900	successful people/the successful	<lawhcing>, succeed, with the plural <te>: those who succeed, mostly as {mi lawhcingte}	
s25901	more successful	<lawhcing>, succeed, and the comparative <zaw> written as one word: more successful, succeed more	
s25902	failure/lack of success	<lawhcin>, succeed, and <lohna>, the state of not doing, written as one word: not succeeding, a failure	
s25903	success/achievement	<lawhcin>, succeed, with the noun suffix <na>: success, what a person has achieved	
s25904	successes/achievements	<lawhcinna> with the plural <te>: successes, the things a person has achieved	
s25905	will result in/will lead to	<lawh>, as a result, and <ding> written as one word after a verb: that something will come about as a consequence	
s25906	worth picking	<lo>, pick, gather, in the form used before a suffix, with <huai>, worthy of: worth picking	
s25907	catching/spreading to	of fire, catch hold of and spread to something, with the linking ending <in>	
s25908		in {a lawhin}, in its basket, basket and all; <lawh> basket with the ending <in>	
s25909	as a result/thereby/so that	<lawh.2> with the ending {-in}, placed after a verb such as <theih> or <siat>: what follows comes about as a consequence of that verb, not the spreading of a fire and not a basket	
s25910	spread to/affect by contact/pass on to	<lawh>, spread to, with <kha>, come into contact: of something holy, pass its holiness to the people who touch it	
s25911	mention/utter	<lawh> call, with <khak>, happen to: call or speak a name when one should not	
s25912	calling together/collective naming	<lawh>, call, with <khop>, together, and the noun suffix {-na}: the calling of many things by one name	
s25913	toss/roll/surge	of waves, heave up again and again	
s25914	not infect/not pass on	<lawh>, here pass on to another or catch from another, with the negative <loh>, before <nadingin>: so that a disease or a bad influence does not spread to someone	
s25915	picking/gathering/harvest	the picking of fruit from a tree or vine	
s25916	reciting	the saying aloud of words, here of the commandments	
s25917	name/designation/term/calling	what a person, place or thing is called by some people, the name they use for it: {ei lawhna} is our name for it and {namdangte' hong lawhna} what other peoples call us; not the picking of fruit	
s25918	spread to/spread across/catch	of fire, disease, an earthquake or bad conduct: pass sideways onto what is near, as <kilawh> is spread; <kilawhphei> is used in the same way	
s25919	winnowing fork/winnowing fan	the tool held in the hand to winnow grain on the threshing floor	
s25920	rent out/let out	with <khawh>, farm: let others work a field for a share of the crop	
s25921	pass on to/transmit	cause something to spread to others by contact, as holiness passing from the holy offerings to the people	
s25922	rent out/let out	<lawhsak> let others farm a field for hire, with the connective suffix <in>	
s25923	pass on to/affect by contact	<lawhsak> cause to spread by contact, with <khak>, happen to: make people holy by bringing holy things among them	
s25924	fail/be unsuccessful	not achieve what was aimed at; the form <lawhsap> is used before endings such as <na>	
s25925	fail/be unsuccessful	form of <lawhsam>, fail, used before words such as <ni>, <hun> and <loh>; the opposite of <lawhcin>, succeed	
s25926	failure/disappointment	not succeeding in what was aimed at, the opposite of <lawhcinna>, success	
s25927		<lo>, pick, gather, in the form used before a suffix, with <suah>, bring out or become: bring about or carry through what <lo> names; the page lists the form without a meaning	
s25928	omer/measure	a small dry measure for grain; it renders the omer of Exodus and the daily ration measure of Revelation	
s25930	gain/profit/portion	what one really gets out of work or effort	
s25931	tenants/hired workers	in {lo khawh lawhte}, those who work the field of another	
s25932	baskets	<lawh>, a basket or measure of grain, with plural {-te}	
s25933	can spread to/be contagious/can infect	<lawh>, pass to or come upon another, with <thei>, can: of a disease, able to pass to others; after <tuahsiat>, accident, and similar words, liable to meet with it	
s25934	be able to pick/be able to pluck	pick fruit, with <theih>, can	
s25935	spread upward	of a fire, catch and spread up to the floors above; {lawhsuk} is spread downward	
s25936	fit to be picked	<lo>, pick, gather, in the form used before a suffix, with <tuak>, be fitting: fit to be picked	
s25937	gain rather/win instead	with <nuntak>, gain life instead of death	
s25938	pronunciation/way of pronouncing	<lawh> and <zia> written as one word: the way a word is called out or pronounced, as in {lamal lawhzia}, pronunciation of the words	
s25939	be able to infect/be able to reach	<lawh>, of a disease or an influence, pass on to others, with <zo>, be able, written as one word: manage to spread to someone; in one article it seems instead to be earn enough	
s25940	buffalo	{lawi lokhawhna leeng}, the buffalo-drawn implement for working a field, stands for the plow	
s25941	leave/depart from	with a negative, {lawi loin}, without ever leaving a place	
s25942	Lawibual	a quarter, <veng>, of the town of Tedim in Chin State	
s25943	plundering/pillage	being robbed of everything, with <gawp>, severely, and the noun ending <na>	
s25944	pagan/heathen/unbeliever	a person who does not know or worship God, one outside the faith, also placed before a noun, {lawki thukhente}, pagan judges	
s25945	pagans/heathens/unbelievers	<lawki> with plural {-te}, people who do not worship God, those outside the faith	
s25946	pagans/unbelievers/the ungodly	<lawkite> written with a capital: pagans, people outside the faith, here as those asked to judge a dispute between believers	
s25947	Lawklung		
s25948	so much that/to excess	<law>, the form of <lua>, too much, with <liang>, even, written as one word after a verb: so very much, to the point that something follows	
s25949	friend/companion/comrade/mate	a friend or companion; {lawm ngaih} is a lover or beloved	
s25950	youth house	given by the book as another name of <sawm>, the young people's house of a village and its company	
s25951	my friend/friend	<lawm>, friend, and <aw>, here the calling word placed after the one addressed: used in speech to address a friend or the reader, at the start or end of a sentence	
s25952	lovers/sweethearts/courting couple	<lawm>, friend, and <kingai>, love each other: a young man and woman who are in love and courting but not married, as against <nupa>, husband and wife; with <te> for the plural or a number after it	
s25953	as a friend	<lawm> friend with the ending <a>, as: take or win someone as a friend	
s25954	lawmaker/member of parliament/legislator	the English word used in news reports for a member of a parliament, often placed before the name	
s25955	lawmakers/members of parliament/legislators	the English plural of <lawmaker>, used in news reports, often followed by the plural <te>	
s25956	youth house	given by the book in brackets as another word for <sawm>, the young people's house of a village; perhaps <lawm> with an ending	
s25957	befriend/make friends with	<lawm>, friend, with <bawl>, make: take someone as a friend, keep company with	
s25958	another friend/other friends	<lawm> and <dang> written as one word: a friend or companion other than the ones one has	
s25959	other friends/the others/fellows	<lawm> and <dangte> written as one word: other friends or companions, also the other peoples or groups beside one's own	
s25961	assigning of partners	<lawm>, partner, with <hawmna>, sharing out: the rule by which the holders of household positions are paired as partners for the rice beer at a death or a feast; {sihna lawmhawmna} is the pairing at a death	
s25962	good friend	<lawm>, friend, with <hoih>, good, written as one word: a good friend	
s25963	as a friend/as friends	<lawm> friend, with the marker <in>, as	
s25964	dear friend/beloved friend/close friend	<lawm> friend and <it> love as one word: a friend one holds dear	
s25965	dear friends/close friends	<lawmit>, dear friend, with the plural <te>; the sentences also use it of one of several friends	
s25966	lovers/couple	<lawm>, friend, and the verb prefix <ki> written as one word and apart from the verb that follows: {lawmki ngai} is <lawm kingai>, a couple in love	
s25967	lovers/couple in love/sweethearts	<lawm>, friend, with <kingai>, love each other, written as one word: a man and a woman who are in love but not married	
s25968	so/to such a degree	intensifier after a verb or descriptive word in a reproachful question: how can you be so	
s25969	friends/companions/peers	<lawm>, friend, <le>, and, and <gual>, here one's peers, written as one word: friends and companions as a group	
s25970	friends/companions	<lawmlegual>, friends and companions, with the plural <te>	
s25971	friends and	<lawm> and <leh> written as one word, in {lawmleh gual}, friends and peers	
s25972	friends/friends and companions/peers	<lawm>, friend, <leh>, and, and <gual>, here peer or companion, written as one word: one's friends and companions taken together	
s25973	unfitting/improper/unseemly	<lawm>, fitting, as in <kilawm>, with <lo>, not, written as one word after <ki> or a verb: not proper; {et lawmlo} is not fit to look at, unseemly	
s25974	old friends/former friends	<lawm>, friend, with <luite>, the old ones, written as one word: friends of long standing	
s25975	lover/sweetheart/boyfriend/girlfriend	<lawm>, friend, with <ngaih>, beloved: the person one is in love with and courting	
s25976	girlfriend/sweetheart	<lawmngaih>, sweetheart, with <nu> for a woman: the girl or woman someone is in love with	
s25977	boyfriend/lover/sweetheart	<lawmngaih>, sweetheart, with <pa> marking a man: the man a woman loves; the woman is <lawmngaihnu>	
s25978	sweethearts/lovers/partners	plural of <lawmngaih>, sweetheart; also said of the partner or partners of the people spoken of	
s25979	bride/female companion/betrothed/girlfriend	<lawm> with <nu> marking a woman: a female friend or companion; in the Bible used for a bride or wife and for a fellow wife	
s25980	bride/beloved	<lawmnu> written with a capital: the bride of the Lamb, and the beloved woman in a section heading of the Song of Songs	
s25981	friend/companion	<lawm> with <pa>, a male friend	
s25982	beloved/friend	male friend, here the lover of the young woman; capitalised in a section heading	
s25983	one without a mate	<lawm> companion, mate, with <sam>, lack: an animal that lacks its mate	
s25984	friends/close friends	friends or allies bound to one another; {lawmta dinga thuciamna} is a treaty of brotherhood	
s25985	couple/pair/lovers	two people who are together as lovers or partners, often after <hih>, <hihte> or <amau>; <nupa> is said of a married couple	
s25986	friends/close friends	<lawmta>, friends bound to one another, with the plural <te>	
s25987	friendship/fellowship	written after a separate <ki>, as {ki lawmtatna}, the word <kilawmtatna>: being on friendly terms with one another, friendly relations	
s25988	friends/companions	plural of <lawm>: friends, companions, the people one keeps company with	
s25989	friends	<lawmte>, friends, with <n>, the short form of <in> that marks the doer of the action, written as one word	
s25990	friends/all the friends	<lawm>, friend, with <teng>, here all, written as one word: the friends as a group, all of one's friends	
s25991	feast/banquet	a meal to which guests are invited, {mo la lawmvakna} is a wedding feast	
s25992	throw/cast/hurl/fling	throw something or someone away from oneself, into or onto a place	
s25993	touch	form of <lawng> written with an apostrophe before <ciangin> and similar words	
s25994	fire/launch/shoot	send off a shot from a weapon or send something up into the air; after <thau>, fire a gun, and of missiles, rockets, fireworks and satellites, launch, the last as {lawn to}	
s25995	touch	put the hand or a part of the body on something or someone; before some endings it is written <lawn>	
s25996	piece/unit	counting word for guns and other long weapons, placed between the name of the weapon and the number, as in {thau lawng 4}, four guns; not the verb touch	
s25997	Lawng		
s25998	touched	<lawng> touch, with the connective <a>	
s25999	Lawngdu		
