sense	terms	definition	text
s28000	having lain	the fact of having lain down: <lup> lie with <khit> finished and the noun suffix <na>; of a sick man lying a long time	
s28001	lie with/sleep with/have sexual relations	lie down together: <lup> lie with <khop> together; in Ecclesiastes 3:5 it stands for embracing	
s28002	to sleep with/to lie with	<lupkhop>, sleep with, and <ding> written as one word: to sleep with someone, sleeping together as what is to be done	
s28003	sexual intercourse/sleeping together	<lupkhop>, lie together, with the noun suffix <na>: lying with someone sexually; {lupkhopna tawh pasal thei} is to have known a man by sleeping with him	
s28004	sleep with/lie with	<lupkhop> lie together with <pih>, do with someone: have sexual relations with	
s28005	bedtime	<lup>, go to bed, with <kuan>, set out: the time of going to bed; {lupkuan ciangin} is when going to bed	
s28006	lying down	<lup> lie down with <lam>: the act or time of lying down, paired with <thawhlam>, getting up	
s28007	keep lying/lie on and on	<lup>, lie down, said twice: lie or sleep on and on; {na luplup kal in} is while you keep lying in bed	
s28008	before going to bed/at bedtime	<lup>, lie down, with <ma>, before, written as one word: before going to sleep; often {nitak lupma in}	
s28009	bed/sickbed/place of lying	<lup>, lie down, and <mun>, place, written as one word: the place where one lies, a bed; {lupmun tungah} is on the bed, said of lying ill	
s28010	bed/couch	a place to lie on and sleep, a bed	
s28011	bedroom	<lupna>, bed or place to sleep, and <inndei>, room: the room of a house in which a person sleeps; often followed by <sungah>, in	
s28012	place to lie down/place to sleep/sleeping place	<lup>, lie down, and <nading>, for, written as one word: a place or thing for lying down to sleep	
s28013	bedroom	<lupna>, bed, with a second part that means room: the room of a house in which people sleep	
s28014	bedroom	<lupna> and <sung> written as one word: the inside of the sleeping place, the bedroom	
s28015	beds/couches/bedding	<lupna> bed with plural <te>	
s28016	bed/on the bed	<lupna> and <tung> written as one word: the top of the bed, the bed as the place where one lies; with <ah>, on the bed, in bed	
s28017	bed/bedding/couch	what is spread to lie on: <lup> lie with <phah> spread	
s28018	sleep together/sleep with/lie with	<lup>, lie down, with <pih>, do together with someone: have sexual relations with a person, most often said of a husband with his wife	of having sex
s28019	sexual intercourse/have sexual relations with	have sexual relations with someone unlawfully, as in adultery, rape or prostitution	
s28020	mate		of animals
s28021	sleep with/sleep beside/keep in bed	lie down to sleep with a thing or a person beside one, with no sexual meaning, as with a phone or a bicycle kept by the bed; {luppih puan} is the blanket one sleeps with	
s28022	sleep together	<luppih> with the linking suffix <in>: sleeping with someone and then doing the next action	of having sex
s28023	sleeping with	<luppih> sleep with, with the noun suffix <na>: the act of having sexual relations with someone	
s28024	lying down/while lying	<lup>, lie down, with <sa>, in the state of: in a lying position, while lying down	
s28025	go to bed leaving	<lup>, lie down, with the ending {-san}, leaving behind: go to sleep and leave something or someone as it is	
s28026	be able to lie down	<lup> lie down with <theih>, can; {luptheih nading mun} is a place to lie down	
s28027	Lusei/Lushai	a Zo people of Mizoram in India and their language, also called Mizo; {Lusei gam} is their land	
s28028	Lushai/Lusei/Mizo	the Lusei or Lushai people of Mizoram, <Lusei> with the plural <te>	
s28029	Lushai/Lusei/Mizo	older name of the Mizo people and of their country, the Lushai Hills, now Mizoram in India	
s28031	Lucius	name of two men: Lucius of Cyrene, a prophet and teacher in the church at Antioch, and a fellow Jew of Paul who sends greetings to Rome	
s28032	slumber/doze/be sleepy	be drowsy or doze, the light sleep that comes before <ihmu>, sleep; {lusu lo, ihmu lo} is neither slumbers nor sleeps	
s28033	doze/nod off/slumber	form of <lusu>	
s28034	slumber/dozing	<lusuk> with the noun suffix <na>	
s28035		describes the manner of lying asleep or drowsing on, in a row with <lumlum> lying about	
s28036	enter/go in	go or come into a place; the place entered is usually marked with <sungah>, into, and the opposite is <pusuak>, go out	
s28037	head	the head of a person or animal, and also the head or leader of a tribe or family	
s28038	head	<lutang> written with a capital, at the start of a sentence or in a name; {Lutang Guh}, head bone, is the Skull, the name of the hill Golgotha	
s28039	headache	<lutang>, head, with <nat>, pain: a pain in the head, named with <khuasik> and <cisa> as a reason for staying away from school	
s28040	on the head	<lutang> head with <a>, on, at	
s28041	skull	<lutang> head with <guh> bone; {Lutangguh Mun} is the Place of the Skull, Golgotha	
s28042	as head/as leader/as chief	<lutang>, head, with the ending <in>: in the position of head over others	
s28043	headache	<lutang>, head, with <na>, be in pain: a headache, named among the signs of an illness	
s28044	head/chief	<lutang> head with <pi> great: the one who is head over others	
s28045	heads/chiefs/leaders	<lutang>, head, with the plural <te>: the heads of tribes, clans and families, as in {beh lutangte}, clan heads, and {innkuan lutangte}, heads of families	
s28046	heads	<lutang>, head, with the plural <te>: the heads of people as parts of the body	
s28047	first enter/enter at first	<lut>, enter, and <cil>, at the beginning, written as one word: at the time of first entering a land or a job	
s28048	will enter/to enter/to join	<lut> and <ding> written as one word: will go in, in order to go in; also of joining a group or a programme	
s28049	in order to enter/to get in/to join	<lut> and <dingin> written as one word: so as to go into a place or join a group	
s28050	heads	<lu> head, with the plural <te>	
s28051	rush in/pour in/crowd in	<lut>, enter, and <gawp>, the particle of doing something heavily or all over, written as one word: go in by force or in a mass, as people into hiding places or smoke into a house	
s28052	Lutheran	the Lutheran church, a Protestant denomination; {Lutheran Pawlpi} is the Lutheran Church	
s28053	entering/going in/coming in	<lut> with <in>, entering and then doing the next action	
s28054	head	the head of a person, as the part that aches; {luting na} is have a headache; the same part as <lu> and <lutang>	
s28055	go in from place to place/raid around	<lut>, enter, with <kawikawi>, about, written as one word: enter one place after another, said of rescue workers searching houses and of raids by the authorities	
s28056	get into/happen to enter/enter by accident	<lut>, enter, and <kha>, happen to, written as one word: get into something without being meant to, as air, germs or soap into the body or into food, or a car into a shop	
s28057	enter together/go in with	<lut> enter with <khawm> together	
s28058	have entered/have joined	<lut>, enter, and <khin>, already, written as one word: have already gone in, have already joined	
s28059	have entered	<lut> enter with <khit>, finished; {lutkhit ciangin} is after going in	
s28060	permission to enter/entry permit/admission/right of entry	<lut>, enter, and <khuan>, permission, written as one word: leave to enter a country, a place or a body, such as a visa or membership	
s28061	go back in/re-enter/return into	<lut> enter with <kik>, again or back	
s28062	go back in/enter again	<lutkik> with the linking suffix <in>	
s28063	must enter/have to go in	<lut> and <kul> written as one word: it is necessary to go into a place or to join a group	
s28064	fail to enter/fall short of entering	<lut> enter with <lah>, not manage to	
s28065	while entering/at the moment of entering	<lut>, enter, and <laitak>, at the very time, written as one word: just when someone enters or breaks in	
s28066	entering/way in	<lut> enter with <lam> way, manner: the act of going in	
s28067	if it comes in/when it enters	<lut>, enter, and <leh>, if or when, written as one word: if or when someone or something comes in, as a call on a phone	
s28068	not enter/not join	<lut> and <lo> written as one word: not go in, not take part in or not become a member of	
s28069	not enter/not join	<lut>, enter, and the negative <loh>, written as one word; {lutloh nadingin} is so that it does not get in	
s28070	keep entering/enter one after another/go in again and again	<lut>, enter, said twice and written as one word: enter repeatedly or one after another	
s28071	before entering/before going in	<lut>, enter, and <ma>, before, written as one word, mostly followed by <in>: before going into a place, or before a matter is taken up	
s28072	entrance fee/entry fee/admission	<lut>, enter, with <man>, price: the money paid to enter a place or to take part in a contest	
s28073	enter first/go in first	<lut>, enter, and <masa>, first, written as one word: go in first, or go in for the first time	
s28074	entrance/entry/way in	<lut>, enter, with the noun suffix <na>: the place where one goes in, such as a gateway or doorway, or the act of entering	
s28075	for entering/entry/entrance	<lut> and <nading> written as one word: for going in; before a noun, the thing by which one enters, as a visa, a road or a gate	
s28076	have not yet entered/not yet join	<lut> and <nailo> written as one word: has not yet gone in or joined	
s28077	dare to enter	<lut>, enter, and <ngam>, dare, written as one word; mostly with <lo>, not dare to go in	
s28078	want to enter	<lut> enter with <nop> want, the form of <lutnuam> used before <leh>, if	
s28079	want to enter	<lut> enter with <nuam> want	
s28080	those who want to enter	<lutnuam> want to enter with the plural <te>	
s28081	bald head/bald crown	<lu> head with <tol> bald: the bald top of the head, set beside <talkolh>, the bald forehead	
s28082	Buddhist monk/monk	a Buddhist monk, named for his shaven head, often {Kawl lutol}, a Burmese monk; {lutol buaina} is the monks' uprising of 2007; here no bald crown is meant	
s28083	Buddhist monks/monks	<lutol>, bald head, with the plural <te> written as one word: Buddhist monks, named for their shaven heads	
s28084	possessed man	<lut> enter with <pa>, marking a man: the man whom something has entered; found as {dawi lutpa}, a demon-possessed man	
s28085	enter at once	<lut> enter with <pah>, at once, immediately	
s28086	go in/enter/go across into	<lut>, enter, with <phei> as a direction word, across or over to a place on the same level: go over and into a house, a room or a station	
s28087	bring in/take in	<lut>, enter, with <pih>, do together with: go in taking a person or thing along, bring or carry in	
s28088	to bring in/will bring in	<lutpih>, bring in, and <ding> written as one word: to bring or take in, what is to be brought in	
s28089	try to bring in/intend to take in	<lutpih>, bring in, and <sawm>, intend, written as one word: try or plan to take a person or thing inside	
s28090	already entered/already joined/enrolled	<lut>, enter, with <sa> marking a finished act: that has already entered or joined; {a lutsa innkuan} is a household already enrolled	
s28091	let in/bring in/send into/admit	<lut>, enter, with <sak>, cause or allow: let someone in, bring in or send into a place	
s28092	will let in/will admit/to bring in	<lutsak>, let in, and <ding> written as one word: will admit, or to let in	
s28093	not let in/refuse entry/not admit	<lutsak>, let in, and <lo>, not, written as one word: not allow someone to enter; with <ki>, be refused entry	
s28094	will not admit/will not be let in	<lutsak>, let in, and <loding>, will not, written as one word: will not let in; after <ki>, will not be allowed to enter	
s28095	not let in/not admit/bar from entering	<lutsak>, let in, and the negative <loh> written as one word: not allow someone to enter a country or an area	
s28096	not to let in/bar from entering	<lutsak>, let in, and <lohding>, not to, written as one word: that someone is not to be let in, a ban on entry	
s28097	those who have entered	<lut> enter with <sa>, already, and plural <te>; NIV has her guests	
s28098	try to enter/attempt to get in	<lut>, enter, with <sawm>, intend, written as one word: try or set out to get into a place; {aguk lutsawm} is try to sneak in	
s28099	slip in/creep in/enter secretly	<lut> enter with <sim>, secretly	
s28100	go right in/enter straight into	<lut>, enter, with <suak>, right through: go straight into a place without stopping	
s28101	go down into/go in/enter	<lut>, enter, with <suk>, downward	
s28102	go down into/go inside	<lutsuk> with the linking suffix <in>	
s28103	go straight down into	<lut> enter with <suk> downward and <pah> at once	
s28104	those who enter	<lut>, enter, with the plural <te>: the people who go in	
s28105	possessed people	in {dawi lutte}, those whom demons have entered, the demon-possessed	
s28106	those who join/participants/members	after the name of a movement or body, as in {CDM lutte}: the people who have joined it, not people who go into a place	
s28107	newly join/newly enter	<lut>, enter, with <thak>, new: have newly come in or joined; {pawl lutthak} is a new member of a group	
s28108	new enrolment/new membership	<lutthak>, newly join, with the noun suffix {-na}: the joining of new members; found in the heading {Genvai lutthakna}, new enrolment in the <Genvai> fund	
s28109	can enter/be able to enter	<lut> enter with <thei> be able	
s28110	be able to enter	the form of <lutthei> used before <nading>; {luttheih nading} is so that one may enter, the right to enter	
s28111	will not be able to enter/barred from entering	<luttheih>, be able to enter, and <loding>, will not, written as one word; before a noun: that will not be allowed in	
s28112	entry/admission/access	<luttheih>, be able to enter, with the noun ending {-na}: being able or allowed to enter a place or join a body; {luttheihna ding} is so that one may enter	
s28113	in order to enter/for entry	<luttheih>, be able to enter, and <nading>, for, written as one word: so that one may enter, for being admitted to a country	
s28114	cannot enter/unable to go in	<lut> and <theilo> written as one word: not able to enter or go in	
s28115	go up into/enter/advance into	<lut>, enter, with <to>, upward: go in and up, come up into a place	
s28116	headband/headdress	<lu> head with <tuam>, wrap	
s28117	fall headlong	<lu> head with <tuk> fall: fall head first, a fall worse than <puk>, stumble	
s28118	head/top of the head	<lu>, head, and <tung>, top or upon, mostly of something that is put or falls on the head of a person	
s28119	on the head	<lutung> top of the head with <a>, on, at	
s28120	on the head/upon the head	<lutung> top of the head, with the place marker <ah>	
s28121	be able to enter	<lut> enter with <zawh> be able; {a lutzawh lohna} is their not being able to enter	
s28122	get in/manage to enter	<lut>, enter, and <zo>, be able, written as one word: succeed in entering a place or in being admitted to a body	
s28124	be stirred/be in an uproar	in {luum lialua}, of a whole town moved and noisy with excitement	
s28125	shield	named among the weapons of a rider, with <galhiam> and <tei>, spear; apparently a spelling of <lum>, shield	
s28126	warm/let warm	<luum> warm with <sak>, cause	
s28127	serve/set out	set out a pot of <zu>, rice beer, and serve it to guests or at a feast, as in {zu luup}	
s28129	be dizzy/feel giddy/feel light-headed	have the feeling that the head, <lu>, is spinning, often before fainting or vomiting	
s28130	brink/steep edge	the top edge of a cliff; {keen luvum} is the steep bank the pigs rushed down	
s28131	Luxembourg	small country in western Europe	
s28132	Luz	old name of the town of Bethel in Canaan; also a city built later in the land of the Hittites by a man from the first Luz	
s28133	crown of the head/top of the head	the crown or top of the head; {a khenuai a kipan a luzang dongin} is from the sole of the foot to the top of the head	
s28134	tops/capitals	<lu> head with <zepna>, ornament, and plural <te>: the ornamented tops of posts	
s28135	Lwedup		
s28136	Lydda	town in the plain of Sharon near Joppa, where Peter healed Aeneas	
s28137	Lydia	woman from Thyatira, a dealer in purple cloth, who believed at Philippi and received Paul in her house	
s28138	Lysanias	tetrarch of Abilene at the time John the Baptist began to preach	
s28139	Lycia	region on the south coast of Asia Minor, where Paul changed ships at Myra on his way to Rome	
s28140	Lysias	Claudius Lysias, the Roman commander in Jerusalem who arrested Paul and sent him to the governor Felix	
s28141	Lystra	city of Lycaonia in Asia Minor, where Paul healed a lame man and was stoned, and where Timothy lived	
s28142	LZI	short for {Leitungbup Zomi Innkuan}, the worldwide association that joins the Zomi Innkuan community organisations of many countries	
s28143	before	placed after a noun or verb and followed by <in> or <a>: before in time or order	
s28144	fortune		
s28145	destiny		
s28146	front/lead/progress	the front, the way forward, used before a verb: {ma pang} or <ma kipang> is stand at the front and take the lead, as in <mapang>, and {ma kitun} is progress is made	
s28147	take the lead/work at the forefront/take an active part	<mapang>, take part in a common cause, written in two words with the relative <a> before <pang>: one who stands at the front and works for a cause; follows the cause, often with <dingin> or <nadingin>, and stands before the noun it describes	
s28148	Ma Htang		
s28149	take the lead/press forward/work at the front	<ma>, here the front, and <kipang>, take up a position: put oneself at the front, lead the way or work actively for a common cause; often followed by <khawm>, together, or <den>, always	
s28151	Maadai	a descendant of Bani who had married a foreign wife in the time of Ezra	
s28152	Moadiah/Maadiah	a priest who returned from the exile with Zerubbabel, called Moadiah in the NIV	
s28153	before/in front of	<ma>, before, with <ah>, at: placed after a noun, before it in place or order	
s28155	Maakah	name of several women, among them a concubine of Caleb and the wife of Jeiel of Gibeon	
s28156	Maakah	small Aramean kingdom near Mount Hermon whose king joined the Ammonites against David	
s28157	Maakah	father of Achish king of Gath; also the father of Hanan, one of David's mighty warriors	
s28158	Maakah	Maakah with plural <te>, the men of Maakah	
s28159	Maakathite/Maakah	in {Ma-akath mite}, the Maakathites, the people of Maakah; the place and the personal name Maakah are written <Ma-akah>	
s28160	Maakathite	{Ma-aketh mite} are the people of Maakah, the Maakathites	
s28162	Maasai	a priest, son of Adiel, who lived in Jerusalem after the exile	
s28163	Maaseiah	name of many men, among them priests who had married foreign wives in the time of Ezra and the father of the priest Zephaniah	
s28164	Maaseiah	a Levite musician who played the lyre when David brought the ark to Jerusalem	
s28166	Maaziah	head of the twenty-fourth division of priests in the time of David; also a priest who sealed the covenant with Nehemiah	
s28167	before	<ma>, before, with <in>, placed after a verb: before doing it; written with a hyphen so that it is not misread	
s28168	furrows	the furrows cut in a field by a hoe or plough, the last part of the word {tu-ma-kuakte}	
s28169	success/progress	success or progress in what one does, used before a verb: {a maa tung} is he succeeds, {na maa vang ding hi} is you will prosper, {a maa pai} is it goes well for him	
s28170	before	<ma.1> written with a long vowel: after a noun or <tua>, often followed by <in>, before that time, as in {tua maa} before that; not the success of {maa vang}	
s28171	divorce/put away	put away a wife or husband; before a suffix the form is <maak>, as in <maakna>, divorce; the page lists the forms without a meaning	
s28172	Maadai	a descendant of Bani who had married a foreign wife in the time of Ezra	
s28173	Moadiah	a priest who returned from the exile with Zerubbabel	
s28174	overcome/defeat	to overcome or defeat an enemy; in the verse it follows <vat>, strike, so that {vat maai} is to cut down and defeat with the sword	
s28175	Maai	one of the priests' associates who played musical instruments at the dedication of the wall of Jerusalem	
s28177	brother-in-law	the husband of one's sister; longer spelling of <mak>, the man who has married a daughter of the family	
s28178	Maacah/Maakah	name of several men and women, among them a child of Nahor, the father of Hanan and the mother of King Abijah	
s28182	Maakath/Maakathite	the Maakathites, the people of the small kingdom of Maakah beside Geshur, east of the Jordan	
s28183	deserving divorce	<maa>, divorce, in the form used before a suffix, with <huai>, worthy of: deserving divorce	
s28184	divorce	<maa>, divorce, in the form used before a suffix, with the noun suffix <na>: the putting away of a wife or husband	
s28186	bring to divorce	<maa>, divorce, in the form used before a suffix, with <suah>, bring out or become: bring to divorce; the page lists the form without a meaning	
s28187	fit to be divorced	<maa>, divorce, in the form used before a suffix, with <tuak>, be fitting: fit to be divorced	
s28188	north	the north, named as the opposite of the south in {sim leh maal}, south and north; another spelling of <mal>	
s28190	true/honest/right/just	true, right or honest, without falsehood, said of scales, words, paths and offerings; often {a maan} before the noun	
s28191	reign/rule/be king	to reign as king; in the verses written {maan’} with an apostrophe, before <laitakin> for during the reign of, or before <zawh>, as in {a maan’ zawh kum li}, the fourth year of his reign	
s28192	photograph/picture/photo	a picture taken with a camera, the thing that <zaih> and <kizaih> are said of	
s28193	manna	manna, the bread from heaven that God gave Israel in the wilderness, the borrowed word in one of its Zolai spellings	
s28194	vision	something seen in a vision or trance, most often with <mu>, see: {maang ka mu hi} is I saw a vision	
s28195	reign/rule/be king	to reign as king or ruler, said of God and of kings	
s28196	reign/be king	<maang>, reign, with the linking suffix <in>, which joins it to the verb that follows: he will reign and	
s28197	reign together/reign with	to reign together with someone, from <maang>, reign, and <khawm>, together	
s28198	vision	something seen in a vision, also the seeing of it; {maangmu kineih} is to pretend to have visions	
s28199	vision	something seen as in a dream and taken as a message from God	
s28200	vision/revelation	something seen in a vision or a dream, a revelation from God; <maangmuh> with the noun suffix <na>	
s28201	Revelation		
s28202	visions	plural of <maangmuhna>: the visions that a prophet sees	
s28203	officials/officers/eunuchs	plural of <maang>, a ruler or official; {innsung maangte} are the officials of the palace, called eunuchs in the English versions	
s28204	rightly/justly/uprightly/truly	in a right, just or true way, from <maan>, true or right, with the adverb suffix <in>; {a maanin gamta} is to act rightly	
s28205	true and great	<maan>, true, and <lian>, great, written as one word after <Pasian>: the true and great God	
s28206	untrue/false/wrong/not right	<maan>, true, and <lo>, not, written as one word: not true, not right	
s28207	untruth/wrongness/error	<maan>, true or right, and <lohna> written as one word: the state of not being true or right, a wrong	
s28208	reign/seat of rule	the reign of a king or the place where he reigns, from <maan>, reign, with the noun suffix <na>; {a maanna ngei} is where he once reigned	
s28209	truest/most correct/most right	<maan> and <pen> written as one word: the most true or correct	
s28210	Maansuang	a place on the road from Tedim towards Laaitui, known for its bridge	
s28212	photographs/photos/pictures	plural of <maan> in the sense of photograph: pictures taken with a camera	
s28213	photograph/take a photo	take a picture of something, as of a bank receipt in order to send it by e-mail	
s28214	spare/pity	to hold back from killing or harming someone out of pity; in the verses it is always negated with <kei>	
s28215	prosper/succeed	to go forward and do well, from <maa>, success, and <pai>, go	
s28216	contributor/supporter/participant	one who takes part in and supports a common cause or organisation; the same word as <mapang>, take part	
s28217	Maarath	town in the hill country of Judah	
s28218	Maasai	a priest, son of Adiel, who lived in Jerusalem after the exile	
s28219	Maaseiah	name of many men, among them a Levite musician in the time of David and a priest at the dedication of the wall of Jerusalem	
s28220	way ahead/outlook	what a people is heading toward, the direction it faces; found only in the title of a series of articles, and perhaps the same word as <masuan>, go in front	
s28221	Maath	an ancestor of Jesus in the genealogy of Luke	
s28223	prosper/succeed/be successful	to prosper or succeed, said of a person or of work that goes well, from <maa>, success, and <vang>; also written <mavang>	
s28224	success/prosperity	success or prosperity, from <maavang>, prosper, in the form {maavan} before the noun suffix <na>	
s28225	Maaz	son of Ram, the firstborn of Jerahmeel, of the tribe of Judah	
s28226	Maaziah	head of the twenty-fourth division of priests in the time of David; also a priest who sealed the covenant with Nehemiah	
s28227	way ahead/future course/next steps	what lies ahead of a person or a work: the future course, the work still to be carried on; {mabaan zom} is carry on, continue onward	
s28228	continuation/what lies ahead/the rest	the part still ahead of a work or course already begun; <maban zom> is carry on what others began, {maban sem} is go on with the work ahead	
s28229	go on/proceed/be carried on	<maban>, the part of a work still ahead, and <kizom>, continue: a work or process that has been begun goes on to its next stage; the work stands before it, and {maban kizom theilo} is cannot go any further, be at a standstill	
s28230	bright future/good prospects	<maban>, what lies ahead, and <limci>, promising: a future full of promise for a person, a people or an organization; <nei>, have, follows it, or <hi> to say that the future is bright	
s28231	carry on/continue onward/go on with	<maban>, what lies ahead, and <zom>, continue: go on with the next part of a work, a course of study or a journey already begun; the work stands before it, as in {nasep maban zom}, and a place of study with <ah>	
s28232	each one's course/each one's work ahead	<maban>, what lies ahead, and <ciat>, each, written as one word: the course or task that each person has before him	
s28233	tasks ahead/future plans/matters ahead	plural of <maban>: the things still to be done, the work and affairs that lie ahead	
s28234	Macao/Macau	territory on the south coast of China, formerly held by Portugal and now a special administrative region of China like Hong Kong	
s28235	Macau/Macao	city and territory of China on the south coast, near Hong Kong	
s28236	Macedonia	land north of Greece, home of the Hellenistic rulers and a region where Paul founded churches; written with <gam> after it	
s28237	Machang	a town and district in the state of <Kelantan>, Malaysia, with a hospital and a prison	
s28238	machine	a machine, mostly after the English word for its kind, as in Washing Machine and X-ray Machine	
s28239	each and every	<mah> and <ciat> written as one word after <kua>: {a kua maciat} is every single one, everybody without exception	
s28240	each and every one/everyone	<maciat> and <in> written as one word after <kua>: {a kua maciatin} is every single one, everybody without exception	
s28241	Madai	son of Japheth, ancestor of the Medes	
s28243	Madam		
s28244	future tense/future time	grammar term for the future tense, shown by <ding> after the verb, as in {la khat sa ding hi}, will sing a song; the first word is not explained on the page	
s28245	foremost/at the front	being at the front or the nearest edge; {a madawk teng} is the foremost part, in Numbers the outskirts of the camp as seen from a height	
s28246	at the front/in the front line	<madawk> foremost with <ah>, at: at the very front, in the verse of a battle	
s28247	forward/in front/at the front	<madawk> foremost with <in>; {hong madawkin} is coming forward	
s28248	front ranks/those in front/vanguard	<madawk> foremost with plural <te>; the front part of an army, set against <nungdalte> the rear	
s28249	just before/shortly before	<ma> and <deuh> written as one word, placed after a verb or a time and often followed by <in>: a little before	
s28250	just before/shortly before	<madeuh>, just before, and <in> written as one word, placed after a verb: a little before that happened	
s28251	Madhu		
s28252	just before/shortly before	<ma> before with <diak>: a little short of, just before reaching a place	
s28253	just before/shortly before	<madiak> just before with <in>; {a tun madiakin} is when he had almost arrived	
s28254	Madmannah	town in the far south of Judah	
s28255	Madmen	a town of Moab named in the prophecy of Jeremiah against Moab	
s28256	Madmenah	town north of Jerusalem whose people fled before the Assyrian advance	
s28257	Madon	Canaanite royal city in the north whose king Jobab joined Jabin of Hazor against Joshua	
s28258	until/up to	<ma> before and <dong> until written as one word after a verb or noun: right up to the time when	
s28259	Madras	city in the south of India, now called Chennai, and its university	
s28260	Madrid	capital city of Spain; also in the name of the football club Real Madrid	
s28261	mafia	an organised crime group, first of all that of Italy	
s28262	Magadan	place on the shore of the Sea of Galilee to which Jesus went by boat	
s28263	magazine	a magazine, mostly the yearly or jubilee magazine of a church, school or association, and often part of its name	
s28264	Magbish	town whose people returned from the exile with Zerubbabel	
s28265	Magdala	town on the western shore of the Sea of Galilee, home of Mary Magdalene	
s28266	Magdalene	byname of Mary of Magdala, a follower of Jesus from whom seven demons had gone out	
s28267	Magdiel	one of the chiefs of Edom descended from Esau	
s28268	magi/wise men	the wise men from the east who came to see the child Jesus, Matthew 2; explained in Zolai as <mipil>	
s28269	magic/conjuring	tricks shown by a performer, or a power that works wonders	
s28270	magnesium	the mineral magnesium, named among the substances in food and water	
s28271	magnitude	the measure of the strength of an earthquake, written after the number, as {6.0 Magnitude thahatna tawh zinling}, an earthquake with a strength of magnitude 6.0	
s28272	Magog	son of Japheth; also the land of Gog in the prophecy of Ezekiel	
s28273	Magpiash	one of the leaders of the people who sealed the covenant with Nehemiah	
s28274	Magway	a region of central Myanmar, and its chief town	
s28275	Magway/Magwe	a region of central Myanmar and its chief town, also written Magway	
s28276		postpositional marker to indicate objective case	
s28277		postpositional marker to indicate selective case	
s28278	just as/in the same way as	the emphatic <mah> with <bangun>, as, the form used when several people are addressed or act: closes a clause, just as that is done, and the main clause follows; the plural counterpart of <mahbangin>	
s28279	even though/although/even if	<mah>, the stressing marker, and <taleh>, even if: placed after the verb of a clause, often after <phial>, even though that is so; the main clause follows	
s28280	even though/although indeed	<mah>, indeed, and <tase>, although: placed after a verb and followed by <leh> or {le uh}, even though that is truly so; the main clause that follows says what holds all the same; compare <taseleh>	
s28281	great/main	Burmese word for great, used in {maha dat line}, the main power line of the national electricity grid	
s28282		<mah>, the emphatic marker, and <a> written as one word after a noun or {tua bang}: just so, at that very place	
s28283	indeed/really	the emphatic <mah>, indeed, with the linking <aa>, written as one word: as one who truly is so	
s28284	Mahadu		
s28285	right in/right at	emphatic <mah> with the place marker <ah>, in, at or upon that very place or person	
s28286	Mahalab	town on the border of the territory of Asher, near Akzib	
s28287	Mahalalel	son of Kenan and father of Jared in the line from Adam to Noah, an ancestor of Jesus	
s28288	Mahalalel	son of Kenan and father of Jared in the line from Adam to Noah, an ancestor of Jesus	
s28289	Mahalalel	son of Kenan and father of Jared in the line from Adam to Noah	
s28290	Mahalate/Mahalalel	first part of {Mahalate-el}, a spelling of Mahalalel, the father of Jared, in the genealogy of Luke	
s28291	Mahalath	name of two women: a daughter of Ishmael whom Esau married, and a granddaughter of David who married Rehoboam	
s28292	Mahalalel	son of Kenan and father of Jared in the line from Adam to Noah	
s28293	Mahanaim	town east of the Jordan in Gilead, where Ish-Bosheth ruled and where David stayed during the revolt of Absalom	
s28294	Mahanaim	a spelling of Mahanaim, the town east of the Jordan in Gilead	
s28295	Mahaneh Dan	place between Zorah and Eshtaol, west of Kiriath Jearim, where the men of Dan camped; the name means camp of Dan	
s28296	Maharai	one of David's mighty warriors, from Netophah, commander of the army division for the tenth month	
s28297	maharajah/Indian king	title of an Indian ruling prince, in these articles the king of Manipur	
s28298	Maharajalela	area and street, Jalan Maharajalela, in Kuala Lumpur, Malaysia; in the articles mostly the name of the Zomi Education Center school there	
s28299	Mahath	name of two Levites, a Kohathite son of Amasai and a temple overseer in the time of Hezekiah	
s28300	Mahavah/Mahavite	place from which Eliel, one of David's mighty warriors, came; the NIV has Eliel the Mahavite	
s28301	Mahazioth	son of Heman, a temple musician in the time of David	
s28302	just as/just like/in the same way	<mah> and <bang> written as one word, followed by <in>: exactly as; {tua mahbang in} is in that same way, likewise	
s28303	just as/just like/in the same way as	<mah> and <bangin> written as one word, placed after a noun or clause: exactly as, in the very same way as; {tua mahbangin} is in that same way, likewise	
s28304	just as/just like/in the same way as	<mahbang> and <un> written as one word: exactly as, in the same way as, used where the people spoken of are more than one	
s28305	only/alone	<mah> and <bek> written as one word after a pronoun or noun: that one alone, no other; {a mahbek} is he alone, usually written {amah bek}	
s28306	surely will/really will	the emphatic <mah> and <ding> written as one word after a verb: it will certainly be so; in a question, will it really	
s28307	Maher-Shalal-Hash-Baz	son of the prophet Isaiah, whose name means quick to the plunder, swift to the spoil	
s28308	Maher-Shalal-Hash-Baz	son of the prophet Isaiah, whose name means quick to the plunder, swift to the spoil	
s28309	indeed/truly	emphatic <mah> and sentence-final <hi> written as one word at the end of a statement: it is indeed so	
s28310		the emphatic <mah> with the question particle <hiam>, written as one word at the end of a question: is it really so, is it indeed	
s28311	Mahli	son of Merari and grandson of Levi, a spelling of Mahli	
s28312	very/same/just	emphatic <mah> with the marker <in>; after a time word, on that very day, at that very time, just now	
s28313	also just/even on that very	<mahin> and <zong>, also, written as one word after a word of time or place: on that very day too, in that very place too	
s28314	court/law court	a court of law in Malaysia, where an arrested person is brought before a judge	
s28315	court/law court	the Malay word for a court of law, used by Zomi in Malaysia, after the name of the place	
s28316	Mahlah	eldest of the five daughters of Zelophehad of the tribe of Manasseh; also a child of Hammoleketh in the same tribe	
s28317	although/though/even though	<mah> and <leh> written as one word after a verb: although it is so, even though	
s28318	oneself/by oneself	short for <amah le amah> written as one word: oneself, of an action that a person does to himself or by himself; {mahlemah kithat} is kill oneself	
s28319	even if/even though/although	<mah> and <leng>, if I or we, written as one word after a verb: even if we, even though we do so	
s28320	Mahli	name of two Levites, a son of Merari and a son of Mushi	
s28321	not at all/by no means	<mah> and <lo> written as one word, a strong negative after the verb, mostly as {peuh mahlo}: not at all, certainly not	
s28322	Mahlon	son of Elimelek and Naomi, the first husband of Ruth	
s28324	the very thing/very/indeed	emphasises the word before it: after a describing word or verb it means very or indeed, after a noun the very one	
s28325	exactly	marks the word before it as exactly the one meant: that very night, the very word, I myself	
s28326	only/just		
s28327	very/exceedingly/greatly	<mahmah>, very, with <a> linking it to the verb that follows	
s28328	right at/at the very	<mahmah>, exactly, with the place marker <ah>: at the very place, right in or on	
s28329	always very/very much all the time	<mahmah>, very, and <den>, always, written as one word, after a verb or describing word: very much so and constantly	
s28330	will be very/will very much	<mahmah> and <ding> written as one word after a verb or describing word: it will be so to a high degree, or is expected to be	
s28331	very/indeed	<mahmah>, very, and the sentence-final <hi>, written as one word at the end of a statement: it is very much so	
s28332	very/exceedingly/greatly	<mahmah>, very, with the adverb suffix <in>, after a describing word or verb: very, greatly	
s28333	on that very	after a time word: {tua ni mahmahin} is on that very day, <tu mahmahin> is right now	
s28334	a very	<mahmah> and <khat> written as one word, after a describing word: one that is very so, as {minthang mahmahkhat}, a very famous one	
s28335	already very/very much already	<mahmah>, very, and <khin>, already, written as one word after a describing word or verb: the state is already fully reached	
s28336		<mahmah>, very much, and <khit>, after, written as one word after a verb and before <uhciangin> or <ciangin>: after doing so very much or for a long time	
s28337	still very	<mahmah> with <lai>, here still, written as one word, after a describing word: still very much so	
s28338	very much right now	<mahmah>, very, and <laitak>, at the very time, written as one word after a verb: the action is going on intensely at this moment	
s28339	how very	<mahmah> very with <lam> way, manner, after a descriptive word: how very much it is so	
s28340	if very/very much as if	<mahmah>, very, and <leh> written as one word: if really so; before <kilawm> it says that something seems very much so	
s28341	quite/really just/simply very	<mahmah>, very, and <lel>, just, written as one word after a describing word or verb, often before the closing <hi> or <uhhi>: simply very, quite so	
s28342	very much indeed/exceedingly	<mahmah>, very, and <liang>, even, written as one word after a verb or describing word: very much indeed, to a striking degree	
s28343	not at all/not really/hardly	<mahmah> and <lo> written as one word, placed after a verb: not really, not at all; {muzo mahmahlo} is not able to find at all	
s28344	very indeed/truly very	<mahmah> and <mawk> written as one word after a describing word: very much so, said with surprise or dismay	
s28345		intensifier <mahmah> with the noun-forming suffix <na>; the phrase before it becomes a noun meaning great or extreme, as in {heh mahmahna}, great anger	
s28346	where there is very much/where very many	before a noun of place such as <gam> or <mun>, the ending <na> means the place where: {atam mahmahna gamkhat} is a country where there are very many of something	
s28347	the very one	<mahmah> very, truly with <pa> marking a man: the man who truly did what the verb before it says	
s28348	very much at once	<mahmah>, very, and <pah>, at once, written as one word after a verb or describing word: become very much so straight away	
s28349		<mahmah>, very, and the topic marker <pen> written as one word after a describing word: the one that is very so, what is very much so	
s28350	exceedingly/very greatly	<mahmah> very with <pi> great and <in> making an adverb, after a descriptive word	
s28351	very much/greatly	<mahmah> very, with <sa>, already: of a state fully reached	
s28352	consider very/find very	<mahmah> very with <sa> think, deem, after a word of quality and before the first person ending <ing>: I find it very needed or very fitting; not the adverb of a state already reached	
s28353	very indeed/really very	<mahmah>, very, with the softening particle <sam>, written as one word after a describing word	
s28354	very much now/indeed now	<mahmah> and <ta> written as one word: very, with the sense that the state has now been reached, as in {haksa mahmahta}, it has become very hard	
s28355		<mahmah>, very, and <tawh>, with, written as one word, before <akibat hangin>: although it is like something that is very so, although it seems very so	
s28356	very	<mahmah> with the plural <te> after a descriptive word: those that are very much so, as in {a lungkham mahmahte}, those in great anguish	
s28357	very much, each one/all very	<mahmah> and <tek> written as one word, after a verb or describing word: very much so, said of everyone concerned	
s28358	can be very	<mahmah>, very, and <thei>, can, written as one word after a describing word or verb: can be very much so	
s28359	very again and again/often very	<mahmah>, very, and <zel>, repeatedly, written as one word after a describing word: very much so, time after time	
s28360	even	<mahmah> and <zong> written as one word after a noun or phrase: even that very one, even itself	
s28361	Mahol	father of Heman, Kalkol and Darda, wise men with whom Solomon is compared	
s28362	from that very/right from	<mah>, the very one, and <pan>, from, written as one word: from that same place, source or thing and no other	
s28363	whoever/anyone at all/every	<mah> and <peuh> written as one word, placed after a question word: <akua mahpeuh> is whoever it may be, everyone	
s28364	Burma Socialist Programme Party/BSPP	Burmese short name of the Burma Socialist Programme Party, the single ruling party of Burma from 1962 to 1988, and of its government and time	
s28365	Mahseiah	father of Neriah and grandfather of Baruch and Seraiah in the time of Jeremiah	
s28366	how very/truly	exclaiming words after a describing word, before a final <e> or <maw>: how very, truly so; <si> here is not the verb die	
s28367	even if/even though	<mah> and <ta> written as one word after a verb and followed by <leh> or <le>: even if it is indeed so, granted that	
s28368	even though/although/even if	<mah> and <taleh> written as one word after a verb or describing word: even though it is so	
s28369	even though/although	<mahta> and <se> written as one word after a verb and followed by <leh>: even though it is indeed so	
s28370	with that very/just like	<mah> and <tawh> written as one word, placed after a noun or pronoun: with that very thing, by that itself; with <kibang>, just the same as	
s28371		<mah> with <teh>, placed after a verb or describing word to stress it: indeed, surely	
s28372	indeed/the very ones	the emphatic <mah> and the plural <uh> written as one word: they indeed, the very ones, they themselves	
s28373		emphatic <mah> with the ending <un>, placed after a phrase where the doers are several: right, just, the very; {a suah tung mahun}, from the very time of birth	
s28374	Township Law and Order Restoration Council	the township council of the military government of Burma in the 1990s, from the Burmese abbreviation Ma Wa Ta	
s28375	also/too/even	the emphatic <mah> and <zong>, also, written as one word, placed after the word they add: that very one as well; {a mahzong} is he himself too	
s28376	face	the front of the head; {mai kun} is bow the face down and {mai tuam} is cover the face	
s28377	ahead	the place in front of someone; {a mai pai} is go ahead of him, set against {a nung zui}, follow behind	
s28378	future	the time ahead, most often as {mai lamah}, in the future	
s28379	just/simply	placed after the verb, most often as {hi mai hi}: simply, just, nothing else than; it is not the noun face or front, which stands before <ah> and <lam>	
s28380	pumpkin	the pumpkin, plant and fruit; not the noun face	
s28383	before/in front of/in the presence of	<mai>, face, with the place ending <ah>: placed after a noun, in front of or in the sight of someone	
s28384	Maakah	home or people of Ahasbai, the father of Eliphelet, one of the mighty warriors of David; the NIV has the Maakathite	
s28385	Maibung		
s28386	maid/housemaid/domestic worker	a woman who is employed to do the work of a household and lives in it	
s28387	pumpkin shoot/vine tip	the growing tip of a pumpkin or gourd vine, which lengthens fast; in the lullaby the child is told to grow like it	
s28388		the particle <mai>, here just or simply, with <ding>, will, written as one word after a verb: will just, may well, should simply; in a question, whether one should just do it	
s28389	curry favour with/seek to please/win over	<mai>, face, with <et>, look at: seek the favour of someone, try to please or placate, also with gifts or money	
s28390	front/front row	the front of a place or the row at the front, from <mai>, front, and <gual>, row; {a maigual lam} is straight ahead	
s28391	pumpkin vine	<mai>, here pumpkin, with <gui>, vine: the trailing plant that bears pumpkins, named beside <umgui>	
s28392	gloomy/downcast/sullen	with a dark, sad face; set against <maitai>, cheerful	
s28393	gloom/sadness	<maigum> gloomy-faced with the noun suffix <na>	
s28394	make gloomy/sadden	<maigum> gloomy-faced with the causative <sak>: make the face downcast	
s28395	disfigured	with a marred or defective face, one in a list of bodily defects	
s28396	future/time to come	<mai>, ahead, and <hun>, time, written as one word: the time ahead	
s28397	striker/forward	in football, a player of the front line who attacks the goal, named beside <kungpang>, the goalkeeper, and <nungthup>, the defender	
s28400	next week/coming week	<mai>, ahead, with <kal>, week, written as one word: the week that comes next; {maikal ah} is next week, also under an article that is to be continued; it may be meant more loosely as the time ahead	
s28401	next week/in the coming week	<mai>, ahead, <kal>, week, and <sung>, during, written as one word: in the week to come	
s28402	next month/the coming month	<mai>, ahead, with <kha>, month, written as one word: the month that comes next; before the name of a month, this coming	
s28403	hindrance/obstacle	a person or thing that stands in the way of others, said of a leader who clings to his post and so blocks the people	
s28404	one page	<mai>, face, here the page of a book, and <khat>, one, written as one word; {lai maikhat} is one page of writing	
s28405	sullenness/sulking	a sullen, displeased face; noun in <na>	
s28406	look sad/be downcast/be dismayed	<mai> face with <khing>: have a sad or fallen face	
s28407	with a downcast face/gloomily/sullenly	<maikhing> with <in>: with a face that shows sorrow, shame or displeasure	
s28408	make downcast/dismay/put to shame	<maikhing> be downcast, with the causative <sak>	
s28409	sullenness/sulking	a sullen, displeased face; noun in <na>	
s28410	next year/the coming year	<mai>, ahead, with <kum>, year: the year that lies ahead	
s28411	next year/in the coming year	<maikum>, next year, and <sung>, in, written as one word: during the coming year	
s28412	bow down/bow with the face to the ground	<mai> face with <kun> bend, stoop	
s28413	bowing down/bowing with the face to the ground	<maikun> bow the face down with the linking <in>	
s28414	mail/post	letters and parcels sent by post; also in {e-mail}	
s28415	future	the time ahead; {mailam thu gen} means prophesy, speak of things to come	
s28416	front/ahead/forward	the side or direction in front	
s28417	future tense/future time	<mailam>, ahead, with <hun>, time: the time to come, and in grammar the future tense, made by adding <ding> after the present form of the verb, as in {ka paiding hi}, I will go	
s28418	future perfect continuous tense	the future perfect continuous tense, made by saying the verb twice before <khinzo> and <tading>, as in {la a na sasa khinzo tading hi}, she will have been singing	
s28419	future perfect tense	the future perfect tense, made with <na> before the verb and <khinzo> and <tading> after it, as in {ka na pai khinzo tading uh hi}, we will have gone; the book also calls it {mailam hun khitlim}	
s28420	future perfect continuous tense	the future perfect continuous tense: it tells beforehand of an action that goes on from some time in the future until the time when it will be complete, as in {Thangpu a na taitai khinzota ding hi}, Thangpu will have been running	
s28421	future continuous tense	the future continuous tense, made with <ding> and <laitak> after the verb, as in {ka pai ding laitak uh hi}, we will be going	
s28422	simple future tense	the simple future tense, made with <ding> after the verb, as in {Thangpu a tai ding hi}, Thangpu will run	
s28423	go forward/move ahead/way forward	<mailam>, the future or the front, and <kalsuan>, step: go forward into the future, of a people or an organisation; with {zia ding} or <nading> it names the course to be taken, the way forward	
s28424	ahead/in the future/in time to come	<mailam>, future or front, with the marker <ah>; written with a capital at the start of a sentence	
s28425	future	<mailam> and <ding> written as one word: what is to come for someone, the future of a person, a family or a country	
s28427	the future/future matters/things to come	<mailam>, future, and <thu>, matter, written as one word: what lies ahead, often as {mailamthu ding}	
s28428	front/right in front	the place directly in front of or facing a building or place, from <mai>; {mailian ah} is right in front of	
s28429	merely/just	placed after a verb: do something only so-so, without aim or fullness	
s28430	ordinary/common/mere	placed after a noun, as in {mi maimai}, an ordinary person: of no special kind or worth; negated, {maimai lo}, not ordinary, remarkable	
s28431	perish/vanish/be blotted out	form of <maimang> written with an apostrophe before <loh>, <nadingin> and <na>; {maiman’na} is destruction	
s28432	perish/vanish/be wiped out	be lost completely; after another verb it adds the sense utterly, completely	
s28433	perishing/wasting away	<maimang> perish, with the linking ending <in>	
s28434	vanish quickly/disappear soon	<maimang> vanish with <pak> quickly	
s28435	wipe out/blot out/destroy/make vanish	<maimang>, perish, with the causative {-sak}	
s28436	have vanished/be gone/disappear	<maimang> with <ta>, which marks a change that has now come about	
s28437	be lost/come to nothing	<maiman> vanish with <khak>, happen to: end up lost, said of greatness	
s28438	destruction/ruin	<maiman> perish with the noun suffix <na>	
s28439	destroy/wipe out	<maiman> perish with the causative <sak>	
s28440	fail/come to nothing/go to waste/perish	come to nothing: of a promise, fail to come true; of people and land, be lost or laid waste	
s28441	sad-faced/gloomy/dark	<mai> face with <mial>, dark: looking sad; of a day, gloomy	
s28442	face/countenance	<mai>, face, and <mit>, eye, as one word: the face and its look; found mostly in songs	
s28443	eye/eyes	poetic word for <mit>, used in songs	
s28444	sleep	poetic expression for <ihmu>, sleep, used in songs; <maimit> is the eye	
s28445	look/behold	poetic expression for <en>, look, used in songs; <maimit> is the eye	
s28446	spider	{maimom khau} is a spider’s thread or web, {maimom bu} a spider’s nest or web	
s28448	before	<ma>, before, and <in> written as one word after a verb: before doing it	
s28449	forgiveness	after <mawh>, sin: {mawh maina} is the forgiveness of sin, the same as {mawh maisakna}; the word is also the second part of {nuih maina}, smiling	
s28450	resolutely/with the face set toward	setting the face toward a place and pressing on; <mai> is face	
s28451	front-line/at the front	<mai>, front, with <nawk>, rush against: meeting the enemy head-on; <gal mainawk> is on the front line of the fighting, and also a front-line fighter	
s28452	offensive/front-line fighting/advance	<mainawk>, meeting the enemy head-on, with the noun suffix {-na}: {gal mainawkna} is a military offensive or front-line battle	
s28453	front-line fighters/those at the front	<mainawk> with the plural <te>, mostly as {gal mainawkte}: those who fight on the front line	
s28454	go forward/advance/move on	<mai> front with <nawt> push on	
s28455	to advance/will go forward	<mainawt>, go forward, and <ding> written as one word: to advance, in order to move forward	
s28456	press forward/advance	<mainawt> go forward with the linking suffix <in>	
s28457	progress/advancement	<mainawt>, go forward, with the noun ending {-na}: moving forward, progress	
s28458	advance/promote/move forward	<mainawt>, go forward, with the causing <sak>, written as one word: make something go forward, promote it	
s28459	way of going forward/progress/course	<mainawt>, go forward, and <zia>, manner, written as one word: the way in which a person goes forward in life or a work makes progress	
s28460	Maine	a state in the north-east of the United States	
s28461	humiliated/small/ashamed	<mai>, face, with <neu>, small: having lost face, feeling small or lowered before others; also as a verb, lose face	
s28463	bold/confident/unabashed	not shy or ashamed before others; {maingal takin} is boldly, with confidence	
s28464	comfort/embolden	make someone feel less ashamed	
s28465	be familiar with/feel at ease/be unshy	<mai>, face, with <ngap>, dare: feel free and unembarrassed toward a person or in a place; {ki maingap} is be on familiar terms with each other, and {maingap lo} is be too shy or reluctant to do something	
s28466	closeness/familiarity/ease with one another	being at ease and close with someone, from <maingap>; mostly {ki maingapna}, closeness with one another	
s28467	face/turn the face toward/look toward	<mai> face with <ngat> turn toward; the opposite is <nungngat> turn the back; {maingat lo} is with the face turned away	
s28468	facing/with the face toward	with the face turned toward something; {lei maingatin} is face to the ground	
s28469	facing	<maingat> face toward with <sa>, already in that state: with the face already turned that way	
s28470	maintenance/upkeep	the regular checking and repair of buildings, roads and machines	
s28471	face cream/cosmetic/make-up	<mai>, face, with <nuh>, smear: something rubbed on the face to look better, a face cream or other cosmetic	
s28472	handkerchief/cloth	<mai> face with <nul>, wipe: a cloth for wiping the face	
s28473	Mainul		
s28474	handkerchief	<mainul> with the noun suffix <na>: what the face is wiped with; {mainulna puan} is a face cloth	
s28475	towel	<mainul> with <pi>, large	
s28476	go forward/advance	<mai> front with <pai> go; the opposite is <nungkik> go back	
s28477	favor		
s28478	favor/esteem	goodwill shown to someone; <maipha ngah> and <maipha mu> mean find favor	
s28479	find favor/win favor/be favored	<maipha>, favor, and <mu>, see: find favor with someone, be well regarded by him; the one whose favor it is stands before the pair, as in {Topa maipha mu}, find favor with the Lord	
s28480	find favour/be favoured/win favour	<maipha>, favour, and <ngah>, receive: find favour with someone, be in his good graces; the one who gives the favour stands before it in the possessive, as in {Pasian' maipha ngah}, find favour with God	
s28481	esteem/good standing/favor	being well regarded; {maiphatna a ngah mi} is one held in high regard	
s28482	wash one's face	<mai>, face, with <phiat>, wipe: wash the face, as part of getting clean in the morning; also as a noun, the washing of the face	
s28483	confront/face/come against	<mai> face with <phut>: meet someone head on; of the wind, blow against	
s28484	collide head-on/crash into each other	<maiphut>, meet head on, with <kha.4>, happen to, written as one word; with <ki.2> before it, said of vehicles that run into each other from the front	
s28485	collide head-on/crash into	<mai>, face, with <phutkhak>, come up against: of vehicles, run into each other head on, as {aki maiphutkhak}	
s28486	look/countenance	the look on the face, facial expression; with <zia>, manner	
s28487	appearance/look/expression	how the face is carried: the look of a person or thing	
s28488	fall facedown/bow with face to the ground	go down with the face to the ground, in a fall or to show respect	
s28489	face down/prostrate	<maipuk> fall on the face with <in>: bowing with the face to the ground	
s28490	fall facedown/bow with face to the ground	<maipuk> fall facedown with <suk> downward	
s28491	look on the face/countenance/expression	<mai> face with <put>, bear: the look that the face shows	
s28492	devastated/lying in ruins	follows <kisia> be ruined; <mai> after a verb with <sa>, already in that state: left ruined	
s28493	forgive/pardon	let go of a wrong done, most often with <mawhna>, sin; also cancel a debt	
s28494	forgive/pardon/cancel	<maisak> with the ending <in>, which links it to the following verb: forgiving a sin or cancelling a debt and then doing something more	
s28495	if forgive	<maisak>, forgive, and <leh>, if, written as one word: if one forgives	
s28496	forgiveness/remission/cancelling of debt	<maisak>, forgive, with {-na}; of sins and also of debts	
s28497	want to forgive/be willing to forgive	<maisak> forgive with <nop> want	
s28498	have forgiven/pardoned	<maisak> forgive with <sa>, already done	
s28499	those who forgive	<maisak> forgive with plural <te>	
s28500	ashamed/confounded/disgraced	<mai> face with <sia> bad: with the face spoiled by shame; {maisia sak} is put to shame	
s28501	pardon/forgive		
s28502	put to shame/confound	<maisia> ashamed with the causative <sak>	
s28503	set the face against/turn against/oppose	show displeasure toward someone, said of God turning against a wrongdoer	
s28504	set one's face against/be hostile to	<maisiat> with the linking suffix <in>	
s28505	countenance/expression/look	the look on the face that shows what one feels	
s28506	just/simply/in the end	placed after a verb at the end of a sentence, before <hi> or <uh>: the thing simply or finally came about, often because nothing else could be done; a word meaning just or simply, not <mai> the face, with <ta>	
s28507	cheerful/radiant/bright-faced	of a bright, glad face; <maitai takin> is cheerfully; in Proverbs 7:13 of a bold face put on	
s28508	cheerfully/with a bright face/gladly	<maitai>, cheerful or bright-faced, and <takin>, which here makes an adverb of manner and is not the word for as many as: placed before a verb, doing it with a glad face; often after <lungdam>, as {lungdam maitai takin}, glad and cheerful	
s28509	be cheerful/brighten	of the face, be bright and glad	
s28510	brightness/cheerfulness	<maitaii> be bright of face with the noun suffix <na>	
s28511	cheerfulness/cheerful look/brightness	<maitai> cheerful, bright of face with the noun suffix <na>; in Amos 5:20 brightness as opposed to gloom	
s28512	brighten the face/make cheerful	<maitai> cheerful, with the causative <sak>	
s28513	may well/might just	placed after <thei>, can, at the end of a clause: it may well be so, it could just happen	
s28514	face	the face of a person or of God; {maitang kituahin} is face to face	
s28515	surface	the outer face of a thing, most often {lei maitang}, the surface of the ground	
s28516	face to face/in person	<maitang>, face, and <kimu>, see each other: meet in person and not by letter, phone or internet; the person met stands before it with <tawh>, with, and a verb of speaking often follows	
s28517	meet face to face/meet in person	<maitang>, face, and <kituah>, meet: meet face to face, in person; the other person stands before it with <tawh>, and with <in> after it the pair says how people talk or see each other	
s28518	face to face/in person	<maitang.1>, face, <kituah.1>, meet, and <in>: with the faces meeting, face to face, in person; stands before a verb of meeting or talking such as <kimu> or <thugen>; not <kituah.3>, move	
s28519	in the presence of/before/on the face	<maitang> face with the place marker <ah>	
s28521	faces	<maitang> face with plural <te>	
s28522	front area/area in front	<mai>, front, with <teng>, here in the sense all: the whole space in front of a building or place; {maiteng ah} is all along the front of	
s28523	newcomer/fresher/new face	<mai>, face, with <thak>, new: a new member of a group; {siamsin maithak muakna} is the welcome for new students	
s28524	possibly/may well/might	placed after a verb, often after <kha>: it may be so, it could well happen	
s28525	be forgiven/be pardoned	<mai> forgive with <theih>, can; {mawhna a maitheih nading} is for the forgiveness of sin	
s28526	forgiveness/atonement	<maitheih> be forgiven with the noun suffix <na>; {mawhnate a maitheihna ding} is for the forgiveness of sins	
s28527	face/confront/meet face to face/deal with	<mai>, face, and <tuah>, bring together, written as one word: turn the face towards someone or something and meet it, face a matter or a person; with <ki> before it, meet each other face to face	
s28528	confrontation/facing/encounter	meeting something or someone face to face: confronting a danger or an enemy, or a personal encounter	
s28529	face mask/mask/veil	a covering for the face, <mai> with <tuam>, cover: a mask worn against disease or dust, also a veil; <maituam thuah> is wear a mask	
s28530	wear a mask/put on a face mask	<maituam>, face mask, and <thuah>, here put on over: wear a face mask; common in health rules, often followed by <hamtang> <ding>, must without fail	
s28531	seek the favour of/court	come to someone with gifts to win his goodwill	
s28532	facial skin/skin of the face	<mai>, face, with <vun>, skin, written as one word: the skin of the face	
s28533	ashamed	feeling shame, from <mai>, face, and <zum>, be ashamed; {maizum sak} is put to shame	
s28534	shameful/disgraceful	<maizum> be ashamed with <huai> for what causes a feeling	
s28535	shame/disgrace	<maizumhuai> shameful with the noun suffix <na>	
s28536	in shame/ashamed	<maizum>, ashamed, with the ending <in>: feeling shame, in shame	
s28537	be put to shame by/be ashamed because of	<maizum> ashamed with <lawh>, suffer on account of something	
s28538	shame/disgrace	<maizum>, ashamed, with the noun suffix <na>; {maizumna thuak} and {maizumna ngah} mean be put to shame	
s28539	humiliated/greatly ashamed	<maizum> ashamed with <pi> great; with <in>, in great shame	
s28540	be ashamed of	<maizum> ashamed with <pih>: be ashamed about someone or something	
s28541	shame/put to shame/humiliate	<maizum> ashamed with the causative <sak>; in Luke 9.26 be ashamed of someone	
s28542	major	an army or police officer's rank, above captain	
s28543	major/main subject	the main subject that a student chooses at a university	
s28544	majority	the greater number, as of seats or votes won in an election, or the larger group of a people	
s28545	son-in-law	the husband of a daughter; {a mak ding} is a man who is going to marry the daughter	
s28546	ten million/crore	a number word for large sums of money, ten million, the Indian crore, as in {mak nih}, twenty million; it stands before or after the figure, and some writers use it for a million	
s28549	court/law court	a court of law in Malaysia, from the Malay word mahkamah	
s28550	leader/chief	one who goes in front and is at the head of a tribe, a clan or a group of people	
s28551	to be leader/future leader/will lead	<makai>, leader or lead, and <ding>, will, written as one word: the one who is to be leader, or will lead	
s28552	lead/guide	go before others and show them the way; the verb that belongs to <makai>, leader	
s28553	will lead/to lead	<makaih>, lead, and <ding> written as one word: will lead, is to lead	
s28554	leading/lead/guide	<makaih> lead with the linking ending <in>: leading someone, after which the next action follows	
s28555	leadership/direction/supervision/guidance	the act of leading, <makaih> lead with the noun ending <na>; {makaihna tawh} and {makaihna nuai-ah} mean under the leadership of someone	
s28556	under the leadership of/led by	<makaihna>, leadership, and <nuai>, under: after a person or body in the possessive and before <ah>, under the leadership or guidance of that person or body	
s28557	good leader	<makai>, leader, with <hoih>, good, written as one word	
s28558	leader/director	<makaih> lead with <pa> marking a man: the one who leads, in the verse the director of the musicians	
s28559	lead for/guide for	<makaih>, lead, and <sak> written as one word: lead or guide on behalf of someone; {hong makaihsak} is lead for us	
s28560	lead well/be a good leader	<makaih>, lead, and <siam>, skilled, written as one word: know how to lead, lead with skill	
s28561	leaders/guides	<makaih> lead with the plural <te>: those who lead or guide a people	
s28562	leadership/way of leading/leadership style	<makaih>, lead, with <zia>, manner: the way a person leads	
s28563	a leader/one of the leaders	<makai> and <khat> written as one word: a leader, one leader of a group	
s28564	former leader/old leader	<makai>, leader, and <lui>, old, written as one word: one who was a leader before	
s28565	leader/chief	<makai> leader with <pa> marking a man: the man at the head of a tribe or group	
s28566	chief leader/chief/champion	<makai> leader with <pi> great: the foremost leader, as a champion among warriors; {la makaipi} is the chief musician	
s28567	woman leader/female head/chairwoman	<makaipi>, chief leader, with <nu>, woman: a woman who is at the head of a body, a company or a country	
s28568	chief/leader/head	<makaipi> chief leader with <pa> marking a man: the head man of a place or of a group of workers	
s28569	top leaders/chief leaders/leaders	<makaipi> with the plural <te>: the chief leaders of an organisation, a people or a government	
s28570	have lead/let lead/appoint to lead	<makai> with the causative <sak>: have someone lead or chair a meeting or a people	
s28571	leaders/chiefs/princes	<makai> leader with the plural <te>: the leaders, chiefs or princes of a people	
s28572	the leaders	<makaite>, leaders, with the marker <in> shortened to {-n}: the leaders as the ones who act or speak	
s28573	all the leaders/the leaders	<makai>, leader, and <teng>, here in its sense of all of, written as one word: all the leaders, the leaders as a body	
s28574	new leader/new leaders	<makai>, leader, and <thak>, new, written as one word: a newly chosen leader or leadership of a group, body or country	
s28575	Makaz	town in the second district of Solomon, governed by Ben-Deker	
s28576	Makbannai	warrior of the tribe of Gad, the eleventh of those who joined David in the wilderness	
s28577	Makbenah	town in Judah founded by Sheva, a descendant of Caleb	
s28578	Macedonia	Roman province in the north of Greece, with the cities of Philippi, Thessalonica and Berea, where Paul founded churches	
s28579	tamarisk	the tamarisk, a tree of dry country; {makeng kung} is a tamarisk tree	
s28580	make-up/cosmetics	cosmetics put on the face, and the putting on of them	
s28581	Michael	spelling of Michael in this verse: a man of Benjamin, son of Beriah	
s28582	send away together/divorce together	apparently <ma>, divorce or send away, with <khawm>, together: the wives are sent away together with their children	
s28583	outrun/overtake	get ahead of someone who is running the same way	
s28584	outrunning/outrun	<makhelh> outrun with the linking ending <in>: getting ahead of someone, after which the next action follows	
s28585	Makheloth	place where the Israelites camped in the wilderness, between Haradah and Tahath	
s28586	Maki	father of Geuel, the man of Gad sent to spy out Canaan	
s28587	Malkijah	spelling of Malkijah: name of several men, among them a Levite ancestor of Asaph and a priest who sealed the covenant with Nehemiah	
s28588	Machir/Makir	son of Manasseh and father of Gilead; also the son of Ammiel of Lo Debar who sheltered Mephibosheth	
s28589	Malkiram	spelling of Malkiram, a son of King Jehoiachin of Judah	
s28590	Makir/Makirites	the clan descended from Makir son of Manasseh, who took Gilead	
s28591	Malki-Shua	spelling of Malki-Shua, a son of King Saul	
s28593	Makkedah	Canaanite royal city in the lowland of Judah, with the cave where five Amorite kings hid from Joshua	
s28594	ten million	<mak>, ten million, with <khat>, one: 10,000,000 in the table of Zo numbers of the book, the step after <awnkhat>; another table of the book sets it far higher	
s28595	quadrillion	1,000,000,000,000,000 in the book's table of counting by groups, the step after <awnza>; in the plain list of numbers of the same book it is ten million	
s28596	divorce	the putting away of a wife, <mak> divorce with the noun ending <na>; {makna lai} is a certificate of divorce	
s28597	Maknadebai	man of the family of Binnui who had married a foreign wife in the time of Ezra	
s28598	son-in-law	a son-in-law, and more widely a man related to a family by marriage; <mak> with <pa> marking a man	
s28599	Machpelah	the field with a cave near Mamre at Hebron that Abraham bought as a burial place for his family	
s28600	Mikri	spelling of Mikri, a man of Benjamin whose descendant Elah lived in Jerusalem after the exile	
s28601	divorced	<mak> divorce with <sa> marking a completed act: divorced, as in {a maksa numei}, a divorced woman; not the word <mak>, son-in-law	
s28602	divorce quietly/divorce	put away a wife or betrothed; the verse shows a divorce without public disgrace, and <sim> may add the sense secretly	
s28603	son-in-law/sons-in-law		plural form of <mak>
s28604	sons-in-law	<makte> written with a capital at the start of a sentence	
s28605	may divorce/can divorce	<mak> divorce with <theih> can, be allowed	
s28606	Mark	Mark the evangelist, and the Gospel that bears his name, in the spelling of Catholic writers; the Bible text writes <Marka>	
s28607	item/unit/single one/number	a single one of things that are counted, such as an article, a word or a strand; {a mal sim} is to count one by one, {a mal zah} the full number, and {mal khat} a single word	
s28608	north	the north, named as the opposite of the south in {sim leh mal}, south and north; not a counted item	
s28609	Mala		
s28611	Malacca/Melaka	state on the west coast of Peninsular Malaysia, and its capital city	
s28613	advance/go forward/proceed	move forward, take a step ahead, used before <ding> and <sawm>; {kalsuan a malak ding} is to advance	
s28614	Malachi	prophet through whom the Lord spoke to Israel after the exile; the last book of the Old Testament bears his name	
s28615	Malachi		
s28616	initiative/leadership/taking the lead	{ma la}, take the lead, with the noun suffix {-na}: the act of going first or leading in a matter	
s28617		placed after a verb, apparently for doing something readily or straight off, as {na sang malam}, you so readily accept	
s28618	the time before/earlier side	<ma>, before, with <lam>, side: after a year, the time before or leading up to it, as {kum 1980 malam}, and beside {nung lam} the front as against the back; the other sense follows a verb, mostly as <pah malam>	
s28619	Malay	the Malay people of Malaysia and their language	
s28620	Malaysia	country in Southeast Asia where many Zomi live as refugees and workers	
s28621	Malaysian	of Malaysia, the English word placed before a noun; {Malaysian gammi} is a citizen of Malaysia	
s28622	Malaysians	<Malaysia> with the plural <te>: the people of Malaysia, or Malaysia as a nation	
s28623	deposit/pledge/guarantee/first instalment	something given in advance as assurance that the rest will follow; in the verses always said of the Holy Spirit	
s28624	foretaste/anticipation	the experiencing of a thing before it comes; {vangam malep} is a foretaste of heaven, said of a happy home or of good company; also as a verb, have or live something beforehand	
s28625	spelling/spell	<mal>, single item or letter, with <gawm>, join: the putting together of letters to write a word, spelling; {malgawm zia} is the way of spelling	
s28626	large drop/drop	a big drop of liquid; {sisan malgol} is drops of blood	
s28627	Mali		
s28628	one by one/individually/by number	<mal> a single counted one with <in>: taken one at a time, person by person or item by item; {a mi malin} is man by man	
s28629	Malindo	Malindo Air, an airline of Malaysia	
s28630	Malkam	man of Benjamin, a son of Shaharaim and his wife Hodesh	
s28631	Malkhai		
s28632	Malchus	servant of the high priest whose right ear Peter cut off when Jesus was arrested	
s28633	one item/one word	<mal> a single item with <khat> one; {malkhat khit malkhat} is one item after another, where the English has rule on rule or precept upon precept	
s28634	not even one/not a single	<malkhat>, one item or one drop, and <zong>, also: stands after a noun and before a negative verb with <lo>, not even a single one of the thing named, as in {guah malkhat zong zulo}, not a drop of rain fell	
s28635	Malkijah	name of two men in Jeremiah: the father of Pashhur, an official of King Zedekiah, and the son of the king who owned the cistern into which Jeremiah was thrown	
s28636	Malchiel/Malkiel	son of Beriah and grandson of Asher, ancestor of the Malkielite clan	
s28637	Malchijah/Malkijah	name of several men, among them a Levite ancestor of Asaph, the head of the fifth division of priests and a priest who sealed the covenant with Nehemiah	
s28638	Malkiram	son of King Jehoiachin of Judah	
s28639	Malki-Shua	son of King Saul, killed with his father and brothers by the Philistines on Mount Gilboa	
s28640	Malchus	servant of the high priest whose right ear Peter cut off when Jesus was arrested	
s28641	every single/each and every	<mal> and <kim> written as one word after <mi>: every single person, each one without exception	
s28642	Malkual	name of an area of the Zomi homeland, named together with Cikha and Tonzang; apparently the northern part	
s28643	mall/shopping mall	a large building with many shops; nearly always in {Shopping Mall} or in the name of one	
s28644	Mallothi	son of Heman, head of the nineteenth division of temple musicians in the time of David	
s28645	Malluk	name of several men, among them a Levite of the family of Merari and a priest who returned from exile with Zerubbabel	
s28646	Malluchi/Malluk	priestly family in the days of the high priest Joiakim, headed by Jonathan	
s28647	one by one/in spots/separately	<mal>, a single item, said twice, as {a malmal in}: each one by itself, in separate spots or pieces	
s28648	fine/thin	<mal> a single strand with <neu> small: thin or fine, said of cord in {khau malneu}; the exact sense is not clear from one verse	
s28649	Malneu		
s28650	two words/two items	<mal>, a single item or word, with <nih>, two, written as one word: two words	
s28651	Malsawm		
s28652	counting/numeral	<mal>, single item, with <simna>, counting: counting one by one; {malsimna nambatte} are the counting numbers	
s28653	Malta	island in the Mediterranean Sea south of Sicily where Paul and his companions came ashore after the shipwreck	
s28654	words/letters/items	<mal> a single one with the plural <te>: the single words of a song or writing, or the items of a list	
s28655	three words/three items	<mal>, a single item or word, with <thum>, three, written as one word: three words	
s28656	Malluk	name of several men, among them a descendant of Bani who had married a foreign wife and a priest who returned from exile with Zerubbabel	
s28657	Malluch/Malluk	name of several men, among them a descendant of Harim who had married a foreign wife and a priest who sealed the covenant with Nehemiah	
s28658	Malluk	priestly family in the days of the high priest Joiakim, headed by Jonathan	
s28659	Maluri	Taman Maluri, a part of Cheras in Kuala Lumpur, Malaysia, with a train station	
s28660	number/total number/count	<mal> a counted one with <zah> amount: how many there are of things that are counted one by one	
s28661	adjective of number	an adjective that shows how many there are	
s28662	straight/smooth	said of legs, where the English has straight	
s28665	Mamluk/Mamluks	Muslim rulers of Egypt who held Jerusalem from 1291 to 1516	
s28666	Mamre	place near Hebron with great trees where Abraham lived and built an altar; also the name of an Amorite who was an ally of Abram	
s28667	straighten/make straight	<mam> straight with the causative <sak>: make straight what is crooked or uneven	
s28668	straighten again/make straight again	<mamsak> straighten with <kik> again, back	
s28669	true/right/correct	true or right, in agreement with the facts or with what ought to be; {a man lo} is false or wrong	
s28670	finish/complete	placed after another verb to say that the action is finished; {a man khit ciangin} means after finishing	
s28671	price/value/cost/payment	what is paid or owed for something: its price, its value or the payment for it; {man pia} is to pay	
s28672	seize/arrest/catch/capture	take hold of with the hand, or catch and arrest a person	
s28673	because/since	after a verb and followed by <in>, gives the reason, the same as <manin> written as two words; {ahih man in} is because it is so, therefore	
s28674	priced/not free/to be paid for	<man>, price, and <nei>, have: having a price, to be paid for; the book gives it as the opposite of <khawnkhong>, free of charge	
s28675	free of charge/for free/without payment	<man>, price or payment, and <ngenlo>, not ask for: without asking payment, said of a service that is given free; usually followed by <in> and a verb, or by <a> before a noun	
s28676	free of charge/without charge/for free	<man>, here the price or fee, and <ngenloin>, without asking: without asking payment, free of charge; stands before the verb that names the service given	
s28677	lost	that had been lost, <mansuah> lose with <sa> already	
s28678	because of/on account of	<man> reason or cause with <a>; in the section heading {Kikhen Man-a Lunggimna}, distress because of parting	
s28679	because	<man> because, with <un> for a plural subject and <ah>: because they or because you, placed at the end of the clause that gives the reason	
s28680	manna	the food God gave Israel in the wilderness	
s28681	because/because of	<man> reason with <a>; follows the clause that gives the reason, like <manin>	
s28682	because/since	after <ahih>: because, since; the writer's form of <manin>, with <aa> where others write <in>	
s28683	Manaen	prophet and teacher in the church at Antioch who had been brought up with Herod the tetrarch	
s28684	manage/handle	English verb used in Zolai sentences for running or handling something	
s28685	management	the running of an organisation, and the people who run it; mostly inside English titles such as Board of Management	
s28686	manager		
s28687	rightly/in the right way	<man> right with the place marker <ah>: in the right way; {lampi manah} is on the right path	
s28688	Manahath	son of Shobal, a descendant of Seir the Horite; also a place to which men of Benjamin were deported	
s28689	Manasseh	spelling of Manasseh in this verse: the tribe descended from the elder son of Joseph	
s28690	Mnason	spelling of Mnason, a man from Cyprus and an early disciple, in whose house Paul stayed on the way to Jerusalem	
s28691	Manasseh	elder son of Joseph and ancestor of the tribe of Manasseh; also a king of Judah, the son of Hezekiah	
s28692	Manasseh	<Manasseh> with the plural <te>: the people of the tribe of Manasseh	
s28693	head for/go toward/make for	go in the direction of a place or an end; often after <lam>, direction	
s28694	toward/in the direction of/heading for	<manawh> head for with the linking ending <in>: in the direction of, usually after <lam>, direction	
s28695	advance/go forward/press on/carry forward	<ma>, front, with <nawt>, push: move ahead, make progress, or carry a task forward	
s28696	progress/advance/advancement	<manawt>, advance, with the noun suffix {-na}: a going forward, progress	
s28697	worth about/to the value of about	<man> in its meaning price and <bang> in its meaning about, written as one word after a sum of money: about that much in value	
s28698	only because	<man>, because, and <bek>, only, written as one word, used as {manbek in}: only because, merely for the reason that	
s28699		<man>, price, and <bek>, only, written as one word after a sum: costing only that much	
s28700	Manchester	city in England; also in the name of the football club Manchester United	
s28701	when finished/after	<man>, finish, and <ciang>, when, written as one word after a verb or the name of an event: when it is over, after finishing	
s28702	when finished/after	<man>, finish, and <ciangin>, when, written as one word: when it is finished, after finishing	
s28703	seize/grip/hold fast	<man> seize with <cip> tightly; said of anguish, fear or trembling taking hold of people	
s28704	arrest/capture/catch/hold	catch a person and hold him fast, said of police, guards or an attacker and not of a feeling: {Hostage in mancip} is take as a hostage	
s28705	Mandalay	the second largest city of Myanmar	
s28706	people of Mandalay	<Mandalay> with the plural <te>: the people of Mandalay	
s28707	Mandarin	the standard spoken Chinese language; {Mandarin kampau} is the Mandarin language	
s28708	pandal/pavilion/festival stage	a temporary stage or shelter put up for a festival or meeting, as at the Water Festival	
s28709	worth/cost/money for	<man>, price, and <ding>, for, written as one word: after an amount, goods worth that much; after a thing, the money needed to pay for it, as {laibu manding}, money for books	
s28710	to arrest/to catch/will arrest	<man>, arrest or catch, and <ding>, will, written as one word: in order to arrest, will arrest	
s28711	in order to catch/to arrest	<man>, catch or arrest, and <dingin>, in order to, written as one word	
s28712	at a cost of/to be priced at	<man>, price, and <dingin>, for, written as one word: so as to cost the amount named	
s28713	Manaen	spelling of Manaen, a prophet and teacher in the church at Antioch who had been brought up with Herod the tetrarch	
s28714	eat first/eat ahead	<ma> before with <nek> eat: eat ahead of others without waiting	
s28715	obey		obey an order; listen to advice
s28716	dream	a dream seen in sleep; with <man>, catch, {mang man} is have a dream	
s28717	away/gone/lost	placed after a verb of going or fleeing: away for good, so as to be gone or lost, as <taikhia mang>, flee away; {a si a mang} is the dead and the missing	
s28718	Mang Yung		
s28719	despair/be at a loss/be distressed	be in distress of mind, not knowing what to do and without hope	
s28720	distress/trouble/anxiety	deep trouble of mind; often paired as {lungkham mangbatna}, worry and distress	
s28721	wheat		
s28722	wheat flour		
s28723	wheat seed/grain of wheat	<mangbuh> wheat with <ci> seed	
s28724	barley		
s28725	barley	<mangbuhham> barley with plural <te>, the barley plants	
s28726	wheat grain/kernel of wheat	<mangbuh> wheat with <hum>; counted with <tang>, grain	
s28727	spelt	a grain named in a list after wheat, barley and millet	
s28728	spelt	plural of <mangbuhman>, a grain named beside <mangbuh> wheat and <mangbuhham> barley	
s28729	wheat flour/fine flour	flour ground from wheat, used for bread and for the grain offering	
s28730	wheat/grain	wheat as a crop or as a stock of grain, with the plural ending <te>	
s28731	head of wheat/ear of grain	<mangbuh>, wheat, with <vui>, ear: the head of a wheat plant, which holds the grain	
s28732	heads of grain/ears of wheat	<mangbuhvui>, head of wheat, with the plural <te>	
s28733	tavern/inn	a roadside inn or tavern; in the Bible only in the place name {Mangbuk Thum}, Three Taverns	
s28734	tavern/inn	<mangbuk>, tavern, written with a capital in the place name {Mangbuk Thum}, Three Taverns, a stopping place on the road to Rome	
s28735	go missing/disappear/vanish	<mang>, here be lost from sight, with <cip>, completely: disappear without a trace, said of a person, a ship or an aircraft that cannot be found	
s28736	be still missing	<mangcip>, go missing, and <lai>, still, written as one word: not yet found, still missing	
s28737	keep disappearing/keep getting lost	<mang>, away or lost, with <den>, continually, written as one word: go missing again and again	
s28738	free of charge/without charge	<man>, price, <ngen>, ask for, and <lo>, not, written as one word: without asking payment, usually followed by <in>	
s28739	disappear/vanish/pass away	spelling of <mang> in the sense be lost: disappear, vanish; of a person, pass away	
s28744	listen to/pay attention/obey	<mang>, obey, with the linking ending <in>: obeying, and then; {thu mangin} is obeying what someone says	
s28745	in a dream	<mang>, a dream, with the marker <in>: in a dream, after <a> or <ka> and before what was dreamed; the obeying sense follows <thu> or the thing obeyed	
s28746	governor's residence/praetorium/palace	<mang>, ruler, with <inn>, house: the governor's official residence, the Praetorium; {manginn tual} is its courtyard	
s28747	British/English	the British, the white rulers of Burma before independence; also the English and their language	
s28748	English/English language	the English language, {Mang}, the English or British, with <kam>, speech	
s28749	in English/into English	<Mangkam>, the English language, and <a>, in, written as one word: in English, into English	
s28750	in English/into English	<Mangkam>, the English language, and <in> written as one word: in English, into English, as with <teikhia>, translate	
s28751	British/English/Englishman	the British, the English, and a person of that people; {Mangkang kumpi} is the British government of colonial times	
s28752	British government/the British/British rule	<Mangkang>, British, and <kumpi>, king, government: the British government, above all the colonial government that ruled Burma and the Chin Hills; used as subject with <in>	
s28753	the British/the English	the British, <Mangkang> with the plural <te>, spoken of above all as the former colonial rulers of Burma and India	
s28754	pomegranate	the pomegranate, both the tree and its fruit; also the pomegranate shapes that decorated the temple pillars	
s28755	pomegranates	plural of <mangkawlsing>, pomegranate; here the bronze pomegranates around the capital of a pillar	
s28756	give in to/yield to/heed	<mang>, obey, with <kha>, happen to: come to follow what someone says, be won over by persuasion or pressure	
s28757	English month/Western month	a month of the Western calendar, January to December, as against <zokha>, the Zomi month; {Mangkha min} is the English name of a month; not the verb give in	
s28759	Mangkheng		
s28760	interpret dreams	<mang>, dream, with <khiat>, bring out: explain the meaning of a dream; {mangkhiat siamna} is skill in interpreting dreams	
s28761	completely/utterly/away	placed after a verb to show that the action is finished and the thing is gone, as in {bei mangkhin}, come to an end altogether	
s28762	disappear again/vanish again/go away again	<mang>, gone or lost, and <kik>, again, written as one word: be gone again, disappear once more	
s28763	obey again	<mang>, obey, with <kik>, again, and the linking ending <in>: obeying once more	
s28764	office/court	second part of the pair <zumkong mangkong>, also written {zum kong mangkong}: the doors of the offices and of the officials, that is government offices and law courts, the authorities	
s28765		<mang>, here be lost or perish, with <kuan>, about to: when on the point of perishing; the reading is inferred from the saying <Akta mangkuan kitutu> and its explanation	
s28766	English song/western song	a song in English, as against <Zola>, a Zomi song, and <Kawlla>, a Burmese song; {Mang} is short for <Mangkang>, English, with <la>, song	
s28767	English	the English language as it is written and read; {Manglai in} is in English	
s28769	commander/high officer	<mang>, officer, with <lian>, great: a high officer; {galkap manglian} is the field commander of an army	
s28770	officials/rulers/governors	plural of <manglian>, a high official or ruler	
s28771	disobey/not heed/not listen	<mang> and <lo> written as one word: not obey, not heed what is said; {thu manglo} is disobedient	
s28772	not be lost/not vanish	<mang>, be lost or disappear, with <lo>: not be lost, said of a name that is to be kept alive	
s28773	dreamer	one who has dreams and tells what they mean; <mang>, dream, with <man>, catch, as in {mang man}, have a dream; often followed by <pa>, {mangman pa}, the dreamer	
s28774	dreamer	<mangman> dreamer with <pa> marking a man	
s28775	dream	a dream seen in sleep; <mang>, dream, with <mat>, the second form of <man>, catch, as in {mang man}, have a dream	
s28776	vision/dream	<mangmat> dream with the noun suffix <na>: what is seen in a dream or vision	
s28777	visions/revelations	plural of <mangmatna>: visions or revelations received from God	
s28778	unforgettable/hard to forget	not fading from memory: said of a thing, often from childhood, that stays in the mind	
s28779	tribute/tax/levy	a payment required by a ruler or for the house of God, named together with <siah>, tax, and <losap>, duty	
s28780	see a vision/fall into a trance	<mang>, dream, with <mu>, see: see a vision while awake, fall into a trance	
s28781	vision	what is seen as in a dream, a prophetic vision; <mang> dream with <muh>, the form of <mu> see	
s28782	vision/revelation	<mangmuh>, vision, with the noun suffix <na>: something seen in a dream or in a vision from God	
s28783	Revelation/book of Revelation	written with a capital, {Mangmuhna}, the last book of the New Testament; followed by chapter and verse numbers or by <laibu>, book	
s28784	visions	plural of <mangmuhna>: the visions seen by a prophet or in sleep	
s28785		noun form of <mang>, away or completely, after a verb: {a suksiat mangna} is their destroying completely	
s28786	ever be lost/ever vanish/ever be forgotten	<mang>, gone or lost, with <ngei>, ever, written as one word; with <nawnlo> it means never to be lost or forgotten	
s28788	forget	no longer remember, or fail to keep in mind; {mangngilh kei} is not forget	
s28789	forget	<mangngilh>, forget, with the linking ending <in>: forgetting, and then	
s28790	happen to forget/forget	<mangngilh>, forget, with <kha>, happen to: come to forget	
s28791	not forget/remember	<mangngilh> and <lo> written as one word: does not forget, without forgetting	
s28792	not forget	<mangngilh> and the negative <loh> written as one word: not forget, used before <ding> and <nading>	
s28793	forgetting/forgetfulness/oblivion	<mangngilh> forget with the noun suffix <na>; {mangngilhna gam} is the land of oblivion	
s28794	those who forget	<mangngilh> forget with the plural <te>: the ones who forget	
s28795	queen/female ruler	apparently a word for lord or ruler with <nu>, which marks a woman: {Dawi mangnu} is the queen of the spirits in a legend; elsewhere a woman's personal name	
s28796	be willing to obey/want to heed	<mang>, obey, and <nuam>, want, written as one word: be willing to obey or listen to what is said; in the sentences it is negated	
s28797	refuse to obey/be unwilling to obey	<mang>, obey, and <nuamlo>, not want, written as one word: not be willing to obey an order	
s28798	commander/captain/officer/chief	a man in command or in office: {galkap mangpa} is an army commander or centurion, {inncing mangpa} the captain of the guard, {thukhen mangpa} a judge	
s28799	official/governor/lord	capitalised form of <mangpa> used as a title: the Ethiopian official of Acts 8, the governor Festus, and Christ as the author or prince of life	
s28800	disappear at once/vanish	<mang>, disappear, with <pah>, at once: vanish in a moment	
s28801	obey at once/comply readily	<mang> obey with <pah> at once: do what is asked without delay, as beside <umpah>, believe at once; not the vanishing of {mangpah} from <mang> disappear	
s28802	English/English language	the English language as it is spoken, from {Mang}, the English or British, and <pau>, language; the written language is <Manglai>	
s28803	goodbye/farewell	the parting greeting; {mangpha khak} is to say goodbye, and {mangpha kikhak} to say goodbye to each other	
s28804	farewell/leave-taking/last respects	<mangpha>, goodbye, and <khakna>, sending: the bidding of goodbye to someone who leaves, and in death notices the last respects paid to the dead, often with a wreath; the object of <nei>, hold, or with <in> as the purpose of a visit	
s28805	governor	<mang>, ruler, with <pi>, great: the governor of a land under the emperor	
s28806	chief/senior officer/dignitary	in present-day use a person of high rank, of the kind named by the word before it: <galkap mangpi> is an army general, {thukhen mangpi} a judge, {zin mangpi} the guest of honour	
s28807	governor	<mangpi>, governor, with <pa> marking a man	
s28808	chief/commander/commander-in-chief	in present-day use the man at the head of a body named by the word before it, not a governor: <galkap mangpipa> is the chief of the armed forces	
s28809	governor/His Excellency	<mangpipa>, governor, written with a capital as a title before or after the name, as {Mangpipa Feliks}, Governor Felix	
s28810	governors/officials/high officers	plural of <mangpi>, a high official	
s28811	Mangpu		
s28812	lost	<mang>, be lost, with <sa>, already: that has gone missing; {a mangsa} is the lost one	
s28813	drive away/get rid of/waste/make vanish	<mang>, disappear, with the causative <sak>: make disappear, get rid of or waste; often follows another verb, as {mut mangsak}, blow away, and {tum mangsak}, plunge into ruin	
s28814	lose/mislay	lose a thing one owns without meaning to, such as a phone, a ring, a book or a card, where sense 1 is making something go away on purpose; often with <kha>, by accident	
s28815	those who lose	<mangsak> cause to be lost, lose, with <te>, the people who do so	
s28816	practise sorcery/divine	in {mangsan theite}, where the English has sorcerers; perhaps divining by dreams	
s28817	Mangsan		
s28818	nightmare/bad dream	a bad or frightening dream, <mang>, dream, with <sia>, bad; the opposite of {manghoih}, a good dream	
s28819	Mangson		
s28820	away/completely/for good	<mang>, here in its sense of lost, gone, with <ta>, here already, written as one word after a verb: the action has gone through so that the thing is gone or lost for good	
s28821	officials/officers/commanders/magistrates	plural of <mang>, officer: men in office or command, as {galkap mangte}, army commanders, and {thukhen mangte}, magistrates	
s28822	dreams	plural of <mang>, dream	
s28823	those who obey/those who accept	<mang>, obey, with the plural <te>: {a mangte}, the ones who obey or accept a word	
s28824	the English/the British/Westerners	the English or British as a people, {Mang} with the plural <te>, usually with a capital letter; named beside <Kawlte>, the Burmese, and in {Mangte paunak}, an English proverb	
s28825	the English/English speakers	<mangte>, the English, with the subject marker <in> shortened and written as one word: the English, or speakers of English, as the ones who say or call something	
s28826	disappear/vanish/perish	form of <mangthang> used before <na> and <loh>, often written with a final apostrophe: {a mangthan na} is its disappearing, said of a people or a language that dies out	
s28827	disappear/vanish/perish/pass away	go out of sight or out of existence: disappear, be lost, perish	
s28828	go missing/disappear/vanish	<mangthang>, disappear, and <cip>, completely, written as one word: disappear without a trace, be missing, of people after an accident or a disaster	
s28829	still missing/be still missing	<mangthangcip>, go missing, and <lai>, still, written as one word: be still missing, not yet found	
s28830	disappear/vanish	<mangthang>, disappear, with the linking ending <in>: disappearing, and then	
s28831	not perish/not disappear	<mangthang> and <lo> written as one word: does not vanish, does not pass away	
s28832	disappear quickly/vanish soon	<mangthang> disappear with <pak>, quickly, for a short while	
s28833	lose/destroy/make vanish	<mangthang>, be lost, with the causative <sak>: lose something, or cause it to perish	
s28834	the lost/lost ones	<mangthang> be lost or perish, with plural <te>: those who are lost	
s28835	obedient	<mang> obey with <thei> able: who obeys; {thu a mangthei naupangte}, obedient children	
s28836	Mangtong		
s28837	Mangvuk		
s28838	Mangvung		
s28839	under authority/in a rank of authority	<mangza>, rank or position of authority, with the place marker <ah>	
s28840	obey rather/obey more	<mang> obey with <zaw>, more, rather	
s28841	vanish/disappear suddenly/be gone at once	the first part of <mangthang>, be lost from sight, with <ziau>, at once: disappear quickly and completely	
s28842	be able to obey/obey	<mang> obey with <zo>, be able, manage to	
s28843	Mangzong		
s28844	those who obey	<mangzo>, manage to obey, with the plural <te>: those who have obeyed the teaching, NIV those trained by it	
s28845	be worth/cost	have the stated price or value; the amount comes before it, as in {tul 50 bang manh hi}, it is worth about fifty thousand; related to <man>, price	
s28846	value/worth/price	the worth or price of something, as in {manh nei}, have value; a spelling beside <man>	
s28847	Manhattan	central district of New York City in the United States	
s28848	it is true/it is right	<man> and the sentence ending <hi> written as one word: it is true; after another verb the same spelling is used for {man hi} in its other senses, was caught or was done in time	
s28849	Manila	the capital city of the Philippines	
s28850	for/because/since	placed at the end of a clause to give the reason for what follows; after a verb often {ahih manin}	
s28851	as of		
s28852	reason being/because of	gives the cause of what follows; {tua ahih manin}, that being so, is therefore	
s28853	because/because of	<manin>, because, with <ah>: placed at the end of the clause that gives the reason, often as {ahih maninah}	
s28854	Manipur	state in the north-east of India that borders Chin State and Sagaing Region	
s28855	Manjung	a district of the state of Perak in Malaysia	
s28856	lesser bride price	in Zomi marriage custom the smaller shares of the bride price given to relatives of the bride, such as the shares of her mother and her uncle, beside the main price, <manpi>	
s28857	not have time to/not manage to	<man>, be in time for or get something done, and the negative <kei> written as one word after a verb: have no time to do it, not get to do it	
s28858	if not in time/if unable to	<man>, manage in time, and <keileh>, if not, written as one word after a verb: if one does not manage to do it	
s28859	catch/get hold of/capture	<man>, seize, and the particle <kha>, written as one word: manage to catch or grab a person or thing, capture	
s28860	fail to catch/not manage to grasp	<man>, catch, with <khalo> written as one word: not get hold of, fail to catch	
s28861	seize together/take along with	<man> seize with <khawm> together: seize along with other things	
s28862	seize and bring out/hunt down/catch	<man> seize with <khia> out: catch and take out of a hiding place	
s28863	have arrested/have caught	<mankhia>, catch, and <khin>, already, written as one word: the arrest is already made	
s28864	catch again/recapture/seize back	<mankhia>, catch and bring out, and <kik>, again or back, written as one word	
s28865	arrest at once/catch right away	<mankhia> and <pah> written as one word: seize or arrest someone immediately	
s28866	have arrested/have caught	<mankhia>, catch and bring out, with <ta>, now done, written as one word: have arrested, said of the police	
s28867	be able to catch/manage to arrest	<mankhia>, hunt down and catch, and <thei>, able, written as one word; with <ki> before it, could be caught	
s28868	manage to catch/succeed in capturing	<mankhia>, catch, and <zo>, be able, written as one word: succeed in catching or seizing; {mankhiazo nailo} is not yet caught	
s28869	finish/complete/be finished	<man>, finish, with <khin>, already: have finished, be completed	
s28870	arrest/catch/apprehend	<man> in its sense of catch or seize, with <khin>, already: have arrested or caught someone, said of the police as in {palik te'n mankhin}; not the sense have finished	
s28871	have arrested/have caught	<man>, arrest, and <khinta>, already done, written as one word: have already arrested or caught someone	
s28872	finish/have finished	<man> finish with <khit>, which marks the action as completed; {a mankhit ciangin} is when he had finished	
s28873	recapture/catch again/arrest again	<man>, catch, and <kik>, again or back, written as one word: catch again a person or animal that had got away	
s28874	arrest at once/catch right away	<mankik>, catch in turn or catch again, with <pah>, at once, written as one word: catch or arrest someone promptly after the deed	
s28875	all true/wholly true	<man> true with <kim>, all, every one	
s28877	be busy/be occupied	be taken up with work, with no time left for other things	
s28878	busily/being busy	<manlah> be busy, with <in>; {manlahin om} is to be busy, taken up with one's affairs	
s28879	busyness/being occupied	the state of being busy, having no time; a matter that keeps one busy	
s28880	be busy with/occupy oneself with/devote oneself to	<manlah> be busy, with <pih> which adds the thing one is busy with	
s28881	quickly	form of <manlang> quick, used before <pak>	
s28882	quick/swift/fast/rapid	quick or swift, said of feet, days or help; {hong manlang in} is come quickly, and {manlang takin} is rapidly	
s28883	as quickly as possible/as soon as possible	<manlang>, quick, and <thei>, can: with <a> before it and <pen>, <penpen> or <in> after it, as quickly as can be done	
s28884	as quickly as possible/as soon as possible	<manlang>, quick, and <theithei>, as possible: a formula of notices and requests, always in the frame {a manlang theithei in} before the thing that is to be done	
s28885	at once/right away/quickly	with <a> before it, {a manlangin}: at once, without delay	
s28886	immediately/quickly/in a hurry	<manlang>, quick, with <in>: quickly, in a hurry, placed before the verb	
s28887	too fast/very fast/too quick	<manlang> and <lua> written as one word: so fast that nobody can react, very quick	
s28888	quickly/swiftly/promptly	<manlang>, quick, with <tak>, written as one word and usually followed by <in>: quickly, without delay	
s28889	those who are quick	<manlang> quick with the plural <te>; here of feet quick to do evil	
s28890	be quicker/go faster	<manlang>, quick, and <tuam> written as one word; here <tuam> after a describing word means all the more as a result: become quicker because of what was just named	
s28891	faster/quicker	<manlang> and <zaw> written as one word: quicker, faster than something named with <sangin>	
s28892		<man> and <leh> written as one word; the sense follows that of <man>: after a verb when it is finished, as {nasep manleh}, when work is done; in {manleh manlo}, true and not true, whether right or not; after a clause, because of this and	
s28893	false/untrue	<man>, true, with <lo>, not: false, not true, said of words, witnesses and visions	
s28894	worthless	in {bangmah manlo mite}, good-for-nothing men	
s28895	have no time/be too busy	after a verb, <man>, be free or finished, with <lo>, not: have no time or leisure to do it, as in {khawl manlo}, with no time to rest; <manlo liangin> is so busy as not even to	
s28896	without even time to/too busy even to	{man lo}, not have time, with <liangin>, to the point of: placed after a verb, so busy that there is no time even for that action, as in {anne manlo liangin}, with no time even to eat; the first word here is not <manlo>, false	
s28897	not finish/not manage to/not get done	<man>, finish, and the negative <loh> written as one word, after a verb or noun: not have finished it, not have got it done, mostly before words such as <hangin>, <lam> and <manin>	
s28898	disobey/not obey	in {thu manloh}, not obey the word: seems to be the form of <mang>, obey, used before the negative <loh>	
s28899	wrong/untruth/falsehood	<man> true or right with <loh> not and the noun suffix <na>: what is not right; NIV evil	
s28900	disobedience/not obeying	not obeying, from <mang>, obey, shortened before {-lohna}, after <thu> or <thupiak>: {a pa thu a manlohna} is his not doing what his father says; the other sense is from <man>, true or right	
s28901	false	plural of <manlo>; {pasian manlote} are false gods, idols	
s28902	Manlun		
s28903	precisely because/just because	<man>, because, and the emphatic <mah> written as one word and followed by <in>: for the very reason that	
s28904	very exact/very punctual	<man>, right or correct, and <mahmah>, very, written as one word; {ahun manmahmah} is very punctual	
s28905	regular/due/proper	of what comes at its fixed time or in its fixed amount; {a hun manman} is the appointed time	
s28906	whatever one can/whoever	after a verb, as in {lak manman} and {za manman}: every one that the action reaches, whatever one manages to take, whoever happens to hear; not the regular time of {hun manman}	
s28907	keep catching/go on catching	<man>, catch, said twice for an action that goes on; the book uses it for the perfect continuous tense; not the word for regular or due	
s28908	regularly/at the proper time/continually	at each set time without fail, as of daily meals or regular offerings; {a hun manmanin} is at the proper time	
s28910	manna	the food God gave Israel in the wilderness, the Hebrew word kept in Zolai	
s28911	truth/uprightness/integrity	<man>, true or right, with the noun suffix <na>: the fact of being true, or uprightness of heart	
s28912	obedience	<mang>, obey, with the noun suffix <na>: the act of obeying, said with <thu>, as {thu manna}, obeying what someone says	
s28913	loss/perishing/destruction	<mang>, be lost or perish, with the noun suffix <na>: loss of life, said in the pair <sihna manna>, death and loss, after war or disaster	
s28914	not yet finished/not yet done	<man> and <nailo>, not yet, written as one word: not yet finished, not yet managed; with <man> in the sense of catch, not yet caught	
s28915	no longer manage/be too late	<man> and <nawnlo> written as one word after a verb: no longer be in time to do it, not manage it any more	
s28916	valuable/worthwhile/useful	<man>, value, with <nei>, have: having worth, worth doing or having	
s28917	worth/valued at	<man>, price, <nei>, have, and <ding> written as one word: having the value of; placed after a sum of money, as in news of goods seized or stolen	
s28918	value/worth	<man>, price, and <neihna>, having, written as one word: the worth that a thing has, as {sum ii manneihna}, the value of money	
s28919	all have value/each have its worth	<man>, value, <nei>, have, and <kim>, every, written as one word: every one of them has its value	
s28920	worthless/of no value/useless	<mannei>, valuable, and <lo>, not, written as one word: having no worth	
s28922	be willing to listen/be willing to obey	<man>, the form of <mang> obey, with <nop> want; in the verses always with <kei>, refuse to listen	
s28923	want to catch/want to arrest	<man>, catch or arrest, and <nuam>, want, written as one word	
s28924	Manoah	man of Zorah of the tribe of Dan, the father of Samson	
s28925	catcher/one who catches	<man> catch with <pa>, a man: the man who catches an animal in hunting	
s28926	dreamer	in {mang manpa}, the man who has dreams; {mang man} is to dream a dream	
s28927	seize at once/arrest immediately	<man> seize or arrest, with <pah> at once	
s28928	precious/valuable/costly	of great worth or dearly valued; {suang manpha} is a precious stone, and {manpha zaw} is more valuable	
s28929	not right/not sound/abnormal	not as it should be, said of the mind or brain of a person who is not of sound mind, and of the position of a baby at birth; apparently <man>, right, with <pha> and <lo>, not, and not the word <manpha>, precious	
s28930	most precious/most valuable	<manpha> precious with the superlative <pen>	
s28931	value/treasure/make valuable	<manpha> and <sak> written as one word: treat as precious, or give worth to	
s28932	precious/dear/valuable	form of <manpha> used before {mah bangin} and other endings	
s28933	precious/valuable	plural of <manpha>, placed after the noun it describes; {van manphate} are valuable goods, treasures	
s28934	all precious/all valuable	<manpha> precious with <teng>, all of: {na manphateng}, all the valuable things	
s28935	value/worth/preciousness	<manphat>, precious, with the noun suffix <na>: how much something is worth or how precious it is	
s28936	values/merits/good qualities	plural of <manphatna>: the things that make a person or a thing valuable	
s28937	value/worth/how precious	<manphat>, valuable, and <zia>, way, written as one word: how valuable someone or something is, its worth	
s28938	more valuable/more precious/worth more	<manpha>, precious, with the comparative <zaw>: worth more; used with <sangin>, than	
s28939	grab/seize/take hold of	<man>, seize, with <phei>, across, written as one word: reach over and grab hold of a thing or a person	
s28940	arrest first/detain for the time being	<man>, arrest, and <phot>, first or for now, written as one word: arrest or hold someone for the time being	
s28941	ready/already prepared	<man>, finish, with <sa>, already, and <in>: in a finished state, ready	
s28942	have seized/cause to catch/hand over	<man> seize with causative <sak>: have someone caught, or let someone capture; {mang mansak} is to make someone dream	
s28943	charge/price/sell for	<man>, price, with the causative <sak>: put a price on goods, charge so much for them; the amount stands before {mansak}	
s28944	speed up/quicken	<man>, fast, with the causative <sak>: make something go faster, said of the flow of blood, {sisan paizia mansak}	
s28945	have arrested/have seized	<man> seize with the causative <sak> and the linking suffix <in>: having had someone arrested	
s28946	legality/lawfulness	the state of being held right or valid under the rules, set against {hoih gamtatna}, morality; seen mainly in one article, which glosses it as legality	
s28947	expensive/dear/costly	<man>, price, and <sang>, high, written as one word: high in price	
s28948	Mansi	a town in Kachin State, Myanmar, near Bhamo	
s28949	finish completely/complete	<man>, finish, with <siang>, clean: finish completely	
s28950	to finish completely/will be completed	<mansiang> and <ding> written as one word: to be fully finished, will be completed	
s28951	finish only then/come to an end	<mansiang>, finish completely, with <pan>, only then, written as one word after a time: be completely finished only at that time	
s28952	be able to finish/be completed	<mansiang> and <thei> written as one word: be able to finish completely, come to an end	
s28953	lose	have something go missing, lose it; {mansuah hun} is a time to give up as lost	
s28954	lost	<mansuah> lose with <sa>, already done: that has been lost	
s28955	arrest/take into custody/be arrested	<man>, seize, with <suak>: arrest and hold a person; {aki mansuak} is those who were arrested	
s28956	arrest at once/catch on the spot	<man>, seize, with <suak> and <pah> written as one word: arrest or catch someone immediately and for good	
s28957	Mansuang	a place on the road from Tedim towards Rih and Falam in Chin State, named for its bridge, {Mansuang lei}	
s28958	be finished/be over/be done	<man>, finish, and the marker <ta> written as one word: it is now finished, it is over	
s28959	aubergine/eggplant	the aubergine plant; {manta kung} is the plant and {manta gah} its fruit	
s28960	true/real/right	<man>, true, with <tak>, real: true, genuine; {a mantak} is what is true, the truth	
s28961	truly/in truth	in truth, really; {a mantak a kong genin-ah}, truly I tell you, opens a solemn saying of Jesus	
s28962	correctly/properly/rightly	in the right way or at the right time, with <in> or <a> before a verb, said of how a thing is done and not of whether a saying is true; {hun mantak in} is on time	
s28963	truly/truthfully/honestly	<mantak>, true, with the adverb ending <in>: {a mantakin kong genin-ah} and {a mantakin ci lehang} open a solemn statement, very truly I tell you	
s28964	not right/abnormal/unsound	<mantak>, right, and <lo>, not, written as one word: not as it should be, said of a mind that is unsound or of behaviour that is not normal	
s28965	certainly/indeed/of course	<mantak>, true, with the intensifier <pi>: most certainly, of course	
s28966	really true/true	<mantak>, true, with <tak> repeated for emphasis: really true; {a mantaktak a gen} is tell the real truth	
s28967	Mantalaing		
s28968	expensive/costly/dear	<man>, price, with <tam>, much, written as one word: costing much	
s28969	captors/catchers	<man>, catch or seize, with the plural <te>: those who catch or hold someone captive; {mi mante} is catchers of people, fishers of men	
s28970	prices/values	<man>, price, with the plural <te>: the prices of things, the money they are worth	
s28971	those costing/those worth	<man>, cost, with the plural <te>: the ones that cost so much, after an amount or after <atam> and <atawm>, as in {atam mante}, the expensive ones	
s28972	when finished/after finishing/once over	<man>, finish, and <teh>, when, written as one word after a noun or verb: when it is finished, as in {sinna manteh}, after finishing one's studies	
s28973	vanish/disappear/pass away	form of <mangthang>, vanish, used before words such as <ding>, <hun>, <ciangin> and <bangin>: pass away, cease to exist	
s28974	ruin/destruction/loss	<mangthang>, perish, in its form before endings with the noun ending {-na}: a coming to ruin	
s28975	make disappear/lose/let die out	<manthan>, vanish, with the causative <sak>: cause something to pass away; {ngeina manthansak} is let a custom die out	
s28976	be able to catch/be able to arrest/can seize	<man>, catch or arrest, and <thei>, be able, written as one word: manage to catch a falling person or arrest someone; {ki manthei} is can be arrested	
s28977	be able to obey/obey	<man>, the second form of <mang>, obey, with <theih>, be able: be able to obey; used with <thu>, word, before <nading> or <lai-in>	
s28978	arrest at once/catch immediately	<manthei>, be able to arrest, with <pah>, at once, written as one word: manage to catch or arrest someone straight away	
s28979	only then be able to arrest/manage to catch at last	<man>, arrest, and <theipan>, only then can, written as one word: could arrest or catch someone only then, at last	
s28980	Mantuang		
s28981	finish/complete	<man>, finish, with the plural marker <uh> written as one word: we or they finished; the same spelling also joins the other meanings of <man>, seize and because of, with <uh>	
s28982	because/since	<manin>, because, in the form used when the subject is plural: placed at the end of the clause that gives the reason	
s28983	because/since	<manun>, because, with <ah>: placed after a clause whose subject is plural, because they; after <lau>, fear, it is for fear that	
s28984	value/price/worth	<man>, price, with <zah>, amount: how much a thing is worth, the value set on it	
s28985	photograph/take a picture	take a photograph with a camera; also names photography and, with <pa>, a photographer; written {man zaih} as well, see <zaih>	
s28986	camera/photography	{man zaih}, take a photograph, with the noun suffix <na>: the taking of pictures, and most often the device that takes them, a camera	
s28987	more right/more true	<man>, right, with <zaw>, more: the more right of two things	
s28988	obey rather/listen to rather	{thu man}, the second form of {thu mang} obey, with <zawk> more; said of two choices	
s28989	keep capturing/seize again and again	<man>, here seize or capture, and <zelzel>, again and again, written as one word: capture people time after time	
s28990	be able to catch/capture/manage to catch	<man>, catch, with <zo>, be able: manage to catch or capture	
s28991	finish/complete/manage to finish	<man> in its sense finish with <zo>, be able: get something finished, as a training, a school year or a building; nobody is caught here	
s28992	also because of	<man> and <zong> written as one word after a verb or noun: also on account of it, because of that too	
s28993	Maok	father of Achish, king of Gath, to whom David fled	
s28994	Maon	town in the hill country of Judah with a wilderness around it where David hid from Saul; also a descendant of Caleb	
s28995	Maori	the native people of New Zealand and their language; {Maori pau} is the Maori language	
s28996	map	a drawing of a country or a town; the Zolai word is <gamlim>	
s28997	waive/exempt/remit	free someone from a payment that is due; {sangsap map} is waive the school fee for a pupil whose family cannot pay; not {map}, a drawing of a country	
s28998	go ahead/go before/go in advance	<ma>, before, with <pai>, go: go ahead of someone else, go on in advance	
s28999	go forward/advance/make progress/prosper	move forward or get on well in work and life, with no one else to be ahead of; {mapai semsem} is make more and more progress	
s29000	send ahead/send on before	<mapai>, go ahead, with the causative <sak>: send someone on ahead	
s29001	work for/serve/take part/strive	take up a task and work at it for a people, a cause or the Lord; {mapan khop} is to work together and {mapan pih} to work along with someone	
s29002	contribute/take part/join in	take part in a common cause by giving money or effort; {mapang khawm} is contribute together, in lists of donors	
s29003	taking part/joining in	<mapang>, take part, with the connective <in>, written as one word: taking part, each doing his share, before a verb of working together	
s29004	work together/cooperate/join forces	<mapang>, take part, and <khawm>, together, written as one word: work on something together with others, usually after <tawh>, with	
s29005	leader/chief organiser/office bearer	the one who takes the lead in a work or a group, from <mapang>, take part, with the ending {-pi}, chief	
s29006	participants/contributors/those who take part	<mapang>, take part, with the plural <te>: those who join in a common work with effort or money	
s29007	work together/cooperate/take part together	<mapang>, take an active part, with <khop>, together; the form used before <ding> and <theihna>	
s29008	cooperation/joint effort/working together	<mapang>, take part in a work, with <khopna>, doing together: the joining of people or groups in one effort	
s29009	service/work/effort/contribution	<mapan>, work for a cause, with the noun suffix <na>: the work that someone does for a people or a cause	
s29010	services/efforts/contributions	<mapanna>, service or effort for a cause, with the plural <te>	
s29011	support/back/help forward	<panpih>, help, said of helping a work or a people forward: stand behind it and help it on, with money, prayer or other means	
s29012	way of working/approach/course of action	<mapan>, strive or work for, with <zia>, way: how a task or cause is taken up and carried on	
s29013	before/long before	<ma> before with <pek>, far back: placed after a clause, before that happened	
s29014	before/even before	<ma>, before, with <pek>, far back, and <in>: placed after a verb, already before something happened	
s29015	whoever/everyone/anyone	placed after <kua>, who: {akua mapeuh} or {a kua mapeuh} is every one, whoever it may be; compare <peuhmah>	
s29016	leader/chief/chief officer	the one at the front, the head of a group; {nasem mapi} is a foreman, {a mapi-in om} is be in the lead	
s29017	lead/go before	go at the front of a people and lead them	
s29018	give beforehand/give in advance	<ma> before with <piak> give: give ahead as a pledge of what is to come; NIV put as a deposit	
s29019	own nature/own likeness	<ma>, here the self of {a ma}, he himself, and <pianzia>, nature, written as one word: his own nature or form, explained in one article by <limlemel>	
s29020	MAPIM	short name of a Malaysian council of Islamic non-governmental organisations, named in reports on its statements and protests	
s29021	overseers/foremen/leaders	those who stand in front and direct the work of others; {nasem mapite}, foremen over the workers	
s29022	exemption/waiver/remission	<map>, waive, with the noun suffix {-na}: the waiving of a payment; {sangsap mapna} is exemption from school fees	
s29023	Mara	name meaning bitter, which Naomi asked to be called after the loss of her husband and sons	
s29024	Marah	place in the wilderness where Israel camped after crossing the sea and found the water bitter	
s29025	Maraland	the land of the Mara people in the south of Chin State; named in {Maraland Defense Force} and {Maraland Territorial Council}	
s29026	Maran	town and district in the state of Pahang, Malaysia	
s29027	Marang	a town and district in the state of Terengganu, Malaysia	
s29028	Merari	third son of Levi, ancestor of the Merarite clan of Levites	
s29029	marathon	the long-distance running race, as held at the Olympics	
s29030	Marawi	city in the south of the Philippines, where the army fought Islamic State militants in 2017	
s29031	March		
s29032	nard	a costly perfume, the English word nard as written in this text	
s29033	Maralah	place on the western border of the territory of Zebulun	
s29034	Mareshah	town in the lowlands of Judah, fortified by Rehoboam; also a descendant of Caleb	
s29035	Mary	name of several women, among them the mother of Jesus and the sister of Martha and Lazarus	
s29037	marijuana/cannabis	the drug cannabis, in Zolai <kanza>; often added in English after that word	
s29038	Meraioth	priest, son of Ahitub, in the family line of Azariah	
s29039	Mark		
s29040	Mark	John Mark, companion of Paul and Barnabas, later with Peter	
s29041	Markaboth/Beth Markaboth	second part of Beth Markaboth, a town of the tribe of Simeon	
s29042	market/marketplace	a place where goods are sold, also in names of markets and shops; in English phrases also the market in the economic sense	
s29043	photograph/picture/photo	a picture taken with a camera; {marn zaih} is take a photograph	
s29044	Maroth	town in Judah named in the lament of Micah	
s29045	Mars	the planet Mars	
s29046	Marsena	one of the seven nobles of Persia and Media closest to King Xerxes	
s29047	Martha	sister of Mary and Lazarus, of Bethany	
s29048	martyr	a person killed for his or her faith	
s29049	Mary	name of several women, among them the mother of Jesus; the same name as <Mari>	
s29050	Maryland	state in the east of the United States, where a Zomi community lives	
s29051	first	first in order or time; {a masa pen} is the first one	
s29052	initial/first/earlier/former	that comes or happens before the others: {ta masa} is the firstborn child, {thuciamna masa} the first covenant	
s29053	first/before others/foremost	placed after a verb or adjective: do or be so before anything or anyone else, as {khangto masa pen}, the first to develop; after <thupi> or <kisam> it marks what matters most	
s29054	first of all/first/before anything else	<masa>, first, and <phot>, for the time being: placed after a verb, to do that before anything else, often before the ending <ni>, let us, or <in>, do	
s29055	very first/first/foremost	<masa> first with the superlative <bel>; {a gah masabel} is the firstfruits, {a masabel} at the head of a clause is first of all	
s29056	will first/first of all	<masa>, first, with the future <ding>, written as one word and placed after a verb: will do first, is to be done before anything else	
s29057	first/firstly/before others	<masa> and <in> written as one word: doing it first, before something else or before other people	
s29058	first/before others	placed after a verb: do first, before anything else or before someone else	
s29059	first/former/earlier	placed after a verb to describe a noun: the first or earlier one that was made, born or done	
s29060	put first/give priority	used as a verb of its own, with a person marker as in {i masak}: put a person or a thing first, before the rest; the opposite is <nunun>, put last	
s29061	the very first/first of all	<masak>, first, with <penpen>, the very most: the very first; placed after a verb it names the first thing ever done, got or made, as {ngah masak penpen}, the very first that was received; a stronger form of <masakpen>	
s29062	with special priority/first of all	<masak>, put first, and <diak>, especially, written as one word: placed before the others, as a priority	
s29063	first	<masak>, first, with <ding>, the marker of what is to be done, written as one word after a verb: to do that first, should be done first	
s29064	first	<masak> first with the adverb suffix <in>: doing first, before the rest	
s29065	first/first time	<masak>, do first, with {-na}: the place or occasion where something was first done, translated first or at first	
s29066	the very first time/first time	<masakna>, the first time, with <pen>: the very first time that something was done; {a kisak masaknapen} is the first time it was sung	
s29067	first day	<masak> and <ni> written as one word: the first day of something	
s29068	very first/first of all	<masak>, first, with <pen>, most: the very first; after a verb, the first that was made or done	
s29069	first of all/at the very first	after a verb: the very first that is done or got, a stronger form of <masak>	
s29070	the first ones/those who first	<masak>, first or put first, and the plural <te>, written as one word: after a verb, those who did it first; {a masakte} is also those who put something first	
s29071	first/the first time	<masak> first with <un>, the plural <uh> joined with <in>: when they first did something; {a khualzin masakun}, on their first journey	
s29072	spice/caraway/dill	a small seed that is sown and beaten out with a rod and used as seasoning, caraway or dill; also spice as trade goods	
s29073	caraway/spices	plural of <masala>	
s29074	not necessarily/not primarily/not really	<masa>, first, and <lo>, not, written as one word and placed after a verb or describing word: not in the first place, not necessarily so	
s29075	first day	<masa> and <ni> written as one word: the first day, as in {ani masani}, its first day	
s29076	first one/first man	<masa> first with <pa> marking a man; {a gen masapa} is the first to speak	
s29077	first/very first/foremost	<masa> first with the superlative <pen>: first of all	
s29078	first of all/firstly	<masapen>, very first, with the ending <in>, written as one word: first of all, as the first thing	
s29079	the very first/first of all	<masa>, first, with the doubled superlative <penpen>, written as one word and placed after a verb: the very first to do it or to be so	
s29080	the first ones/the very first	<masapen>, first of all, with the plural <te>	
s29081	first of all/first	<masa>, first, with <phot>, for now, written as one word after a verb: do this first, before anything else	
s29082	whoever is first/earliest	<masa>, first, with its last syllable repeated, placed after a verb: each one who does it first, whoever does it before the others	
s29083	do first/let be done first	<masa> first with the causative <sak>: have something done before anything else	
s29084	first ones/former ones	those who are or were first, plural of <masa>; {a teeng masate} are the earlier inhabitants, {pu pa masate} the first forefathers	
s29085	send ahead/send before	<ma> before with <sawl> send and the linking suffix <in>: sending on ahead	
s29086	first/ahead/before others	<masa> first with the comparative <zaw>; placed after a verb: do it first, or before someone else does	
s29087	Macedonia	Roman province north of Greece, where Philippi and Thessalonica lay	
s29088	Mash/Meshek	son of Aram and grandson of Shem, called Meshek in the NIV	
s29089	Mashal	town in the territory of Asher given to the Levites	
s29090	before	placed after a word of time: {tua masiah}, before that, up to that time	
s29091	mask/face mask	a covering worn over the mouth and nose against disease, or over the face to hide it; <mask thuah> is wear a mask	
s29092	wear a mask/put on a mask	<mask>, face mask, and <thuah>, put on: wear a mask over mouth and nose; a mask takes <thuah> and not the verbs for wearing clothes	
s29093	Masrekah	town in Edom, home of King Samlah	
s29094	Masrekah	town in Edom, home of King Samlah	
s29095	Masrekah	town in Edom, home of King Samlah	
s29096	Massa	son of Ishmael	
s29097	Massachusetts	a state in the northeast of the United States of America, where the city of Boston lies	
s29098	Massah	place in the wilderness where the Israelites tested the Lord, also called Meribah	
s29099	master's degree/master	the university degree above the first degree; otherwise found in English phrases such as {Master Plan}	
s29100	go before/go in front	<ma> front with <suan>: go or be carried ahead of someone	
s29101	goal/aim/direction/future	as a noun, what a person or a people is heading for, the aim ahead; {masuan kician} is a clear goal	
s29102	head for/aim at/pursue	with the goal named before it, set one's course toward that goal, as in {khantohna masuan}, head for progress; not go ahead of another person	
s29103	going before/leading	<masuan> go in front with <in>; here at the head of a great army	
s29104	main goal/chief aim	<masuan>, goal, with <pi>, great or main, written as one word: the chief aim that people work toward	
s29105	within him/inside himself	with <a> before it, {a masungah}, the same as <amah> <sungah> divided differently: in him, within himself	
s29106	seize/catch/arrest/capture	second form of <man>, catch, used before words such as <khit>, <nading>, <ding> and <bangin>: seize, arrest, catch fish or game; {mang mat} is to have a dream	
s29107	mark/score	a mark given in an examination, a loan from Burmese and not the verb catch; {tan sawm on na mat} is the marks with which one passes the tenth standard	
s29108	quarter kyat/mat	a quarter of a kyat: two <mu> in the old money, 25 pya in the new; two make a <hamu> and four a kyat, {pek khat}	
s29109	arrested/detained/captured	<mat>, arrest, and <athuak>, who undergoes: who has been arrested or is held; stands before the noun for the person, or alone as the arrested one	
s29110	arrest and detention/arrest/detention	<mat.1>, the second form of the verb catch, <leh>, and, <hen.2>, bind: arrest and detention, used as a noun for being seized and held by the police, the immigration service or the army; mostly the object of <thuak>, suffer, or before {tawh kisai}, concerning	
s29111	run ahead/run on before	<ma> before with <tai> run	
s29112		exclamation of feeling or emphasis, placed at the end of a sentence, often after <e> or <ei>, or at its beginning: indeed, really, oh	
s29113	arrest in addition/arrest further	<mat>, arrest, with <beh>, in addition: arrest one more person or more people after earlier arrests; passive {ki matbeh}	
s29114	match/game	a sports match, mostly of football	
s29115	hold captive/detain/capture	<mat> and <cip> written as one word: seize and hold fast, keep as a captive	
s29116	hold fast/seal shut/hold captive	<matcip>, seize and hold fast, and <sak> written as one word: fasten something shut on a person, as tape over the mouth, or hold a person captive	
s29117	to arrest/to catch/to be arrested	<mat>, arrest, and <ding>, will, written as one word: in order to arrest, or that someone is to be arrested; {matding in zong} is search for someone to arrest him	
s29118	in order to arrest/to catch	<mat>, arrest, and <dingin>, in order to, written as one word: in order to arrest, said of a person the police are looking for	
s29119	wounds/injuries/fractures	<ma>, wound, with the plural <te>; also of nail marks and of cracks in the ground	
s29120		those who divorce, from <ma> divorce or send away a spouse, with the plural ending <te>	
s29121	you know/indeed	colloquial particle at the end of a sentence, often after <ei>, <aw> or <hiven>, that stresses what was said and invites the listeners to agree; not the plural of <ma>	
s29122	Mate		
s29123		sentence-final expression of colloquial speech that adds force or feeling to a statement, roughly indeed; probably <mah> with <teh>	
s29124	until/til/till	placed after a verb: up to the time when something happens	
s29125		postpositional marker indicating a certain span of time or distance, equivalent in usage to the prepositions up to, as far as, to	
s29126	until/til/till	<mateng>, until, with the linking ending <in>, placed after a verb	
s29127	up till/up until/until	<mateng>, up to, with the linking ending <in>, placed after a word of time	
s29128	until/till	form of <mateng> used when the subject is plural, placed after the verb	
s29129	Matthew	the Gospel of Matthew, written before chapter and verse in a Bible reference; a spelling of <Matthai>	
s29130	may divorce/can divorce	<ma>, put away a wife, divorce, with <thei> can, be allowed	
s29131	mathematics	the school and university subject mathematics	
s29132	mathematics/maths	the school subject; also called {ganaan}	
s29133	own accord/own will/own discretion	what someone decides or does of himself, after <a> or a pronoun: {a mathu in} is of its own accord, by itself, and {nang mathu} is it is up to you	
s29134	prefix	<ma>, front, with <thuap>, add on: a syllable such as <ki> that is put before a word; it is written joined to the word, as in <kiho> and <kimawl>	
s29135	as captive/captured	<mat> seize with <in>, in the state of being seized; {gal matin} is taken captive in war	
s29136	happen to catch/get hold of	<mat> seize with <khak>, happen to: whoever one happens to lay hold of	
s29137	one mat/quarter kyat	<mat>, a quarter of a kyat, and <khat>, one, written as one word: one mat, 25 pya	
s29138	arrest/catch/apprehend	<mat>, seize, with <khiat>, out: catch and take away, arrest; the form of {matkhia} used before words such as <ding> and <pah>, and as a noun in {matkhiat kinei}, an arrest is made	
s29139	to arrest/to be arrested	<matkhiat>, arrest, and <ding> written as one word: to arrest, in order to catch, or who is to be arrested	
s29140	arrest/seizure/capture	<matkhiat>, arrest, with the noun suffix {-na}: the catching of a person or the seizing of goods; {aki matkhiatna mun} is the place where they were caught	
s29141	seize from/confiscate	<matkhiat> with <sak>, written as one word: take things away from someone by authority; with <ki>, be seized	
s29142	be able to arrest/be able to catch	<mat>, <khiat> and <theih> written as one word, before <nadingin>: so that someone can be caught and taken in	
s29143	after arresting/after being caught	<mat> and <khit> written as one word: have caught or arrested; before <ciangin> or {uh teh}, after the arrest	
s29144	mend/join again	<mat> with <kik> again, back; in the verse said of mending the cracks of the shaken land, NIV mend its fractures	
s29145	at the time of arrest/when caught	<mat>, catch, and <laitak>, at the very time, written as one word after <aki> or <ki>: at the moment of being caught	
s29146	arrest and detention/arrest	<mat>, <leh> and <hen> written as one word: being arrested and held in custody, said above all of raids on people without papers	
s29147	Matmang		
s29148	seizure/capture/grasp/captivity	the act of seizing or the state of being held; {neihsa matna} is the seizing of property	
s29149	want to catch	<mat> catch with <nop> want	
s29150	desire to catch/wish to capture	<matnop>, want to catch, with the noun suffix <na>	
s29151	identity card/national registration card/citizenship card	the national registration card of Myanmar, and so the identity or citizenship paper of any country	
s29152	registration card/identity card/registration	the national registration card of Myanmar; also the official registration of a political party	
s29153	Matred	mother of Mehetabel, the wife of King Hadad of Edom, and daughter of Me-Zahab	
s29154	Matri	head of the clan of Benjamin from which King Saul came	
s29155	prey/game/spoil/catch	what has been caught or captured, from <mat> catch with <sa> marking a completed action; {sa matsa} is game meat	
s29156	have arrested/seize/take away	<mat>, seize, with <sak>: have someone seized, or seize what belongs to another	
s29157	seizing/taking away	<matsak> seize what belongs to another, with <in>	
s29158	seize at once/confiscate immediately	<matsak>, have seized, and <pah>, at once, written as one word: seize or confiscate a thing straight away	
s29159	try to seize/attempt to arrest	<mat> seize with <sawm>, intend, attempt	
s29160	skilled at catching	<mat> and <siam> written as one word: good at catching animals; {gul matsiam te} are expert snake catchers and {nga matsiam} is a skilled fisherman	
s29161	Matsing		
s29162	Mattan	name of two men: the priest of Baal killed in Jerusalem, and the father of Shephatiah	
s29163	Mattanah	stopping place of the Israelites east of the Dead Sea, on the way to Moab	
s29164	Mattaniah	name of several men, among them the uncle of Jehoiachin whom Nebuchadnezzar made king and renamed Zedekiah, and a Levite descended from Asaph	
s29165	Mattatha	son of Nathan and grandson of David in the genealogy of Jesus	
s29166	Mattathias	name of two ancestors of Jesus in the genealogy given by Luke	
s29167	Mattattah	descendant of Hashum who had married a foreign wife in the time of Ezra	
s29168	captives/those seized/things seized	people or things that were captured; {gal matte} are captives taken in war	
s29169	Mattenai	name of several men, among them two who had married foreign wives in the time of Ezra and a priest in the days of Joiakim	
s29170	Matthew	tax collector who became one of the twelve apostles	
s29171	Matthan	grandfather of Joseph the husband of Mary, in the genealogy of Jesus	
s29172	Matthat	name of two men in the genealogy of Jesus in Luke, one of them the grandfather of Joseph	
s29173	be able to arrest/be able to seize/be able to catch	<mat>, seize, with <theih>, can: be able to arrest or catch; mostly in {mattheih nadingin}, in order to arrest or catch	
s29174	Matthew		
s29175	Matthias	the disciple chosen by lot to take the place of Judas Iscariot among the twelve apostles	
s29176	be arrested/be caught	<mat>, arrest, with <thuak>, undergo: be arrested, mostly in headlines	
s29177	Mattithiah	a Levite, firstborn son of Shallum the Korahite, in charge of baking the offering bread	
s29178	Mattithiah	a son of Jeduthun, one of the temple musicians in the time of David	
s29179	Mattithiah	a Levite who played the harp when the ark was brought to Jerusalem	
s29180	Mattithiah	name of several men, among them a Levite musician in the time of David and a man who had married a foreign wife in the time of Ezra	
s29181	Matthew	the tax collector who became one of the twelve apostles	
s29182	Matu	a Chin people of the <Matupi> area in the south of Chin State in Myanmar, and their language	
s29183	get ahead/succeed/keep up	reach the front, come out ahead of others or on top of the work; often paired with <gualzo>	
s29184	Matungnung	a village in the Mindat area where, as the page tells, the Zomi association was founded on 20 February 1928	
s29185	Matupi	town in the south of Chin State in Myanmar and the township and district around it	
s29186		found only in {matut zawhna}, success, what one has managed to achieve; the meaning of {matut} by itself is not shown by the verses	
s29187	achieve/attain/reach/accomplish	used by itself as a verb, reach an aim or carry a task through to its end, often paired with <gualzawh>, win, and said of <ngimna>, <tupna> and <masuan>, aims and goals	
s29188	Matute		
s29189	success/achievement	success, what one manages to achieve, often paired with <gualzawhna>, victory; the Bible text has {matut zawhna}	
s29190	achievements/successes	<matutna>, achievement, with the plural <te>	
s29191	make succeed/make prosper	<matut> with the causative <sak>; found in {matutsak zawhna}, where NIV has prosperity	
s29192	success/achievement	what one has managed to carry through	
s29193	capture/manage to catch/arrest	<mat>, catch, and <zawh>, be able or succeed, written as one word: succeed in catching or arresting; also win over, as in {lungsim matzawh}, capture the mind	
s29194	mourn/wail/lament	wail or lament aloud; found in the pair {a kap a mau}, weeping and wailing	
s29195	rush/papyrus/reed	a plant of wet ground, named together with grass and reeds	
s29196	they/them/their	second part of <amau> written as two words, {a mau}; whether English has they, them or their depends on the place in the sentence	
s29197	ourselves/our own	after <ei> or <ko>, we, written as a separate word: we ourselves, our own, in the same way as {a mau} for they	
s29198	reed/bulrush	a plant whose head bends over, used as a picture of bowing the head	
s29199	by themselves/on their own/alone	<mau> and <guak> written as one word after <a>: {a mauguak} is they alone, by themselves, the same as <amauguak>	
s29200	Maukhua		
s29201		<mau> and <leh> written as one word, in {a mauleh a mau}, that is {amau leh amau}: they themselves, each other	
s29202	moaning/wailing/groan	<mau>, wail, with the noun suffix <na>: the moaning or wailing of people in grief or pain	
s29203	Maung Bwei		
s29204	Maung Tu		
s29205	Maungdaw		
s29206	they/them/their	second part of <amaute> written apart from <a>; whether English has they, them or their depends on the place in the sentence	
s29207	own will/own accord/own decision	<mau> and <thu> written as one word, after <a>: their or its own say, so that {a mauthu tawh} is of their own accord, on their own authority	
s29208	Mauvom	a Zomi village; added in brackets after the name of a person to show the home village	
s29209	Mauvum		
s29210	prosper/succeed/go well	short form of <mavang>, written {mavan’} with an apostrophe before a following word or suffix; {mavan’na} is success	
s29211	prosper/succeed/be successful	go well, of a person, a journey or a piece of work; also written <maavang>	
s29212	make successful/prosper/establish	<mavang>, succeed, with the causative <sak>: make a person or a journey succeed	
s29213	success/prosperity	<mavan>, prosper, with the noun suffix <na>: success, things going well; in the Bible text only at the start of a line, written <Mavanna>	
s29214	success/prosperity	<mavan> prosper with the noun suffix <na>; the NIV words the line differently, if I hold my head high	
s29215	giving of success/making prosper	<mavan> prosper with the causative <sak> and the noun suffix <na>: the act of making something succeed	
s29216		sentence final denoting interrogation or exclamation	
s29217		word expressing surprise, joy or sudden emotion	
s29218		{mawh ing}, the verb <mawh> with the first person ending <ing>, written short with an apostrophe as is done in songs, where the count of words is fixed; the page gives {mawh ing e} and {maw'ng e} as the same, so the final {h} of the verb is dropped as well	
s29219	Mawgyaung		
s29220	sin/do wrong/be guilty	do wrong against God or a person and so be guilty; with <tawh> also said of unlawful sexual relations	
s29221	wrongly/amiss	after a verb, shows that the act is done amiss or without good ground: {um mawh} or {up mawh} is suppose or suspect, as <upmawh>, and {sim mawh} is look down on, as <simmawh>; not the verb sin	
s29222	guilty/blameworthy	in the verses always with <lo> not: {mawhbaang lo} is innocent, blameless	
s29223	the innocent/the blameless	{mawhbaang lo}, not guilty, with the plural <te>: those who are without fault	
s29224	ignore	used after <kitheih> know: {kitheih mawhbawl} is to act as not knowing, to be ignorant of or ignore	
s29225	be guilty	<mawh> and the sentence-final <hi> written as one word: is guilty, as a court finds; it also occurs as the end of {phamawh hi}, it is necessary	
s29226	sinning/committing sin	<mawh> sin with <in>, linking to the next verb; {tawh mawhin}, having unlawful sexual relations with	
s29227	fall into sin/happen to sin	<mawh> sin with <kha>, happen to; the Tedim verse is worded differently from the NIV	
s29228	not guilty/innocent/without fault	<mawh> and <lo> written as one word: not guilty, without fault	
s29229	quite/fairly/rather	placed after a describing word: to no small degree, quite; {minthang mawhlo} is quite famous	
s29230	though innocent/without guilt	<mawhlo> and <pi> written as one word: while being innocent, without having done wrong, of someone who suffers or is accused	
s29231	be guilty indeed/be truly at fault	<mawh>, be guilty, and <mah>, which stresses it, written as one word: is indeed guilty, said in a finding or a verdict	
s29232	forgiveness of sin/atonement	<mawh> sin with <mai> as in <maisak> forgive; {mawhmai biakna} is a sin offering, {mawhmai ngahna} the gaining of forgiveness	
s29233	forgiveness of sin/atonement	<mawhmai> with the noun suffix <na>; {mawhmaina ding biakna} is a sin offering	
s29234	forgive/pardon	<mawhmai>, forgiveness of sin, with <sak>: forgive sins; {mawhmaisak nadingin biakna} is a sin offering	
s29235	forgive/pardon	{Mawhmaisak Ni}, the day of forgiving sins, is the Day of Atonement	
s29236	forgiveness/pardon	forgiveness of sins; in Luke 18:14 being put right with God	
s29237	find fault with/condemn	<mawh> fault with <mat> seize: catch someone in a fault	
s29238	charge/proof of guilt/grounds for a charge	the fault that a person can be held to, as a noun: a charge or the evidence for it, as in {mawhmat kician}, firm grounds for a charge, often after <nading>	
s29239	sin	<mawh>, sin, with the noun suffix <na>: a sin, or sin as a whole	
s29240	wrongdoing	a wrong act and the guilt that comes from it; {mawhna hanga biakna} is a guilt offering	
s29241	wrongdoing/sin/offence	<mawhna>, sin, and <khialhna>, fault: two words of like meaning said together for wrongdoing of any kind, a sin or offence; used with <bawl>, commit, or <nei>, have	
s29242	wages of sin/penalty of sin	<mawhna>, sin, and <thaman>, wages: what sin earns, a formula of Christian teaching after Romans 6.23, usually said to be death	
s29243	punishment/penalty/sentence	the punishment given for an offence, from <mawhna>, wrongdoing, and <daan>, punishment; {mawhnadaan pia} is punish	
s29244	punishment/penalty/sentence	<mawhna>, wrongdoing, with the Burmese loan word for penalty: the punishment given for an offence, such as a fine or prison; {mawhnadan pia} is to punish	
s29245	sins committed/past offenses	<mawhna> sin with <sa> already done	
s29246	sins/sins committed	<mawhnasa>, sin already done, with the plural <te>	
s29247	sins/iniquities/transgressions	<mawhna>, sin, with the plural <te>	
s29248	all sins/sins	<mawhna>, sin, with <teng>, all: the whole of the sins	
s29249	sinner	<mawh>, sin, with <nei>, have: one who has sin, a sinner; often placed before <mi>, person	
s29250	wrongdoer	one who is guilty of doing wrong	
s29251	innocent/guiltless/blameless	<mawhnei> and <lo> written as one word: having no guilt, innocent	
s29252	sinner	<mawhnei>, sinner, with <mi>, person	
s29253	wrongdoer	a person who does wrong; <mawhnei> with <mi>, person	
s29254	sinner	<mawhnei> sinner with <pa>, a man: the sinner, a sinful man	
s29255	wickedness		
s29256	sinner/sinners	<mawhnei>, sinner, with the plural <te>	
s29257	wrongdoer/wrongdoers	those who are guilty of doing wrong	
s29258	sinful desire/lust/immorality	the desire to sin; with <tawh>, sexual sin with someone, adultery or fornication	
s29259	sinful desires/sinful passions	<mawhnopna>, the desire to sin, with the plural <te>	
s29260	the guilty/guilty man/wrongdoer	<mawh> sin or be in the wrong, with <pa>, a man: the one found guilty, opposite of {a dikpa}, the one in the right	
s29261	blame/condemn/find guilty	put the guilt on someone: blame or condemn a person, a plan or a government; of a court, find guilty; from <mawh> and <paih>	
s29262	condemnation/blame/censure	<mawh> guilt with <paih> throw and the noun suffix {-na}: the laying of blame on someone, a formal condemnation; also used for impeachment	
s29263	guiltless/without guilt	free from blame for a wrong	
s29264	sinful/most sinful	found with <bel>, most: {a mawhpha bel}, the worst of sinners	
s29265	atonement	<mawh> sin with <phel> undo and the noun suffix <na>: the undoing of sin; {mawhphelna tokhom} is the atonement cover, the mercy seat	
s29266	guilty/very sinful	<mawh> sin with <pi> great	
s29267	have sexual relations with/commit sin with	sin together with someone, <mawh> with <pih>; in the Law, have unlawful sexual relations with	
s29268	having sexual relations with/violating	<mawhpih> with <in>, linking to the next clause	
s29269	sexual relations with/sexual sin with	<mawhpih> with the noun suffix <na>	
s29270	bear the blame/take the blame	carry the guilt or the responsibility for a wrong; {mawhpua sak} is put the blame on someone, accuse	
s29271	responsibility/duty/burden	what a person has to answer for and carry; {mawhpuak pua} is bear a responsibility, and to say something is the {mawhpuak} of a person is also to hold that person to blame	
s29272	take responsibility/be in charge	<mawhpuak>, responsibility, with <la>, take, written as one word: take on a duty or the responsibility for something	
s29273	responsibility/duty/obligation	what a person or group is answerable for; {mawhpuakna la} is take responsibility	
s29274	sinful/having sinned	<mawh> sin with <sa>, which marks a state already reached: one who has sinned; with <tawh> also said of unlawful sex with someone	
s29275	accuse/condemn/blame/charge	<mawh>, guilt, with the causative <sak>: hold someone guilty, either by accusing him or by condemning him; {mawhsak nading om lo} is blameless	
s29276	accusing/condemning/blaming	<mawhsak> with the linking suffix <in>: accusing, bringing a charge against	
s29277	denounce/rebuke	<mawhsak> accuse with the endings <in> and <ah>, leading into the words spoken: in rebuking them he said	
s29278	still accuse/bring charges again	<mawhsak> accuse with <lai>, still, yet	
s29279	not blame/not condemn	<mawhsak>, blame, and <lo>, not, written as one word: not hold someone guilty	
s29280	accusation/charge/blame	a finding of fault; {mawhsakna thu gen} is speak against, said of prophesying against a place	
s29281	accusations/charges	<mawhsakna>, accusation, with the plural <te>	
s29282	accuser/judge	<mawhsak> accuse, condemn, with <pa>, the man who does it; NIV my Judge	
s29283	judge/condemn/blame	<mawhsak> with a further <sak>: put the blame on others	
s29284	accusers/those who condemn	<mawhsak> with plural <te>: those who accuse or blame	
s29285	blame more/blame rather	<mawhsak>, blame, and the comparative <zaw> written as one word: put the blame on one side rather than the other	
s29286	confession of sin/confession	the confessing and clearing of sin, <mawh>; one writer glosses it with English confession, and of priests {mawhsutna neih sak} is have someone make it	
s29287	confession/confession of sins	<mawh>, sin, with <suut>, recount, and the noun suffix <na>: telling one's sins, confession	
s29288	sinners/wrongdoers/the guilty	those who sin or do wrong; {hong mawhte} are those who wrong us, our debtors; {numei tawh a mawhte}, those who sin with women, are the sexually immoral	
s29289	guilt offering/sin offering	<mawh>, sin, and <thoihna>, sacrifice, written as one word: a sacrifice offered for sin or guilt	
s29290	be more at fault/be more guilty	<mawh>, be guilty, and <zaw>, more, written as one word: be the one more in the wrong, as in {kua mawhzaw}, who is more at fault	
s29291	accuse/find fault with/oppose	<mawh> fault with <zon> seek: look for something to blame in a person	
s29292	faultfinding/quarreling/accusation	<mawhzon>, look for fault, with the noun suffix <na>	
s29293	accusations/charges	<mawhzonna> with the plural <te>	
s29294	idly/in vain/for nothing/carelessly	without purpose, cause or care: {mawk om} is be idle or negligent, {a mawk sih} is one that died of itself, and after a verb it marks an act as thoughtless or unexpected	
s29295		<mawk>, here marking what is unexpected, and <veh.2>, the sentence-final word of exclamation: closes a sentence, in place of <hi> and often followed by <ee> or <aw>, to voice surprise or wonder at what is found to be so	
s29296		<mawk>, merely, as it happens, with the linking <a> written on to it: after a verb, it is merely so, it just turned out so, and the sentence goes on	
s29297	be wasted/go to waste	<mawk>, for nothing, with <bei>, be used up, written as one word: be spent to no purpose, said of time, money or life; {mawkbei sak} is to waste	
s29298	waste/squander	<mawk>, for nothing, with <beisak>, bring to an end: use up time or money to no purpose	
s29299	vow rashly/promise hastily	<mawk> carelessly with <ciam> promise	
s29300	say idly/say without ground	<mawk> idly with <cih> say	
s29301	I wonder/could it be	<mawk> and <diam> written as one word at the end of a question: the speaker wonders what will or could be so	
s29302		<mawk> and the future marker <ding> written as one word at the end of a question: would, could ever; {bangcih mawkding} is what on earth would one do	
s29303	speak idly/speak of oneself	<mawk> idly with <gen> speak: speak without ground or authority	
s29304		<mawk>, marking something unexpected or regretted, with the sentence ending <hi>, written as one word at the end of a sentence	
s29305	idly/vainly/without cause	<mawk> with the adverb suffix <in>	
s29306	change lightly/be fickle	<mawk> idly with <kheel> change: change without reason	
s29307	fall by chance/fall for nothing	<mawk>, without cause, with <kiat> fall	
s29308	leave alone/let off/overlook/neglect	<mawk>, for nothing, with <koih>, put: leave a person or a matter as it is, without action or punishment; mostly with <lo>, not	
s29309	if by chance/if ever/supposing	<mawk> and <leh> written as one word, after a verb: if it should happen that, if one just does so	
s29310	if merely/if just	<mawk>, merely or without thought, with <leng>, if, written as one word after a verb: if one just does so	
s29311	shoot at random	<mawk>, without aim, with <lot> shoot, throw	
s29312	fail/come to nothing/pass away	of a promise or word, be lost without being fulfilled; used with <lo>, not one fails	
s29313	common/ordinary	of everyday kind, not holy or special; {mi mawkmawk} is an ordinary person	
s29314	idly/aimlessly/without reason	placed after a verb: do with no ground or purpose, merely, for nothing	
s29315	no ordinary/not just any	<mawkmawk>, ordinary, with <hilo>, is not: placed after a noun, often the noun said a second time, and followed by <a> or <in>, it says that the thing is not a common one of its kind, and what it really is comes next	
s29316	merely on/just on	<mawkmawk>, merely, with nothing more, with the place marker <ah>: {leilak mawkmawkah}, just on the bare ground	
s29317	merely/just/simply	<mawkmawk> and <bek> written as one word: only that and nothing more; mostly with <hilo>, not merely	
s29318	ordinarily/commonly	<mawkmawk>, common, with the adverb suffix <in>: for ordinary use, with no special purpose	
s29319	simple ones/ordinary people/common people	<mawkmawk>, ordinary or without understanding, with the plural <te>; said after <mi>, person	
s29320	merely/just ordinary	<mawkmawk>, ordinary, and <zong>, even, written as one word after a noun and before <hilo>: it is not just an ordinary one, far more than merely that	
s29321	vain/worthless/futile/empty	of no use or value; {a mawkna-in}, in vain	
s29322	nothing/vanity	<mawk>, in vain, with the noun suffix <na>: something empty that comes to nothing; {a mawkna suak} is come to nothing, {a mawkna suaksak} bring to nothing	
s29323	free/free of charge/for nothing	{a mawkna in} with a verb of giving, getting or feeding: without payment, at no cost, not in vain	
s29324	meaningless/vain/futile/utterly empty	<mawkna> with the strengthening suffix {-pi}, usually as {a mawknapi}, a thing that is utterly meaningless	
s29325	vanities/vain things	<mawkna> with the plural <te>; {kisaktheih mawknate}, empty boasting, NIV the pride of life	
s29326	get for nothing/get without effort	<mawk> and <ngah> written as one word: receive something free, without working for it	
s29327	throw away carelessly/litter	<mawk> and <paih> written as one word: throw something away without care, drop rubbish anywhere	
s29328	speak idly/speak in vain	<mawk> idly with <pau> speak	
s29329		<mawk>, carelessly or unexpectedly, with the topic marker <pen> written as one word after a verb: the doing of it so thoughtlessly or suddenly, as the thing being judged	
s29330	flatter	<mawk> idly with <phat> praise	
s29331	flattery	<mawkphat> flatter with the noun suffix <na>: empty praise	
s29332	give away/give for nothing/give freely	<mawk>, for nothing, and <piak>, give, written as one word: give without anything in return or without good reason	
s29333	blame/find fault with	put the blame on a person, hold that he is in the wrong; compare <mawhsak>	
s29334	rob/plunder/exploit	<mawk>, without cause, with <sut> plunder	
s29335		<mawk> and <ta> written as one word after a verb: what has now come about is unexpected or to be regretted	
s29336	run aimlessly	<mawk>, without aim, with <tai> run	
s29337	act carelessly/act rashly	<mawk> and <tat> written as one word: do things without thought or care	
s29338	folly/reckless living/self-indulgence	<mawk> carelessly with <tat> behave and the noun suffix <na>	
s29339		<mawk> idly or of itself, with plural <te>: closes a clause to mean those who do so idly or for no cause, as {a ding mawkte}, those standing idle	
s29340	strike at random/beat aimlessly	<mawk>, without aim, with <tup> strike said twice: keep hitting at nothing	
s29341	roam/wander/go about idly	<mawk>, idly, and <vak>, go about: walk about without purpose or need	
s29342	lie waste/become desolate/be left idle	said of land that is left unused and empty; {leitang mawkval loin} is so that the land does not lie waste	
s29343	waste/squander/use carelessly	<mawk>, carelessly, and <zat>, use, written as one word: use time, money or words without purpose or care	
s29344	dull/blunt/senseless	of a blade, not sharp; of the heart or mind, slow to understand, as in {lungsim mawl}, a dull or senseless heart	
s29345	play	written apart from the prefix <ki>, as {ki mawl}, it is the verb <kimawl>: play a game or a sport, not the adjective dull	
s29346	Mawlaik	Zolai spelling of Mawlaik, a town on the Chindwin river in Sagaing Region of Myanmar; the articles name it as a place people go to from the Tedim area	
s29347	Mawlamyine/Moulmein	city in the south-east of Myanmar, the capital of Mon State	
s29348	play/be playing	doubled form used after <ki> as {ki mawlmawl}, the same as <kimawl>: play, be busy playing	
s29349	dullness/ignorance/folly	<mawl>, dull, with the noun suffix <na>: lack of understanding, set against <theihna>, knowledge	
s29350	play/game/sport	after <ki>, written apart: {ki mawlna} is a spaced spelling of <kimawlna>, play or a game, and has nothing to do with dullness	
s29351	although dull/though blunt	<mawl>, dull, with <napi-in>, although: although it is blunt, said of an axe	
s29352	play with/make sport of/mock/toy with	play with a person or animal; also treat someone as a plaything, so mock, make sport of or deal harshly with	
s29353	making a fool of/making sport of/mocking	<mawlpih>, make sport of, with the noun suffix <na>: the act of treating someone as a plaything or dealing harshly with them	
s29354	be able to play with/make a pet of	<mawlpih>, play with, with <zo>, be able: be able to play with or make a pet of	
s29355	make dull/harden/make calloused	<mawl>, dull, with <sak>, cause: make dull, said of the heart that is made unable to understand	
s29356	banyan/banyan tree	the banyan, a large fig tree, often planted in a village; {mawng kung} is a banyan tree	
s29357	Mawngken	a Zomi village; written after a personal name to show the home village	
s29358	lower garment	a garment of the lower body, listed with <nik>, {puanten} and <dialkaih> as worn with the verb <teng>; which garment is not settled	
s29359	banyan tree	the banyan, a large fig tree, often standing in the open space of a village; <mawng> with <kung>, tree	
s29360	peanut/groundnut		
s29362	car/motor vehicle/automobile		
s29363	traffic jam/traffic congestion	<mawtaw>, motor vehicle, and <awkcip>, be caught fast: a traffic jam, or as a statement, the traffic is jammed; common at the end of news headlines	
s29364	heavy vehicle/lorry/truck	<mawtaw>, motor vehicle, and <golpi>, large: a large motor vehicle such as a lorry, truck or bus; in news it stands after the English word, as in {Lorry mawtaw golpi} and {Bus mawtaw golpi}, to explain it	
s29365	bus station/bus stop/car park	<mawtaw>, motor vehicle, with <khawlna>, stopping place: the place where buses and cars stop, where a traveller is met	
s29366	car park/parking area/garage	<mawtaw>, car, and <koihna>, a place where something is kept: the place where cars are left, a car park or a garage; news reports often add the English word after it	
s29367	motor road/road for vehicles	<mawtaw>, car, and <lampi>, road: a road that cars and trucks can use, as against a footpath or mule track; said of the roads that link the hill towns and villages	
s29368	car accident/road accident	<mawtaw>, car, and <tuahsia>, meet with misfortune: a car or bus meets with an accident, a road accident; in headlines after the place with <ah>, and {mawtaw tuahsia in} is in or by a road accident	
s29369	car accident/road accident/traffic accident/crash	<mawtaw>, motor vehicle, and <tuahsiatna>, misfortune: an accident on the road with a car, bus or lorry; {mawtaw tuahsiatna hangin} is because of or in a road accident	
s29370	drivers	<mawtawhawl>, driver, written with a hyphen and with the plural <te>: those who drive cars	
s29372	driver/motorist	<mawtaw>, car, with <hawl>, drive: a person who drives a car or other motor vehicle	
s29373	driver/motorist	<mawtaw>, car, with <hawlpa>, the man who drives: the driver of a car or bus	
s29374	a car/one car/a vehicle	<mawtaw>, car, and <khat>, one, written as one word: a car, one vehicle; after the kind of vehicle, as {Taxi mawtawkhat}, a taxi	
s29375	car/small car	<mawtaw>, motor vehicle, with <neu>, small: a car, as against a lorry or bus, <mawtawpi>	
s29376	tyre/car wheel	<mawtaw>, car, and <pei>, wheel, written as one word: the wheel or tyre of a motor vehicle	
s29377	truck/lorry/heavy vehicle	a large motor vehicle such as a truck or tanker; <mawtaw> with <pi>, big	
s29378	in the car/inside the car	<mawtaw>, car, and <sung>, in, written as one word: the inside of a car; {mawtawsung panin} is out of the car	
s29379	cars/vehicles	<mawtaw>, car, with the plural <te>	
s29380	car in use/vehicle used	<mawtaw> and <zat> written as one word: the car or vehicle that someone uses or drives; {a mawtawzat} is the car he was using	
s29381	sock/stocking	a sock, worn on the foot inside the shoe; {mawza kop khat} is a pair of socks	
s29382	Mawzum		
s29384	May		
s29385	Maymyo/Pyin Oo Lwin	a town near Mandalay in Myanmar, now officially Pyin Oo Lwin, known for its military schools	
s29386	mayor	head of the government of a city or town	
s29387	progress/advancement	going forward and getting ahead, named together with victory and success; also used as a verb, {mazan zawk}, get further ahead	
s29388	make progress/get ahead/be effective	go forward well in work or in life, be active and get results; often paired with <lawhcing>, succeed	
s29389	progress/success/advancement	going forward and doing well in work or life, often paired with <daupaina> or <lawhcinna>	
s29390	Mazda	Japanese make of car	
s29392	Mbawtha		
s29393	MBCC/Melbourne Burmese Christian Church	abbreviation of Melbourne Burmese Christian Church, a church in Melbourne, Australia	
s29394	Mbingyaw		
s29395	Mda-imnu		
s29396	Mdap		
s29397	Mdasa		
s29398	Mearah/Arah	place belonging to the Sidonians, named among the land still to be taken in the time of Joshua; Arah in the NIV	
s29399	Mebunnai/Sibbekai	the Hushathite, one of the mighty warriors of David; called Sibbekai in the NIV	
s29400	Mecca	city in Saudi Arabia, the holiest place of Islam and the goal of its pilgrimage	
s29401	mechanic	a person whose work is repairing cars and machines	
s29402	Medad	one of the two elders, with Eldad, who stayed in the camp and prophesied there in the time of Moses	
s29403	medal	a metal disc given as a prize in a contest or as an honour	
s29404	Medan	son of Abraham and Keturah	
s29405	Medeba	town on the plateau of Moab east of the Jordan, in the territory given to Reuben	
s29406	Medfield	a town in Massachusetts in the United States of America, named as the birthplace of the hymn composer Lowell Mason	
s29407	Media	land of the Medes, east of Assyria, named together with Persia	
s29408	Medes	the Medes, the people of Media, named together with the Persians in {Mediate leh Persiate’ upadi}, the law of the Medes and Persians	
s29409	Medicaid	the health insurance programme of the United States government for people with low income	
s29410	Mediterranean	in {Mediterranean Tuipi}, the Mediterranean Sea, the western border of the land in Ezekiel	
s29411	vote/ballot	a vote given in an election or a poll; <mee pia> is cast a vote, {mee ngah} is receive votes	
s29412	vote/cast a vote	<mee>, a vote, and <pia>, give: vote in an election; the party or person voted for stands before it, and <thei> after it says who is entitled to vote	
s29413	vote/cast a vote/voting	<mee>, a vote, and <piak>, the second form of <pia>, to give: to vote in an election; this form stands before a noun or marker, as {mee piak khuan}, the right to vote, and {na mee piak pa}, the man voted for, while the sentence verb is <mee pia>	
s29414	quickly/in haste	placed after a verb: do it at once, without delay; another spelling of <meengmeeng>	
s29416	bright cloud/white cloud/cloud	<meii> cloud with <ngo> white; written <meiingo> in Matthew 17:5	
s29417	knead	press and work dough with the hands	
s29418	squeeze/strangle	squeeze tight; {gawl meek} is squeeze the throat, strangle	
s29419	press/push/click	press down with a finger: a button, a bell at the door, a choice on a screen or the trigger of a gun; {khutpi meek} is press the thumb down to give a thumbprint	
s29420	strangle/squeeze	<meek>, squeeze, with the linking <a>: {gawl meeka kithat} is killed by strangling	
s29421	vote/cast a vote	<mee>, vote, with <khia> written as one word: cast votes, decide by voting	
s29422	kneading	<meek> knead, with the linking ending <in>: kneading, and then	
s29423	squeezing/choking	<meek> squeeze, with the linking ending <in>; {a gawl meekin} is gripping him by the throat	
s29424	churn/keep squeezing/press	<meek> squeeze said twice: press or work something again and again	
s29425	kneading	<meek>, knead, with the noun suffix <na>; {annel meekna kuang} is a kneading trough	
s29426	ballot box/election	the ballot box, from <mee>, vote, a Burmese loan, with <kuang>, box or trough; <meekuang lui> is to contest an election, to stand as a candidate	
s29427	contest an election/stand for election/run for office	<meekuang>, ballot box, and <lui>, here to contend for and not the word old: to stand as a candidate in an election; {meekuang lui dingte} are the candidates, {meekuang lui hun} is election time	
s29428	apparent	the look of a person or thing, its form or colour: {a hing meel} is greenish, {meel hoih} is good-looking, and {meel seel} is hide the face or disguise oneself	
s29429	seem/appear	placed after a verb and before <lo>, not: there is no sign of the action, it does not seem to happen, as in {kibang pha meel lo}, do not seem to be quite the same; not the look or face of a person	
s29430	beautiful/good-looking	<meel>, appearance, with <hoih>, good: beautiful to look at	
s29431	beauty/good looks	<meelhoih>, beautiful, with the noun suffix <na>	
s29432	hardly/scarcely/not really	<meel> and <lo> written as one word and placed after a verb: there is no sign of it, it is hardly so at all; {om meello} is there is hardly any	
s29434	appearances/looks	<meel>, appearance, the look of a thing, with the plural <te>	
s29435	acquaintance/kin	a person one knows by face, an acquaintance; named together with <tanau>, relative, for the people one is connected with	
s29436	acquaintances/friends	<meel>, face, with <theih>, know, and the plural <te>: people one knows by sight	
s29437	that on which something hangs/dependence	<meen>, hang on, depend on, with the noun suffix <na>: {a meen’na bulpi}, the root on which all the rest hangs	
s29438	sprout/bud/put out shoots	of a tree or branch, to come out with new tender growth	
s29439	sprouting/budding	<meeng>, sprout, with <in>, linking to the next verb	
s29440	extend/branch out/project	grow or stick out from the side of something, as the branches of the lampstand	
s29441	quickly/in haste	placed after a verb: do it at once, hurry to do it, as in {delh meengmeeng}, run quickly	
s29442	quickly/hastily	<meengmeeng>, quickly, with the linking <a>	
s29443	make sprout/cause to bud	<meeng>, sprout, with the causative <sak> and the linking suffix <in>	
s29444	interest/profit/usury	gain taken on money or goods lent	
s29445	shave/shear	cut off hair or wool close to the skin: shave the head, shear a sheep	
s29446	vote/ballot	a single vote cast in an election; <mee>, vote, is a loan from Burmese	
s29447	make a profit/invest/profit from	<meet>, profit, and <bawl>, make, written as one word: make money grow, earn a profit on it; also take advantage of something	
s29448	investment/making a profit	<meetbawl>, make a profit or invest, with the noun ending {-na}: putting money to work for gain; {sum meetbawlna} is investment	
s29449	at interest/for profit	<meet>, interest or profit, with <in>: {a meetin leitawi pia} is lend at interest; in Philippians 3:9 it is said of gaining Christ	
s29450	meeting	a coming together of the members or leaders of a body to discuss and decide; {meeting nei} is hold a meeting	
s29451	attend a meeting/go to a meeting	<meeting>, the English word, and <kah.3>, here attend and not climb: be present at a meeting; before a noun it names those who attend, as in {meeting kah makai te}, the leaders at the meeting	
s29452	a meeting is held/hold a meeting/meet	<meeting> and <kinei>, here the passive of <nei>, have or hold, and not regard oneself: a meeting is held, the usual wording of headlines and reports; the body or the place stands before it, with <tawh> the other party	
s29453	at the meeting/in the meeting	<meeting> with the place marker <ah> written as one word: at or in a meeting	
s29454	gain/profit/benefit	<meet>, profit, with the noun suffix <na>: what one gets out of something, in the verses often dishonest gain	
s29455	profit from/benefit by/gain from	<meet>, profit, with <pih>: have gain or benefit from something	
s29456	earn/gain/make a profit	<meet>, profit, with the causative <sak>: make money bring in more, or bring gain to someone	
s29457	shearers	<meet>, shear, with the plural <te>: those who shear; {gan mul meette} are those who shear the wool of the animals	
s29458	Mephaath	spelling of <Mefa-ath> in Joshua 13:18: town in the territory of Reuben east of the Jordan	
s29459	Mephaath	town on the plateau east of the Jordan in the territory of Reuben, given to the Levites of Merari and later held by Moab	
s29460	Mephaath	town on the plateau east of the Jordan in the territory of Reuben, given to the Levites of Merari and later held by Moab	
s29461	Mephibosheth	son of Jonathan and grandson of Saul, lame in both feet, to whom David showed kindness; also a son of Saul and Rizpah	
s29462	megachurch	a very large church, one with two thousand or more people at worship each week; in Zolai {pawlpi lian}	
s29463	Megiddo	spelling of <Megiddo> in 1 Kings 9:15, a city that Solomon built up	
s29464	Meghalaya	state in the north-east of India	
s29465	Megiddo	city in the territory of Manasseh on the edge of the plain of Jezreel, with the plain and the waters named after it	
s29466	stew/soup/cooked dish	cooked food eaten along with the staple, such as stew or vegetables; {a kha meh} is bitter herbs	
s29467	cook dishes/prepare food	<meh>, the dish eaten with rice, and <bawl>, make, written as one word: prepare the dishes of a meal, often paired with <anhuan>, cook rice	
s29468	cooking pot/pot of stew	<meh>, a cooked dish eaten with rice, with <beel> pot	
s29469	Mehetabel	wife of Hadad king of Edom, daughter of Matred; the name also of an ancestor of Shemaiah in the time of Nehemiah	
s29470	vegetable/fruit vegetable	a vegetable that is the fruit of a plant, <meh> with <gah>; the pair {mehteh mehgah} is vegetables of all kinds, leaf and fruit	
s29471	vegetables/fruit vegetables	<meh>, cooked dish, with <gahte>, fruits: vegetables that are fruits or pods; mostly in the pair <mehteh mehgahte>, leaf and fruit vegetables, vegetables of every kind	
s29472	cooking/cooking of a dish	<meh>, a cooked dish, with <huan>, cook: the cooking of a dish to eat with rice, and the dish being cooked; {mehhuan gim} is the smell of cooking	
s29473	vegetable garden	<meh>, here vegetables for a dish, with <huan>, garden: a garden where vegetables are grown; {mehhuan bawl} is work a vegetable garden	
s29474	Mehida	ancestor of a family of temple servants who returned from the exile	
s29475	Mehir	son of Kelub and father of Eshton, in the family line of Judah	
s29476	fried dish/stir-fried dish	<meh>, a cooked dish, with <kan>, here fry or roast: a dish fried in oil, or the frying of it; an advertisement pairs it with <ankan>	
s29477	leftover curry/leftover dish	the cooked dish left from an earlier meal, named beside <ankhing>, leftover rice	
s29478	vegetable garden/vegetable plot/kitchen garden	<meh>, cooked dish, with <lei>, ground: a plot where vegetables for the table are grown	
s29479	tasty dish/delicacy/good curry	<meh>, the dish eaten with the staple, with <lim>, tasty: a tasty dish; often paired with <anlim> as {anlim mehlim}, good food	
s29481	Meholah	home of Adriel, the husband of Merab daughter of Saul; {Meholah mi} is a man of Meholah, a Meholathite	
s29482	dishes/side dishes	<meh>, cooked dish, with the plural <te>, written as one word; {an leh mehte} is rice and the dishes eaten with it	
s29483	vegetable/leaf vegetable/herbs	leaf vegetables eaten as a cooked dish with the staple	
s29484	vegetables/vegetables of all kinds	<mehteh>, leaf vegetable, and <mehgahte>, fruit vegetables, said as a pair: vegetables of every kind, leaf and fruit; the plural ending <te> stands once, on the second word	
s29485	vegetables/greens	vegetables of every kind, <mehteh>, leaf vegetable, with <mehgah>, vegetable that is a fruit or pod	
s29486	tomato	<meh>, cooked dish, with <thuk>, sour: the tomato	
s29487	soup/broth	<meh>, a cooked dish, with <tui>, water: the liquid of a stew, broth	
s29488	hot soup/hot broth	<mehtui>, soup, and <sa>, hot, written as one word: hot soup	
s29489	Mehujael	son of Irad and father of Methushael, a descendant of Cain	
s29490	Mehuman	one of the seven eunuchs who served King Xerxes	
s29491	seasoning/seasoning powder/spice	a seasoning put into food to give it taste; in the news mostly the white seasoning powder, monosodium glutamate	
s29492	seasoning/spice/condiment	<meh>, cooked dish, with <zaa>: what is put into a dish to give it taste, such as spice or flavouring powder	
s29493	fire	fire, the flame that burns; also a lamp or light, and the first part of many words such as <meikuang>, flame, and <meikhu>, smoke	
s29494	tail	the tail of an animal; {ngau mei} is the tail of a langur	
s29495	light bulb/bulb/electric bulb	<mei>, fire or light, and the English word <bulb>: an electric light bulb	
s29496	heat of flame/burning heat	{mei-am} flame with <sa> hot; said of a body burning with fever	
s29497	burning coals/live coals/coals of fire	plural of {mei-am}, a burning coal or ember: live coals, and in the Psalms flashes of fire from heaven	
s29498	flame/live coals	{meiam luahna kuang}, a pan for holding fire, NIV censer	
s29499		said of the leg cut in the list of meat set apart for the party that takes the bride, {a phei meibaang}; probably the hind leg with the tail left on it, the meaning is not stated on the page	
s29500	oven	a closed fireplace for baking bread, from <mei>, fire	
s29501	fire/brazier/hearth	a fire or pan of glowing charcoal kept in the house to warm oneself at, not an oven for baking; {meibung awi} is warm oneself at the fire and {meihol meibung} is a charcoal brazier	
s29502	fainthearted/cowardly/timid/afraid	without courage, losing heart from fear; {a meidawi} is one who is faint or hangs back	
s29503	become disheartened too/catch fear	<meidawi>, fainthearted, with <lawh>, catch from another: lose courage because someone else has	
s29504	timidity/cowardice/fear	<meidawi>, fainthearted, with the noun suffix <na>: lack of courage	
s29505	turn cowardly/lose courage	<meidawi> fainthearted with <suah> become: give way out of fear; NIV joined in hypocrisy	
s29506	the fainthearted/the cowardly	<meidawi>, fainthearted, with the plural <te>: those who have lost heart or have no courage	
s29507	torch/torchlight	a burning torch carried for light, from <mei>, fire; {meidet pawi} is the torch festival, a name of the Khuado festival, and the word is also used as a picture, as the torch of revival	
s29508	match/matchstick	a match for lighting fire; {meigit tang khat} is one matchstick	
s29509	widowhood	<meigong>, widow, with the noun suffix <na>: the state of being a widow	
s29510	widow	a woman whose husband has died, also said as {meigong numei}; often named together with {pa nei lote}, the fatherless	
s29511	widows and orphans/the bereaved poor	<meigong>, widow, and <tagah>, orphan, said as a pair without <leh>: widows and orphans as one group, those left without a provider and in need of help; often with <cimawh>, the poor, before it or <te> after it	
s29512	as a widow	<meigong>, widow, with <in>: {meigongin om} is live as a widow	
s29513	widow	a woman whose husband has died; <nu> marks a woman	
s29514	widows	<meigongnu>, widow, with the plural <te>	
s29515	widower	<meigong> widow with <pa> marking a man; the verse has the son of a {meigongpa} where the NIV has the son of a widow	
s29516	widows	<meigong>, widow, with the plural <te>	
s29517	widowhood	<meigong>, widow, with the noun suffix <na>: the state of being a widow	
s29518	burnt	burned with fire, from <mei>, fire, and <hal>, burn; used in {meihal biakna}, burnt offering	
s29519	set fire to/set on fire/burn	<mei>, fire, with <hal>, burn, used as a verb: set something on fire on purpose; {meihal te} are those who set the fire, and as a charge it is arson	
s29520	burning	<mei>, fire, and <hal>, burn, with the noun suffix <na>: a burning with fire, also the burning of offerings	
s29521	charcoal/coal	charcoal, wood coal used for a fire; {meihol cih} is make a charcoal fire	
s29522	copy/photocopy	a copy of a document, such as a card or a certificate, kept or handed in beside the original	
s29523	cloud	a cloud in the sky; {meii lak panin} is from within the cloud	
s29524	tail	the tail of an animal, also written <mei>; not {meii}, cloud	
s29525	tail	<meii>, tail, with the marker <in> on the subject of the sentence	
s29526	be cloudy/be overcast/cloud over	<meii>, cloud, and <kai>, gather, written as one word: clouds gather, the sky is overcast; {guah meiikai} is rain and cloud	
s29527	thick cloud/clouds	<meii>, cloud, with <lom>, mass or bundle: a thick mass of cloud	
s29528	cloud/mist/morning mist	a light cloud or mist that soon disappears, as in {zingsang meiilum}, the morning mist	
s29529	bright cloud/white cloud	<meii>, cloud, with <ngo>, white: a bright cloud	
s29530	cloud	<meii>, cloud, with <pi>, great: a large or heavy cloud, such as a rain cloud	
s29531	clouds	<meiipi>, cloud, with the plural <te>	
s29532	clouds	<meii>, cloud, with the plural <te>	
s29533	clouds	<meiite>, clouds, written with a capital at the start of a sentence or a line of verse	
s29534	dark cloud/black cloud	<meii>, cloud, with <vom>, black: a dark cloud	
s29535	mist/dew/dampness	fine moisture from cloud or night air that wets what it settles on	
s29536	mist/fog/low cloud	mist or cloud that hangs low and hides the view; {guahzu meikai nuai} is under rain and mist; also said of something too hazy to understand	
s29537	burn/burn injury	a wound made by fire	
s29538	burn/be on fire	be burnt by fire, said of thorns	
s29539	fire/blaze	an outbreak of fire in a building, a vehicle or a forest, as reported in news; {meikang akipan} is the fire started and <gamsung meikang> is a forest fire, not a wound made by fire	
s29540	burn down/be destroyed by fire/be badly burned	<meikang>, here catch fire and burn, and <gawp>, severely, written as one word: be burned down or badly burned; common in news headlines	
s29541	by fire/burning	<meikang>, fire or burn, with <in> written as one word: by fire, being on fire	
s29542	midst of a fire/scene of a fire	<meikang>, a fire, and <lak>, the midst, written as one word: the place where a fire is burning or has burned	
s29543	burn to death/be burnt to death	<mei>, fire, and <kanglum>, burn to death, written as one word: die in a fire	
s29544	burn/burn wound	<mei>, fire, <kang>, burn, and <ma>, wound: a burn on the skin	
s29545	the fire	<meikang>, here a fire that burns a building, and the topic marker <pen>, written as one word: the fire, as for the fire	
s29546	can catch fire/be able to burn	<meikang>, burn or be on fire, and <thei>, able, written as one word: be liable to catch fire	
s29547	burn down/be destroyed by fire	<mei>, fire, and <kangtum>, burn up, written as one word: be completely burnt by fire	
s29548	aloe/aloe vera	a plant grown at home whose cut flesh is put on burns and scalds and rubbed on the scalp, probably aloe vera; from <meikang>, burn, and the word for medicine found in <zatui>; found in one article	
s29549	burn/be burned by fire	<mei>, fire, with <kat>, burn: burn in fire; {meikat nading panin} is out of the burning	
s29550	fire/blaze	used as a noun in news reports: a fire that breaks out in a building or vehicle, after <hih> or <tua> and before <kipatna>, the start, or <buaina>, the trouble	
s29551	burning/fire/blaze	<meikat>, burn in fire, with the noun suffix <na>: a burning, a blaze	
s29552	the fire	<meikat>, fire, with the topic marker <pen> written as one word: as for the fire	
s29553	fire incident/case of fire	<meikat>, burn, and <vai>, matter, written as one word: the matter of a fire, a fire as an event in the news	
s29554	electric wire/power line/cable	a wire or cable that carries electricity, from <mei>, fire or light, and <khau>, cord	
s29555	smoke	smoke rising from a fire, from <mei>, fire, and <khu>, smoke; {meikhu suak} is give off smoke	
s29556	lampstand	the stand that holds the lamps of the tabernacle, from <mei>, fire or light, and <khuam>, post	
s29557	lamp post/electric pole/utility pole	a post by the road that carries a street light or the electric wires, from <mei>, here electric light or power, and <khuam>, post; {lampi meikhuam} is a street lamp post	
s29558	smell of smoke/smoke smell	<meikhu>, smoke, and <gim>, here smell, written as one word: the smell of smoke or of burning	
s29559	furnace/fire pit/hearth/firepot	place where a fire is kept, from <mei>, fire, and <khuk>, pit: a furnace for refining metal, a hearth or a firepot	
s29560	oven/furnace/fire	<meikhuk> written with a capital, at the start of a sentence and in {Meikhuk Tausang}, the Tower of the Ovens on the wall of Jerusalem	
s29561	in the firepot/on the hearth	<meikhuk>, firepot or hearth, with <a>, in or at	
s29562	in the furnace/in the fire	<meikhuk>, furnace or fire pit, with the place marker <ah>: in or into the furnace or fire	
s29563	blazing furnace/great furnace	<meikhuk>, furnace, with <pi>, great: a great blazing furnace	
s29564	ovens	plural of <meikhuk>: ovens for baking	
s29565	burn/throw into the fire	throw into the fire to be burned, from <mei>, fire, and <khul>, burn up	
s29566	smoke	<meikhu>, smoke, with the plural <te>	
s29567	Meiktila	town in Mandalay Region, central Myanmar	
s29568	flame	blaze, burn with flames; before a noun it means flaming, as in {meikuang namsau}, a flaming sword	
s29569	fire/flame	burning fire with its flames, from <mei>, fire, and <kuang>, burn	
s29570	fire broke out/a fire started	<meikuang>, flame, with {a kipan}, it began, written as one word: a fire broke out, the set wording of a news report; the place stands before it with <ah> or <panin>, and <akipan> is here the verb and not the marker from or since	
s29571	burst into flames/blaze up/burn fiercely	<meikuang>, flame, and <ziahziah>, in great amount and quick succession: catch fire and burn with great flames; a stock phrase of news about crashes and explosions, often after <puakkham>, explode	
s29572	burst into flames/burn up/be burnt out	<meikuang> and <gawp> written as one word: catch fire and burn fiercely, to the point of ruin; said of vehicles and houses	
s29573	in flaming fire/in flames	<meikuang>, flame, burning fire, with the suffix <in>	
s29574	amid the flames/in the fire	<meikuang>, flames, and <lak>, midst, written as one word: the midst of a burning fire	
s29575	catch fire at once/burst into flames	<meikuang>, blaze, and <pah>, at once, written as one word	
s29576	the fire/the blaze	<meikuang>, fire, and the topic marker <pen> written as one word: the fire, as the thing spoken about	
s29577	blazing fire/great fire/raging fire	<meikuang>, flame, with <pi>, great: a great blazing fire	
s29578	burning/alight/on fire	<meikuang>, flame, with the ending {-sa}, already: already set alight, burning	
s29579	flames	<meikuang>, flame, with the plural <te>	
s29580	all the flames/the whole fire	<meikuang>, fire or flame, and <teng>, all, written as one word: the whole of a fire that is burning	
s29581	wall of fire	<mei>, fire, with <kulh>, wall: a wall of fire that protects a city	
s29582	torch	a burning stick or brand carried to give light or to set something on fire	
s29583	torch-cutting day	<meilah>, torch, <sat>, cut, and <ni>, day: the day before <Khuado>, when the young people cut the torches for the festival, the paths are cleared, the spring is cleaned, the spirits of the dead are called home and in the evening the evil spirits are driven out; also called <meivak ni>	
s29584	torches	plural of <meilah>	
s29585	taking of fire	<mei> fire with <lak> take and the noun suffix <na>: {meilakna ding}, something to take up fire or coals with	
s29586	Meilangtlang		
s29587	train/railway train	<mei>, fire, with <leeng>: a railway train; {meileeng lampi} is a railway	
s29588	train/railway train	a train that runs on rails; <meileng lampi> is the railway line	
s29589	railway station/train station	<meileng>, train, and <khawlna>, stopping place: the station where trains stop; followed by <ah> for at the station, and often by the name of the station	
s29590	railway/railway line/railway track	<meileng>, train, and <lampi>, road: the track on which trains run, and a railway line between two places	
s29591	railway track/rail/rails	<meileng>, train, and <sikzawn>, iron bar: the rails on which a train runs, the track; {meileng sikzawn tungah} is on the track	
s29592	railway station/train station	<meileng>, train, and the English word {station}: a railway station, also of a metro, monorail or light rail line; the name of the place or of the line stands before it	
s29593	train driver/engine driver	one who drives a train: <meileng>, train, with <hawl>, drive	
s29594	a train/one train	<meileng>, train, and <khat>, one, written as one word: a train	
s29595	railway line/railway track	<meileng>, train, and <lam>, way, written as one word: the track on which trains run	
s29596	the train	<meileng>, train, and the topic marker <pen> written as one word: the train, as the topic of the sentence	
s29597	in the train/inside the train	<meileng> and <sung> written as one word: the inside of a train, in the train	
s29598	new train	<meileng>, train, with <thak>, new, written as one word	
s29599	on the train/aboard a train	<meileng>, train, and <tung>, on, written as one word	
s29600	policy/principle	found after <thu> as {thu meilet}, the same as <thumeilet> written in two words: the policy, principles or rules that a body or a person holds to; as a verb, hold to a position or account	
s29601	warmth of a fire/fire heat	<mei>, fire, with <lum>, warm: the warmth of a fire; {meilum awi} is warm oneself at a fire	
s29602	haze	the haze that hangs over distant hills	
s29603	sore/wound/skin sore	an open sore or diseased place on the skin; {meima vei} is suffer from sores	
s29604		Saying: a fly does not settle where there is no sore; nothing is said unless there is something behind it	
s29605	dimly/hazily/blankly	placed after a verb or describing word: dim, dark or hazy, of cloud, smoke, darkness or a clouded head; of people, as in {om meimai} and {tu meimai}, be or sit there blankly, doing nothing	
s29606	scar/mark of a wound	<meima>, sore or wound, with <pawn>, scar: the mark a wound leaves on the body	
s29607	welts/large sores	<meima>, sore, with <pi>, great, and the plural <te>: large sores or welts	
s29608	afflict with sores/cause sores	<meima>, sore, with <sak>, cause: strike a part of the body with sores	
s29609	sores/wounds	plural of <meima>: sores or wounds on the body	
s29610	boil	a swollen, painful sore on the skin; {meimatum vei} is suffer from boils	
s29611	boils	<meimatum>, boil, with the plural <te>	
s29612	volcano	<mei>, fire, with <mual>, mountain: a mountain that throws out fire; <meimual puakkham> is a volcano erupts	
s29613	erupt/volcanic eruption	<meimual>, volcano, as the subject of <puakkham>, burst: a volcano erupts; common in news headlines, with the place before it marked by <ah>	
s29615	firefighting/fire brigade/firefighter	<mei>, fire, with <phelh>, put out: the putting out of fires, and those whose work it is; <meiphelh mawtaw> is a fire engine and {meiphelh zum} a fire station	
s29616	fire engine/fire truck	<meiphelh>, putting out fire, and <mawtaw>, motor vehicle: a fire engine; a number may follow it	
s29617	to put out the fire/fight the fire	<mei>, fire, <phelh>, put out, and <ding>, written as one word: in order to put out the fire, mostly as {meiphelhding in}	
s29618	firefighting/fire extinguishing	<meiphelh>, put out a fire, with the noun suffix <na>: the work of putting out a fire; before the name of a tool, the thing used for it, as a fire extinguisher	
s29619	the firefighting/putting out the fire	<meiphelh>, putting out fire, with the topic marker <pen> written as one word	
s29620	furnace/fireplace/hearth	place where a fire burns, a furnace or an open fire; {sik meiphual} is a furnace for smelting iron	
s29621	furnace/kiln	<meiphual>, furnace, with <pi>, great: a large enclosed fire for burning or smelting	
s29622	furnace smoke/smoke of a furnace	<meiphualpi>, furnace, with <khu>, smoke: the smoke that rises from a furnace	
s29623	fire/large fire	<mei> fire with the augmentative <pi>: a big fire, a bonfire	
s29624	cloud	another spelling of <meiipi>, a large cloud that covers a mountain or hides the view, not the big fire of the first sense; verbs such as <tuam>, cover, bring it out	
s29625		a kind of animal killed for a feast or funeral and set against <vok>, the pig: apparently a large animal such as cattle, mithun or buffalo	
s29626	heat of fire/fire heat	<mei>, fire, and <sa>, hot, as one word: the heat that a fire gives off	
s29627	lighter/cigarette lighter	a small device that is struck to make a flame, built on <mei>, fire	
s29628	thick fog/dense mist	<mei>, cloud or mist, with <sah>, thick: fog so thick that the road is hard to see	
s29629	red light/red traffic light	<mei>, light, with <san>, red: the red light of a traffic signal; {meisan ngak} is wait at the red light and {meisan kan} is run the red light	
s29630	generator/electric generator	an engine that makes electricity	
s29631	flint	hard stone used for striking fire and for making knives	
s29632	lamplight/light/electric light	the light of a lamp or of electric lights, the lights that are on at night; compare <meivak>	
s29633	with fire	<mei> and <tawh> written as one word: with fire, used with verbs of burning, as {meitawh halsak}, set on fire	
s29634	fuel/burning	<mei> fire with <tawh> kindle and the noun suffix <na>, feeding or kindling a fire	
s29635	tails	plural of <mei> in the sense tail: the tails of animals	
s29636	fires/fire	plural of <mei> in the sense fire	
s29637	lights/lamps/electricity	plural of <mei> in the sense light: electric lights and lamps of a room, a street or a vehicle, and with <Electric> or beside <lampi> and <tui> the electricity supply, not open fires and not tails	
s29638	wick trimmers/snuffers	tools for trimming the wick of a lamp, named among the vessels of the temple	
s29639	Meitei/Manipuri	the people of the Manipur valley, called Kathe by the Burmese; {Meitei gun} is the Manipur River	
s29640	Manipur River	the Manipur River, the river of the Meitei, which flows from Manipur through the Tedim area; with <gun>, river	
s29641	Meiteis/Meitei people	<Meitei> with the plural <te>: the Meitei, the people of the Manipur valley	
s29642	electricity/electric power	<mei>, fire or light, with <tha>, power: electric power	
s29643	fat tail	<mei> tail with <thau> fat: the fat tail of a sheep, offered in sacrifice	
s29644	lamp oil/oil	<mei>, fire or lamp, with <tui>, liquid: oil burned in a lamp	
s29645	fuel/petrol/oil	fuel for engines and generators, and oil as a product of a country, the present-day use beside lamp oil; {meitui man} is the price or cost of fuel	
s29647	lamp/light	a lamp, or the light it gives, from <mei>, fire, and <vak>, shine	
s29648	day of lights	<meivak>, light, and <ni>, day: another name of <meilah satni>, the day before <Khuado>	
s29649	lamp channel/lamp pipe/wick	<meivak> lamp with <khau> cord; the English has channels to the lamps	
s29650	lampstand/candlestick	the stand that holds the lamps in the tabernacle and the temple, from <meivak>, lamp, and <khuam>, post	
s29651	lampstands	<meivakkhuam>, lampstand, with the plural <te>	
s29652	lamp/lampstand/light	<meivak>, lamp, with the noun suffix <na>: a lamp or its light; in Hebrews and Revelation the lampstand	
s29653	Meivakna	<meivakna>, lamp, written with a capital at the start of a sentence	
s29654	festival of lights	<meivak> and <pawi> written as one word: the festival of lights kept in Burma, with lamps and fireworks	
s29655	great light/beacon/torch	<meivak>, light, with the suffix <pi>, great: a great light, a beacon or torch, also in a figurative sense	
s29656	lamps/lights	plural of <meivak>: the lamps of the lampstand	
s29657	lamp oil	<meivak>, lamp, with <tui>, liquid: the oil that feeds the lamps	
s29658	dark cloud/black cloud	<mei>, cloud, with <vom>, black: a dark cloud	
s29659	aftermath/consequence/continuation	what follows on from something as its tail: the after-effect of a sickness, the result of a policy, the successor of a state; {tua meizom in} is following on from that	
s29660	electricity also/the power too	<mei>, here electric light or power, and <zong>, also, written as one word	
s29661	Me Jarkon	place in the territory of Dan, near Joppa	
s29662	squeeze tight/grip/strangle	<mek>, press with the hand, with <cip>, tightly: grip and hold fast; of the throat, strangle	
s29663	should press/to be pressed/to squeeze	<meek>, press or squeeze, written with a short vowel and joined to <ding>: is to be pressed	
s29664	Mekherah	home of Hepher, one of the mighty warriors of David, whom the NIV calls the Mekerathite	
s29665	Mekherath	home of Hepher, one of the mighty warriors of David, whom the NIV calls the Mekerathite	
s29666	Makkedah	Canaanite royal city in the lowland of Judah, with the cave where the five Amorite kings hid from Joshua	
s29667	press by mistake/press accidentally	<mek>, press with a finger, with <kha>, happen to: press a key or a trigger without meaning to, or press the wrong thing	
s29668	keep pressing/press repeatedly/knead	press with the fingers again and again, as the keys of a phone or dough; from <mek>, press	
s29669	kneading	the working of dough with the hands; {annel mekna kuang} is a kneading trough	
s29670	pressing/print/button	the pressing of something with a finger, or the thing pressed, not the kneading of dough: <khutpi mekna>, thumb pressing, is a fingerprint and also the signing of an order, and {datkahlei mekna} is a button of a lift	
s29671	Mekonah	town in Judah near Ziklag, settled again after the exile	
s29672	Mekong	a great river of Southeast Asia that flows through Cambodia and Vietnam	
s29673	squeeze/press/grope	squeeze with the hand, with the ending {-sak}, do to another: squeeze or press a part of another person, in news reports of groping, as {nawi meksak}, squeeze the breasts	
s29674	keep groping/grope repeatedly	<meksak>, squeeze a part of another person's body, with the last syllable said twice: do so again and again	
s29675	ballot box	apparently the box for votes, <mee>, vote, with <kuang>, box or trough; in the sentences it is always followed by a verb meaning contest, and {mekuang lui} is stand for election	
s29676	appearance/looks/form	outward appearance of a person or thing; {mel hoih} is good-looking, beautiful or handsome	
s29677	look/seem/appear	joined to a describing word, look as if it were so, as <cidammel>, look healthy; the book lists it with <tuak> and <suak> as a word that completes the meaning	
s29678	in the likeness of/bearing the likeness	<mel>, appearance, and a word written like <sun>, day, that here means take after or reflect: found in the formula {lim leh mel sun}, in the image and likeness, said of man as made by God; the one resembled stands before it and <in> or a verb of making follows	
s29680	Moladah	town in the far south of Judah, near Beersheba	
s29681	Malacca/Melaka	state on the west coast of Malaysia and its capital city	
s29682	Melatiah	man of Gibeon who helped repair the wall of Jerusalem in the time of Nehemiah	
s29683	Melbourne	city in the state of Victoria, Australia, with a Zomi community	
s29684	Melea	ancestor of Jesus in the genealogy of Luke, son of Menna	
s29685	Melek	son of Micah of the tribe of Benjamin, a descendant of Saul through Jonathan	
s29686	smear/plaster over	cover over, as folly covered with lies	
s29687	beautiful/handsome/good-looking	of pleasing appearance, from <mel>, appearance, and <hoih>, good; said of women and of men	
s29688	beautiful/lovely	<melhoih> with the linking ending <in>, used when another describing word or a verb follows; {a melhoihin bawl} is make beautiful	
s29689	beauty/good looks	<melhoih>, beautiful, with the noun suffix <na>: beauty of face or form	
s29690	most beautiful/best-looking	<melhoih>, beautiful, with the superlative <pen>, written as one word	
s29691	make beautiful/make good-looking/beautify	<melhoih>, good-looking, with the causative <sak>, written as one word	
s29692	more handsome/better-looking/more beautiful/more favored	<melhoih>, good-looking, with <zaw>, more	
s29693	by sight/by face/in appearance	<mel> appearance or face with <in>: {melin thei} is know someone by face; after a colour word, of that colour in appearance, as {a san melin}, reddish	
s29694	not really/not properly	a first part of unclear sense with the negative <kei>, written as one word after a verb and before <leh>, if: if one does not really know or understand; what the first part adds is not certain	
s29695	Melki	name of two ancestors of Jesus in the genealogy of Luke	
s29696	Melchizedek	king of Salem and priest of God Most High, who blessed Abraham; Christ is called a priest in his order	
s29697	transfiguration	<mel>, appearance, and <kilamdanna>, difference, written as one word: the change of appearance, said of the Transfiguration of Jesus; {Melkilamdanna mual} is the Mount of Transfiguration	
s29698	hardly/not really/not much	placed after a verb or describing word, a softened negative with <lo>: hardly, not really, scarcely at all; {om mello} is there is hardly any	
s29699	not seem/not look like	<mel>, appearance, and the negative <loh> written as one word, after a verb or describing word: not look as if, seem not to	
s29700	without really/hardly	<mello>, hardly, with <pi.5>, without, written as one word after a verb and often followed by {-in}: without really doing it	
s29701	enemy/foe	an enemy, a word used mostly in songs and elevated writing	
s29702	little/childish	said of children, {naupang melmawl}, where the English has little boys	
s29703		describes the manner of <lop>, holding or sucking something in the mouth slowly to keep the taste	
s29704	merely/just/simply	after a verb, says that the action is done and nothing more, often followed by <lel>; before <lo> it says that the action is not done even a little	
s29705	video/sight of the face	<mel>, appearance, with <muh>, see: seeing someone's face; in present-day writing what is watched on a screen, video	
s29706	to see the face/for seeing someone	<melmuh>, sight of the face, and <ding>, to or for, written as one word: for seeing a person face to face, as of a visit to someone far away	
s29707	Marduk	first part of the name <Melodak-baladan>, king of Babylon in the time of Hezekiah; the name of the god Marduk	
s29708	Marduk-Baladan/Merodach-Baladan	king of Babylon, son of Baladan, who sent envoys with letters and a gift to Hezekiah	
s29709	have the appearance of/bear the look of	<mel>, appearance, with <pua>, carry, written as one word: bear a certain appearance; {mawhna melpua} is the appearance of sin	
s29710	appearance/looks/countenance/features	the look a person or thing bears, the face and outward features; built on <mel>, appearance	
s29711	ugly/unsightly	of unpleasant appearance, from <mel>, appearance, and <sia>, bad; the opposite of <melhoih>	
s29712	ugly/plain/unattractive	<mel>, looks, with <siat>, be spoiled: not good-looking, or having lost one's looks; the opposite of <melhoih>	
s29713	ugliness/unattractiveness	<melsiat>, ugly, with the noun suffix {-na}: the state of being ugly, set against <melhoihna>, beauty	
s29714	acquaintance	a person one knows by face, from <mel>, face, and <theih>, know	
s29715	relative		
s29716	familiarity		
s29717	know well/be acquainted with	used as a verb after a possessor such as <na> or <a>: know a person by face, be familiar with someone, as in {na meltheih mahmah mikhat}, someone you know very well	
s29718	friends and relatives/acquaintances and kin	<meltheih>, acquaintance, and <tanau>, relative: a pair said as one word for all the people one knows and is related to, friends and relatives; often with a possessive before it and <te> after it	
s29719	acquaintance/knowing each other	noun of <meltheih>: knowing someone by face, being acquainted; {ki meltheihna} is acquaintance with one another	
s29720	acquaintances	plural of <meltheih>: people one knows, acquaintances or close friends	
s29721		after <dim> full: brimming, abundantly full	
s29722	connect/relate/link	connect one thing with another, after <tawh>; {ki memat} is be connected with, have to do with	
s29723	member	a person who belongs to an organisation, party or committee	
s29724	membership	the state of being a member of an organisation or party, {pawlmi suahna}; also in {membership card} and {membership fee}	
s29725	members	<member> with the plural <te>	
s29726	landslide/landslip	earth that slides down a slope, often after heavy rain	
s29727	Memphis	ancient capital city of Lower Egypt, on the Nile	
s29728	memorandum	a written statement handed to an embassy or authority, often at a protest; also in the English phrase memorandum of understanding	
s29729	memory	the power of the brain to remember, and the storage of a computer or phone; mostly given as a gloss beside a Zolai expression	
s29730	Memukan	one of the seven nobles of Persia and Media who advised King Xerxes; he counselled the removal of Queen Vashti	
s29731	Memukan	<Memukan> with <te>, closing the list of the seven nobles: Memukan and the others	
s29732	Men		
s29733	Menahem	king of Israel, son of Gadi, who killed Shallum and reigned ten years in Samaria	
s29734	landslide/landslip	a fall of earth and rock from a hillside, mostly after heavy rain; the second part is <cim>, collapse	
s29735	landslide/landslip	<mencim> and <leitolh>, two words for a landslide, said together as one name for it, as news reports do	
s29736	in the landslide/amid the landslide	<mencim>, landslide, and <lak>, midst, written as one word: the midst of the fallen earth of a landslide	
s29738	landslide/collapse	the sliding down or caving in of earth, on a hillside or under a road or building	
s29739	Mene	Aramaic word of the writing on the wall at the feast of Belshazzar, explained as numbered	
s29740	mene	Aramaic word of the writing on the wall at the feast of Belshazzar, explained as God has numbered the days of the reign	
s29741	quickly/speedily/in haste	placed after a verb, most often in a request: do it quickly, without delay	
s29742	sprout/shoot/branch out	of a plant, put out a shoot, often with <khia>, out; said also of a clan or an organization that grows out of another as its branch, and then {meng khat} is one branch, not the adverb quickly	
s29743	sprout/bud	<meng> sprout, shoot up, with the linking marker <in>: sprouting, said of young plants	
s29744	grow out/sprout out/come out	<meng> sprout with <khia> out: grow out from something	
s29745	doze/slumber	sleep lightly for a short while	
s29746	quickly/in a hurry/at once	placed after a verb to show that the action is done with speed or at once; a doubled form of <meng>	
s29747	at all/ever	after a verb and before the negative <lo> or <nawnlo>: not at all, not ever, as in {kizang mengmeng lo}, not used at all; here it does not mean quickly	
s29748	quickly	<mengmeng>, quickly, and the particle <aw> of address written as one word	
s29749	quickly/at once	<mengmeng>, quickly, and <ding>, will or to, written as one word after a verb: to do it quickly, that it be done at once	
s29750	if soon/if only	<mengmeng>, quickly, and <leh>, if, written as one word after a verb: if it could be done soon, expressing a wish	
s29751	seldom/rarely/hardly ever	<mengmeng> and <lo> written as one word after a verb: not readily, not often; {kiza mengmenglo} is seldom heard of	
s29752	Mengnu		
s29753	Destiny/Meni	god of fate worshipped by those who forsook the Lord, named with Gad; the NIV has Destiny	
s29754	Menna	ancestor of Jesus in the genealogy of Luke, son of Mattatha	
s29755	mentor/adviser	an experienced person who guides and advises another; glossed in the articles as {sia hoih}, a good teacher	
s29756	menu	the list of dishes a restaurant offers, or the list of choices on a website or in a program	
s29757	Menuhoth/Manahathites	clan of Judah descended from Shobal, of which half is named; the NIV has Manahathites	
s29758	governor/tetrarch	ruler of a province under a king or emperor: a governor, or a tetrarch such as Herod	
s29759	governor/ruler/tetrarch	<menzi>, governor, with <pa> marking a man; used of Felix the Roman governor and of Herod the tetrarch	
s29760	Menzipa/Governor	<menzipa>, governor or tetrarch, written with a capital as a title before a name, as in {Menzipa Herod} and {Menzipa Feliks}	
s29761	Menzipipa/commanding officer	title of Rehum, the high official in Samaria who wrote to King Artaxerxes against Jerusalem; the NIV has commanding officer	
s29762	Meonothai	son of Othniel of the tribe of Judah and father of Ophrah	
s29763	Merab	elder daughter of King Saul, promised to David but given in marriage to Adriel of Meholah	
s29764	Meraiah	priest, head of the family of Seraiah in the days of the high priest Joiakim	
s29765	Meraioth	priest descended from Aaron, son of Zerahiah and father of Amariah, an ancestor of Zadok and of Ezra	
s29766	Merapi/Mount Merapi	volcano on the island of Java in Indonesia	
s29767	Merari	third son of Levi, ancestor of the Merarite clans of the Levites	
s29768	Merathaim	name given to Babylonia in Jeremiah's prophecy against Babylon	
s29769	Mercedes	Mercedes-Benz, a German make of car; {Mercedes Benz mawtaw} is a Mercedes-Benz car	
s29770	Merchantrade	a Malaysian company for sending money abroad that also issues a prepaid card	
s29771	mercury	the poisonous metal mercury, named in warnings about cosmetics and batteries that contain it	
s29772	Merdeka	Malay word for independence; Merdeka Day, 31 August, is the national day of Malaysia, and the word also occurs in Malaysian place names	
s29773	Mered	son of Ezrah of the tribe of Judah, who married Bithiah, a daughter of Pharaoh	
s29774	Meremoth	name of several men, among them a priest, son of Uriah, in the time of Ezra and Nehemiah	
s29775	Meres	one of the seven nobles of Persia and Media who were closest to King Xerxes	
s29776	Meriao		
s29777	Meribah	place in the wilderness where the Israelites quarrelled with the Lord over water	
s29778	Meribah	form of <Meribah> in the name <Meribath-kadesh>, the waters of Meribah at Kadesh in the Desert of Zin	
s29779	Meribah Kadesh	the waters of Meribah at Kadesh in the Desert of Zin, a point on the southern boundary of the land	
s29780	Meribah Kadesh	the waters of Meribah at Kadesh in the Desert of Zin, a point on the southern boundary of the land	
s29781	Merib-Baal	son of Jonathan and grandson of Saul, father of Micah; also called Mephibosheth	
s29782	Merib-Baal	son of Jonathan and grandson of Saul, father of Micah; also called Mephibosheth	
s29783	Marduk	chief god of Babylon, named together with Bel	
s29784	Marduk-Baladan	king of Babylon, son of Baladan, who sent envoys with letters and a gift to Hezekiah	
s29785	Marduk-Baladan	king of Babylon, son of Baladan, who sent envoys with letters and a gift to Hezekiah	
s29786	Merom	the Waters of Merom in northern Canaan, where Joshua defeated the allied kings of the north	
s29787	Meronoth	town, home of Jehdeiah, who kept David's donkeys, and of Jadon, who helped repair the wall of Jerusalem	
s29788	Meroz	town cursed in the song of Deborah because its people did not come to help in the battle	
s29789	MERS/Middle East respiratory syndrome	a serious disease of the lungs caused by a coronavirus, first found in Saudi Arabia; named by the letters of its English name	
s29790	Mersing	town in the state of Johor in Malaysia	
s29791	Meru	name of a place in Malaysia; which Meru is meant is not clear from the sentences	
s29792	Mesha	place at one end of the region where the descendants of Joktan lived; also the name of a king of Moab and of other men	
s29793	Meshach	Babylonian name given to Mishael, one of Daniel's three friends who were thrown into the blazing furnace	
s29794	Meshek	son of Japheth, and the people descended from him, who traded with Tyre	
s29795	Meshek	son of Japheth, and the people descended from him, named together with Tubal	
s29796	Meshelemiah	Korahite gatekeeper of the temple, son of Kore and father of Zechariah	
s29797	Meshelemiah	father of Zechariah the gatekeeper at the entrance to the tent of meeting; a spelling of <Meshelemiah>	
s29798	Meshezabel	name of several men in the time of Nehemiah, among them the father of Pethahiah of Judah	
s29799	Meshillemith	priest, son of Immer and ancestor of Maasai	
s29800	Meshillemith	priest, son of Immer and ancestor of Maasai	
s29801	Meshillemoth	name of two men: the father of Berekiah, a leader of Ephraim, and a priest, son of Immer	
s29802	Meshobab	leader of a clan of the tribe of Simeon	
s29803	Meshullam	name of many men, among them the grandfather of Shaphan the secretary and several who worked with Ezra and Nehemiah	
s29804	Meshullam	<Meshullam> with the plural <te> at the end of a list of names: Meshullam and the others, leaders summoned by Ezra	
s29805	Meshullemeth	wife of King Manasseh and mother of King Amon of Judah, daughter of Haruz of Jotbah	
s29806	Meshullam	spelling of <Meshullam> for two men of the tribe of Benjamin	
s29807	Mesopotamia	the land between the Euphrates and the Tigris, where Abraham lived before he moved to Harran	
s29808	message	a message sent by phone or in writing, or the message of a sermon	
s29809	Messenger	the Messenger application of Facebook for sending messages and calling	
s29810	Messiah	title meaning the Anointed One, the promised king and saviour; the Hebrew word for Christ, used of Jesus	
s29811	shave/shear/cut hair	cut hair or wool off close to the skin; {sam met} is cut the hair, {lu met} is shave the head, and {tuu mul met} is shear sheep	
s29812	profit/gain/interest	what is earned on money that is lent or traded: profit, interest	
s29813	profit/gain/pay	{met} used as a verb: gain by something, be profitable; {met lawh} is to profit by it, and {met hetlo} is does not pay at all	
s29814	metal	a hard material such as iron or steel; mostly in English names of things made of it	
s29815	trade/do business/make a profit	<met>, profit, with <bawl>, make: trade with money so that it earns more	
s29816	take advantage of/profit from/exploit	<met>, profit, and <dok>, draw out, written as one word: draw gain for oneself out of a situation or out of others	
s29817	metre/meter	the metre as a unit of length or height; the number follows or goes before, as in {meter 1710}	
s29818	methamphetamine	an illegal stimulant drug, named in reports of drug seizures and drug tests	
s29819	methanol	methanol, a poisonous alcohol; the English word is used unchanged	
s29820	Metheg Ammah	place that David took from the Philistines	
s29821	method	a way of doing or studying something, used by some writers inside Zolai sentences	
s29822	Methodist	the Methodist church, a Protestant denomination, and what belongs to it; {Methodist pawlpi} is the Methodist church	
s29823	Methuselah	son of Enoch, father of Lamech and grandfather of Noah	
s29824	Methushael	descendant of Cain, son of Mehujael and father of Lamech	
s29825	shaving/having shaved	<met>, shave, with the linking ending <in>: shaving, having shaved, followed by another action	
s29826	shave off/cut off	<met>, shave, with <khia>, out or off: shave hair off completely	
s29827	profit/gain/benefit	<met>, profit, with <lawh>, earn: make a profit or come out with an advantage from something	
s29828	shearing/shaving	<met>, shear or shave, with the noun suffix <na>: the shearing of sheep or the shaving off of hair	
s29829	profit/gain/benefit	<met>, profit, with the noun suffix <na>: gain or benefit; {bang metna om ahi hiam} is what is gained	
s29830	benefit from/profit by/gain from	<met>, gain, with the verb suffix <pih>: get benefit or profit from something	
s29831	shave/shave off/have shaved	<met>, shave, with the causative <sak>: shave another person's hair or beard, or have one's own hair cut off	
s29832	shearers	<met>, shear, with the plural <te>: those who shear; used after <mul>, hair or wool, as in {tuumul mette}, sheepshearers	
s29833	shave/shave bald	<met>, shave, with <tol>, bare: shave the head completely bald, often as a sign of mourning	
s29834	shaving/shaving bald	<mettol>, shave bald, with the noun suffix <na>; {sam mettolna} is shaving off the hair in mourning	
s29835	crop/cut short/shave short	<met> shave or cut hair with <tom> short; {a sam uh a mettom} are those who crop their hair, where the NIV has those in distant places	
s29836	gain more/profit more/be better off	<met>, profit, and <zaw>, more, written as one word: gain more, come out better	
s29837	Meunites	people living south of Judah who were defeated by the men of Simeon and by King Uzziah	
s29838	Mexican	of Mexico, or a person of Mexico; {Mexican mi} is a Mexican or the Mexican people	
s29839	Mexico	country in North America, south of the United States	
s29840	Me-Zahab	grandparent of Mehetabel, the wife of King Hadad of Edom	
s29841	Mgwe-imnu		
s29842	Mgwi		
s29843	Mhaw		
s29844	Mhreng		
s29845	person/human being/people	a human being, man or woman; with a number or quantity word it counts people, as in {mi khat}, one person, and {mi tampi}, many people	
s29846	person/man/one	<mi>, person, written with a capital at the start of a sentence or in a title such as {Mi Siangtho}, the Holy One	
s29847	first person	grammar term in the table of personal pronouns: the person who speaks, <kei>, <eite>, <ko>, <kote>	
s29848	first person	grammar term: the person who speaks, <kei>, <eite>, <ko>; also called <mi khatna>	
s29849	forebears/pioneers/predecessors/early leaders	<mi>, person, and <masate>, the first ones: the people who went before, the forebears, pioneers and early leaders of a people or of a field	
s29850	second person	grammar term: the person spoken to, <nang>, <no>, <note>	
s29851	third person	grammar term: the person or thing spoken of, <Taang>, <Lia>, <amah>, <amaute>, <tuanu>, <tuapa>	
s29852	people	<mi>, people, with the marker <in> of the doer shortened to {'n}: people, others, as the doer of the action	
s29853		<mi>, person, with the marker <in> joined by a hyphen; on the page in {inn mi-in}, the people of the house, as doer or in the manner of	
s29854	in throngs/in a great crowd	descriptive word for a countless crowd standing close together	
s29855		without being able to see or continuous	
s29856	dark	without light; {khua mial} is it is dark, and of the eyes {mial} means dim	
s29857	invisible		
s29858	lose face		
s29859	dark	<mial> dark with the linking <a>, and: {khua miala}, it was dark and	
s29860	completely dark/pitch dark/blacked out	<mial>, dark, and <cip>, completely, written as one word: wholly dark, with no light at all, also said of a place where the electric light has gone out	
s29861	darken completely/shroud in darkness	<mial> dark, <cip> completely and the causative <sak>: make wholly dark	
s29862	be dark/become dark/grow dark	<mial>, dark, with the linking suffix {-in}: being or becoming dark, followed by another verb	
s29863	barely/narrowly/only just	placed after a verb: the thing happens, but only just; {suakta mialmial} is narrowly escape, {kiza mialmial} is be barely heard	
s29864	darkness/dark place	<mial>, dark, with the noun suffix <na>: darkness; {mialna mun} is a dark place	
s29865	very dark/deeply dark	<mial> dark with <pha>; said of how great a darkness is	
s29866	darken/make dark/dim	<mial>, dark, with the causative <sak>: make dark, take the light away; of the eyes, make dim	
s29867	become dark/be darkened	<mial> be dark, with <ta> which marks a change that has now come about; {khua hong mialta} is it had grown dark	
s29868	grope/feel one's way	<mial> dark with <zawt> feel about with the hands: grope as in the dark	
s29869	Miami	city in the state of Florida in the United States	
s29870		describes insects settled close together in a swarm, after <bawm>	
s29871	Mianyang	city in Sichuan Province in China	
s29872	simply/just/straight out	placed after a verb, often <ci>, say: the thing is said or done plainly, just like that, without more ado	
s29873	like a person/as a human being/like other people	<mi>, person, with <bang>, like, written as one word: as a human being, or like other people; {mibang lo} is one who is not like others, a person with a disability	
s29874	abnormal/deformed/not like other people	<mibang>, like other people, and <lo>, not, written as one word: not as a person normally is, in body or in mind; of a baby, born with a defect	
s29875	done by others	<mi>, other people, and <bawl>, do, written as one word in a saying: what others do to us, set against {ei leh ei kibawl}, what we do to one another	
s29876	Mibhar	son of Hagri, one of David's mighty warriors	
s29877	Mibsam	name of two men: a son of Ishmael, and a descendant of Simeon	
s29878	rapist/rape	<mi>, person, and a verb for wrestling or forcing someone, here assault sexually: a person who rapes; in news reports also the name of the crime	
s29879	rapist	a man who commits rape; <mibuan> with <pa>, man	
s29880	attempted rapist/rapist	<mi> and <buansawm> written as one word: a person who tried to rape someone; also glossed as rapist	
s29881	rapists	plural of <mibuan>: people who rape	
s29882	sorcery/enchantment/spell	<mi> person with <bum> bewitch: casting spells on people; {mibum theite} are enchanters, {mibum siamna} is skill in spells	
s29883	sorcery/witchcraft/magic spell	<mibum> cast spells on people, with the noun suffix <na>	
s29884	whole population/all the people	<mi>, people, and <bup>, whole, written as one word: the whole population of a country or place	
s29885	whole people/all the people	<mi> people with <bup> whole, <pi> great and the plural <te>	
s29886	Mibzar	chief of Edom descended from Esau	
s29888	Michigan	a state in the north of the United States of America	
s29889	everybody/everyone	every person, people in general; {micih dandan in} is like everybody else	
s29890	wise person/sensible person/person of sound judgement	<mi>, person, with <ciim>, clear or sound: a person of mature and sound mind, often named beside <mipil>, a learned person	
s29891	barren person/childless person	<mi>, person, with <ciing>, barren: someone who has no children	
s29892	the needy/destitute person/the poor	<mi>, person, and <cimawh>, needy, written as one word: people in want who have no one to help them	
s29893	sick people/the sick	<mi> person with <cina> sick, plural <te>	
s29894	guard/watchman	<mi> person with <cing> keep watch	
s29895	immature person/small-minded person	<mi>, person, and <cinglo>, incomplete, written as one word: a person who is not mature in mind, set against <mipicing>, the mature person, and {milaihawl}, the middling one; also said of a disabled person	
s29896	honest person/trustworthy person/person of integrity	<mi>, person, and <citak>, honest and trustworthy, written as one word	
s29897	faithful people/faithful ones/saints	<mi> person with <citak> faithful, plural <te>	
s29898	microchip	the English word microchip used in Zolai sentences, usually written with a capital: a very small electronic chip, also one placed under the skin	
s29899	microphone		
s29900	Microsoft	American computer software company	
s29901	other/another/someone else	another person, someone else; {midang'} before a noun is another person's	of people
s29902	other people/others	<midang> with <dang> said again: other people of various kinds; {midangdang genloh} is not to speak of others, let alone others	
s29903	another person/someone else	<midang>, another person, and <khat>, one, written as one word: one other person, someone else	
s29904	stranger/outsider/foreigner	<midang> other person with the intensive <pi>: a complete stranger	
s29905	with someone else/with others	<midang> someone else and <tawh> with, written as one word	
s29906	others	<midang>, another person, with the plural <te>: other people, the others	of people
s29907	others/other people	<midangte>, other people, with the subject marker <in> shortened to <n>: other people, as the ones who act	
s29908	Middin	town in the wilderness of Judah	
s29909	Midian	son of Abraham and Keturah, and the people and land named after him	
s29910	Midianites	<Midian> with the plural <te>: the people of Midian, a desert people who oppressed Israel until Gideon defeated them	
s29911	righteous person/upright person/the righteous	<mi>, person, with <dik>, right: a person who does what is right, one who is righteous before God	
s29912	righteous person/the righteous/Righteous One	<midik>, righteous person, written with a capital at the start of a sentence or in the title {Midik Pa}, the Righteous One	
s29913	as righteous	<midik> righteous person with <in>: as a righteous person; {midikin sang} is to count as righteous	
s29914	righteous man/the righteous	<midik> righteous person with <pa> marking a man	
s29915	upright people/the blameless/the righteous	<mi> person with <diktat> upright, plural <te>	
s29916	the righteous/the upright/righteous people	<midik>, righteous person, with the plural <te>: the righteous, often set against <migilote>, the wicked	
s29917	midwife	a person trained to help women in childbirth; also explained as {nausuak siama}	
s29918	Mephibosheth	son of Jonathan and grandson of Saul, lame in both feet, who ate at King David's table; a spelling of <Mefibosheth>	
s29919	foreign country/another people's land	<mi> and <gam> written as one word: the country of other people, not one's own; often as <migam milei>	
s29920	foreign land/foreign country/abroad	<migam>, the country of other people, and <milei>, the land of other people: a fixed pair for a country that is not one's own, said of the places where Zomi live abroad; usually followed by <ah>, and the opposite of <ihgam ihlei>, our own land	
s29921	Migdal El	fortified town in the territory of Naphtali	
s29922	Migdal-gad/Migdal Gad	town in the western foothills of Judah	
s29923	Migdol	town in northern Egypt where Jews settled after the fall of Jerusalem; a spelling of <Migdol>	
s29924	Migdol	place in northern Egypt near which the Israelites camped before they crossed the sea; later a town where Jews lived	
s29925	poor person/the afflicted/the needy	<mi> and <genthei> written as one word: a person in hardship or want	
s29926	kind/good/gracious	good and kind in character, gracious; {migi tuucing} is the good shepherd; in Matthew 5:48 it stands for perfect	
s29927	wicked person/the wicked/evildoer	<mi>, person, with <gilo>, evil: a wicked person, one who does evil	
s29928	terrorist/militant/criminal	in news, a member of an armed or violent group: a terrorist or militant, as in <thautawi migilo>, armed militants, and <migilo kipawlna>, a terrorist group; also a gangster or violent criminal	
s29929	armed robbers/bandits/criminals	<migilo>, an evildoer, and <damiah>, a robber: a paired expression for violent criminals and armed robbers as a kind, often followed by <guta>, thief, or by the plural <te>	
s29930	terrorist group/militant group/criminal gang	<migilo>, an evildoer, and <kipawlna>, an association: in news an armed group of terrorists or militants, or a criminal gang; the name of the group stands before it and the plural <te> often after it	
s29931	as wicked/as evil	<migilo> wicked person with <in>: as a wicked person	
s29932	wicked man/the wicked	<migilo> with <pa> marking a man, the wicked one	
s29933	the wicked/evildoers/sinners	<migilo>, wicked person, with the plural <te>: the wicked, evildoers; in the Gospels also sinners	
s29934	worthy man/man of standing/respectable person	<mi> person with <gina> worthy; {migina lo} is a nobody, a worthless person	
s29935	worthless person/scoundrel/good-for-nothing	<migina>, a worthy person, with the negative <lo>: a worthless or bad person; in Hebrews 5:3 it is said of a weak, imperfect man	
s29936	the blameless/people of integrity/worthy people	plural of <migina>: people of worth and good character, the blameless	
s29937	show favor/be gracious/be kind	the form of <migi>, kind, used before <hangin>, <nading> and <mahmahna>: be kind or gracious to someone, the person taking <tungah>	
s29938	deserving kindness	<migit>, the form of <migi>, be kind, used before a suffix, with <huai>, worthy of: deserving kindness	
s29939	kindness/goodness/benefit	<migit>, be kind, with the noun suffix <na>: kind and generous dealing with others; {migitna lak} is show kindness	
s29940	make kind	<migit>, the form of <migi>, be kind, used before a suffix, with <suah>, bring out or become: make kind; the page lists the form without a meaning	
s29941	fit to be treated kindly	<migit>, the form of <migi>, be kind, used before a suffix, with <tuak>, be fitting: fit to be treated kindly	
s29942	Migron	place in Benjamin near Gibeah, on the Assyrian line of march toward Jerusalem	
s29943	winner/victor/successful person	<mi>, person, and <gualzo>, win, written as one word: one who wins or succeeds	
s29944	go out/be quenched/be extinguished	of fire, go out; the form of <mit>, go out, used in {mei a mih ngei lohna}, where the fire never goes out	
s29945	fool/foolish person/madman	<mi>, person, with <hai>, foolish: a fool, the opposite of <mipil>, a wise person	
s29946	fool/foolish man	<mihai>, fool, with <pa> marking a man: a foolish man, often set against <mipilpa>, the wise man	
s29947	great fool/fool/stupid person	<mihai>, fool, with <pi>, great: a great fool, a thoroughly stupid person	
s29948	fools	plural of <mihai>: fools, often set against <mipilte>, the wise	
s29949	difficult person	<mi>, person, and <haksa>, difficult, written as one word: a person who is hard to deal with	
s29950	fortunate person/blessed person/lucky person	<mi>, person, and <hampha>, fortunate, written as one word	
s29951	unfortunate person/wretched person/unlucky person	<mi>, person, and <hamsia.2>, unfortunate, written as one word	
s29952	brave person/hero	<mi>, person, and <hangsan>, brave, written as one word: a brave person, a hero	
s29953	the strong/strong men/the mighty	<mi>, person, with <hat>, strong, and the plural <te>: strong or mighty people	
s29954	rich person/wealthy person	<mi>, person, with <hau>, rich: a rich or wealthy person, the opposite of <mizawng>, a poor person	
s29955	rich man	<mihau>, rich person, with <pa> marking a man	
s29956	richest person/the richest	<mi>, person, and <haupen>, richest, written as one word: the richest person or people of a place	
s29957	very rich person/tycoon/magnate	<mihau>, rich person, with <pi>, great: a person of great wealth	
s29958	the rich/rich people	plural of <mihau>: rich people, often set against <mizawngte>, the poor	
s29960	human/human being		
s29961	man/mankind		where it is not necessarly referring to just a male man
s29962	Man	<mihing>, man, written with a capital in the title {Mihing Tapa}, the Son of Man	
s29963	human rights	<mihing>, human being, and <hamphatna>, privilege or right: the rights that every person has, the fixed term for human rights in news and public life	
s29964	humanity/human nature/being human	<mihing>, human being, and <hihna>, the fact of being: what it is to be human, human nature or humanity; {mihing hihna tawh} is as a human being, out of humanity	
s29965	human nature/the way of man	<mihing>, human being, and <ngeina>, custom: what is natural and usual for people, human nature; {mihing ngeina hi} at the end of a statement says that a thing is only human	
s29966	as a human/in human form	<mihing> and <a> written as one word: as a human being; {mihinga hong piang} is be born as a human	
s29967	as a human/as a human being/as a man	<mihing>, human, with the marker <in>: as a human being, in human life	
s29968	a human being/a person/one person	<mihing> and <khat> written as one word: one human being, a person	
s29969	human being/mankind	<mihing>, human being, and the topic marker <pen> written as one word: as for man, as for human beings	
s29970	human flesh	<mihing>, human being, with <sa>, flesh or meat, written as one word: the flesh of a person as something eaten	
s29971	humans/human beings/mankind		plural form of <mihing>
s29972	humans/human beings/people	<mihingte>, humans, and the marker <in> written as one word, marking human beings as the ones who act	
s29973	human nature/personhood/character	what a person is as a human being, the nature or character of a person	
s29974	righteous		
s29975	upright		
s29976	good person/good man	<mi>, person, with <hoih>, good, as a noun in everyday speech: a good, decent person, without the religious weight of righteous; often {mihoih khat}, a good person, and set against <misia>, a bad person	
s29977	righteous	<mihoih>, a good or righteous person, with the marker <in>: as righteous; with <sang>, accept, it says that God counts someone righteous	
s29978	bad person/wicked person	<mi> and <hoihlo> written as one word: a person who is not good, the opposite of <mihoih>	
s29979	goodness of people/a person's goodness	<mi>, person, and <hoihna>, goodness, written as one word: the good that is in other people	
s29980	good man/righteous man/the righteous	<mihoih>, good person, with <pa> marking a man, often set against <migilopa>, the wicked man	
s29981	the righteous/the upright/good people	plural of <mihoih>: good or righteous people, often set against <migilote>, the wicked	
s29982	the good/all good people	<mihoih>, good person, with <teng>, all: all the good people there are	
s29983	community/congregation/assembly/crowd	<mi>, person, with <hon>, flock or group: a gathered body of people, a community, congregation or crowd	
s29984	assembly/congregation/crowd	<mihon> written with a capital at the start of a sentence or a line of verse	
s29985	crowd/multitude	<mihon>, crowd, with <pi>, great: a large crowd, a multitude	
s29986	crowds/multitudes	plural of <mihonpi>: great crowds, multitudes	
s29987	crowds/multitudes/hosts	<mihonpite> written with a capital at the start of a sentence; {Mihonpite’ Pasian} is the God of hosts, NIV God Almighty	
s29988	crowds/assembly/community/congregation	plural of <mihon>: crowds, or the whole body of a community or assembly	
s29989	help people/aid others/rescue	<mi>, people, and <huh>, help, written as one word: helping others; before a noun it describes it, as in {mihuh kipawlna}, an aid organisation, and {mihuh te}, the rescuers	
s29992	Mijamin	name of several men, among them the head of the sixth priestly division and a priest who sealed the covenant with Nehemiah	
s29993	Mika	name of several men, among them the young son of Mephibosheth and a Levite who sealed the covenant with Nehemiah	
s29994	white person/Westerner/English/British	<mi>, person, with <kaang>, white: a white person, above all the British; {mikaang lai} and {mikaang pau} are the English language, {Mikaang kumpi} the British government	
s29995	English/English language	the English language, literally the speech of the white people: <mikaang>, white person, with <pau>, language	
s29996	white people/Westerners	plural of <mikaang>: white people, Westerners, above all the British and Americans	
s29997	Micah	name of several men, among them an Ephraimite who made a shrine in the days of the judges and the prophet from Moresheth	
s29998	Micah		
s29999	Micaiah	name of several people, among them the prophet, son of Imlah, who foretold the death of Ahab, and the son of Gemariah who reported what Baruch read	
