sense	terms	definition	text
s32000	Nathan-Melek	official of the king of Judah whose room stood near the entrance to the temple in the days of Josiah	
s32001	killed/used to kill	<na.3>, the marker of an earlier action, and <that>, kill, written as one word	
s32002	your gun	<na>, your, and <thau.1>, gun, written as one word: your gun	
s32003	you know	<na>, you, and <thei>, know, written as one word; {nathei uhhiam} is do you know, to several people	
s32004	know already/have known	the preverbal <na>, already or as it turned out, and <thei>, know, written as one word: someone other than the hearer knew it already	
s32005	you know	<na>, you, with <theih>, the form of <thei>, know, written as one word: that you know; {natheih leh} is if you know	
s32006	you want to know	<na>, you, and <theihnop>, want to know, written as one word; {natheihnop leh} is if you want to know	
s32007	made offering to/used to propitiate	<na.3>, the marker of an earlier action, and <thoih>, make an offering to, written as one word	
s32008	your word/your matter	<na>, your, and <thu>, word or matter, written as one word; in prayer and scripture it is the word of God. In {lungdam nathu}, good news, the letters are divided differently: it is {lungdamna thu}	
s32009	you suffer/you undergo	<na>, you, and <thuak>, suffer, written as one word	
s32010	suffer/undergo/receive	<thuak>, suffer, with the particle <na> before it, as in <ana>, written as one word: had to bear something, as blows, hardship or blame	
s32011	your things/your matters	<na>, your, and <thute>, matters, written as one word: your matters, what you have to say or settle	
s32012	nationalism	devotion to the interests and standing of one's own people or nation; {Zomi Nationalism} is the national feeling of the Zomi	
s32013	sickness and injury/medical trouble	<nat>, <leh> and <sat> written as one word: illness and bodily harm, a case of sickness or injury	
s32014	disease/sickness/plague/illness	sickness, disease or pain of the body; {pul natna} is a plague and {phak natna} a defiling skin disease	
s32015	disease prevention/immunity/protection against disease	<natna>, disease, and <dalna>, barrier: the warding off of disease; {natna dalna zatui} is a vaccine, {natna dalna tha} is the immunity of the body, and {natna dalna dingin} is in order to prevent a disease; the name of the disease stands before it	
s32016	underlying disease/chronic illness/serious illness	<natna>, disease, and <gil>, belly, here the inside or core: a serious or lasting disease that a person carries, such as tuberculosis or cancer; {natna gil neite} are people with an underlying condition	
s32017	dreadful disease/deadly disease/serious illness	<natna>, disease, and <gilo>, evil: a grave and feared disease such as cancer or an epidemic, not an evil in the moral sense	
s32018	infection/spread of disease/transmission	<natna>, disease, and <kilawhna>, passing from one to another: the spread of a disease among people, or the number of cases of it; often after the name of the disease, as in {Covid-19 natna kilawhna}	
s32019	germ/pathogen/virus/microbe	<natna>, disease, and <lungno>, worm: the tiny living thing that causes a disease, a germ, virus or bacterium; {natna lungno ngah} is to be infected	
s32020	germs/pathogens/disease germs	<natna>, disease, and <lungnote>, small worms: the microbes that cause disease, such as bacteria and viruses	
s32021	be infected/catch a disease/fall ill	<natna>, disease, and <ngah>, get: catch a disease, be infected; {natna ngah mi} are the infected persons, the cases counted in a report	
s32022	sickness/illness/affliction	<natna>, sickness, with the rhyming <satna>: a paired expression for sickness and bodily suffering of every kind; used like a single noun, often beside <haksatna>, hardship	
s32023	having a disease/diseased/sick	<natna>, disease, and <nei>, have, written as one word; {natnanei mi} is a person who has a disease	
s32024	diseases/pains/sicknesses	plural form of <natna>; {lungsim natnate} are pains of the heart	
s32025	NATO	the North Atlantic Treaty Organization, a military alliance of North American and European states	
s32026	afflict/make sick	<nat>, be ill, with the causative <sak>: make sick, strike with disease	
s32027	affliction/infliction of pain	<nat> be ill or in pain with <sak> cause and the noun suffix <na>: a making sick or causing of pain	
s32028	wasting disease/grievous sickness	<nat> sickness with <sia> bad	
s32029	be badly damaged/be wrecked	of a building, a vehicle or a thing: be badly damaged by fire, an accident or an earthquake; mostly as {natsiat mahmah}	
s32030	fever	also used as a verb, have a fever; often written with an apostrophe	
s32031	fever illness/influenza/malaria	<nattun>, fever, and <natna>, illness: an illness of which fever is the mark; writers use it for influenza and also for malaria, and add the English name where it matters	
s32032	with a fever/sick with fever	<nattun> fever with <in>: being ill with fever	
s32033	fever medicine/malaria medicine	medicine against <nattun>, fever, here malaria; the articles use it of quinine and chloroquine	
s32034	fever/sickness	seen once of the illness that left Simon's mother-in-law; apparently <nat>, be ill, <tut>, lie down, and the noun suffix <na>	
s32035	your grandchild	<na>, your, and <tu>, grandchild, written as one word; {natu nata} is your grandchildren and children	
s32036	you sit	<na>, you, and <tu>, sit, written as one word; {Nang, natu in} is you, sit down	
s32037	meet with/encounter	<na>, you, and <tuah>, meet with, written as one word: you meet with, said of trouble such as arrest	
s32038	you meet with/you experience	<na> and <tuak> written as one word: you meet with or go through something, such as trouble or arrest; {natuak leh} is if it happens to you	
s32039	discharge/bodily discharge/semen	fluid that comes out of the body; in Leviticus 15 a discharge caused by illness and also an emission of semen	
s32040	you arrive/you reach	<na>, you, and <tun>, arrive or reach, written as one word: you arrive, you reach, before words such as <ciangin> and <theihna>	
s32041	arrive/have arrived	<na>, the verb prefix for something that has already happened, written as one word with <tung>, arrive: arrived, got there	
s32042	you arrive/you reach	<na>, you, and <tung>, arrive, written as one word	
s32043	you can reach/you can arrive	<na>, you, and <tuntheih>, be able to reach, written as one word; mostly before <nadingin>, so that you can reach	
s32044	you sit/when you sit	<na.1> and <tut>, the form of <tu>, sit, written as one word before words such as <ciangin> and <leh>: when or if you sit	
s32045	visit the sick	<nat> and <veh> written as one word: go to see someone who is ill; also as a noun, a visit to the sick	
s32046	sick visit/visiting the sick/sympathy gift	<nat>, be ill, with <vehna>, visiting: a visit to a sick person, and the money given to the sick or their family on such a visit	
s32047	child	a baby or small child, also the child in the womb; {nau paai} is to be pregnant and {nau suak} to give birth	
s32048	younger sibling/younger brother/younger sister	a brother or sister younger than oneself; on the page Thang Ho mourns {a nau}, his younger sibling Lian Do	
s32049	lullaby/cradle song	<nau>, baby, <awih>, lull, and <la>, song: a song for rocking a child to sleep, with even notes and even words, sung to one of three short tunes	
s32051	like a child/like a baby	<nau>, child, with <bang>, like: in songs and poems said of weeping, as in {naubang kap}, weep like a child	
s32052	womb	<nau>, child, with <bu>, nest: the womb; {naubu hong}, open the womb, is said of conceiving and of a firstborn	
s32053	firstborn/first child	<nau> child with <cil>, first or early; stands beside {ta upa}, eldest child	
s32054	childcare/child minding	<nau>, child, with the verb look after that is also in <naucing>: the looking after of small children; {naucin sang} is a nursery school	
s32055	nurse/nursemaid	<nau> child with <cing> look after: a woman who nurses and cares for a baby	
s32056	nurse/nursemaid	a woman who looks after a small child; <nau> child, <cing> tend, with <nu> marking a woman	
s32057	contraception/contraceptive/birth control	<nau>, child, and <dalna>, prevention, written as one word: the prevention of pregnancy, and a device or medicine used for it	
s32058	nappy/diaper/pad	<nau>, baby, with <dap>, pad: an absorbent cloth or pad, as worn by a baby	
s32059	midwife	<nau> child with <dom> lift up, hold: one who helps at a birth; followed by <nu>, woman	
s32060	midwife	<naudom>, midwife, with <nu>, woman: a woman who helps at a birth	
s32061	midwives	plural of <naudom>, midwife	
s32062	womb	<nau>, child, with <gil>, belly: the womb	
s32063	pregnancy/pregnant belly	the state of carrying a child, or the belly of a woman who is pregnant, not the organ; {naugil tawh} is while pregnant, and a number of weeks or months after {a naugil} says how far the pregnancy is	
s32064	contraception/birth control/birth spacing	keeping from becoming pregnant, or leaving years between children; <nauhalna zatui> is a contraceptive medicine	
s32065	contraceptive/birth control medicine	<nauhalna>, birth control, and <zatui>, medicine: a medicine or pill taken to keep from becoming pregnant	
s32067	nanny/babysitter/childminder	<nau>, child, with <kem>, look after: a person, usually a woman or girl, who looks after a small child, often as paid work	
s32068	to look after a child/as a nanny	<naukem> and <ding> written as one word: someone to be a nanny, or in order to look after a child	
s32069	nanny/babysitter/childminder	<naukem>, one who looks after a child, with <nu> for a woman, written as one word: a woman or girl who looks after a small child	
s32070	childcare/child minding/nursery	<nau> and <kepna> written as one word: the minding of small children, and the place where children are minded while the parents work	
s32071	birth prevention/contraception	<nau>, child, with <khak>, shut: stopping the birth of children; named beside <nauhalna>	
s32072	Naulak		
s32073	cradle	a hanging or rocking bed for a baby; {nauluai vei} is rock the cradle	
s32074	doll	<nau>, child, and <milim>, image, written as one word: a toy figure of a person for children to play with	
s32075	baby's name/child's name	<nau>, child, and <min>, name, written as one word: the name given to a baby, also the name entered for a child on a birth certificate	
s32076	eagerly/in a rush	placed after a verb, of many doing the same thing: all hurrying to do it, eagerly and one after another	
s32077	breast milk/mother's milk	<nau>, baby, with <nawi>, milk: the milk a mother gives her baby; {naunawi piak} is to breastfeed	
s32078	have a baby/bear a child	<nau>, baby, with <nei>, have, written as one word: have a baby, become a mother	
s32079	have a child/bear a child	<nau>, child, and <neih>, have, written as one word; {nauneih theih nading} is in order to be able to have a child	
s32080	small child/little one/infant	<nau>, child, with <nen>, small: very young children, named after <naupang> or with <nupi>, women	
s32081	Nawnghkio/Naungcho	town in the north of Shan State, Myanmar, on the road from Mandalay to Lashio	
s32082	baby/infant/child	a baby or very young child, born or unborn; another spelling of <naungek>	
s32083	infants/babies/newborn children	plural of <naungeek>, baby	
s32084	baby/infant	a baby or very young child; {nawi ne naungek} is a baby still at the breast	
s32085	newborn baby/newborn	<naungek>, baby, and <suakthak>, newly born: a baby just born, the term used in news and in registration matters	
s32086	baby's foot/baby's leg	<naungek>, baby, with the possessive apostrophe and <khe>, foot, written as one word	
s32087	baby's feet/baby's legs	<naungek>, baby, with the possessive apostrophe and <khete>, feet or legs, written as one word	
s32088	as a baby	<naungek>, baby, with <a> written on to it, in {naungeka suak}: be born as a baby	
s32089	as a baby/the baby	<naungek> with <in>: as a baby, said of being born; also the baby as the one who acts	
s32090	baby/newborn/infant	<naungek>, baby, with <no>, here young or little: a very small baby	
s32091	the baby	<naungek> and the topic marker <pen> written as one word: the baby, as the one spoken about	
s32092	infants/babies	plural of <naungek>, baby	
s32093	Naungekte		
s32094	small child/little one/baby/unborn child	<nau>, child, with the diminutive <no>: a little child or baby, also the child in the womb; {sangkah nauno} is a young school child	
s32095	younger sister/sister	<nau> younger sibling with <nu>, which marks a woman	
s32096	younger brother	<nau>, younger sibling, with <pa>, which marks a male: a younger brother	
s32097	be pregnant/become pregnant/conceive	<nau>, child, with <paai>, carry in the womb: be or become pregnant; {numei naupaai} is a pregnant woman	
s32098	be already pregnant	<naupaai>, be pregnant, and <khin>, already, written as one word	
s32099	pregnant women	<naupaai>, be pregnant, with the plural <te>	
s32101	pregnancy		the spelling <naupai> is not correct
s32102	gestation/gravidity/parturiency		
s32103	be pregnant/pregnant	be with child, said of a woman, as in {tua numei naupaii hi}; placed before or after <nupi> or before <te> it describes the women who are pregnant, where the other senses name the state itself	
s32104	childbearing		
s32105	in childbearing	<naupaiina> childbearing, pregnancy, with the place marker <ah>	
s32106	pregnant women	<naupaii>, be with child, with the plural <te>: pregnant women, often as {nupi naupaiite}	
s32107	childbearing		
s32108	in childbearing	<naupaina> childbearing, pregnancy, with the place marker <ah>	
s32109	pregnant women/expectant mothers	<naupai>, pregnant, with the plural <te>: those who are pregnant	
s32110	childhood/child	form of <naupang>, child, used before another word: {naupan lai} is childhood, the time when one was a child, and {naupan vai} is a childish thing	
s32111	child		of offspring
s32112	child care/childcare/daycare/child protection	<naupang>, child, and <kepna>, care or keeping: the looking after of children, and the service that does it; {naupang kepna mun} or {naupang kepna inn} is a daycare centre or children's home	
s32113	children's game/child's play/toy/play area	<naupang>, child, and <kimawlna>, playing or game: what children play at or with, a game, a toy or a place to play; also said of a matter that is not treated seriously, mere child's play	
s32114	children's song/nursery rhyme	<naupang>, child, with <la>, song: a song or rhyme sung by children; the old ones are sung in three notes	
s32115	child	<naupang> child with <in>: in {a numei a naupangin}, women and children alike; also <naupang> followed by the subject marker <in>, written as one word	
s32116	a child	<naupang>, child, and <khat>, one, written as one word: a child, one child	
s32117	still a child/still young	<naupang>, child, and <lai>, here still, written as one word: be still a child, be very young	
s32118	child swing/baby swing	<naupang>, child, and <luai>, cradle, written as one word: a hanging seat in which a small child is swung, said of a toddler swing sold by a toy company	
s32119	small child/little boy/youth	<naupang> child with <neu> small	
s32120	infant/baby/small child	<naupang>, child, with <ngek>, tiny and tender, written as one word: a very young child, a newborn	
s32121	little child/small child/young child	<naupang> child with <no> small, young	
s32122	little children/young children/boys	plural of <naupangno>, little child	
s32123	girl/little girl	<naupang>, child, with the female ending {-nu}: a girl child	
s32124	boy/lad	<naupang> child with <pa>, male: a boy, here a young servant	
s32125	the child	<naupang>, child, with the topic marker <pen>, written as one word: the child, as the one spoken about	
s32126	with a child/with children	<naupang>, child, and <tawh>, with, written as one word	
s32127	children	plural of <naupang>, child	
s32128	childishness/childish matter	<naupang> and <vai> written as one word: a matter of children, what is childish; {naupangvai takin} is in a childish way	
s32129	children also/child as well	<naupang>, child, and <zong>, also, written as one word: children too, even a child	
s32130	abortion	<nau>, child, with <phiat>, wipe out: the ending of a pregnancy, abortion	
s32131	abortion	<nauphiat>, abortion, with the noun ending {-na}: the act of ending a pregnancy	
s32132	Nauru	small island country in the Pacific Ocean	
s32133	next younger brother	<nau>, younger sibling, with <sawn>, in turn: the brother next in age	
s32134	miscarry	<nau> child with <sia> be spoiled: lose a child before birth; also of the woman to whom it happens	
s32135	give birth/bear a child	<nau>, child, with <suah>, bring out: give birth; also names childbirth, as in {nausuah natna}, birth pains, and {nausuah hun}, the time of delivery	
s32136	childbirth/childbearing/delivery	<nausuah> give birth with the noun suffix <na>; {nausuahna tutphah} is the delivery stool	
s32137	labour/labor	the labour of a woman giving birth; {numei nausuak} is a woman in labour	
s32138	childbirth		
s32139	give birth/deliver	{nausuak} used as a verb: bear a child, with the mother as subject and often a place before it, as in {lamzikpi tungah nausuak}, give birth on the road	
s32140	newborn/newborn baby	<nau>, baby, and <suakcil>, just born, written as one word; before a noun, having just given birth	
s32141	be about to give birth/give birth	<nausuak>, childbirth, and <ding>, will, written as one word: about to give birth, in order to give birth; before a noun, for childbirth, as in {nausuakding Operation}	
s32142	birth certificate	<nausuak>, childbirth, with <lai>, document: the paper that records a birth	
s32143	women in labour/women giving birth	<nausuak>, childbirth, with the plural <te>; {numei nausuakte}	
s32144	newborn/newborn child	{nau suak thak}, a child newly born, written as one word; in the articles it stands in membership fee lists for a child added to a family	
s32145	newborn children/newborns	{nausuak thak}, newly born child, with the plural <te>, written as one word: children who have just been born	
s32146	newborn/newborn baby	<nausuak>, birth, with <tung> in the sense just now: a child that has just been born	
s32147	way of giving birth/how the birth happened	<nausuak>, childbirth, with <zia>, way, written as one word: the way in which a woman gave birth	
s32148	pupil of the eye/apple of the eye	found in {mit nauta}, the pupil of the eye, said of what is guarded as most precious	
s32151	common people/lay people/ordinary people	used after <mi> as {mi nautang}, the people at large as distinct from priests and leaders	
s32152	common people/ordinary people	<nautang> and the marker <in> written as one word, after <mipi>: the ordinary people, as the doer or as the manner	
s32153	common people/lay people/ordinary people	people without office or rank, often as {mi nautangte}	
s32154	nappy/diaper	<nau> and <tawdap> written as one word: the cloth or pad put under the bottom of a baby	
s32155	carry a baby/hold a child	<nau>, baby, and <tawi>, hold in the arms, written as one word: have a small child in the arms; {nupi nautawi} is a woman carrying a baby	
s32156	children		
s32157	younger siblings/younger brothers and sisters	<nau> in its meaning of younger sibling, with the plural <te>: the younger brothers and sisters, set against <ute>, the older ones; {u le naute} and <ute naute> address brothers and sisters, also fellow believers	
s32158	all the younger siblings/all the younger ones	<nau>, younger sibling, and <teng>, all, written as one word; {u le nauteng} is all brothers and sisters, all the relatives	
s32159	youngest/youngest child	the last-born of the brothers; {a nautum pen} is the youngest	
s32160	younger one/younger sibling/the younger	the younger of two children or siblings, opposite of <uzaw> the older	
s32161	younger son/younger brother/the younger	<nauzaw> the younger with <pa>, a male	
s32162	younger ones/younger men	<nauzaw>, the younger, with the plural <te>	
s32163	the younger ones	<nauzawte> with the marker of the doer <in> shortened to {'n}; {tanu nauzawte'n} is the junior daughters of the house	
s32165	your matter/your case/your affairs	<na>, your, and <vai>, matter, written as one word: your affair or business, as a case at an office	
s32166	quick-witted/bright/perceptive	said of the mind, {lungsim navak}; {lungsim navak lo} is a dull or hardened heart	
s32167	insight/intelligence/keenness	<navak> quick-witted with the noun suffix <na>; {lungsim navakna} is brightness of mind	
s32168	quick-witted ones/bright ones	<navak>, quick of mind, with the plural <te>; {lungsim navakte}, those with a quick mind	
s32169	your things/your luggage	<na> and <van> written as one word: your goods, your belongings	
s32170	name/give a name	<na>, the marker of an earlier action, with <vawh>, give a name, written as one word: {min navawh} is gave the name	
s32171	your concern/your care	<na>, your, and <veina>, concern, written as one word: the concern or burden that you feel for someone, as for your own people	
s32172	though/although/but	placed at the end of a clause, usually after <sam>: granted that it is so, though; the speaker admits a point and then goes on to something else	
s32173		<na> and <vet> written as one word after <gen>: {gen navet om kei} is there is nothing even to say of them, let alone those	
s32174	in their/at the place where they	the noun ending {-na} written apart from its verb and joined to <vuah>: {athusuah navuah} is in their publication, {atuntun navuah} wherever they arrive	
s32175	your skin	<na>, your, and <vun>, skin, written as one word	
s32176	navy/naval forces	the English word navy with the plural <te>: the navy of a country and its men	
s32177		{nawh ing}, the verb <nawh> with the first person ending <ing>, written short with an apostrophe as is done in songs, where the count of words is fixed; the page gives {nawh ing e} and {naw'ng e} as the same, so the final {h} of the verb is dropped as well	
s32178	hurry/hasten/rush	placed before another verb to say the action is done quickly or in haste, as {nawh pai} go swiftly and {nawh nek} eat in haste; {ma-nawh} is to head for a place	
s32179	drive/drive out/chase	make an animal or people move on or away; {nawh khia} is to drive out	
s32180	want urgently/need at once	<nawh>, hurry, with <deih>, want: want in a hurry; in job notices <ki nawhdeih> is urgently wanted	
s32181	pursue/chase swiftly	<nawh>, hurry or drive, with <delh> pursue	
s32182	drive fast/drive furiously	<nawh> hurry with <hawl> drive	
s32183	scatter/drive apart	<nawh> drive with <keek>, apart	
s32184	scatter/drive apart	<nawh> drive with <kek>, apart	
s32185	drive out/chase out/expel	<nawh>, drive, with <khia>, out: drive or throw people out of a place	
s32186	drive out/expel	form of <nawhkhia> used before {khit ciangin} and other following words	
s32187	driving out/expulsion	<nawhkhiat>, drive out, with the noun suffix <na>	
s32188	things that drive away/acts of driving out	<nawhkhiat> drive out with the noun suffix <na> and the plural <te>: the deeds that drive someone away	
s32189	swoop/fly swiftly	<nawh> hurry with <len>, fly: said of an eagle swooping on its prey	
s32190	hurry/go quickly/speed past	<nawh>, hurry, with <pai>, go: go in haste, speed along	
s32191	hastily/hurriedly/quickly	always as {nawhsa-in}, in haste	
s32192	chase down/rush down upon	<nawh>, drive or hurry, with <suk> downward	
s32193	hurry/hasten/run swiftly/be swift	<nawh>, hurry, with <tai>, run: run or move in great haste	
s32194	run out of control/race away	<nawhtai>, run in great haste, and <gawp>, severely, written as one word: of a machine, run much too fast and do harm; found of an escalator in one report	
s32195	haste/hurried flight	<nawhtai>, hurry, with the noun suffix <na>; {a nawhtaina lamin}, as she hurried away	
s32196	hurry/hasten/be urgent	act in haste or press someone to make haste; of a task, be urgent	
s32197	haste/hastiness/hurry	<nawhtat> hurry with the noun suffix <na>; {mawk nawhtatna} is thoughtless haste	
s32198	hear often/hear again and again	in {ki nawhzak}, said of news: be heard often, one report soon after another; apparently <nawh>, hurry, with <zak>, hear	
s32199	flap fast/beat rapidly	<nawh> hurry with <zap> flap, of wings	
s32200	milk	milk, of a mother or of an animal such as a cow, sheep or goat; {nawi ne} is to drink milk, to nurse	
s32201	breast	the breast of a mother; {nawi tawh kikhen}, to be parted from the breast, means to be weaned	
s32202	damp/moist/wet	holding moisture, not dried out; the book gives it as the opposite of <hul>, dry	
s32203	breast cancer	<nawi> in its sense of breast, not milk, and <cancer>: cancer of the breast; the verbs after it are <ngah> and <nei>, get and have	
s32204	crave the breast/long for milk	<nawi>, breast or milk, with <goih>, long for: of a baby, long for its mother's milk	
s32205	breast groping/molestation	the groping of a woman's breasts as a sexual offence, from <nawi>, breast; {nawimek thuak} is to suffer it	
s32206	nursing/suckling	feeding at the breast, <nawi> breast or milk with <ne> eat; {nawine naungeek} is a nursing baby	
s32207	infant/suckling	a child still at the breast	
s32208	mother's breast/mother's milk	<nawi>, breast or milk, with <pi>, great: the breast and the milk of a nursing mother, a word of lullabies	
s32209	breastfeed/nurse/suckle	<nawi>, milk, and <piak>, give, written as one word: give a baby the breast; {nawipiak hun} is the time of nursing	
s32210	milch/nursing	of a female animal that is giving milk to her young, from <nawi> milk; {kalaoh nawisuk}, milch camels	
s32211	breasts	<nawi>, breast, with the plural <te>	
s32212	brassiere/bra	<nawi>, breast, with <tuam>, cover: a woman's undergarment for the breasts	
s32213	milk	milk as a drink, from <nawi>, milk or breast, with <tui>, liquid; in the verse a picture of simple teaching for new believers	
s32214	milk powder/powdered milk/infant formula	<nawi>, milk, and <vui>, powder, written as one word: dried milk that is mixed with water, given to a baby in place of mother's milk	
s32215	milk	milk of a mother or an animal, as what the breast gives and as food; also a picture of simple teaching for new believers	
s32216	collide/strike/rush against	strike or rush against something with force, as flood water against a house	
s32217	bump/bang	knock or strike against someone or something	
s32218	face/go through/confront	meet and go through something hard or important that lies ahead, such as a trial, a challenge, an election or a battle front; {nawk zo} is to get through it	
s32219	will hit/will strike	<nawk> strike or rush against and the future marker <ding> written as one word: will hit, said mostly of a storm reaching a place	
s32220	batter/beat against/lash/sweep over	<nawk>, strike against, with <gawp>, violently: said of wind, flood, terror and anger that beat on someone or something	
s32221	will batter/will sweep over	<nawkgawp> and <ding> written as one word: of a storm, will strike a place hard	
s32222	batter/sweep over/overwhelm	<nawkgawp>, beat violently against, with the ending <in>	
s32223	battering/lashing/devastation	<nawk> and <gawpna> written as one word: the violent striking of a storm or flood on a place; {nawkgawpna munte} are the places it struck	
s32224	through/past	<nawk>, pass through or pass by, with the linking ending <in>: going through a land or past a person	
s32225	striking/sweeping over	<nawk>, strike, with the linking ending <in>: said of a storm, wind or rain that strikes a place, after the subject marker as in {huihpi in nawkin}, not a going through by people	
s32226	pass by/go past/come past	<nawk>, pass, with <kha>, happen to: come past a place or a person on the way	
s32227	hit/run into/crash into/knock down	of a vehicle, strike a person, animal or thing in its way, the vehicle standing before with <in>, as in {mawtaw in nawkkha}, hit by a car; not a harmless passing by	
s32228	run into/hit/encounter/come up against	<nawk>, strike against, with <khak>, happen to, written as one word; the form of <nawkkha> used before other words: collide with or strike something, and so meet with or go through an event or a trouble	
s32229	not hit/miss	<nawk>, strike against, and <khalo> written as one word: did not happen to hit, said of a vehicle that just misses someone	
s32230	press on together/push forward together	<nawk> and <khawm> written as one word: push ahead together, go at a task side by side	
s32231	crash through/sweep away/drive out	<nawk>, rush against, with <khia>, out: strike a thing and go through or off it, as a vehicle that hits a barrier; of water, sweep a place away; of people or troubles, drive them out	
s32232	strike again/hit back	<nawk>, rush against or strike, and <kik>, again or back, written as one word: strike once more, or strike back at an attacker	
s32233	not go through/not face/avoid	<nawk> and <lo> written as one word: not go through or over a road, a hill or a hard thing, mostly as {nawklo in}, without going through	
s32234	coming over/turning	seen once beside <kiheina>, turning, of the Gentiles coming to God; <nawk>, go against or rush at, with the noun suffix <na>	
s32235	onslaught/strike/attack/offensive	<nawk>, rush against, with the noun suffix <na>: the striking of a storm after <huihpi>, an offensive in war after <galmai>, or the ramming of a vehicle; often before <hangin>, because of	
s32236	rush against/knock down	<nawk>, bump against, with <pai> go and the ending <in>: pushing over someone while going	
s32237	crash into/ram/pass through	<nawk>, rush against, with {-phei}, across: run into a person or thing in one's way, or push on through a place such as a border or a checkpoint	
s32238	plough into/ram into/crash through	<nawkphei>, ram, and <gawp>, severely, written as one word: drive violently into people or things in the way	
s32239	crash into/run into/hit	<nawkphei>, crash into, and <kha.4>, happen to, written as one word: run into a person or vehicle by accident	
s32240	ram/crash into/drive into	<nawkphei> and the causing <sak> written as one word: drive a vehicle into something or someone, ram it	
s32241	let pass through/allow to cross	<nawk>, pass through, with <sak>: permit someone to go through a land	
s32242	crash into/ram/run into	of a driver or vehicle, drive into and hit another vehicle or its side, as in {mawtaw nawksak}; here <nawk> is strike against, not pass through	
s32243	ram violently/plough into	<nawksak.2>, drive into, and <gawp>, severely, written as one word: drive a vehicle hard into people or other vehicles, doing great harm	
s32244	crash into/ram and damage	<nawk>, collide, and <sia>, here be damaged, written as one word: a vehicle runs into something and damages it	
s32245	smash up/wreck/be wrecked	<nawk>, strike against, with <siagawp>, be ruined: wreck by hitting, or be wrecked by a collision, a flood or a storm	
s32246	break through/press through/contend	<nawk> push against with <suak> through: force a way through; {upna thu-ah nawksuak} is to struggle on for the faith	
s32247	crash down through/rush down into	<nawk>, strike or rush against, and <suk>, downward, written as one word: break through or push on downward	
s32248	break through/cut across	<nawk>, rush against, with <tan>, cut through: go straight through something by force; listed without a sentence	
s32249	can strike/be liable to hit	<nawk>, strike or rush against, and <thei>, able, written as one word: of storms and the like, be apt to strike a place	
s32250	advance/push on/press forward	<nawk> and <to> written as one word: push forward or upward with force, as an army advancing or a storm striking; also press on in spite of difficulty	
s32251	be able to face/be able to go through	<nawk>, go against, with <zawh>, form of <zo> be able	
s32252	strike again and again/hit repeatedly	<nawk> and <zel> written as one word: of storms, floods and fires, strike a place time after time	
s32253	edge/border/outskirts	the outer edge of a place or the area just outside it; {khua nawl ah} is outside the town	
s32254	outside/outskirts/edge	<nawl>, edge or outskirts, with the ending <a>, at	
s32255	outside/at the edge of/beyond	<nawl> edge with the place marker <ah>, at the edge or outside of a place	
s32257	edge/edges	the outer edge of the beard, {khamul nawlhui}; from <nawl> edge	
s32259	reject/refuse/turn away from	push aside a person or his word and have nothing more to do with him	
s32260	reject/let go/set aside	<nawlkhin>, reject, with the ending <in> that links to the next verb	
s32261	rejection/exclusion	<nawlkhin>, reject, with the noun suffix <na>: the act of pushing a person aside, or the state of being pushed aside by others	
s32262	way of rejecting/way of setting aside	<nawlkhin>, reject, with <zia> manner	
s32263	far end/outer end/end	the end or side furthest away; {nawlnung pen} is the outermost, said of the end curtain of a set	
s32265	whole/down	seen with <valh> swallow: {nawm valh}, swallow whole, gulp down	
s32267	swallow/swallow up	swallow, take in whole: said of the earth, the deep, a great fish and of enemies who destroy	
s32268	swallow/happen to swallow	<nawmvalh>, swallow, with <kha>, happen to or by mistake	
s32269	swallowing/swallowing up	<nawmvalh> swallow with the noun suffix <na>: the event of the earth swallowing them	
s32270	let swallow/cause to swallow	<nawmvalh>, swallow, with the causative <sak>	
s32271	swallow up/swallow whole	<nawmvalh>, swallow, with <tum>, entirely	
s32272	long/any longer/any more	placed after a verb and before a negative such as <lo> or <kei>: no longer, not any more, not again	no longer
s32273	carry	carry a load; seen in {na a nawn mite}, those who carried the building materials	
s32274	do not any more/no longer/stop	<nawn>, any more, and <ken>, here not the pronoun but the word that forbids, do not: placed after a verb at the end of a sentence, it tells one person not to do it any longer or not to do it again	
s32275	no longer/not any more	<nawn>, any more, with <keng>, here not the verb but a short form of <kei>, not, and <ing>, the first person ending: placed after a verb at the end of a sentence, I no longer do it, I do not do it any more	
s32276	hardly any more/scarcely any longer	<nawn>, any longer, with <mello>, hardly: placed after a verb, a softened form of {nawn lo}: the thing hardly happens any more	
s32277	hardly any more/no longer much	<nawn>, any more, and <phalo>, not amount to: placed after a verb, the action is now scarcely done, a milder statement than {nawn lo}, no longer	
s32278		<nawn> and <ding> written as one word, after a verb: will any more, will again; mostly in a negative or doubting statement, will no longer	
s32279	marsh/swamp/mire	wet, muddy ground where reeds grow	
s32280	trouble/bother/hindrance	not a marsh: with <kai> it is the two-word spelling of <nawngkai>; {nawng kai} is be troubled, {nawng kaisak} is to trouble or hinder someone	
s32281	troublesome/tangled/complicated	in disorder and causing trouble; {nawngkaai sak} is to trouble or disturb someone	
s32282	be troubled/be disturbed/be hindered	{nawngkai sa} is feel disturbed or annoyed; {nawngkai sak} is to trouble, stir up or hinder	
s32283	be badly disrupted/be thrown into turmoil	<nawngkai>, be disturbed, and <gawp>, severely, written as one word: be badly disturbed, or a serious disturbance	
s32284	hindrance/disturbance/trouble	<nawngkai> be troubled or hindered with the noun suffix <na>	
s32285	exception	a case that does not follow the rule, said of the sounds and spelling of a language; the book gives the English word exception for it	
s32286	be annoyed/feel troubled	<nawngkai>, be troubled, with <sa> feel	
s32287	trouble/bother/disturb/hinder	cause trouble or difficulty to someone: <nawngkai> with the causative <sak>	
s32288	will trouble/will disturb	<nawngkaisak>, cause trouble to, and <ding> written as one word: will trouble or inconvenience, intending to disturb	
s32289	trouble/hinder/put obstacles before	<nawngkaisak>, trouble or hinder, with the ending <in> that links to the next verb	
s32290	harassment/disturbance/molestation/trouble	<nawngkaisak>, trouble or disturb, with the noun suffix <na>: the act of troubling or harassing someone, also used of an offence in law	
s32291	troublers/those who trouble	<nawngkaisak>, trouble or disturb, with the plural <te>: the ones who trouble	
s32292	be able to hinder/be able to trouble	<nawngkaisak>, hinder, with <zo> be able	
s32293	swamps/marshes	<nawng> marsh with <lak>, among, and the plural <te>: marshy places	
s32294	marsh/swamp/great marsh	<nawng> marsh with <pi> great: wet ground where grass and reeds grow	
s32297	no longer/not any more/not again	<nawn> any more with the negative <kei>, written as one word after a verb; usually written {nawn kei}	
s32298	do not ... any more/stop doing	<nawnkei>, no longer, and <un>, the plural of command: placed after a verb to tell several people not to do the thing any more	
s32299	if no longer/if not any more	<nawn>, any more, and <keileh>, if not, written as one word after a verb: if it is no longer so	
s32300	I no longer/I cannot any more	<nawn>, any longer, written as one word with <keng>, here the negative ending for I and not the verb carry: after a verb, I do not or cannot any more	
s32301	remove/carry out/take away	<nawn>, carry, with <khia> out	
s32302	no longer/no more/not any more	<nawn> any longer with the negative <lo>, written as one word after a verb; usually written {nawn lo}	
s32303	will no longer/no more	<nawnlo> and the future marker <ding> written as one word, placed after a verb: will not do or be so any longer	
s32304	no longer/not any more	<nawn>, any more, and <loh>, the form of not taken before <ding>, <ciang>, <hun> and similar words, written as one word after a verb: no longer do or be	
s32305	so that no longer/so that not again/lest again	<nawnloh>, no longer, and <nadingin>, so that: placed after a verb, it states the purpose that the thing shall not happen or be done any more; the clause that follows says what is done to prevent it	
s32306	no longer to/not to any more	<nawnloh>, no longer, and <ding> written as one word after a verb: that the thing is not to be done any more	
s32307	no longer/not any more	<nawn>, any longer, <lo>, not, and the sentence ending <hi> written as one word: closes a statement that something no longer is or happens	
s32308	no longer being/ceasing	<nawn> and <lohna> written as one word after a verb: the fact, or the place, of no longer doing or being, as {hat nawnlohna}, being no longer strong	
s32309	those no longer	<nawnloh>, no longer, with the plural <te>, written as one word after a verb: those who or which no longer do so	
s32310	no longer/without any more	<nawnlo> no longer, with the linking ending <in>: no longer doing so, and	
s32311	those who no longer	<nawnlo>, no longer, and the plural <te> written as one word after a verb: those who no longer do or are so	
s32312	any more/again/now	<nawn>, again or any more, with the particle <ta> that marks a change of state, written as one word after a verb	
s32313	no longer at all/not any more	<nawn>, any more, and <vetlo>, not at all, written as one word after a verb: not at all any longer	
s32314	gore/push/thrust	push hard against something, as an ox with its horns; {nawt gawp} is treat roughly, assault	
s32315	press forward/advance/march on	with <mai> face: {mai nawt}, push ahead, go forward	
s32316	wear away/rub off/scrape/wash away	rub or scrape against a surface so that it wears off, usually with <khia> out; also shape wood with a scraping tool	
s32317	brush/scrub/polish	rub a surface to make it clean or bright, as {ha nawt} brush the teeth and {khedap nawt} polish shoes; the same rubbing as in wearing something away, but done to clean	
s32318	Nawt		
s32319	treat violently/assault/mistreat	<nawt>, push or thrust, with <gawp>, violently, and the ending <in>	
s32320	onward/forward/pressing on	<nawt>, push on, with the linking ending <in>; {mai nawtin pai} is go forward	
s32321	push out/drive out/thrust out/depose	<nawt>, push, with <khia>, out	
s32322	wear away/wash away	<nawt>, rub or wear, with <khiat>, form of <khia> out, used before <bangin> and other following words	
s32323	wiper/brush/wiping	<nawt>, rub or wipe, with the noun suffix {-na}: the wiping or brushing of something, or the thing used for it; {ha nawtna} is a toothbrush or brushing the teeth, {puan nawtna} a cloth for wiping	
s32324	pushing ahead/advance	in {mai nawtna}, pressing forward, going on ahead	
s32325	advance further/cause to advance more	<nawt>, press forward, with the causative <sak> and <zaw> more; {mai nawtsakzaw}, make something go forward all the more	
s32326	rub clean/scrub/brush/polish	<nawt>, rub, with <siang>, clean: rub or brush a thing until it is clean; {ha nawtsiang} is brush the teeth	
s32327	press on/go right through/march on	<nawt> push forward with <suak> through to the end; {mai nawtsuak} is march on	
s32328	press on/go right on	<nawtsuak>, press on to the end, with the ending <in> that links to the next verb	
s32329	sweep down/push down into	<nawt> push forward with <suk> downward: of flood water, press on down into a land	
s32331	Naypyidaw/Nay Pyi Taw	capital city of Myanmar	
s32332	Naypyitaw/Nay Pyi Taw	the capital city of Myanmar	
s32333	have heard/hear	the particle <na> of what is already so and <za>, hear, written as one word: have heard, keep hearing; this <na> is not the pronoun you	
s32334	as much as/to the extent that	the noun ending <na> written together with <zah>, amount, instead of with the verb before it: {lamet nazah} is {lametna zah}, as much as was hoped	
s32335	take a photograph/record/film	<na> and <zaih> written as one word: you take a picture; after another subject the first part marks what was done at that moment, they took a picture or recorded a video	
s32336	happen to film/record/capture on camera	the verb prefix <na> written together with <zaihkha>: someone was there and recorded it, mostly with <Video>	
s32337	photograph secretly/take a picture in secret	<na>, <zaihsak>, photograph, and <sim>, here secretly, written as one word: took a photo of someone without her knowing	
s32338	you hear	<na> and <zak> written as one word: you hear, when you hear	
s32339	use	<na> and <zang> written as one word: you use; also with the <na> that stands before a verb in a report of what someone did, used	
s32340	Nazareth	town in Galilee where Jesus grew up	
s32341	Nazareth	Nazareth, the home town of Jesus in Galilee, written in capitals in the notice on the cross	
s32342	equipment/utensils/furnishings/articles	<na>, thing, with <zat>, use: the things used with something, such as the utensils of the altar and the furnishings of the tabernacle	
s32343	you use	the two words {na zat} written as one: <na>, you or your, before <zat>, the form of <zang>, use; not the noun for equipment; {Facebook ah nazat Password} is the password you use on Facebook	
s32344	your happening to use/your use	<nazat>, you use, and <khakna> written as one word: the fact that you happen to use something, here certain words	
s32345	if you use	<na>, you, <zat>, use, and <leh>, if, written as one word: if you use it, when you use it	
s32346	your use/your using	<na>, your, and <zatna>, use, written as one word: your use of something, the fact that you use it; not the noun <nazat>, equipment	
s32347	utensils/articles/accessories/furnishings	<nazat>, equipment, with the plural <te>: the utensils and furnishings that belong to the altar, the table or the lampstand	
s32348	hurt more/be harder	<na>, be painful, with <zaw> more: it is the more painful or hard for someone	
s32349	Nazareth	spelling of <Nazareth> in one verse; {Nazereth mi} is a Nazarene, a person from Nazareth	
s32350	your wife	<na>, your, and <zi>, wife, written as one word; with a capital letter the same spelling is the German Nazi party	
s32351	your way/your manner	<na>, your, and <zia>, way or manner, written as one word	
s32352	you travel	<na>, you, and <zin>, travel, written as one word: you travel, when you are on a journey	
s32353	Nazirite	a person set apart for God by a special vow, who drinks no wine and does not cut the hair; {Nazir mi} is a Nazirite	
s32354	Nazis	the National Socialists who ruled Germany under Hitler from 1933 to 1945	
s32355	Nayon	a month of the Burmese calendar in Zolai spelling, set beside May in the book's table of month names	
s32356	you follow/you keep	<na>, you, and <zui>, follow or keep, written as one word: {thupiakte nazui ding uh hi} is you will keep the commandments	
s32357	NBC	an American television network and its news service, named as a source of news	
s32359	Nationwide Ceasefire Agreement/NCA	the ceasefire agreement between the government of Myanmar and ethnic armed groups, written with its English initials	
s32360	Nationwide Ceasefire Agreement/NCA	<NCA>, the English initials, and <thukimna>, agreement: the Nationwide Ceasefire Agreement between the government of Myanmar and ethnic armed groups; one signs it, <suaikai>, or takes part in it, <kihel>	
s32361	eat	take food; {an ne} is eat a meal; the form <nek> or <neek> is used before <ding>, <theih> and <nading>	
s32362	Neiel	first part of {Ne-i-el}, Neiel, a town on the border of the territory of Asher	
s32363	Neah	place on the border of the territory of Zebulun	
s32364	Neapolis	seaport in Macedonia where Paul landed on his way to Philippi	
s32365	Neariah	name of two men: a descendant of David through Shekaniah, and a Simeonite leader, son of Ishi	
s32366	Nebai	one of the leaders of the people who sealed the covenant in the time of Nehemiah	
s32367	Nebaioth	firstborn son of Ishmael, brother of Mahalath and Basemath	
s32368	Neballat	town where people of Benjamin lived after the exile	
s32369	Nebat	father of Jeroboam, the first king of the northern kingdom of Israel	
s32370	Nebo	name of a town east of the Jordan, of the mountain from which Moses saw the promised land, of a Babylonian god, and of an ancestor of some who returned from exile	
s32371	Nebraska	a state in the Midwest of the United States of America	
s32372	Nebuchadnezzar	spelling of <Nebukhadnezzar>, Nebuchadnezzar, the king of Babylon who destroyed Jerusalem	
s32373	Nebuchadnezzar	spelling of <Nebukhadnezzar>, Nebuchadnezzar, the king of Babylon who destroyed Jerusalem	
s32374	Nebuchadnezzar	king of Babylon who captured Jerusalem, destroyed the temple and took the people of Judah into exile	
s32375	Nebuchadnezzar	spelling of <Nebukhadnezzar>, Nebuchadnezzar, the king of Babylon who destroyed Jerusalem	
s32376	Nebuchadnezzar	spelling of <Nebukhadnezzar>, Nebuchadnezzar, the king of Babylon who destroyed Jerusalem	
s32377	Nebuchadnezzar	spelling of <Nebukhadnezzar>, Nebuchadnezzar, the king of Babylon who destroyed Jerusalem	
s32378	eat alone/eat without sharing	eat everything oneself and share nothing; known from the proverb {hawmsiam nungta, nebum si}, the one who shares lives, the one who eats alone dies	
s32379	Nebushazban	a chief officer of Nebuchadnezzar king of Babylon at the fall of Jerusalem	
s32380	Nebuzaradan	commander of the guard of Nebuchadnezzar, who burned Jerusalem and the temple and carried the people into exile	
s32381	necklace	a chain or string worn round the neck as an ornament	
s32382	necktie/tie		
s32383	Nedabiah	spelling of <Nedabiah>, a son of King Jehoiachin of Judah	
s32384	Nedabiah	a son of Jehoiachin, also called Jeconiah, king of Judah	
s32385	eat regularly/always eat/keep eating	<ne>, eat, and <den>, always, written as one word: eat something all the time or as a habit	
s32386	will eat/to eat	<ne> and <ding> written as one word: will eat, should eat; {neding in} is in order to eat	
s32388	eat	form of <ne>, eat, used before <ding>, <theih> and <nading>; {neek ding} is something to eat, food	
s32389	food/something to eat	<neek> and <ding> written as one word: what is to be eaten, food; also of eating that is to take place	
s32390	Neekgen		
s32391	communion/Lord's Supper/Eucharist	the Christian meal of bread and wine shared in church, from <neek>, eat, and <khawm>, together; {neekkhawm piakna} is the giving of communion	
s32392	not eat/not take	<neek>, eat, and <loh>, not, written as one word: not eating, not taking food or medicine; {neekloh ding} is should not eat	
s32393	eating/consumption	<neek>, eat, with the noun suffix <na>: the eating of something; {golhguk neekna} is the taking of bribes	
s32394	fondness for food/craving to eat	<neek>, eat, with <ngaih>, love or long for: love of eating, eagerness for food; also of the wish to eat together with others	
s32395	eat with/share a meal with/dine with	<neek>, eat, with <pih>, together with: eat a meal together with someone	
s32396	food/edible thing	<neek>, eat, and <theih>, can, written as one word: what can be eaten, edible; {neektheih dawntheih} is food and drink	
s32397	smooth/fine/soft	smooth to the touch; of dust or cloth, fine	
s32398	too delicate/very tender	<neel>, smooth or soft, with <lua> too much; {a ci neellua}, her body is so delicate	
s32399	smoothness	<neel> smooth with the noun suffix <na>; {a neelna mun} is the smooth part, the place where it is smooth	
s32400	make smooth/make level	<neel> smooth with the causative <sak>	
s32401	fine	<neel>, fine, with the plural <te>; {an neelte} is fine flour	
s32402	soft/gentle/weak	not hard or strong: {tha neem} is become weak, {kam neem} a gentle word, {mit-hah neem} weak eyes	
s32403	weakness/softness/gentleness	<neem>, soft or weak, with the noun suffix <na>; {tha neemna} is weakness, a weak point, set against {tha hatna}, strength	
s32404	fine/minute/in small pieces	very small or fine, of pieces into which something is cut or ground; placed after a verb it says that the action is done finely or thoroughly	
s32405	to/beside/with	poetic word for <kiangah>, used in songs; not the adjective fine	
s32406	Nepheg	name of two men: a son of Izhar of the tribe of Levi, and a son of David born in Jerusalem	
s32407	Nephilim	people of great size and strength who lived before the flood and were later seen in Canaan, from whom the descendants of Anak came	
s32408	Nefisim/Nephusim	family of temple servants who returned from the exile, called Nephusim in the NIV	
s32409	Nephtoah	spring, the waters of Nephtoah, on the border between Judah and Benjamin	
s32410	Nefushesim/Nephusim	family of temple servants who returned from the exile, the same family as <Nefisim>, called Nephusim in the NIV	
s32411	Negaraku	the national anthem of Malaysia; the Malay name means my country	
s32412	negative	of a medical test, showing that the illness is not present; also unfavourable or critical; the opposite of <positive>	
s32413	devour/eat up	<ne> eat with <gawp>, severely, completely	
s32414	Negev	the dry southern region of Judah, toward the desert	
s32415	negotiation/talks	talks between two sides to reach an agreement; {negotiation bawl} is negotiate; the word is often added in brackets after <kikupna>	
s32416	Negro	older English name for black people of African descent, used in accounts of slavery and of the past in America; one writer says that the <mivom>, black people, should not be called so	
s32417	press hard/close in on/come near	to push forward against someone or come up close, of an enemy, a battle or a crowd	
s32418	prevail/win/gain the upper hand	to gain the upper hand in a battle, said of the side that is pressing the other back	
s32419	Nahamani	one of the leaders who returned from the exile in Babylon with Zerubbabel	
s32420	hem in/press in on/crowd	<neh>, press close, with <cih>, tightly on every side: of enemies closing in around a city	
s32421	crowding/pressing in	<nehcih>, press in on, with <lam>, the fact or manner: that people are crowding in on someone	
s32422	crowd around/press upon/surround closely	<neh>, press close, with <cip>, tightly: of a crowd pushing in around a person, or of trouble closing in	
s32423	crush/crowd hard	<nehcip>, crowd around, with <gawp>, violently	
s32424	Nehelam	home or clan of the false prophet Shemaiah, who is called the Nehelamite	
s32425	Nehemiah	son of Hakaliah, cupbearer to the king of Persia and governor of Judah who rebuilt the wall of Jerusalem; also the name of two other men	
s32426	Nehemiah		
s32427	come near/approach/step forward	<neh> come near with the linking ending <in>, used when another verb follows; {mai lam nehin pai} is step forward	
s32428	keeping close/close along	<neh>, come close, with <kawm>, while, and the ending <in>: staying close to something while going, as a ship along a shore	
s32429	keep coming close/edge nearer/press close	<neh>, come near, said twice: come closer and closer, keep close up to someone	
s32430	tearful/moved to tears/tender-hearted	easily moved to tears, soft of heart; {nehno in} is with emotion, close to weeping	
s32431	nearest	seen once of the part of a gateway on the temple side; apparently <neh>, be close, with <pen> most and the ending <a>	
s32432	lean against/lean over to	<neh>, come close, with <phei> sideways	
s32433	approach/go up to/come up to	move over to a person or thing and come close beside it, often after <gei> or <lam> and before speaking or acting; the body does not lean on anything	
s32434	sneer at/scorn/belittle	treat someone with contempt, said along with laughing at and rejecting them; also with <san>, as in <nehpiksan>	
s32435	sneer at/scorn/despise	purse the lips at someone in contempt, from <neh>, lip, and {piksan}, purse: sneer at, treat with scorn	
s32436	draw near/close in on	<neh>, come close or press upon, with <ta>, now	
s32437	confront/come against/attack	<neh>, press upon, with <thawh>, rise	
s32438	Nehum	one of the leaders who returned from the exile in Babylon with Zerubbabel, called Rehum in Ezra	
s32439	Nehushta	mother of King Jehoiachin of Judah, daughter of Elnathan of Jerusalem	
s32440	Nehushtan	name given to the bronze snake that Moses had made, which King Hezekiah broke into pieces	
s32441	Nehushta	spelling of <Nehushta> in the older Tedim text: mother of King Jehoiachin of Judah	
s32442	have	have something or someone, as a child, a wife, a quality or a thought; with <tawh> it means have a child by someone	
s32443	possess/own/hold	have as one’s own property, as land, a house, animals or money	
s32444	experience/undergo	have a state or feeling come upon one, as sickness, fear or trouble	
s32445	hold/make/carry out/give	carry out the act named by the noun before it, mostly a noun in {-na}: <kikupna nei> is hold a discussion, <pulakna nei> make an announcement, <thusuahna nei> issue a statement	
s32446	having	<nei>, have, with the linking ending <in>: having, before the clause that follows	
s32447	I have	<nei>, have, with the first person singular ending <ing>: I have	
s32449	have/hold	<nei>, have, with the linking <a> written as one word: having, and	
s32450	having/have and	<nei>, have or make, with the linking <aa>, and, written as one word: having it, and then	
s32451	each have/all have	<nei>, have, and <ciat>, each, written as one word: every one has it, each has his own	
s32452	always have/hold regularly/keep having	<nei>, have, with <den>, always, written as one word: have or hold something regularly or all the time	
s32453	will have/will hold	<nei>, have or hold, and <ding>, will, written as one word: will have a thing, or will hold a meeting, an inquiry or an event	
s32454	in order to have/to hold	<nei>, have or hold, and <dingin>, in order to, written as one word: so as to have something, or to hold an event such as a hearing or a meeting	
s32455	Neiel	town on the border of the territory of Asher	
s32456	carry out heavily/hold on a large scale	<nei> and <gawp> written as one word: carry out the act named before it severely or on a large scale	
s32457	always have/keep having	<nei> and <gige> written as one word: have or hold all the time; {mitsuan in neigige} is keep one's eyes fixed on	
s32458	have/own/possess	form of <nei>, have, used in relative and dependent clauses and before <loh>, <leh> and <hangin>	
s32459	possession/property	what someone has or owns; {a neih khempeuh} is all that he has	
s32460	hold/conduct	form of <nei> used in dependent clauses, said of an event or activity that people carry out together, such as a meeting, a prayer, a tournament or an inspection; nothing is owned	
s32461	like what others have	<neih>, what one has, and <bang>, like, written as one word after the owner: the same as that person has, as in {mi neihbang}, like what others have	
s32462	have in addition/have another/do further	<neih>, have or hold, with <beh>, in addition: have one more, as another child, or carry out something further, as a further check or statement	
s32463	when having/when getting	<neih> and <ciang> written as one word: when someone has or gets something; {pasal neihciang} is when she married	
s32464	when one has	<neih>, have, and <ciangin>, when, written as one word: when someone has or gets what is named	
s32465	other possession/anything else owned	<neih> possession with <dang> other	
s32466	always have/hold regularly/keep	<neih>, have or hold, and <den>, always, written as one word: have at all times, or hold regularly, as a yearly event	
s32467	to have/to hold	<neih> and <ding> written as one word: to have, that is to be had or held; {neihding kisam} is it is necessary to have	
s32468	in order to have/in order to hold	<neih>, have or hold, and <dingin>, in order to, written as one word; <thusitna neihdingin> is in order to hold an interrogation, for questioning	
s32469	not have at all/have no	<nei> and <hetlo> written as one word: have none at all; {laumel neihetlo} is show no sign of fear	
s32470	Neihgup		
s32471	time to have/time of having	<neih>, have, and <hun>, time, written as one word: the time when one has a thing, or the time to get it	
s32472	have/hold	<nei> and <hi> written as one word at the end of a sentence: has, had, held	
s32473	does it have/has	<nei>, have, and the question particle <hiam> written as one word, closing a question that begins with <bang> or <bangtan>: what does it have, how much does one have	
s32474	having/holding as	<neih>, have or hold, with the ending <in>; {ciamnuih-a neihin}, holding someone as an object of mockery	
s32475	not have/have no	<neih>, have, and the negative <kei> written as one word, mostly before <leh>: if one does not have	
s32476	have/happen to have	<neih> have with <khak>, form of <kha>, happen to; {kisapna neihkhak loh nading}, so that they have no lack	
s32477	reliance/having	<neihkhak>, happen to have, with the noun suffix <na>; {muanin neihkhakna}, having someone as one's trust	
s32478	share/have together/own jointly	<neih> have with <khawm> together	
s32479	common noun	a name that all people, places or things of one kind have in common, as <gang>, <utong> and <zato>, not the name of one alone	
s32480	all that one has/all possessions	<neih>, possession, and <khempeuh>, all, written as one word: everything a person owns	
s32481	already have/have already	<neih>, have, and <khin>, already, written as one word	
s32482	have had/have held	<neih> and <khit> written as one word: finish having or holding; {neihkhit ciangin} is after having or after holding something	
s32483	after being held	<neih>, hold, and <khitzawh>, after, written as one word; {aki neihkhitzawh} is after it has been held	
s32484	have in common/share/own jointly	form of <neihkhawm>, have together, used before a noun, before <ding> and at the end of a clause; {i neihkhop} is what we have in common	
s32485	common noun	grammar term: a name shared by all persons, animals, places or things of one kind, as <khua>, <gun> and <sakol>	
s32486	Neihkhup	a Zomi clan name	
s32487	same-sex marriage/homosexual	written before the English terms Same Sex Marriage and Homosexual: marriage or pairing of two people of the same sex, and a person of that kind; from <kibang>, the same	
s32488	have again/take again/marry again	<neih> have with <kik> again; {pasal neihkik} is to marry again	
s32489	will hold again/to have again/to marry again	<neihkik> and <ding> written as one word: to hold or have again in the future; {zi neihkikding} is to take a wife again	
s32490	having again/taking again	<neihkik>, have or take again, with the noun suffix <na>; of the Lord taking Jerusalem as his city again	
s32491	need to have/must have	<neih> and <kul> written as one word: it is necessary to have	
s32492	still have	<neih>, form of <nei>, have, with <lai>, still	
s32493		the fact that someone has something; <neih>, the form of <nei> have, with <lam>, which turns the clause into the thing known or seen	
s32494	gain/come to have/acquire	<neih>, have, with the ending {-lawh}, get as a result: come to have something as the outcome of what was done or happened	
s32495	if have	<neih>, have, and <leh>, if, written as one word: if someone has; {na neihleh} is if you have	
s32497	wealth/possessions/property	wealth and goods taken together, all that a person owns; also written {neih leh lam}	
s32498	not have/be without	<neih>, have, and <lo>, not, written as one word: not having, without	
s32499	not have/lack	<neih>, have, and <loh>, not, written as one word: not having; {neih leh neihloh} is whether one has or has not	
s32500	lack/not having/absence	<neih> and <lohna> written as one word: the state of not having something, as in {pilna neihlohna}, lack of education, and {nasep neihlohna}, unemployment	
s32501	Neihluut		
s32502	before having/before holding	<neih>, have or hold, and <ma>, before, written as one word and mostly followed by <in>: before one has, makes or holds the thing named	
s32503	because of having	<neih>, have, and <man>, because, written as one word: because one has, on account of having	
s32504	having/possession	the act or state of having; {thu neihna} is a lawsuit or dispute	
s32505	possessive	grammar term: possessive, of a word that shows whose a thing is, as in <neihna mintaang>, possessive pronoun	
s32506	possessive case/possessive	<neihna>, having, with <lak>, show: the grammar term for the form of a noun that shows the owner, written with an apostrophe as in {pasalno' laibu}, the boy's book	
s32507	possessive pronoun	a word that shows the owner and stands in place of the noun, as <kei a>, <nanga>, <ei a> and <amau a>; set beside <neihna lak pianzia>	
s32508	possessive adjective	an adjective that shows to whom something belongs; the sixth kind of adjective in the list of the book	
s32509	possessive pronoun	grammar term: a pronoun that shows who has a thing, from <neihna>, having	
s32510	not yet have/not have so far	<neih>, have, and <nailoh>, not yet, written as one word, before a noun or <pen>: that one does not yet have	
s32511	if one has/as long as one has	<neih>, have, and <nak> of the conditional {nak leh} written as one word; followed by <leh>: if indeed one has	
s32512	possessive	<neihna>, possession, and <lak>, show, written as one word: showing whose a thing is; {neihnalak mintaang} is the possessive pronoun, also written <neihna lak mintaang>	
s32513	possessions/belongings	also the plural noun form of <neih> have, as in {hazatna a neihnate}, the jealousy that one holds	
s32514	all that one has	<neihna>, having, with <teng> all; {lungsim i neihnateng}, the whole of the mind we had	
s32515	have had/have held before	<neih>, have or hold, and <ngei>, ever, written as one word: have had or held before; {ih neihngei sa mah bangin} is just as we have held it before	
s32516	held before/had before	<neih>, hold or have, with <ngeisa>, formerly, written as one word: that has been held or had before; {i neihngeisa mah bang in} is just as we have held it before	
s32517	hold with/have with/conduct for	<neih>, have, and <pih>, together with, written as one word: hold a meeting, a talk or a service together with someone or for someone	
s32518	hold with/conduct for	<neihpih> and <in> written as one word: holding a prayer, a meeting or a talk together with or for someone, and so	
s32519	property/possessions/wealth	what a person owns	
s32520	apostrophe	punctuation mark, the apostrophe, named for its use as the mark of possession, from <neihsa>, what is owned; the same mark is called <tanglak>; page 88 prints {neihsa la}, the later lesson and the word list {neihsa lak}	
s32521	apostrophe	the punctuation mark ' that shows possession, also called <tanglak>	
s32522	possessive pronoun	the grammar term for the pronoun that names the thing owned: <kei a>, <nang a>, <ei a>, <amau a>, mine, yours, ours, theirs	
s32523	property/possessions/belongings/wealth	<neihsa>, what is owned, and <lamsa>, what is built, said as a pair: all that a person owns, house, goods and money together; the owner stands before it	
s32524	let have/give/provide	<neih> have with the causative <sak>: cause or allow someone to have	
s32525	lead/conduct/hold for	<neih> in its meaning hold or conduct, with <sak>, do for others: lead a prayer, a service item or a session for the people present, mostly as {hong neihsak} after <thungetna> or another noun of the programme	
s32526	to hold for/to have done	<neihsak>, hold or conduct for someone, and <ding>, will, written as one word: to hold a prayer for someone, or to have an examination carried out	
s32527	one who deals out/one who makes have	<neihsak>, cause to have, with <pa> marking a man: the man who does this to someone	
s32528	apostrophe/possessive mark	<neihsa>, what is owned, and <lak>, show, written as one word: the apostrophe written after a noun to show the owner, as in {vasa' bu}; the same mark is used for one and for many	
s32529	the very property of/owned by	<neihsa>, property, with the emphatic <mah>, written as one word: something that is itself owned by the one named before it	
s32530	possessions/wealth/property/goods	<neihsa>, property, with the plural <te>: the things a person owns, his goods and wealth	
s32531	all possessions/all one has/whole property	<neihsa> possessions with <teng> all	
s32532	plan to have/try to have/plan to hold	<neih> and <sawm> written as one word: intend or try to have something, or plan to hold an event	
s32533	take/marry	seen once in {pasal a neihse sangin}, rather than taking a husband; <neih> have with <se>, whose force is unclear	
s32534	Neihsial		
s32535	own permanently/own outright	<neih>, own, with <suak>, through to the end: have for good	
s32536	only/sole	the only one that a person has, as an only son; {a neihsun teng} is the little that one has	
s32537	what little one has/the little one has	<neih>, have, and <sunsun>, what little, written as one word: the little that one has, all that one has though it is not much; follows a possessor or a noun	
s32538	only possessions/the little one has	<neihsun> the only one that a person has, with plural <te>	
s32539	possessions/what one has/things had	the things someone has, of goods and also of plans or disputes; {thu neihte} are cases people have	
s32540	all that one has/everything owned	<neih> have with <teng> all of: the whole of what is had, placed after the thing owned	
s32541	be able to have/can have	<neih>, have, with <theih>, be able; often followed by <nading>, so that one may have	
s32542	to be able to have/can hold	<neihtheih> and <ding> written as one word: so as to be able to have or to hold something	
s32543		<neihtheih>, be able to have, with the noun suffix <na>; with <ding> it means so that one may have	
s32544	have in addition/have more besides	<neih> have with <thuah>, add on top	
s32545	have each/have as well	<neih>, have, with <tuak>, each, written as one word: each of them has, or has that too; with <lo> none of them has	
s32546	special possession/treasured possession/very own	<neih> possess with <tuam> apart: what is owned specially and set apart as one's own	
s32547	proper noun	a name that one person, place or thing has for itself alone, as <Pum Za Mang> and <Tedim>	
s32548	that they have/that they hold	<neih>, have, and the plural marker <uh> written as one word: that they have or hold	
s32549	surplus/abundance/wealth	what one has over and above one's needs, from <neih> have and <val> excess	
s32550	all that one has/as much as one has	<neih>, form of <nei>, have, with <zah>, amount: the whole amount that one has; {a aw neihzah tawh} is at the top of his voice, {na tha neihzah tawh} with all your strength	
s32551	attain/manage to have	<neih> have with <zawh> be able, come to possess	
s32552	since having/have had for	<neih>, have, with <zawh> in its meaning after, before a count of years: the time that has passed since something was got, as {ka pasal neihzawh kum 8}, eight years since I married; not the ability to have	
s32553	attainment/being able to have	<neihzawh>, manage to have, with the noun suffix <na>; {neihzawhna ding} is in order to come to have	
s32554	way of having	<neih>, have, and <zia>, way, written as one word: the way something is had or held, as {khiatna neihzia}, how words carry a meaning	
s32555	having/with	<nei> and <in> written as one word: having, and with that	
s32556	hold in many places/have here and there	<nei> and <kawikawi> written as one word: have or hold something in one place after another, as inspections or protests	
s32557	not have/have no	<nei>, have, and the negative <kei> written as one word: do not have	
s32558	I do not have/I have none	<nei>, have, with {-keng}, the first person negative ending short for {kei ing}: I do not have	
s32559	have/have a share in	<nei> have with <kha>, which marks that the act reaches its object; in the verses always negated, not have at all, and {ngaihsutin neikha lo} is not even have in mind	
s32560	one who has/owner	<nei>, have, and <khat>, one, written as one word and placed after what is had: one who has it, the owner of it	
s32561	have together/share/hold in common	have two or more things at once, or own something jointly with others	
s32562	issue/give out/make	<nei> and <khia> written as one word: put out or give, as a statement, an explanation or an appeal; of children, come to have	
s32563	has issued/has given out	<nei>, make, and <khiata>, out now, written as one word: has now issued, as an announcement	
s32564	already have/have already	<nei> have with <khin> already	
s32565	already having/who already has	<nei>, have, and <khinsa>, already, written as one word: who already has a wife, a husband or children	
s32566	have already/have made	<nei>, have, and <khinta>, already done, written as one word: already have, or have already made or held an agreement, a plan or an oath	
s32567	have in advance/make beforehand	<nei>, have or make, and <khol>, beforehand, written as one word: have or make a thing ahead of time, as a plan or a pledge	
s32568	have again/get back/regain	<nei> have with <kik> again	
s32569	will have again/will hold again	<neikik>, have again, and <ding>, will, written as one word: will have or hold once more, said of a hearing, an inspection, an announcement or a child	
s32570	have again held/have again made	<neikik> and <khin> written as one word after a noun in {-na}: has already carried out that act once more	
s32571	have in full/have every one	<nei> have with <kim> complete, have all of something	
s32572	still have/have besides/also have	<nei> have with <lai> still or more	
s32573	will still have/will yet hold/will go on to carry out	<nei>, have or hold, with <laiding>, will still, written as one word: something is yet to be held or done, as {kancianna neilaiding}, will carry out further investigation	
s32574	if one has/seem to have	<nei>, have, and <leh>, if, written as one word: if one has; {neileh kilawm} is seems to have	
s32575	if I had/if we had	<nei>, have, and <leng>, if, written as one word: if I or we had	
s32576	not have/lack/be without	<nei> have with the negative <lo>, written as one word; usually written {nei lo}	
s32577	not have/be without/lack	<nei>, have, and the negative <loh> written as one word, the form used before words such as <manin> and <phamawh>; {neiloh phamawh} is cannot do without, must have	
s32578	without/without having	<nei>, have, and <loin>, without, written as one word: without having something, having none	
s32579	man who does not have/one without	<neilo>, not have, and <pa>, man, written as one word: the man who lacks the thing named	
s32580	without/without having	<nei>, have, with <lopi>, without, written as one word and usually followed by <in>: without having	
s32581	those who do not have/those without	<neilo>, not have, with the plural <te>; {pa neilote} is the fatherless	
s32582	have very much/have greatly	<nei>, have, and <mahmah>, very, written as one word; {thu neimahmah} is have great authority	
s32583	have first/hold first	<nei> and <masa> written as one word: have or hold something first, before anything else is done	
s32584	have/happen to have	<nei>, have, and <mawk>, which marks the fact as unexpected, written as one word: have or get, as it turned out	
s32585	hardly have/have no real	<nei>, have, with <mello>, hardly, written as one word: have scarcely any, have no proper one	
s32586	one who has/possessor/owner	<nei>, have, and <mi>, person, written as one word after the thing had: a person who has it, as {upna neimi}, a person of faith	
s32587		placed after a verb or noun, apparently for something that shows in great amount or is made much of, as smoke billowing up thickly in {khuto neinai}; often followed by <sa> or <in>	
s32588	not have yet/have not yet	<nei>, have, and <nailo>, not yet, written as one word: not yet have; after a noun of action, as {pulakna neinailo}, have not yet made an announcement	
s32589	have any longer/still have	<nei>, have, and <nawn>, any longer, written as one word, followed by a negative such as <lo> or <kei>: no longer have	
s32590	no longer have	<nei> have and <nawnlo> no longer written as one word	
s32591	have had/have ever had	<nei>, have, and <ngei>, ever, written as one word: have had at some time; with <lo> or <kei>, have never had	
s32592	have never had	<neingei> and <lo> written as one word: has not had at any time	
s32593	really have/truly have	<nei>, have, and <ngiat>, indeed, written as one word: really have, have for certain	
s32594	woman who has	<nei> have with the female suffix <nu>; {nin a neinu} is a woman who has uncleanness, a woman in her monthly period	
s32595	want to have/wish to hold	<nei> and <nuam> written as one word: want to have something, or want to hold a talk, a question or a statement	
s32596	not want to have/be unwilling to give	<neinuam> and <lo> written as one word: not want to have or hold something, as a talk or a statement	
s32597	owner/possessor	the man who has or owns something; {ta a neipa} is the father of a child	
s32598	have at once/hold immediately	<nei> have or hold with <pah> at once, said here of holding a meeting	
s32599	the one who has/owner/those who have	<nei>, have, and the marker <pen> written as one word after the thing had: the one who has it, those who have it; after <mawhpuak> also the one who has the most	
s32600	have plenty of/have fully	<nei>, have or hold, and <pha>, here well or fully, written as one word: have much of a quality, or hold something thoroughly	
s32601	hold in full/bear greatly	<nei>, have, with <pi>, great: {tavuan neipi pen} is the one who bears the greatest responsibility	
s32602	hold with/have with	<nei>, hold or have, with <pih>, together with: hold a meeting or have relations together with someone	
s32603	having/possessing	<nei> have with <sa> already; {pasal neisa numei} is a woman who has a husband, {zi neisa} a man who has a wife	
s32604	given/give/grant	<nei>, have, with the causative <sak>: cause someone to have, give; {ta neisak} is give a child	as in God has given
s32605	have/let have/cause to have	<nei>, have, with the causative <sak>: let or make someone have a thing, as power, hope or a desire	as in let them have
s32606	do have/have indeed	<nei>, have, and the softening particle <sam>, not the verb call, written as one word: do have, have after all, often before a contrast or a reason	
s32607	those who have/the ones who have	<nei> have with <sa> already and plural <te>; said of spouses it means the married	
s32608		a kind of flowering plant of the Zomi hills whose flowers last long and are used in making <zu>; said to be different from <ngeisok>	
s32609	keep as one's own/come to own/own for good	<nei>, have, with <suak>, on: have something as one's own from then on, keep it for good; {salin neisuak} is keep as slaves	
s32610	have/happen to have	<nei>, have, with <sun>; in the verse, should one have any at all	
s32611	got/be given/now have	<nei>, have, with <ta>, which marks a new state: now have, have come to have	taken or given by someone
s32612	earn		
s32613	will now hold/be about to have	<nei>, have or hold, and <tading> written as one word: is now going to have a child, hold a meeting, make an announcement or take an oath	
s32614	having/with	<nei>, have, with <tak>, written as one word after a noun and mostly before <in>: truly having it, so that {khiatna neitak} is meaningfully and {man neitak} is with worth	
s32615	have of one's own accord	<nei> have with <tawm> by oneself, have without being told	
s32616	those have got/those who have	<nei>, have, with the plural <te>: those who have something; {mawh neite} is sinners	
s32617	each have/all have	<nei> and <tek> written as one word: each one has, every one has its own	
s32618	those who have/owners	<nei>, have, with the plural <te> and the subject marker <in> written as one word: those who have something, as the subject of the sentence; {sum neiten} is those who have money and {thu neiten} is the authorities	
s32619	all who have/everyone who has	<nei>, have, and <teng>, all, written as one word: all those who have the thing named before it, as in {inn neiteng}, all who own a house	
s32620	newlyweds	those who have newly taken, from <nei> have, <thak> new and plural <te>; {pasal neithakte} are brides, women who have newly taken a husband	
s32621	can have/be able to have/get to have	<nei>, have, and <thei>, able, written as one word: be able to have, or come to have	
s32622	cannot have/be unable to have	<neithei>, can have, and <lo>, not, written as one word: cannot have, cannot hold or bear	
s32623	have in addition/have besides/have more	<nei>, have, with <thuah>, in addition	
s32624	come to have/go on to hold	<nei>, have or hold, with <to>, on and upward: come to have more and more, or hold something as time goes on	
s32625	each have/both have	<nei>, have, with <tuak>, each or both: have something on both sides or each one alike	
s32626	have as one's own/have the more	<nei>, have, with <tuam> written as one word: have separately, as one's own apart from others; also have all the more as a result	
s32627	have/give	<nei>, have or make, and the particle <tuan> written as one word, used before a negative: not have or not make even so, not yet at all	
s32628	not have either/not have for all that	<nei>, have, and <tuanlo>, not for all that, written as one word: does not have it in spite of what might be expected	
s32629	have	<nei> and the plural <uh> written as one word: they have, you have, said of several people	
s32630	not have at all/have none	<nei> and <vetlo> written as one word: have nothing of it at all	
s32631	have more/have greater	<nei> have with <zaw> more, used with <sangin> than	
s32632	hold regularly/have regularly/keep having	<nei>, have or hold, with <zel>, repeatedly: hold a meeting, a meal or an event time after time or by custom	
s32633	be able to have/manage to have/have obtained	<nei> have with <zo>, which marks ability or completion; {thu neizo lo} is have no force	
s32634	cannot have/be unable to have	<nei>, have, with <zolo>, cannot, written as one word: not be able to have or get something	
s32635	to eat/eat	form of <ne>, eat, used before <ding>, <theih> and <nading>	
s32636	ate/eaten	form of <ne>, eat, used in relative and time clauses, as with {lai takin}, while, and {khit ciangin}, after	
s32637		Saying: smeared without having eaten; the book lists it among its idiomatic expressions without explaining it, apparently said of one who bears the blame or the mess of a thing he had no share in	
s32638	leavings/remains of a kill	what is left from the eating of another, here an animal torn and partly eaten by wild beasts	
s32639	eat regularly/always eat	<nek> and <den> written as one word, used before <ding>: eat regularly or all the time	
s32640	to eat/for eating	<nek> and <ding> written as one word: to be eaten, that one should eat; as a noun, something to eat, food, as in {nekding omlo}, there is nothing to eat	
s32641	to eat/for eating	<nek>, eat, and <dingin>, in order to, written as one word: so as to eat it, as food for someone	
s32642	even food to eat	<nekding> and <zong> written as one word: even anything to eat, also for eating; {nekdingzong neilo} is not even having anything to eat	
s32643	not eat/do not eat	<ne> and the negative <kei> written as one word: do not eat, did not eat	
s32644	corruption/embezzlement/taking bribes	<nek>, eat, with a second part that means by stealth: take for oneself in secret what belongs to the public or to others; used as a verb and as a noun, and paired with <golhguk>, bribe	
s32645	corruption/embezzlement	{nek guk}, eat in secret, with the noun suffix <na>: taking for oneself money that belongs to the public or to others; {nekgukna leh golhgukna} is corruption and bribery, see <golhguk>	
s32646	eat/get to eat	<ne> eat with <kha>, which marks that the act reaches its object, eat any of something; {na nekha kei ding} is you will not get to eat it	
s32647	even if one eats/though one eats	<nek> and <hangin> written as one word: even though someone eats it	
s32648	eat together/eat with/dine with	<ne> eat with <khawm> together	
s32649	eating together	<nekhawm>, eat together, with <in>, linking to the next verb; {an nekhawm} renders breaking bread	
s32650	those eating together/dinner guests	<nekhawm> eat together with plural <te>	
s32651	not eat at all/avoid eating	<nek> and <hetloh> written as one word, before <ding>: not eat at all	
s32652	eat something harmful/get food poisoning	<ne>, eat, with <khial>, wrong, written as one word: eat by mistake something bad or poisonous and fall ill or die; {an nekhial} is food poisoning	
s32653	good to eat/worth eating	<nek>, eat, and <huai>, worthy of, written as one word: that should be eaten, good for one to eat	
s32654	mealtime/time to eat	<nek>, eat, with <hun>, time, written as one word; {sun an nekhun} is lunch time	
s32655	eat again/return to eat	<ne> eat with <kik> again or back	
s32656	eating/as food	<nek>, form of <ne>, eat, with <in>: {note’ nekin} is as food for you, {uang nekin} is eating to excess	
s32657	eat by mistake/eat unintentionally/swallow by accident	<nek>, form of <ne>, eat, with <khak>, happen to	
s32658	eat together	<nek> eat with <khawm> together	
s32659	shared meal/common meal	a meal eaten together, used of the Lord's Supper	
s32660	shared meal/supper/communion	eating together; {Topa’ Nekkhawmna} is the Lord's Supper	
s32661	Supper/shared meal	eating together; {Topa’ Nekkhawmna} is the Lord's Supper	
s32662	eat wrongly/take wrongly	<nek> and <khialh> written as one word: eat or take something in the wrong way; {an nekkhialh} is eating food that makes one ill	
s32663	finish eating/have eaten	<nek> eat with <khit> finish; with <ciangin>, after eating	
s32664	eat together/eat with	form of <nekhawm> used before <ding> and <ut>	
s32665	enough to eat/livelihood	<nek> eat with <khop> in its sense enough: food enough to live on, as the object of <mu>, find; nobody eats together here	
s32666	eating together	<nekkhop> eat together with the noun suffix <na>	
s32667	eat again	<nek>, eat, and <kik>, again, written as one word: eat again, eat once more	
s32668	eating/the fact of eating	<nek> eat with <lam>, the fact or manner: that someone eats, as the object of a verb of seeing	
s32669	eating and drinking/food and drink	<nek> eat, <le> and, <dawn> drink, written as one word: eating and drinking, what a person eats and drinks	
s32670	food and drink/things to eat and drink	<nekledawn>, food and drink, with the plural {-te}: the things one eats and drinks	
s32671		<nek>, eat, and <leh> written as one word: either food and, as in {nekleh taak}, food and clothing, or if one eats, as in {i nekleh}, if we eat	
s32672	food and drink/diet	<nek>, eat, <leh>, and, and <dawn>, drink, written as one word: what one eats and drinks, eating and drinking	
s32673	not eat	<nek>, the form of <ne> eat, with <loh>, the form of <lo> not: not eating; {nekloh nading} is so as not to eat, and {nekloh hangin} is even if one does not eat	
s32674	not to eat/must not be eaten	<nekloh>, not eat, and <ding>, will, written as one word: that one should not eat something, or before a noun a thing that is not to be eaten	
s32675	before eating	<nek> and <ma> written as one word: before eating, usually followed by <in>	
s32676	eating/meal/feast	<nek> eat with the noun suffix <na>: the act of eating, or a meal; {an nekna} is a meal and {sa nekna} the eating of meat	
s32677	keep eating/eat regularly	<nek>, eat, said twice: eat again and again or as a habit; whatever one eats or drinks	
s32678		<nek>, eat or drink, doubled for a repeated action, with the noun suffix <na> and <in>: from continually drinking or eating	
s32679	see that others eat/care for with food	think of what another person has to eat and provide for it, as for guests, friends or a woman who has given birth	
s32680	want to eat/wish to eat	<nek>, eat, with <nop>, want, written as one word: want to eat, and what one would like to eat	
s32681	desire to eat/appetite/craving	<nek>, eat, and <nopna>, wish, written as one word: the wish to eat a certain thing	
s32682	Necho	Pharaoh Necho, king of Egypt, who killed King Josiah at Megiddo and made Jehoiakim king of Judah	
s32683	Nekoda	ancestor of a family of temple servants who returned from the exile, and of a family that could not prove its descent from Israel	
s32684	eat at once/eat immediately	<nek> eat with <pah> at once: eat something as soon as it is seen or picked	
s32685	eat right away/eat for the moment	<nek>, eat, and <pak>, at once or for a short while, written as one word: eating at the time, what is eaten for the moment	
s32686	eating	<nek>, eat, with the topic marker <pen>, written as one word: the eating of the thing named, as the topic of the sentence	
s32687	eat with/share a meal with/eat together with	<nek> eat with <pih>, together with someone: share a meal with a person; {an nekpih dingin sam} is invite someone to eat	
s32688	eating with	<nekpih> eat with, with the linking ending <in>, eating with someone and then doing the next action	
s32689	eaten/have eaten	<nek>, form of <ne>, eat, with <sa>, already done: what has been eaten; {na neksa teng} is all that you have eaten	
s32690	eat up/devour/consume	<nek> eat with <sak>, here marking that another person is affected: eat or drink what belongs to someone else, to that person’s loss	
s32691	let eat/let drink/serve	<nek> eat or drink with the causative <sak>: allow or cause someone to eat or drink, serve food or drink to someone	
s32692	serving/letting eat or drink	<neksak> let eat or drink with the noun suffix <na>	
s32693	things eaten	what has been eaten up, with plural <te>; the later text writes <neksate>	
s32694	things eaten	<neksa> already eaten with plural <te>, what has been eaten	
s32695	try to eat/be about to eat/mean to eat	<nek> and <sawm> written as one word: intend or try to eat something, be about to eat it	
s32696	eat in secret	<nek> eat with <sim> secretly: eat something in secret, without others knowing	
s32697	embezzle/misappropriate	take public or entrusted money for oneself in secret, with <sum>, money, or a budget as its object; a present-day figurative use of eating in secret, often paired with <ipsim>	
s32698	embezzlement/misappropriation/corruption	<neksim>, eat in secret, with the noun ending {-na}: secretly taking for oneself money or property held in trust; {sum neksimna} is embezzlement of money	
s32699	corruption case/embezzlement case	<neksim>, embezzle, and <vai>, matter, written as one word: a matter or case of embezzlement, here after <sum golhguk>	
s32700		<nek>, the form of <ne>, eat, used before a suffix, with <suah>, bring out or become: bring about or carry through what <ne> names; the page lists the form without a meaning	
s32701	food/something to eat	food to live on, what there is to eat; {nektawm ding nei lo} is having nothing to eat	
s32702	food to eat/provisions/living	<nektawm>, food, and <ding>, for, written as one word: something to eat, food supplies, and so the means to live; {nektawmding zong} is seek a living	
s32703	earning one's own living	seeking one's own food, from <nek> eat, <tawm> by oneself and <zon> seek; working for a living	
s32704	things eaten/food/what one eats	<nek> eat with the plural <te>: the things that someone eats, food	
s32705	edible/fit to eat/eatable	that can be eaten, placed before the thing named; {nektheih ding} is something fit to eat	
s32706	can eat/may eat	<nek> eat with <theih> can: be able or allowed to eat; {nektheih nading} is so that one may eat	
s32707	food/foodstuff/eatables	used as a noun: things to eat, food of any kind, often beside <tui>, water, or <van>, goods; {nektheih tuamtuam} is various foods and {nektheih taktheih} food and drink in general	
s32708	to be able to eat/so that it can be eaten/as food	<nektheih>, can eat or edible, with <ding>, written as one word: for eating, so that one can eat it, or so that it is fit to eat	
s32709	being able to eat/where one can eat	<nek>, eat, and <theihna>, ability, written as one word: being able to eat something, or the place or means of eating it	
s32710	fit to eat/edible/right to eat	<nek>, the form of <ne>, eat, used before a suffix, with <tuak>, be fitting: fit to eat	
s32711	eat up/consume/devour	<nek>, form of <ne>, eat, with <tum>, wholly: eat until nothing is left, said of moths, locusts and disease	
s32712	eat up/devour/consume	<nektum>, eat up, with <sak>: eat up what belongs to another, or cause to be eaten up	
s32713	portion/food allowance/ration	<nek> eat, with <zah> amount: the amount that one eats, a share of food	
s32714	be able to eat/can eat	<nek> eat, with <zawh>, the form of <zo> be able: be able to eat; {a nekzawh zahzah} is as much as one can eat, to the full	
s32715	way of eating/eating habits	<nek>, eat, and <zia>, way, written as one word: how something is eaten, the manner or habit of eating	
s32716	livelihood/living/earning a living	<nek>, eat, with <zonna>, seeking: the work by which a person finds food, earning a living; {nisim nekzonna} is the daily living	
s32717	fine/powdery/smooth	ground or rubbed fine, as dust or flour; of skin or a surface, smooth; also written <neel>	
s32718	flour/fine flour	finely ground grain, as in {mangbuh nel} wheat flour and {an nel}	
s32719	over/upon/in	follows a verb to show that the action covers, shuts in or falls upon someone or something, as {khup nelh} close over, {khak nelh} shut in and {hal nelh} burn down over	
s32720	over/upon	<nelh> with the linking suffix <in>, after a verb to show that the action falls upon or shuts in someone; {kihal nelhin}, burning the house over himself	
s32721	close over/shut in upon	<nelh> over or upon with causative <sak>, after <khak> shut, make something close over someone	
s32722	disregard/neglect/ignore/slight	pass over a person or a thing as of no account, leave aside what should be heeded	
s32723	lion	second part of {humpi nelkai}, the lion, also written <humpinelkai>	
s32724	academic degree/graduation cap	in {lukhu nelkai}, the cap worn at graduation, and so a degree; {lukhu nelkai piakna} is a graduation ceremony	
s32725	not eat/without eating	<ne>, eat, and <lo>, not, written as one word	
s32726	eat too much/overeat	<ne> and <lua> written as one word: eat or take too much; after <zu> it is drink too much	
s32727	anus/rectum	the opening at the end of the bowel	
s32728	smoother/softer	<nel>, smooth, with <zaw>, more	
s32729	soft/gentle/weak/tender	not hard or strong: of a voice or words, gentle; of a person, gentle and mild; of strength or eyes, weak; also written <neem>	
s32730	devour/eat up/consume	<ne> eat with <mang> gone, eat until nothing is left	
s32731	gentle/gently/soft/mild	<nem> soft with the linking ending <in>, used when another word follows; {lungsim nemin} is being gentle and {kam nemin} with gentle words	
s32732	gentleness/softness	<nem> soft with the noun suffix <na>; {lungsim nemna} is gentleness of heart	
s32733	easily/lightly	after a verb, of something done with ease; seen only in one sentence, where what was said at an interview can no longer easily be changed	
s32734	vaguely/loosely/imprecisely	placed after a verb: in a vague, inexact or half-and-half way; {hi nemnum} is be unclear, neither one thing nor the other, and {khial nemnum} is be somewhat wrong	
s32735	soften/make gentle/weaken	<nem>, soft, with the causative <sak>: make soft or gentle, as the heart or the voice; of the body or its strength, make weak	
s32736	Nemuel	name of two men: a son of Simeon, ancestor of the Nemuelite clan, and a Reubenite, son of Eliab and brother of Dathan and Abiram	
s32737	into pieces/small/fine	into small pieces, after a verb of cutting, striking or breaking, as {sem nen}, {at nen} and {sat nen}	
s32738	press down/crush	first part of {nen’niam} oppress and {nen’niamna} oppression	
s32739	weigh down/press down/overwhelm	<nen> press down, with <cip> tightly: bear down heavily on someone, said of sin and wickedness	
s32740	pin down/crush/press down/trap under	press a person or thing down with real weight so that it cannot move, as a vehicle or a load does in an accident; {ki nencip} is be pinned or trapped under, where the other sense is the weight of sin or wickedness	
s32741	keep eating/eat again and again/devour	<ne>, eat or drink, said twice for repeated or continued action: eat or drink again and again, eat as a habit, or go on devouring	
s32742	drinkers/drunkards	<nene> keep eating or drinking, with the plural <te>: those who drink habitually; {zu nenete} is drunkards	
s32743	crumb/fragment/scrap/bit	small broken pieces of food; {a neng a themte} is the scraps and leftovers	
s32744	detail/particular	in the pair {a neng a tawng}, the small points of a matter; {a neng a tawngin} is in detail, point by point, with a verb of telling or explaining	
s32745	speck/fine particle	a tiny bit of something clinging to a surface, here dust on the scales	
s32746	tiny bit/speck/particle	<neng>, crumb, with the ending {-cik}, tiny: the smallest bit of something; {nengcik khat zong} with a negative verb is not even a little	
s32747	crush/press hard/squeeze	<neng> press with <cip> tightly: press or crush something hard against a surface, or bear down heavily on someone	
s32748	crush down/press down	<nengcip> press tightly with <suk> downward	
s32749	shabby/ragged/soiled	of clothes, old and in a poor state; whether dirty or torn is not clear from the sentences	
s32750	fallen crumbs/scraps	<neng> crumb with <kia> fall, bits of food that have fallen from the table	
s32751	in bits/scattered/in a mess	in small scattered pieces or in disorder, said of torn cloth, tousled hair and splashing liquid	
s32752	equipment/small parts/accessories	the small items that belong to something larger	
s32753	minor/small/petty/trivial	placed after a noun, of matters that are small and of little weight, as {thu nengneng}, small matters, and {buaina nengneng}, minor troubles; not the small parts of a thing	
s32754	small parts/accessories	<nengneng> with the plural <te>: the small items that belong to something larger	
s32755	minor/small/trivial/petty	placed after a noun or after <adang>, of several matters that are small and of little weight beside the important ones, as {thu nengnengte}, small matters; the plural of <nengneng.2>, not the small parts of a thing	
s32756	oppress/crush/treat cruelly	press someone down by power or force, treat people cruelly and unjustly; said of enemies, rulers and the rich; also written <nenniam> and <netniam>	
s32757	oppressing	<nengniam>, oppress, with the linking suffix <in>: oppressing someone, followed by a further action	
s32758	oppressor	<nengniam>, oppress, with <pa> marking a man: the one who oppresses	
s32759	let oppress/allow to oppress	<nengniam>, oppress, with the causative <sak>; let one person oppress another, mostly negated	
s32760	oppressors	<nengniam>, oppress, with the plural <te>: those who oppress others	
s32761	be able to oppress	<nengniam> oppress with <zo> be able	
s32762	tiny/small/minor/trivial	very small or of little weight, placed after the noun: {thu nengno khat} is a small matter	
s32763	Nengrang		
s32764	into pieces/in small pieces	follows a verb of cutting or breaking: {sem nenin} cut into pieces, {bal nenin} crumble	
s32765	tiny/minute/small	<nen>, small or fine, said twice: very small, in tiny pieces; {thu nennen} is small matters, details	
s32766	oppress/subdue/humble	press down, bring low: oppress a people, or subdue enemies under someone; also written <nengniam> and <netniam>	
s32767	oppressing/wronging	<nenniam> oppress with the linking suffix <in>	
s32768	oppression/tyranny	<nenniam>, oppress, with the noun suffix <na>: cruel and unjust treatment by those in power; {nenniamna thuak} is suffer oppression	
s32769	oppressions/acts of oppression	<nenniamna> oppression, with the plural <te>	
s32770	into pieces	<nen> into small pieces with causative <sak> and the linking suffix <in>; {sem nensakin}, having it cut into pieces	
s32771	pieces	<nen> small pieces with plural <te>; {a ki-at nente}, the pieces that were cut	
s32772	debris/rubble/small fragments	<nen>, fine, and <them>, bit, written as one word: the small broken pieces of something, as rotten wood or a collapsed house	
s32773	want to eat/want to drink	<ne> eat or drink with <nuam> want	
s32774	wanting to eat/longing to eat	<nenuam> want to eat with the linking suffix <in>	
s32775	eater/one who eats	<ne> eat with <pa> marking a man, the man who eats	
s32776	eat at once/eat right away	<ne>, eat, and <pah>, at once, written as one word: eat or take something straight away or all at one time	
s32777	eat at once/eat straight away	<ne> and <pahpah> written as one word: eat a thing at once, without waiting	
s32778	Nepal	country in the Himalaya between India and China	
s32779	Nepalese	English word for the people of <Nepal>, used in lists of nationalities and before a noun	
s32780		expressive word placed after <sia>, bad, to strengthen it: {sia nepnap} is thoroughly bad; the book lists it among the words that embellish an adjective and are written joined to it	
s32781	Ner	man of Benjamin, son of Abiel and father of Abner, the commander of the army of Saul	
s32782	Nereus	Christian in Rome to whom Paul sends greetings, together with his sister	
s32783	Nergal	god worshipped by the people of Kuthah whom the king of Assyria settled in Samaria	
s32784	Nergal-Sharezer	name of two officials of the king of Babylon who sat in the Middle Gate when Jerusalem fell	
s32785	Neri	ancestor of Jesus in the genealogy of Luke, son of Melki and father of Shealtiel	
s32786	Neriah	son of Mahseiah and father of Baruch, the scribe of Jeremiah, and of Seraiah	
s32787	feed/give to eat/make eat/let eat	<ne> eat with the causative <sak>: give someone something to eat, make someone eat, or allow someone to eat	
s32788	feeding/serving food/making eat	<ne> eat with causative <sak> and the linking ending <in>; also let something be eaten, as crops by blight	
s32789	eat secretly	<ne>, eat, with <sim>, secretly	
s32790	enjoy/eat the fruit of	<ne> eat with <suak>, come to eat or enjoy what one has worked for	
s32791	Netaim	town in Judah where potters lived who worked for the king	
s32792	press down/crush	press tightly under a weight, as a loaded cart does	
s32793	crush down/press down	<netcip> press tightly with <suk> downward	
s32794	eaters/those who eat	<ne> eat or drink with {-te}, the ones who do so, usually after <a>; {zu ne nete} are those who keep drinking wine	
s32795	all who eat	<ne> eat with <teng> all, everyone who eats	
s32796	Nethanel	name of several men, among them the son of Zuar, leader of the tribe of Issachar in the wilderness, and the fourth son of Jesse	
s32797	Nethaniah	name of several men, among them the father of Ishmael who killed Gedaliah, a son of Asaph, and the father of Jehudi	
s32798	Nethaniah	spelling of Nethaniah in this verse, the father of Ishmael who killed Gedaliah	
s32799	can eat/may eat	<ne>, eat, with <thei>, be able or be allowed to	
s32800	cannot eat/be unable to eat	<ne> and <theilo> written as one word: not able or not allowed to eat	
s32801	Netherlands	country in western Europe, also called Holland	
s32802	Netherlands	a country in western Europe, whose people are the Dutch	
s32803	netizen/internet user	the people who use the internet and social media, taken as a group, usually after the name of a country	
s32804	netizens/internet users	people who read and comment on the internet and social media; used with the plural <te>	
s32805	oppress	press down, treat harshly and unjustly; also written <nengniam> and <nenniam>	
s32806	oppression	<netniam>, oppress, with the noun suffix <na>: the act of oppressing or the state of being oppressed; {netniamna thuak} is suffer oppression	
s32807	oppressions	<netniamna> oppression with plural <te>	
s32808	Netofah/Netophah	town near Bethlehem in Judah, home of Maharai and Heled, two of the mighty warriors of David	
s32809	devour/eat up/consume	<ne> eat with <tum>, wholly: eat something completely, said of animals, of enemies and of anything that consumes a person	
s32810	devouring/eating up/consuming	<netum> devour, with the linking ending <in>, eating up and then the next action follows	
s32811	eat up completely/devour	<netum> eat up with <mang> away, eat until nothing is left	
s32812	devourers/those who eat up	<netum> eat up with plural <te>, those who have eaten something bare	
s32813	small	not large in size, amount or importance; {a neu a lian} means small and great, everyone	as in appearance
s32814	tiny		
s32815	mini		as in products
s32816	little	small in degree or importance, as little faith or a small matter	
s32817	sloping/narrow	too small in width or room: narrow, of a road or a blanket; cramped, of a place to live	
s32818	make small/bring low	<neu> small with <bawl> make; reduce to nothing	
s32819	belittle/look down on/slight	treat a person or group as small in word and manner, beside <zahpih> laugh at and <simmawh> despise, not actually bring them low	
s32820	least/smallest	<neu>, small, with <bel>, most	
s32821	tiny/very small/little	<neu>, small, with <cik>, very: very small, of little size or worth	
s32822	childhood/early youth	the earliest part of life, when a person is still small: <neu>, small, with <cil>, beginning; {a neucil panin} is from childhood	
s32823	a little/a bit/slightly	to a small amount or degree; {neukha beek} with a negative means not even a little, not at all, and {neukha bek} is only a little	
s32824	small/little/tiny	after a noun, small in size or importance, as in {room neukha}, a small room; the adverb {neukha} is a little, slightly	
s32825	a small/small one	<neu>, small, and <khat>, one, written as one word after a noun: a small one	
s32826	youth/childhood	the time when a person is small or young: <neu>, small, with <lai>, the time when; {neulai a kipan} is from youth on	
s32827	early childhood	<neulai>, childhood, and <pek>, far back, written as one word; with <pan>, from very early childhood	
s32828	too small	<neu>, small, with <lua>, too much: too small for what is needed or for the people who use it	
s32829	very small/tiny	<neu> and <mahmah> written as one word: very small; {lung neumahmah} is feel very small, be ashamed	
s32830	look down on/despise/belittle	<neu>, small, with <muh>, see: regard a person or thing as small and of little worth; {ki neumuh} is be looked down on, or think little of oneself	
s32831	contempt/disdain/looking down on	<neumuh>, look down on, with the noun suffix <na>: thinking little of someone; {ki neumuhna} is thinking little of oneself	
s32832	smallness/small size	<neu>, small, with the noun suffix <na>: how small something is; {a golna leh a neuna} is its size, whether large or small	
s32833	small/little	<neu>, small, doubled: said of several things that are each small; {inndei neuneu} are small side rooms	
s32834	small/minor/trivial	<neuneu>, small, said of several things, with the plural <te>; {thu neuneute} are small matters	
s32835	think little of/underestimate/belittle	<neu>, small, and <ngaihsut>, think, written as one word: regard something as small or unimportant	
s32836	small/little/tiny	<neu>, small, with the diminutive <no>: small or slight; {na neuno khat} is a small thing or a small request	
s32837	one who is small/man of little	<neu>, small, with the male suffix <pa>: a man who is small in something; {upna neupa} is a man of little faith	
s32838	smallest/least/youngest	<neu>, small, with <pen>, most: the smallest of all, the least in rank, or the youngest	
s32839	the smallest/the least/the lowliest	<neupen>, smallest, with the plural <te>: those who are smallest or lowest of all, whether people or things	
s32840	make small/humble/bring low	<neu>, small, with the causative <sak>: make small in number, or bring low in standing	
s32841	belittle/look down on/make small	treat a person, a people or oneself as small and of little worth	
s32842	making smaller	reducing the size of something, here a measure for grain, with the linking suffix <in>	
s32843	belittle/make small/underrate/narrow down	treat a person or thing as small or of little worth, or narrow the reach of a name or idea; with <ki> belittle oneself; compare <neusak>	
s32844	become small/be brought low	<neu>, small, with <ta>, marking a change of state: become small, be brought low from a high standing	
s32845	small/little	<neu>, small, with the plural <te>, said of several things: {khua neute} are villages, {ta neute} little children, {thu neute} small matters	
s32846	smaller upward/narrowing	<neu> small with <to> upward, becoming smaller level by level going up	
s32847	childhood/infancy	the time when a person was small: <neu>, small, with <tung>, the time of; {ka neutung a kipanin} is since I was a child	
s32848	in childhood/since childhood	<neutung>, childhood, with the linking <a>, written before <kipan> or <kipanin>: {a neutunga kipanin} is from the time he was small	
s32849	smaller/lesser/inferior	<neu>, small, with <zaw>, more: smaller or lesser than another, also lower in rank; what it is compared with is followed by <sangin>, than	
s32850	Neuzaw		
s32851	lesser ones/smaller ones/the least	<neuzaw> smaller, lesser, with the plural <te>: those who are lesser in rank or strength	
s32852	Nevada	a state in the west of the United States	
s32853	New Bern	a town in the United States where Zomi live, written as one word	
s32854	news/news outlet	news, and after a name a news organisation, as in CNN News	
s32855	newsletter	a news sheet sent out regularly by an organisation or church to its members	
s32856	newspaper		
s32857	news agency/news media	the English word news with the plural <te>: the people of a news agency, named before it; {newste kiangah} is to the news agency	
s32858	Newtown	town in the state of Connecticut in the United States	
s32859	New Zealand	island country in the South Pacific, here written as one word	
s32860	eat regularly/eat often	<ne> and <zel> written as one word: eat something regularly or as a habit	
s32861	Neziah	ancestor of a family of temple servants who returned from the exile with Zerubbabel	
s32862	Nezib	town in the western foothills of Judah	
s32863	be able to eat/manage to eat	<ne>, eat, with <zo>, be able: be able to eat, mostly used with a negative	
s32864	cannot eat/be unable to eat	<nezo> and <lo> written as one word: not be able to eat	
s32865	five	the number five; it follows the thing that is counted, as in {tul nga}, five thousand	
s32866	fish	a fish, as a living creature and as food; the fuller word is <ngasa>	
s32867	bird		usually found in lyric
s32868	rest on/lay on/set down on	put a hand, a foot or a weight so that it rests on something, as {khut nga}, lay a hand on; {ki nga} is rest on or be based on, the word <kinga>, and {lam nga} after a direction word is face that way	
s32869	eel	<nga>, fish, and <gul>, snake: the snake fish, an eel, a long fish shaped like a snake	
s32871	grow weak/waste away	lose strength and waste away; in the verse it is said of the bones of a suffering person	
s32873	fisherman	a person who catches fish: <nga>, fish, with <beng>, hunt; compare <sabeng>, hunter	
s32874	fisherman	<ngabeng>, fisherman, with <pa> marking a man; listed by the book among names of occupations	
s32875	fishermen/fishers	<ngabeng>, fisherman, with the plural <te>	
s32876	fishing/catching fish	<nga>, fish, with <bet>, hunt: catching fish, a fishing trip; compare <ngabeng>, fisherman	
s32877	canned fish/tinned fish	fish, <nga>, sold in a tin	
s32878	Ngadet		
s32879	Ngafu		
s32880	receive/get/obtain	come to have something that is given or gained, such as a blessing, an inheritance, wages or favour	
s32881	receive and/get and	<ngah>, receive or get, and the linking <a>, and, written as one word: having received, got and then	
s32882	get easily/get quickly/be prone to	<ngah>, get, and <baih>, easy or soon, written as one word: get something easily or quickly, said often of a disease and also of a job	
s32883	receive as well/gain in addition	<ngah> receive with <beh> in addition	
s32884	get at least	<ngah> get with the limiting particle <buang>, get at least or after all	
s32885	when one gets/on receiving	<ngah>, get, and <ciangin>, when, written as one word: when someone gets or receives something	
s32886	each receive/each get	<ngah> and <ciat> written as one word: every one of them receives it	
s32887	first get/first receive	<ngah>, get, and <ciil>, first, written as one word: at the time something is first received	
s32888	way of getting/way of receiving	<ngah>, get, and <dan>, way, written as one word: the way in which something is got or received	
s32889	keep receiving/always get/receive regularly	<ngah>, receive, and <den>, always, written as one word: receive or get something constantly or regularly	
s32890	will get/to receive	<ngah>, get, and <ding>, will, written as one word: will get, to be received, what one is to get	
s32891	only to get/only to receive	<ngahding>, to receive, with <bek>, only, written as one word: only for someone to receive, only in order to get	
s32892	in order to get/to receive/so as to obtain	<ngah>, get, and <dingin>, in order to, written as one word: in order to get, or for someone to receive	
s32893	slow to get/hard to get	<ngah>, get, with <hak>, slow or hard, written as one word: not get easily; of a disease, be less likely to catch it	
s32894	receive/get	<ngah> and the sentence ending <hi> written as one word: he gets, he received	
s32895	get/obtain	<ngah> and the question word <hiam> written as one word, in a question inside a sentence: where or why one got it; {koipan ngahhiam} is where did he get it from	
s32896	receive/get/obtain/find	<ngah>, receive or get, with the linking ending <in>: used when another verb follows, receiving something and then doing something else	
s32897	not get/not receive	<ngah>, get, and the negative <kei> written as one word: not get, not receive	
s32898	happen to get/catch/come to have	<ngah>, get, with the particle <kha>, happen to, written as one word: come to get something, such as an illness or a document, by chance or as it turned out	
s32899	happen to get/incur	<ngah>, get, with <khak>, by chance: come to get something unwanted; with {loh nading}, so as not to incur	
s32900	will happen to get/may get	<ngahkhak>, happen to get, and <ding>, the marker of what is to come, written as one word: will or may come to get something, wanted or unwanted, such as a job or a disease	
s32901	receive together/share in/receive along with	<ngah>, receive, with <khawm>, together: receive along with others, share in what they receive	
s32902	obtain/win/gain/capture	<ngah>, get, with <khia>, out: get something out of an effort or from another, such as a prize, an office, freedom or weapons taken in battle	
s32903	obtain/win/capture	form of <ngahkhia> used before words such as <ding>, <nading> and <kuan>	
s32904	have received/have already received	<ngah>, receive, with <khin>, already done	
s32905	have already received/have already got	<ngah>, receive or get, and <khinta>, already done, written as one word; with <ki>, has already been received or is already available	
s32906	have received	<ngah>, receive, with <khit>, finish: have received; {ngahkhit ciangin} is after receiving	
s32907	receive together/share in	form of <ngahkhawm>, receive together with others	
s32908	regain/recover/get back/receive back	<ngah>, get, with <kik>, again: get back what was lost, taken away or given up	
s32909	getting back/recovering/receiving back	<ngahkik> get back, with the linking ending <in>	
s32910	regaining/recovery	<ngahkik> get back, with the noun suffix <na>; {a ngahkikna dingin} is in order to regain	
s32911	be able to get back/can recover	<ngahkik>, get back, and <thei>, able, written as one word: able to get back what was lost or stolen; with <ki>, can be recovered	
s32912	be able to get back/can regain/can recover	<ngahkik>, get back, and <theih>, be able, written as one word, used before <nading>: {ngahkiktheih nading} is so that it can be got back	
s32913	all receive/receive in full	<ngah> receive with <kim> complete, every one receives	
s32914	fail to obtain/fall short of	<ngah> get with <lah> fail to	
s32915	long for/wait eagerly/look forward to	another spelling of <ngaklah>: wait for something with longing, after a clause with <ding>, {ding kal} or {hun ding} that names what is awaited; not <ngah>, get	
s32916	receive besides/still receive	<ngah> receive with <lai> still, further	
s32917	incur/get as a result/bring upon oneself	<ngah>, receive, with <lawh>: receive trouble or harm as a consequence	
s32918	if one gets/when one receives	<ngah>, get, and <leh>, if, written as one word: if or when someone gets or receives something	
s32919	not get/not receive/be without	<ngah>, get, and <lo>, not, written as one word: not get or not have received	
s32920	will not get/will not receive	<ngah>, get, with <loding>, will not, written as one word: will not get or have something	
s32921	not get/not receive	<ngah>, get, and the negative <loh> written as one word: not getting, used before endings such as <nading>, so as not to get	
s32922	not receiving/failure to get/not obtaining	<ngah>, receive, with <lohna>, the not doing: the fact of not getting something; {ngahlohna ahang} is the reason for not getting it	
s32923	without getting/not receiving	<ngah>, get, and <loin>, without, written as one word: without getting, as in {contact ngahloin om} be out of reach	
s32924	get very much/have plenty of/get too much	<ngah> and <lua> written as one word: get or have a great deal of something, as time or energy	
s32925	get/receive/really get	<ngah> and the stressing <mah> written as one word: indeed get; {ngahmah ngahlo} is whether got or not	
s32926	recipient/one who has got	<ngah> and <mi> written as one word: the person who receives or has got something, as a disease, a blessing or a curse	
s32927	ford/crossing	a shallow place where a river is crossed on foot, as on the Jordan, the Jabbok and the Arnon	
s32928	at the ford/at the crossing	<ngahmun> ford with the place marker <ah>	
s32929	fords/crossings	<ngahmun>, ford, with the plural <te>; with <ah> it means at the fords	
s32930	gain/getting/obtaining	<ngah>, get, with the noun suffix <na>: the getting of something or the means of getting it; {thuman lo-a ngahna} is ill-gotten gain and {pahtak ngahna} is a way to honour	
s32931	in order to get/for getting	<ngah>, get, and <nading>, in order to, written as one word: for getting, so as to obtain	
s32932	have yet got/have yet received	<ngah>, get, with <nai>, yet, written as one word and followed by <lo>: {ngahnai lo} is not yet got, not yet received	
s32933	not yet receive/not yet get	<ngah>, get, and <nailo>, not yet, written as one word: have not yet received or obtained	
s32934	gains/things received	plural of <ngahna>: the things that are received or obtained	
s32935	no longer get/no longer receive	<ngah>, get, and <nawnlo>, no longer, written as one word: something is not received any more, said often of electricity and services	
s32936	have once received/have won before	<ngah>, get, with <ngei>, ever, written as one word: have received or won something at some time in the past	
s32937	have never received/never get	<ngah> and <ngeilo> written as one word: has never received or obtained something	
s32938	want to get/wish to receive	<ngah>, get, with <nop>, want; found before <man>, because, as in {sum ngahnop manin}, because of wanting money	
s32939	desire to get/greed for	<ngahnop> want to get with the noun suffix <na>; {sum ngahnopna}, desire for money	
s32940	want to get/want to have	<ngah>, get, and <nuam>, want, written as one word	
s32941	receiver/finder/one who gets	<ngah>, get, with <pa>, the man: the man who receives, gets or finds something; {cidamna a ngahpa} is the man who was healed	
s32942	get at once/receive right away	<ngah>, get, and <pah>, at once, written as one word: get something immediately, without delay	
s32943	get soon/quickly receive	<ngah> get with <pak> quickly	
s32944	the getting/what is received	<ngah>, get, and the topic marker <pen> written as one word: the getting of something, or what someone got, as the topic of the sentence	
s32945	even if one gets	<ngah> and <phial> written as one word: even if one gets or obtains it, followed by <zongin>	
s32946	obtain for/win for/gain for	<ngah>, get, with <pih>, for or with someone: get something for a person or a group, bring it to them	
s32947	received/obtained/acquired	<ngah>, receive, with <sa>, already done: what has been received or gained; it stands before a noun, or alone after a possessor	
s32948	cause to receive/bring/grant/give	<ngah>, receive, with the causative <sak>: make someone get or have something, whether good or bad	
s32949	causing to receive/inflicting	<ngahsak> cause to receive with the linking suffix <in>; {gim ngahsakin}, making someone suffer	
s32950	be able to give/enable to receive	<ngahsak> cause to receive with <thei> be able	
s32951	manage to get for	<ngahsak> cause to receive with <zo> be able, succeed in getting something for someone	
s32952	those who have obtained/holders	<ngahsa>, obtained, and the plural <te> written as one word: those who have already got what is named, as a degree or a title	
s32953	try to get/seek to obtain/aim to win	<ngah>, get, with <sawm>, intend: set out to get or win something	
s32954	receive in turn/receive a share from	<ngah> receive with <sawn> onward, receive out of what another has received	
s32955	whenever one gets/every time one has	<ngah>, get, and <sim>, every time, as in <simin>, written as one word and followed by <in>: each time one gets something, mostly in {hun ngahsim in}, whenever there is time	
s32957	those gained/converts	the ones who have been won, from <ngah> get, with plural <te>	
s32960	received	<ngah>, receive, with <ta>, marking that the action has now taken place	
s32961	will get/will now receive/be available	<ngah>, get, and <tading> written as one word: will now get; with <ki>, will now be obtainable	
s32962	get by oneself	<ngah> get with <tawm> by oneself, without the help of another	
s32963	those who receive/recipients	<ngah>, receive, with the plural <te>: the people who receive or have something; {gupna ngahte} are those who are saved	
s32964	things received/gains	<ngah>, receive, with the plural <te>: the things that have been received or taken, as in {na ngahte uh}, what you receive	
s32965	each get/all receive	<ngah>, get, and <tek>, each, written as one word: every one of them gets or suffers it, as in {liamna ngahtek}, all were injured	
s32966	newly received/newly obtained/newly appointed	<ngah> and <thak> written as one word, placed after a noun: newly got, as a new case of an illness, or a person who has just received a degree or an office	
s32967	be able to receive/can get	<ngah>, receive, with <thei>, can: be able to receive or get	
s32968	will be able to get/can receive	<ngah>, get, with <theiding>, will be able, written as one word: will be able to get; with <ki>, can be obtained	
s32969	be able to receive/can obtain/may get	form of <ngahthei>, be able to receive, used before <nading>: so that one may receive	
s32970		<ngahthei>, can get, and the question particle <hiam> written as one word: how or where could one get it; closes an indirect question	
s32971	obtaining/means of getting	<ngahtheih> be able to get, with the noun suffix <na>; {sum ngahtheihna ding} is in order to get money	
s32972	gain in addition/gain more	<ngah>, receive, with <thuah>, in addition	
s32973	receive regularly/receive as allowance	receive a portion again and again; <ngahthuapna> is an allowance	
s32974	allowance/provision	what a person is regularly given to live on	
s32975	go on to get/come to hold/attain	<ngah>, get, and <to>, onward, written as one word: reach or win a place, rank or amount in the course of events	
s32976	keep gaining/receive more and more	<ngah> receive with <toto>, going on and increasing	
s32977	each receive/get each	<ngah>, receive, and <tuak>, each, written as one word: each of them receives	
s32978	get/receive/obtain	<ngah> and the plural marker <uh> written as one word: they get, they receive	
s32979	portion/share	<ngah>, receive, with <zah>, amount: the amount a person receives, a share or portion, also pay	
s32980	whatever one gets/as much as one gets	<ngah> get with <zahzah> as much as	
s32981	receive/receive more/get more	<ngah>, receive, with <zaw>, more: receive or get more than others; the others are followed by <sangin>, than	
s32982	win/gain/obtain/manage to get	<ngah>, get, with <zawh>, form of <zo>, be able: succeed in getting; this form is used before <nading> and {nak-uhleh}	
s32983	be able to get/obtain/attain	<ngah>, get, with <zo>, be able or succeed: manage to get, obtain	
s32984	be unable to get/fail to obtain	<ngah>, get, and <zolo>, cannot, written as one word: not manage to get or reach something	
s32985	listen/pay attention	give ear to what is said and take it to heart; {ngai in} is the command to one person and {ngai un} to several	
s32986	miss/long for/love	feel the absence of a dear person or be fond of someone, with a person as object and often <mahmah> or <lua> after it; {ki ngai} is to be in love with each other; not the meaning listen, which has speech as object	
s32987	listen/hear/pay attention	<ngai> written with a capital at the start of a call	
s32988	forgive/pardon/excuse	forgive a fault or mistake; the closing line {khialhna a om leh ngaidam} asks the reader to pardon any mistakes	
s32989	listen/hear/heed	form of <ngai> used before words such as <lai>, <ding> and <loh>	
s32990	lovely/charming/beloved	{ngaih baang} means lovely or attractive, and {lawm ngaih} is a beloved	
s32991	loud	loud, of a voice or sound, as in {aw ngaih}	
s32992	love/long for/miss	form of <ngai> in its meaning love or long for a person, used before words such as <pen> and <mahmah>; {i ngaih pen} is the one we love most; not listening and not loudness	
s32993	loveliness/charm	{ngaih baang} lovely with the noun suffix <na>; the English versions have breasts here	
s32994	beautiful/handsome/lovely/attractive	pleasing to look at, said of women and of men	
s32995	lovely/handsome/attractive	<ngaihbaang>, pleasing to look at, with <in>, linking to what follows	
s32996	most beautiful/loveliest	<ngaihbaang>, beautiful, with the superlative <pen>, most	
s32997	more beautiful/lovelier	<ngaihbaang>, beautiful, with the comparative <zaw>, more	
s32998	charm/loveliness/attractiveness	<ngaihbaang> lovely, attractive, with the noun suffix <na>: the charm of a woman	
s32999	charm/attractiveness/loveliness	<ngaihbaang>, lovely, with the noun suffix <na>	
s33000	lovely/attractive/charming	pleasing and lovable in looks, voice or manner	
s33001	as one beloved/as a lovely one	probably <ngaih> lovely or beloved with <bangin> as, like	
s33003	opinion/view/way of thinking	a way of thinking about a matter, an opinion; {ngaihdan tuamtuam} is different views. With <dan>, way, after other verbs of the same form it is also the way of listening or the way of loving	
s33004	lovely/charming/desirable/handsome	<ngaih>, love or long for, with <huai>, deserving of: lovely, pleasing to look at, said of men and women	
s33005	worth listening to/worth heeding	<ngaih>, listen, with <huai>, deserving of: worth listening to; with <zaw> it means more worth heeding	
s33006	miss/long for	<ngai>, miss or long for, and the question word <hia> written as one word: {nong ngaihia} is do you miss me	
s33007	heeding/listening to	<ngaih> with <in>; {ngaihin nei} is give heed to, hold dear	
s33008	love/adore	be fond of, long for; with <tuahpha>, it is right to love	
s33009	not love	<ngaih>, love, and <loh>, not, written as one word; {ngaih leh ngaihloh} is loved or not loved	
s33010	not listen	<ngaih>, listen, and <loh>, not, written as one word	
s33011	very loud/too loud	of a sound, loud, with <lua> very or too much	
s33012	very loud	<ngaih>, loud, and <mahmah>, very, written as one word: very loud, of a sound, mostly after <gin>, sound	
s33013	a very loud one	<ngaihmahmah>, very loud, and <khat>, one, written as one word, after <agin>: {agin ngaihmahmahkhat} is a very loud sound	
s33014	secure/at ease/carefree	without fear or worry; {ngaihmuang takin} is securely, in peace	
s33015	confidence/assurance/trust	the state of being able to rely on something, named beside <lungmuanna>, peace of mind	
s33016	longing/affection	<ngaih>, long for, with the noun suffix <na>: the missing of a person who is dear, longing	
s33017	listening/heeding/obedience	<ngaih>, listen, with the noun suffix <na>: the act of listening to what is said; {thu ngaihna} is obedience	
s33018	keep listening/listen again and again	<ngaih>, listen, doubled for a continued action	
s33019	keep thinking/ponder/dwell on	after <lung>, mind, as {lung ngaihngaih}: keep turning a thing over in the mind or keep longing, where the other sense is listening with the ears	
s33020	beloved/darling/sweetheart	<ngaih>, long for, with the endearing <no>: the one a person loves, said by lovers of each other	
s33021	beloved/darling	<ngaihno> written with a capital at the start of a line, used to address a lover: {Ngaihno aw}, my beloved	
s33022	want to listen/be willing to hear	<ngaih>, listen, with <nop>, want; {mi’ ngaihnop dingin pau} is speak so that people like to listen, and {ngaihnop-huai} is pleasant to listen to	
s33023	girlfriend/sweetheart/beloved	<ngaih>, beloved, with <nu> marking a woman: the girl or woman a man loves; mostly {lawm ngaihnu}, girlfriend	
s33024	boyfriend/sweetheart/lover	<ngaih>, beloved, with <pa> marking a man; used after <lawm> as {lawm ngaihpa}, the man a woman loves, which is also written <lawmngaihpa>	
s33025	most beloved/dearest/best loved	<ngaih>, lovely or beloved, and <pen>, most, written as one word: the most loved; {la ngaihpen} is the best loved or sweetest song	
s33026	loveliest/most beloved	<ngaih>, dear or lovely, with <pen>, most, and plural <te>: the loveliest; {la ngaihpente} is the loveliest of songs, the Song of Songs	
s33027	love along with/be in love with	<ngaih>, love, with <pih>, together with: love someone as one of one’s own; {ki ngaihpih} is the one a person is in love with	
s33028	listen attentively/listen to/pay attention to	<ngaih>, a form of <ngai>, listen, with <sak>: listen carefully to what someone says	
s33029	raise the voice/make loud	<ngaih.3>, loud, with <sak>: make the voice loud, after <aw>, voice; not the listening of the other sense	
s33030	think/consider/think about	use the mind: think about something, consider it, or regard a person or thing in a certain way; {ngaihsun un} is the command to several people	
s33031	thinking of/considering	<ngaihsun>, think, with the linking <a>: while thinking about something, or with someone in mind	
s33032	thinking/considering/meaning/having in mind	<ngaihsun>, think, with the linking suffix <in>: having something in mind while doing the next action, or meaning something by what is said	
s33033	think at the same time/hope meanwhile	<ngaihsun>, think, with <kawm>, while: think or hope something at the same time as doing something else	
s33034	suppose/imagine/think	<ngaihsun>, think, with <kha>: come to think that something is so, often of a mistaken idea; {ngaihsunkha kei un} is do not suppose	
s33035	think wrongly/be mistaken/be in error	<ngaihsun>, think, with <khial>, wrongly: have a mistaken idea	
s33036	think back on/reconsider/recall	<ngaihsun>, think, and <kik>, again or back, written as one word: think something over again, or think back on what is past	
s33037	not think/not consider	<ngaihsun> and <lo> written as one word: do not think of something, do not consider or intend it	
s33039	let think/make think	<ngaihsun>, think, with the causative <sak>: let or make someone think; {bangmah ngaihsunsak thei lo} is leave one unable to perceive anything	
s33040	meditate/ponder/keep thinking about	<ngaihsun>, think, with the last part doubled for thinking again and again: meditate on, ponder	
s33041	pondering/thinking over and over	<ngaihsunsun>, keep thinking about, with <in>, linking to the next verb	
s33042	those who think/those who plan/those who consider	<ngaihsun>, think, with plural <te>: the people who think, plan or consider something; {thusia ngaihsunte} are those who plot evil	
s33043	can think/can imagine/can regard	<ngaihsun>, think, and <thei>, able, written as one word: be able to think of or imagine something, or to regard it in a certain way	
s33044	think/consider/think about	form of <ngaihsun>, think, used before <ciangin>, <ding>, <na>, <theihna> and in dependent clauses	
s33045	think back on/reflect on/think over again	<ngaihsut>, think, and <kikkik>, again: look back on a thing and think it over; mostly {ka ngaihsut kikkik leh} or with <ciangin>, when I think back on it, before the conclusion the writer draws	
s33046	think over/consider carefully/reflect on/ponder	<ngaihsut>, think, and <phat>, which after a verb here means well or thoroughly and not praise: think a matter over with care; very often followed by <huai>, {ngaihsut phat huai}, worth thinking over, or by <ding>	
s33047	suggestion/advice/recommendation	<ngaihsut>, thought, and <piakna>, a giving: a suggestion or piece of advice offered to someone; the person advised stands before it with <tungah> or <adingin>	
s33048	ability to think/reasoning/intellect	<ngaihsut>, think, with <theihna.2>, the power to understand: the faculty of thinking, the mind's ability to reason; often {thu ngaihsut theihna}	
s33049	way of thinking/view/opinion	<ngaihsut>, think, and <dan>, way, written as one word: how a person thinks about something	
s33050	to think about/to consider	<ngaihsut>, think, and <ding> written as one word: to be thought about, something to consider; {ngaihsutding thu} is a matter to think about	
s33051	worth considering/thought-provoking	<ngaihsut>, think, and <huai>, worthy of, written as one word: that deserves to be thought about	
s33052	think about/consider/take to heart/pay attention to	<ngaihsut>, think, with the linking ending <in>; {ngaihsutin nei} is set the mind on something, take it to heart	
s33053	regard/think of/happen to think	<ngaihsut>, think, with <kha>, happen to: come to regard something in a certain way; {neu ngaihsutkha} is think little of, show contempt for	
s33054	think/suppose/have in mind	form of <ngaihsutkha>, happen to think, come to think, used in dependent clauses	
s33055	think again/think back on/reconsider	<ngaihsut>, think, with <kik>, again or back, written as one word: think a thing over again, or look back on it	
s33056	not consider/not think/disregard	<ngaihsut> and <lo> written as one word, after a describing word: not think it so; {thupi ngaihsutlo} is not consider it important	
s33057	not think/not consider	<ngaihsut> and the negative <loh> written as one word: not think of, not consider; {ngaihsutloh kaalin} is while one is not thinking of it, unnoticed	
s33058	idea/thought	<ngaihsut>, think, with the noun suffix <na>: what a person thinks, a thought or idea	
s33059	plan/purpose/counsel	<ngaihsut>, think, with the noun suffix <na>: what has been thought out, a plan or purpose; also the advice that one gives	
s33060	mind/intellect/thinking brain	<ngaihsutna>, thought, and <khuak>, brain: the brain as the seat of thinking, the mind or intellect; with <nei> also the idea for something	
s33061	thoughts/plans	plural of <ngaihsutna>: thoughts or plans, of God or of people	
s33062	goal/chief concern/main aim	<ngaihsut>, think, with <pi>, great or main: the main thought or aim; {ngaihsutpi-in nei} is set the heart on something, make it the chief concern	
s33063	suggestion/advice/opinion	<ngaihsut>, think, and <piakna>, giving, written as one word: a thought offered to others, a suggestion or piece of advice	
s33064	think about for someone/consider on behalf of/feel for	<ngaihsut>, think, with <pih>: give thought to the situation or need of someone, think it over with or for that person	
s33065	plan/purpose/decision	<ngaihsut>, think, with <sa>, already done: what has already been thought out or decided, a plan or decision	
s33066	consider on behalf of/regard as	<ngaihsut>, consider, with <sak>: think of something on behalf of another, or regard something in a certain way	
s33067	discerning/thoughtful/capable	<ngaihsut>, think, with <siam>, skilled: good at thinking, discerning; {thu ngaihsutsiam mi} is a capable, sensible man	
s33068		<ngaihsut>, the form of <ngaihsun>, think, used before a suffix, with <suah>, bring out or become: bring about or carry through what <ngaihsun> names; the page lists the form without a meaning	
s33069	keep thinking/think over/ponder	<ngaihsut> think with the last syllable repeated: go on thinking about something, think it over and over	
s33070	self-devised/made up/of his own invention	<ngaihsut> think, with <tawm>, by oneself: thought up on his own; {ngaihsuttawm thu} is what someone says on his own authority, not what he was given to say	
s33071	those who regard/those who consider	those who think of or regard something in a certain way; {a thupi ngaihsutte}, those who regard something as important	
s33072	thoughts/what people think	<ngaihsut>, think, with plural <te>: the things that people think, plan or take to be so	
s33073	worth considering/fit to be thought about	<ngaihsut>, the form of <ngaihsun>, think, used before a suffix, with <tuak>, be fitting: worth considering	
s33074	consider more/regard more highly	<ngaihsut>, consider, with <zaw>, more; {thupi ngaihsutzaw} is consider more important, value above another	
s33075	fathom/comprehend	<ngaihsut>, think, with <zawh>, form of <zo>, be able: be able to think through; with {ding hi lo}, beyond understanding	
s33076	way of thinking/philosophy	<ngaihsut>, think, with <zia>, manner	
s33077	ways of thinking/attitudes	<ngaihsutzia>, way of thinking, with the plural <te>	
s33078	loudly/aloud	<ngaih>, loud, with <takin>, which makes an adverb: loudly; said of singing or shouting for joy	
s33079	lovers/beloved ones	<ngaih>, dear or beloved, with plural <te>; used after <lawm>, friend, as {lawm ngaihte}: lovers, and as a figure for allies	
s33080	Ngaihte		
s33081	Ngaihte people	<Ngaihte> with the plural <te>, set off by a hyphen because the name itself ends in that syllable: the people of the Ngaihte clan	
s33082	all the beloved/all the dear ones	<ngaih>, love, and <teng>, all, written as one word: all those who are dear, used in addressing readers or kin, often {it leh ngaihteng}	
s33083	lovable/worth longing for	<ngaih>, love or long for, with <tham>, worth: worth loving or missing	
s33084	as loud as possible/very loud	<ngaih>, loud, with <theithei>, here as much as can be: as loud as possible, said of a sound, {agin ngaihtheithei}	
s33085	since being in love/time as lovers	<ngaih>, love, and <zawh>, since, written as one word after the prefix <ki> or <aki>: {aki ngaihzawh} is the time since two people became lovers, followed by a number of years	
s33086	listen rather/heed	<ngaih>, listen, with <zawk>, rather or more: listen to or heed instead; said of what should have been heeded	
s33087	happen to hear/get to listen	<ngai>, listen, and the particle <kha>, happen to, written as one word; other uses in the articles are unclear	
s33088	listen again/hear again	<ngai>, listen, with <kik>, again	
s33089	keep listening/bear with longer	<ngai>, listen, with <lai>, still: go on listening, bear with someone a little longer	
s33090	Ngailan		
s33091	not listen/not heed/disregard	<ngai>, listen, and <lo>, not, written as one word: not listen to or heed what is said	
s33092	not love/not care for	<ngai>, here love or long for, and <lo>, not, written as one word: not love or be fond of someone; often paired with <itlo> and <deihlo>	
s33093	love too much/be obsessed with	<ngai>, long for or love, with <lua>, too much: be so in love as to be obsessed	
s33094	be fond of/like/love	like or be attracted to something or someone; {laibu ngaina mi} is a lover of books	
s33096	keep listening/listen on	<ngai>, listen, said twice for continued action: keep on listening	
s33097	keep pondering/meditate/think over	after <lung>, heart: {lung ngaingai} is <lungngai>, ponder, with its second part said twice, keep turning a matter over in the heart, not listening with the ears	
s33098	politics	politics, the affairs of state and of parties; {Ngaingngaanzee party} is a political party; one writer spells the Burmese word this way and with a capital	
s33099	want to listen/be willing to listen	<ngai>, listen, with <nuam>, want	
s33100	Ngaiphaipi		
s33101	Ngaiphaite		
s33102	make obey/make listen	<ngai>, listen or heed, with the causative <sak>: make someone or something obey	
s33103	listen secretly/overhear	<ngai>, listen, with <sim>, secretly: listen in on what others are saying	
s33104	think/consider	another spelling of <ngaihsun>, think; {bangci na ngaisun hiam} is what do you think	
s33108	those who listen/those who heed/those who welcome	<ngai>, listen or heed, with plural <te>: the ones who listen to someone; also of those who welcome a person	
s33109	those who miss/those who love/loved ones	<ngai.2>, miss or be fond of, with plural {-te}: the people who love someone and feel his absence, in the condolence formula {a it a ngaite}, those who love and miss him; not those who listen	
s33110	fall in love at once/take to at once	<ngai>, love, <thei>, can, and <pah>, at once, written as one word: come to love someone straight away, as at first sight	
s33112	Ngaizam		
s33113	love more/hold dearer/be more attached to	<ngai>, here love or long for, and <zaw>, more, written as one word: love someone or something more	
s33114	obey/heed	<ngai>, listen, with <zo>, carry through: do what one was told; {thu ngaizo} is obey a word	
s33115	wait/wait for/keep watch	wait for someone or something, or stay awake and keep watch	
s33116	waiting for/awaiting	<ngak>, wait for, and the linking <a> written as one word: while waiting for, depending on; {lupna ngaka} is confined to bed	
s33117	wait for/await	<ngak>, wait, and <bawl> written as one word: wait on purpose for something to happen or to pass	
s33118	wait/keep watch/stand guard	<ngak>, wait, and <cip>, firmly, written as one word: wait without leaving, or stay on guard at a place	
s33119	will wait/to wait	<ngak>, wait, and <ding>, will, written as one word: will wait, or having to wait	
s33120	waiting/waiting for	<ngak>, wait, with the linking suffix <in>: waiting, while waiting; often followed by <om>, be	
s33121	keeping to/staying at	staying in one place without leaving it, said of a sick person or of one who minds the house: {lupna ngakin om} is be bedridden and {inn ngakin om} is stay at home keeping the house	
s33122	while waiting/as one waits	<ngak>, wait, and <kawm>, while, written as one word, usually followed by <in>: while waiting for something	
s33123	while waiting	<ngak>, wait, with <kawm>, while, and the linking suffix <in>: while waiting for something	
s33124	while waiting	<ngak>, wait, with <kawm>, while, and <un>, the linking suffix for more than one person: while you wait	
s33125	keep watch with/wait together	<ngak>, wait or watch, with <khawm>, together	
s33126	have laid on	<ngak>, lay or rest upon, with <khit>, finish: have laid on, said of laying hands on someone; {ngakkhit ciangin} is after laying on	
s33127	have to wait/must wait	<ngak> and <kul> written as one word: it is necessary to wait	
s33128	will have to wait/must wait	<ngak>, wait, and <kulding>, will have to, written as one word	
s33129	long for/wait eagerly/be eager	wait for or want something with impatience, be eager for it; {an ngaklah} is be greedy for food	
s33130	eagerly awaited/worth waiting for	<ngaklah>, wait eagerly, and <huai>, worthy of, written as one word: something one looks forward to or is eager to see	
s33131	longing/yearning	<ngaklah>, long for, with the linking suffix <in>: longing, while longing	
s33132	longing/eager waiting/impatience	<ngaklah>, wait eagerly, with the noun ending {-na}: eager or impatient waiting for something, also the complaint of one who is tired of waiting	
s33133	still wait/wait longer/go on waiting	<ngak> wait, with <lai> still, any longer	
s33134	be waiting for/be awaiting	<ngak>, wait, with <laitak>, at the very time, written as one word: at present still waiting; after <ki>, is now being awaited	
s33135	semicolon	punctuation mark: the semicolon, a longer stop than <husanna>, the comma, and shorter than <ngakna>, the colon	
s33136	colon	the punctuation mark colon, written in place of a comma before quoted words when {a ci hi}, he said, is left out, as after the name of the speaker in a dialogue	
s33137	not wait/not wait for	<ngak>, wait, and <lo>, not, written as one word	
s33138	stand/rest/base	<ngak>, rest or lay upon, with the noun suffix <na>: the thing on which something rests, as the stand of a basin; {khe ngakna} is a footstool	
s33139	waiting/waiting place	<ngak>, wait, with the noun suffix <na>: the act of waiting or the place where one waits, as {Bus ngakna}, a bus stop; not {ngakna} a stand on which a thing rests	
s33140	colon	punctuation mark, the waiting place, from <ngak>, wait: the colon	
s33141	stands/rests/supports	plural of <ngakna>: things on which something rests; {ban ngaknate} are armrests, and the {ngaknate} of a basin are its stand	
s33142	waiting/perseverance	plural of <ngakna> in the sense of waiting: the times one waits patiently, perseverance	
s33143	keep waiting for/wait and wait	<ngak>, wait, doubled to show that the waiting goes on	
s33144	habitually/commonly/over and over	after a verb of speaking such as <kici> or <cih>, with no thought of waiting: the thing is said or done again and again, as a habit	
s33145	long waiting/longing	<ngak> wait, said twice for continued action, with the noun suffix <na> and <in> marking the cause: because of waiting and waiting	
s33146	wait a long time/wait and wait	<ngak>, wait, with the descriptive word <ngeungau>: keep waiting long and wearily	
s33147	lay on/place on	<ngak>, rest upon, with the causative <sak>: lay or place on; {khut ngaksak} is lay a hand on a person	
s33148	make wait/keep waiting	<ngak> in its meaning wait, with the causative <sak>: make someone wait or keep someone waiting, as passengers for a bus or applicants for an office; not lay a hand on	
s33149	laying on/casting upon	<ngaksak>, lay on, with the linking suffix <in>; {lupna ngaksakin} is laying someone on a bed	
s33150	those laid upon	those on whom something has been laid, here the hands, from <ngak> lay upon, <sa> already and plural <te>	
s33151	those who wait/those who hope	<ngak>, wait, with plural <te>: people who wait for someone or put their hope in him	
s33152	attendants/keepers/minders	<ngak> in its meaning keep watch over a place, with plural <te>: the people who mind a place, as in {sumbuk ngakte} shop attendants and {inn ngakte} those who stay to mind the house	
s33153	wait rather/wait instead	<ngak>, wait, with <zaw>, rather: wait instead of doing something else	
s33154	wait through/manage to wait/have waited	<ngak>, wait, and <zawh>, finish or be able, written as one word; the form of <ngakzo> used before <ding>, <hangin> and <ciangin>: be able to wait, or have waited a length of time	
s33155	patience/ability to wait	<ngakzo>, be able to wait, with the noun suffix <na>: the ability to wait, patience	
s33156	be able to wait/manage to wait/wait through	<ngak> wait, keep watch, with <zo>, be able, manage to	
s33157	cannot wait/be unable to wait	<ngakzo> and <lo> written as one word: not manage to wait	
s33158	those who wait/those who can wait	<ngakzo>, be able to wait, with the plural {-te}: those who manage to wait, as in the saying that good things come to those who wait	
s33159	wild boar/boar	a wild pig that lives in the forest	
s33160		placed after <kei>, not, and before <leh>, if, to stress the condition: {kei ngal leh} is unless, if indeed not	
s33161	strength/effort/labor	the second half of the pair <tha leh ngal>, strength and effort: the bodily work a person gives, named beside money and skill; not the animal	
s33162	other than/apart from/except	after <lo> or <loh>, not, as in {cih loh ngal} and {cih ding lo ngal}: apart from that, followed by a statement that there is nothing else or that all the rest is different	
s33163	wild boar/boar	a wild pig that lives in the forest; the same word as <ngal>, written with a capital in one text	
s33164	Ngalbual		
s33165	Ngaleng		
s33166	strong/vigorous/sturdy	<ngal>, strength, with <hat>, strong: strong and full of vigour, the opposite of <zawngkhal>, weak	
s33167	lone boar/loner	a wild boar that goes about alone, from <ngal>, wild boar, and <khaat>, single; {ngalkhaat bang} is like a lone boar, said of one who acts alone and does not join with others	
s33168	wild bee/hornet	a kind of wild bee or hornet, <khuai>, that moves its nest from place to place; the exact kind is not settled	
s33169	hero/warrior/brave man	a brave man who fights for his people, a word of songs and of praise; {Zomi ngalliam} is a hero of the Zomi	
s33170	not face/not rest on	<nga> and <lo> written as one word: not turned toward something; {ki ngalo} is not depend on	
s33171	jointed leg/hind leg	the jointed upper leg above the foot that an insect such as a locust uses for hopping	
s33172	big wild boar/lone boar	<ngal>, wild boar, with <tang>: a full-grown boar, bigger game than a deer; known from the saying {sakhi man lo ngaltang tum}, not having caught a deer one aims for a boar, said of reaching for the greater thing before having the lesser	
s33173		Saying: the tusk of a <ngaltang>, a big boar, once grown out never goes back in; a man does not take back a word he has spoken	
s33174	hornet/wasp	a kind of wasp or hornet that has grubs and no honey, named beside <ngaltun> and <tuunpi>; its nest is taken at the <Khuado> festival and addressed in the song of the <khuai>	
s33175	greaves	armour worn on the lower legs, in the verse made of bronze	
s33176		a kind of wild bee or wasp, named together with <ngalthen> and <khuaithuum>; its nest was looked at for omens at the Khuado festival; the exact kind is not determined	
s33178	hyraxes/conies	plural with <te>: small animals of little strength that make their home among the rocks	
s33179	Ngalwegyin		
s33180	Ngalzang		
s33181	dare	have the courage to do something; placed after the main verb, and very often used with <kei> or <lo>, not dare	
s33182	Ngaman		
s33183	dare to/will dare	<ngam>, dare, and <ding> written as one word after a verb: to dare to do it, will dare to do it	
s33184	daring/risking	<ngam>, dare, with the linking suffix <in>; follows the verb that names what is dared, as in {nuntakna pia ngamin}, risking life	
s33185	dare not/not dare	<ngam>, dare, and <kei>, not, written as one word and placed after the main verb	
s33186	be afraid to/hesitate	<ngam>, dare, with <lah>, fail to: not have the courage to do something, hold back from it	
s33187	simply dare/just go ahead and	<ngam>, dare, and <lel>, just, written as one word after a verb: do it boldly and without hesitation	
s33188	dare not/not dare/be afraid to	<ngam>, dare, and <lo>, not, written as one word after a verb: not dare to do it	
s33189	not dare/dare not	<ngam> and <loh> written as one word after a verb: that one does not dare to do, as in {gen ngamloh}, that one dare not say	
s33190	not daring/lack of courage	<ngam>, dare, with <lohna> written as one word after a verb: the fact of not daring to do it; {pai ngamlohna mun} is a place where one dare not go	
s33191	those who dare not	<ngamlo>, dare not, with the plural <te> after a verb: the people who do not dare to do it	
s33192	dare/have the nerve	<ngam>, dare, and <mawk> written as one word, after a verb: do a bold or shocking thing without fear or shame, as in broad daylight	
s33193	boldness/daring/courage	<ngam>, dare, with the noun suffix <na>: being bold enough to do something; placed after the verb, as in {gen ngamna}, daring to speak	
s33194	acts of daring/boldness	<ngamna>, daring, with plural <te>; {mawh gamtat ngamnate} is their daring to act sinfully	
s33195	Ngamngai		
s33196	one who dares	<ngam>, dare, with <pa>, the male one: the one who dares to do something	
s33197	now dare/come to dare	<ngam>, dare, and the particle <ta>, now or already, written as one word after a verb: now dare to, have come to dare	
s33200	those who dare/those who risk	<ngam>, dare, with plural <te>: the ones who dared to do something; {ngawng a dawh ngamte} are those who risked their necks	
s33201	Ngamyinthaung		
s33202	would rather dare/be more willing	<ngam>, dare, with <zaw>, more or rather; {sum ngamzaw} is be willing rather to lose	
s33203	fifth	<nga>, five, with <na>, which makes an ordinal number: fifth; {sawm-le-ngana} is fifteenth	
s33204	small fish	<nga>, fish, with <neu>, small	
s33205	throbbing	placed after a verb of pain, describing a continual throbbing ache; {tum ngangngang} is ache without stopping	
s33207	fifth day	<nga> and <ni> written as one word: the fifth day; {Ni ngani}, the fifth day of the week, is the Bible name of Thursday in the book's table	
s33208	dare/be up to/venture	have the courage or the strength to do something; {na ngap nak leh} is if you dare, {ka ngap kei} is I am not up to it	
s33209	ford/wade across/cross	cross water on foot, as at a ford; {ka ngap zo kei hi}, I could not get across	
s33210	Ngapali	beach and resort on the coast of Rakhine State in Myanmar, near Thandwe	
s33211	great fish/huge fish/whale	<nga>, fish, with <pi>, big: the great fish that swallowed Jonah	
s33212	fish paste/shrimp paste/ngapi	Burmese fermented paste of fish or shrimp, with a strong smell, eaten as a relish	
s33213	as one pleases	second part of the pair {utkeng ngapkeng}, from <ut>, want, and <ngap>, dare: doing just what one likes and dares, without regard for what is due	
s33214	not dare/cannot bear to/not be up to	<ngap>, dare or be up to, and <lo>, not, written as one word after a verb: not have the heart or the strength to do it	
s33215	not be up to/be unable	<ngap> and <loh> written as one word: not having the strength or heart for something; {ngaploh hun} is a time when one is not up to it	
s33216	daringly/boldly	<ngap>, dare, doubled: keep daring, do something boldly and without holding back	
s33217	wade through/ford/cross on foot	<ngap> ford, with <tan>, cut across: go through water on foot; with <sak>, lead someone through	
s33218	lead through water/make wade through	<ngaptan> wade through, with <sak>, cause to: take someone across water on foot	
s33219	be able to wade across/be able to ford	<ngap>, wade across, with <zo>, be able	
s33220	fish	a fish, as a living creature and as food; {ngasa bengte} are fishermen	
s33221	Fish	capitalised form of <ngasa> fish, in the name {Ngasa Kongpi}, the Fish Gate of Jerusalem	
s33222	make face/turn toward/lay on	<nga>, face or be turned toward, with the causative <sak>: make a thing face a direction; of hands, lay them on someone	
s33223	fish scale/scales	<ngasa>, fish, with <lip>, scale	
s33224	fish		plural form of <ngasa>
s33225	Ngasha		
s33226	Ngashaung		
s33227	fishing/angling	catching fish with a hook; {ngasiahna sikkawi} is a fish hook	
s33228	lower/let down/set down	put a carried thing down, with <suk>, downward: lower a jar or a sack to the ground	
s33229	turn toward/incline/face	turn a part of the body toward something; {bil ngat} is incline the ear, pay attention, {mai ngat} is set the face toward, and {nung ngat} is turn the back on	
s33230	Ngatan	stream followed and crossed on the way from <Zangpitam> to <Ciimnuai>	
s33231	fish		plural form of <nga>
s33232	the five/five	<nga>, five, with the plural <te>: the five things of a set that is named before it, as in {Solas ngate}, the five Solas, and after {sawm le} the fifteen; not fish	
s33233	Ngatgyaungwa		
s33234	facing/turning toward	<ngat>, turn toward, with the linking ending <in>: with the face or ear turned toward something while another action follows	
s33235	pointing at/holding at/threatening with	after the name of a weapon, as in {temta ngatin}, with a knife pointed at someone to threaten him while another action follows; not the face or ear turned toward something	
s33236	direction faced/facing	<ngat>, face or turn toward, with the noun suffix <na>; the side or direction toward which a thing is turned	
s33237	lifting up/raising onto	with <to>, upward, and <in>, linking to the next verb: lifting a load up onto the shoulder	
s33238	make face/turn toward	<ngat>, face, with the causative <sak>: make something face a certain way	
s33239	strictly/firmly	strictly, without exception: <ngat> with <takin>, which makes an adverb; said of a law that must be strictly obeyed	
s33240	Ngattakin		
s33241	langur	a long-tailed kind of monkey; the proverb {zawng nek ngau in thuak lawh} says that the langur suffers for what the monkey ate	
s33242	destitute/needy	paired with <zawn>, poor, as {zawn leh ngau}: poor and destitute	
s33243	destitution/want/poverty	the state of having nothing; nearly always said together with <zawnna>, poverty, as {zawnna ngauna}, poverty and want	
s33244	earnestly/keenly/deeply	placed after a verb of feeling, asking or saying: with deep and lasting feeling, earnestly and again and again, as in {lunggulh ngaungau}, long for keenly, and {kap ngaungau}, keep whining	
s33245	five times	<nga>, five, with <vei>, times	
s33246	five times	<ngavei>, five times, written with a capital at the start of a sentence	
s33247	fifth/fifth time	<ngavei>, five times, with the ordinal suffix <na>: the fifth time	
s33248	at last/finally/just then	written twice, {ngaw ngaw} or {ngaw-ngaw}: at last, only then, after a wait or several attempts	
s33249	neck	probably a spelling of <ngawng>, neck; {a ngawg kuaitan} is break its neck	
s33250	hold accountable/blame/charge/accuse	lay the guilt for something on someone; {sihna sisan ngawh} is hold someone accountable for a death	
s33251	harshly/roughly/angrily	placed before or after a verb, harshly or in anger; {ngawh dawn} is answer harshly	
s33252	accuse/blame	<ngawh>, accuse, with <bawl>, do: lay the blame on someone, often for something not proved	
s33253	accusation/allegation/charge	<ngawh>, accuse, with <bawlna>, doing, written as one word: the act of accusing someone, or the accusation made	
s33254	answer harshly/reply roughly	<ngawh>, harshly, with <dawn>, answer: give someone a harsh answer	
s33255	blaming/accusing	<ngawh>, blame, with the linking suffix <in>: blaming; {Topa ngawhin heh} is be angry and put the blame on the Lord	
s33256	accusation/allegation/charge	a claim that someone has done wrong; {ngawhna nial} is deny an accusation and {ngawhna tuak} is be accused	
s33257	accusations/charges/allegations	plural of <ngawhna>: the charges laid against someone	
s33258	give in anger	<ngawh>, in anger, with <piak>, give: give something in anger	
s33259	fish weir/fish trap	a barrier or trap set in a stream to catch fish	
s33260	go without/abstain from/fast	go without something; {an ngawl} is go without food, fast	
s33261	starve/deprive of food	after <an>, food: keep someone wholly without food, from <ngawl>, go without, and <cip>, completely	
s33262	going without/fasting/abstaining from	<ngawl>, go without, with the linking suffix <in>; {an ngawlin} is going without food, fasting	
s33263	deprive of/make go without/make abstain	<ngawl>, go without, and the causing <sak> written as one word: make someone go without something; {an ngawlsak} is leave without food, starve, and of a habit, make someone give it up	
s33264	indeed/surely	word of emphasis placed after a verb or after <kei>, stressing that something is surely so or surely not so; {na ngawn} is another way of writing <nangawn>, even	
s33265	neck	the neck of a person or animal; {ngawng tan} is behead, and {puan ngawng} is the collar of a garment	
s33266	behead/cut off the head	<ngawng>, neck, and <tansak>, have cut off: behead a person; the person stands before it, often with <a>, his or her	
s33267	on the neck/around the neck	<ngawng>, neck, with the place marker <ah>: on or around the neck, said of a yoke, a chain or a millstone	
s33268	only then/at last	word of emphasis placed after a time or a verb: only at that point, at long last, not before	
s33269	by the neck	<ngawng>, neck, with the marker <in>: by the neck; {ngawngin man} is seize by the neck	
s33271	embracing/hugging/throwing the arms around	<ngawng>, neck, with <kawi>, embrace, and the linking suffix <in>: putting the arms around the neck of someone	
s33272	neck meat	<ngawng>, neck, with <sa>, meat: the meat of the neck of a slaughtered animal	
s33273	long-necked	<ngawng>, neck, and <sau>, long, written as one word: with a long neck; {sa ngawngsau} is a giraffe and {khedap ngawngsau} a boot	
s33274	behead/decapitate	<ngawng>, neck, and <tan>, cut off, written as one word: cut off the head, behead	
s33275	behead/have beheaded	<ngawngtan>, behead, and <sak> written as one word: cut off the head of someone, or have someone beheaded	
s33276	on the neck	{ngawngzang}, the neck or nape, with the place marker <ah>: on the neck, said of a yoke or load	
s33277	even	<ngawn> and <in> written as one word after <na> or {te na}: the second part of {na ngawn in}, the same as <nangawn>, even	
s33278	Ngawnte		
s33279	even/even also	<ngawn> and <zong>, also, written as one word, for {nangawn zong} with its first part written apart: even that, even in that case	
s33280		placed after a verb to show that the action is done heavily, thoroughly or all over; close in use to <gawp>	
s33281	Ngayaung		
s33282	tender/delicate/very young	soft and very young; said of infants, young animals and new grass, and in {a ngeek dikdek} of a delicate woman	
s33283	pamper/treat tenderly/dote on	<ngeek>, tender, with <bawl>, treat: handle someone gently and with great care, pamper	
s33284	hard/again and again/without letting up	placed after a verb for an action done with force and kept up without a break, as beating, walking on or enduring	
s33285	tender/newborn/very young	<ngeek>, tender, with the plural ending <te>, of what is very young and soft; {ta ngeekte} is newborn babies and {lopa ngeekte} is tender grass	
s33287	net/fishing net	another spelling of <ngen>, a net for catching fish	
s33288		expressive word placed after a verb of going or lining up, as <kigual>: in a long line, many following one after another	
s33289	have been/ever	placed after a verb: have ever done or been so; with <kei> or <lo> it means never	
s33290	culture/tradition		
s33291	never yet/never before	<ngei>, ever, and <nailoh>, not yet: placed after a verb and before the noun it describes or before <hangin>, never yet done until now, as {muh ngei nailoh}, never seen before	
s33292	ever again/never again	<ngei>, ever, and <nawn>, any more: placed after a verb and followed by a negative such as <lo> or <kei>, never again	
s33293	where before/formerly	<ngei>, before, with the place marker <ah>; {omna ngeiah} is at the place where one was before	
s33294	will ever	<ngei> and <ding> written as one word after a verb: will ever do or happen, will at some time; with <lo> or <kei>, will never	
s33296	have ever/once	<ngei> and <hi> written as one word at the end of a sentence: it has happened before, has once done so	
s33297	have ever	<ngei>, ever, and the question word <hiam>, written as one word after a verb: has it ever been so, whether one has ever done it	
s33298		expressive word after <ot> shout, describing loud ringing shouting	
s33300	never	<ngei>, ever, with <kei>, not, placed after a verb: will never, or may it never, be so	
s33301	former/one who once	<ngei> and <khat> written as one word after a verb or a noun: one who has done or been so before, a former one	
s33302	have already/before	<ngei>, ever, and <khin>, already, written as one word after a verb: the thing has already happened or been done before now	
s33303	have already/before	<ngei> and <khinsa> written as one word after a verb: the thing has already happened once before now	
s33304	hardly ever/seldom/rarely	<ngei> and <khollo> written as one word after a verb: has hardly ever happened or been so	
s33305	never	<ngei>, ever, with <lo>, not, placed after a verb: has never done or has never been so	
s33306	never	form of <ngeilo>, never, used inside a dependent clause, as before <hangin>, although, or before a noun	
s33307	never before	<ngeiloh>, never, with the suffix <na> joining it to a following noun: {a kizak ngeilohna mun} is a place where it has never been heard	
s33308	those never before/things never	<ngeiloh>, never, and the plural <te> written as one word, after a verb: the things or people that one has never seen, heard or known	
s33309		<ngeilo>, never, with the plural <te>, after a verb: those who never do it, those who have never done so	
s33310	have once/has happened before	<ngei>, have ever, and <mawk>, unexpectedly, written as one word after a verb: such a thing has in fact happened before	
s33311	culture/tradition/custom/regulation	the customary way of doing things, handed down from the ancestors; {biakna ngeina} is a fixed rule of worship	
s33312	as usual/as is the custom	<ngeina>, custom, and <bangmah>, here <bang> and <mah>, just like, not the word for nothing: just as is the custom or practice; followed by <in> and placed after the word or clause that says whose practice or what practice	
s33313	customs/bylaws/rules and practices	<ngeina>, custom, and <dante>, ways: the customs and practices of a people, and in the papers of an organisation its bylaws, named beside <thukhunpi>, the constitution	
s33314	traditional song/customary song	<ngeina>, custom, with <la>, song: a song that belongs to the customs handed down from the forefathers	
s33315	traditional articles/cultural items/heritage objects	<ngeina>, custom, and <van>, here goods or things and not heaven: the articles that belong to a tradition, such as dress, tools and instruments shown at a cultural event	
s33317	ever yet	<ngei>, ever, and <nai>, yet, written as one word after a verb; with a negative it means never yet	
s33318	never yet/never before	<ngei> ever and <nailo> not yet written as one word after a verb: has never yet done or been so	
s33319	traditional dance/cultural dance	<ngeina>, tradition, and <laam>, dance, written as one word: a dance of the tradition of a people, shown at a festival	
s33320	customs/regulations/statutes	<ngeina>, custom, with the plural <te>: the customs of a people, or the rules laid down for worship	
s33321	usual amount/usual degree	<ngeina>, custom, with <zah>, amount: as much as is usual; {ngeinazah sangin} is more than usual	
s33322		expressive word placed after a verb, showing that the action goes on in a noisy stir or commotion, often by many people at once	
s33323	commotion/stir/bustle	<ngeingai> with the noun ending <na>, placed after a verb: the doing of something in a noisy stir by many people together, as fighting in a brawl or working busily side by side	
s33324	surely/certainly/really/definitely	placed after a verb or phrase to stress that it really is so or will surely be so; with <kei>, certainly not	
s33325	heard before/already experienced	<ngei> said twice, with <sa>, already: what has been done or heard time and again before	
s33326	common experiences/usual things	<ngei> said twice, with the plural <te>: things that happen again and again; {mite tuah ngeingeite} is what people commonly meet with	
s33327		<ngei>, have done or been before, with <pa>, the male one; after a verb or descriptive word, the man who did so or was so before, as in {a mittaw ngeipa}, the man who had been blind	
s33328	former/previous/past	placed after a verb or noun for what has been, or was done, before; from <ngei>, ever, and <sa>, already	
s33329	former things/past things	<ngeisa>, former, with the plural <te>; {ka pianzia ngeisate} is my former way of life	
s33330		<ngei> and the emphatic <se> written as one word, before a negative: {ngeise lo} is never at all, not even once	
s33331	rhododendron	the rhododendron tree and its flower, {ngeisok kung} and {ngeisok paak}; also found in place names	
s33332		<ngei> with the plural <te> after a verb: the things one is used to doing, or the ones who have done so before; {gamtat ngeite} is the accustomed ways	
s33333	the usual/the same as before	<ngei> with <teng>, all, after a verb: all that one usually does or did before	
s33334	the usual amount/as much as before	<ngei> with <zah>, amount, after a verb: the amount one used to do or have	
s33335	customarily/usually	<ngei> with <zel>, habitually; {hih ngeizel bangin} is according to what is customarily done	
s33336	was/used to	<ngei> with <zo>, placed after a verb to say that something was so or was done in the past	
s33337	tender/delicate/tiny	small and soft like a newborn; {a no ngek} is a tender young one, and {a ngek pen} is the least or smallest	
s33338	pamper/cosset/treat tenderly	<ngek>, tender, with <bawl>, make: treat someone very gently, as one treats a small child, and so also spoil	
s33339	delicately/tenderly	<ngek>, tender, with the suffix <in>: in a delicate way	
s33340	newborn/very young	<ngek>, tender, with <lai>, still: still tiny; {no ngeklai} is young that are still suckling	
s33342	on and on/without a break/again and again	expressive word placed after a verb: the action goes on hard and without a break, or comes again and again one after another, as in {kizom ngekngek}, keep on coming, and {kikap ngekngek}, keep on shooting at each other	
s33343	smallest/least	<ngek>, tiny, with <pen>, most: the smallest or least of all	
s33344	die in infancy	<ngek>, tiny, with <sih>, die: die as an infant	
s33345	tender/delicate/gentle	soft and refined, not used to hardship; said of a man or woman brought up in comfort	
s33346	certainly/surely	placed after a verb for emphasis; {pia ngel ding} is would certainly have given	
s33347	surely/most likely/must	<ngel>, surely, and <ding>, will, written as one word after a verb, often after <kha>: it must surely be so, a confident guess of the writer	
s33349		placed after <kun>, bow, describing heads hanging low	
s33350	really/actually/in fact	placed after a verb or describing word for emphasis: really and truly so, actually doing it	
s33351	confidently/as if certain	<ngel>, certainly, with the suffix <in>; {thei kisa ngelin} is as though knowing for certain	
s33352	plan/planning/design	what is planned or arranged in the mind; {ngaihsutna ngelna} is thoughts and plans	
s33353	surely/certainly/most likely	<ngel> said twice, placed after a verb; with <ding> it says that something must surely be so	
s33354	surely will/must surely	<ngelngel>, surely, and <ding>, will, written as one word after a verb: it must surely be so	
s33355	ask for/request	ask someone to give something; the form <nget> is used in dependent clauses	
s33356	pray	pray, in the phrase {thu ngen}, literally ask a matter; {Topa tungah thu ngen} is pray to the Lord	
s33357	net/fishing net	a net for catching fish, birds or animals; {ngen paai} is cast a net	
s33358	to ask for/will ask for/will request	<ngen>, ask for, and <ding>, will, written as one word; {huhna ngending in} is in order to ask for help	
s33359	big/huge	big in size, given by the book as the same as <gol>, in a sentence about an elephant	
s33360	keep praying/keep asking	<ngen> said twice: go on asking; {thu ngengen} is keep on praying	
s33361	mightily/massively/tremendously	expressive word after a verb for something very great and overwhelming, as smoke billowing up or thunder roaring	
s33362	Ngengu		
s33363	ask for/request	<ngen>, ask for, and the sentence ending <hi> written as one word: asks for, asked for; {huhna ngenhi} is asked for help	
s33364	praying/asking/requesting	<ngen>, ask, with the linking suffix <in>; {thu ngenin} is praying	
s33365	ask around/go about asking	<ngen> and <kawikawi> written as one word: ask for something here and there, from one place or person after another	
s33366	pray together	<ngen>, pray, with <khawm>, together; {thu ngenkhawm} is pray together	
s33367	pray again/ask again	<ngen>, pray or ask, with <kik>, again	
s33368	ask back/reclaim/demand back	<ngen>, ask, with <kik> in the sense of back and not of again: ask for the return of what one gave, deposited or had taken away, such as money or land	
s33369	not ask for/not request	<ngen> and <lo> written as one word: not ask for; {man ngenlo in} is without asking payment, free of charge	
s33370	without asking/without charging	<ngen>, ask for, and <loin>, without, written as one word: without asking for something; <man ngenloin> is free of charge	
s33371	ask first/request beforehand	<ngen> and <masa> written as one word: ask for a thing first, before anything else	
s33372	keep asking/pray earnestly/plead	<ngen> said twice: ask or pray again and again; {thu ngenngen} is keep praying	
s33373	by much prayer/praying repeatedly	<ngenngen>, keep praying, with the suffix <in>: by praying again and again	
s33374	keep asking	<ngenngen>, keep asking, with <kha>, happen to: went on asking, in the verse to no purpose	
s33375	Ngennung	village in Tedim Township, Chin State	
s33376	one who asks/asker	<ngen>, ask, with <pa> marking a man: the man who asks; {khutdawh ngenpa} is a beggar	
s33377	ask directly/ask at once	<ngen>, ask, with <pah>, straightaway: ask directly	
s33378	dragnet/large net	<ngen>, net, with <pi>, big: a large net dragged through the water	
s33379	have someone ask/let ask	<ngen>, ask, with <sak>, cause or allow: send someone to ask, or let someone ask	
s33380	ask for/request	<ngen>, ask for, with <ta>, now or already, written as one word: has asked for, now asks for	
s33381	only/nothing but/all alike	placed after a list of nouns or qualities: these and nothing else, all of that kind	
s33382	those who ask	<ngen>, ask, with the plural <te>: the people who ask or pray; {hong ngente} is those who ask you	
s33383	nets	<ngen>, a net, with the plural <te>	
s33384	Ngente		
s33385	conscientious/careful/scrupulous	careful to do fully what is required; in the verse, of the Levites in making themselves holy	
s33386	net/snare/trap	a net set to catch birds or animals, used also of a plot to catch a person	
s33387	can ask for/can request/can apply	<ngen>, ask for, and <thei>, able, written as one word	
s33388	ask in addition/ask for more	<ngen>, ask, with <thuah>, in addition: ask for something more	
s33389	ask for/request/pray	form of <ngen>, ask for, used before <peuhmah>, <bangin>, <nop>, <na> and in dependent clauses	
s33390	as requested/as asked	<nget>, ask for, and <bang>, like, written as one word: just as was asked, usually {a ngetbang}	
s33391	ask further/request more/ask for an extension	<nget>, ask for, with the ending {-beh}, in addition, as in <behlap>: ask for something more, or ask again for more time	
s33392	claim/request for return/appeal	<nget>, ask for, and <kikna>, back or again, written as one word: a request to get something back or to have a matter looked at again	
s33393	request/petition	<nget>, ask, with the noun suffix <na>: what is asked for, a request made to a person or to God	
s33394	application/petition/application form	<ngetna>, request, and <laipi>, formal letter: a written application or petition handed in to a body, as the application to be a delegate	
s33395	make a request/petition/appeal/ask for	<ngetna>, a request, and <nei>, have: to make a request or an appeal; the thing asked for stands before the pair, often as a clause with <ding>, and the one asked takes <tungah> or <kiang>	
s33396	requests/petitions/pleas	<ngetna> request, with the plural <te>	
s33397	beg	<nget>, ask, said twice: keep on asking	
s33398	beseech		
s33399	entreat		
s33400	ask		
s33401	beg/plead	<ngetnget>, keep on asking, written with a capital at the start of a sentence; paired with <gengen>, keep on saying	
s33402	earnestly/deeply	placed after a verb of feeling or asking: deeply and without ceasing, earnestly, as in {lungdam ngetngut}, be deeply thankful, and {thum ngetngut}, plead earnestly	
s33403	want to ask/wish to request	<nget>, ask, with <nop>, want; {kong ngetnop} is what I wish to ask of you, my request	
s33404	ask for anything	<nget>, ask, with <peuh>, any; {na ngetpeuh peuh} is whatever is asked	
s33405	pray for/pray with	<nget>, ask, with <pih>, together with or for someone: in {thu ngetpih}, pray for someone or pray together with someone	
s33406	asked/requested	<nget>, ask for, with <sa>, already done: what has been asked for	
s33407	pray for/intercede	<nget>, ask, with <sak>, do for another: ask on behalf of someone; {thu ngetsak} is pray for someone	
s33408	praying for/interceding	<ngetsak>, pray for, with the linking suffix <in>	
s33409	intercession/prayer for someone	<ngetsak>, pray for, with the noun suffix <na>; {thu ngetsakna} is praying on behalf of another	
s33410	prayers for someone/intercessions	<ngetsakna>, prayer for someone, with the plural <te>	
s33411	intercessor/one who prays for	<ngetsak>, pray for, with <pa> marking a man: the one who intercedes	
s33412	pray for rather	<ngetsak>, pray for, with <zaw>, rather: pray for this instead	
s33413	intend to ask for/try to demand/seek	<nget>, ask for, and <sawm>, intend, written as one word: set out to ask for or demand something, as money or rights	
s33414	begging	living on what one asks from others; {ngettawm suang} is live by begging	
s33415	requests/things asked for	<nget>, ask, with the plural <te>: the things someone has asked for	
s33416	right to apply/means of requesting	<nget> and <theihna> written as one word: being able to ask or apply for something, the opening for applications	
s33417	amount asked/as much as asked	<nget>, ask, with <zah>, amount; {ngetzah val} is beyond what is asked	
s33418		placed after a verb for emphasis, about as plainly, outright or just so: {hi ngeu hi} is it plainly is; also doubled as {ngeu ngau}. In {zawh ngeu} it is part of <zawhngeu>, cat	
s33419	deeply/utterly	descriptive word that strengthens what goes before, of deep longing and of thick darkness	
s33420		expressive word after <lusu>, shake the head, describing the wagging motion	
s33421	plaintively/on and on	expressive word after a verb of sound such as <kap>, weep, <tau>, groan, or <khuang>, of a cicada: the sound goes on and on in a drawn-out, moaning way; {kap ngeungeu} is weep bitterly	
s33422	Nghka		
s33423	wolf/fox	wild animal of the dog kind; the Bible uses it for the wolf that attacks sheep and also for the fox	
s33424	wolves/pack of wolves	<ngia> wolf, with <hon>, pack or flock	
s33427	indeed/outright/altogether	emphatic word placed after a verb or noun, close to <ngiat>: really so, to the full extent	
s33428	cunning/craftiness/trickery	skill in tricking or deceiving others; {ngian zang} is use cunning, act craftily	
s33429	trickery/duplicity/craftiness	<ngian>, cunning, with <bawl>, do, and the noun suffix <na>: the practice of trickery	
s33430	little fox/young fox	<ngia>, fox or wolf, with <no>, young or little: a little fox	
s33431	crafty	clever in a sly way that deceives or escapes others, said of the serpent and of David in hiding	
s33432	clever/shrewd	quick and skilful in managing one’s own affairs	
s33433	shrewdness/cunning/cleverness	<ngiansiam>, crafty or clever, with the noun suffix <na>: skill in dealing cleverly with a matter	
s33434	indeed/truly/certainly/definitely	placed after a verb or a name to give it emphasis: really and without doubt, on purpose, that very one; with a negative, not at all	
s33435	even/himself too/in person	<ngiat>, indeed, with the subject marker <in> and <zong>, also, written together: placed after the subject, most often a person of high office, it says that even this very one did or said the thing	
s33436		<ngiat> and <ding> written as one word after a verb: so that it will indeed be done, to do it without fail	
s33437	in order really to/expressly to	<ngiat>, indeed, and <dingin>, in order to, written as one word after a verb: with the firm purpose of doing it	
s33438	jackals/foxes/wolves	plural of <ngia>, a wild animal of the dog kind; the verses use it for jackals, foxes and wolves	
s33439	himself/in person/expressly	the emphatic word <ngiat>, the very one or really so, with <in>: after a person, he himself and no other; after a purpose, expressly or on purpose for it	
s33440	not at all/certainly not	the emphatic <ngiat> with <lo> written as one word after a verb: not at all, by no means	
s33441	indeed/the very/really	<ngiat> and <mah> written as one word after a verb or a name for strong emphasis: really so, that very one and no other	
s33442	indeed/truly	<ngiat>, indeed, written together with the <na> of <nading>: {ngah ngiatna ding in} is so that one may indeed receive	
s33444	steadily/without fail/strictly	placed after a verb: doing it each time, one after another and without leaving any out, or in that one way only; {khe tawh pai ngiatngiat} is go on foot the whole way	
s33445	with that very/purely by/expressly with	<ngiat> and <tawh> written as one word after a noun: by means of that very thing and nothing else; {khe ngiattawh} is on foot, {ngimna ngiattawh} is on purpose	
s33446	those who truly	<ngiat> and the plural <te> written as one word after a verb: those who really do it, the ones who actually do so	
s33447	truly indeed/really	<ngiat> and <zen> written as one word, placed after a verb for strong emphasis: truly, really and no less	
s33448	even/himself too	placed after a noun or name: even that very person or thing, he himself as well; the emphatic <ngiat> with <zong> written as one word	
s33449		expressive word placed after a verb; it seems to say that the thing simply or outright happens or is so, just like that; the exact sense is to be confirmed	
s33450		<ngiau> and <mawk> written as one word, an expressive word placed after a verb: the thing is said or done outright, just like that, with a note of surprise; the exact sense is to be confirmed	
s33451	winding/meandering	descriptive adverb placed after a verb: in a winding, twisting way, as a river or a crooked path	
s33454	lovely/charming	expressive word said of the beloved; exact sense not clear from the verse	
s33455	utterly/thoroughly	placed after a verb to show that the action is carried through completely: {balnen ngiingei} tear to pieces, {paatsak ngiingei} wear out utterly, {kihelkim ngiingei} fully mixed	
s33456	utterly/badly	expressive word placed after a verb, giving it force: to a great degree, thoroughly; perhaps a form of <ngeingai>	
s33457	growl/roar	give a deep threatening roar or growl, said of a lion over its prey and of an enemy likened to one	
s33458	forget	forget; mostly the second part of {mang ngilh}, which the lexicon writes <mangngilh>, and in {ngilh mawh}, not to be forgotten	
s33459	unforgettable/not to be forgotten	<ngilh>, forget, with <mawh>: that cannot or must not be forgotten	
s33460	aim at/target	point a bow or other weapon at someone; make someone the target	
s33461	purpose/intend/plan	set the mind on doing something; decide beforehand what is to be done	
s33462	target/aim at/single out	<ngim>, aim at, with <bawl>, make: make someone or something the target, of an attack or of a product or plan	
s33463	aim at/target	<ngim> and <in> written as one word: taking aim at, with someone or something as the target	
s33464	purpose/intent/plan/aim	<ngim>, purpose, with the noun suffix <na>: what someone intends or has decided to do, good or evil	
s33465	main aim/chief objective/basic purpose	<ngimna>, aim, and <bulpi>, foundation, main: the principal aim of a person, plan or organization; used after a possessive, as in {i ngimna bulpi}, our main aim, and in headings that list the aims of a society	
s33466	aims and objectives/main aims/chief objectives	<ngimna>, aim, and <bulpite>, the main ones: the main aims of a party, an organisation or a plan, the heading under which its statutes list them; the name of the body stands before it	
s33468	main aim/chief goal	<ngimna>, aim, with <pi>, chief: the main aim or goal	
s33469	what was purposed/set purpose	<ngimna>, purpose, with <sa>, already done; what someone has purposed beforehand, mostly as {ngimnasa bangin}, as purposed	
s33470	high aim/ambition	<ngimna>, aim, and <sang>, high, written as one word: a high aim in life	
s33471	purposes/plans/intentions/plots	plural of <ngimna>: the things someone intends or plans, whether good purposes or evil plots	
s33472	deliberately/on purpose/intentionally	<ngim>, aim at, with <ngiat>, indeed: aiming straight at someone or something, on purpose and not by accident; usually followed by <in>	
s33473	keep aiming at/aim deliberately	<ngim>, aim at, said twice: keep pointing a thing at a target; {ngimngim in} is on purpose, with intent	
s33474	purposed/intended	<ngim>, purpose, with <sa>, already done: what has been purposed	
s33475	aimed at/pointed at/targeted	<ngim>, aim a weapon at, with <sa>, already done: held aimed at a person or place, after <thautawh>, with a gun, and before {in koih}, keep so; differs from the first sense, an intention	
s33476	those who aim	<ngim>, aim at, with the plural <te>: those who aim something, as arrows or cruel words, at others	
s33477	sound/ring	make a sound, ring; apparently the same word as <ging>, sound; some sentences have another use that is not clear	
s33478	thoroughly/utterly/fully	placed after a verb or descriptive word to strengthen it	
s33479	utterly/thoroughly	<ngingei>, thoroughly, with <sa>, already done; {a paat ngingeisa} is one already utterly worn out	
s33480	ring out/sound aloud	<nging>, sound, and <khia>, out, written as one word: of laughter or a voice, come out loud and clear	
s33481	always/forever/continually	placed after a verb: always, without ever stopping, forever	
s33482	continually/always/constantly	<ngitnget>, always, with the ending <in>, placed after a verb: doing so again and again without stopping	
s33483	just/only		
s33484	deliberately		
s33485	separately		
s33486	he who always/the one who forever	<ngitnget>, always, with <pa> marking a man, placed after a verb: he who always does so	
s33487	forever/permanently	<ngitnget> forever, with <sa> already: established for good	
s33488	patiently/longingly	placed after <ngak>, wait	
s33489	steadily/fixedly/unmoved	expressive word after a verb of staying in one state, such as <kip>, be firm, <tu>, sit, or <um>, believe: remaining so without moving or changing, where the sense of waiting is absent	
s33490	white/bright white	white or shining bright, said of snow, wool, cloth, hair and cloud	
s33491	NGO/non-governmental organisation	the English abbreviation, written in capitals as {NGO}: an aid or welfare organisation that is not part of a government, not the colour word	
s33492		a named part of a slaughtered animal in the customary sharing of meat, counted as {ngoi kawnkhat} and {ngoi tumkhat}; when a pig is killed one lump of it is given in place of the full set of entrails; which part of the animal it is, is not stated on the page	
s33493	fasting/going without	going without; in {an ngolhna}, going without food, fasting	
s33494	deaf/dull	of the ear, unable to hear; {bil ngong} is deaf	
s33495	harsh/violent/cruel	harsh and violent in dealing with people, in {ngong bawl}, treat harshly, and {ngong hihna}, violence	
s33496	treat harshly/use force on	<ngong>, harsh, with <bawl>, do: treat someone roughly or with force	
s33497	mistreating/treating harshly	<ngongbawl> treat harshly, with the linking <in>	
s33498	violence/harsh treatment/mistreatment	<ngongbawl> treat harshly, with the noun suffix <na>	
s33499	make deaf/make dull	<ngong> deaf, with <sak> cause: of the ears	
s33500	be violent/do violence	act with violence or harshness toward others; {a ngongtat mi} is a violent person	
s33501	terrorist/extremist/violent group	those who use violence against the public, in the news before <te>, <pawl> or <galkap>: terrorists, an armed violent group; in recent news also a label put before the name of the military council	
s33502	militants/terrorist group/armed extremists	<ngongtat>, violent or lawless, and <pawlte>, the members of a group: militants, a terrorist or armed extremist group; the name of the group stands before it, as in {Hamas ngongtat pawlte}	
s33503	to commit violence/to attack	<ngongtat>, do violence, and <ding> written as one word: in order to commit violence, going to carry out an attack	
s33504	being violent/violently	<ngongtat>, be violent, with <in>, linking to what follows	
s33505	be too violent/be very harsh/be cruel	<ngongtat>, be violent, and <lua>, too much, written as one word: act too harshly or cruelly	
s33506	corruption		
s33507	violence	<ngongtat>, be violent, with the noun suffix <na>: violent and cruel treatment of others	
s33508	acts of violence/violent deeds/abuses	<ngongtatna> violence, with the plural <te>	
s33509	want to do violence/be bent on violence	<ngongtat> and <nuam> written as one word: want to act with violence; {mi ngongtatnuam} is a person given to violence	
s33510	violent man	<ngongtat> be violent, with <pa> marking a man	
s33511	plot an attack/attempt violence	<ngongtat>, do violence, with <sawm>, intend, written as one word: plan or attempt a violent attack; {a ngongtatsawm mi} is a person who plots an attack	
s33512	terror plot/planned attack	the noun of <ngongtatsawm>: a plan or attempt to carry out a violent attack	
s33513	would-be attacker/man who plotted an attack	<ngongtatsawm>, plot an attack, and <pa> written as one word: the man who planned or attempted a violent attack	
s33514	the violent/violent people/ruthless people	plural, used after <mi>; {mi ngongtatte} are people who act with violence	
s33515	the deaf	<ngong>, deaf, with the plural <te>: those whose ears are deaf	
s33517	whiten/make white	<ngo>, white, with the causative <sak>: make something white or fair, as the skin	
s33518	rot/decay/be ruined	of cloth buried in the ground, become spoiled and useless	
s33519	forceful/aggressive	the book gives it as the opposite of <duai>, patient and gentle: apparently forceful, pushing hard, quick to act	
s33520	be completely ruined/rot away	<ngot>, rot, with <gawp>, thoroughly: be completely ruined and useless	
s33521	Ngotual		
s33522	whiter	<ngo>, white, with <zaw>, more	
s33526	instil/put into	put a thought or feeling into the mind of someone; probably another form of <guan>	
s33527	droop/wilt	of a flower: hang down or fade; inferred from {Nipipak a ngum ta hi}	
s33528	young/youthful	placed after a word for a young person, as in {tangval ngumngek lai}: still in the bloom of youth	
s33529	silver	a white precious metal, often named together with <kham>, gold, and also used as money	
s33530	silver cup/silver goblet	<ngun> silver, with <hai> cup	
s33531	silver mine	<ngun> silver, with <khuk> pit: a pit where silver is dug out	
s33532	silver and gold	<ngun> silver, <le> and, <kham> gold, written as one word	
s33533	silver plate/piece of silver	<ngun> silver, with <peek> flat piece; in the verse a setting of silver	
s33534	Ngunsaing		
s33535	silversmith	<ngun>, silver, with <seek>, forge: a craftsman who works silver	
s33536	silver/choice silver/silver piece	silver itself as against dross; with a number, pieces of silver	
s33537	with silver/of silver	<ngun> silver and <tawh> with, written as one word; {nguntawh kibawl} is made of silver	
s33538	silver/silver pieces	plural of <ngun>: silver, pieces of silver or things made of silver	
s33539	all the silver	<ngun> silver, with <teng> all	
s33540	bitterly/loudly	expressive word after <kah> weep, describing loud continued wailing	
s33541	sobbing/bitter weeping	placed after <kah>, weep, with the noun suffix <na>	
s33542	sprout/bud	of a plant, put out new shoots; {nguum khia} is sprout out	
s33543	sprout/sprout out	<nguum> sprout, with <khia> out	
s33544	Ngweiwa		
s33545	NHK	the public broadcaster of Japan, often quoted as a source of news	
s33546	day	a day as a length of time, used with a number to count days	as in counting of days number
s33547	aunt	the sister of one's father	
s33548	let us	placed at the end of a sentence after a verb to call on the hearers to do something together with the speaker: let us; {kei ni} is let us not	
s33549	sun	the sun; {ni a sa hi} is the sun is hot	
s33550	Day	day written with a capital for the day of the Lord, the last day	
s33551	sun	the sun, written with a capital at the start of a sentence or in the name {Ni-tumna Tuipi}, the western sea or Mediterranean	
s33552	on the day	<ni>, day, with <in> shortened to {'n}; {tu ni'n} is today	
s33553	on the day	<ni>, day, with the marker <in>, written with a hyphen; {tu ni-in} is today	
s33554	hazily/murkily/in a muddle	placed after a verb: thick and unclear, of smoke that fills a place or of a dazed and muddled mind	
s33555	deny/reject/refuse/dispute	say no to a person, a claim or a command: deny knowing someone, refuse to do something, or reject what is said or offered	
s33556	keep denying/deny flatly	<nial>, deny, <cip>, firmly, and <den>, always, written as one word: go on denying a thing firmly	
s33557	keep denying/always contradict	<nial>, deny or dispute, with <den>, always, written as one word: go on denying, or argue against something all the time	
s33558	oppose utterly/reject outright	<nial> reject, with <gawp> thoroughly	
s33559	refute/be able to refute	<nialgawp> oppose utterly, with <zo> be able, prevail	
s33560	rejecting/refusing/defying	form of <nial> with the linking ending <in>, used before a following verb	
s33561	reject completely/rebuke	<nial> reject, with <khin> completely; in the verse God rebuking words he has heard	
s33562	have denied/finish denying	<nial>, deny, with <khit>, finish; before <matengin>, until one has denied	
s33563	deny again	<nial>, deny, with <kik>, again	
s33564	deny in reply/rebut/counter	<nial>, deny, with <kik> in its meaning back, in return: answer a charge or a report by denying it, mostly after <ci'n>, saying; it is a first denial given in reply, not a denial made a second time	
s33565	not refuse/not object/accept	<nial> and <lo> written as one word: not refuse or contradict; {niallo in} is without objecting	
s33566	refusal/denial/opposition/rejection	<nial>, refuse or deny, with the noun suffix <na>: the act of refusing, rejecting or opposing	
s33567	dare to dispute/talk back	<nial> dispute, with <ngam> dare	
s33568	keep refusing/keep protesting/go on disputing	<nial> deny, refuse, dispute, said twice for continued action	
s33569	want to dispute/be contentious	<nial> dispute, with <nuam> want to	
s33570	deny at once/refuse at once/reject immediately	<nial>, deny or refuse, and <pah>, at once, written as one word	
s33571	reject completely	<nial> reject, with <siang> clean, utterly	
s33572	those who deny/those who reject/rebels/the disobedient	<nial>, deny or refuse, with plural {-te}; {thu nialte} are those who refuse to obey or believe	
s33573	can deny/can refuse	<nial> and <thei> written as one word: able to deny or refuse; {nialthei nawnlo} is no longer able to deny	
s33574	can be denied/can be refused	<nial>, deny or refuse, with <theih>, be able: {nialtheih omlo} is it cannot be denied or refused	
s33575	refute/be able to deny	<nial> and <zawh> written as one word: be able to deny or argue down; {kuamah a nialzawh ding thu ahi kei} is a thing no one can deny	
s33576	be able to contradict/refute	<nial>, dispute, with <zo>, be able; negated, not able to contradict	
s33577	have rejected	<nial>, reject, with <zo> marking the act as done	
s33578	be able to refuse/resist/say no to	<nial> in its meaning refuse, with <zo>, be able: manage to say no to a desire or a pleasure, as in {pumpi deihna nialzo}; not contradicting what someone says	
s33579	low		of position or state
s33580	low	not high, in place or in rank	
s33581	low	<niam>, low, with {-in}; {a niamin kikoih}, be put low, be humbled	
s33582	bring low/humble/abase	<niam>, low, with <khiat>, down: make a proud person or place low, humble	
s33583	humbling/bringing low	<niamkhiat>, humble or bring low, with the linking ending <in>, joining it to the next verb	
s33584	humiliation/abasement	<niamkhiat>, bring low, with the noun suffix <na>: the state of being brought low; {niamkhiatna thuak} is be humbled	
s33585	humility/lowliness	in {lungsim niamkhiatna}, a humble mind	
s33586	the humble/the lowly	<niamkhiat> bring low, with plural <te>; {lungsim niamkhiatte} is those lowly in spirit	
s33587	decline/fall low/sink/be degraded	<niam>, low, with <kiat>, fall: go down in standing, quality or way of life; unlike <kiniamkhiat>, humble oneself, it is a fall that is not chosen	
s33588	decline/fall/degradation/low state	<niamkiat>, fall low, with the noun suffix <na>: a fall in standing or condition, distinguished from <kiniamkhiatna>, humility	
s33589	bring low/humble/abase	<niam> low, with <koih> put: put someone in a low place	
s33590	bring down/lay low/cut down	<niamkoih> bring low, with <suk> downward	
s33591	lower part/lower side/low end	<niam>, low, with <lam>, side, written as one word and used after <a>: the lower part of a thing, the downward direction, or those of low standing	
s33592	lowland/low place/foothills	<niam>, low, with the noun suffix <na>: a low place; {lei niamna} is the lowland or foothills, as against {mualtung gam}, the hill country	
s33593	lowest	<niam>, low, with <pen>, most: lowest in place or least in rank	
s33594	lowest part/lowest point	<niampen> lowest, with the suffix <na>; {mun niampenna} is the lowest place	
s33595	lower/bring down/humble	<niam>, low, with the causative <sak>: make low, lower a thing such as the hands, or humble a person	
s33596	lowering/bowing down	<niamsak> make low, with the linking ending <in>; {vantungte niamsakin} is bowing the heavens, where the NIV has parted	
s33597	humiliation/being brought low	<niamsak>, make low, with the noun suffix <na>; {niamsakna a thuak mite} are those who are bowed down	
s33598	go down low/sink	<niam> low, with <suk> downward; {niamsuk sak} is bring down	
s33599	lowering/letting down	<niamsuk>, go down low, with <sak>, cause, and <in>, linking to the next verb	
s33600	have become low	<niam> low, with <ta> now, already; {ni niamta} is the sun is now low, the day is nearly over	
s33601	lowly/humble/low	with the plural ending <te>; {mi niamte}, the humble or lowly people	
s33602	lower/inferior	<niam> low, with <zaw> more; used with <sangin>, than	
s33603	great/glorious/noble	poetic expression for <thupi>, used in songs; the book gives it together with <nibang sa> and <nibang tang>	
s33604	feeble/weak	with the plural <te>, said in contempt of people who look weak	
s33605	plain tea/green tea	tea drunk plain, without milk or sugar, the bitter tea served in tea shops; compare <niangtui>, tea	
s33606	tea/tea leaf	the leaves of the tea plant, fresh or dried, and tea in general; the drink made from them is <niangtui>	
s33607	tea	tea as a drink	
s33608	tea shop/teahouse/cafe	<niangtui>, tea, and <sai>, shop, written as one word: a shop where people sit to drink tea and eat	
s33609	in a mess/in a jumble/messily	placed after a verb or describing word: all mixed up, untidy and without order; {kigawm nianua} is mixed in a jumble	
s33610	shabby/dowdy/run-down	poor and worn in look, said of clothes and of a place or person that has nothing fine	
s33611		<ni>, day, and <bang> written as one word: in {nibang zah}, how many days; in songs and blessings <ni> is the sun and the sense is like the sun	
s33612	great/glorious/noble	poetic expression for <thupi>, used in songs; the book gives it together with <niang lun> and <nibang tang>	
s33613	great/glorious/noble	poetic expression for <thupi>, used in songs; the book gives it together with <niang lun> and <nibang sa>	
s33614	Nibhaz	idol made by the Avvites whom the king of Assyria settled in Samaria	
s33615	Nibshan	town in the wilderness of Judah, listed with the City of Salt and En Gedi	
s33616	whole day/all day	<ni>, day, and <bup>, whole, written as one word; {nibup in} is all day long	
s33617	Nicaea	ancient city of Asia Minor where the church council of AD 325 was held	
s33618	Nice	city on the south coast of France; also the name of its football club	
s33619	appointment/appointed day	<ni>, day, with <ciam>, promise: a day fixed in advance for a meeting or a visit, as with an office or a clinic	
s33620	on the day/until the day	<ni>, day, and <ciang>, up to or when, written as one word after a date or day name: on that day, by or until that day; {nikhat niciang} is some day	
s33621	only until the day/only up to	<niciang> and <bek> written as one word after a date: until that day and no later	
s33622	on the day/when the day comes	<ni> day and <ciangin> when written as one word: on a coming day, as in {Monday niciangin}, on Monday; {nikhat niciangin} is one day, some day	
s33623	if we were to say/to put it	<ni>, let us, and <cileng>, if we say, written as one word after <gen>: {a tom in gen nicileng} is to put it briefly	
s33624	nickel	a silver-white metal that is mined	
s33625	nickname	the English word, used beside or in place of <minneu>	
s33626	formerly/in the past/before	in former times, in the past; {nidang lai} is the time gone by and {nidang bangin} is as before	
s33627	another day/some other day/later	<ni>, day, with <dang>, other: on another day; with <ciangin> it looks forward to a later day, where the other sense looks back to the past	
s33628	long ago/from of old/long since	<nidang>, formerly, and <pek>, far off: a long time ago; mostly with <pan> or {a kipan}, since long ago, from of old	
s33629	than before/more than formerly	<nidang>, formerly, and <sangin>, than: than before, than it used to be; it stands before the quality or verb that is compared, which is mostly followed by <zaw>, more	
s33630	formerly/earlier/in the past	<nidang> with the ending <a>: formerly, at an earlier time; before a noun it means former, of earlier days	
s33631	Nidanga	the adverb <nidanga>, formerly, written with a capital at the start of a sentence	
s33632	some other day/later/in the future	<nidang>, another day, and <ciang>, when, written as one word: when another day comes, at a later time	
s33633	formerly/in the past/before	<nidang>, former time, with the marker <in>: in the past, before now, often set against <tu-in>, now	
s33634	long ago/in former times/in the old days	<nidang>, formerly, with the ending {-lai}, at the time of: in former times; before a noun, of old	
s33635	the other days/other days	<ni>, day, with <dang>, other, and the plural <te>: the rest of the days of a year or a month	
s33636	Cnidus	port city on the south-west coast of Asia Minor, passed by the ship that carried Paul toward Rome	
s33637	day/date	<ni> and <ding> written as one word: the day on which something is to be done, the date set for it	
s33638	until/up to the day	<ni>, day, with <dong>, until, written as one word after a date or a day of the week: until that day	
s33639	Niger	byname of Simeon, one of the prophets and teachers in the church at Antioch	
s33640	Nigeria	a country in West Africa	
s33641	nightclub	a place open at night for drinking, music and dancing	
s33642	six days	<ni>, day, with <guk>, six, written together; {niguk sung} is for six days	
s33643	two	the number two; it follows the noun it counts, and {sawm-le-nih} is twelve	
s33644	two/twin	<nih>, two, written with a capital in {Pasian Nih}, the Two Gods, the twin gods Castor and Pollux carved as the figurehead of a ship	
s33645	two or three/a few/a couple of	<nih>, two, <le>, and, <thum>, three: not five but two or three, a small and inexact number; it follows the noun it counts, as in {mi nih le thum}, two or three people	
s33646	two or three/a few/a couple of	<nih>, two, <leh>, and, <thum>, three: two or three, a small number; here <leh> is read as or; stands after the noun it counts	
s33647	in two/at two	<nih>, two, and <ah>, at, written as one word after a noun: in two of them, as {mun nihah}, in two places	
s33648	both/in two/two by two/in pairs	<nih>, two, with <in>: {a nihin} is both of them, {nih nihin} is two by two, and {gual nihin} or {pawl nihin} is in two rows or groups	
s33649	among two/of the two/between two	<nih>, two, and <lak>, among, written as one word; {nihlak ah} is of the two, {nihlak pan} out of the two	
s33650	two and/two or	<nih> and <leh> written as one word: two and, before a further number or thing; {nihleh thum} is two or three	
s33651	both/the two	<nih> and the emphatic <mah> written as one word: the two of them, both	
s33652	second	<nih>, two, with the ordinal suffix <na>: second; {sawm-le-nihna} is twelfth	
s33653	second	<nihna>, second, written with a capital at the start of a sentence or in a name: {Veng Nihna} is the Second Quarter of Jerusalem, in the NIV the New Quarter, and {Jeroboam Nihna} is Jeroboam the Second	
s33654	of the second/in the second	<nihna>, second, with the linking <a> that joins it to the following noun: that of the second one	
s33655	the second	<nihna>, second, with <pa> marking a man: after a name, the second man of that name, as Jeroboam the Second; also the man second in rank	
s33656	those second in rank/seconds	<nihna>, second, with the plural <te>: the men who rank next after the chief	
s33657	second day	<nih> and <ni> written as one word: the second day; {Ni nihni}, the second day of the week, is the Bible name of Monday in the book's table	
s33658	two of them/the two	<nih>, two, with the topic marker <pen>, written as one word: the two, or two of those just named; {asite lakah nihpen} is two among the dead	
s33659	divide in two/halve	<nih>, two, and <suah>, make into, written as one word: make into two parts	
s33660	dividing in two	<nihsuah> with the linking ending <in>: dividing in two and then	
s33661	two each	<nih>, two, with <ta>, each: two at a time, as two lambs each day	
s33662	two/both/as many as two	<nih>, two, and <tak> written as one word after a noun: two of them, with weight on the number; {nihtak in} is the two of them together as doers	
s33663	with two/by two	<nih>, two, and <tawh>, with, written as one word after a noun: with two of them, by means of two	
s33664	two/both	<nih>, two, with the plural <te>: the two, both of them; {Sawm-le-nihte} is the Twelve	
s33665	the two/both	<nihte>, the two, with the topic marker <pen>, written as one word after a noun: the two of them, as what the sentence is about	
s33666	both also/both of them too	<nihte>, the two, and <zong>, also, written as one word after a noun: both of them, the two as well	
s33667	both/both of them	<nih>, two, and <tuak>, each, written as one word: {a nihtuak} is both of the two	
s33668	both/the two together	<nih>, two, with the plural ending <un>; used after <a>, <na>, <ka> or <i>: {a nihun} is both of them, {na nihun} both of you, {ka nihun} the two of us	
s33669	twice/a second time	<nih>, two, with <vei>, time: two times, or for the second time; <khatvei nihvei> is once or twice	
s33670	about twice/some two times	<nihvei>, twice, and <bang>, about, written as one word	
s33671	second time/second	<nihvei>, twice, with the ending <na>: the second time something is done; {a nihveina} is for the second time	
s33672	twice/as many as two times	<nihvei>, twice, with the emphatic <tak>, written as one word: two whole times, stressing that it happened more than once	
s33673	both/the two also	<nih> and <zong> written as one word, after a noun: both of them, the two as well	
s33678	overcast/gloomy/dim	dull and dark, said of the sky or the day in <khua niim>; the same word as <nim>	
s33679	on the day	<ni> day, with the marker <in>; usually written <ni-in>	
s33680	dirty/filthy/unclean	a spelling of <nin>, dirty, with a long vowel, not the day word <ni-in>: of water, people or words, dirty; {kam niin} is foul language	
s33681	dirt/filth/waste	{niin} as a noun: dirt and waste, what people throw away or pass from the body; {huih niin} is dirt in the air, pollution	
s33682	stubble	dry stalks left in a field, which fire burns up quickly; also written <ninpa>; the build of the word is not clear	
s33683	defile/desecrate/make unclean	make a holy place or thing unclean; a spelling of <ninsak> with a long vowel	
s33684	skirt	a woman's lower garment; to lift or strip off the {nik} is a picture of putting someone to shame	
s33685	clothes/clothing	<nik>, skirt, <leh>, and, <puan>, cloth: the two together name clothing as a whole, what a person wears, most often said of women's dress	
s33686	afternoon	a time of the day in the book's list of the day, after <sun kim>, noon, and before <sial hawlhun>; apparently when the sun has begun to go down	
s33687	Nikai	<nikai>, afternoon, written with a capital at the start of a sentence; {Nikai nai thum} is three in the afternoon	
s33688	Nicanor	one of the seven men chosen in Jerusalem to oversee the daily distribution of food	
s33689	skirt/dress	a skirt or dress worn by women; {nikbawk tom} is a short skirt	
s33690	under the skirt	<nikbawk>, skirt, and <nuai>, under, written as one word	
s33691	one day/a day	<ni>, day, with <khat>, one: a single day; {nikhat sung} is within one day, {nikhat sung lam} is a day's journey, and {nikhat ni ciangin} is one day, some day	
s33692	some day/one day	<nikhat>, one day, and <niteh>, when the day comes: some day, at a time still to come; it stands at the head of the clause or after its subject, and the verb that follows usually takes <ding>	
s33693	per day/a day/in one day	<nikhat>, one day, with <in> written as one word: in one day, each day	
s33694	one day/some day	<nikhat> and <ni> written as one word: on a certain day, in a story, or with <ciangin> some day in the future; after the name of a month or feast it is the first day	
s33695	in one day/within a day	<nikhat>, one day, with <sung>, within: in the course of a single day, mostly as {nikhatsung in}	
s33696	clothing/clothes/garments	<nik>, skirt, <leh>, and, and <puan>, cloth, written as one word: clothes of every kind, clothing	
s33697	clothes/clothing	<nik>, skirt, <le>, and, <puan>, cloth, written as one word: clothes of every kind	
s33698	limply/softly/droopingly	descriptive word placed after a verb: soft, limp or drooping, as a thing that wilts, a body worn out, or a gentle smile	
s33699	menstruation/period	the monthly period of a woman; {niknin nei} is have her period, also said <nin> <nei>	
s33700	Nekoda	ancestor of a family of temple servants who returned from the exile	
s33701	Nicodemus	Pharisee and member of the Jewish council who came to Jesus by night and later helped to bury him	
s33702	Nicolas	convert to Judaism from Antioch, one of the seven chosen in Jerusalem; {Nikolas pawlte} are the Nicolaitans of Revelation	
s33703	Nicopolis	city in western Greece where Paul planned to spend the winter	
s33704	skirt	<nik>, a woman's skirt, with <pi>, great: the full skirt of a grown woman	
s33705	skirts	<nik>, skirt, with the plural <te>	
s33707	clothing/garments	clothes, what a person wears; found in the pair <nikten puansilh>, clothing of every kind, beside <annek tuidawn>, food and drink	
s33708	clothing/clothes/apparel	<nikten> and <puansilh>, two words for garments, said as one pair: clothing of every kind, what a person wears, named beside food and other needs of life	
s33709	last year	the year before this one; {nikum pekin} is since last year	
s33710	last year	<nikum>, last year, with the time marker <in>: in the past year	
s33711	throw/cast/hurl	throw something away from oneself; {nil suk} is throw down, {nil khia} is cast away or reject	
s33712	Wednesday		
s33713	Thursday		
s33714	Wednesday	<nilai>, Wednesday, and <ni>, day, written as one word and with a capital	
s33715	half a day	<ni>, day, with <lang>, half; {nithum leh nilang} is three and a half days	
s33716	Nile	the river Nile in Egypt, in its English spelling; the Bible text writes <Nail>	
s33717	day and	<ni>, day, and <leh>, and, written as one word; other uses in the articles, such as {ki nileh}, are not clear	
s33718	anoint/smear/rub on	put oil on a person or thing, especially to set apart a king, priest or prophet, usually as <sathau nilh>; {nilh sathau} is anointing oil	
s33719	anoint/rub on	<nilh>, anoint, with the linking ending <in>, used before a following verb, usually with <sathau>, oil	
s33720	anoint beforehand	<nilh>, anoint, with <khol>, in advance: anoint ahead of time, as a body before its burial	
s33721	anointing	<nilh>, anoint, with the noun ending <na>: the act of anointing or the anointing received; <sathau nilhna> is anointing with oil	
s33722	anointed one	the man who has been anointed, usually {sathau nilhpa}, the one anointed with oil; <nilh> with <pa> marking a man	
s33723	anointed	<nilh>, anoint, with <sa>, already done; {sathau nilhsa} is one who has been anointed with oil	
s33724	anoint/put on/pour on/apply	rub or pour oil or perfume on a person, and so anoint a king or priest; <nilh> with <sak>, done to or for another	
s33725	anointed ones	<nilh>, anoint, with the plural <te>: those who have been anointed, as {sathau nilhte}, those anointed with oil	
s33726		those who anoint themselves, users of perfumed oil	
s33727	have anointed	<nilh>, anoint, with <zo> marking a completed action	
s33728	four days/fourth day	<ni>, day, and <li>, four, written together; in dates it follows the tens: {nisawm leh nili ni} is the fourteenth day, {ni sawmnih leh nili ni} the twenty-fourth	
s33729	the day itself/feast day	<ni>, day, and <lian>, great, written as one word after the name of a festival: the very day of the feast, as {Christmas nilian}, Christmas day itself	
s33730	shadow/shade	the shadow or shade made when the sun is blocked, from <ni>, sun, and <liim>, shadow; also a picture of what passes quickly	
s33731	shade/shadow	the shade or shadow made when the sun is blocked, also a picture of a life that passes quickly; a spelling of <niliim>	
s33732	reject/cast out/throw away/remove	<nil>, throw, with <khia>, out: throw out or put away from oneself or from a place, and so reject a person	
s33733	sweep away/cast away utterly	<nil>, throw, with <khia>, out, and <mang>, away and lost: sweep away completely	
s33734	reject/cast out/throw away	form of <nilkhia> used before a noun or an ending: {a nilkhiat suang} is the stone that was rejected	
s33735	continually/always/constantly	placed after a verb: keep on doing without ceasing, as {thungen niloh}, pray continually	
s33736	continually/all day long/regularly	<niloh>, continually, with the ending <in>; {sun nilohin} is all day long	
s33737	continual doing/repeated practice	<niloh>, continually, with the noun ending <na>: doing something again and again; in Amos, {a khialh kikkik nilohna} is sinning time after time	
s33738		<niloh>, continually, with the plural <te>, after a verb: those who keep on doing it, the ones who are always doing so	
s33739	throw down/pour down/hurl down	<nil>, throw, with <suk>, downward: throw or pour down into a lower place	
s33740	overcast/gloomy/dull	dull and dark, said of the weather; {khua nim} is the sky is overcast; also written <niim>	
s33741	lush/green/verdant	fresh and richly green, said of leaves, grass, trees or a whole landscape and not of the sky; mostly with <dildial> as {nim dildial}	
s33742	queasy/nauseous	after <sung>, inside, as {sung nim}: feeling sick in the stomach, the feeling that comes before vomiting	
s33743	before the day	<ni>, day, and <ma>, before, written as one word after a date or an event and often followed by <in>: before that day; {Sihvui nima nitak} is the evening before the day of the funeral	
s33744	day/the very day	<ni>, day, with the emphatic <mah>, written as one word after the name of a day of the week and before <in>: on that day	
s33745	Nympha	Christian woman of Laodicea in whose house a church met	
s33746	date	<ni>, day, with <min>, name: the date written at the head of a letter, also called <nimit>; {nimin gelhzia} is the way of writing the date	
s33747	date	the day, month and year of an event or of a letter; written as a label before the date in notices and announcements	
s33748	Nimrah	town east of the Jordan that the tribes of Reuben and Gad asked for, also called Beth Nimrah	
s33749	Nimrim	place in Moab known for its waters, which the prophets say will dry up	
s33750	Nimrod	son of Cush, a mighty warrior and hunter who founded a kingdom in Shinar and Assyria	
s33751	Nimshi	father of Jehoshaphat and grandfather of Jehu king of Israel, who is often called son of Nimshi	
s33752	dark black/jet black	of hair: deep black; taken from {A sam a nimvom hi} and from <vom>, black	
s33753	Nimzawl		
s33754	dirty/unclean	dirty, not clean; the opposite of <siang>, clean	
s33755	dirt/filth/impurity	dirt or uncleanness; {nin nei}, have uncleanness, is said of a woman in her monthly period	
s33756	rubbish/garbage/waste/litter	things thrown away, household waste, rather than dirt on a surface; brought out by <paih>, throw away, and by {nindum}, a rubbish bin	
s33757	Dung	<nin>, dirt or filth, written with a capital in the name {Nin Kongpi}, the Dung Gate of Jerusalem, and at the start of the cry {Nin, nin}, Unclean, unclean	
s33758	nations	stands where <minamte>, nations, is expected; possibly a misprint	
s33759	dump rubbish/throw away rubbish	<nin>, rubbish, and <bua>, pour out, written as one word: throw rubbish out, dump it; {ninbua mawtaw} is a rubbish truck	
s33760	rubbish heap/ash heap/dump	<nin> dirt, with <buak> pour out and the noun suffix <na>: place where refuse is thrown	
s33761	filth/rubbish/refuse	a compound of <nin>, dirt: dirt or rubbish that is thrown out, also a picture of something worthless	
s33762	heap of rubble/heap of ruins/rubbish heap	the pile of rubble that is left of a destroyed town or house; {ninbulomtang suak} is become a heap of ruins	
s33763	into heaps of rubble	<ninbulomtang> heap of rubble, with the marker <in>	
s33764	rubbish bin/trash can/dustbin	a container into which rubbish is thrown	
s33765	menstrual protection	<nin> impurity, with <dal> block and the noun suffix <na>; {numei nindalna puan} is a menstrual cloth	
s33766	Nineveh	capital city of Assyria on the Tigris, founded by Nimrod, to which Jonah was sent to preach	
s33767	I will/let me	verb-final word for the first person singular, stating what the speaker intends to do or asks leave to do	
s33768	side/corner	side or edge of an object; {a ning kim} or {a ning kikim}, with equal sides, renders square	
s33769	stink/go rotten	smell bad from going rotten, said of food kept too long	
s33770		<ning>, the ending of the first person singular for what the speaker will do, and the sentence-final <ei>, which here is not the pronoun we: closes a sentence in which the speaker announces or affirms warmly what he will do or feels, I will indeed, let me; often after <mah>	
s33771	shall I/let me	<ning>, I will, and <maw>, the question word: closes a sentence in which the speaker says what he means to do and asks the hearer to agree, shall I, let me, all right; stands after the verb	
s33772	five days	<ni>, day, with <nga>, five, written together; {a ninga ni} is the fifth day and {nisawm leh ninga} is fifteen days	
s33773	Friday	the fifth day of the week counted after Sunday, mostly as {ninga ni}; in news writing often followed by the English name of the day	
s33774	Friday	<ninga>, Friday, and <ni>, day, written as one word; {Ningani-pha} is Good Friday	
s33775	Ningbo	port city in the east of China	
s33776		<ning>, I will, with the linking <in>, written as one word: I will do this, and then; joins a first-person statement of intent to the next clause	
s33777	last year	the year before this one; also written {ning kum}	
s33778	limply/droopingly/listlessly	placed after a verb, describes something that droops, hangs or lies limp, or is done without spirit; {vul ningniang} is to be downcast and worn out	
s33779	ebony	a hard black wood traded as a luxury, named together with <saiha>, ivory	
s33780	perishable/that spoils	<ning>, go rotten, with <thei>, can: able to spoil, said of food that does not last	
s33781	Wednesday	a day name taken from Meitei, Manipuri, given as Wednesday in the book's table of the days of the week; the book prints it as {Ningtho kah}, with the second part in brackets; the Meitei calendar itself has Ningthoukaba, Monday, so the day is to be confirmed	
s33782	drink/liquor/beer	word of songs and elevated speech for a drink, mostly <zu>, beer or liquor; compare <ningzu>	
s33783	rice beer/wine	word of songs for <zu>, the beer of a feast, mostly in the pair {ningzu aisa}, beer and meat	
s33784	day by day/daily	<ni>, day, doubled, with <in>; used as {a nini-in}	
s33785	second day/two days	<ni> day, with <nih> two; {a ninih ni} is the second day	
s33786	for two days/during the two days	<ninih> two days and <sung> during, written as one word: over the two days named, or within two days	
s33787	as unclean/unclean/impure	<nin>, unclean, with the ending <in>: in an unclean state; {a ninin ngaihsun} is regard as unclean	
s33788	rubbish heap/rubble/debris	<nin>, rubbish, and <kawmlak>, the space among things, written as one word: among the rubbish, or among the rubble of a fallen house	
s33789	collect rubbish/collect garbage/pick up litter	<nin>, dirt or rubbish, with <khawm>, here gather: gather up rubbish; {ninkhawm mawtaw} is a garbage truck	
s33790	rubbish heap/dunghill/refuse heap	<nin>, dirt, with <khol>, heap up, and the noun suffix <na>: place where refuse is piled up, also a town left in ruins	
s33791	heap of ruins/rubbish heap	<nin> dirt, with <kikhol> be piled up and the noun suffix <na>: place where rubbish is heaped	
s33792	rubbish/rubbish heap/garbage dump	<nin>, dirt, with <lak>, midst: the place where rubbish lies or is thrown; {ninlak ah paai} is throw into the rubbish	
s33793	rubbish heap/dung heap	<nin>, dirt, with <lom>, heap	
s33794	uncleanness/stain/spot	<nin>, unclean, with the noun suffix <na>: a stain or spot of uncleanness; {ninna tawh kinuh loin} is spotless	
s33795	menstruating/unclean	<nin>, impurity, with <nei>, have: said of a woman during her monthly period	
s33796	period/discharge/uncleanness	form of <ninnei> used before <hun> and <sung>: the time a woman is unclean	
s33797	those with a discharge/unclean persons	<ninnei> having an impurity, with plural <te>	
s33798	whirling dust/litter	light rubbish blown round in a whirlwind	
s33799	speck/mote/bit of dust	a tiny bit of dirt or dust; {ninneng tang} is a single speck, and {ninneng bang} is like rubbish, worthless	
s33800	day before the Sabbath/eve	{nino ni} explains {Kigin ni}, Preparation Day; the build of the word is not clear	
s33801	Saturday	the day of the week before <nipi>, Sunday, also {nino ni}; {Nipi Nino} together are the weekend days off work	
s33802	rising sun/morning sun	<ni>, sun, with <no>, young: the sun that has just risen, as in {zing nino}, used as a picture of a new beginning; not a day of the week	
s33803	unclean man/unclean person	<nin>, unclean, with <pa> marking a man	
s33804	stubble	dry stalks that fire burns up; a spelling of <niinpa>	
s33805	rubbish dump/garbage dump/rubbish bin	<nin>, dirt or rubbish, with <paihna>, the place of throwing: a place or container where rubbish is thrown away	
s33806	ash heap/rubbish heap/dunghill	<nin>, dirt, with <phual>, place	
s33807	rubbish carrying/garbage collection	<nin>, rubbish, and <puakna>, carrying, written as one word: the carrying away of rubbish; {ninpuakna mawtaw} is a garbage truck	
s33808	defiled/made unclean	<nin>, unclean, with <sa>, already done	
s33809	defile/make unclean/desecrate	<nin>, unclean, with the causative <sak>: make a person, a place or a holy thing unclean	
s33810	defiling/making unclean	<ninsak>, defile, with the linking ending <in>, which joins it to the following verb	
s33811	defile/happen to defile	<ninsak>, defile, with <kha>, happen to: make something unclean, even without meaning to	
s33812	make dirty again/soil again	<ninsak> make unclean, with <kik> again	
s33813	can defile/be able to make unclean	<ninsak> defile, with <thei>, be able	
s33814	have defiled	<ninsak> defile, with <zo> marking a completed action	
s33815	unclean things/unclean ones/defilement	plural of <nin>; things or persons that are dirty or ritually unclean	
s33816	rubbish/garbage/litter	plural of <nin> for things thrown away, household waste that is collected or thrown out, not ritual uncleanness; brought out by <paih>, throw away	
s33817	all the impurities/all the dirt	<nin> dirt, with <teng> all	
s33818	speck/mote	tiny bit of dirt or dust	
s33819	rubbish/litter/waste/debris	things thrown away or broken pieces lying about, as rubbish on a road or the debris of a building; brought out by <kaihkhop>, collect, and {tawh kidim}, full of, and not a single speck of dust	
s33820	soft	soft, not hard or stiff; {tutphah nip}, a soft seat, is a couch or cushion	
s33821	from the day/since the day	<ni>, day, and <pan>, from, written as one word: starting from that day or date; often followed by <kipan>	
s33822	from that day on/since the day/starting on	<nipan>, from the day, and <kipan>, beginning: from that day onward; placed after <tua>, that, or after a date, and followed by the clause that tells what has held since then or what begins then	
s33823	already on/back on	<ni>, day, and <pek>, far back, written as one word after a date and followed by <in>, <panin> or <akipan>: already on that day, as early as that day	
s33824	the day/as for the day	<ni>, day, and the topic marker <pen> written as one word: after a date or the name of a day, that day is what the sentence speaks about	
s33825	Sunday		
s33826	week	a period of seven days, alone or as {nipi kal}, mostly before a number or after <tu>, this, <mai>, next, and <nung>, last: {nipi khat} is one week, while {nipi ni} is the day Sunday	
s33827	Sabbath	the day of rest, usually {Nipi ni}, the Sabbath day	
s33828	week	<nipi>, week or Sunday, and <kaal>, week: a week of seven days, said with both words so that it is not taken for Sunday; a number follows it, as in {nipi kaal khat}, one week, and <nung>, last, or <mai>, next, stands before it	
s33829	Monday		
s33830	Sunday school	<nipi>, Sunday, and <sang>, school: the class for teaching the Bible that a church holds on Sunday, chiefly for children; {nipi sang kah} is attend it and {nipi sang sia} is its teacher	
s33831	Friday		
s33833	week	a period of seven days; {nipikal khat} is one week and {nipikal sagih} is seven weeks	
s33834	weeks	<nipikal>, week, with the plural <te>; {Nipikalte’ pawi} is the Festival of Weeks	
s33835	weeks	<nipikal> week with plural <te>; {Nipikalte’ pawi} is the Festival of Weeks	
s33836	Sabbath day/Sabbath	<Nipi> Sabbath with <ni> day	
s33837	Sunday	in present-day use the first day of the week, the day of church worship, as in {Nipini kikhop}, the Sunday service; in the Bible text the same word is the Sabbath	
s33838	sunflower	a flower, <pak>, named after the sun or Sunday, <nipi>; taken to be the sunflower	
s33840	weekly/every week	<nipi> week or Sabbath, with <sim> every; {a nipisim pawite} renders her Sabbath days	
s33841	softness/soft place	<nip>, soft, with the noun suffix <na>: softness; {a nipna mun} is a soft place	
s33842	Japan	Japan, from the Japanese name Nippon, used of the Japanese in the Second World War as {Nipon te}; also in the name Nippon Foundation	
s33843	soften/soak/drench	<nip> with the causative <sak>; make ground soft and wet through	
s33844	softer/more soothing	<nip>, soft, with <zaw>, more	
s33845	heat of the sun/heat/sunshine	from <ni> sun and <sa> hot	
s33846	week	<ni> day, with <sagih> seven: seven days	
s33847	Nisan	first month of the Hebrew year, in spring, the month of the Passover	
s33848	heat of the day/heat of the sun	form of <nisa>; {sun nisat hun} is the hot part of the day around noon, {nisat hun} the hot season	
s33849	ten days	<ni>, day, with <sawm>, ten; {nisawm-le-nih} is twelve days, and with <ni> after it the day of the month, {nisawm leh nili ni} the fourteenth day	
s33850	daily/every day/regularly	<ni> day with <sim>, each; also placed before a noun as in {nisim nasep}, daily work	
s33851	daily life/everyday life	<nisim>, daily, and <nuntakna>, living: the life of every day; a possessive such as <i> or <na> stands before it and <ah> or <sungah> after it	
s33852	almost every day/practically daily/day after day	<nisim>, every day, with <phial>, even or quite: so often that it is as good as every day; mostly followed by <in> or <a> at the head of a clause	
s33853	daily/of each day/every day	<nisim>, daily, with the linking <a>	
s33854	daily/every day	<nisim>, daily, with the adverb ending <in>: every day, day after day	
s33855	every single day/day after day	<nisim>, daily, and the stressing word <phial> written as one word: every day without exception, usually followed by <in>	
s33856	Nisrok	god of the Assyrians, in whose temple King Sennacherib was killed by his sons	
s33857	Nissan	Japanese car maker and the make of its cars; {Nissan mawtaw} is a Nissan car	
s33858	sunrise	<ni>, sun, with <suah>, come out; the time when the sun rises, set against <nitum>, sunset	
s33859	east	the direction in which the sun rises rather than the time of sunrise, before <lam>, side, or with <na> written apart, as in {nisuah lam} and {nisuah na}; set against <nitumna>, west	
s33860	east	the side where the sun rises, <nisuah> sunrise with the noun suffix <na>; {nisuahna lam} is the east side or eastward	
s33861	east	written with a capital in the Bible text, as in {Nisuahna lam mite}, the peoples of the East, and {Nisuahna Kongpi}, the East Gate	
s33862	east/east side/eastern part	<nisuahna>, east, and <lam>, side or direction, written as one word: the east, the eastern side of a place	
s33863	sunrise/dawn/rising sun	<ni>, sun, with <suak>, come out: the rising sun or the time when it rises; {nisuak tung} is the moment of sunrise	
s33864	palm/palm tree/date palm	{nisuh kung} is the tree and {nisuh gah} its fruit	
s33865	date/date fruit	<nisuh> and <gah> written as one word: the fruit of the date palm	
s33866	palm tree	<nisuh> palm, with <kung> tree	
s33867	palms/palm trees	<nisuh>, palm, with the plural ending <te>	
s33868	daytime/midday	<ni>, day, and <sun>, daytime, written as one word: the daytime of a day, around noon; {Nipi nisun} is Sunday daytime	
s33869	unclean/defiled/filthy	dirty or ceremonially unclean, the form of <nin> used before words such as <hun>, <sung>, <sak> and <lohna>; {a nit hun}, the time of her uncleanness, is a woman's monthly period	
s33871	in the evening at/pm	<nitaak>, evening, and <nai>, hour by the clock: placed before a number, that hour of the afternoon or evening, as {nitaak nai 7}, 7 pm; a spelling of <nitak nai>	
s33872	sunshine/sunlight	the light of the sun; {sun nitaang} is the bright sun of midday	
s33873	evening	the end of the day, from late afternoon until dark; {nitak ciangin} is in the evening, and {nitak nai thum} is three in the afternoon	
s33874	dinner/supper	the evening meal	
s33875	in the evening/at evening time	<nitak>, evening, with <lam>, side or part, and the marker <in>, the same as <nitaklam> with <in>; here <lamin> is not the verb build: in the evening, placed after a date or a word such as <zanni>, yesterday, or <tua>, that	
s33876	going to bed/bedtime	<nitak>, evening, and <lup>, lie down: going to bed at night; it stands before <hun>, <ciangin> or <kuan>, so {nitak lup hun} is bedtime and {nitak lup kuan ciangin} is when about to go to bed	
s33877	in the evening at/pm	<nitak>, evening, and <nai>, hour by the clock: placed before a number, that hour of the afternoon or evening, as {nitak nai 8}, 8 pm; the morning hours are {zingsang nai}	
s33878	supper/evening meal	<nitak> evening with <an> food; {Topa’ Nitak-an} is the Lord's Supper	
s33879	in the evening/of the evening	<nitak>, evening, and the linking <a> written as one word; {zan nitaka kipan} is since yesterday evening	
s33880	in the evening/at twilight	<nitak> evening with the ending {-in}; {tu nitakin} means tonight	
s33881	one evening/one night	<nitak>, evening, and <khat>, one, written as one word: one evening, for one night	
s33882	afternoon/evening	<nitak>, evening, and <lam>, side, written as one word: the later part of the day, from the early afternoon until night, often followed by the hour	
s33883	until evening/up to the evening	<nitaklam>, evening, and <dong>, until, written as one word: up to the evening, mostly after the name of a day	
s33884	every evening/nightly/every night	<nitak>, evening, with <sim>, each, as in <nisim>, daily: every evening or every night; also {nitaksim in}	
s33885	evening star	the biggest star of the evening, the evening star	
s33886	many days	<ni>, day, and <tampi>, many, written as one word	
s33888	last day/end time	<ni>, day, with <tawp>, end; nearly always {nitawp ni}, the last day, the day of resurrection and judgment	
s33889	days	<ni> with plural {-te}; {sabbath nite}, {khadet nite} and {pawi nite} are the Sabbaths, New Moon days and feast days	
s33890		sentence-final word in reported thought, it must be so, surely	
s33891	some day/one day	<ni>, day, with <teh>, here when: after <nikhat>, one day, it points to a day that is still to come, <nikhat niteh>, some day; not the sentence-final word of reported thought	
s33892	daily wage/day's pay	<ni>, day, with <tha>, strength or labour: the pay for one day of work, beside <khasum>, the monthly pay	
s33893	new day	<ni> day and <thak> new written as one word: a new day, often as a picture of a better time to come	
s33894	three days	<ni>, day, with <thum>, three; {nithum sung} is for three days	
s33895	third day	followed by <ni>, {nithum ni}, the third day	
s33896	for three days/within three days	<nithum>, three days, and <sung>, during, written as one word	
s33897	special day/holy day/festival day	<ni> day and <thupi> important written as one word: a day kept as special, a religious or public holiday	
s33898	uncleanness/impurity/defilement	<nit>, unclean, with the noun suffix <na>: the state of being ritually unclean, or an unclean act	
s33899	all uncleanness/all impurity	<nitna> uncleanness, with <teng> all	
s33900	nitrogen	the chemical element, spoken of as a plant nutrient in {nitrogen dat}	
s33901	defile/make unclean/desecrate	<nit>, unclean, with the causative <sak>: make a person, a place or a holy thing unclean	
s33902	defilement/desecration/profaning	act of making something unclean	
s33903	sniff at/blow the nose at	with <nap>, nasal mucus: <nit>, blow the nose, with <san>, toward someone; a gesture of contempt	
s33904	Nitu		
s33905	sunset/sundown	<ni> sun with <tum> set, the time when the sun goes down	
s33906	dusk/toward sunset/evening	<nitum> and <kuan> written as one word: the time when the sun is about to set	
s33907	west	the place of sunset, from <ni> sun and <tum> set	
s33908	west	{Nitumna Tuipi}, the western sea, is the Mediterranean Sea	
s33909	the West/Western countries/Western nations	<nitumna>, west, and <gamte>, countries: the countries of the West taken together, Europe and North America, as a term of world affairs	
s33910	the west/west side/western part	<nitumna>, west, and <lam>, way or side: the west, the western side of a place, and the West as a part of the world; stands before a noun as in {nitumna lam gam}, the western countries, or after a possessor	
s33911	Westerners/the West/Western countries	<nitumna>, west, and <lamte>, those of the side: the peoples and countries of the West, whose ways, food and systems are compared with one's own; after the name of a region it is only the western parts of it	
s33912	idlers/drowsy ones	<nitum>, sunset, with <te>, those who: those who only eat and let the day go by till sunset; the English has drowsiness	
s33913	night of the day/evening	<ni>, day, and <zan>, night, written as one word after the name of a day or event: the night of that day	
s33914	sunbeam/ray of the sun/sunshine	<ni>, sun, with <zang>; the light that the sun sends out	
s33915	the day also/on the day too	<ni>, day, and <zong>, also, written as one word, after the name or description of a day: that day too	
s33916		<n>, the short form of <in> after an apostrophe, and the particle <lah> written as one word, as in {te'nlah}: as for them, they on their part	
s33917	NLD/National League for Democracy	a political party of Myanmar, named by the letters of its English name	
s33918	Nlung-imnu		
s33919	work/task	work, a task to be done, as in {nna sem}, do work; the word that forms <nasep>, written with a double n	
s33920	you	second person plural pronoun; before a noun it addresses a group, as in {no tuucingte aw}, you shepherds, and before <kong> or <hong> it is the object of the verb	used for only the plural
s33921	number/no.	the English abbreviation for number, written after a word such as <phone> or before a figure, as in {phone no} and {no 4}; not the pronoun	
s33922	young/offspring	the young of an animal, set against <pi>, its mother, as in {a pi san a no san}	
s33923	young/little/tender	young and small, not yet grown, said of children, animals and plants; the opposite of <gol>, big or grown	
s33924	you	<no>, you plural, written with a capital at the start of a sentence: it addresses a group or is the object of the verb	
s33925	your village/your town	<no>, you, of several people, with the possessive apostrophe and <khua>, village: stands for {no ii khua}, your village	
s33926	Noadiah	name of two people: a Levite, son of Binnui, who helped weigh the temple treasures in the time of Ezra, and a prophetess who tried to frighten Nehemiah	
s33927	Noah	son of Lamech, who built the ark and with his family survived the flood	
s33928	cypress/gopher wood	the tree whose wood was used for the ark; {noah-taak sing} is its wood	
s33929	cypress wood/gopher wood	<noah-taak> with <sing> wood: the wood used for the ark	
s33930	gopher	the tree whose wood was used for the ark of Noah; written <noah-taak> in the Bible text	
s33931	Noah	<Noah> with the plural <te>, Noah and the others: one of the five daughters of Zelophehad of the tribe of Manasseh	
s33932	Nob	town of the priests in Benjamin near Jerusalem, where Ahimelek the priest helped David	
s33933	Nobah	man of Manasseh who captured Kenath and named it Nobah after himself; also a place east of the Jordan near Jogbehah	
s33934	Nobel	in {Nobel Prize}, the international prizes given each year for science, literature and peace, named after Alfred Nobel	
s33935	Nebo	town of Moab named in the judgment on Moab, spelled Nebo in the NIV	
s33936	Nod	land east of Eden where Cain settled	
s33937	Nodab	people east of the Jordan, defeated together with the Hagrites by Reuben, Gad and the half tribe of Manasseh	
s33938	Nogah	son of David born in Jerusalem	
s33939	caress/fondle	touch a wife or husband lovingly	
s33940	Nohah	fourth son of Benjamin; in Judges 20:43 the Tedim text also has {Nohah} as a place near Gibeah	
s33941	fuss over/humour/soothe/pamper	treat a person or a thing with fond attention, speak to someone soothingly to please or calm him; related to <noh>, caress	
s33942	Noida	a city in the state of Uttar Pradesh, India, near Delhi; in the articles as Greater Noida	
s33943	November	a month of the traditional Zomi calendar, set beside November in the book's table of month names	
s33944	a young/a little	<no>, here young or small, and <khat>, one, written as one word after a noun: {numei nokhat} is a young woman, {huntom nokhat} is a short little while	
s33945	Nokia	a company that makes mobile phones, and a phone of that make	
s33946	sprout anew/grow fresh again	of grass, come up young again, with <kik> again	
s33947	hinder/hold back/trouble	get in the way of what someone does; {nokkhak sak} is detain or weary someone	
s33948	yourselves	<no>, you plural, said twice and joined by <le>, and; used with a verb in <ki> for what people do to themselves	
s33949	reject/refuse/turn away	refuse to accept or welcome a person or thing	
s33950	rejection/having rejected	<nolh> reject, with <khit> finished and the noun suffix <na>: the fact of having rejected	
s33951	those who reject/whoever rejects	<nolh>, reject, with <te>, those who	
s33952	moisture/dampness	wetness in the soil; in the list of plagues in Deuteronomy 28:22 {a nom} stands where the NIV has mildew	
s33953	yourselves/you/your own	second person plural, emphatic or reflexive; with <aa> or the possessive mark, yours	
s33954	nominate/put forward	name a person as a candidate for an office; used as a Zolai verb, as in {aki nominate}, he is nominated	
s33955	nominee/candidate	the person a party puts forward for an office	
s33956	moisten/wet/make damp	<nom> with the causative <sak>; of dew wetting branches and of clouds filled with moisture	
s33959		<no>, young or tender, with the noun suffix <na>; in {lo nona}, a place of fresh young grass, green pasture or grassland	
s33960	you	second person subject marker used when the action is directed at the speaker, you to me or you to us, placed before the verb	
s33961	you	second person subject acting on the speaker, you to me, placed before the verb	
s33962	chicks/young ones	<no>, young, with <ngeek>, tender, and the plural ending <te>: the very young of a bird or animal, in the verses the chicks of a hen	
s33963	tender young/suckling young	<no> young of an animal, with <ngek> tender; {a nongek neite} is those nursing their young	
s33964	you send me/you send us	<nong>, you to me, and <khak>, send, written as one word: you send money, a picture or a message to me or to us	
s33965	you give me/you give us	<nong>, you to me or us, and <piak>, give, written as one word: that you give or gave me or us	
s33966	you send/you bring	<nong> and <puak>, send, written as one word: you send or deliver something to us	
s33967	you call me	<nong>, you toward me, and <sap>, call, written as one word: you call me, also of a telephone call	
s33968	you read	<nong>, you to me or to us, and <sim>, read, written as one word: you read what I or we wrote; {lai nongsim sak} is that you read my writing	
s33969	you read for us	<nong>, you to me or us, with <simsak>, read for, written as one word: you have read it for us; {lai nongsimsak lungdam} thanks a reader for reading	
s33971	no longer/not again/no more	{nawn loh} written as one word with <non> for <nawn>, any more, and <loh>, not: placed after a verb and before <nading> or <ding>, so that it does not happen again	
s33972		placed after a descriptive word to speak of several things that each have that quality, as {hoih nono} fine ones and {anlim nono} choice foods	
s33973		<nono> with the plural ending <te>, placed after a descriptive word for several things that each have that quality; {haksa nonote}, the hard ones	
s33974	Nonthaburi	a province and city of <Thailand> next to <Bangkok>	
s33975	noodles/noodle	noodles as a dish; also explained as <khauhsuai>	
s33976	want/wish/desire	form of <nuam> used after another verb in dependent clauses, want to, be willing to	
s33977	because of wanting to/out of a wish to	<nop>, want, and <man>, reason or because: placed after a verb, it gives the wish to do that action as the reason; often followed by <ahihi>, it is, or by <in>	
s33978	pleasant/delightful	of a land that is good to live in	
s33979	joyfully/merrily/festively	<nopci>, pleasant, with <tak>, written as one word: in a joyful and festive way, said of how a feast or celebration is held; often {nopcitak in}	
s33980	luxury/splendor/delight	<nopci> pleasant, with the noun suffix <na>	
s33981	pleasant/enjoyable/delightful	<nop>, the form of <nuam>, be pleasant, used before a suffix, with <huai>, worthy of: pleasant	
s33982	song of joy/happy song	<nop>, here be glad, with <la>, song: a song of joy, named together with <dahla>, the song of sorrow	
s33983	wish/wanting to	<nop>, want to, and <lam>, the fact that, written as one word after a verb: that someone wants to do it; {a pai noplam a gen hi} is she said that she wanted to go	
s33984	if one wants to	<nop> and <leh> written as one word, placed after a verb: if one wants to do it	
s33985	not want to/be unwilling	<nop>, want, and <loh>, not, written as one word after a verb: not wanting to do it, the form used before a noun and before words such as <ciang> and <man>	
s33986	unwillingness/reluctance	<nop> and <lohna> written as one word, after a verb: not wanting to do it, as {up noplohna}, unwillingness to believe	
s33987	discomfort/unease	the state of not being comfortable or at ease, in body or in mind; {lung noplohna} is uneasiness of heart	
s33988	want too much/want very much	<nop>, want, and <luat>, too much, written as one word after a verb and before <man>: because of wanting so much to do it	
s33989	great desire/eagerness	<nop>, want to, and <luatna> written as one word: the great wish to do the thing named by the verb before it	
s33990	because of wanting to/out of a wish to	<nop>, want, and <man>, here short for <manin>, because, written as one word, after a verb: because someone wants to do it	
s33991	uncomfortable/unpleasant/awkward/embarrassing	not pleasant to bear, causing unease or embarrassment; {nopmawh sa} is feel uncomfortable or embarrassed	
s33992	unease/trouble/discomfort	{lungsim nopmawhna} is a troubled conscience	
s33993	feel uncomfortable/be bothered/be upset	<nopmawh>, unpleasant, with <sa>, feel, written as one word: find something unpleasant, be bothered or embarrassed by it	
s33994	trouble/make uncomfortable/make difficult/bother	<nopmawh>, uncomfortable, and <sak>, written as one word: make things unpleasant or hard for a person or a matter; also find something uncomfortable	
s33995	peace/well-being/happiness/pleasure	a state of peace, well-being or enjoyment; {nopna om ta hen} is a greeting, peace be with you	
s33996	wish/desire/intention	after a verb, the wish or intention to do it; {cih nopna}, what one wants to say, is the meaning of a word or name	
s33997	peace/well-being	{Nopna lampi} is the way of peace	
s33998	joy and sorrow/glad and sad occasions	<nopna>, happiness, and <dahna>, grief: a pair for the happy and sad events of community life, such as weddings and funerals; mostly as <nopna dahna ah>, at times of joy and of mourning	
s33999	in joy and sorrow/in good times and bad/at feasts and funerals	<nopna>, happiness, and <dahna>, sorrow, set side by side without <leh>, with the place marker <ah>: on the happy and the sad occasions of community life, such as weddings and funerals; stands at the head of the clause	
