sense	terms	definition	text
s42000	be able to harm/be able to lay hands on	form of <su>, touch or harm, with <theih>, be able; {suktheih nading}, a way to get at someone	
s42001	descent/way down	the part of a road that goes down a hill, from <suk> downward	
s42002	more depraved/worse	paired with <siazaw> worse, with <zaw> more and <in>; the meaning of <suk> here is not certain	
s42003	manage to harm/bring down	<suk>, form of <su> harm, with <zawh> be able or finish	
s42004	straight off/abruptly/just like that	<suk> and <ziau> written as one word after a verb: the action is done at once and without more ado, often to the surprise of others	
s42005	path/track/footprint/trail	the way or the marks left where someone has gone; {sul zuih}, follow in the track of	
s42006	in the wake of/following	as {sul-a} after a noun, following on from; {zukham sul-a}, after getting drunk	
s42007	Sulawesi	large island of Indonesia, east of Borneo	
s42008	Sule	the area in the centre of Yangon around the Sule Pagoda	
s42009	break through/dig through/breach	make a hole right through a wall	
s42010	Sulgua	name of a place, set beside <Daizang> in the saying <Nadak kangin Kawl lawh Daizang kangin Sulgua peh>	
s42011	in the wake of/following	<sul> track with <in>; {zukham sulin} is following on drunkenness	
s42012	track/trail/footsteps/trace	<sul>, track, with <nung>, behind: the marks or way left behind by someone who has gone; {sulnung zui} is follow in the footsteps of	
s42013	Sulu	an island group and province in the south of the Philippines	
s42014	destroy/strike down/kill	strike someone dead	
s42015	track/pursue/follow after/keep track of	follow on the tracks of someone, <sul> track with <zuih> follow	
s42016	searching out/tracking	<sulzuih> follow on the tracks of, with <in> which links it to the next verb	
s42017	follow at once/pursue at once	<sulzuih> and <pah> written as one word: follow after someone at once, of police after a suspect or robbers after a victim	
s42018	keep following/trail	<sulzuih>, follow after, with <zuih> said twice for an action that goes on: keep following behind	
s42019	money/wealth/cash	money, and wealth counted in money; {sum hau} is be rich, <sum leh pai> is money and goods	
s42020	treasure	a store of something precious, said of hidden treasure and of the riches of wisdom and knowledge	
s42021	mortar	the wooden mortar in which grain is pounded, kept at the <sumtawng> of the house; apart from {sum}, money	
s42022	money/wealth	<sum> written with a capital at the start of a sentence; {Sum haute}, those rich in money, are the rich	
s42023	free of charge/at no cost/for free	<sum>, money, <beilo>, not used up, and <in>: placed before a verb, without any money being spent, at no cost	
s42024	pay a contribution/pay in/contribute money	<sum>, money, and <don>, here pay in a share: pay the contribution or premium that every member of a fund owes; {sum don zah} is the amount to be paid, and the name of the fund stands before it	
s42025	bribe/bribe money/bribery	<sum>, money, and <golhguk>, bribe: money given in secret to win someone over, and so bribery, corruption; {sum golhguk pia} is offer a bribe and {sum golhguk nekna} is the taking of bribes	
s42026	money transfer/remittance/sending money	<sum>, money, and <khakna>, sending, from <khak>, send: the sending of money to someone far away, a remittance, and a service or means by which money is sent	
s42028	income/receipts/earning/receipt	<sum>, money, and <ngahna>, getting: money received, or the getting of it; {sum ngahna leh zatna} is income and expenditure in accounts, {huhna sum ngahna} is donations received, and {sum ngahna ding} is in order to earn money	
s42029	counting of money/money table	<sum>, money, with <simna>, counting: the reckoning of money, the heading of the table of coins from the pice to the kyat	
s42030	earn money/work for wages	<sum>, money, and <thalawh>, work for: to earn money by one's labour, to work for a living; often followed by <theihna>, a way of earning, or <dingin>, in order to earn	
s42031	earning money/livelihood/work for wages	<sum>, money, and <thalawhna>, earning: the earning of money by one's labour, a livelihood, the noun of <sum thalawh>; with a following <in> it says what someone does for a living or for what purpose he went abroad	
s42032	destroy/wipe out/put an end to	destroy so that nothing is left, wipe out; said of people, cities and their strength or wealth	
s42033	destroy completely/wipe out	<sumai> destroy with <gawp>, which shows that the action is done thoroughly or violently	
s42034	destroy completely/wipe out/exterminate	<su>, strike, with <maimang>, vanish utterly	
s42035	destroy/demolish/do away with	make something disappear completely	
s42036	cancelling/wiping out/doing away with	<sumang> make disappear with <in>, which links it to the next verb	
s42037	Sumatra	large island of Indonesia, with the provinces North, West and South Sumatra	
s42038	debt/loan	<sum> and <bat> written as one word: money that is owed, a loan taken	
s42039	trade/trading/commerce/business	buying and selling to make money, from <sum> money and <bawl> make; {sumbawl na sem}, work as a merchant; before a people's name, trading	
s42040	trader/businessman/merchant	a person who lives by trade, not the trade itself: counted or made plural as a person, {sumbawl khat}, a businessman, {sumbawl te}, the traders	
s42041	business/trade/commerce	<sumbawl>, making money, and <paaibawlna>, a word formed to match it from the pair {sum le paai}, money: trade and business, the earning of a living by buying and selling	
s42042	trade/commerce/business	<sumbawl>, trade, and <sumzuakna>, selling: a paired expression for the whole of buying, selling and business life, the economy of a place; {sumbawl sumzuakna lam} is the field of commerce	
s42043	trading/doing business	<sumbawl> do business, trade, from <sum> money and <bawl> make, with the linking ending <in>	
s42044	a businessman/a trader	<sumbawl>, businessman, and <khat>, one, written as one word	
s42045	trader/businessperson/merchant	<sumbawl>, trade, and <mi>, person, written as one word: a person who lives by trade	
s42046	trade/commerce/business	{sum bawl}, make money, with <na>: trading, and the place of trade	
s42047	merchant/trader	<sumbawl> trade with <pa>, a man: a man who trades	
s42048	good at business/skilled in trade	<sumbawl> and <siam> written as one word: skilled at making money, or a person so skilled	
s42049	merchants/traders	plural, people who make money by buying and selling	
s42050	way of doing business/business method	<sumbawl>, business, with <zia>, manner: the way of making money or of running a business	
s42051	purse/money bag/bag	a bag in which money or gold is carried	
s42052	expense/cost/spending	<sum>, money, with <bei>, be used up: money spent, the cost of something; {sumbei lo} is without cost, free	
s42053	free of charge/without cost	<sum>, money, <bei>, be used up, and <lo>, not, written as one word: without spending money, free	
s42054	amount of cost/expenses/total spent	<sumbei> and <zah> written as one word: the amount of money that is or will be spent	
s42055	only money/money alone	<sum>, money, and <bek>, only, written as one word: money and nothing else	
s42056	cash alone/money only	<sum> and <bekbek> written as one word: money and nothing else, in cash alone	
s42057	market/marketplace/shop	place of buying and selling; {sumbuk vante} is merchandise, {sumbuk bawlte} are traders	
s42058	market/marketplace/forum	<sumbuk> written with a capital, at the start of a sentence and in the place name {Appias Sumbuk}, the Forum of Appius	
s42059	in the market/of the market	<sumbuk> market with <a>, in or of	
s42060	in the marketplace/at the market	<sumbuk> marketplace with the place marker <ah>	
s42061	shopkeeper/trader/seller	<sumbuk>, market or shop, with <pa> marking a man: the man who keeps a shop or sells at the market	
s42062	by the shopkeeper	<sumbukpa>, shopkeeper, with the marker of the doer <in> shortened to {'n}: the shopkeeper as the one who acts	
s42063	merchants/traders	<sumbuk>, market, with the plural <te>: the people of the market, merchants	
s42064	capital/principal/investment	<sum>, money, with <bul>, base: the money with which a business is started, and the sum lent or invested as opposed to its interest	
s42065	capital/main fund/deposit	<sumbul>, capital, with <pi>, great or main: the main sum of money with which a business or a fund is started; glossed as deposit in a fund's rules	
s42066	money box/fund	a box that money is put into, as the fare box beside a driver; {kumpi sumbung} is glossed in one article as the state budget	
s42067	banknote/note/bill	<sum>, money, with <dal>, sheet: a piece of paper money	
s42068	banknotes/notes/bills	plural of <sumdal>: pieces of paper money	
s42069	love of money	<sum> money with <deihna> desire	
s42070	bargain/haggle	beat down a price; {sumdek siam} is good at bargaining	
s42071	ask for money/raise funds/solicit money	<sum>, money, with <dong>, ask, written as one word: go to people and ask them for money for a cause	
s42072	crave money/love money	<sum> money with <duh> crave; {sumduh luatna} is too great a love of money	
s42073	bribe	money or a gift given to turn a judgment	
s42074	steal money/steal	<sum> money with <gu> steal; {mi sumgu mi} is a thief	
s42075	treasure/money	money or wealth that is laid up; in Deuteronomy 23.19 money that is lent	
s42076	lose/suffer loss	be left without something one had, as animals that die or a slave who dies	
s42077	rich/wealthy	having much money, from <sum> money and <hau> rich	
s42078	rich/rich man	<sumhau>, rich, with <pa> marking a man: a rich man	
s42079	wealthy/wealthy man		
s42080	cash rich		
s42081	the rich/rich people		
s42082	Sumhrang		
s42083	for money/with money	<sum> money with the marker <in>	
s42084	put out/extinguish/snuff out/snuff	make a lamp or fire go out	
s42085	switch off/turn off/shut off	stop an engine or cut off the electric current, a present-day use beside putting out a fire; the thing stopped is named before it, as {Engine sumit}	
s42086	steward/foreman/paymaster/treasurer	<sum> money with <keem> keep and <pa> man, the man who keeps the money and pays the workers	
s42087	treasurer/keeper of money	one who keeps the money of a group, a king or a city; <sum>, money, with <kem>, keep	
s42088	treasurer/steward/manager	a man who keeps and manages the money or goods of his master; <pa> marks a man	
s42089	treasurer/chief treasurer	<sumkem>, treasurer, with the ending {-pi}, chief: the treasurer of an organisation or church	
s42090	treasurers/keepers of money	<sumkem>, treasurer, with the plural <te>	
s42091	stewardship/management of money	the keeping of another person's money and goods; <sum>, money, with <kep>, keep	
s42092	stewardship/management of money	<sum> money with <kepna> keeping; {sumkepna za} is the post of manager	
s42093	send money/remit	<sum>, money, with <khak>, here in the sense of send, written as one word: send money to someone far away, above all from abroad to the family at home; also as a noun, money sent, a remittance	
s42094	to send money/to remit	<sumkhak>, send money, and <ding>, to, written as one word: in order to send or transfer money	
s42096	money changers	<sum> money with <kheek> exchange and the plural <te>	
s42097	exchange/change money	change money of one kind for another; {sumkhek nasem mite} are the money changers	of currency
s42098	exchange rate/rate of exchange	the price of one currency in another, said to fall with <kia> or rise with <khang>, often after <dollar>; not the act of changing money	
s42099	exchange money	<sum> money with <khek> change; {sumkhek nasem mite} are the money changers	
s42100	exchange/money changing	<sumkhek>, change money, with the noun suffix <na>: the changing of money; {sumkhekna sabuai} is the table of a money changer	of currency
s42101	money changers	<sumkhek>, change money, with the plural <te>: the people who change money for others, as in the temple courts	
s42102	save money/save up	<sum>, money, with <khol>, store up: put money aside; also the money saved, savings, as in {a sumkhol te}	
s42103	treasury/storeroom/store of treasure	<sum>, money, with <kholna>, a place for storing: the place where money or valuables are kept, as the temple treasury or a storeroom; also the store of good or evil in the heart	
s42104	money/proceeds	the money a person has got, in this verse the money from selling possessions; a plural form with <te>	
s42105	bet/wager/betting	money staked on the outcome of a game or a dare, and the betting itself; with <te>, those who bet	
s42106	treasury/storehouse	<sum>, money, with <koihna>, a place for keeping: the treasury or storehouse where money and valuables are kept	
s42107	cash box/till/safe	a box, drawer or safe in which the money of a shop or bank is kept, mostly followed by its English name, as {sumkoihna Drawer}; smaller than a treasury	
s42108	treasuries/storehouses	<sumkoihna>, treasury, with the plural <te>: the places where money and valuables are kept	
s42109	treasury/offering chest/money box	<sum>, money, with <kuang>, chest or trough: the chest into which money offerings are put; {biakinn sumkuang} is the temple treasury	
s42110	tortoise/turtle	the slow animal with a hard shell, as in sayings and fables, where it digs its pool and moves on slowly; not the money chest of the Bible sense	
s42111	doves/turtledoves	a migrating bird, plural; named where the NIV has dove, swift and thrush, so the exact bird is not certain	
s42112	budget year/fiscal year/financial year	<sum>, money, and <kum>, year, written as one word: the year for which a government sets its budget	
s42113	banknote/paper money/note	money printed on paper, from <sum>, money, and <laidal>, sheet of paper; set against <sumtang>, coin	
s42114	money received/money collected	<sum> money with <lak> take and the plural <te>, the sums of money that someone takes in	
s42115	money and	<sum>, money, and <le>, and, written as one word in the pair {sumle paii} or {sumle paai}, money and wealth	
s42116	money and	<sum>, money, and <leh>, and, written as one word before a second noun: {sumleh lai} is the money and the letter	
s42119	buy	buy with money, mostly in the pair {sumlei sumzuak}, buying and selling	of currency
s42120	trade/commerce/business/economy	<sumlei>, buy, and <sumzuakna>, selling: buying and selling taken as one thing, trade and commerce, and in writing on public affairs the economy of a country	
s42121	buying	<sumlei> buy with the noun suffix <na>; {sumzuak sumleina mun} is the place of selling and buying, the market	
s42122	loan/borrowed money	<sum> and <leitawi> written as one word: money taken on loan, and the lending and borrowing of money; {sumleitawi la} is take a loan	
s42123	loan/money loan/borrowing of money	<sum>, money, and <leitawina>, loan, written as one word	
s42124	buyers	<sumlei> buy with the plural <te>, those who buy	
s42126	money/wealth/money and goods	{sum le pai}, money and goods: money, wealth or payment; {sumlepai vai} is money matters	
s42127	possessions/money and goods	<sumlepai>, money and goods, with the plural <te>: the things a person owns	
s42128	sum of money/lump sum/bundle of money	<sum>, money, with <lom>, lump or bundle: a large amount of money in one piece; {sumlom pi} is a big sum	
s42129	income/revenue/earnings	<sum>, money, with <lut>, come in: the money that a person, a business or a country takes in	
s42130	income/revenue/earnings	<sum>, money, with <lutna>, coming in: the money that a person, a business or a government takes in	
s42132	profit/gain/trade	<sum>, money, with <meet>, profit: money made by trading or by a business; {summeet ngah} is make money and {summeet bawlte} are traders	
s42133	interest	money paid on a loan or by a bank on money kept there, as {10% summeet pia}, pay 10% interest, and {bank summeet}, bank interest; the other sense is the profit of trading	
s42134	summer	the hot season, mostly of other countries, as in {summer hun sung}, during the summer	
s42135	profit/gain	<sum> money with <met> profit; {summet bawl} is trade with money to make a profit	
s42136	business/profit-making/trade	<summet>, profit, and <bawlna>, doing: the making of profit, a business or trade run for gain; {summet bawlna dingin} is for doing business, and {summet bawlna in zang} is use for profit	
s42137	bronze	probably a misprint of <sumngo> bronze, which follows in the same verse	
s42138	earn money/make money/get money	<sum>, money, with <muh>, see or get, written as one word: get money, earn; {summuh na} is a source of income and {summuh nading} is in order to get money	
s42139	income/earning	<sum>, money, with <muh>, see and so get, and the noun suffix {-na}: the getting of money, what one earns	
s42140	wealthy/having money	<sum> money with <nei> have; {sumnei pa} is a man of means, the owner of a house and its store	
s42141	money one has/having money	<sum>, money, and <neih>, have, written as one word: the money a person has, and the having of money; {sumneih sunsun} is what little money one has	
s42142	poor/penniless/without money	<sum> and <neilo> written as one word: having no money	
s42143	creditors/lenders	<sumnei> having money with the plural <te>; set against <leibate>, debtors	
s42144	small coin/coin/change	a coin of little value; {sumnen tang nih}, two small coins	
s42145	make money/earn money/get money	<sum>, money, with <ngah>, get: earn or make money; {sumngah nading} is a way of making money	
s42146	income/earnings	the money that a person or a household gets, {sumngah} used as a noun after a possessive or before <pen> and <vekpi>: {sumngah vekpi} is the total income	
s42147	income/earnings/money received	<sumngah>, get money, with the noun suffix {-na}: the money that is received or taken in, or the getting of it	
s42148	ask for money/demand money	<sum>, money, with <ngen>, ask for, written as one word: ask for or demand money, as a child, a beggar or one who charges for a service	
s42149	asking for money/begging/demand for money	<sum>, money, and <ngetna>, request, written as one word: asking people for money, as a beggar or street performer does, and also a demand for money	
s42150	cash/actual money	<sum>, money, and <ngiat>, the very, written as one word: money itself, cash in hand as against goods or electronic payment	
s42151	bronze	a hard reddish-brown metal, bronze or copper, used for tools, vessels and weapons	
s42152	bronze/copper	<sumngo>, bronze, with the plural <te>: bronze or copper things, also copper money	
s42153	money/the money	<sum>, money, and the topic marker <pen> written as one word: the money, as for the money	
s42154	collection/offering/fund	money given or collected for a common purpose, such as an offering or a collection for the poor; {sumpi khiatna} is the giving of an offering and {sumpi keempa} is a steward	
s42155	pay/give money	<sum> and <pia> written as one word: pay money for something, also pay someone off, bribe; {sumpia in} is by paying	
s42156	payment/paying money	<sum>, money, and <piak>, give, written as one word: the paying of money; {sumpiak kullo} is without having to pay, free	
s42157	money to be paid/payment due	<sumpiak>, payment, and <ding> written as one word: money that is to be paid, or to pay money	
s42158	payment/paying	<sumpiak> with the noun suffix <na>: the paying of money, or the place where one pays, the cashier counter	
s42159	amount to be paid/amount payable	<sumpiak>, payment, and <zahding>, amount to be, written as one word: the amount of money that is to be paid	
s42160	mineral/natural resource	wealth that comes out of the ground, such as ore, metal and precious stones; mostly in <leisung sumpiang>, minerals under the ground	
s42161	minerals/natural resources	plural of <sumpiang>; mostly in {leisung sumpiangte}, the natural resources in the ground	
s42162	funds/finances	<sumpi>, fund, with the plural <te>: the funds or money of a church or group	
s42163	cause to lose/make lose/diminish	make someone suffer a loss, or make something be lost or grow less, as jobs or support	
s42164	copper/bronze	<sum>, metal, with <san>, red: copper, or bronze made from it	
s42165	accounts/financial record/bank account	<sum> and <sazian> written as one word: the record of money received and spent; {sumsazian laibu} is an account book	
s42166	Sumsen		
s42167	Sumsi		
s42168	count money	<sum>, money, and <sim>, count, written as one word; {sumsim nading} is for counting money	
s42169	bankers/money changers	people who take money on deposit and pay interest; plural with <te>	
s42170	metalworker/coppersmith	{sumsungpa}, a man who casts or works metal, written with a capital at the start of a sentence; <pa> marks a man	
s42171	silversmiths/craftsmen/metalworkers	those who cast silver or metal, plural; {sum sungpa} is a silversmith	
s42172	much money/a lot of money/fortune	<sum>, money, and <tampi>, much, written as one word: a large amount of money	
s42173	cost a lot/spend much money	<sumtampi>, much money, and <bei>, be used up: much money goes on something; with <in> after it, at great expense, said before the thing that was built, bought or done	
s42174	coin	a piece of metal money; {sumtang peek khat} is one coin	
s42175	cash/money	money as a sum that is paid, given or taken, not a single coin; stands before an amount or a currency such as {RM}, {Ks} or {MMK}, and beside the word {cash}	
s42176	in cash/in money	<sumtang> and <in> written as one word: as money, in cash, mostly before an amount	
s42177	with money/by money	<sum>, money, and <tawh>, with, written as one word: with money, by means of money	
s42178	little money/low cost	<sum>, money, and <tawm>, little, written as one word: a small sum; {sumtawm bei} is cost little	
s42179	woodshed/front porch	a part at the front of a traditional Zo house, named beside <sumbuk> and <sumtual>, where firewood is kept	
s42180	money/possessions/riches	<sum>, money, with the plural <te>: sums of money, and also the goods and riches a person owns	
s42181	all the money/money	<sum> money with <teng>, all of it	
s42182	financial strength/financial resources/funds	<sum> money with <tha> strength: the strength that money gives, set beside {mihing tha}, manpower	
s42183	earn money/work for wages	<sum>, money, and <thalawh>, earn, written as one word: work to earn money	
s42184	withdraw money/collect money	<sum>, money, and <thoh>, draw out, written as one word: withdraw or collect money, as from a bank, a cash machine or a money transfer; also the withdrawing itself	
s42185	courtyard/yard	poetic word for <inntual>, the open ground in front of the house, used in songs	
s42186	counterfeit money/fake money/forged banknotes	<sum>, money, that is <atuh>, fake or imitation: money made to pass as real	
s42187	molten metal	<sum> metal, with <tui> liquid, metal melted for casting or joining; {sumtui sunna} is a mould into which it is poured	
s42188	finance/money matters/financial affairs	<sum>, money, with <vai>, affair: matters of money, finance or funds	
s42189	surplus money/abundance/spare wealth	<sum> money with <val> extra, money beyond what is needed	
s42190	amount of money/sum	<sum> money with <zah> amount; {na sumzah mah} is the full amount of your money	
s42191	expense/spending/expenditure/outlay	<sum>, money, and <zat>, use, written as one word: the money that is spent, and the spending of it	
s42192	currency	the money in use in a country	
s42193	expenditure/spending/expenses	<sum>, money, and <zatna>, using, written as one word: the money that is spent, or the way one spends it	
s42194	financial management/budgeting/handling of money	<sum>, money, with <zekna>, managing, from <zek>: the way money is managed and spent, a budget; often paired with <sumzatna>, spending	
s42195	capital/funds/investment	money put into a business or needed for an undertaking, also the sum spent on it	
s42196	earn money/make a living	<sum>, money, and <zon>, seek, written as one word: work to earn money; also used as a noun, the earning of money	
s42197	way of earning money/way of making a living	<sumzon>, earn money, and <dan>, way, written as one word; {sumzondan atuamtuam} is the various ways of earning money	
s42198	earn money/make a living/seek money	<sum>, money, and <zong>, seek, written as one word: work to earn money, often of those who go abroad for it	
s42199	the money also/money too	<sum>, money, and <zong>, also, written as one word	
s42200	to earn money	<sumzong>, earn money, and <ding> written as one word, usually before <in>: in order to earn money	
s42201	to earn money/in search of money	<sumzong>, earn money, with <in>: in order to earn money, said of those who leave home for work	
s42202	earning money/livelihood/business	<sum>, money, with <zonna>, seeking: the earning of money, and the work or business by which one earns it	
s42203	way of earning money/economy	<sum>, money, and <zonzia>, way of seeking, written as one word: the way a person or a country earns money, also used for the economy	
s42204	sell	sell for money, often in the pair {sumlei sumzuak}, buying and selling	of currency
s42205	exchange		of currency
s42206	commerce		
s42207	trade	selling and buying: <sumzuak>, sell, paired with <sumlei>, buy	
s42208	marketplace	<sumzuak sumlei>, trade, with the noun suffix <na>; {sumzuak sumleina mun} is the place of selling and buying	
s42209	to trade/to do business	<sumzuak> trade or sell with <in>, which links it to the next verb	
s42210	trade/market/selling	selling of goods, trading; {sumzuakna inn} is a market house, <sumlei sumzuakna> is buying and selling	
s42211	trade/selling	<sumzuakna>, selling, with the plural <te>; {sumlei sumzuaknate} is buying and selling, trade	
s42212	sellers	<sumzuak> sell with the plural <te>, those who sell	
s42213	day/daytime	the light part of the day, the opposite of <zan>, night; <sun leh zan> is day and night and {sun-in} is by day	as in during sun light
s42214	day/daytime	<sun>, day, written with a capital at the start of a sentence or as a name: the light part of the day, the opposite of <zan>, night	
s42215	lunch/midday meal	<sun>, daytime, and <an>, food: the midday meal; the other meals are named the same way with the time of day before <an>	
s42217	midday/noon	<sun>, daytime, with <laitak>, the very middle: twelve o'clock in the day, where the reckoning of the hours is divided	
s42218	day and night/night and day/around the clock	<sun>, daytime, <leh>, and, <zan>, night: all the time, without stopping; stands before the verb, often followed by <in> or <tawntung>	
s42220	Sundaung		
s42221	Sunday		
s42222	in	the inside of something: placed after a noun for in or inside it; with other markers it forms <sungah>, in, and {sung panin}, out of	
s42223	during	placed after a word of time: for or during that length of time	
s42224	wife's kin and mother's kin	set pair of <sungh>, here spelled without the final h, the family a wife comes from, and <pu>, the mother's father and brothers: the relatives on the wife's and the mother's side; the book lists the pair without an explanation	
s42225	throughout/all through/during the whole of	<sung>, within, and <tawntung>, without stopping: placed after a word for a span of time, through the whole of it, as {a nuntak sung tawntung}, all his life long	
s42226	for the whole of/all through/for fully	<sung>, during, and <vilvel>, here a word that stresses the full length: placed after a number of days or years, for that whole time without a break	
s42227	in/inside	<sung> inside with <ua>, the plural marker <uh> joined with <a>; {na khut sung-ua} is in your hands, speaking to several people	
s42228	in	<sung>, inside, with the linking <a>: that is in, placed between a noun and what is found inside it	
s42229	within		
s42230	in/inside/within	<sung>, inside, and <aa> written as one word, placed between a noun and what is inside it: {pumpi sungaa}, that is in the body	
s42231	inside/in		
s42232	within		
s42233	as for in/among	<sung>, in, and <ahbel>, as for in, written as one word after a noun: within that one, for its part, set against others	
s42234	also in/inside too	<sungah> and <zong> written as one word: in it also, inside as well	
s42235	Sungai Buloh	a town in Selangor, Malaysia, known for its prison and its hospital; usually written as two words, Sungai Buloh	
s42236	located in/in	<sung>, in, with <a> and <om>, be, written as one word: that is in, placed between a place and what is found there	
s42237	those in	<sunga> in, with the plural <te>, the ones that are in a place or thing	
s42238	for about/within about	<sung> and <bang> written as one word, placed after a length of time or a measure: for about that long, within roughly that much	
s42239	only within/only during/only in	<sung> and <bek> written as one word, placed after a word of time or place: only for that length of time, only inside that place	
s42240	in just/within only/alone	<sung> and <bekbek> written as one word, placed after a place or a length of time: within that alone, in just that	
s42241	in-law/wife's family	relatives by marriage on the wife's side, such as her father, {sungh pa}; often named together with <pu>, the mother's side	
s42242	submit/propose/put forward	bring a matter or request before a body or a person in authority, usually as {thu sungh}	
s42243	meat steward of the wife's side	the eighth of the appointed positions of a Zomi household: a paternal uncle or a brother of the wife, named by her family on the day she is given in marriage, who works as a pair with the <beh sabawl> of the clan of the husband in cutting up and sharing out every animal killed in the house	
s42244	the wife's side/the in-laws	<sungh>, the family of the wife, with <lam>, side, and the plural <te>: those on the side of the wife's family	
s42245	mother-in-law	the mother of a man's wife; the father is <sunghpa>	
s42246	father-in-law	the father of a man's wife	
s42247		<sunghpa>, father-in-law, with the ending {’n}, short for <in>, that marks the doer	
s42248	chief wife's kin/wife's family	<sungh>, the wife's family, with <pi>, chief: the second of the appointed household positions of Zo custom, the house the wife came from, which bears the chief duty on the woman's side	
s42249	wife's family/head of the wife's family	the second of the appointed positions of a Zomi household, on the wife's side: the family from which the wife came, the <pu> of the children; like <thallohpa> on the husband's side he bears the chief responsibility on the woman's side and settles matters together with him in joy and sorrow	
s42250	chief in-law	<sungh> with {-pi}, chief: the principal one of the in-laws on the wife's side as a role in the kinship order of a household, second in the list of those who receive a share of meat	
s42251	parents-in-law/in-laws	<sungh>, parent-in-law, with plural <te>: the parents of one's wife or husband and their household; {a sunghte inn} is the house of his in-laws	
s42252	within		
s42253	during	word combined with a noun to indicating a time or period thah	
s42254	within/in	<sungin> within a period with <ah>; {nai khat sunginah} is within one hour	
s42255	constipation	<sung>, the inside, with <khak>, shut: blocked bowels, constipation; some sentences write {sungkhak ah} where {sungkhat ah}, in one, seems meant	
s42256	inside a/in one	<sung>, inside, and <khat>, one, written as one word after a noun: the inside of a certain one, as {Hotel sungkhat ah}, in a hotel; {tun sungkhat pan} is from one womb, of the same mother	
s42257	in a/inside a	<sung>, inside, <khat>, one, and <ah> written as one word and placed after a noun: inside one such place, in a hotel, in a car, in a video	
s42258	from inside a/from within one	<sungkhat>, inside a, and <pan>, from, written as one word after a noun	
s42259	for about/somewhere in/in or around	<sung>, in, and <khawng>, or so, written as one word: after a length of time, for about that long; after a place, with <ah>, somewhere in it	
s42260	for only about/just around	<sungkhawng>, for about, and <bek>, only, written as one word after a length of time: for no more than about that long	
s42261	throughout/all through	<sung> and <khempeuh> written as one word: the whole inside of something, everywhere in it	
s42262	pour out	<sung>, pour, with <khia>, out: of water, blood or a drink offering, and of the heart poured out before God	
s42263	present/put forward/set out/submit	lay thoughts, points or a proposal before others in speech or writing, as a writer does with {kong sungkhia} or a party with a bill in parliament; the thing set out is <thu>, <ngaihsutna> or <muhna>, not a liquid and not the heart before God	
s42265	internal organs/entrails/intestines/innards	the organs inside the body of an animal or a person, the entrails	
s42266	internal organs/entrails/inner parts	plural of <sungkua>, the organs inside the body of an animal	
s42267	inside/inner side	<sung>, inside, and <lam>, side; the opposite of <pualam>, the outside	
s42268	internal illness/internal disease	<sunglam>, the inside, and <damlohna>, illness: an illness of the inner organs, said without naming the disease; common in death notices, followed by <tawh> or <hangtawh>, of, from	
s42269	inside/inwardly/toward the inside	<sunglam>, the inner side, with the place marker <ah>	
s42270	inner person/inner self	<sunglam> and <mi> written as one word: the unseen person within a human being, the inner self	
s42271	from inside/from within	<sunglam>, the inside, and <pan>, from, written as one word: from the inside, from within	
s42272	subconscious mind/inner mind/inner wisdom	<sunglam>, inside, and <pilna>, wisdom, written as one word: the inner or subconscious mind, set against <pualam pilna>, the conscious mind	
s42273	the whole inside/all the inner area	<sunglam> inside with <teng> all; set against <pualamteng>, the whole outside	
s42274	inner strength/inner power	<sunglam>, inside, with <tha>, strength: the power within a person, of mind or spirit, as against outward things; also said of the engine that drives a car	
s42275	food/meal	poetic word for <an>, used in songs	
s42276	in and/inside and	<sung>, in, and <leh>, and, written as one word: placed after the first of two places that are joined, in this and in that	
s42277	enter into/go in/join	<sung>, inside, and <lut>, enter, written as one word: go right into something, take part in it from within; of water, soak in	
s42278	right in/within	<sung> and <mah> written as one word: in that very place or time, right inside it; mostly followed by <ah> or <in>	
s42279	insider/member/inner self	<sung>, inside, with <mi>, person: a person who belongs inside a group or area; also said of the inner person, the self within	
s42280	nausea/queasiness	the sick feeling in the stomach that comes before vomiting	
s42281	make nauseous/sicken	<sungnim>, nausea, and causative <sak> written as one word: make someone feel sick in the stomach	
s42282	mother-in-law	the mother of a man's wife; <nu> marks a woman	
s42283	inner/inmost/inward	placed after a noun, as in {biakinntual sungnung} the inner court	
s42284	inner room/inner sanctuary	the innermost room of the temple	
s42285	of the inner sanctuary/in the inner room	<sungnung> inner room with <a>, in or of	
s42286	in the inner part/into the inner part/in the inner room	<sungnung> inner, inner room, with the place marker <ah>: in or into the inner part; {tual sungnungah} is into the inner court, {biakinn sungnungah} in the inner sanctuary	
s42287	inner rooms/inner parts	<sungnung> inner with the plural <te>: the innermost parts of a building; {a dei sungnungte}, its inner rooms, {kawm sungnungte}, the inner walls	
s42288	the whole inner part	<sungnung> inner with <teng> all; {biakinn tual sungnungteng} is the whole inner court of the temple	
s42289	father-in-law	the father of a man’s wife	
s42290	diarrhoea/bowel movement	<sung>, inside, with <pai>, go: the emptying of the bowels, and especially loose bowels, diarrhoea; <sungpai natna> is diarrhoeal disease and {sungpai zavat natna} cholera	
s42291	diarrhoea/diarrhoeal disease/dysentery	<sungpai>, loose bowels, and <natna>, disease: the illness of diarrhoea, named in lists of diseases beside {gilsung natna} and {awmsung natna}	
s42292	out of/from within	<sung> inside with <pan> from; {kam sungpan} is out of the mouth	
s42293	out of/from among	<sungpan> from within with <in>	
s42294	father-in-law's family/in-laws	<sungpa> father-in-law with the plural <te>; the family of a man's wife	
s42295	during/within	<sung>, in, and the topic marker <pen>, written as one word after a time or place: as for the time during, as for the area within	
s42297	chief in-law	a position in the Zomi household council that receives a share of meat, taken to be the head of the family of the wife, <sungh> with <pi>, great; the exact relation is not confirmed	
s42298	wife's family/head of the wife's family	<sungh>, the wife's family, with the ending for chief, written without the h: one of the appointed positions of a Zomi household, the house from which the wife came	
s42299	head of the wife's family	<sungh>, the family of the wife, with <pi>, chief, written without the h: one of the appointed positions of a Zomi household, the chief kinsman on the side of the wife; at the sharing of meat the holder has a fixed share, the <sungpi'san>	
s42300		the share of meat that the <sungpi> receives when an animal is killed in the household	
s42301	head of the wife's family	the man who holds the position <sunghpi>, with <pa> marking a man	
s42302	the head of the wife's family	<sungpipa> with the marker of the doer <in> shortened to {'n}	
s42303		{Sungpi}, the wife's family in the household positions of Zo custom, with the ending {-ta}, written {Sungpita’} before what belongs to them: of the sungpi; the book also writes {Thallohta’}	
s42304		<sungpi> with the plural <te>: the sungpi and those with him	
s42305	the wife's family	<sungpi> with the plural <te>, with the marker of the doer <in> shortened to {'n}	
s42306	meat handler of the wife's kin	<sungh>, the wife's family, with <sa>, meat, and <bawl>, prepare, also written {Sungh sabawl}: the eighth of the appointed household positions of Zo custom, one of the wife's kin who works beside the <behsabawl> in cutting and sharing the meat	
s42307	meat steward of the wife's kin	<sungh>, the wife's family, written without the h, with <sabawl>: one of the appointed positions of a Zomi household, the meat steward from the side of the wife; also written {sung sabawl}	
s42308		<sungsabawl>, the meat handler from the wife's kin in the household positions of Zo custom, with the marker <in> of the doer	
s42309		<sungsabawl>, the meat handler from the wife's kin, with the ending {-ta}, written {Sungsabawlta’} before what belongs to them: of the sungsabawl	
s42310	the meat stewards of the wife's kin	<sungsabawl> with the plural <te>, with the marker of the doer <in> shortened to {'n}	
s42311	have cast/cast	<sung> cast metal in a mould with <sak>, cause: have metal objects cast	
s42312	undergarment/underwear/vest	<sung>, inside, with <silh>, wear: a garment worn under other clothes, often as {puan sungsilh}	
s42313	undergarments/inner garments	<sung> inside with <silh> wear and the plural <te>, clothes worn underneath	
s42314	own/natural-born/begotten	<sung>, inside, with <suak>, come out: born of one's own body, said of one's own child as against a child by marriage or adoption; also of what a place produces itself	
s42315	pour out/pour down	<sung>, pour, with <suk>, downward: pour something down on a person or thing, as perfume on the head or anger on a people	
s42316	for as long as/for each period of	<sung>, during, with <ta>, placed after a length of time: for that long each time or each one, as in {nai 5 sungta}, for five hours each	
s42317	in-laws/relatives by marriage	persons related through a marriage, a parent-in-law and a child-in-law taken as a pair; said beside {unau-pata} and <putu>	
s42318	relatives by marriage and by descent	<sungta> and <putu>, two kinship pairs used together and joined with a hyphen: relatives on the side of the wife's or mother's family; the exact range is not settled	
s42320	for a full/as long as	<sung> and <tak> written as one word, placed after a length of time to stress it: for fully that long; {nai 10 sungtak} is for a full ten hours	
s42321	come in to/come in	come in to where a person is; in Genesis 39 of a man coming in to a woman in the house	
s42322	inmost part/innermost being/heart	the innermost part, of a person the inner being, of a building the inner rooms	
s42323	insides/interiors/rooms	<sung>, inside, with plural <te>: the inner parts of several things, {inn sungte} the rooms of a house; with <ah> or <panin>, into or from inside them	
s42324	wife's family/in-laws	the family of a man's wife, the relatives on the wife's side	
s42325	underwear/undergarment/underpants	a garment worn under the outer clothes; <bombi sungteen> is underpants	
s42326	underwear/underpants/undergarment	clothing worn next to the body under other clothes; {pheituam sungten} is underpants	
s42327	within/throughout/during all/during	<sung>, during, with <teng>, all: through the whole of a time; {khan sungteng} is the whole length of a life	
s42328	throughout/within	<sungteng> with <ah>, in the whole of an area	
s42329	during/throughout/all the while	<sungteng>, within the whole of, with the ending <in>; {tua sungtengin}, all that while	
s42330	the whole of/all within/throughout	<sungteng>, all within or throughout, and the topic marker <pen>, written as one word after a place or a length of time: the whole area within it, or all through that time, as the topic of the sentence	
s42331	throughout/during all	<sungteng> within with <un>; {na tun ma sungtengun} is all the time before you arrived	
s42332	throughout also/all over as well	<sung> and <tengzong> written as one word after a place: the whole of the inside of it too, all through it as well	
s42333	have diarrhoea/have loose bowels/purge	empty the bowels, especially with loose stools; {sungtholh za} is a laxative	
s42334	inner matter/private matter	<sung> inside with <thu> matter; {lungsim sungthu} is what is in the heart	
s42335	come in/go in/enter	go inside, the opposite of <pusuah> or <paikhiat>, go out	
s42336	go in and out/come and go/enter and leave	<sungtum>, go in, and <pusuak>, go out, set side by side without a conjunction: go in and out of a place, come and go; the place stands before it, often with <sungah>	
s42337	going in/entering	<sungtum> go inside with the linking suffix {-in}: having gone in	
s42338	coming in/going in/entering	the act of going inside; paired with <pusuahna> going out for all one's comings and goings	
s42339	in their/within their	<sung>, in, and the plural marker <uh> written as one word: inside something that belongs to them, or during their time of something	
s42340	during/while	<sung> with the plural ending {-un}, used after a clause whose subject is plural: while they were, during their time	
s42341	furnishings/furniture	<sung> inside with <van> goods; {inn sungvan} is the things kept inside a house	
s42342	heaping up/piling up	{lei sungvum} is heap up earth into a mound or ramp; with <in>, which links it to the next verb	
s42343	for as long as	<sung> during with <zah> amount; {hun tanvei sungzah} is for the same length of time as	
s42344	also in/also during/even within	<sung>, in or during, and <zong>, also, written as one word, placed after a place or a length of time	
s42345	daytime/midday	<sun> and <hun> written as one word: the daytime, the middle part of the day	
s42346	bring down/bring low	<su>, strike, with <niam>, low: bring someone down or make them low	
s42347	bruise/crush	strike so as to bruise or crush	
s42348	likeness		
s42349	by day/in the daytime	<sun>, daytime, with the ending <in>: during the day, set against <zan>, night; not {sunin}, in the likeness of	
s42350	pierce/stab through	said of a sword that pierces, and of grief that pierces the heart	
s42351	one day/a whole day	<sun>, daytime, and <khat>, one, written as one word; {sunkhat zankhat} is one day and one night, and also in a single day, overnight	
s42352	pour out/unburden/disclose	pour out what is in the heart, tell one's troubles or private matters to God or to others; compare <sungkhia>, pour out	
s42353	expression/setting out/voicing	the act of pouring out or setting out what is in the mind, as thoughts, beliefs or views, before others; compare <sungkhia>	
s42354	daytime/all day/whole day	the daytime, the length of the day; {sunkhua-in} is during the day, all day long	
s42355	noon/midday	the middle of the day; {sunkim laipi} is high noon	
s42356	Sunkim	<sunkim>, noon, written with a capital at the start of a sentence	
s42357	midday/noon	<sunkim> noon with <lai>, time or middle	
s42358	around noon/about midday	<sunkim>, noon, and <pawl>, about, written as one word: at about noon	
s42359	daytime/midday	<sun>, day, with <lam>, side: the daytime part of the day, in news the hours around noon, between morning and evening; {Monday sunlam in} is on Monday around midday	
s42360	around midday/about noon	<sunlam>, daytime, and <pawl> written as one word: about the middle of the day; with <in>, at around midday	
s42361	day and night	<sun>, <leh> and <zan> written as one word: by day and by night, all the time	
s42362	pierce/pierce through/penetrate	<sun>, stab, with <let>, through: pierce right through, as hands, armour or an enemy	
s42363	pierce through/strike down	<sunlet> pierce through with <gawp>, which shows that the action is done thoroughly or violently	
s42364	running through/piercing through	<sunlet> pierce through with <in>, which links it to the next verb	
s42365	pierce through/penetrate	<sunlet>, pierce through, with <zo>, be able or do completely: manage to pierce right through	
s42366	day and night/night and day	<sun>, <le> and <zan> written as one word: by day and by night, all the time	
s42367	day and night	<sun>, day, <le>, and, <zan>, night, with the adverb ending <in>: by day and by night, all the time	
s42368	stab/pierce/run through	<sun>, pierce, with <lum>, to death: thrust a blade into someone so that he dies	
s42369	dream/aspiration/vision	what a person or a people hopes and longs to reach, a dream for the future; named together with <lametna>, hope, and <ngimna>, aim	
s42370	dreams/aspirations	<sunmang> with the plural <te>, written as one word: dreams, hopes for the future	
s42371	mould/casting mould	<sun> pour or cast with the noun suffix <na>; {sumtui sunna} is a mould into which molten metal is poured	
s42372	statement/submission/presentation	after <thu>, matter: the putting forward of a matter in words before a meeting, the same as <thusunna> written as two words; {thu sunna nei} is make a statement or hold a hearing; not the casting mould	
s42373	sun/sunshine	<sun>, daytime, with <ni>, here the sun: the sun of the day and its light, mostly in songs and elevated speech	
s42374	one who pierced	<sun> pierce with <pa>, the man who; not <sun> day	
s42375	smallpox	the disease smallpox, also called {sunphuk natna}	
s42376	vaccination/vaccine	an injection given to protect against a disease	
s42378	sunroof	the opening panel in the roof of a car, written after {mawtaw ii atungkhuh}, the cover on top of the car	
s42379	cast for/pour for	<sun> pour or cast metal with <sak>, do for someone or something	
s42380	lunch/midday meal/packed lunch	food eaten at midday, also the food packed to take along for the day	
s42381	plunge/thrust down/stick into	<sun> pierce or thrust with <suk> downward; said of a fork thrust into a pot	
s42382	what little/the little	follows a noun and limits it to the small amount there is: the little, whatever little; {a neihsa sunsun} is even what little he has	
s42383	during the day/in the daytime	<sun>, daytime, and <sung>, during, written as one word	
s42384	the few/the remaining ones	after a verb, the few who did so or the little that is left; {a suakta sunsunte}, the few survivors	
s42385	all the little that/whatever little	<sunsun>, what little, and <teng>, all, written as one word after a verb: all of the little that was got or is owned	
s42386	midday/noon/broad daylight	the middle of the day, when the sun is high; {suntang laipi} is the very middle of the day	
s42387	midday/noon	<suntang>, midday, written with a capital at the start of a sentence; {suntang laipi} is the very middle of the day	
s42388	in broad daylight/openly by day	<suntang>, midday, with the adverb ending <in>: in the full light of day, where all can see	
s42389	broad daylight/daytime/midday	<suntang>, daytime, with <pi>, great: the full light of day; {suntangpi-in} means in broad daylight	
s42390	by day/day	<sun>, day, with <tawh>, with, written as one word; used in the pair <suntawh zantawh>, day and night, around the clock	
s42391	day and night/around the clock/night and day	<suntawh>, by day, and <zantawh>, by night, said together without a linking word: day and night, without a break; placed before the verb, of work, waiting or any activity that does not stop	
s42392	remnant/survivors/those who remain	used after {om lai}, {nungta lai} or <suakta> for the few who are still left or have escaped; not related to <sun> day	
s42393	the few that/what little	after a verb such as <ngah>, <hau> or <bawl>, the few people or things that have got, become or been made so, as <sunsun> after a noun; without {om lai} it does not mean survivors	
s42394	all who remain/all who/as many as	placed after a clause with <lai> to mean all those who still are so; {a omlai sunteng} is all who are left, the survivors or remnant	
s42395	all day	through the whole day, from morning to evening; mostly written {sunthapai-in}	
s42396	all day long		
s42397	Sunway/Bandar Sunway	Bandar Sunway, a township near Kuala Lumpur in Malaysia where many Zomi live	
s42398	lose/suffer loss	suffer loss or harm, the opposite of <phattuam>, gain or benefit; {nangma sup nading} is to your own loss	
s42399	tear down/demolish/smash/break down	knock down something that was built, such as towers, walls, altars and sacred pillars	
s42400	have torn down/tear down	<supai> tear down with <sak>, cause to be done	
s42401	supermarket	a large self-service shop for food and household goods	
s42402	supervisor/overseer	person who oversees workers at a place of work	
s42403	lose/forfeit	suffer the loss of something one had, such as life or wealth; the opposite of <ngah>, gain	
s42404	suffer loss because of/be burdened by	<sup> lose with <lawh> and <khak>; come to bear a cost on account of someone	
s42405	loss	<suplawh>, lose, with the noun suffix <na>: what is lost, or the fact of losing	
s42406	those who lose	<suplawh>, lose, with plural <te>: the people who lose something	
s42407	loss	what is lost or given up, the opposite of <phattuamna>, gain; {supna thuak} is suffer loss	
s42408	loss and damage/losses/harm	<supna>, loss, and <baina>, damage, two words of like meaning said as a pair: all the loss and harm that comes from war, quarrels or misfortune	
s42409	make a loss/suffer loss/incur damage	<supna>, loss, and <piang>, happen: a loss arises; said of a business that runs at a loss, and after a sum of money of the damage done by a fire or accident	
s42410	losses	<supna>, loss, with the plural <te>: the things that are lost; {supnate thuak} is bear the losses	
s42411	count as loss/be willing to lose	<sup> lose with <ngam> dare, be ready to give something up	
s42412	support/back	give help or backing to a person or cause; also used as a noun, support, as in {support tawh}, with the support of	
s42413	supporter/follower	the people who side with a leader, a party or a cause, {a panpihte}; written in the English plural and often followed by <te>	
s42414	Sur	name of a gate in Jerusalem where a third of the guard was posted when Joash was made king	
s42415	Surabaya	a large city on the island of Java, the second largest city of Indonesia	
s42416	surau/Muslim prayer hall	in Malaysia, a small building where Muslims meet to pray, smaller than a mosque; mostly in names and English sentences	
s42417	Surbung		
s42418	surgery/operation	a medical operation; {surgery bawl} is to perform an operation	
s42419	surname/family name	the family name of a person, used in news reports where only that part of a name is made public	
s42420	Surngen		
s42421	surveillance/monitoring	the watching of people or places by police, cameras or aircraft; mostly inside English phrases such as Surveillance Camera	
s42422	survey	a survey of land or a route, or a set of questions put to people; {survey bawl} is make a survey	
s42423	Susa	capital city of Elam and royal residence of the kings of Persia, where the story of Esther takes place	
s42424	Susanna	one of the women who followed Jesus and supported him and the disciples out of their own means	
s42425	sushi	the Japanese dish of rice with fish; many Zomi abroad work in or own a sushi shop, {Sushi sai}	
s42426	sushi shop/sushi bar/sushi counter	{sushi} with <sai>, shop or stall, not the word for elephant: a shop or counter that makes and sells sushi, a common business of Zomi people abroad; {Kawlsai} and <Zosai> are Burmese and Zo food shops	
s42427	Susi	man of the tribe of Manasseh, father of Gaddi, one of the twelve spies	
s42428	destroy/ravage	bring to ruin or to an end: destroy a people, enemies, a city or idols	
s42429	demolish/tear down/break down	pull down something built, such as a temple, a wall or an altar	
s42430	destroy	<susia>, destroy, capitalised at the start of quoted speech and in {A Susia pa}, the Destroyer	
s42431	will destroy/to ruin	<susia> and <ding> written as one word: in order to destroy or ruin, about to destroy	
s42432	destroy utterly/devastate/ruin	<susia>, destroy, with <gawp>, thoroughly or violently: lay waste a land or wipe out enemies	
s42433	destroy together with/destroy along with	<susia> destroy with <khawm> together	
s42434	destroy completely/wipe out/annihilate	<susia>, destroy, with <mang>, until gone: destroy so that nothing is left	
s42435	destroyer	<susia> destroy, with <pa>, the man who, the one who destroys	
s42436	let destroy/cause to destroy	<susia> destroy with <sak>, cause or let: give something over to be destroyed	
s42437	destroyers	<susia> destroy, with the plural <te>, those who destroy	
s42438	destroying/able to destroy	<susia> destroy with <thei> can; {a susiathei van mi} is a destroying angel	
s42439	destroy all the more/rather destroy	<susia> destroy with <zaw> more or rather	
s42440	can destroy/be able to destroy	<susia> destroy with <zo> be able, manage to	
s42441	plunder/rob/seize/take by force	take what belongs to another by force: plunder goods, rob a person, carry off animals, or take away a right or a blessing	
s42442	untie/loose	undo a rope or set free an animal that is tied; {khau sut} is untie a rope	
s42443	recite/recount/tell	speak out the words of something in full, as a song or the mighty deeds of God; {thu sut} is recount a matter	
s42444	inject/pierce/prick/stab	pierce with something pointed: with <vaccine> or <zatui> it is give or get an injection, and {thal a sut} is an arrow pierces	
s42445	break/shatter/smash	break as a clay pot is broken	
s42446	break/break off/smash/break down	break something hard in two or tear it down by force, such as teeth, bones, a gate bar or a yoke	
s42447	break off/tear off/snap	break a cord or bond apart; also break off a treaty, {kipawlna sutat}	
s42448	tearing off/breaking off/snapping	<sutat> break a cord apart with <in>, which links it to the next verb	
s42449	plunder/loot/ravage	<sut> plunder with <gawp>, which shows that the action is done thoroughly or violently	
s42450	plunderer/looter	<sutgawp> plunder with <pa>, the man who does it	
s42451	scatter	<su>, strike, with <thang>, abroad: strike people so that they scatter in all directions	
s42452	Shuthelah	son of Ephraim and ancestor of the Shuthelahite clan	
s42453	plundering/robbing/seizing	<sut>, plunder, with the linking ending <in>: taking by force and then doing the next action	
s42454	take off/remove/release	loose a thing and take it off or out, as earrings from the ear or feet from a snare	
s42455	snatch/take away by force/rob	pull a thing out of someone's hand or take what is his by force	
s42456	take off/have taken off	<sutkhia> take off with <sak>, cause or let; said of gold ornaments	
s42457	loose/release/take off	form of <sutkhia> used before <khit>, <sak> and other endings	
s42458	free/release/loose	<sutkhiat>, loose, with <sak>, do for another: take bonds or chains off someone	
s42459	take back by force/seize back	<sut>, take by force, with <kik>, back, written as one word: take back what others have seized	
s42460	not pull out/not inject	<sut> with the negative <loh> written as one word: not doing what <sut> names, as in {asutleh sutloh}, whether he injected or not, and {a khe a sutloh nadingin}, so that he could not get his foot free	
s42461	pierce/stab	pierce someone so that he dies; {a sutlup uh mipa} is the man whom they pierced	
s42462	struggle/attack	the act of laying a hand on something or fighting it, with the noun suffix <na>; {tua na sutna thu} is that struggle of yours	
s42463	injection/injecting	the giving of medicine or a vaccine through a needle, after <zatui> or <vaccine>; <zatui sutna phim> is the needle of a syringe	
s42464	likeness/imitation/reflection	the copying or bearing of the likeness of another, said of people who take after God or Christ, as in {Pasian lim le mel sutna}, a bearing of the image of God	
s42465	syringe/injection needle/hypodermic needle	<sutna>, injecting, and <phim>, needle: the needle or syringe used to inject or to draw off fluid; often <zatui sutna phim>, with <zatui>, medicine, before it	
s42466	the one pierced	<sut> in the sense pierce with <pa> man; {amaute sutpa} is the one whom they pierced	
s42467	untie at once/untie	<sut> untie with <pah>, at once	
s42468	main post/pillar/cornerstone	the chief post that holds up a house; in the Bible for a pillar, a cornerstone and a firm foundation	
s42469	let plunder/give as plunder	<sut> plunder with <sak>, cause or let	
s42470	untie/loosen/take off	<sut>, untie, with <sak>, do for another: untie a strap or take off a yoke or bonds for someone	
s42471	giving as plunder/letting plunder	<sutsak> let plunder with <in>, which links it to the next verb	
s42472	go through/look into/set out	take up a matter and go through it point by point, said by a writer before a list or an explanation; {sutsuk ni} is let us go through	
s42473	keep telling/recount	<sut> recite or recount, doubled to show continued action, in parallel with <gengen>	
s42474	robbers/swindlers/extortioners	<sut>, take by force, with plural <te>: those who seize what belongs to others; {zawhthawh bawla sutte} are those who take by force or fraud	
s42475	set against each other/stir up conflict/incite	<su>, touch, with <tuah>, bring together: make people clash with one another, stir up a quarrel between them; {ki sutuah} is clash with each other	
s42476	plunder/be able to plunder	<sut> plunder with <zo>, be able or succeed; {a sutzo mipa} is the looter	
s42477	string/draw tight	said of a bowstring that is fitted or drawn ready to shoot	
s42478	get worse/worsen/decline	go down, become worse or lower; {suuk zaw} is worse than and {suuk semsem} is worse and worse; a long-vowel form related to <suk>, down	
s42479	get worse/deteriorate/be worse	go down and become bad, of a situation or of the condition of a sick person; with <zaw>, worse than	
s42480	be worse/get worse/decline further	<suuk>, go down or get worse, with the comparative <zaw>, written as one word	
s42481	womb/uterus	the womb; the book lists the word without a meaning, and it may also be read as another spelling of <sul>, track	
s42483		glow with a soft colour, said of the emerald-like light round the throne; followed by <pempam>	
s42484		of the sun, in {ni a suum}: apparently grow dim, as at dusk or under cloud	
s42485	Suumniang		
s42486	resemble/be like/imitate	look like or take after someone; {Pasian a suun mite} are imitators of God	
s42487	daytime/day/midday	the light part of the day, another spelling of <sun>; {suun an} is the midday meal; not the verb resemble	
s42488	resembling/in the likeness of	<suun> resemble with <in>, which links it to the next verb	
s42489	recount/relate/trace/go through	tell or go through a matter point by point, as a history, a story or the meaning of something; the same word as <sut.3>, written with a long vowel; also found in personal names	
s42490	recount/relate/bring out/disclose	<suut> and <khia> written as one word: tell a matter out in full, bring it into the open	
s42491	not recount/not go through	<suut>, recount or go through, and <lo>, not, written as one word	
s42492	study/tracing/examination/exposition	<suut>, go through point by point, with the noun suffix <na>: the tracing or careful examining of a matter; {khanggui suutna} is genealogy, the tracing of descent	
s42493	main post/central pillar/foundation	the main post of a house; used as a picture of a foundation, and {suutpi pom}, clasp the main post, is to take refuge with someone	
s42494	keep examining/keep recounting/study	<suut>, examine, go through or recount a matter, said twice: go on examining or recounting it	
s42495	SUV/sport utility vehicle	a large car of the kind called SUV; mostly placed before <mawtaw>, as {SUV mawtaw}	
s42496	break down/breach	<su> strike with <vang> gap: break an opening in a wall or hedge	
s42497	Suvarnabhumi	the international airport of Bangkok in Thailand; also found in the names of other Thai places	
s42498	crush to powder/pulverise/crush	<su> pound with <vui> dust	
s42499	break in pieces/smash/shatter	<su>, strike, with <zan>, in pieces: break something hard into pieces; often followed by <gawp>, completely	
s42500	break up completely/smash to pieces	<suzan> break in pieces with <gawp>, which shows that the action is done thoroughly or violently	
s42501	demolishing/breaking in pieces	<suzan> smash with <in>, which links it to the following verb	
s42502	Suzhou	a city in Anhui Province of China	
s42503	be able to attack/overcome	<su> attack with <zo>, be able or succeed	
s42504	prostitute/prostitution	a person who sells sex, or the trade itself	
s42505	swab	a sample taken from the nose or throat to test for a disease, and the test made with it	
s42506	sweater/jumper	knitted warm garment for the upper body, often written with a capital	
s42507	Sweden	a country in northern Europe	
s42508	Swedish	of Sweden, its people or its language; the English word, placed before a noun, as {Swedish pau}, the Swedish language	
s42509	sweet/candy/dessert	a sweet food, sweets; in most articles the word occurs only in English song and book titles	
s42510	Switzerland	country in central Europe	
s42511	teacher/pastor/Saya	title of respect for a teacher, pastor or learned man, written before his name; the Burmese form of <Sia>	
s42512	Syabas	the company that supplies water in the state of Selangor in Malaysia	
s42513	methamphetamine/crystal meth	the Malay name of the drug methamphetamine, used in news from Malaysia	
s42515	woman teacher/nurse	title of a woman teacher, placed before her name; beside {Syavuan}, doctor, it means a nurse	
s42517	pastors/ministers/teachers	<Sya>, the title of a pastor or teacher taken from Burmese, with the plural {-te}: pastors, preachers	
s42519	Sydney	the largest city of Australia	
s42520	symptom	a sign of an illness that a sick person shows; {natna symptom lak lo} is to show no symptoms	
s42521	symptoms/symptom/sign of illness	the signs by which an illness shows itself, such as fever or cough; mostly after <natna>, illness, as {natna symptoms}	
s42522	syndicate/crime ring	an organised group that carries on an illegal business	
s42523	Synod	the governing assembly of a Presbyterian church; in the articles mostly the Presbyterian Church Synod of Mizoram	
s42524	Syria/Aram	country north of Israel with Damascus as its chief city, called Aram in the Old Testament of the NIV	
s42526	child	a son or daughter, the child of someone; {ta nei lo} is childless	
s42527		postpositional marker to indicate objective case	
s42528	Son/son	<ta> written with a capital, used of Christ as the Son and in titles such as {David’ Ta}, Son of David	
s42529	Ta Naw		
s42531	Taanach	Canaanite royal city near Megiddo, in the territory of Manasseh and given to the Levites	
s42532	Taanath Shiloh	place on the north-eastern border of the territory of Ephraim	
s42533	graze/feed	of sheep and cattle, feed on grass in the open; taken from the sentence {Tuu honkhat mual tungah a taa hi}	
s42534	rebuke/reprove/scold	speak sharply to someone to stop or correct him; said also of Jesus rebuking the wind and demons	
s42535	sweep away/carry off	said of a flood that carries people away	
s42536	run/flee/run away	a spelling of <tai>, run, with a long vowel: run, or run away from a place or a person, as in {taai mang}, run off, and {taai san}, run away from someone	
s42537	still run/while running	<taai>, run, and <lai>, still or while, written as one word: still running, or at the time of running away	
s42538	rebuke/reproof	<taai> rebuke with the noun suffix <na>; {taaina thuak} is be rebuked	
s42539	run off at once/flee at once	<taai>, run, with <pah>, at once, written as one word	
s42541	gopher	a conifer tree and its wood, said with <sing>, tree; {noah-taak sing} is the gopher wood of the ark	
s42542	worthy/worth/fit	placed after a verb or noun: worth doing or fit to be so, as <etteh taak>, worth imitating, exemplary, {belh taak}, worth relying on, and <muantaak>; not the tree	
s42543	drip/drain out/trickle out/exude	of a liquid, come out in drops	
s42544	drain out/let drip out	<taakkhia> drip out with <sak>, cause or let; said of blood	
s42545	Taaklam	a Zomi village, named in the articles through the associations of its people abroad	
s42546	if	closes an if clause in an oath, {na sih taktak kei taakleh}, if you do not surely die; the part <taak> is not clear	
s42547	not worthy/not fit/unfit/unworthy	the negative with <lo> of the word seen in {zuih taak}, worthy to be followed, written as one word after a verb: not fit to be followed, used or asked; compare <kilawm>	
s42548	pour out/drain/let run out	of blood, let it run out onto a place	
s42549	let dry/parch	of the throat, let it become dry with thirst	
s42550	juniper/fir/cypress	evergreen timber tree named beside <taamtaak>, the cedar; its wood was used for the panels, floors and doors of the temple	
s42551	cypresses/junipers	plural of <taaksan>; in Ezekiel 27.6 its wood, used for a ship's deck	
s42552	fir/juniper/cypress	a conifer tree such as pine or fir, and its wood; {taaksing kung} is the juniper or fir of the NIV, and <noah-taaksing> the wood of the ark	
s42553	junipers/firs/cypresses	plural of <taaksing>, a conifer tree and its timber	
s42554	run down/flow down/trickle down	of oil, run downward over the beard and the collar of the robe; ends in <suk>, downward	
s42555	drippings/drops	probably what drips out, from <taak> drip, with the plural <te>; {khuailuzu taakte} is the honey that drips from the comb	
s42556	more worthwhile/more fitting	<taak> worthy or fitting with <zaw> more; {thuak taakzaw} is more worth suffering	
s42557	slip/slide/give way	of the foot or step, lose its hold; {ka khe taal lo hi} is my foot does not slip	
s42558	skid badly/slide out of control	<taal>, slip, with <gawp>, severely, written as one word: of a vehicle or its wheels, slip and slide out of control; {apei taalgawp} is its wheels skidded	
s42559	slipping/skidding	<taal>, slip, and <in> written as one word: slipping, losing its grip, said of a foot or a wheel	
s42560	drag/haul/pull along	pull a person or a thing along the ground or floor by force; {taalkaih khia} is drag out	
s42561	drag along/drag violently	pull a person, an animal or a thing along the ground by force; <taalkaih>, drag, with <gawp>, severely	
s42562	slipping/stumbling	<taal>, slip, with the noun suffix <na>: the slipping of the foot	
s42563	let slip/cause to slip	<taal>, slip, with <sak>, cause or allow	
s42564	wagons/litters	a means of carrying people, plural, named between chariots and mules	
s42565	stay/lodge/spend time	stay somewhere for a time; {zan taam} means spend the night	
s42566	stay again/stay on/stay longer	<taam>, stay, with <kik>, again	
s42567	forest/jungle	thick forest, wild wooded country, as in {singpona taampi}, a forest where trees grow, and {taampi sung}, through the jungle; in one article the same spelling stands for <tampi>, many	
s42568	make stay/persuade to stay	<taam>, stay, with the causative <sak>	
s42569	cedar	the cedar tree and its wood, known from Lebanon; {taamtaak sing} is cedar wood and {taamtaak kung} a cedar tree	
s42570	cedar	<taamtaak>, cedar, written with a capital at the start of a sentence	
s42571	cedars	<taamtaak> with the plural <te>	
s42572	cedar	another spelling of <taamtaak>: the cedar tree and its wood	
s42573	can stay/may stay	<taam>, stay, with <thei>, be able	
s42574	shine/give light	of the sun, a lamp, lightning or a face, give out light; often written {taan’}	
s42575	lose/be deprived of	no longer have a land, a king, power or goods	
s42576	Taanach	Canaanite royal city near Megiddo, in the territory of Manasseh, given to the Levites	
s42577	Taanath Shiloh	place on the border of the territory of Ephraim, east of Mikmethath	
s42578	shine/be bright/glitter	give out light, of the sun, moon, stars, a lamp or a face; <nitaang> is sunlight and <khataang> moonlight	
s42579	wheat/grain/millet	a grain crop; wheat in Matthew 13, millet in Ezekiel 4.9	
s42580	stanza/verse	one stanza of a song or hymn, counted as {taang khat}, {a taang nihna}, the second stanza; not grain and not shine	
s42581	stand for/take the place of	be in the place of another thing, as a word for a word of another language; compare <tangin>, in place of; not shine and not grain	
s42582	young man/lad	an unmarried young man, the male counterpart of <lia>, also written with one a; the book uses it where English says he; not grain and not shine	
s42583	he/him/his	third person singular pronoun for a male person, as the book sets it beside <lia>, she, and <amah>, it; {taang'} is his or him and <taang a> is his as a possessive pronoun	
s42584	in return for/in exchange for	placed between two nouns, the one given in return for the other, as in {mittang khat taang mittang khat}, an eye for an eye	
s42585	Mr/Master	title for a boy or an unmarried young man, set beside <Lia> for a young woman; {Taang’ laibu} is the young man's book	
s42586	he/him	third person singular for a male; the book says that the forefathers sang it in songs and teaches it in place of <amah> where English has he, beside <Lia> for she	
s42587	his	<taang>, he, with <a>, the thing owned: his, said after the thing spoken of	
s42588	his	<taang>, the young man, with the possessive <a>: what belongs to him, standing in place of the noun; the lesson form for English his as a possessive pronoun	
s42589	in place of/instead of	follows a noun: in the place of that person or thing, as a substitute; the same as <taangin>	
s42591	seed	grain kept for sowing, from <taang> grain and <ci> seed	
s42592	will shine	<taang>, shine, and <ding>, will, written as one word: the future form the book gives for {a taang hi}, it shines	
s42593	pastureland/open land	the open land around a town; {lonona taanggam} is land for pasture	
s42594	in place of/instead of/on behalf of	follows the noun or pronoun it relates to; in someone's position, as a successor, substitute or representative	
s42595	common language/lingua franca	the language used in common by a whole people or among groups with different dialects	
s42596	shine together/shine with	<taang>, shine, with <khawm>, together	
s42597	shine forth/shine out/flash	<taang> shine with <khia>, out	
s42598	shine out/give out light/radiate	<taangkhia>, shine out, with <sak>, cause	
s42599	stretch out/put forth	of the hand, {khut taangkhiasak}: reach out the hand to strike	
s42600	shone/have shone	<taang>, shine, with <khin>, already: the past form the book gives for {a taang hi}, it shines	
s42601	be fully lit/shine all over	<taang>, shine, with <kim>, complete: be bright in every part	
s42602	proclaim/announce/declare/herald	make known publicly and aloud; {va taangko in} is go and proclaim	
s42603	announce/proclaim/report	form of <taangko>, announce, used before <khiat>: {taangkoh khiatna} is an announcement	
s42604	announce/proclaim/declare	<taangko>, proclaim, with <khia>, out: announce publicly, make an official statement	
s42605	proclamation/announcement/decree/declaration	a public announcement made aloud through a land; {taangkona bawl} is make a proclamation	
s42606	have proclaimed/cause to proclaim	<taangko> proclaim with <sak>, cause	
s42607	ancient/of old	placed before a noun: of long ago	
s42608	ancient times/long ago	the far past, as {taanglai pek panin}, from long ago	
s42609	long ago/from of old/in ancient times	<taanglai>, ancient times, and <pek>, far back: very long ago, mostly followed by <pan>, <panin> or <akipan>, from: since ancient times, from of old	
s42610	be very bright/be too bright	<taang> shine with <lua>, exceedingly; also the great brightness of a light	
s42611	ambassador/envoy/messenger/delegate/representative	a person sent to speak for a king or for another	
s42612	envoys/ambassadors/messengers	plural of <taangmi>	
s42613	general public/public/common/general	the people at large, and what is common to all or usual; {a taangpi in} is in general, and the pair <taangpi taangta> is the public at large	
s42614	the will of the people/public will/popular will	<taangpi>, the public, and <deihna>, wish or will: what the people at large want, set against the wish of one person, {mimal deihna}; {taangpi deihna tawh ki-uk} is be governed by the will of the people, a way of saying democracy	
s42615	general public/ordinary people/the people at large	<taangpi> and <taangta>, a pair that is always said together: the general public, the ordinary people as distinct from leaders and officials; often after <mipi> and before <te> or <khempeuh>	
s42616	the general public/ordinary people/the common people	<taangpi>, the public, with the plural <te>: people in general, the many as against the few	
s42617	make shine/cause to shine/brighten/illuminate	<taang> shine with the causative <sak>; {mai taangsak} is to make the face shine on someone, to show favour	
s42618	making shine	<taangsak>, make shine, with the linking suffix <in>; {maitang taangsak} is to make the face shine on someone	
s42619	common people/public/laity	second half of the pair <taangpi taangta>, the general public, the ordinary people as distinct from leaders and officials; see <taangpi>	
s42620	common people/ordinary people/the public	plural of <taangta>, mostly in the pair {taangpi taangtate}, the general public	
s42621	ancient times/long ago/of old	the far past; {taangtawng pek} is from of old, {taangtawng lai-a} is in ancient times	
s42622	wheat/grain	<taang> with plural <te>, the wheat plants	
s42623	lights/brightness	the shining of lamps or stars	
s42626	accomplish/achieve	bring to completion; apparently another spelling of <tangtun>	
s42627	be established/succeed	of work or plans, be carried through; apparently another spelling of <tangtung>	
s42628	brightness/amount of light	<taang>, shine, with <zah>, amount: as much light as	
s42629	wide/broad/spacious	wide and open, of a place; of the mind or outlook, broad	
s42630	flash/shine around/blaze	of a bright light, shine out suddenly all around	
s42631	brighter	<taang>, shine, with <zaw>, more	
s42632	bear/endure/withstand	be able to bear a weight or suffering; in the verses always negated, be unable to bear	
s42633	lose/forfeit	<taan>, lose, with <kha>, happen to: come to lose what one had	
s42634	shine out/shine forth	<taan> shine with <khiat>, out	
s42635	brightness/shining forth	<taankhiat>, shine out, with the noun suffix <na>	
s42636	lose/forfeit/be deprived of	no longer have something, said of life and of good things	
s42637	those who lose	<taanlawh> lose with the plural <te>	
s42638	shine too brightly/be too bright	<taan>, shine, with <lua>, too much	
s42639	loss/losing	<taan>, lose or be deprived of, with <na>; {lawm taanna} is losing a friend	
s42640	lost	<taan> lose with <sa>, already done; placed before the thing lost	
s42641	take away/cause to lose/deprive of	<taan>, lose, with the causative <sak>	
s42642	flash/light up	of lightning, flash across the sky	
s42643	light up/make flash	<taanzaih>, flash, with the causative <sak>: of lightning lighting the sky from end to end	
s42644	open wide/widen	of the heart, {lungsim taanzausak} is open the heart wide; ends in the causative <sak>	
s42645	shine on/shine over	<taan>, shine, with <zo>: of light or glory, come to shine on someone	
s42646	sharpen/whet	make the edge of a blade sharp; also used of the tongue	
s42647	sharpening/whetting	<taat> sharpen with <in>, which links it to the following clause	
s42648	those who sharpen	<taat>, sharpen, with the plural <te>	
s42649	in a bronze pot	{taaubeel}, a bronze pot, with the marker <in>	
s42650	bracelets	ornaments worn on the wrist or arm, with plural <te>	
s42652	about each/or so each	placed after a number in a statement of how many per day, per year or per person: about that many each time; <ta>, each, with <bang>, about	
s42653	Tabbaoth	ancestor of a family of temple servants who returned from the exile	
s42654	Tabbath	place near Abel Meholah, toward which the Midianites fled from Gideon	
s42655	Tabeel	father of the man whom the kings of Aram and Israel wanted to make king of Judah in place of Ahaz; also written <Tabeel>	
s42656	Tabeel	name of two men: the father of the man whom Aram and Israel planned to make king of Judah, and an official who wrote to King Artaxerxes	
s42657	only/just	placed after a number: only that many, no more than; it ends in <bek>, only, and the first part is perhaps <tak>, exactly	
s42658	Tabor	spelling of <Tabor>, a mountain in Galilee, in Jeremiah 46.18	
s42659	Taberah	place in the wilderness where the fire of the Lord burned among the complaining Israelites	
s42660	Tabitha	disciple in Joppa, also called Dorcas, whom Peter raised from the dead	
s42661	tablet/tablet computer	a flat hand-held computer with a touch screen, named together with phone and computer	
s42662	tablet/pill	medicine in the form of a small solid piece; counted with <tang>	
s42663	Tob-Adonijah	Levite sent by King Jehoshaphat to teach in the towns of Judah	
s42664	Tabodwe	a month of the Burmese calendar in Zolai spelling, set beside January in the book's table of month names	
s42665	Tabor	mountain in Galilee at the edge of the Jezreel plain, where Barak gathered his army	
s42666	Tabor	Levite town from the territory of Zebulun; also a point on the boundary of Issachar	
s42667	Tabrimmon	son of Hezion and father of Ben-Hadad king of Aram	
s42668	Tachileik	town in eastern Shan State of Myanmar, on the border with Thailand	
s42669	barren/childless	<ta> child with <ciing> barren: unable to bear children	
s42670	barren/childless	<taciing> with the plural <te>, said of women who have no children	
s42671	firstborn/eldest child	the first child born to a parent, from <ta>, child, and <cil>, first; also the first young of an animal	
s42672	firstborns/firstborn	the firstborn of people or animals, taken as a group	plural form of <tacil>
s42673	barren/childless	another spelling of <taciingte>: childless, with the plural <te>, said of women	
s42674	newspaper	a printed paper with the news of the day	
s42675	for now/for the time being/meanwhile	placed after a verb: for the present, until something else happens	
s42676	for now/at present	<tadih> with the suffix <in>; {tu tadihin} is at this present time	
s42677	will now/be about to	<ta> and <ding> written as one word after a verb: the thing will happen from now on, is now going to happen; frequent at the end of headlines	
s42678	for	after a noun, with <in>: for, as far as that one is concerned; seems to be the same as <ading>	
s42679	will now/is about to	<ta>, <ding> and the sentence-final <hi> written as one word after a verb: closes a statement that the thing will now happen	
s42680	for	after a noun, <tading> with <in>: for, as far as that one is concerned	
s42681		after a verb, <ta> and <dingin> written as one word: that it will now be done, before a verb of hoping	
s42682	Thadingyut	a month of the Burmese calendar in Zolai spelling, set beside September in the book's table of month names	
s42683	newspaper/news		
s42684	Tadmor	town in the desert built up by Solomon	
s42685	Taphath	daughter of Solomon and wife of Ben-Abinadab, one of his district governors	
s42686	orphan/fatherless child	a child whose father or parents have died, often named together with <meigong>, widow; also used as a describing word, {tagah tate} fatherless children	
s42687	orphanage/children's home	<tagah>, orphan, and <kepna>, keeping or care: a home where orphans are looked after, an orphanage; also with <inn>, house, or <sanginn>, school, after it	
s42688		Saying: an orphan catching sight of the breast; the book lists it among its idiomatic expressions without explaining it, apparently said of one who falls eagerly on what he has long gone without	
s42689	orphanage/orphan school/home for orphans	<tagah>, orphan, with <sang>, school: a school or home where orphans are kept and taught, an orphanage; often longer as {tagah sang inn}	
s42690	orphans/the fatherless	plural of <tagah>	
s42691	pregnant/with child	<tagai>, be with child, with the suffix <in>; {tagai-in om} is be pregnant	
s42692	Tagaunggyin		
s42693	put to/apply/hold against	bring a tool up against the thing it works on; {phiaukawi tah}, put the sickle to the grain	
s42694	now/then	placed after a verb at the end of a clause, with the sense now, then; before <ci-in>, saying or thinking, it closes a thought that takes the thing as now settled; not the verb of sense 1	
s42695	foolish child/foolish son	<ta> child with <hai> foolish	
s42696	Tahan	son of Ephraim and ancestor of the Tahanite clan; also a later descendant of Ephraim	
s42697	Tahash	son of Nahor by his concubine Reumah	
s42698	Tahath	name of a camping place of Israel in the wilderness and of several men, among them a Levite descended from Korah	
s42699	may/let	sentence-final word expressing a wish or blessing, from <ta> and <hen> and also written {ta hen}: may it be, let it be	
s42700		<ta> and <hi> written as one word at the end of a sentence: <ta> shows that a state has now come about or changed, now, already, and <hi> ends the statement	
s42701	Tahkhemon/Tahkemonite	place or clan of Josheb-Basshebeth, chief of the three mighty warriors of David	
s42702	punishment/applying	<tah>, apply, with the noun suffix <na>; {daan tahna} is the applying of the law, punishment	
s42703	Tahpanhes	city in the north-east of Egypt where the people of Judah fled after the fall of Jerusalem, taking Jeremiah with them	
s42704	Tahpenes	queen of Egypt, wife of the Pharaoh who gave her sister in marriage to Hadad the Edomite	
s42705	Tahrea	son of Micah, a descendant of King Saul through Jonathan	
s42706	pressed down/shaken together	one of three words describing a full measure, {a henhen, a tahtah, a dimletin}; which English term it matches is not certain	
s42707	break/chip	of teeth, break against something hard; used with <sak>, cause to break	
s42708	break/cause to break	<tahtan> with the causative <sak>: make the teeth break on stone	
s42709	hold up to/lift up to/offer up	<tah>, hold against, with <to>, upward: raise a thing up to someone's mouth	
s42711	weed/tares/darnel	weed that grows among grain	
s42712	weed/tares	<tahum>, weed growing among grain, capitalised in the title of the parable of the weeds	
s42713	weeds/tares	useless plants growing among the grain	
s42714	run/flee/run away	run, and so run away or flee from danger or from a person; {tai un} is the command run or flee	
s42715	mile	a measure of distance: eight furlongs, {falong 8}, eighty chains, 1760 yards or 5280 feet	
s42716	run/flee	<tai> written with a capital at the start of a quoted command	
s42717	square mile	<tai>, mile, with <khawk>, square: 64 square furlongs	
s42718	race/running race/footrace	<tai>, run, and <kidemna>, competition: a race in running, also of horses; with <ah> it is in the race	
s42719	Tyre	ancient Phoenician port city on the Mediterranean coast north of Israel, whose king Hiram supplied Solomon; also written <Taia>	
s42720	Tai-imnu		
s42721	run	<tai>, run, with the command ending <in> written with a hyphen: run, said to one person	
s42722	Tyre	ancient Phoenician port city on the Mediterranean coast north of Israel, home of King Hiram	
s42723	will run/will flee	<tai> and <ding.1> written as one word: will run or flee, to run or flee; of a bus or train, will run a route	
s42724	rebuke/scold severely/reproach	<tai>, rebuke, with <gawp>, severely	
s42725	run off/flee/bolt	<tai> run or flee with <gawp>, wildly: run away in a rush, of people fleeing or of a vehicle driven off; a different word from {taigawp} scold, told apart by a place or a pursuer in the sentence	
s42726	rebuking severely	<taigawp>, rebuke severely, with the linking suffix <in>	
s42727	hit/run into/knock down/sweep away	strike against with force: of a car or train, hit or run over; of water, sweep away	
s42728	iron/press	press clothes smooth with a hot iron, as in {puan taih}	
s42729	brick building/masonry/brick wall	a building or wall of brick or concrete; {taih inn} is a brick house	
s42730	swift/fast	<tai>, run, with <hat>, strong: quick at running	
s42731	rob/commit robbery	only in <damiah taihin>, committing a robbery, robbing by force: <taih>, strike, of the Burmese expression for committing robbery, with the ending <in>; see <damiah>	
s42732	brick building/masonry house/concrete building	a house or building of brick or concrete, as against a wooden house; the first part is from Burmese taik, brick building, the second is <inn>, house	
s42733	hit/crash into/run into/collide with	<taih>, strike against, with <kha>, happen to: of a vehicle or boat, run into a tree, a post or a person by accident	
s42734	hit/run into/be hit	form of <taihkha>, hit or run into, used before other words and as a noun: {aki taihkhak} is was hit, and {mawtaw ii taihkhak} is hit by a car	
s42735	crash into/ram/run into	<taih>, hit, and a second part that is not the word for gold: said of a vehicle or train that runs into something standing in its way, such as a pipe or a building, and damages it	
s42736	rob again/hold up again	<taih> with <leuleu>, again, written as one word; found after <damiah>, as {damiah taihleuleu}, commit another robbery	
s42737	run over and kill/hit and kill	<taih>, hit or run into, with <lum>, to death: of a car or train, hit a person and kill him	
s42738	run over and kill by accident/hit and kill	<taihlum> and <kha> written as one word, <kha> saying that it happened unintended: happen to run over and kill, said of a car or train	
s42739	fatal hit/running over and killing	<taih>, hit, with <lup>, here laid low or dead, and the noun ending <na>: the hitting and killing of a person with a vehicle, or the place where it happened	
s42740	hitting/striking/attack	<taih>, hit, with the noun suffix <na>: the act of hitting; {damiah taihna} is robbery	
s42741	crash across into/hit and carry on/sideswipe	<taih>, hit, and <phei>, across, written as one word: said of a vehicle that goes across and hits another vehicle, a barrier or the roadside	
s42742	sweep away/carry off	of a flood, carry someone away; ends in the causative <sak>	
s42743	try to rob/attempt a robbery	<taih> and <sawm>, intend, written as one word after <damiah>, robbery: try to rob someone	
s42744	run over/ram/crash into	<taih>, run into or over, with <suk>, down: of a vehicle, hit and run over a person or drive hard into another vehicle or a barrier	
s42745	crash into/ram into/run into	<taihsuk>, ram, and <kha.4>, happen to, written as one word: of a vehicle, happen to crash into another	
s42746	rebuke/scold/reprove/chide	speak sharply to someone to stop or correct him; said also of God rebuking the sea or the nations and of Jesus rebuking demons	
s42747	cheerful/bright	of the face, in {mai taii-na}, a cheerful face	
s42748	run/flee/run away	a spelling of <tai>, run: run off or flee, often with {lau in}, in fear; no one is rebuked	
s42749	be swept away/be carried off	with <tui-in>, by the water: be carried off by the stream, said of a thing that has fallen into a river	
s42750	rebuke/denounce/scold	<taii> rebuke with <bawl> do: treat someone with harsh rebuke	
s42751	rebuke/discipline/correction/reproof/castigation	<taii>, rebuke, with <na>: words or acts that correct someone	
s42752	make cheerful/brighten	<taii> cheerful with <sak>, cause; {mai taiisak} is make the face cheerful	
s42753	run about/run around	<tai>, run, and <kawikawi>, to and fro, written as one word: run here and there, as children do in a house	
s42754	while running/run along	<tai>, run, and <kawm>, while, written as one word: do something while running	
s42755	flee/run away/scatter in flight	run away from an enemy, scattering in all directions	
s42756	rout/put to flight	<taikeek>, flee scattering, with the causative <sak>	
s42757	flee/run away in haste	run away from an enemy in fear; apparently another spelling of <taikeek>	
s42758	flee in panic/run away in all directions/scatter	<taikek>, run away in haste, with <gawp>, which shows that the act is done wildly and completely: run for one's life in panic	
s42759	flee away/run off in haste	<taikek>, flee, with <mang>, away out of sight	
s42760	escape/run away	of a prisoner, get away from the one guarding him	
s42761	run together/flee together	<tai> run with <khawm> together	
s42762	flee/run away/escape	<tai>, run, with <khia>, out: run away from a person or a place	
s42763	flee away/run away/escape	<taikhia>, run out, and <mang.3>, here away or gone and not a dream: run away and be gone, leave a home or a village in flight; the place left takes <pan> and the place fled to takes <ah>	
s42764	will flee/to run away/to escape	<taikhia> and <ding> written as one word: will run away, is to flee	
s42765	have already fled/have escaped	<taikhia>, run away, with <khin>, already; also said of things swept away by water	
s42766	run back out/flee again/run off	<taikhia>, run away, and <kik>, back or again, written as one word: run out again, flee from the place one came into	
s42767	escape in time/manage to flee	<taikhia> and <man> written as one word: get out in time, manage to run out	
s42768	run away at once/flee immediately	<taikhia>, run away, and <pah>, at once, written as one word: run out or flee straight away	
s42769	drive out/make flee	<taikhia>, flee, with the causative <sak>	
s42770	flee secretly/slip away/run away	<taikhia> run away with <sim>, secretly	
s42771	run right away/make off/get away	<taikhia>, run away, and <suak>, right through, written as one word: flee and get clean away	
s42772	flee/run away/leave/escape	form of <taikhia> used before <manin>, <ni>, <nading> and <zawh>	
s42773	be able to escape/manage to get away	<taikhia>, run away, and <thei>, able, written as one word	
s42774	flight/fleeing/running away	<taikhiat>, flee, with the noun ending <na>: the act of fleeing, or the place one fled from	
s42775	run off with/make off with/carry away	<tai> and <khiatpih> written as one word: flee taking a person or thing along, as robbers or abductors do	
s42776	try to flee/try to escape/attempt to run away	<taikhiat> and <sawm> written as one word: try or set out to run away	
s42777	be able to escape	<tai>, flee, with <khiat>, out, and <zawh>, be able; {taikhiatzawh hetlohna} is a place from which there is no escape	
s42778	ran/have run	<tai>, run, and <khin>, already, written as one word in the table of tenses: the past form of the verb; {taikhin laitak} is the past continuous, was running	
s42779	flee back/run back	<tai> run with <kik>, back again	
s42782	moving/running	<tai>, run, with <lai>, while, written as one word after the name of a vehicle: while it is running, a moving car, lorry or train	
s42783	a moving one/one in motion	<tailai>, while running, and <khat>, one, written as one word after the name of a vehicle: a vehicle that is moving	
s42784	flight/way of escape	<tai>, flee, with <lam>, way or direction: the fact or direction of someone fleeing	
s42785	flee/run away/escape	<tai>, flee, with <mang>, away out of sight: run off and be gone	
s42786	fleeing/running away	<taimang> flee with <in>, which links it to the following verb	
s42787	have already fled/have run away	<taimang>, run away, and <khin>, already, written as one word: had already run off and was gone	
s42788	run away with/make off with/abduct	<taimang>, run away, with <pih>, together with: flee taking a person or a thing along, such as stolen money or a car	
s42789	chase away/put to flight/make flee	<taimang> flee with <sak>, cause	
s42790	try to run away/attempt to flee	<taimang>, run away, and <sawm>, intend or attempt, written as one word: try to run off	
s42791	have fled/be gone	<taimang>, flee away, with <ta>, marking that the change has taken place	
s42792	flight/fleeing	<tai> flee with the ending {-na}; also the place someone flees to, and {a taina-ah}, while he flees	
s42793	rebuke/reproof	from <tai> in the sense of scold or discipline	
s42794	running/run/runway	<tai> in the sense of run or move fast, of a person, a plane or a train, with no thought of fleeing: {vanleng taina} is a runway and {meileng taina} a railway track	
s42795	for running/for travelling	<tai>, run, and <nading>, for, written as one word: for running on, said of a runway for planes or a track for fast travel	
s42796	rebukes/reproofs	<taina> rebuke, with the plural <te>	
s42797	region/division	an administrative Region of Myanmar, formerly called a Division, on the same level as a State; follows the name, as in {Sagaing Taing}	
s42798	Taing Wei		
s42799	Taingen	village in Tedim Township in Chin State, on the road between Kalaymyo and Tedim	
s42800	run at once/hurry off	<tai>, run, with <pah>, immediately	
s42801	hurry/run quickly	<tai> run with <pak>, quickly or for a short while	
s42802	Taipei	capital city of Taiwan	
s42803	run over to/run across/run toward	<tai>, run, with <phei>, across or over toward: run over to a person or a place	
s42804	flee with/escape with/run away taking	<tai> with <pih>: flee taking someone or something along	
s42805	rush/hurry off with	take someone somewhere in great haste, with no thought of fleeing, as a sick or injured person to hospital; often with {amanlang in}, quickly, and <vingveng>	
s42806	rush to/take at once	<taipih> and <pah> written as one word: hurry off with someone at once, above all rush a sick or injured person to hospital	
s42807	Taiping	town in the state of Perak, Malaysia	
s42808	fled	<tai> flee with <sa>, already done; {a taisa mipa} is the man who has fled	
s42809	put to flight/rout/drive out	make someone run away: <tai> run or flee with the causative <sak>	
s42810	let flee/allow to run	<tai> with <sak> in the sense of allowing; {hong taisak un} is let me flee	
s42811	run/operate/drive	<tai>, run, with the causative <sak>, said of a train, bus, boat or car: run a transport service or drive a vehicle, <kitaisak> being be run; not the sense put to flight	
s42812	will run/will operate	<tai> and <sakding> written as one word: will make a bus, boat or train run, will operate a service	
s42813	putting to flight/driving away	<taisak>, make flee, with the linking suffix <in>	
s42814	be able to put to flight	<taisak>, make flee, with <zo>, be able	
s42815	forsake/desert/abandon/flee from	<tai>, run, with <san>, away from: run away from someone and leave him, and so desert or forsake a person or God	
s42816	forsaking/deserting/leaving	<taisan> with <in> linking to the next verb	
s42817	not forsake/not abandon/not desert	<taisan> and <lo> written as one word: not run away from, not forsake	
s42818	desert/abandon/forsake	<taisan> forsake with <mang>, away completely	
s42819	abandonment/desertion/leaving	<taisan>, forsake, with the noun suffix {-na}: the act of leaving or abandoning a person or a group	
s42820	alienate/make forsake	<taisan>, forsake, with the causative <sak>: cause people to leave someone	
s42821	flee the scene/run off/hit and run	<taisan>, flee from, with <suak>, right on, written as one word: run off and leave, said of a driver who drives on after hitting someone	
s42822	forsake/leave	<taisan>, forsake, with <ta>, marking a change that takes place	
s42823	deserters/renegades/fugitives	<taisan>, desert, with the plural <te>: those who have deserted	
s42824	run away from instead/rather flee from	<taisan>, flee from, with <zaw>, rather	
s42825	run off at once/flee straight away	<taisan>, flee from, and <ziau>, at once, written as one word: leave someone and make off quickly	
s42826	have forsaken/have abandoned	<taisan>, forsake, with <zo>, showing the act as done	
s42827	desertion/shunning/forsaking	the form of <taisan> forsake used before the noun suffix <na>	
s42828	try to flee/try to run away/attempt to escape	<tai>, run away, and <sawm>, intend, written as one word: try or be about to run away	
s42829	flee/run away/escape/desert	<tai>, run, with <sim>, secretly: slip away from danger or from a person	
s42830	fleeing/flight	<taisim>, flee, with the noun suffix <na>: the act of running away	
s42831	try to flee/attempt to escape	<taisim>, run away, with <sawm>, intend, written as one word: try to run away, make to escape	
s42832	Taison		
s42833	let escape/let get away	of one guarding a captive, let him run off; compare <taisuak>, escape	
s42834	flee/escape/run out	<tai> run with <suak> come out: get away from a place or from people	
s42835	running on/running out	<taisuak>, run out or get away, with the linking suffix <in>	
s42836	run on/keep going/pass without stopping	<tai>, run, with <suaksak>, here on through: of a train or a car, go on without stopping	
s42837	try to escape/attempt to flee	<taisuak>, escape, and <sawm>, intend or attempt, written as one word: try to get away	
s42838	run down/rush down	<tai> run with <suk> downward	
s42839	rushing down/running down	<taisuk>, run down, with the linking suffix <in>	
s42840		follows <kawi> in Jeremiah 49.3, where the sense is rush or wander here and there	
s42841	keep running/keep fleeing/run on	<tai>, run, said twice: go on running or fleeing, mostly from one who pursues, as {taitai} of people beside <delhdelh>, keep chasing; here it is the main verb and follows no other verb	
s42842	those who run/those who flee	<tai>, run or flee, with plural <te>: the ones running or fleeing; {gal taite} are people fleeing war	
s42843	tongs	tool for picking up a live coal	
s42844	wick trimmers/snuffers/tongs	tools for trimming the lamps of the lampstand	
s42845	can run/be able to run	<tai>, run, and <thei>, able, written as one word: able to run, of a person, a vehicle or a train service	
s42846	cannot run/be unable to run	<tai> and <theilo> written as one word: be unable to run; of a train or vehicle, be unable to travel	
s42847	Taithul		
s42848	flee up/run up	<tai>, run or flee, with <to>, upward	
s42849	Taitom		
s42850	run off/flee/hurry away	<tai>, run, and <vingveng>, straight away, written as one word: run off at once, make off in a hurry	
s42851	Taiwan	island country in East Asia	
s42852	way of running/manner of running	<tai>, run, with <zia>, manner	
s42853	manage to flee/escape	<tai>, flee, with <zo>, be able: succeed in getting away	
s42854		placed after an adjective or adverb to strengthen it or to make an adverb of manner, usually as {tak-a} or <takin>, as in {tampi tak} very many and {nakpi tak-a} greatly; {lai tak} means at that very time	
s42855	right	the right hand or right side, as in {tak lam}	
s42856	true/real/genuine	true or sincere; doubled as <taktak> or {a tak takin} it means truly	
s42857	pine/pine tree	the pine tree, as in <taksing>; {tak lakah} is among the pines	
s42858		makes the word before it an adverb of manner, like <takin>, used before a describing clause, as in {a tel taka} clearly and {nakpi taka} greatly	
s42859	at the time/at the very time	after <lai>, at the very time of something, as in {tu lai taka} now, at present	
s42860		<tak> with <aa>, written as one word after a describing word to make an adverb of manner, like English -ly, as in {thupi takaa}, grandly; {tulai takaa} is at the present time	
s42861	right at/exactly at	<tak> exact with the locative marker <ah>, used after <lai> or <san> to point to an exact spot, {hih lai takah} right here, {tua san takah} right there	
s42862	in as many as/in fully	<tak> strengthening a number or <tampi>, with the locative marker <ah>: in as many as that number of places, {mun 5 takah} in as many as five places, {khua tampi takah} in very many villages; not the pointing to one exact spot	
s42863	as many as about/some	<tak> and <bang>, about, written as one word after a number or an amount: stresses that the figure is large and says that it is not exact	
s42864	when/once	<tak> and <ciang>, when, written as one word after a verb, often followed by <in>: at the very time when it happens, once it really comes to that	
s42865	when/once/by the time	<tak> with <ciangin>, when, written as one word and placed after a verb or a date: at the very time when, once it has happened, when that year came	
s42866		the negative <kei> after <ta>, used in the pair {nei taleh nei takei leh}, whether he has or has not	
s42867	if no longer/if not	<takei>, the negative after <ta>, and <leng>, if I or we: placed after a verb, if I or we no longer do it or do not do it after all; for other persons the ending is {takei leh}	
s42868	even if not/if not/though not	<takei> and <leh>, if, written as one word after a verb: even if it is not so; paired with <taleh>, {hoih taleh, hoih takeileh} is whether good or not	
s42869	even if we do not	<takei>, not, and <leng>, if we, written as one word after a verb: even if we do not do it	
s42870	one child/a child	<ta> and <khat> written as one word: one child, a child of one's own	
s42871	twin	of two young animals born together; apparently <ta>, young, with <khawm>, together	
s42872	commit/do wrong	in {mawhna bang takhial}, what wrong has he done; <khial> is err	
s42873	let go astray/let run wild	cause or allow people to behave wrongly; with <sak>, cause or let	
s42874	Thakin	Burmese title, master, put before the names of members of the Burmese nationalist movement before independence	
s42875	Tagu	a month of the Burmese calendar in Zolai spelling, set beside March in the book's table of month names	
s42876	while/when	after <lai>, at the very time that	
s42877		placed after a descriptive word to make an adverb of manner, like English -ly, as in {nakpi takin} greatly and {lim takin} well, thoroughly	
s42878	as many as/no fewer than	placed after a number of people in news reports, before a verb such as <sihlawh>, die, or <liamlawh>, be injured, to stress that the count is so large; not the ending that makes an adverb of manner	
s42879	one drop/a single drop	<tak>, here a drop of liquid, and <khat>, one, written as one word: one drop of tears, fuel or the like; also of a very small amount	
s42880	be brave/come on	cry of resolve or encouragement before a bold act; {pasal takkheh} is said of or to a real man	
s42881	right/right side/right hand	the right as opposed to <veilam>, the left; {taklam khut}, right hand	
s42882	at the right/on the right side	<taklam>, right side, with the place ending <a>	
s42883	at the right/on the right side/in the right hand	<taklam>, right side, with the place ending {-ah}	
s42884	with the right/by the right	<taklam> right with <in>; {khut taklamin} is with or by the right hand	
s42885	and	the particle <tak> and <leh>, and, written as one word: joins two descriptions or amounts of which the first ends in <tak>, as in {siangtho takleh}, holily and	
s42886	not really/not quite/hardly	<tak> and <lo> written as one word after a verb or describing word: not really, not properly, hardly	
s42887	really/indeed/truly	<tak> and the emphatic <mah> written as one word after a describing word or a number: very much so, indeed; {tampi takmah} is very many indeed	
s42888	most/the most	<tak> and the superlative <pen> written as one word after a describing word, as in {etteh takpen}, the most worthy of imitation; <pen> may also be the topic marker	
s42889	reach fully/amount to as much as	<tak> and <pha> written as one word after a number or measure: come to fully that many, as much as	
s42890	truly/surely/indeed/really	also as <takpi-in>; {aman takpi kong cih-inah} means truly I tell you	
s42891	true/real/sincere/genuine	placed after a noun: real and not pretended, as in <lungsim takpi>, a sincere heart, and {min takpi}, the real name	
s42892	will really/will indeed	<takpi> and <ding> written as one word after a verb: will truly happen	
s42893	if really/if indeed	<takpi>, really, and <leh>, if, written as one word after a verb: if that really happens; <leh> can also be and, as in {nasimnop takpileh thuhoih}, truly pleasant to read and good	
s42894	really/actually/indeed	<takpi>, truly, and <mawk>, here marking surprise, written as one word after a verb: it really did happen, hard as it is to believe	
s42895	sincerity/genuineness	<takpi>, truly, with the noun suffix <na>; {it takpina} is sincere love	
s42896	really now/indeed now/at last	<takpi>, really, with the particle <ta>, now, written as one word after a verb: {akipan takpita} is it has now really begun	
s42897	those who truly are	<takpi>, truly, with plural <te>, placed after a describing word: the ones who really are so; {a cimawh takpite} are the truly needy	
s42898	plump/full/well filled	of grain, having a full kernel, not empty; {gah taksa} is the full grain	
s42899	body/flesh/physical	the body of flesh as against <kha>, the spirit, or <lungsim>, the mind; <pumpi taksa> is the physical body and {taksa damna} bodily health	
s42900	make thirsty/let go dry	of the throat, <dang>, let it become dry; {dang tak} is be thirsty, with the causative <sak>	
s42901	believe/be convinced/accept as true/trust	<tak> true with <sang> receive; in the verses negated, not believe	
s42902	good grain/wheat	<taksa>, full of kernel, with the plural <te>: the full grains as against <ansite>, the chaff	
s42903	juniper/fir/pine	an evergreen timber tree of Lebanon, named together with <taamtak>, the cedar; {taksing kung} is a juniper tree	
s42904	junipers/firs/pines	plural of <taksing>, an evergreen timber tree	
s42905	come true/become real/be realized	<tak>, real, with <suah>, become: turn into fact; {taksuah sak} is put into effect, carry out	
s42906	come true/be carried out	<tak>, real, with <suak>, become: come to be real; {taksuak sak} is make it happen, carry it out	
s42907	drop down/drip down/fall down	fall downward in drops, said of tears, or drop down, with <suk>, downward	
s42908	truly/surely/certainly/really	placed after a verb to stress that something really is so or will surely happen; after a noun it means real or true, as in {Israel mi taktak}, a true Israelite	
s42909	truly/really/in fact	<taktak>, truly, with the adverbial ending {-a}: truly, really, in actual fact, placed before the verb or clause it describes	
s42910	in the very/truly in	<taktak>, truly, with the place marker <ah>; {lungsim tawng taktakah} is in the very depth of the heart	
s42911	real though/really however	<taktak>, real, and <bel>, as for, written as one word after a noun: the real one, set in contrast, as in {apu taktakbel hisamlo}, not his real grandfather though	
s42912	will really/will surely	<taktak>, really, and <ding>, will, written as one word after a verb: will really or surely do so, or the one who will truly do so	
s42913	truly/really/indeed/in fact	<taktak>, truly, with the adverb ending <in>; mostly as {a taktakin}, truly or indeed, at the opening of a statement	
s42914	if really/when actually	<taktak> and <leh> written as one word after a verb: if or when it really is so, if it truly happens	
s42915	not really/not truly	<taktak> and <lo> written as one word: not really, not truly; after a noun, not real	
s42916	before actually/just before	<taktak>, really, and <ma>, before, written as one word after a verb and followed by <in>: before the thing really happens	
s42917	really/truly/indeed	<taktak>, truly, and the emphatic <mah>, written as one word: really and truly so	
s42918	genuineness/sincerity/reality	<taktak>, truly, with <na>, placed after a verb or adjective to make a noun: the fact of truly doing or being so, as in {it taktakna}, true love, and {lungkim taktakna}, full conviction	
s42919	the true one/the real one	<taktak>, truly, with <pa>, the man who: after a verb, the one who truly does it, as {a nei taktakpa}, the true owner	
s42920	the real/the actual/the true	<taktak>, real, and the topic marker <pen> written as one word, placed after a noun: the real or actual one, as in {ahang taktakpen}, the real cause	
s42921	truly now/really	<taktak>, truly, with <ta>, marking that a new state has come	
s42922	with the real/with true	<taktak> and <tawh> written as one word after a noun or verb: with the real one, with what one truly wants	
s42923	true/real/genuine	<taktak> with the plural suffix <te>, the true or real ones, after a verb those who truly do it, as in {a bia taktakte}, the true worshipers	
s42924	with true/with real	<tak>, true or real, and <tawh>, with, written as one word after a noun: with real or sincere, as {itna taktawh}, with true love; after a sum of money, for as much as	
s42925		the strengthening particle <tak> followed by the plural <te>, which makes the phrase before it mean those who or the things that, as in {a taisuak dek takte}, those who are just escaping	
s42926	when/once/at the time that	<tak> and <teh> written as one word after a verb or a date: when, at the moment that; the same as {tak ciangin}	
s42927	good grain/sound grain	the full grain, all of it, as against {a siteng}, the chaff; ends in <teng>, all	
s42928	while/when	<tak> with the plural ending <un>, in {lai takun}, at the very time when they	
s42929	carrying frame/frame	frame on which a load is laid to be carried	
s42930	forehead	the forehead, {tal kolh} is a bald forehead	
s42931	male	male of an animal, written after the animal name, as in {la-tal}, a male donkey, and {bawng-tal}, a bull	
s42932	Tal		
s42933	Talalla	a place in Kuala Lumpur, Malaysia, where a school of the Zomi Education Center, ZEC, is located	
s42934	colonnade/porch	a roofed walk or porch with pillars, as the five that stood round the pool in Jerusalem	
s42935	colonnade/porch/portico	<talap>, a covered porch, capitalised in the name {Solomon’ Talap}, the Colonnade of Solomon in the temple courts	
s42936	porches/colonnades	<talap>, covered porch, with the plural <te>: the five roofed colonnades beside the pool of Bethesda, where the sick lay	
s42938	even if/though	follows a verb and is followed by <zong>: even if one does so	
s42940	Talegyin		
s42941	whether/or/even if/though	follows a verb, most often <hi>; repeated, as {hi taleh, hi taleh}, it means whether this or that; used once it means even if, although	
s42942	Talek		
s42943	talent	a large unit of weight used for gold, silver and bronze, about thirty-four kilograms	
s42944	talent/gift/ability	a natural ability or gift that a person has and should use, as in {Topa' hong piak talen}, the talent the Lord gave us; taken from the parable, not the unit of weight	
s42945	even if/even though/although	placed after the verb and often followed by <zong>: even if, though it be so; alone it can also express a wish, if only	
s42946	talent/gift/ability	a natural ability that a person has, often spoken of as given by God; {Talent Show} is a show of such abilities	
s42947	again/in turn/on the other hand	the particle <ta> and <leuleu>, again, written as one word, mostly after a verb: once more, or in turn, as the other side of what was just said	
s42948	Taliban	armed Islamist movement of Afghanistan and Pakistan	
s42949	the Taliban	<Taliban> with the plural <te>: the members of the Taliban	
s42950		placed after <kai>, drag: dragged along the ground	
s42951	Talitha	Aramaic word for little girl, in the words {Talitha kumi}, little girl, get up, which Jesus spoke to the daughter of Jairus	
s42952	drag/drag along	pull along the ground, of a vehicle dragging a person, of feet that shuffle, and of events or a ruler carrying people along by force	
s42953	drag away/carry off	carry off by force as a lion does its prey; contains <kaih>, pull, and <gawp>, violently	
s42954	bald forehead	baldness at the front of the head, named beside <lutol>, bald head; also said of the person who has it	
s42955	Talmai	name of two men: one of the three sons of Anak driven out of Hebron by Caleb, and a king of Geshur, father of Maakah and grandfather of Absalom	
s42956	Talmon	a Levite gatekeeper, head of a family of gatekeepers that returned from the exile	
s42957	not give up/persist	written before <in>, {talo-in}: without giving up, keeping on in spite of difficulty; the parts of the word are not certain	
s42958	Meitei/Manipuri	a Zomi name for the <Meitei> people of the Manipur valley	
s42959	let slip/cause to slip	of the foot, let it slide; apparently <taal>, slip, with the causative <sak>	
s42960	frontlet/phylactery	a sign or small case of scripture worn on the forehead between the eyes	
s42961	frontlets/symbols on the forehead	<talsuan>, something worn on the forehead between the eyes, with the plural <te>	
s42962	elderly/aged/senior	far on in years and honoured for it, said of the oldest men of a gathering; explained in one article by <putek>, old man; {taltak pen} is the eldest	
s42963	forehead/brow	the forehead, the front of the head above the eyes; {taltang tungah} is on the forehead	
s42964	on the forehead	<taltang>, forehead, with the place marker <ah>	
s42965	bulls/males	plural of <tal>, male of an animal; {gamsial talte}, wild bulls, and {bawng talte}, bulls	
s42966	Talzang		
s42967	many	large in number; {a tam} is the many, set against {a tawm}, the few, and {tam mahmah} is very many	
s42968	numerous	said of a people or group that is great in number	
s42969	a lot of	great in amount, said of goods, plunder or a catch	
s42970	I wonder	placed at the end of a question that has a question word, as in {ahi tam}: marks the question as one the speaker wonders about; not {tam}, many	
s42971	as many as possible/as much as possible	<tam>, many, and <theithei>, as far as can be: mostly {a tam theithei}, as many or as much as possible, placed before the verb or after the noun it counts; <theithei> gives the same sense after other words of quality, as in {a manlang theithei}, as quickly as possible	
s42972	practitioner/person engaged in	Burmese word placed after the Burmese name of a field of activity for a person engaged in it: {Siipuayii tama} is a businessman and {Naingngaanzee tama} a politician; elsewhere the spelling is {tam a}, many and, written as one word, or part of a place name	
s42973	president	the president of a country, used above all of the president of Myanmar	
s42974	in much	<tam> many or much with <ah>, in; {a tamah} is in what is much, set against {a tawmno-ah}, in what is very little	
s42975	already indeed/although	the particle <ta>, already, with <mah>, indeed, written as one word after a verb: the thing has indeed happened; with <leh> it concedes, even though it is so, as in {ki cancel tamah leh}, although it is cancelled; not {a tamah}, in much	
s42976		<ta> and <mai> written as one word after a verb at the end of a sentence: things have simply come to be so, often said with regret or resignation	
s42977	Tamar	name of three women: the daughter-in-law of Judah and mother of Perez and Zerah, a daughter of David and sister of Absalom, and a daughter of Absalom	
s42978	Tamar/Tadmor	town in the desert on the southern border of the land; the NIV has Tadmor for the town Solomon built	
s42979	fail/forsake/abandon	fail someone by leaving him without help; in the verses always negated and often paired with <nusia>, leave	
s42980	run out/run dry	of a supply such as oil, give out or come to an end; in the verses always negated	
s42981	practitioners/people engaged in	plural of <tama>, placed after the Burmese name of a field of activity: {nainganyii tamate} are politicians and {siipuayii tamate} are businessmen	
s42982		<ta>, marking a change that has now come about, and <mawk>, marking what is unexpected or regretted, written as one word after a verb and before <hi> or <uh>: it has now come to this, sadly or surprisingly	
s42983	cost much/be expensive	<tam>, much, and <bei>, be used up, written as one word: much money is spent, it costs a great deal	
s42984	measure/liquid measure	a measure for liquids such as water, wine and oil; the numbers in the verses are twice those of the baths in the English Bible, so one {tambong} is about half a bath	
s42985	really much/in very great amount	<tam> and <cihtak> written as one word, in {tamcihtak in tam}: there is truly a great deal or a great many	
s42986	rather many/more/quite a lot	<tam>, many, and <deuh>, somewhat, written as one word: somewhat more, rather many or much	
s42987	will be many/will be much	<tam>, many, and <ding>, will, written as one word: there will be many or much	
s42988	be very much/be excessive	<tam> and <gawp> written as one word: be extremely many or much, said of heavy rain	
s42989	say much/speak often of	<tam> and <gen> written as one word: say a lot, or speak of something often; {tamgen lo} is say little of	
s42990	name after	give a person or place the name of another; {min tamh} is to bear the name of someone	
s42991	not many at all/very few/hardly any	<tam>, many, and <hetlo>, not at all, written as one word	
s42992	Tamil	a people of south India and Sri Lanka, also living in Malaysia and Singapore, and their language; Tamil Nadu is their state in India	
s42993	child name		see <ta> and <min>
s42994	being many/being much	<tam>, many, with the linking ending <in>: there being many or much of something, giving the reason for or leading on to what follows; not the noun for a child's name	
s42995	staying/spending	{tamin} from a verb for staying with the linking ending <in>, used after a length of time such as {zan 3} or {kal 3}: staying that many nights or weeks in a place	
s42996	be broken/be shattered/be downcast	break in pieces; of the heart or mind, be crushed, downcast	
s42997	stay with/stay together	<taam>, stay or lodge, with <khawm>, together: stay with someone; not <tam>, many	
s42998	already many/already much	<tam>, many, and <khin>, already, written as one word: already great in number or amount	
s42999	not many/not much/few	<tam>, many, and <khollo>, not very, written as one word: not very many, not much	
s43000	quite many/a good many/a fair number	<tam>, many, and <khop>, enough, written as one word: a fair number, quite a lot, said of people or things	
s43001	level/even/smooth	of ground or a path, flat and without rough places	
s43002	uneven/rough	<tamkim>, level, with the negative <lo>	
s43003	stay/remain	stay on in a place for a time; apparently <taam>, stay, with <lai>, still	
s43004	be still many/be still much/remain plenty	<tam>, many, with <lai>, still: there is still a lot of something, mostly followed by <mahmah>; not the sense stay	
s43005	lament/mourn/sing a lament	mourn someone or something aloud in words or song	
s43006	lament/lamentation	a song or cry of mourning for the dead or the ruined	
s43007	if there is much/when there are many	<tam>, many, and <leh>, if, written as one word: if or when something is much or many, the more there is of it	
s43008	few/not many/not much	<tam>, many, and <lo>, not, written as one word: not many, only a few	
s43009	not many/few/not much	<tam>, many, and <loh>, not, written as one word, the form used before words such as <manin> and <hangin>: not being many, not much	
s43010	too much/too many/very many/excessive	<tam> many with <lua>, excessively	
s43011	not very many/not much	<tam>, many, and <lualo>, not very, written as one word: not very many, not much	
s43012	be very much/be too much	form of <tamlua> used before <ciangin>; of water in clouds, be very full	
s43013	excess/too much/overabundance	<tamluat>, be too much, with the noun suffix {-na}: there being too much of something; {guahtui tamluatna hangin} is because of too much rain	
s43014	very many/very much	<tam> and <mahmah> written as one word: very many, a great deal	
s43015	still very many/still a great many	<tammahmah>, very many, and <lai>, still, written as one word: there are still very many	
s43016	expensive/costly/high-priced	<tam>, much, with <man>, price: costing much; the opposite is {tawm man}, cheap	
s43017	cost much/be costly/be expensive	<tam>, much, and <manh>, cost, written as one word: cost a lot, use up much money	
s43018	be very costly/charge a high price	<tamman>, expensive, and <sak> written as one word: be priced high, be sold at a high price	
s43019	I wonder/could it be	{tam maw} written as one word, at the end of a sentence: marks a wondering or doubtful question, I wonder whether; the second part is <maw>	
s43020	see often/be common	<tam>, many, and <muh>, see, written as one word; with <ki> before it, be seen a lot, be common	
s43021	Tammuz	a god of the Babylonians, whose death women were mourning at the gate of the temple in the vision of Ezekiel	
s43022	Tammuz	fourth month of the Hebrew calendar, set beside June in the book's table of month names; the month bears the name of the Babylonian god	
s43023	abundance/great number/multitude	<tam>, many, with <na>: the being many of something; {sing tamna} is a place of many trees	
s43024	have much/have many	<tam>, many, and <nei>, have, written as one word after the thing owned	
s43025	eat much/eat a lot	<tam>, many, with <nek>, eat, written as one word: eat a great deal of something; {tamnek kei in} is do not eat much	
s43026	get much/receive a lot	<tam> and <ngah> written as one word: get much; with <zaw>, get more, and with <pen>, get the most	
s43027	flute/fipple-flute/pipe	a wind instrument that is blown, a flute or pipe; {tamngai tum} is play the flute	
s43028	pipe/flute	a wind instrument that is blown, <tum>	
s43029	flutes	<tamngai> flute, with the plural <te>	
s43030	Tampa	a city in the state of Florida in the United States	
s43031	Tamparuli	a town in the state of Sabah, Malaysia	
s43032	lemon/lime	the sour citrus fruit; {tampaya tui} is lemon juice or lemon water	
s43033	lime/lemon	the sour green or yellow citrus fruit and its tree; {tampaza tui} is lime juice	
s43034	most/the most	<tam>, many or much, with the superlative <pen>: the largest share	
s43035	mostly/most of all/in the greatest number	<tampen>, the most, and <in> written as one word: in the greatest number, for the most part	
s43036	where there are most/place with the most	<tampen>, most, with the noun suffix {-na}: the place or occasion where something is most numerous	
s43037	the very most/most numerous	<tam> and <penpen> written as one word: the greatest in number of all	
s43038	much/great	seen in {man tampha zaw}, of much greater value; compare <manpha>, valuable	
s43039	especially many/particularly frequent	<tam> and <phadiak> written as one word: many or frequent to a special degree, more than elsewhere or at other times	
s43040	numerous/many/much/myriad	a large number or amount of something, placed after the noun: {mi tampi} is many people and {thu tampi} many things	quantity of being, plural form of <tam>
s43041	rather many/quite a lot/somewhat much	<tam>, many, and <pian> written as one word: fairly many or much, or becoming more	
s43042	very many/a great many	<tampi> and <mah> written as one word, placed after the noun: a great many, very much	
s43043	many	<tampi> with a shortened <in> written as one word: many, as the doer of the action; {mi tampin} is many people did. With a capital it is also a town in Malaysia.	
s43044	Tampines	a residential town in the east of Singapore	
s43045	very many/in large amounts/abundant	<tampi> many, with <pi> repeated for emphasis	
s43046	for many/during many	<tampi> many and <sung> during, written as one word after a word of time: {kum tampisung} is for many years and {nai tampisung} for many hours	
s43047	very many/a great number/myriad/numerous	<tampi> many with the intensive <tak>	
s43048	very many/a great many	<tampitak>, very many, with the marker <in>, written as one word: very many of them, as the doer of the action	
s43049	very many/a great many	<tampitak> very many with the plural <te>, written as one word: a great many people or things, also after a noun	
s43050	with many/with much	<tampi>, many, and <tawh>, with, written as one word after a noun: with many of them, with a great deal of it	
s43051	many/numerous	many, with the plural marker <te>, placed after the noun it counts	
s43052	many also/many as well	<tampi>, many, and <zong>, also, written as one word after a noun: many of them too	
s43053	multiply/increase/make numerous/make plentiful	<tam>, many, with the causative <sak>: make many, increase the number of people or things	
s43054	multiply/make numerous	<tamsak>, make many, with the linking ending <in>: making numerous, and then	
s43055	name after	in {min tamsakin}, from {min tam}, bear the name of someone, with <sak>, cause: giving a place a person's own name	
s43056	make more numerous	<tamsak>, make many, with the comparative <zaw>	
s43057	more and more/increasing	<tam>, many, with <semsem> written as one word: growing in number all the time	
s43058	quite many/a good many/fairly many	<tam>, many, with the ending {-sim}, rather: a fair number or amount, more than a few	
s43059	already many/many by now	<tam>, many, and <ta>, here the word for a state now reached, written as one word: have become many, as in {akum tamta}, his years are many by now	
s43060	very many/a great many/much	<tam>, many, said twice for force: many and many, in great number; {kam tamtam} is talking a great deal	
s43061	many/numerous/large in number	<tam> many with plural <te>: those that are many, the larger groups; opposite of <tawmte>	
s43062	be frequent/tend to be many/be common	<tam>, many, and <thei>, can, written as one word: can be many, happen often or in great number	
s43063	increase/grow in number	<tam>, many, and <to>, upward, written as one word: become more, rise in number; often followed by <semsem>, more and more	
s43064	quite many/a good many	<tam>, many, with <tuak>: there are quite a number, as in {tamtuak mahmah lai hi}, there are still a great many	
s43065	be more/increase/become more numerous	<tam>, many, with a second part meaning all the more: be more than before or more than the others	
s43066	Tamu	town in Sagaing Region, Myanmar, in the Kabaw Valley on the border with India; written in brackets after a personal name it shows where the person comes from	
s43067	many times/often/frequently	<tam> many, with <vei>, time or occasion; {tamvei zaw} is more times	
s43068	often/many times/frequently	<tamvei>, many times, with the intensive <pi>: very often, time and again	
s43069	very many times/very often	<tamveipi>, many times, and <tak> written as one word: a great many times, again and again	
s43070	Tamwe	township of the city of Yangon in Myanmar	
s43071	broken/shattered	broken in pieces; {a tamzaan lungtang} is a broken heart	
s43072	hear often/hear much	<tam>, many, and <zak>, hear, written as one word: hear something much or often; with <ki> before it, be often heard	
s43073	shatter/break in pieces/be broken	break into small pieces; with <ki>, be shattered, and of the heart, {lungsim ki tamzan}, be broken and contrite	
s43074	use much/use often/overuse	<tam>, much, with <zat>, use, written as one word: use a thing a lot or often	
s43075	use too much/overuse	<tamzat>, use much, and <lua>, too much, written as one word	
s43076	overuse/excessive use	<tamzat> and <luatna> written as one word: using a thing too much	
s43077	more/more numerous/greater	comparative of <tam>, used with <sangin> for than	
s43078	far more/many more/much more	<tamzaw>, more, strengthened by <tham>, as much as: far more, many more still; mostly after {tua sang} or {tua sangin}, than that, and before <ding> or <hi>	
s43079	majority decision/majority vote/majority agreement	<tamzaw>, the greater number, and <thukimna>, agreement: what most of those present agree on, the decision of the majority; said with <a> before it, and {a tamzaw thukimna tawh} is by majority vote	
s43080	somewhat more/rather more	<tamzaw>, more, and <deuh>, somewhat, written as one word: a little more in number or amount	
s43081	more/greater	form of <tamzaw>, more, used before a following word	
s43082	being more numerous/greater number	<tamzawk>, more, with the noun suffix <na>	
s43083	even more/still more	<tam> and <zawlai> written as one word: be even more, still greater in number or amount	
s43084	more/in the majority	<tamzaw>, more, and <mawk>, as it happens, written as one word: there are in fact more of them, often against what one would expect	
s43085	the majority/most/those who are more	<tamzaw> more with the plural <te>: the larger number, most of the people; with <sangin>, those who are more than	
s43086	far more/many more/much more numerous	<tam>, many, with <zawtham>, much more, written as one word: more by far; <sangin> marks what it is compared with	
s43087	manage many/be able to do much	<tam>, many, with <zo>, be able; {thah tamzo} is manage to kill many	
s43088	fast/abstain	abstain from, in {an tan}, go without food, usually written with a final apostrophe	
s43089	as far as/up to/as much as	marks a measure of extent in time or distance: {bang tan} is how much or how long, and {suang lot khat tan} is about a stone’s throw	
s43090	cut off/sever/cut	cut or break through, cut a thing in two	
s43091	redeem/ransom/rescue	buy back or bring out of the power of another, also as {tan khia}	
s43092	grade/standard/class	a school year, followed by its number: {Tan 10} or {tan sawm} is the tenth standard, the last year of high school; the same word as <atan>, and unlike the verb senses	
s43093	share/portion	placed after the name of a kinship role: the share of meat that falls to that role when a slaughtered animal is shared out, as {sunghpi tan}, the share of the sunghpi	
s43094	redeem	<tan> redeem, written with a capital in titles of God: {hong Tan} the one who redeems you, {Tan pa} the Redeemer	
s43095	Tanah Merah	Tanah Merah in Malaysia written as one word; in the articles the immigration detention camp there, from which detained people are sent home	
s43096	Tanai	a town and township in Kachin State, Myanmar	
s43097	thanaka	the yellowish paste of ground bark that people in Myanmar rub on the face as a cosmetic; {tanakha kinuh} is to put it on	
s43098	relative/kin/kinsman	a member of one's own family or clan	
s43099	relatives and friends/kith and kin	<tanau>, relative, and <meltheih>, acquaintance, set side by side without <leh>: relatives and acquaintances, all the people one is close to; common in messages of condolence with <khempeuh>, all	
s43100	kinsman/male relative	<tanau> relative with <pa> marking a man; in Ruth the kinsman who has the right to redeem	
s43101	relatives/kinsmen/clan	<tanau>, relative, with the plural <te>; used also of one relative together with his family	
s43102	equal level/standing	the level or standing of a person beside others; seen with <kim>, as {gual tawh tanbang kim}, be on a level with one's peers, and {tanbang kim sak}, make equal	
s43103	Tanbeiywa		
s43104	have a child/bear a child/have young	<ta> and <nei> written as one word: have a child or children; of an animal, have young	
s43105	have a child/bear children	<ta>, child, and <neih>, have, written as one word: the having of children; {taneih nading} is for having children	
s43106	childless/without children	<tanei>, have a child, and <lo>, not, written as one word: having no child	
s43107	younger child/younger son	<ta> child with <neu> small; in the verses the younger of two sons	
s43108	small child/young child/little one	<ta>, child, with <neu>, small: a child who is still little, with no comparison to an older brother or sister; {a taneu te} are his or her small children	
s43109	little ones/little children/infants	plural of <taneu>, small child; also used as a tender way of addressing people	
s43110	seed	the seed or grain of a plant; {nannan tang} is coriander seed	
s43111	piece/unit/round	counting word placed between a thing and its number for single small or round things such as bricks, bullets, bombs and votes, as in {leisek tang khat}, one brick; it is not the seed of a plant	
s43112	abstain from/go without/avoid	keep oneself from something, as from food in <antang>, fast, or from drink and drugs	
s43113	stand for/take the place of/represent	a spelling of <taang>, stand in the place of: the book says that he stands for a man and she for a woman	
s43114	shine	of the moon or sun: give light, shine; the same word as <taang>, written with one vowel	
s43115	stand in place of/act on behalf of	with <in> after it, in place of or on behalf of: {eite tang in Jesu si hi} is Jesus died for us; the book marks this pronunciation <awsau>, <aw-eu>; compare <tangin>	
s43116	fast/go without	go without food, in {an tang}: {an tang in thungen} is fast and pray; the book marks this pronunciation <awtom>, <awlai>; compare <antang>	
s43117	receive as a share/get as one's portion	get the part that falls to one when meat is divided by custom, said beside <ngah> and <saang>; a verb, not the counting word and not seed	
s43118	man/young man	poetic word for <pasal> and <tangval>, used in songs	
s43119	verse	a verse of a text, shortened to {t.} before its number; the plural is <tangte>; compare <taang>, stanza	
s43120	straight	written with a capital as the name of a street in Damascus, Straight Street	
s43121	he	the title of a young man, written <Tg> and in the lessons spelled <Taang>, which the book uses where English has he, as <Lia> is used for she	
s43122		Saying: the literal sense is not clear from the page; said of what brings back to mind the joys and sorrows of time past, with the word {mehmuh} added in brackets	
s43123	Tang Bwei		
s43124	Tang Raung		
s43126	bereaved/alone	left without husband or children; compare <tanggawl>, unmarried	
s43127	bereaved/alone	<tang-awl> with the suffix <in>; {tang-awlin om} is live left alone, without husband or children	
s43128	in place of/instead of	<tang>, place or stead, with the linking <a>, as in {a pa tanga}, in the place of his father	
s43129		<tang> after <guak>, bare, or <hing>, alive, names the state someone is in, with the linking <a>, as in {guak tanga} naked and {a hing tanga} while alive	
s43130	on the head/on/upon	<tang> with the place marker <ah>: on the top or surface of something; mostly in {lu tangah}, on the head, and also in {lei keu tangah}, on the dry ground	
s43131	parapet/railing	a low wall or railing put round the edge of a flat roof so that no one falls off	
s43132	healthy/well	poetic expression for <cidam>, in good health, used in songs	
s43133	be stuck/be trapped/be hemmed in	be caught in a place with no way out, said of people shut in by the desert and of a narrow well	
s43134	independent/standing alone	standing by oneself; <mimal tangdin> is an independent candidate or member of parliament, one who belongs to no party	
s43135	for/in exchange for/in place of	placed between two nouns, the first given or counted in place of the second, as {mit tangding mit} eye for eye; also written {tang ding}	
s43136	for/in place of	<tangding>, in place of, with the linking <a>	
s43137	in place of/instead of/for/on behalf of	placed after the person or thing that is replaced or represented	
s43138	independent/able to stand alone	contains <din> stand and <zo> be able; in the verse with <lo>, not independent of the other	
s43139	little ones/infants/young of the flock	the very young, said of small children and of the young of a flock	
s43140	baby/infant/little child	<ta>, child, and <ngek>, tender, written as one word: one's own baby or very young child	
s43141	place/stead	spelling with a doubled final letter of the word of <tanga> and <tangin>, written apart before <aa> or <in>: in place of, on behalf of	
s43142	unmarried/single	living without a husband or wife; {tanggawl om} is stay unmarried	
s43143	naked/bare/stripped	without clothes; {tangguak leh kheguak} is naked and barefoot, and {tangguak-a om mi} is a person who is naked	
s43144	naked/without clothes	<tangguak>, naked, with the adverb ending <in>: in a naked state	
s43145	naked/stripped	<tangguak> naked with the ending <un>, the adverb ending used when several people are spoken to	
s43146	measles	measles, also {tangh natna}; used for rubella as well	
s43147	lump/piece/chunk	a solid piece or lump of something; {tangh khat} is one chunk, and {dangka tangh} seems to be pieces of money, coins	
s43148	Tanghau		
s43150	dough/cake/bread	dough or cake made of flour; {tangho su} is knead the dough	
s43151	persistently/always/steadily	placed after a verb: keep on doing it, every time or without giving up	
s43152		emphatic word placed after a verb, before <hi> or <leh>: really, indeed, in fact; {nong sap tangial leh} is if you really call me	
s43153	eighth grade/eighth standard	<tan>, school class, and <giat>, eight, written as one word: the eighth class of school; {tangiat sang} is a school that teaches up to that class, a middle school	
s43154	instead of/in place of/on behalf of/for	placed after a noun or pronoun: in the place of, or speaking and acting for someone; {ama tangin uk} is reign in his place, succeed him	
s43155	fast/abstain/keep/observe	<tang> with the linking ending <in>: keeping from something or keeping a day, as in {an tangin}, fasting, and {sabbath tangin}, keeping the Sabbath	
s43156	Tangin		
s43158	Tangkak	town and district in the state of Johor, Malaysia, next to Muar	
s43159	August	a month of the traditional Zomi calendar, set beside August in the book's table of month names	
s43160	crop	the crop of a bird, the pouch in its throat, taken out with the feathers when a bird is offered	
s43161	one/a single one	<tang>, here the counter for small round things such as grains, pills, bullets, eyes and votes, and <khat> written as one word: one of them	
s43162	stretch out/raise	of the hand, put it out against someone; ends in the causative <sak>	
s43163	possess again/take back	take possession of a land again; <kik> is again	
s43164	proclaim/announce/declare	make known publicly, announce a message aloud for all to hear	
s43165	announce/proclaim/make public	<tangko>, announce, with <khia>, out: make something known to the public, as a government or the police do	
s43166	announce/proclaim/make public	form of <tangkokhia> used before another word such as <hun> or <uh>, and as a noun, an announcement	
s43167	proclaim/expose/make known	<tangko>, proclaim, with <ko> said twice: keep making something known to all	
s43168	proclamation/announcement	<tangko>, proclaim, with the noun suffix <na>: a public announcement; {tangkona bawl} is make a proclamation	
s43169	announce/make an announcement/proclaim	<tangkona>, announcement, and <nei>, have: to make a public announcement or proclamation; what is announced stands before it, often a statement ending in <cih> or <ci'n>	
s43170	herald/announcer/town crier	<tangko>, proclaim, with the ending {-pa}: the man who announces a message in public, as a village crier or a herald	
s43171	already announced/as announced	<tangko>, announce, and <sa>, already done, written as one word; {a tangkosa mahbangin} is just as was announced	
s43172	announce/have proclaimed/issue	<tangko>, proclaim, with the causative <sak>: have something announced or made known to the public, as a warning or alert	
s43173	proclaimers/those who proclaim	<tangko>, proclaim, with the plural <te>, mostly after <a>: those who proclaim or cry out a message	
s43174	Tangkuwa		
s43175	ancient times/long ago/old times	the distant past; before a noun it means ancient, as in {tanglai mite}, the people of old	
s43176	long ago/in ancient times/from of old	<tanglai>, olden times, and <pek>, far back: very long ago; mostly followed by <panin>, <pana> or {aa kipan}, since ancient times	
s43177	apostrophe	punctuation mark: the apostrophe, also called <neihsa lak>	
s43178	motionless/still/without moving	not moving at all; mostly {tanglo in}, without stirring, standing or lying still	
s43179	cucumber	a cucumber plant or its fruit; {tangmai lo} and {tangmai huan} are a cucumber field	
s43180	cucumbers	<tangmai>, cucumber, with the plural <te>	
s43181	envoy/messenger/ambassador	a person sent to speak for a ruler or people	
s43182	representative/delegate/member of parliament	a person chosen to speak and vote for a group, such as the delegate of a church or village or an elected member of a parliament; <mipi tangmi> is a representative of the people	
s43183	envoys/ambassadors/messengers	<tangmi>, envoy, with the plural <te>; also written <taangmite>	
s43184	representatives/delegates/members of parliament	people chosen by vote to speak for the public in a parliament or council, after <teel>, elect, or {mipi'}, of the people; they are elected, not sent by a ruler as an envoy is	
s43185	motionless/no longer moving/lifeless	<tang>, here in the sense stir or move, with <nawnlo>, no longer: not moving any more, said of one who lies unconscious or dead	
s43186	grasshopper/young locust/caterpillar	an insect that eats crops, named beside <kauphe>, locust	
s43187	grasshoppers/young locusts	<tangngol>, grasshopper, with the plural <te>	
s43188	two	<tang>, here the counting word for small round things such as eggs, teeth and bullets and for verses, and <nih>, two, written as one word: two of them	
s43189	Tangnuam	a Zomi village near Lamka in Manipur, India	
s43190	right before/in full view/in broad daylight	strengthens a word of seeing or time: {muh tangpi} is right before the eyes, {sun tangpi} is in broad daylight, at midday	
s43191	the public/community/common people	the people as a whole and what concerns or belongs to all of them, as against one person, <mimal>: {tangpi ading} is for the public and {tangpi vai} is public affairs; it also pairs with <tangta>; not the adverb that strengthens a word of seeing	
s43192	the general public/common people/ordinary citizens	the pair of <tangpi> and <tangta>: the people at large, ordinary people as against rulers and officials; often after <mipi> or the name of a country	
s43193		a place or community, named on the page in {Tangpizawl te khat}, one of the people of Tangpizawl	
s43194	Tangpua		
s43195		only in the saying <Vaphual tangsa va-ak tang>, of one who was a hornbill and turns into a crow; apparently a verb for be or count as, with <sa>, already: having once been	
s43196	make straight/make level/straighten	make a road or path straight and level, as in {lampi tangsak}	
s43197	make shine/let shine/give light to	cause light to shine on someone or something; <taang>, shine, here written <tang>, with the causative <sak>	
s43198	count as/regard as/make into	after a word for a standing such as <midik>, <mihai> or <innteek>, cause someone to rank as that; {midik tangsak} is count as righteous, written joined in <diktangsak>	
s43199	counting as/lighting up	<tangsak> and the linking <in> written as one word: counting someone as righteous or wicked, or making a light shine, and then going on to the next action	
s43200	lack/be short of/be in need	be without what is needed; written after a separate <ki> as {ki tangsam}, the same as <kitangsam>	
s43201	Tangsan		
s43202	need/lack/want	what someone lacks or requires; {bangmah tangsapna nei lo} is lack nothing	
s43203	Tangsiat		
s43204	Tangsih		
s43205	July	a month of the traditional Zomi calendar, set beside July in the book's table of month names	
s43206	common people/the public/civilians	the people at large, ordinary citizens; mostly in the pair <tangpi tangta>, the general public, and in texts on war, civilians	
s43207	straight/directly/straightforwardly	in a straight line, without turning aside, and of speech plainly and directly; mostly as {tangtak in}	
s43208	straight/directly/truthfully	straight ahead without turning aside; of teaching, truly and without partiality	
s43209	plainly/clearly/openly	of speaking: plainly, without holding anything back	
s43210		<tang> said twice, apparently for an action that keeps going on; in {gam tangtang}, keep moving past, and in {an tangtang}, keep on fasting	
s43211	steadily/always/without fail	placed after a verb in an exhortation, it seems to say that the action is to be kept up firmly, as in {sim tangtangh ni}, let us keep on reading	
s43212	making a point of/taking care to	<tangtang> and <in> written as one word after a verb: doing it on purpose and steadily, making a point of it	
s43213	keep fasting/go on fasting	{an tang}, abstain from food, with <tang> repeated and <lai>, still	
s43214	go one's own way/act alone/break away	act on one's own apart from the group, without consulting or working with others; named as a fault together with <phengphi> and self-interest	
s43215	loners/solitary ones	<tangtat> with plural <te>: those that keep apart and go alone	
s43216	pick up grain	<tang>, grain, with <tawm>, pick up: pick up grains one by one, said of a chicken	
s43217	ancient times/long ago/of old	the far past; {tangtawn pan} is from of old, since long ago, and before a noun it is ancient; probably the same word as <tangtawng>	
s43218	ancient times/long ago/of old	the far past; before a noun, ancient: {tangtawng mualtung gamte}, the ancient heights	
s43219	long ago/from of old/since ancient times	<tangtawng>, ancient times, and <pek>, far back: very long ago; mostly followed by <panin>, {a kipan} or <tawh>, from of old, ever since ancient times	
s43220	long ago/of old/in ancient times	<tangtawng>, ancient times, with the linking ending <a>, used before a verb or noun	
s43221	bones/joints	in the pair {guh le tangte} or {guh leh tangte}, the bones and frame of the body	
s43222	exiles/captives	in {sal tangte}, those who have been taken away as captives	
s43223	rounds/shells/balls/grains	<tang>, a grain or single round piece, with the plural <te>: single round things such as bullets, bomb and rocket shells, golf balls or stars, after the name of the thing as in {thaupi tangte}, {bomb tangte}, {aksi tangte}	
s43224	verses	<tang>, verse, with the plural <te>; shortened to <tt>	
s43225	earthworm/worm		
s43226	live alone/live apart/dwell alone	live alone or apart from others; written with a final apostrophe before the next word	
s43227	share/portion due	in {ngah ding tangteng}, the part that someone is to receive, as a share of an estate or of a harvest	
s43228	solitary ones/loners	<tangten>, live alone, with the plural ending {-te}: those that live alone, said of big male animals that keep apart from the rest	
s43229	lizard	a kind of lizard among the unclean creeping things, where the NIV has wall lizard; {sehnel gam tangteuh}, lizard of the sand country, stands for the skink	
s43230	unpaid labour/volunteer work	work done without pay, given freely or demanded by an authority; {tangtha kuan} is go and do such work	
s43231	be able to move/be able to work/function	able to move or to work as it should, said of fingers, a thing or a government; mostly negated with <nailo> or <nawnlo>, can not yet or can no longer move	
s43232	story/account	an account of what happened, as in {vantung leh leitung tangthu}, the story of the heavens and the earth	
s43233	tale/myth	a made-up story that is not true; {tangthu phuahtawm} is a myth	
s43234	history/annals/record	a written record of past events; {khang tangthu} is the annals of a reign or a line	
s43235	generation/family line/genealogy	the account of a family line, the descendants of a man told in order	
s43236	annals/chronicles/history	capitalised in the title {Khang Tangthu Laibu}, book of the annals	
s43237	research history/study the past	<tangthu>, story or history, and <kan>, to search into: to study history or to look into the life story of someone; with <te> or <mipil> after it the pair names historians	
s43238	short story/short history/brief account	<tangthu>, story or history, and <tom>, short: a short story, or a brief account of the life of a person or the history of a people; common in titles after the name of the one it is about	
s43239	stories/tales/myths/accounts	<tangthu>, story, with the plural <te>; {phuahtawm tangthute} are myths	
s43240	short story	<tangthu>, story, and <tom>, short, written as one word: a short story	
s43241	exclusively/individually/separately	on its own, belonging to one alone; {neih tangtuam min} is a name that one person, place or thing alone has; the second part is <tuam>, separate	
s43242	achieve/accomplish/fulfil/carry out	bring a plan, wish or promise to completion	
s43243	be fulfilled/come true/succeed/come to pass	of a plan, word or promise, be carried through to its end	
s43244	not be fulfilled/not come true/fail	<tangtung> and <lo> written as one word: of a dream, a plan or a promise, not be fulfilled	
s43245	fulfil/bring to pass/grant/make succeed	<tangtung>, come to fulfilment, with the causative <sak>: make a word, wish or plan come true	
s43246	be able to succeed/succeed	<tangtung>, be fulfilled, with <zo>, be able	
s43247	fulfilment/accomplishment/success	<tangtun>, fulfil, with the noun suffix <na>	
s43248	fulfil/accomplish/carry out	<tangtun> with the causative <sak>: bring a word, plan or promise to completion	
s43249	complete/finish/accomplish	carry a task through to its end; apparently the form of <tangtun> used before words such as <zawh> and <ding>	
s43250	alive/while still living	in {a hing tangun}, still alive, with <un> for a plural subject	
s43251	by/according to	in {a beh tangun}, by their clans, clan by clan	
s43253	boy/youth/young man/bachelor	a young unmarried man; {tangval lai} is still young	of unmarried adult man
s43254	good boy		
s43255	gentleman/young man		
s43256	young man	<tangval> written with a capital at the start of a sentence and in the speaker headings of the Song of Songs, where it is the young man who is the lover	
s43257	young man/youth/lad	<tangval>, young man, with <no>, young: a youth or young lad; {a tangvalno tungin} is in his early youth	
s43258	young man	<tangval>, young man, with <no>, young, and <pa>, marking a male: the young man	
s43259	young men/youths	<tangval>, young man, with <no>, young, and the plural <te>	
s43260	boy/lad/young man	<tangval>, young man, with <pa> marking a male: the boy, the young man	of unmarried adult man
s43261	bachelor/old bachelor	a man who is past the usual age and still unmarried, from <tangval>, young man; the word for a woman is <nungakpi>	
s43262	gentleman/young men/youths	<tangval> with the plural <te>: young men	
s43263	all the young men/young men	<tangval>, young man, with <teng>, all	
s43264	wide/broad/extensive	wide in extent or scope, said of land, work, vision and thinking; {tangzai zaw} is wider and {a tangzai takin} is widely; built on <zai>, wide	
s43265	broaden/widen/extend	<tangzai>, wide, with the causative <sak>, written as one word: make wider, broaden a view or an aim	
s43266	broadly/widely/extensively	<tangzai> and <tak> written as one word, usually followed by <in>: in a broad and open way	
s43267	wider/more extensive	of work or its reach, more widely spread; ends in the comparative <zaw>	
s43268	leader/front runner/the foremost	the one who goes ahead of the others; the saying of the rats explains it with <makai>, leader, and the list of opposites sets it against <tuantual>, lag behind	
s43269	advanced/quick/ahead/brisk	going ahead well and fast; the book gives it as the opposite of <tuantual>, lag behind	
s43271	Tangzang		
s43272	brighter	<taang>, shine, here written <tang>, with the comparative <zaw>	
s43273	portion/share/allotment	the part that falls to someone: a share of food, of land or of an inheritance	
s43274	redeem/buy back	buy back or set free by paying a price, said of land, of a firstborn and of a people	
s43275	redeem/buy back	<tanh>, redeem, with <kik>, back again	
s43276	portions/shares	<tanh> portion with the plural <te>; in the verse the portions of meat from offerings	
s43277	Tanhumeth	Netophathite, father of Seraiah, an army officer who came to Gedaliah at Mizpah	
s43278	be able to redeem	<tanh>, redeem, with <zo>, be able	
s43279	let us now	<ta>, now or already, and <ni>, let us, written as one word at the end of a sentence: let us do so now	
s43280	crossing/cutting through	<tan>, cut across, with <in> linking to the next verb; {kan tanin} is going across or through	
s43281	breaking off/severing	after a verb of striking, so that the thing is broken through: {deng tanin} is striking and breaking	
s43282	until/up to/as far as	<tan> in the sense as far as, with <in>: marks the limit reached in time or extent and has nothing to do with cutting; {tuni tanin} is until today, {bang tanin} is however much, {a hi thei tanin} is as far as possible	
s43283		<ta> in its use for now, and <ning>, I will, written as one word at the end of a sentence: I will now	
s43284	Sunday	the Burmese name of Sunday in Zolai spelling, from the book's table of the days of the week	
s43285	Monday	the Burmese name of Monday in Zolai spelling, from the book's table of the days of the week	
s43286	Tanintharyi/Tenasserim	the southernmost region of Myanmar, with the towns Myeik, Dawei and Kawthaung	
s43287	tank	a large container for water, oil or gas	
s43288	tank	an armoured fighting vehicle with a gun	
s43289	tanker	a lorry or ship built to carry oil, gas or another liquid; mostly as {Oil Tanker} and {Gas Tanker}	
s43290	first grade/standard one	<tan>, school class, with <khat>, one, written as one word: the first class of primary school, above <tanlang> and far below <tansawm>	
s43291	redeem/ransom/deliver/set free	set free by paying a price or by power, said above all of God saving his people	
s43292	cut off/cut away/sever	<tan>, cut, with <khia>, out: cut a part off or cut through a thing to take it away, said of locks, bars, plants and parts of the body; not the setting free of a person	
s43293	redeem	<tankhia> written with a capital of God as Redeemer: {hong Tankhia Topa}, the Lord who redeems you; {hong Tankhia-pa}, your Redeemer	
s43294	redeemer/deliverer	<tankhia>, redeem, with <pa>, the man who: the one who redeems, said of God	
s43295	Redeemer	the one who redeems, <tankhia> with <pa>; capitalised as a title of God	
s43296	let cut off/cut off	<tan>, cut, with <khia>, off, and <sak>, here of letting someone do it; {lu tankhiasak} is let cut off the head	
s43297	cut off/behead	<tan>, cut, with <khiat>, off; {lutang tankhiat} is cut off the head	
s43298	cut off/sever	<tankhiat>, cut off, with <sak>: cut off a part of another person's body, or with <ki> have it cut off	
s43299	be able to ransom/be able to redeem	<tankhia>, redeem, with <zo>, be able	
s43300	be cut off again/lose again/be taken back	<tan>, cut off, and <kik>, back or again, written as one word: of an honour or of salvation once received, be cut off or lost again	
s43301	fasting	<tan>, abstain, with <lam>, the fact that: {an tanlam}, the fact that one is fasting	
s43302	kindergarten/preparatory class	the class below the first grade, {tan khat}, at school	
s43304	grade/class/standard	a school grade, followed by its number: {tann 10} is the tenth grade	
s43305	cutting/cutting off	<tan>, cut, with the noun suffix <na>: the act of cutting off; {sam at tanna} is cutting off the hair, {phuk tanna} is being cut down	
s43306	sentence/judgment/punishment	in {thu tanna}: the deciding of a case and the punishment given; {thu tanna thuak} is be judged or be under sentence	
s43307	child/little child/young child	<ta> child with the ending {-no}, young or small: the child of someone, said with affection or of a young child; {tano te} is the children	
s43308	children/little children/young	plural: the young of people or animals; {ka tanote aw} is a fond address, my little children	
s43309	Redeemer	<tan>, redeem, with <pa>, the one who redeems; capitalised as a title of God	
s43310	priced/valued	with <man>, price: {a man a tansa}, whose price has been set; <tan>, set or fix, with <sa>, already done	
s43311	cut off/have cut off/behead	<tan>, cut off, with the causative <sak>: have something cut off; with <lutang>, head, or <ngawng>, neck, behead	
s43312	ransom/have redeemed	<tan>, redeem, with the causative <sak>: let a captive be bought free; {sum tawh tansak} is release someone for a ransom	
s43313	higher education/higher grade/advanced level	<tan>, here grade or class, with <sang>, high: the upper level of schooling, study beyond school; {lai tansang} is a person of higher learning and {tansang pilsinna} is higher education	
s43314	tenth grade/tenth standard/matriculation	<tan>, school class, with <sawm>, ten: the tenth and last class of high school in Myanmar and the examination that ends it; {tansawm ong} is pass it	
s43316	all those who/whoever	<tantan> with the plural <te> after a verb: those who do it as far as they can, all those who do it; {mai a nawt tantante} is those who keep pressing forward	
s43317	daughter	a female child of her parents	
s43318	daughter of the house	a woman of the family who has married out and serves in the household of her kin: the {innsung tanu} do all the work of the house at feasts, sacrifices and deaths; the senior one is <tanupi> and the junior <tanu nauzaw>	
s43319		a position in the Zomi household council held by married daughters or sisters of the house, who receive a set share of meat when an animal is killed; the first is the <tanupi> and the younger is <tanu nauzaw>; not only a daughter	
s43320	daughter	<tanu> written with a capital at the start of a sentence and in names for a city and its people, such as {Zion Tanu}, Daughter Zion	
s43321	junior daughter of the house	<tanu> with <nauzaw>, the younger: the sixth of the appointed positions of a Zomi household, a woman of the family who has married out and has the same duties as <tanupi>; also called <sawlla>	
s43322	children/sons and daughters/offspring	<tanu>, daughter, and <tapa>, son, set side by side without a joining word: the children of a couple, daughters and sons together; a number or the plural <te> follows	
s43323	the two tanu	<tanu> and <geel>, both, written as one word: the two tanu of a household council, the <tanupi> and the younger tanu, taken together	
s43324	the two daughters of the house	<tanu> with <geel>, pair: the senior and the junior daughter of the house taken together, {tanu uzaw} and <tanu nauzaw>, the married women of the family who serve in the household of their kin	
s43325		<tanugeel> with the ending <a> written on to it, in a list of those who receive a share of the meat	
s43326	married daughter/married kinswoman	a daughter or sister of the family who has been given in marriage and serves as <tanu> in the household of her kin	
s43327	daughter/female child	<ta>, child, with <numei>, female: a daughter, set against <tapasal>, a son	
s43328	virgin daughter/maiden daughter	<tanu>, daughter, with <nungak>, virgin or young woman; said of the city of Zion	
s43329	little daughter/young daughter	{tanu no} written as one word, <tanu>, daughter, followed by a word for young or little	
s43330	commission/board of officers	the body of officers in charge of a matter; {Kiteel Tanupawl} is the election commission of an association or a party	
s43331	secretary/general secretary	the secretary of an organisation, placed after the name of the body or of its section, as in {Genvai tanupi}, the secretary for funeral affairs	
s43332	chief daughter of the house/senior tanu	<tanu> with <pi>, chief: the fifth of the appointed household positions of Zo custom, the senior of the married daughters and sisters on the man's side, who leads the work of the house at feasts and funerals; also called <tuitaak> or <haitawi>	
s43333	senior daughter of the house	the fifth of the appointed positions of a Zomi household: the eldest of the women of the family who have married out, also called <tuitaak> or <haitawi> after her tasks at the household sacrifice; she and the junior one carry all the work of the house and direct the other <tanukhak>	
s43334	chief daughter	<tanu>, daughter, with {-pi}, chief: the principal one of the married daughters or sisters as a role in the kinship order of a household, also called <tuitaak> or <hai tawi>; her share of meat is the brisket	
s43335	chief tanu	the first of the tanu of a Zomi household council, a married daughter or sister of the house, also called {Tuitaak}; the younger, <tanu nauzaw>, is also called {Sawlla}; she receives a set share of meat when an animal is killed	
s43336	all the secretaries/secretaries	<tanupi>, secretary, and <teng>, all, written as one word: all the secretaries, as addressed in a circular letter	
s43337	daughters	<tanu>, daughter, with the plural <te>	plural form of <tanu>
s43338	staff/team/workers/correspondents	the people who carry out the work of an organisation, written after its name, as in {Tongsan Media tanute}, the staff of a news site who sign a report; not daughters	
s43339	the daughters of the house	<tanute.1> with the marker of the doer <in> shortened to {'n}: here the married women of the family who hold the position <tanu>	
s43340	how long	a length of time, found in the question {bang tanvei}, how long	
s43341	spacious/broad/wide/roomy	of a place, wide and open; {mun tanzau}, a spacious place	
s43342	spaciousness/abundance/wideness	<tanzau>, spacious, with the noun suffix <na>; {a tanzauna mun} is a spacious place, a place of abundance	
s43343	hips/hip joints	a part of the body named with <phei> thigh, where the NIV has legs and the KJV joints of thy thighs; with the plural <te>	
s43344	Taoyuan	city in Taiwan near Taipei, with the main international airport of the country	
s43345	hearth/fireplace	the fireplace of a house; {tap tungah} is on the hearth, and <tapkual> is the hearth and the space around it	
s43346	name after/take the name of	take a name from a person or a place; <mintap> is a name taken over in this way, and {a tap sak} is name something after someone	
s43347	son	a male child of his parents; after a name, son of that person	
s43348	Son	the Son, written with a capital in titles of Jesus such as {Mihing Tapa} Son of Man and {David’ Tapa} Son of David	
s43349	only son/only begotten son	<tapa>, son, and <neihsun>, the only one that a person has: an only son; in church language, mostly written {Tapa neihsun} after <a> or {Ama'}, the only begotten Son of God	
s43350	prodigal son/runaway son	<tapa>, son, and <taimang>, run away: the son who ran away, the prodigal son of the parable in Luke 15; used in sermons as a picture of a person who leaves God and returns	
s43351	little son/young son	{tapa no} written as one word, <tapa>, son, followed by a word for young or little	
s43352	son/male child	<ta>, child, with <pasal>, male: a son	
s43353	sons	<tapa>, son, with the plural <te>	plural form of <tapa>
s43354	Tabaung	a month of the Burmese calendar in Zolai spelling, set beside February in the book's table of month names	
s43355	tape/adhesive tape	sticky tape for binding or sealing, and the tape that police stretch round a place; {Tape Record} is a tape recorder	
s43356	twins	two children born at one birth	
s43357		placed after a verb and before <hen> in a wish: may it indeed be so; apparently <ta> with <peuh>	
s43358	please/do	after a verb and before the command endings <un>, <in> or <ni>, makes an earnest plea, do so or with <kei> do not; not the wish with <hen>	
s43359	Christian	a Christian, a follower of Jesus Christ; also describes a thing as Christian, as in {Tapidaw pawlpi}, a Christian church	
s43360	Christianity/Christian faith	{tapidaw}, Christian, and <upna>, faith: the Christian faith, Christianity as a belief, set against <biakna>, religion, and the old <lawki> customs	
s43361	Christians/believers	plural of {tapidaw}, a Christian, literally a disciple	
s43362	wise son/wise child	<ta>, child, with <pil>, wise, written as one word at the start of a proverb; set against <tahai>, foolish child	
s43363	break/be crushed	said of the heart, <lungsim>: be broken by grief	
s43364	hearth/fireside	in the expression <tapkual han>, bold only at one's own fireside, said of a person who is bold when away and timid face to face; the meaning of the word alone is not shown by the verse	
s43365		Saying: brave at the hearth, with <tapkual>, the fireside; said of a person who is bold only at home and timid elsewhere; the book lists it among its idiomatic expressions without explaining it	
s43366	rebel/insurgent	an armed rebel against the government	
s43367	rebels/insurgents	<tapong> with the plural <te>: armed rebels	
s43368	Tappuah	name of two towns, one in the lowland of Judah and one on the border of Ephraim and Manasseh, and of a son of Hebron	
s43369	Taptah		
s43370	pattering/tapping	sound word placed after a verb such as <ging> or <kiho>: with a quick repeated tapping or pattering sound	
s43371	hearth/fireplace	the place in the house where the cooking fire is kept	
s43372	Tapung	a group of the Falam area of Chin State with a speech of its own, named beside the Zangiat, Khualsim and Laizo	
s43373	Taralah	town in the territory of Benjamin	
s43374	Tarawaing		
s43375	Tarea	son of Micah, a descendant of King Saul through Jonathan	
s43376	target	someone or something aimed at or attacked; {Target in nei} is have as a target; the Zolai verb is <ngim>	
s43377	tarmac/apron/runway surface	the paved ground of an airport where planes stand and move	
s43378	Tarsus	city in Cilicia, the home town of Saul, who became the apostle Paul	
s43379	Tarshish	spelling of Tarshish used in the Psalms: a distant land or seaport known for its large trading ships	
s43380	Tarshish	son of Javan; also a distant seaport known for its trading ships, and the name of a Benjaminite and of a Persian noble	
s43381	Tarsus	city in Cilicia where the apostle Paul was born	
s43382	Tartak	idol worshipped by the Avvites who were settled in Samaria	
s43383	graze/pasture/let feed	let animals feed in a field	
s43384	give over/let go	let someone go their own way, leave them to it	
s43385	lack/be without/be short of	with a negative, never be without, never fail to have	
s43386	now too/by now	after a verb at the end of a clause, often with <zong>, also, earlier in it: marks that something has now come about as well, as in {hoihkik tasam}, has now become good again too; not the verb lack	
s43387	let lack/cause to be without	<tasam> lack with the causative <sak>; with <lo>, not let someone go without, so provide for	
s43388	the needy/those in need/those who lack	<tasam>, lack, with the plural <te>: people who are short of something, as {neek ding dawn ding tasamte}, those short of food and drink	
s43389	Tazaungmon	a month of the Burmese calendar in Zolai spelling, set beside October in the book's table of month names	
s43390	descendants/offspring	paired with <tusawn> in {tusawn tasawn}, children's children and those after them, the descendants of a person down the generations	
s43391	although/even though	with <leh> after a verb: {om tase leh}, though there are	
s43392	even though/although	<tase>, although, strengthened by <mahleh>, even though: placed after the verb of a clause, even though that is so; the main clause follows, often with <veve>, still	
s43393	barren/childless	said of a woman who cannot bear children	
s43394	even though/although/even if	placed after a verb: even though that is so	
s43395	childless man	<tasel>, childless, with <pa> marking a man	
s43396	give birth/bear a child	<ta>, child, with <suah>, bring forth	
s43397	as a place of giving birth/as a birthplace	<tasuahna>, giving birth or the place of it, with <in>, as	
s43398	give birth/bear a child	<ta>, child, with <suak>, come out; {tasuak dinga kisa} is about to give birth	
s43399	redeem/ransom/buy back	form of <tan> used before a following word such as <ding>, <nop> or <nading>	
s43400	snap/break/be cut	of a cord or rope, break or be severed; {sat tat} and {su-tat} mean cut through	
s43401	inflict/execute	carry out a penalty on someone, in the phrase {daan tat}, punish	
s43402	act/behave/conduct oneself	do things or behave in a certain way, mostly as {gam tat}, the two parts of <gamtat> written apart, and before <zia> or <dan>, manner; not the breaking of a cord or the redeeming of the other senses	
s43403		placed after a descriptive word to pick out those who have the quality most; {a kahsiam tata} are the most skilful at wailing	
s43405	at each/apiece at	the distributive <ta>, each, with <tawh>, with, written as one word after an amount: at that much each, at that rate	
s43406	custom/practice/conduct/tradition	the established way in which a people or a person acts, often named together with <ngeina>, culture, and <omdan>, way of life	
s43407	children/sons/offspring		
s43408	oneself/one's own generation	the fathers of one's children, which the book equates with <ei>, we ourselves; the reverse form <pate'tate> names the same generation	
s43409	father	the grandfathers of one's children, which the book equates with <pa>; the reverse form <pute'tate> names the same generation	
s43410	grandchild	the children of one's children, which the book equates with <tu>	
s43411	great-grandchild	the grandchildren of one's children, which the book equates with <tu sawn>; the reverse form <tute'tate> names the same generation	
s43412		<tate>, children, and <bel>, as for, written as one word: as for the children	
s43413	children	<tate>, children, with the marker <in> shortened to {-n} and written as one word: the children as the ones who do the action	
s43414		placed after a verb and before <zongin>: even though it really is so, however much; {ahi tateu zongin} is even though it is indeed so	
s43415	sear/brand	said of a hot iron pressed on the flesh; <tat> with <gawp>, severely	
s43416	sharpen/whet	rub a blade until it is sharp, <hiam>; also said of sharpening the mind, and {ki tathiam} is be sharpened	
s43417	straight ahead/straight forward	of four creatures moving, each going in one direction without turning	
s43418	wrong/error/wrongdoing/going astray	a wrong act or a going wrong, in Numbers 15 one done without intent	
s43419	wrongs/wrongdoings/guilt		
s43420	redeem/ransom/buy back	<tat> redeem with <khiat> out: set free by paying a price; form used before <ding>, <nading>, <manin> and <mite>	
s43421	redemption/ransom/atonement	act of setting free by paying a price, or the price paid: {tatkhiatna sum}, ransom money	
s43422	redeemed/ransomed	<tatkhiat> redeem with <sa> already done: whom someone has redeemed	
s43423	the redeemed/redeemed ones	<tatkhiatsa> redeemed with the plural <te>: those whom someone has redeemed	
s43424	redeem/buy back	get back by payment what was sold or dedicated; <tat> with <kik> back	
s43425	be able to redeem/be able to buy back	<tat>, redeem, with <kik>, back, and <zawh>, form of <zo>, be able	
s43426	Tatmadaw/Myanmar armed forces	the armed forces of Myanmar, under their Burmese name; with <te> also the soldiers of that army	
s43427	redemption/ransom	the buying back or setting free of a person or thing; {Tatna' Ni} is the day of redemption	
s43428	conduct/practice/doing	way of acting, after a describing word; {gitloh tatna} doing evil, {va hoih tatna} walking rightly	
s43429	pasture/grazing place	{ganhing tatna}, land where animals are let out to graze	
s43430	ways/practices/doings	plural of <tatna>, conduct, way of acting	
s43431	miscarry	of an animal, lose its young before birth	
s43432	miscarry/give birth prematurely	<tatolh> with the linking <in>	
s43433	miscarriage/barrenness	<tatolh> miscarry with the noun ending <na>; in the verse what bad water caused, where the NIV has unproductive land	
s43434	cause to miscarry/make miscarry	<tatolh> miscarry with the causative <sak>	
s43435	redeemed/ransomed/rescued	<tat>, redeem, with <sa>, already done; {Topa tatsa mi}, those the Lord has redeemed	
s43436	redeem for	<tat>, redeem, with <sak>, do for another: buy a thing back on someone's behalf	
s43437	make foolish	in {hai tatsak}, from <haitat>, act foolishly, with <sak>, cause: lead someone into folly	
s43438	strike on/hit/shoot	<tat>, here hit, with <sak>, cause: make a thing hit a person, as poison put on the face in {guza tatsak} or a shot in the head in {thau tawh a lu tatsak}; not the redeeming of the other sense	
s43439	cease/break off/be interrupted	found with <lo>, not: <tatsat loin>, without a break, regularly, continually, always	
s43440	without ceasing/continuously/without a break/incessantly	<tatsat>, break off, and <loin>, without: placed before a verb, the action goes on without stopping; in war news said of shooting and bombing	
s43441	without a break/continuously/nonstop	<tatsat> and <lo> written as one word: without stopping, round the clock	
s43442	act wickedly/be cruel/be violent	behave badly toward others, oppress; apparently <tat> as in <gamtat>, behave, with <sia>, bad	
s43443	act wickedly/do violence	form of <tatsia> used before <ding>	
s43444	wrongdoers/evildoers	<tatsia>, act wickedly, with <te>, those who	
s43445	evil deed/crime/wickedness/cruelty	noun of <tatsiat>: a wicked or destructive act; in 2 Samuel 24:16 the destruction itself	
s43446	crimes/evil deeds	plural of <tatsiatna>	
s43447	those who sharpen/those who whet	<tat>, whet or sharpen a blade, with <te>, those who	
s43448	Tattenai	Persian governor of the province beyond the Euphrates in the time of King Darius, who questioned the rebuilding of the temple	
s43449	right of redemption/right to redeem	<tat>, redeem, with <theih>, can, and the noun suffix <na>	
s43450	tattoo	a mark or picture made in the skin with ink	
s43451	pagoda/stupa	a Buddhist pagoda, as the Shwedagon in Yangon; with <milim>, an idol or shrine that is worshipped	
s43452	conduct/behaviour/way of acting/practice	the way a person or a people act and behave; often paired as {omzia tatzia}	
s43453	practices/customs/ways	plural of <tatzia>, manner of acting	
s43454	altar	mostly in {biakna tau}, altar of offering	
s43455	groan/moan	make low sounds of pain or grief, often after {thum in} and beside <kap>, weep; a verb, not the noun {tau}, altar	
s43456	platform/stand/booth	a raised structure of any kind, of which the altar is one: a stand on which goods are laid out for sale, a shelter built to rest in, and in {nai tau} a clock tower	
s43457	tower	first part of {tau sangpi}, high tower, written apart and capitalised in the name {Hananel Tau sangpi}, the Tower of Hananel	
s43458	pot/cooking pot/cauldron	a metal cooking pot set on the fire; <beel> is pot	
s43459	phylactery	small case holding scripture worn by Jews; named beside <baanbuh>, the one on the arm, so apparently the one worn on the forehead	
s43460	Friday	the Burmese name of Friday in Zolai spelling, from the book's table of the days of the week	
s43461	groan together/moan together	<tau>, groan, with <khawm>, together	
s43462	Taukon		
s43463	Tauleng	a Zomi village in Chin State, Myanmar; written after the name of a person it says which village the person is from, and {Tauleng Khua Kipawlna} is the association of its people	
s43464	groaning/groan/moaning	the sound made by one in pain or grief	
s43465	groans/groaning/wailing		
s43466	small altar	<tau>, altar, with <neu>, small; in the verse the altar is too small, {tau neu lua}	
s43467	Taung Bwei		
s43468	Taung Kai		
s43469	Taung Lai		
s43470	Taunggyi	the capital city of Shan State in Myanmar	
s43471	Taungoo/Toungoo	a city of Bago Region in Myanmar, on the road from Yangon to Nay Pyi Taw	
s43472	Taungphila	a ward of the town of <Kalaymyo>	
s43473	Taungteik		
s43474	Taungzalat	a quarter of the town of <Kalaymyo>; also in the names of a hotel and a newspaper there	
s43475	tower/tall building	a tall structure; {nai taupi} is a clock tower	
s43476	tower/watchtower		
s43477	tower	tower, capitalised as part of the name of a particular tower	
s43478	to the tower/at the tower	<tausang> tower, with the place marker <ah>	
s43479	top of a tower/tower top	<tausang>, tower, and <dawn.3>, top, written as one word: the top of a tower or high platform; {saihapak tausangdawn} is an ivory tower	
s43480	tower/great tower	<tausang>, tower, with <pi>, great	
s43481	tower/great tower	<tausangpi>, capitalised in the name {Hananel Tausangpi}, the Tower of Hananel	
s43482	towers/siege towers	<tausangpi> great tower with the plural <te>; in the verse towers set up round a city under siege	
s43483	towers		
s43484	groan/moan	make low sounds of pain or grief	
s43485	on and on/steadily/continually	after a verb of doing, as <leng>, <tai>, <pai>, <hanciam> or <za>: the action keeps going without a break; not the groaning of the other sense	
s43486	groaning/moaning	the sound made by one in pain or grief	
s43487	altars		
s43488	be put to shame/be disappointed	in both verses with a negative: whoever trusts in him will never be put to shame	
s43489	Tavai		
s43490	responsibility/duty/obligation	what a person is answerable for; <tavuan la> is take on a responsibility	
s43491	take responsibility/take charge/undertake	<tavuan>, responsibility, and <la>, take: take on the responsibility or the charge of something; the one who takes it stands before with <in>, and a thing or place taken charge of stands directly before the pair	
s43492	take responsibility/take on a duty	<tavuan> and <la> written as one word: take a responsibility upon oneself	
s43493	whole duty/all one's duty	<tavuan>, duty, with <teng>, all	
s43494	blind	said of the eyes: {mit taw} is blind	
s43495	bottom/lowest part		
s43496	at the bottom	<taw>, bottom, with the place marker <ah>: at the bottom or lower end of something	
s43498	Tawau	town and district on the south-east coast of Sabah, Malaysia	
s43499	buttocks	in {tawbo dawksa-in}, with buttocks bared; <taw> is bottom	
s43500	be totally blind/go completely blind	<taw> blind with <cip> completely, said of an eye	
s43501	nappy/diaper	the cloth put under the bottom of a baby, from <taw.2>, bottom, and <dap.1>, pad; {nau tawdap} is a baby's nappy	
s43502	underlying basis/underlay	what lies beneath something as its base, said of the heart or mind: {lungsim tawdap} is the underlying state of mind	
s43503	dregs/sediment	what settles at the bottom of a cup	
s43504	and		
s43505	with	placed after a noun: together with a person, or by means of a thing or material	
s43506	key		
s43507	firestarting		
s43508	tend a fire/stoke	with <mei>, fire, as {mei tawh}: make up or tend a fire; whether kindle or stoke is not settled by the page	
s43509	similar to/like/resembling/the same as	<tawh>, with, and <akibang>, that is alike: placed after a noun and before another noun, which is like or resembles the first; before <ahi> <hi>, is the same as	
s43510	be like/be the same as/resemble	<tawh>, with, and <kibang>, alike: placed after a noun, be like it or the same as it; with <lo> it is be unlike	
s43511	like/in the same way as/together with	<tawh>, with, and <kibangin>, alike: placed after a noun or pronoun, like it or in the same way as it; in messages of condolence, sharing the grief of the people named before it	
s43512	be far from/be distant from/keep away from	<tawh>, with, and <kigamla>, be far apart: the place or person from which there is distance stands before <tawh>, where English says from; with <lo> it means not far from, near	
s43513	join with/work together with/cooperate with	<tawh>, with, and <kikop>, be joined as a pair: to be joined with someone or something, placed after the partner; <tawh kikop in> before another verb is together with, in cooperation with	
s43514	together with/jointly with/in cooperation with/in partnership with	<tawh.2>, with, <kikop>, be paired or allied, and the adverbial ending <in>: placed after the name of a person or organisation and before the main verb, it says that the action is done jointly with that partner	
s43515	in connection with/relating to/concerning	<tawh>, with, and <kimemat>, be connected: placed after a noun or a clause, in connection with it, about it; mostly followed by <in>, and before a noun such as <thute> it means the matters that have to do with it	
s43516	meeting with/interview with	<tawh>, with, and <kimuhna>, here the noun of <kimu>, meet one another: placed after the name of a person or group, a meeting or interview with them; common as the heading of a report	
s43517	be near to/be close to	<tawh>, with, and <kinai>, be near: placed after a noun, be near that place or close to that person; where English says near to, Zolai says near with	
s43518	join with/ally with/side with/associate with	<tawh>, with, and <kipawl>, form one group: placed after the name of a person, group or body, join forces with it, be its ally or partner	
s43519	be free from/escape from/keep away from/be apart from	<tawh>, with, and <kipelh>, escape or keep away: the thing that is avoided or escaped stands before <tawh>, where English says from and not with	
s43520	concerning/regarding/in connection with	<tawh>, with, and <kisaiin>, being related: placed after a noun or noun phrase, about or concerning it; the form with <in> joins the phrase to the verb that follows, while {tawh kisai} stands before a noun or as a heading	
s43521	be measured by/be compared with/be judged by	<tawh>, with, and <kiteh>, be measured: placed after a noun that names the standard, be measured, valued or judged by it	
s43522	keep company with/associate with/work together with	<tawh>, with, and <kithuah>, be joined: placed after the name of a person or group, be together with them, as a companion or a partner in work; of things, be fitted with	
s43523	be in accordance with/suit/fit	<tawh>, with, and <kituak>, agree: placed after a noun, agree with it, fit it or be in keeping with it	
s43524	in accordance with/according to/in keeping with/in proportion to	<tawh>, with, and <kituakin>, fitting: placed after a noun, in a way that fits or matches it, as a law, a custom, a position or an amount	
s43525	in line with/in accordance with/along with	<tawh>, with, and <kizawi>, go side by side: placed after a noun and nearly always followed by <tawn> or <tawnin>, {tawh kizawi tawnin}, in line with it, in accordance with it, going together with it; {tua tawh kizawi tawn in} is in line with that	
s43526	be connected with/be linked to/contact/keep in touch with	<tawh>, with, and <kizom>, be joined: placed after a noun, be linked to or bound up with it; of persons, be in touch with someone, and as a command, {tawh kizom in}, get in touch with, in notices that give a name or a telephone number; {tawh kizom in} after a matter also means in connection with it	
s43527	be in contact with/connect with/be linked to	<tawh>, with, and <kizop>, be joined: placed after a noun for a person or body, keep in touch or have dealings with it; {tawh kizop ding} is to get in contact with	
s43528	in accordance with/according to/in keeping with	<tawh>, with, and <kizuiin>, following: placed after a noun or <tua>, in keeping with it, as a result of it; also written {tawh kizui in}	
s43529	together with/jointly with/along with	<tawh>, with, and <kopin>, jointly: placed after a noun or a name, together with that person or thing, of two parties who do one thing as partners or of two things that go together	
s43530	compared with/in comparison with	<tawh>, with, and <tehna>, measuring: placed after a noun or a number and usually followed by <in>, {tawh tehna in}, compared with that thing; what follows says how the subject differs, often with <zaw>, more	
s43531	with/by means of	<tawh>, with, and the linking ending <a> written long and joined to it: with or by something, and so	
s43532	bunch of keys	keys, <tawh>, kept together in a bunch, <bom>; inferred from the parts of the word	
s43533	lock/padlock	a lock, opened with a <tawhtang>, key	
s43534	to be dug/to dig	the form of <to>, dig, that is used before endings, with <ding> written as one word: that is still to be dug, said of a pit or of a new road	
s43535	worth digging	<to>, dig, in the form used before a suffix, with <huai>, worthy of: worth digging	
s43536	kindle/light	<tawh>, kindle a fire, with the linking ending <in>; {mei tawhin}, kindling a fire and then	
s43537	with/by	<tawh.2>, with, and the ending {-in}, after a noun or after <dan> and <hang>: with, by means of or through; not the kindling of a fire	
s43538	concerning/about/regarding/related to	<tawh> and <kisai> written as one word, placed after a noun: concerning it, to do with it	
s43539	fit/be in keeping with/be in line with	<tawh>, with, and <kituak>, be suitable, written as one word after the thing matched: be in keeping with it	
s43540	in accordance with/according to	<tawh> and <kizui> written as one word after a noun: in keeping with it, according to it	
s43541	kindle/set ablaze/set on fire	with <mei>, fire, make a fire flare up; <kuang> is burn	
s43542	kindled/set ablaze	<tawhkuang>, kindle, with <sa>, already done; of a fire that has been kindled	
s43543	without	<tawh>, with, and <lo>, not, written as one word and placed after a noun: without it	
s43544	digging/quarrying	<tawh>, form of <to>, dig, with <na>: the act or place of digging a pit or well, or of cutting stone from the ground; {kan tawhna} is a siege ramp	
s43545	rest	with the linking <in>, resting; apparently the word <tawlnga>, rest, written with h	
s43546	dug/have dug	<tawh>, form of <to>, dig, with <sa>, already: placed before a noun, the pit or well that someone has dug	
s43547		<to>, dig, in the form used before a suffix, with <suah>, bring out or become: bring about or carry through what <to> names; the page lists the form without a meaning	
s43548	key		
s43549	keys	<tawhtang>, key, with the plural <te>; in Matthew 16:19 the keys of the kingdom of heaven	
s43550	fit to be dug	<to>, dig, in the form used before a suffix, with <tuak>, be fitting: fit to be dug	
s43551	dig through/tunnel/bore a hole	dig a way through rock or a wall so that there is an opening; {kulh tawhvang} is dig through a wall	
s43552	also with/even with/with as well	<tawh>, with, and <zong>, also, written as one word after a noun: with that too, or even with that	
s43553	hold/carry/bear	hold or carry in the hand or arms	
s43554	draw/fetch	draw water from a well or spring; {tui tawi dingin pai} is go to fetch water	
s43555	mina/pound	a unit of weight used for money and gold, the mina of the parable in Luke 19; {sum tawi khat} is one mina	
s43556	viss	a Myanmar measure of weight of a hundred ticals, {tikal 100}, about 1.6 kilograms, by which goods are sold in the market; {tawi khat} is one viss	
s43557	holding/carrying	<tawi>, hold in the hand, with the linking suffix <in>: holding, with something in the hand	
s43558	to hold/to carry/will carry	<tawi> and <ding> written as one word: to be held or carried, something to carry, will carry	
s43559	while holding/while carrying	<tawi>, hold, and <kawm>, while, written as one word: holding or carrying something in the hand or arms while doing something else	
s43560	while holding/holding	<tawi>, hold, with <kawmin>, while: holding something in the hand while doing something else	
s43561	while still holding/while carrying	<tawikawm>, while holding, and <sa> written as one word, followed by <in>: with the thing still held in the hand while doing something else	
s43562	happen to hold/come to carry	<tawi>, hold or carry, and the particle <kha> written as one word: happen to have a thing in hand, end up carrying it	
s43563	weigh/weigh out	find the weight of something on scales; also weigh out money in payment, and of God weighing a person or his deeds	
s43564	scales/balance/scale	<tawikhai>, weigh, with the noun ending <na>: the instrument for weighing; {tawikhaina man} is honest scales, {tawikhaina man lo} dishonest scales	
s43565	something held in the hand	<tawi>, hold in the hand, and <khat>, one, written as one word: one thing that is held or carried in the hand	
s43566	hold together/take along with/carry together	<tawi>, hold or carry, with <khawm>, together: hold or carry several things together	
s43567	draw out/draw	<tawi>, draw water, with <khia>, out: draw water out of a well	
s43568	half viss	<tawi>, viss, and <lang>, half, written as one word: half a viss, fifty ticals	
s43569	quarter viss	<tawilang>, half a viss, with <lang>, half: half of a half viss, a quarter of a viss, 25 ticals	
s43570	not hold/not carry/be without	<tawi>, hold or carry, and <lo>, not, written as one word: not carrying something, without it in hand, as {permit tawilo}, holding no permit	
s43571	carrying/bearing/holding	<tawi>, hold or carry, with the noun suffix <na>: the carrying or bearing of something, as in {thau tawina}, the bearing of arms; in {pah tawina} it is the second half of <pahtawina>, honor, written apart	
s43572	not carry/hold none	<tawi> and <neilo> written as one word: have nothing of the kind in hand, as a document or permit	
s43573	bearer/carrier/holder	<tawi>, hold or carry, with <pa>, the man who: the man who holds or carries something, as {thal tawipa}, an archer	
s43574	drawn	<tawi>, draw water, with <sa>, already done: of water that has been drawn	
s43575	holding/carrying/armed with	<tawi>, hold in the hand, with <sa>, already done: having a thing in the hand, such as a knife, a weapon or a card, mostly as {tawisa in}, holding; not the drawing of water	
s43576	draw for	<tawi>, draw water, with <sak>, do for another: draw water for someone or for his animals	
s43577	make hold/have carry/put in the hand	<tawi>, hold or carry, with the causative <sak>: put a thing in someone's hand or have someone carry it; {hiam a tawisak tangvalpa} is an armor-bearer	
s43578	will make hold/will have carry/will issue	<tawisak> and <ding> written as one word: will have someone hold or carry a thing, as a card or paper	
s43579	draw for	<tawisak> draw water for someone with the linking ending <in>: having drawn water for someone, and then	
s43580	those who draw for/water carriers	<tawisak> draw water for someone with the plural <te>: the people who draw water for others	
s43581	lift up/exalt/raise/uphold/extol	<tawi>, hold, with <sang>, high: hold high, raise the standing of a people, a faith or a way of life	
s43582	uplifting/exaltation/raising up	<tawisang>, lift up, with the noun ending <na>: the act of raising the standing of someone; {minam tawisangna} is the uplifting of the nation	
s43583	be skilled with/handle skilfully	<tawi>, hold or wield, with <siam>, skilled; {thal tawisiam}, skilled with the bow	
s43584	weight	stone used as a weight on scales; {tawisuang man} is an honest weight, {tawisuang nam nih} two differing weights	
s43585	carry around/keep holding	<tawi>, hold or carry, said twice and written as one word: keep carrying, carry about with one	
s43586	bearers/carriers/those who hold	<tawi>, hold or carry, with the plural <te>: those who carry or wield something; {thal tawite} are archers, {galhiam tawite} armor-bearers, {tui tawite} water carriers	
s43587	weigh	find the weight of something; <tawi>, hold, with <teh>, measure	
s43588	weigh/weigh out	<tawiteh>, weigh, with the linking <in>; weighing out, by weight	
s43589	scales/balance/measure	<tawiteh>, weigh, with the noun ending <na>: the instrument for weighing or measuring goods; {tawitehna man lo} is dishonest scales	
s43590	balances/scales	plural of <tawitehna>	
s43591	bring in addition/bring along as well	<tawi>, carry, with <thuah>, add, and the linking <in>	
s43592	be able to hold/can hold	<tawi>, hold, with <zawh>, form of <zo>, be able: {khut sunga tawizawh} is that can be held in the hand	
s43593	spread through/permeate/work through	reach all through something, as yeast through dough or wine over lips and teeth	
s43594	rump/buttocks/bottom	the bare rump of a monkey, in the saying that the monkey does not see its own {tawkheng} but points at that of its friends, said of one who blames others for a fault of his own	
s43595	leaven/soak through/saturate	<tawk>, spread all through, with <sak>, cause; of yeast working through a whole batch of dough, and of arrows made drunk with blood	
s43596	while/period/time	a stretch of time, in {tawl khat}, a while; {tawl khat sung} is for a while, {tawl khat khit ciangin} after some time	
s43597	be weary/grow tired	become tired from effort; paired with <gim>, be tired, and in the verses mostly with <lo>, not	
s43598	stern	<taw>, bottom, with <lam>, side: the rear part of a boat or ship	
s43599	gecko	first in a list of unclean lizards, where the NIV has gecko and the KJV ferret	
s43600	rest/be refreshed/be at ease	be relieved of tiredness or worry; {lungsim tawldam} is be refreshed in heart, and with <sak> it means refresh someone	
s43601	rest/relief	<tawldam>, be rested, with the noun ending <na>: rest or relief from work, trouble or weariness	
s43602	refresh/give rest/ease	<tawldam>, be rested, with the causative <sak>: give rest to someone, ease a trouble	
s43603	restfully/at ease/comfortably	<tawldam> and <tak> written as one word, followed by <in>: in a rested and relaxed way	
s43604	window	an opening in the wall of a house or ship for light and air; {tawlet panin} is from or through the window	
s43605	windows/openings/floodgates	<tawlet>, window, with the plural <te>; {vantung tawlette}, the windows of heaven, where the English has floodgates	
s43607	a little while/for a while/briefly	<tawl>, a while, with <khat>, one: for a short time; {tawlkhat sung} is for a while, {tawlkhat khit ciangin} after a little while	
s43608	after a while/a little later	<tawlkhat>, a little while, and <khit>, after: always followed by <ciangin> or <teh>, and placed at the head of a sentence in a story, after a short time	
s43609	for a while/for a time	<tawlkhat>, a little while, with <khat> repeated	
s43610	for a while/for some time	<tawlkhat> and <sung> written as one word: for a short time, during a while	
s43611	not tired	<tawl>, be tired, and <lo>, not, written as one word	
s43612	be too weary/be very tired	<tawl>, be weary, with <lua>, too much	
s43613	be very tired/be exhausted	<tawl> and <mahmah> written as one word, the first word here in the meaning be tired: be very tired	
s43614	whether tired/is he tired	<tawl>, be tired, and the question word <maw>, written as one word: tired, is it; in {tawlmaw tawllo}, whether tired or not	
s43615	weariness/hardship/trouble/fatigue/lassitude	<tawl>, be weary, with the noun ending <na>; used in the pair {gimna tawlna}, suffering and hardship	
s43616	rest	stop working or moving in order to recover strength	
s43617	relax	be at ease, free from work or trouble	
s43618	pause/cease/stop/halt	stop for a time; {tawlnga loin} is without stopping, unceasingly	
s43619	rest/cease	<tawlnga>, rest or cease, written with a capital in the text	
s43620	to rest/will rest	<tawlnga> and <ding> written as one word: will rest, in order to rest or take time off from work	
s43621	rest/take a rest/come to rest	form of <tawlnga> used before words such as <khit>, <lai>, <theih> and <nading>	
s43622	rest time/break/time off/holiday	<tawlngak>, rest, and <hun>, time: a time of rest, a break in work or school, a holiday; said with verbs such as <la>, <zang> and <pia>	
s43624	rest/resting place/repose/recess	<tawlngak>, rest, with the noun ending <na>: rest, or a time or place of rest; {tawlngakna mun} is a resting place, {tawlngakna sabbath} a sabbath of rest	
s43625	let rest/give rest to	<tawlngak> and the causative <sak> written as one word: let a person, the body or the mind rest	
s43626	without rest/unceasing	<tawlnga>, rest or stop, and <lo>, not, written as one word: not resting, not stopping; mostly {tawlngalo in}	
s43627	make rest/give rest/let rest	<tawlnga>, rest, with the causative <sak>; in Exodus 5:5 of making people stop their work	
s43628	let rest/leave fallow	<tawlngasak>, make rest, with the linking <in>; of land left unplowed	
s43629	those who rest	<tawlnga>, rest, with <te>, those who	
s43630	a little while/short time	<tawl>, a while, with <no>, small; {Tawlno khat khit ciangin} is after a little while; written with a capital at the start of a sentence	
s43631	a good while/quite a while/some time	<tawl>, a while, with <pi>, great: a fairly long stretch of time, in {tawlpi khat}, quite a while, and {tawlpi khat sung}, for quite a while	
s43632	wearily/laboriously	<tawl>, be weary, with <pi>: paired with <gimpi> as {gimpi tawlpi-in}, with toil and weariness, wearing oneself out	
s43633	tire oneself for/take trouble over/labour for	<tawl>, be weary, with <pih>: grow tired for someone or over a task, mostly paired with <gimpih> in words of thanks	
s43634	for quite a while/for some time	<tawl>, a while, with the ending for great and <khat>, one: a fairly long while, longer than <tawlkhat>; {tawlpikhat sung} is for quite some time	
s43635	for quite a while/for some time	<tawlpikhat>, quite a while, and <sung>, during, written as one word	
s43636	must be tired/be probably tired	<tawl>, be tired, with <tuak> for a supposition: the speaker supposes that someone is tired without knowing it	
s43637	few/little/small/meagre	small in number or amount; {tawm khat} is a little, a few, and {tawm mahmah} very few	
s43638		placed after a verb, often one that begins with <ki>, to show that the subject does the action himself, to himself or on his own: {kigawt tawm} is deny oneself	
s43639	pick up/gather/glean	pick up from the ground, gather what lies scattered; {ansang tawm} is glean ears of grain, {suang tawm} pick up stones	
s43640	how much/the amount/little or much	<tawm>, few, and <atam>, many, the two opposites said together after <a>, as {a tawm atam}: whether little or much, the size of an amount or number; mostly with a negative, {a tawm atam hilo in}, no matter how much	
s43641	somewhat/a little/roughly	<tawm>, little, and <bang>, like, written as one word: a small amount, to some degree, or about so much	
s43642	few/only a few	<tawm>, few, with <bek>, only	
s43643	at least/at the minimum	<tawm>, few, and <bel>, most, written as one word; {a tawmbel} before a number or an amount is not less than that, at least	
s43644	Tawmbing		
s43645	few/very few/little	<tawm>, few, with <cik>, very small: very few, very little	
s43646	only a little/only a few/just slightly	<tawmcik>, very few, and <bek>, only, written as one word	
s43647	a few/a little/a very small amount	<tawmcik>, very few, with <khat>, one: a very small number or amount	
s43648	a tiny bit/very slightly/by a narrow margin	a stronger form of <tawmcik>, very little: only the smallest amount or difference, often with <bek>, only, or <tawh>, by	
s43649	very little/a tiny bit/just a little	stronger form of <tawmcik>, very little: a very small amount, also as {tawmcilik khat}, a little bit	
s43650	Tawmging	a Zomi clan name; one writer adds <Tawmbing> in brackets beside it	
s43651		<tawm> with the linking ending <in>, placed after a verb to show that the subject does the action himself, on his own: {hanciam tawmin}, making the effort oneself	
s43652	pick up/take up	<tawm>, pick up, with the linking ending <in>, followed by another verb: picking up and then	
s43653	few/little	<tawm>, few, with the linking ending <in>: being few; {tawm tawmin} is little by little	
s43654	a few/a little/some/few	a small number or amount, placed after the noun: {ni tawmkha}, a few days	
s43655	sparingly/little	in a small amount or degree	
s43656	a little/a few/some	<tawm>, few, with <khat>, one: a small amount or number, some of a thing; {tawmkhat sung} is for a little while	
s43657	a few/few	<tawmkha> a few with the plural <te>, placed after the noun: {mi tawmkhate}, a few people	
s43658	a few/few	<tawmkhat> a few with the plural <te>, placed after the noun	
s43659	pick up/gather up	<tawm>, pick up, with <kik>, back or again; of gathering leftover pieces	
s43660	still few/still little/still young	<tawm>, few, with <lai>, still, written as one word: still small in number or amount; {kum tawmlai} is still young in years	
s43661	not few/not little/quite a lot	<tawm>, few, and <lo>, not, written as one word: not a small number or amount, considerable	
s43662	too little/too few	<tawm> few, little, with <lua>, too much	
s43663	too few/too small	form of <tawmlua> used before <leh>, if	
s43664	very few/very little	<tawm> and <mahmah> written as one word: very few, very little	
s43665	cheap/low-priced/inexpensive	<tawm>, little, and <man>, price, written as one word: costing little; <tawmmanzaw> is cheaper	
s43666	cheaper/less expensive	<tawm>, little, <man>, price, and <zaw>, more, written as one word: lower in price, cheaper	
s43667		the noun ending <na> on a verb followed by <tawm>, oneself: the act of doing something to oneself; {kikhih tawmna} is a pledge by which one binds oneself, {kinitsak tawmna} the defiling of oneself	
s43668	fewness/smallness/scarcity	<tawm>, few, with the noun ending <na>: the being few or small of something, or the place where it is few, the opposite of <tamna>; here <tawm> is not the word for oneself that follows a verb	
s43669		<tawmna>, the noun ending <na> on a verb followed by <tawm>, doing something to oneself, with the plural <te>; {kiniamsak tawmnate} are acts of humbling oneself	
s43670	few/little/small	<tawm>, few, with the diminutive <no>: a very small number or amount; <tawmno khat> is a little, a few	
s43671	a little/a few/a small amount	<tawmno>, very few, and <khat>, one: a small number or amount of the thing named before it, as {sum tawmno khat}, a little money; also alone, a little	
s43672	little/few	<tawmno> with the plural <te>; {tuuhon tawmnote}, little flock, in address	
s43673	pick up at once	<tawm>, pick up, with <pah>, at once, written as one word: pick something up right away	
s43674	fewest/smallest/least	<tawm>, few, with <pen>, most: the smallest in number	
s43675	at least/at the minimum	{a tawmpen} before a number or an amount: not less than that, at least; the adjective sense compares things, this one sets a lower limit	
s43676	decrease/reduce/make less/minimise	<tawm>, few, with the causative <sak>: make less; {a man tawmsak} is lower the price	
s43677		placed after a verb that begins with <ki>: do the action to oneself, make oneself so, as {kisiangtho tawmsak}, consecrate oneself; <tawm> self with causative <sak>	
s43678	let pick up/let glean	<tawm>, pick up, with <sak>, let or cause, and the linking <in>	
s43679	become fewer/decrease/grow less	<tawm>, few, with <semsem>, more and more, written as one word: fewer and fewer, less and less	
s43680	a little each/a little at a time	<tawm>, little, with <ta> in the sense of each: a small amount each time or for each one	
s43681	become few/run low	<tawm>, few or little, with <ta> as the marker of a change that has come about: has become little	
s43682	a little/in small amounts	<tawm>, little, doubled	
s43683	few/smaller/fewer	<tawm>, few, with plural <te>: the few, the smaller groups	
s43684		<tawm>, by itself, with plural <te>, after a verb: the things that do so of themselves, as in {piang tawmte}, what grows by itself without being sown	
s43685	pick up/lift up/take up	<tawm> pick up, with <to>, upward	
s43686	decrease/become fewer/lessen	become smaller in number or amount than before	
s43687	will decrease/will lessen	<tawmtuam> and <ding> written as one word: will become less or fewer	
s43688	short while/short time/little while	<tawm>, few, with <vei>, time: a short stretch of time, used with <sung>, within, or <ciangin>, after	
s43689	for a short while/within a short time/briefly	<tawmvei>, a short while, with <sung>, within, written as one word: for a short time; {tawmveisung in} is in a short time, quickly	
s43690	less/fewer/smaller/scarcer/lesser	<tawm>, few, with <zaw>, more: fewer, less; <sangin> marks what it is compared with	
s43691	will be less/will be fewer	<tawmzaw>, less, with <ding>, will, written as one word: will be less or smaller	
s43692	less/fewer/lower	<tawm>, little, and <zawk>, more, written as one word; the form of <tawmzaw> used before <nadingin> and <leh>: be less, become lower	
s43693	not less/no fewer	<tawmzaw> and <lo> written as one word: not fewer, not less; after a number with <sang> or <sanga> it means no fewer than, at least	
s43694	minority/the fewer	<tawmzaw>, fewer, with the plural <te>: those who are fewer, the minority, set against {a tamzaw}, the majority	
s43695		placed after a verb that begins with <ki>: be able to do the action for oneself; <tawm>, self, with <zo>, be able; {kitankhia tawmzo}, be able to redeem oneself	
s43696	walk along/follow/go by way of	travel along a path, and so follow a way of life; {khekhap tawn} is follow in the footsteps of someone	
s43697		counter for whole long objects such as a fish, a bar of gold or a scroll; {ngasa tawn nih} is two fish	
s43698	threaten	say that one will do harm; written {tawn’} with a final apostrophe, and {tawn’na} is a threat	
s43699	through/by means of	<tawn>, go by way of, with the ending <a>; {tung tawna}, that came through a person, placed before a noun	
s43700	threaten/intimidate	say that one will do harm in order to frighten someone	
s43701	custom/practice/tradition/way of life	the way a people or a body does things by habit, named together with <ngeina>, custom; from <tawn>, follow a way, and <dan>, manner	
s43702	inmost part/depth/bottom	the deepest or innermost part: {sung tawng} is the inmost being, {lungsim tawng} the depth of the heart, {tuipi tawng} the bottom of the sea	
s43703	threaten/intimidate/frighten	frighten someone with words of harm	
s43704	scold/rebuke/tell off	speak angry words to someone for a fault, as a parent to a child, without the threat of harm of the other verb sense; often paired with <tai> as {hong tawng hong tai}	
s43705	in the depth/at the bottom	<tawng>, the inmost part, with the ending {-a}, in: {lungsim tawnga om} is that lies deep in the heart, and {a neng a tawnga} is in every detail	
s43706	in the depths/in the inmost part	<tawng>, inmost part or bottom, with the place marker <ah>: {lungsim tawngah} is deep in the heart, {inn sung tawngah} in the inner part of the house, {dang tawngah} on the roof of the mouth	
s43707	Tawngbu		
s43708	threaten	<tawng>, threaten, with <gawp>, severely	
s43709	scold severely/berate	<tawng.3>, scold, with <gawp>, severely: speak very angry words to someone for a fault, as a parent to the children, without a threat of harm; named beside <benggawp>, slap hard	
s43710	Tawnggon		
s43711	in detail/thoroughly	in the phrase {a neng a tawngin}, down to the smallest part, in full detail	
s43712	threatening/warning	<tawng> threaten, with the linking ending <in>, with a threat	
s43713	threaten back/threaten in return	<tawng>, threaten, with <kik>, back	
s43714	innermost part/inner part/far end	the part furthest in, of a house, temple, prison or cave; often followed by <sungah>, inside	
s43715	in the innermost part/into the inner part	<tawngnung>, innermost part, with the place ending <ah>	
s43716	from the bottom/from the depth	<tawng> and <pan> written as one word: {lungsim tawngpan} is from the bottom of the heart	
s43717	keep threatening/keep quarrelling	<tawng>, threaten, said twice for something that goes on and on; after <ki> it is threaten or quarrel with one another again and again	
s43718	forever/continually	after <kip>, firm: last forever; apparently the word <tawntung> written with ng	
s43719	through/by way of/along	<tawn>, go by way of, with the linking ending <in>: {tung tawnin} is through a person as agent, {lam tawnin} by the road of, {khang tawnin} all through a lifetime	
s43720	half/half the length	of a furrow in a field: about half its length	
s43721	not go by way of/not follow	<tawn>, go along a way, and <lo>, not, written as one word: not take that road, bridge or course	
s43722	threat/rebuke	<tawn>, threaten, with the noun ending <na>	
s43723	threats/warnings	<tawnna> threat with the plural <te>; in Jeremiah 17:15 of what the Lord has threatened	
s43724	accompany/take along	<tawn>, go along, and <pih>, together with, written as one word: go along with someone, or take someone along	
s43725	fall full length/fall flat/fall prostrate	fall down flat with the whole body on the ground; the second part is <puk>, fall	
s43726	set on a path/make walk along/lead along	<tawn>, walk along, with the causative <sak>: make someone walk along a path, as in {lampi man tawnsak}, start a child on the right way	
s43727	go down along/flow down past	<tawn>, go along, with <suk>, downward: run down along the side of something, said of water flowing down beside the altar	
s43728		<tawn>, walk along, with the plural <te>: those who walk along a way, those who follow it	
s43729	continuously/nonstop/always/forever	placed after a verb: going on without stopping or without end; {uk tawntung} is reign for ever	
s43730	throughout	placed after a word for a span of time: through the whole of it, as {nuntak sung tawntung}, all through life	
s43731	eternal/everlasting	placed before a noun, not after a verb: lasting for ever, as in <tawntung nuntakna>, eternal life, and {tawntung sihna}, eternal death; {tawntung ading} is for ever	
s43732	everlasting/eternal	<tawntung>, for ever, written with a capital in titles of God: {Tawntung Pa}, Everlasting Father, and {Tawntung Pasian}, the Eternal God	
s43733	eternal life/everlasting life	<tawntung>, forever, and <nuntakna>, life: eternal life, the Christian term; the object of <ngah>, <nei> and <pia>, receive, have and give	
s43734	always/forever/continually/throughout	<tawntung> with the linking ending <a>, used before a verb or noun; {a tawntunga kipan} is from everlasting, {khang tawntunga} is throughout all generations	
s43735	all along/throughout/along the whole of	<tawntung>, throughout, with the place marker <ah>, placed after the noun: along the whole length of it, as {lam tawntungah}, all the way	
s43736	continuously/nonstop/always/forever	<tawntung> with the ending <in>; {a tawntungin} is always or for ever, and {tu-a kipanin a tawntungin} is from now on and for evermore	
s43737	eternity/everlastingness/endlessness	noun form of <tawntung>, always: the state of lasting for ever; after a verb it names what goes on without end, as <nuntak tawntungna>, eternal life, and {lungdam tawntungna}, everlasting joy	
s43738		<tawntungna>, lasting for ever, with plural <te>; after a verb it names things that last for ever, as {nop tawntungnate}, eternal pleasures, and {thukhen tawntungnate}, eternal judgments	
s43739		<tawntung>, always, with <pa>, the man who; after a verb, the man who keeps doing it, as {hong nawk tawntungpa}, the man who often passes by	
s43740		<tawntung>, always, with plural <te>; after a verb, those who always do it, as {Topa a zahtak tawntungte}, those who always fear the Lord	
s43741	throughout/for all	<tawntung>, throughout, with the plural ending <un>, used when several people are addressed; {na khang tawntungun} is throughout your generations	
s43742	throughout/all through	<tawn>, along, with the ending <un> used of several people; in {khan tawnun}, all through life, as long as one lives	
s43743	forever/always	in {a nungta tawnung mipa}, the one who lives forever, the Ancient of Days; possibly the word <tawntung>	
s43744	end/stop/finish/cease/desist	come to an end or bring to an end: a boundary ends at a place, a person stops doing something, a storm stops	
s43745	last/final	coming at the end, after all the others; {Ni tawp Ni} is the last day	
s43746	kiss	touch with the lips in love or greeting	
s43747	utmost/best/limit	the furthest point of what can be done, after <theih> or <hihtheih>; {a hihtheih tawp} is the best one can do and {a hoih theih tawp in} is as well as it can	
s43748	end	the point where something ends, as a noun after <a> and before <dong>, until; {a pat pan a tawp dong} is from the beginning to the end	
s43749	to the end/until the end/to the last	<tawp>, end, and <dong>, until: mostly as {a tawp dong} or {a tawp dong in}, right to the end, said of work, effort or endurance that does not stop before the finish; <dong> here is not ask	
s43750	stop/cease/die down	<tawp>, stop, with the linking <a>, and	
s43751	to the end/until the end	<tawp>, end, and <dong>, until, written as one word, mostly as {a tawpdong}: right to the end	
s43752	foundation	the base on which a wall is built; <suangtawphah> is a foundation stone	
s43753	to the utmost/as much as possible	after <siam>, <hat> or another quality, to the very limit of it; {na siam tawpin} is as well as you can, doing your best, and {ka hat tawpin} is with all my strength	
s43754	stop/cease	<tawp> with the linking ending <in>, stopping and then the next thing follows	
s43755	last/latter/final	the one at the end, set against {a masa}, the first	
s43756	end/conclusion/last	the very end of a matter; {a tawpkhakna-ah}, at last, in the end, and {a tawpkhakna kam in}, finally	
s43757	fall away/turn back/give up again	<tawp> stop with <kik> back: give up the faith after having begun in it	
s43758	fall away at once/give up quickly	<tawp>, stop, with <kik>, back, and <pah>, immediately	
s43759	ceasing/coming to an end	<tawp>, stop, with <lam>: the fact of having stopped; {ta neih a tawplam}, that she had stopped bearing children	
s43760	end/last/cessation/stop	<tawp>, end, with the noun suffix <na>: the point where something finishes; {a tawpna ah} is in the end, finally	
s43761	full stop/period	punctuation mark, the end: the full stop that closes a sentence	
s43762	end/last	<tawpna>, end, written with a capital as a title of God, the End, beside <Kipatna>, the Beginning	
s43763	finally/in the end/at last	<tawpna>, end, and <ah>, at: with <a> before it, {a tawpna ah}, at its end, begins a sentence and means in the end, finally	
s43764	last day/closing date/deadline	<tawp> with <ni>: the last day of something, also the closing date for a list or registration; {ni tawpni} is the last of days	
s43765	stop/bring to an end/dismiss/terminate	<tawp>, stop, with <sak>, cause: make work stop, or put someone out of his work	
s43766	give up/quit/abandon/stop/cease/relinquish	<tawp>, stop, with the ending {-san}, leaving behind: stop doing something and leave it, give up a work, a habit or an effort	
s43767	have ceased/have stopped/be over	<tawp> end with <ta>, marking a change that has now taken place	
s43768	end completely/come to a full end	<tawp>, end, and <taktak>, really, written as one word: come to a real and final end, as a sentence that is finished	
s43769	kiss	<tawp>, kiss, said twice: kiss again and again	
s43770	very end/ultimate end	<tawpna>, end, with <tawp> said twice: the very last point; {a tawptawpna ah} is ultimately, in the very end	
s43771	to the utmost/as much as possible	placed after a word for strength or skill: to the limit of it, as in {na siam tawpun}, do your best; the subject is plural in all the verses	
s43772	blind/make blind	<taw>, blind, with the causative <sak>; used with <mit>, eye	
s43773	blind/make blind	<tawsak>, make blind, with the linking ending <in>; said of the eyes, <mit>	
s43774	caning/stroke of the cane	<taw>, bottom, with <sat>, beat: a beating on the buttocks with a cane, given as a punishment by a court; as a verb, punish by beating, also said of God	
s43775	oak	a large strong tree; {tawsaw kung} is an oak tree	
s43776	oak/tree	<tawsaw>, oak, written with a capital at the start of a sentence and in the place name {Aisaante’ Tawsaw}, the diviners’ tree	
s43777	urge/encourage/spur on/exhort	push a person on to act, by words or by example; {hong tawsawn} is it urges us	
s43778	urging/prompting/instigation/impetus	<tawsawn>, push on or urge, with the noun suffix <na>: the pushing of a person to do something, for good or for bad	
s43780	oaks/great trees	<tawsaw>, oak, with the plural <te>; {Mamre tawsawte} are the great trees of Mamre near Hebron	
s43781	blind/go blind	form of <taw>, blind, said of the eyes and used before a following word, as in {mit a tawt hangin}, although his eyes were blind	
s43782	Tawtak		
s43783	Tawthalin	a month of the Burmese calendar in Zolai spelling, set beside August in the book's table of month names	
s43784	bottoms/depths/beds	plural of <taw>, bottom; {tuipi tawte}, the bed of the sea	
s43785	the blind	<taw>, blind, with plural <te>: {a mit a tawte}, those whose eyes are blind	
s43786	tax	money that people and businesses must pay to the government; {tax pia} is pay tax	
s43787	taxes/tax	the English plural of <tax>, used in Zolai sentences for tax in general; {taxes pia} is pay tax and {taxes khangsak} is raise taxes	
s43788	taxi/cab		
s43789	Tazaungdaing	Burmese festival of lights at the full moon of the month of Tazaungmon, about November; the hot-air balloon festival of <Taunggyi> is held at this time	
s43790		placed after a verb, before <uh> or <hi>, to stress with surprise or reproach that something really is so: actually, indeed, even; {hi tazen leh} is if only it were	
s43791	hold/contain/have room for	be large enough to take in an amount; contains <zo> be able	
s43792	children also/and children	<ta> child and <zong> also written as one word, mostly before a number: and also has so many children	
s43793	tuberculosis/TB	the lung disease tuberculosis, mostly as {TB natna}	
s43794	Tedim Baptist Association/TBA	abbreviation used as the name of the Tedim Baptist Association, an association of Baptist churches in the Tedim area formed in 1948	
s43795	TCF	abbreviation used for more than one church fellowship, among them Tedim Christian Fellowship, Tonzang Christian Fellowship and Tauleng Christian Fellowship	
s43796		particle suffixes to nouns indicating plural form	
s43797		word indicating nominative case	
s43799		the plural <te> with the subject marker <in>, written with a hyphen after a list of quoted words: these, as the subject of the sentence	
s43800	teachers	English plural used in news writing for the teachers of a school, usually followed by the plural <te>	
s43801	team	a group of people who play or work together, as a sports side, a rescue team or a gospel team	
s43802	teams/team/team members	the English word team with the plural <te>, written as one word: the teams, or the people of one team	
s43803	teamwork	working together as a team, in sport and in any shared work	
s43804	Tebah	son of Nahor, the brother of Abraham, by his concubine Reumah	
s43805	Tabaliah	Levite gatekeeper, the third son of Hosah of the clan of Merari	
s43806	such as/for instance	the plural <te> and <bang> like written as one word after a noun: the likes of these, these for instance; it picks out one group as an example or for emphasis	
s43807	only those/only	the plural <te> and <bek> written as one word, placed after a noun or clause: only those, they alone	
s43808		the plural <te> and <bel> written as one word after a noun: as for those, marking a group as the topic, often in contrast with others; <bel> here means as for, not most	
s43809	Tebeth	tenth month of the Hebrew calendar, the month in which Esther was taken to King Xerxes	
s43810	Tebrau	an area of Johor Bahru in Malaysia, also the name of a main road there	
s43811	technical	English word placed before a Zolai noun, as in {technical pilna}, technical knowledge; most often it stands inside English names and terms	
s43812	technician	a person trained to work with machines or laboratory equipment; mostly written with a capital	
s43813	technician	the English plural used as a Zolai noun: skilled workers who repair or check equipment	
s43814	technology		
s43815	witness/testimony	a witness or what a witness says; <teci pang> and {teci pan} mean testify, {teci pan’na} means testimony	
s43816	witness	<teci>, witness, written with a capital at the start of a sentence and as the name given to an altar	
s43817	testify/bear witness/witness	<teci>, witness, and <pang>, here take a stand as: to bear witness or give testimony; what is testified stands before it, the person in whose favour with <ading>	
s43818	testimony/witness	the act or content of bearing witness; {tecipan’na singkuang} is the ark of the testimony, and in Deuteronomy 6:20 the plural sense is God's testimonies or stipulations	
s43819	Testimony/covenant law	<tecipan>, bear witness, with the noun suffix <na>; here the Testimony, the tablets of the covenant law before which the manna was kept	
s43820	testimonies/statutes/stipulations	plural: the solemn declarations of God, listed together with his commands and decrees	
s43821	testimony/witness	<teci> witness with <pan> and the noun ending <na>; in the verses the testimony, the decrees of God given to the king and set up in Israel	
s43822	testimonies/statutes	<tecipanna> testimony with the plural <te>, named with the commands and decrees of God	
s43823	witnesses	<teci>, witness, with the plural <te>; {zuau tecite} are false witnesses	
s43824	like/in the way of	the plural <te> and <dan> written as one word after a noun or a name: like those, in the same way as they	
s43825	Tedim	town in the north of Chin State in Myanmar and the region around it	
s43826	Tedim Hymnal/Tedim hymn book	<Tedim> with <labu>, hymn book: the hymnal in the Tedim language used in the churches; a hymn is cited by its number after the name	
s43827	in Tedim/at Tedim/to Tedim	<Tedim> and <ah> written as one word: in or to the town of Tedim	
s43828	Tedim region/Tedim area	<Tedim> and <gam> written as one word: the Tedim country, the town of Tedim and the region around it in Chin State	
s43829	Tedim	<Tedim> with the marker <in> written as one word: Tedim as the doer of the action	
s43830	Tedim area/Tedim side	<Tedim> and <lam>, side or direction, written as one word: the Tedim region and its people, as in {Tedimlam Zomite}, and also toward Tedim	
s43831	Tedim people/Tedim person	<Tedim> and <mi>, person, written as one word: a person or the people of Tedim, those who speak the Tedim dialect	
s43832	Tedim people	the people of Tedim town and township in Chin State, <Tedim> with the plural <te>	
s43833	shine/sparkle/flash/gleam	give off bright light, as polished metal or a precious stone; {tee zalzal} and {tee daldal} describe flashing and gleaming	
s43834	pulp/fibre/residue	what is left in the mouth when the juice of something chewed has been swallowed, set against {a tui}, its juice; not the verb shine	
s43835		placed after a verb for emphasis, still or at least; apparently a spelling of the particle <tei>	
s43836	hard/persistently/with all effort	placed after a verb: keep on doing with effort; apparently the word <teitei> written with ee	
s43837	or other/without fail/for certain	after <khat>, one, or a time word such as <hunkhat> and <khatvei>: one or another for certain, at some time without fail, as <teitei.2>; after a verb the other sense, keep on doing, applies	
s43838	old/aged	advanced in years, said of people; also as a verb, grow old	
s43839	old/aged	<teek> with the linking ending <in>: being old, having grown old	
s43840	very old/too old	<teek>, old, with <lua>, very or too much	
s43841	Teeklui	a village near Tedim in Chin State, Myanmar	
s43842	mother-in-law	the mother of one's husband; <teek> old with <nu> marking a woman	
s43843	mothers-in-law		
s43844	master/owner/householder/landowner	in {inn teekpa}, the master or owner of a house; <teek> with {-pa} for a man	
s43845	father-in-law	the father of a woman's husband	
s43846	oldest/eldest	<teek>, old, with <pen>, most: the oldest of a group, set against <khangnopen>, the youngest	
s43847	make old/age	<teek>, old, with the causative <sak>	
s43848	old people/old men/the aged	contains <teek> old and the plural <te>; set against <naupangte>, children	
s43849	die of old age/die old	<teek> old with <sih>, form of <si> die: die at a good old age	
s43850	let die of old age/give a full life span	<teeksih>, die old, with the causative <sak>	
s43851	old/aged	<teek>, old, with <ta>, showing a state now reached: be old by now	
s43852	the old/old people/the aged	<teek> old, with the plural <te>; {numei teekte} are old women	
s43853	parents-in-law/in-laws	the father and mother of the spouse, chiefly what a wife calls the parents of her husband, with a possessive as in {na teekte}; named beside the own <nu leh pa>, mother and father	
s43854	owners/householders/hosts	after <inn>, house: {inn teekte}, the owners of a house or the hosts with whom one stays, the plural of <innteek> written as two words	
s43855		<teekte> with the ending {’n}, short for <in>, that marks the doer; on the page the second part of {innteekte’n}, the householders, divided by the line	
s43856	exactly/very/oneself	emphasising word placed after another word: the very one, exactly so, in person	
s43857	exactly/precisely/just	after <bang>, exactly as; {tua ni teekteekin} is on that very day	
s43858	choose/select/elect	pick out one from among others: choose a person, a people, a place or the good; {Pasian’ teel mite} are those God has chosen	
s43859	elected	chosen in an election, <teel>: {teelcin MP} is an elected member of parliament and {teelcin President} the president elect	
s43860	elect/be elected	built on <teel>, choose: be chosen by vote for an office; before a noun it means elected, as in {teelcing taangmi}, elected representatives, and {teelcing ngah} is win election	
s43861	way of choosing/method of selection	<teel>, choose, and <dan>, manner, written as one word: how someone or something is chosen	
s43862	to choose/will choose	<teel>, choose, and <ding>, will or to, written as one word; before a noun, that is to be chosen: {teelding dang nei lo} is have no other choice	
s43863		name of one of the three voices of the <phiit> pipes, listed after <aw lai>, the middle voice, and <hual>; which pitch it is the page does not say	
s43864	worth choosing/to be chosen/preferable	<teel>, choose, with the suffix <huai>, worthy of: that should be chosen, a good choice	
s43865	choose/select	<teel> with the linking suffix <in>, choosing and then	
s43866	choose/select/set apart/handpick	<teel>, choose, with <khia>, out: pick out from among others and set apart	
s43867	will be selected/to be chosen	<teelkhia> and <ding> written as one word, mostly after <aki>: that will be picked out, that are to be selected	
s43868	choose wrongly/make the wrong choice	<teel>, choose, and <khial>, wrongly, written as one word	
s43869	choose wrongly/make a wrong choice	<teel>, choose, and <khialh>, wrongly, written as one word	
s43870	choose/choose out/select	form of <teelkhia> used before a noun or in a dependent clause, as {a teelkhiat mite}, the people he chose	
s43871	has been chosen/selected	<teelkhia>, choose out, and the particle <ta>, now, written as one word, in headlines after <ki>: has now been chosen	
s43872	election/choosing/selection	<teelkhiat>, choose out, with the noun ending <na>	
s43873	have chosen/choose already	<teel>, choose, with <khin>, already done	
s43874	chosen beforehand/foreknown	<teel>, choose, with <kholh>, beforehand, and <sa>, already done	
s43875	right to choose/freedom of choice	<teel>, choose, with <khuan>, permission or right, written as one word: the right or opportunity to choose	
s43876	choose again	<teel>, choose, with <kik>, again	
s43877	not choose	<teel>, choose, written together with the negative <lo>: did not choose, has not chosen	
s43878	choice/choosing/election	<teel>, choose, with the noun suffix <na>: the act of choosing, and God’s election of his people; {a teelna mun} is the place he chooses	
s43879	chosen	<teel>, choose, with <na> and <sa>, already done; {ka teelnasa mun}, the place I have chosen	
s43880	chosen one	the man whom someone has chosen; <pa> marks a man	
s43881	chooser	the one who chooses, as in {note hong teelpa}, whoever chooses you	
s43882	chosen/elect	already chosen; after a possessive also the chosen one of someone	
s43883	chosen	<teelsa>, chosen, capitalised as a title of the Son	
s43884	choose for	choose on behalf of someone	
s43885	let choose/allow to choose		
s43886	chosen ones/elect	the people who have been chosen, used of those God has chosen	
s43887	choose	of choosing between two things; the force of <sawn> is not clear from the verse	
s43888	choose well/choose wisely	<teel>, choose, and <siam>, skilled, written as one word: know how to choose, choose with good judgement	
s43889	should choose well/to choose wisely	<teelsiam>, choose well, and <ding>, to or will, written as one word: that one should choose wisely	
s43890	skill in choosing/good choice/discernment	<teelsiam>, choose well, with the noun ending {-na}: the ability to choose well, or a choice made well	
s43891	choose for oneself/choose freely	<teel>, choose, with <tawm>, on one's own, written as one word: make one's own choice; {teeltawm theihna} is the freedom to choose	
s43892	chosen ones/the choice/the best	those who are chosen or picked out, as chosen disciples or choice rams	
s43893	those who choose	with <a> before it: the people who choose something	
s43894	be able to choose	<teel>, choose, with <theih>, form of <thei>, can, used before <nading>	
s43895	to be able to choose	<teel>, choose, and <theihding>, so as to be able, written as one word: so that one can choose, what can be chosen	
s43896	choice/freedom to choose/right to choose	<teeltheih>, be able to choose, with the noun ending <na>: the power or freedom to choose or to elect	
s43897	distinction/partiality	<teel>, choose, with <tuam>, separate: choosing one apart from another; {teeltuam nei lo}, make no distinction	
s43898	choose specially/single out/set apart	choose one out from the others; before a noun it describes the one chosen, as {Pasian' teeltuam minam}, the people God has chosen for himself	
s43899	chosen/elect	<teel>, choose, with <tuam>, apart: specially chosen, said in 2 John of the lady and the church chosen by God; written with a capital	
s43900	chosen ones	<teel>, choose, with <tuam>, apart, and the plural <te>: those specially chosen, said of the people God has chosen	
s43901	Teeltui	name of a Zomi village, found in the name of the association of its people in Malaysia, {Teeltui Vontawi Innkuan}	
s43902	prefer/choose rather/choose above	<teel>, choose, with <zaw>, more: choose one thing or person rather than another; what is passed over takes <sangin>, than	
s43903	have chosen/choose	<teel>, choose, with <zo>, showing the action is accomplished	
s43904	waste away/shrink/wither	of a part of the body, waste away or shrink; said of the thigh in the curse of Numbers 5, where the NIV has the womb miscarry and older English versions have rot or fall away	
s43905	ark	the great boat that Noah built to escape the flood; the same word as ship	
s43906	ship	a large vessel that sails on the sea; also written <tembaw>	
s43907	to the ship/to the ark	<teembaw>, ship, with <ah>, to, run together with <hong>, the verb prefix for motion toward the speaker, which belongs to the following verb; apparently a spacing misprint for {teembaw-ah hong}	
s43908	ships	plural of <teembaw>, ship	
s43909	make waste away/make miscarry	<teem>, waste away, with the causative <sak>: make a part of the body waste away; said of the thigh or womb in the curse of Numbers 5	
s43910	make waste away/make miscarry	<teemsak>, make waste away, with the linking ending <in>, which joins it to the following verb	
s43911	dwell/live/reside	form of <teng> written with an apostrophe before a suffix, as in {teen’na}, dwelling place	
s43912	clothing/clothes	only in the pair {silh le teen} or {silh leh teen}, what is put on and what is wrapped round the body: clothing as a whole, with <silh>, wear; not {teen}, dwell	
s43913	marrying/living together with	<teen>, form of <teng>, dwell, with <pih>, together with, and the noun suffix <na>; of taking foreign women as wives	
s43915	teenager	a young person of about thirteen to nineteen years, mostly added as an English word beside a Zolai description	
s43916	dwell/live/settle/inhabit/abide/reside	live in a place, make one’s home there; a spelling of <teng> with a long vowel	
s43917	live permanently/stay settled/dwell	<teeng>, dwell, with <cip>, fast, written as one word: live in a place without leaving it	
s43918	dwell/live/settle	<teeng> with the ending <in>, which links it to the following verb: dwelling, living there and	
s43919	wear/put on	<teeng>, wear a garment on the lower body such as trousers or a skirt, with the linking ending <in>: wearing; not <teeng>, dwell, which follows a place with <ah> or <sungah>	
s43920	live together/live with/dwell with/cohabit	<teeng>, live, with <khawm>, together: live in the same place as someone; <tawh> marks the companion	
s43921	not wear on the lower body/wear nothing below	<teeng> and <lo>, not, written as one word and set beside <silhlo>, not wearing on the upper body; <teeng> is here wear a garment round the waist, not dwell	
s43922	inhabitants/residents/dwellers	<teeng>, live, with <mi>, person, and the plural <te>: the people who live in a place	
s43923	dweller/he who dwells	<teeng> dwell with <pa>, marking a man: the one who lives in a place; in both verses said of God	
s43924	settle/cause to dwell/let live	<teeng>, live, with the causative <sak>: make or allow someone to live in a place	
s43925	inhabitants/those who were living	<teeng>, dwell, with <sa>, already, and <te>, those who: those who had settled in the land	
s43926	playing house/make-believe play	the play of children who pretend to keep house; {teengta van} is a toy or plaything	
s43927	now live/have settled	<teeng> and <ta> written as one word: now live, have come to live in a place	
s43928	inhabitants/dwellers/those who live	<teeng>, live, with the plural <te>: the people living in a place	
s43929	dwelling/dwelling place/home/abode/domicile/residence	<teen>, dwell, with the noun suffix <na>: the place where someone lives; {teenna mun} is a dwelling place	
s43930	house/dwelling/residence/home/abode	<teenna>, dwelling, and <inn>, house: a house that people live in, as against a church, a school or a shop; usual in reports that count the buildings damaged, with the owners before it, {mipi teenna inn}, the homes of civilians, and the number after it	
s43931	place to live/for living in/housing	<teenna>, dwelling, and <ding>, for, written as one word: for living in, or a place to live; {teennading inn} is a house to live in	
s43932	marry/take as wife	<teen>, live, with <pih>, together with: take a woman to live with as wife	
s43933	will marry	<teenpih>, marry or live with as spouse, and <ding>, will, written as one word: will marry, the one to be married	
s43934	have been married	<teen> and <zawh> written as one word, after <ki>: the time since a couple married or began to live together; {aki teenzawh uh kum 12} is it is twelve years since they married	
s43935	tassel/fringe/tip	the hanging end or tip of something, as the tassel on the corner of a garment; {bil teep} is the lobe of the ear	
s43936	suck	draw out with the mouth, as a baby at the breast; {nawi teep} is suck the breast, and {guhtui teep kang} is suck the marrow dry	
s43937	smoke	draw in the smoke of tobacco, after <za>, tobacco, or <zateep>, cigarette; the sucking sense applied to smoking	
s43938	sucking/nursing	<teep>, suck, with the linking ending <in>; {nawi teepin} is sucking the breast	
s43939	tassel/fringe	<teep>, tassel, with <kai>, hang: the tassel hanging at the edge of a garment	
s43940	dry up/suck dry	<teep>, suck, with <kang>, dry up; of grief drying up the marrow	
s43941	not smoke/non-smoking	<teep>, smoke, and <lo> written as one word: not smoke; {a teeplo te} are those who do not smoke	
s43942	suckle/nurse	<teep>, suck, with the causative <sak>: give the breast to a baby	
s43943	tips/lobes	<teep>, tip, with the plural <te>; {bil teepte} are the lobes of the ears and {zangvun teepte} are foreskins	
s43944	suck dry/consume completely/sap	<teep>, suck, with <tum>, completely: use up to the last, down to the bones or all the strength	
s43947	both/the two	placed after a noun or pronoun: the two of them, both together	
s43948	measure	find the length, size or amount of something; {tawi teh} is weigh	
s43949	leaf	the leaf of a tree or plant	
s43950		particle with no English equivalent: after the conditional <le-uh>, if you, it links the condition to its result, and at the end of an exclamation it adds force	
s43951	when/after	spoken form of <ciangin>, when, placed after a verb, <khit> or <ding>: {khit teh}, also written <khitteh>, is after, and {ding teh} is when about to	
s43952		sentence-final ending of the second person singular in a plain statement, as <ing> is of the first person: {nei teh} is you have	
s43953	Tel Harsha	town in Babylonia from which some exiles returned to Judah who could not show that their families were of Israel; also written <Telharsha>	
s43954	measure/weigh	<teh>, measure, with the linking ending <in>: measuring, by measure; {tawi tehin} is weighing on scales, by weight	
s43955	Tehinnah	man of the tribe of Judah, son of Eshton and founder of the town of Ir Nahash	
s43957	compare/liken	set one beside another to see whether they are alike; the one compared with takes <tawh>, with	
s43958	comparison	grammar term: comparison, the degrees of an adjective; the lesson has <tehkakna>	
s43959	words of comparison/comparative forms	<tehkak>, compare, and <kammalte>, words, written as one word: the heading of the lesson on the comparison of adjectives	
s43960	comparison	<tehkak>, compare, with the noun suffix <na>; {tawh tehkakna in} is in comparison with	
s43961	comparative degree	the grammar term for the form of an adjective that compares two people or things, made with <zaw> as in <hatzaw>, stronger	
s43962	comparative degree	<tehkakna>, comparison, and <dinmun>, position, printed as one word in a table heading: the comparative degree of a describing word, made with <zaw>, as <hoihzaw>, better	
s43963	weigh out/measure out	<teh>, measure, with <khia>, out: weigh out silver in payment or measure out grain	
s43964	those who weigh out	<tehkhia>, weigh out, with the plural <te>: the people who weigh out silver	
s43965	measure again	<teh>, measure, with <kik>, again; of sounding the depth of water	
s43966	trap/snare	a trap set to catch an animal or a person; often named together with <thangzak>, snare	
s43967	measure/measuring tool/scales/scale	<teh>, measure, with the noun suffix <na>: a thing used for measuring length, amount or weight; {tehna piciang} is a measuring rod and {tehna khau} a measuring line	
s43968	comparison	<teh> in the sense compare, with the noun suffix <na>: the comparing of one thing with another; {tawh tehna in} after a noun is compared with	
s43969	measures/scales/balances	plural of <tehna>, a thing or standard for measuring length, weight or amount	
s43970	young leaf/sprout/shoot/blade	<teh>, leaf, with <no>, young: the first new leaves of a plant	
s43971	man who has an emission	<teh> with <pa>, marking a man: in {a na tui a tehpa}, the man who has an emission of semen; <teh> is used of the same thing in Leviticus 15.16	
s43972	compare/liken/match	<teh>, measure, with <pih>, together with: set beside another to compare; {tehpih theih ding om lo} means nothing can be compared, without equal	
s43973	simile/comparison	an expression that likens one thing to another, <tehpih> compare with <kammal> word; the similes listed end in <bang>, like	
s43974	can be compared/be comparable	<tehpih>, compare, with <theih>, form of <thei>, can	
s43975	Tehran	capital city of <Iran>	
s43976	measure off/measure	<teh>, measure, with <suk>, downward: measure off a distance while going down along something	
s43977	leaves	plural of <teh>, leaf	
s43978	keep measuring/judge by	<teh>, measure, said twice: go on measuring or judging others by some standard; with <tawh>, by	
s43979	again and again/often	after <zun>, urine: passing water again and again, wetting oneself often; sense inferred from two sentences	
s43980	all the leaves/leaves	<teh>, leaf, with <teng>, all	
s43981	can be compared/be comparable	<teh>, measure or compare, and <thei>, can, written as one word; after <aki> and with <tawh>, can be compared with, mostly in a negative statement	
s43982	comparable	<teh>, measure or compare, with <theih>, can be: mostly negative, as {tawh tehtheih hi lo}, cannot be compared with	
s43983	measurable	<teh>, measure, with <theih>, can be: that can be measured, said of a goal or result and without <tawh>; not comparable with something else	
s43984	incomparable/beyond compare	<tehtheih>, comparable, and <lo>, not, written as one word, with <tawh> before it: that cannot be compared with	
s43985	be able to measure	<teh>, measure, with <zawh>, be able; in the verses always {tehzawh loh}, that cannot be measured	
s43986	spear	a long weapon with a pointed head; usually named together with <lum>, shield	
s43987	copy/transcribe	write out again from another writing	
s43988		placed after a verb for emphasis, indeed or at least; often before <hangin>, though it is indeed so	
s43989	clever/shrewd/intelligent	quick in mind, intelligent or shrewd; {lungsim tei lo} is senseless	
s43990	translate	put a writing, a song or the Bible into another language, often as {tei khia}; in the Bible text {tei} is copy, in present-day writing it is nearly always translate	
s43991	even though/although indeed	the emphatic word <tei>, indeed or certainly, and <hangin>, although: placed after a verb at the end of a clause, it grants that the thing is certainly so before the main clause says what holds in spite of it; often after <ahih>	
s43992	spear shaft/shaft	<tei>, spear, with <bul>, base: the wooden shaft of a spear	
s43994	javelin	a light throwing spear, named beside <teipi>, the spear	
s43995	translate/copy out/transcribe	<tei>, copy, with <khia>, out: write a text out again from another writing; after the name of a language with <in> it means translate into that language, as {Mangkamin teikhia}, translate into English	
s43996	copy out/compile	<tei>, copy, with <khiat>, form of <khia>, out	
s43997	translate	put a writing, a book or a song into another language, the present-day meaning of {teikhiat} as of <tei.5>: the language is named before it, as {Mangkam-a}, into English, or {Kawllai pana}, from Burmese; after a name with the possessive it is that person's translation	
s43998	Teilot		
s43999	the senseless/the stupid	<tei>, clever, with <lo>, not, and <te>, those who	
