id	source	text
e15000	zd:20889	Gullu Mual hong ki deih gawh in
e15001	zd:11889	gulmat zong abuaipihdet uh nasep ahihi
e15002	zd:18154	Tuapa pen gulmat asiam mahmahkhat hi a
e15003	zd:12854	gulmat thaman $375 ngah
e15004	zd:22129	Tuakhit ciangin gulmatsiam Snake Catcher te samin
e15005	zd:18154	Malaysia gulmatsiam aminthang mahmahkhat
e15006	zd:11889	Tua gulpen Python akici Thamgul namte hi a
e15007	zd:19831	gulpen khuasung mipi te omna vengsung ah tammahmah hi
e15008	zd:17446	Tua gulpen aminzong phuahsak in
e15009	zd:25505	bangmah lawhtaak neilo gulsih thaamsih a si
e15010	zd:19493	avun pen gultawh kibangin
e15011	zd:15732	gultawh akibang ganhing golpikhat pusuakkhia
e15012	zd:12434	tua gultui tezong ki lakhia cihi
e15013	zd:12434	gultui tang 78 tak ki mukhia a
e15014	zd:18058	Australia gamsung ah gulut tangmai nekhial in
e15015	zd:18154	Cobra gulvom khatin tu ngei a
e15016	zd:17107	gulvom namte tampi khawi ahih manin
e15017	zd:24116	Pasian in koi lam a gum zaw diam
e15018	zd:23742	na Minam gum in
e15019	zd:22950	ZYA in ZCD gum cih ahih lohna
e15020	zd:20930	kumpi upadi in zong numeite gumzaw hi
e15021	pk:123	Meitei gundung zui-in Locom lam zuanin
e15022	zd:14869	Yangon gundung ah zatding gunkuang nih
e15023	zd:20494	gundung khempeuh tai 70 bangah ngasa a si hi
e15024	pk:33	Meitei gunin, Zogam' gun lianpi ahi hi
e15025	zd:24227	Irrawady leh Gunkhawm tung uh hi
e15026	zd:25221	Gunkhawm zong kheng ngei nailo ka hih man-in
e15027	zd:21458	Tua aki sia gunlei puahkikna dingin
e15028	zd:15963	Tuithang gunlei thak kizangthei tading
e15029	zd:22658	Mayuki gunlei gei ka tun ciangin
e15030	pk:120	Lei tungah gunleii leinuam mi
e15031	zd:22658	gunleipi lam zuan in hong pai hi
e15032	pk:26	gunpiau ah sehnel a om hi
e15033	zd:20494	ngasa te gunpiau zangah ki lawn zihziah hi
e15034	zd:25484	tuhun Haifa khuapi leilu lam gunpiau
e15035	ts:301	Japante gup ding tawh kisai-in
e15036	zd:22950	ZCD Party a pum gup cih hilel hi
e15037	zd:25127	gup tuam nei den
e15038	zd:21939	Ni simin gup ngah mi a tul a simin om den hi.
e15039	zd:24503	gup ngah lo mite pen a beitummang ding
e15040	zd:18200	gupkhiatna thu genlo in omthei lo uh hi
e15041	zd:19174	mimal 210million tungah gupkhiatna thu gen khin zo hi
e15042	zd:21859	piansaknate vaannuai gupkhiatnathu ahi hi
e15043	zd:24204	ahih manin gupna kitan lo hi
e15044	zd:24204	gupna kitan thei kha mah dinga
e15045	zd:25571	Mi khempeuh in gupna ngah lo
e15046	zd:17197	gupna ngah thak mi 20 bang om hi
e15047	zd:24029	gupngah kitelna ngah hi
e15048	zd:24341	Piangthak takpi khin gupngah takpi khin i hih hangin
e15049	zd:24220	guptuam paihtuam aneilo Pasian ahihi
e15050	zd:9210	guptuam paihtuam nei loin mite thu a khen ding hi
e15051	ts:617	Tedim khua-ah Gurkha pau bek kizangh hi
e15052	zd:25488	guta buluh zong tam tektek a
e15053	zd:19856	guta buluh namkhat mah ahi hi
e15054	zd:15056	Malaysia gamsung ah guta damiah kidop huai mahmah
e15055	zd:15477	guta damiah te'n hong encik gige theihi
e15056	zd:20131	gutabuluh te leh khamtheih guihtheih zangte
e15057	zd:16733	zuakna ah gutalut, Myanmar hiding ki ummawh
e15058	zd:21142	Pumpi sunga guu tuamtuam hepkhiatna
e15059	zd:16844	guuk nasepna a tam hi
e15060	zd:24220	Jordan GUUN ahi pumpi sihna
e15061	zd:24030	Ko omna Guwahati khuapi ah
e15062	zd:22686	Shillong panin Guwahati tua pan Kolkata
e15063	zd:11860	Hih guza ah chemical tampi tak kihel hi
e15064	zd:11485	Airport sungah guza vai bangmah lauhuaina omnawnlo
e15065	zd:23758	Kimawlna tuamtuam le Gym pai lo ding
e15066	zd:23843	Gym kimawl in ih pumpi ahiciang khat ki control theihi
e15067	zd:19363	ha siavuan te kiang ah mann mann in ki ensak in
e15068	zd:16878	ha siavuan pa in ong hilh bang in
e15069	pk:19	A ha'heng a a phop hi
e15070	ts:3280	Muslim khat a haa a nat leh
e15071	zd:22650	haa nawtna, maiphiatna, daileenbuk paina
e15072	zd:17565	ka hehsuak haa
e15073	zd:17499	nuamlai ing haa
e15074	zd:21003	niangtui haai-khat thupi salo khading
e15075	pk:119	mei ah a haai keu kawmin
e15076	pk:119	zu haaipi khat a dawn hi
e15077	pk:44	Hih haaite khum hi
e15078	ts:479	March kha sungin lo haal uh a
e15079	zd:23767	mei tawh haal uh aa
e15080	ts:9859	Minam leh pau le haam, mel leh sa
e15081	zd:25573	eipau ei haam mah zasak vangvang leeng
e15082	zd:16071	mikhual a si-te kivui nading haan mun
e15083	zd:16060	haan suangkangtui kizut tawh kibang
e15084	zd:19147	A haang taktak pen
e15085	zd:25790	a tha haat kul a hi hi
e15086	zd:22364	Ngaihsutna haat mipilte'n
e15087	zd:9438	Vak haat lua, khua laka tam luate
e15088	zd:15182	Tonzang ah tualvak habot te kiang
e15089	zd:15182	tualvak habot te kiang habotna hangin
e15090	zd:15205	Tua aki hack sak Website pen
e15091	zd:12685	Wifi khawng guksak, hack sakthei sawnsawn uhhi
e15092	zd:18893	Hacker te'n na Password pen kankhiatding hamsa
e15093	zd:11145	Cyber Hacker te'n sum tampi gukhia
e15094	zd:24532	The Hague leitung thukhen zum ah
e15095	zd:16434	Netherlands aom The Hague akicihna khuasung
e15096	pk:87	Lengladei sung, Cingno in hah hi
e15097	pk:87	Lengladei sung, Cingno in hah ding hi
e15098	pk:86	Cingno in, lengladei sung hah
e15099	zd:16337	Dawi lawmnei te'n theizaw deuhmah inteh hahaha
e15100	pk:138	kawsah ki hahgen mahmah hi
e15101	zd:16177	innkiim innpaam hahsiangding
e15102	zd:12941	innsung ah thokang omtheihna te hahsiangding
e15103	zd:17313	Amau hai nih bek dawn uh hi
e15104	zd:24119	Tui vot hai nih hong suah hi
e15105	zd:20035	hai siangthosak sitset masa in
e15106	46.11.28	khomun ne in, hai dawn ta hen
e15107	1.40.21	Faro’ khut tungah hai pia hi
e15108	19.23.5	ka hai a dimlet hi
e15109	66.16.8	ama tawi hai ni tungah a buak leh
e15110	66.16.4	ama tawi hai, gunte leh cikte tungah a buak leh
e15111	7.5.25	ulian hai sungah tua nu in bawngnawi thau-khal paipih
e15112	zd:16022	Zogam in haibang hong ngak hi
e15113	zd:24253	haibang na ngak uh hi
e15114	zd:20784	Tuimang leh Haiciiin Center
e15115	zd:19293	2017 kumin Tonzang gamhuam Haiciin khua ah kipai hi
e15116	ts:4885	Haiciin panin en leng kigal muh hi
e15117	zd:19548	Gamdang ah utbangbang in ki haigamtat theilo
e15118	zd:15579	amukhapeuh in haigamtat mahmah hi ci'n gentek uhhi
e15119	zd:15653	alawmte nangawn in haih zezen hi
e15120	zd:23897	tua hangin tampi in haih uh hi
e15121	zd:10912	TCU sunga om Zomite in haih ngeilo-in kizang den hi
e15122	zd:23479	numei pawlkhat te in nau a haih hangin
e15123	pk:119	an haii mahmah a
e15124	pk:119	Zu zong haii ahih manin
e15125	pk:119	an a ne haiihaii hi
e15126	zd:24276	coffee haikhat dawn thei lecin hoih hi
e15127	zd:22650	tui haikhat pen kham zah in hong manpha mahmah ding hi
e15128	zd:17015	zu haikhat a tulh uh hi
e15129	pk:119	haikung nuai khawngah
e15130	zd:19495	Hainan Island panin innlam zuandingin aciahsawm ahihi
e15131	zd:14648	Hainan Province, Ding'an County sungah akiteeng uh cihi
e15132	zd:14730	Mite in haisa mahmah uh hi
e15133	zd:19749	a omdan, a paudante haisa mahmah uhi
e15134	pk:119	haisawm ciangciang dawnkhat suah lela
e15135	pk:134	tawisak ahih manin, haitawi zong kici hi
e15136	pk:134	haitawite mah tawh a tavian uh kibang hi
e15137	zd:15099	Hurricane Matthew hangin Haiti gamah mi 283 sikhin
e15138	pk:161	hakai pahtak lung heng
e15139	zd:9133	hakai pen Zomi te a dingin nuntakna an nam khat
e15140	zd:19293	2013 kumin Hakha khuapi ah kinei hi
e15141	zd:16035	Falam leh Hakha kikal zong
e15142	zd:21408	Zosiam teng Hakha khuapi ah excursion leh Gospel paiding
e15143	pk:99	Hih lesson kei adingin, haksa lua hi
e15144	pk:134	amau tavuan hi a, haksa mahmah hi
e15145	zd:15514	A haksa bangmah om lo hi
e15146	zd:22988	A masa bel a haksa mah hi
e15147	zd:17958	A malsimin kong gen ding haksa hi
e15148	18.7.1	Leitungah mihing in nasep haksa nei a
e15149	40.19.23	Vantung Gam sung lut nading a haksa mahmah hi
e15150	5.30.11	note adingin a haksa lua hi lo a
e15151	27.2.11	pen haksa lua mahmah ahih manin
e15152	12.2.10	A haksa na khat nong ngen hi
e15153	27.5.12	thu dotna haksa nonote dawn’ theihna
e15154	zd:15527	hun man ding haksa kisa hi cih kimu thei hi
e15155	zd:23539	ei leh ei kimaisak ding haksa kisa thei hi
e15156	zd:23297	Thuman ding haksa sa kei ni
e15157	zd:24011	a piak khiat ding haksa sa hi
e15158	zd:20329	haksa sa in tawl mahmah hi
e15159	zd:20786	siam ding cih bangpen haksak mahmah ding hi
e15160	zd:25089	a veite haksak hun sungah zong
e15161	zd:18952	ki cing zolo in haksak tektek uh hi
e15162	zd:23394	khuado pawi bawl ding haksalo in
e15163	zd:24276	a dam ding haksalo hi
e15164	zd:20586	mipi a genthei a haksate huh ding
e15165	zd:18241	a haksate dinpih in
e15166	zd:24003	Zomi nektawm haksate kiang a tun kim theih ding
e15167	zd:23906	nai 4 hal in khat vei hih kik leuleu in
e15168	zd:22584	ni khat hal cih bangin kingah hi
e15169	zd:15956	kum 2, kum 3 hal cihbang in
e15170	zd:12336	SMS nagelh ciangin laimal halding cihna ahihi
e15171	zd:16321	Topa hoihhi, kei' tungah… Halelujah
e15172	zd:12882	Conservative te a zawhna Halifax khuate bang in
e15173	zd:23758	6 halin kiho ding
e15174	zd:17126	ZAM Hall ah thungetna kinei den hi
e15175	zd:22935	ZYA zuminn leh Hall neihzawhna ding
e15176	zd:17574	A mun : ZAM Hall
e15177	pk:130	kine loin, halloh in hingkhawi
e15178	zd:16012	Halloween zan khit teh
e15179	zd:16232	Halloween Party ah apaiding in
e15180	zd:24691	CDC in tukum Halloween ah bawl loh ding thu te
e15181	zd:26660	Kawlzang ah Zomi Hallpi le Tualpi neihzawh nading
e15182	zd:10743	Sian Hong Hallpi ah mi sam
e15183	zd:11495	Building pen meitawh hong halmawk hi
e15184	zd:17355	nunglian ah meihol halsa in akoih ahihi
e15185	zd:19431	zu lupsa, zateep halsa koihsakin
e15186	zd:16229	meileng pen Minute 4 halsim in atai ahihi
e15187	zd:12420	Minute 20 halsim in Water Taxi kitaisak ding a
e15188	zd:21025	Kha 6 halta khawng in mi kilaih uh hi
e15189	zd:18893	kha 3, kha 4 halta bangin khelzelzelding thupi hi
e15190	ts:301	Kum 3 halta-in a gamsunga khuate vehin
e15191	zd:19900	pau le ham in i hihna onglak ahi hi
e15192	zd:11891	Pau leh ham nei ding
e15193	zd:25087	Israel leh Hamas kidona nasia semsem
e15194	zd:11275	Gaza a uk Hamas te'n amakai thakding uh teelthak
e15195	zd:23142	Vumson te' omna Hamburg khuapi tung hi
e15196	zd:23069	Hamburg khuapi ah teng
e15197	zd:16455	na hamciamna uh thupi sa mahmah ingh
e15198	zd:22547	Teeltui Vontawite hamciamna tawh
e15199	zd:25322	tua a kipan D Day vai hamdai ta hi
e15200	zd:18172	minam min vai hamdai sak zolo ding hi
e15201	zd:25390	hauhna leh liatna in hong zuipah hamhtangh ding ahi hi
e15202	zd:19201	Ama hangin Zolai ka sim theih hampha kisa ing
e15203	zd:15527	Tua bang mehteh mehgah nek ding neite hampha kisa hi
e15204	zd:11831	hampha kisa lo na hi hiam
e15205	zd:11244	mipi hamphat nading na en uh hi
e15206	zd:23985	Na hamphat nading tam genpih kei in
e15207	zd:25106	bia thei lai i hih manin mi hamphate i hi uh hi
e15208	zd:11831	Mi hamphate kisa lo na hiam
e15209	zd:17599	makai hoih a nei te pen mi hamphate hizaw uh hi
e15210	zd:15527	olzaw ahih manin hamphathuai ka sa hi
e15211	zd:21845	Zechariah adingin hamphathuai mah si maw
e15212	zd:21119	An hampi ne suk ziau lo hi
e15213	zd:22157	a hampi mahin kikem a
e15214	zd:17446	England, Hampshire sungah ateeng ahihi
e15215	zd:9224	America gam Thornton, New Hampshire ah suak hi
e15216	ts:6447	Kizopna zong hamsa hi
e15217	zd:12600	Hih Surgery Procedure pen hamsa mahmah hi
e15218	zd:14903	ngah pakpak ding hamsa mahmah hi
e15219	zd:22171	Mi pahtawi ding hamsa sa kei ni
e15220	zd:15681	kum 10 sung pen hamsa sa mahmah uhi
e15221	zd:22757	Mi tawh kitot kinial ding hamsa sa lo hi
e15222	zd:13352	akician in genkhiatding hamsalai ci uh a
e15223	zd:20167	nasep hoih ngahkhakding hamsalai mahmah
e15224	zd:23428	genthei hamsapi in a nungta ka hi uhi
e15225	zd:20418	vai ol ding khat zong vai hamsapi hong suak
e15226	zd:15276	meiphelhpen hamsasak mahmah hi
e15227	zd:18911	hamsasak mahmah, hun sawtpi beisak uhhi
e15228	zd:25253	Tukum pen i vekpi adingin a hamsat kum hi
e15229	zd:21130	Ka hamsat laitak un
e15230	zd:16254	hamsat dongtuahna le kialpite ong tung hi
e15231	zd:15816	anu in amau unau 3 tawh hamsatak in anuntakpih ahihi
e15232	zd:11972	belhbuk aki bawltawmpak Camps te ah hamsatak in om uhhi
e15233	ts:3125	Malaysia ah hamsatna leh nopna tampi ka tuak hi
e15234	zd:23067	Kipat cil lamin hamsatna lungkiatna tampi tuak hi
e15235	zd:14942	mipi 16million bang in hamsatna tuak uhhi
e15236	zd:22755	ze-etna le hamsatnate ka tuak sim in
e15237	zd:10725	hih ka hamsatnate ka zawh lam ciang
e15238	zd:22377	Chin State sungpan galtaite hamsatzia pulakna
e15239	zd:17437	hamsatzia gen zawhding hilohi
e15240	zd:17961	Kei bel hamsia kisa lua ing
e15241	zd:24320	pa hoihlo a neikhate hamsia pah tuanlo hi
e15242	zd:22812	khalam taksa lam ah hamsia mahmah uh hi
e15243	zd:11759	Weather Forecast et hamtangding thupi mahmah hi
e15244	zd:11590	mawtaw pen Speed khiap hamtangding genkhia hi
e15245	zd:20343	Bill khat zawzaw pua hamtangding
e15246	zd:19166	asia hong pai masa hamtangh hi
e15247	zd:22412	Mualtung lam ah mualmite mah hatzaw hamtangh ding hi
e15248	zd:21664	Interview na pai main kiging khol hamtangin
e15249	zd:23538	Sa a min siang loin ne kei hamtangin
e15250	zd:25687	u hamte tung ah zahtaakna aa kipan
e15251	zd:21701	a tek a hamte zulim salimte kinesak masa
e15252	zd:22136	Ih pau ih hamte kepcing huai hi
e15253	pk:152	hamu nih
e15254	zd:16878	Minute nih pan thum sung peuh mah hanawt hun la ding
e15255	zd:14587	hanawt thadah te'n hihpa Video na en zelzel un
e15256	zd:16878	kha thum sim in hanawtna khat ta khek sak ding hi
e15257	zd:21826	haza, satpiang, hanawtna, mainul, limlangte koihsak in
e15258	pk:63	hanciam nuam lo hi
e15259	pk:82	Kei in, nasep ka hanciam hi
e15260	pk:82	Kei in, nasep ka hanciam kei hi
e15261	pk:93	Na lai uh hanciam un
e15262	pk:126	kipawlna nangawn a bei nang hanciam zawsop hi
e15263	pk:161	ih zawhkuan ciangin, hanciam semsem ding
e15264	pk:163	eimah ciatin ih hanciam kul
e15265	zd:24089	Zingsang thawhbaih ding hanciam in
e15266	zd:22802	Sangnaupangte'n hanciam mahmah uh hi
e15267	zd:24060	I theih nadingin hanciam ni
e15268	27.8.15	khiatna thei nuamin ka hanciam hi
e15269	16.6.14	keimah lausak dingin a hanciam kamsangnu Noadiah
e15270	23.22.4	keimah hehnem ding hong hanciam kei un
e15271	28.6.3	Topa i theih zawh nadingin hanciam ni
e15272	45.9.16	a hanciam mi tawh zong a kikum kei hi
e15273	51.1.29	nakpitakin na semin ka hanciam hi
e15274	58.12.14	na kilem theih nading uh hanciam un
e15275	61.1.15	ka hihtheih zahin ka hanciam ding hi
e15276	45.14.19	thahatna i kipiak theih nading thute hanciam ciat ni
e15277	zd:20545	ih hanciam tentan kei leh
e15278	zd:19098	kikhel lohna ding ka hanciam tentan hi
e15279	zd:23424	a tha neih zah tawh hanciam tentan in gen hi
e15280	zd:20263	atuntheih nadingun ka hanciamding uhhi
e15281	zd:23443	a hanciamding nang mah na hihi
e15282	zd:19868	thaukappa matkhiattheih nadingin ki hanciamding cih kiza hi
e15283	zd:25169	Tuate mah zong sepzawh ding hanciamhuai hi
e15284	zd:17055	Khris batna lam delh ding hanciamhuai hi
e15285	zd:10952	America mailam hun ding i hanciamkhawm ding hi
e15286	zd:20746	bangin hong hanciamkhawm uhi
e15287	zd:21991	hanciamkik in kitokikthei a hih manin
e15288	zd:24343	galdona lam hong hanciamkik uh a
e15289	zd:24244	hanciamnopna lungsim ka nei hi
e15290	zd:20805	na hihtheihna, na hanciamnopna leh na cihtakna
e15291	zd:26566	amau pau zong na hanciampah uh a
e15292	zd:14787	tuamun ah kahtheihding hanciampah hi
e15293	zd:19593	Na pasal zong a cidam nangin hanciampih in
e15294	zd:12470	Birth Certificates ngahtheih nadingin hanciampih a
e15295	zd:10742	Khangnote pilna lam hanciampih ding
e15296	ts:6943	gamdang a om mipihte' hanciampihna tawh kizopna kinei thei ci hi
e15297	zd:23797	Ka Pu teng le Ka nu teng hanciampihna tawh
e15298	zd:20629	guta tepen mattheih nading ki hanciamsan hi
e15299	ts:7399	a lakkik zawhna ding a hanciamsan mahmah laitak uh ahi hi
e15300	zd:20860	Pai theilo pipi hanciamtak in hong paipai hi
e15301	zd:24276	tuisiang zong hanciamtak in dawn ding thupi mahmah hi
e15302	zd:16031	akua mapeuh thasaanin hanciamtek ni
e15303	zd:19667	atate ahuttheih nadingin hanciamtek uhhi
e15304	zd:25137	Ei le ei hancian ni
e15305	zd:13238	I hih theihna tek pan hancian pha lai dih ni
e15306	zd:12901	Tuakhit ciangin Handbag pia in
e15307	zd:16676	Phone bek pua a, Handbag apuakloh
e15308	zd:25199	Mikim in handgel tawh khut sawp
e15309	zd:23812	handgel tawh sawp den in
e15310	zd:20531	athauzat pen Handgun namte ci uhhi
e15311	zd:17439	Handgun thautawh Officer kapin taikhia hi
e15312	zd:11874	vanleng sungah Handphone sangin agolzaw Electronic vante zat kiphallo
e15313	zd:20227	mawtaw sungah akoih asumbawm leh Handphone tezong mangcip kici hi
e15314	pk:66	Eite in, inn khat nei hang
e15315	ts:3503	Tua mipa pen nang leh kei hi hang
e15316	zd:25928	kibulpat sawm ding hi hang
e15317	zd:24119	Ahih hang kipuksi sam lo hi
e15318	ts:6447	A mun a kitel nai loh hang
e15319	zd:23787	hangaa nasem zo lo te bek huam ding hi
e15320	zd:23988	hangaa Sushi sai khak ten zong
e15321	zd:25916	sum hangbek in nasem lo uhhi
e15322	zd:22203	Hihteng pen Pasian hangbek in ka tuan vanleng ahihi
e15323	zd:19147	abeisak ngam lo te hi hangh
e15324	zd:23731	ih sawp tanghtangh ding kihanthawn kiknuam hangh
e15325	zd:14755	zong akhangto ding hi hangh
e15326	zd:21876	natna pen lungsim damlohna hanghi ci in
e15327	zd:12990	Network Upgrade abawlna hanghi ci'n
e15328	zd:18241	Bang hanghiam cih leh kei pen Communists hilo hing
e15329	zd:20763	Bang hanghiam cih leh a khangto mite in laisim a
e15330	ts:12490	Gal hangin natna pen kidal zo pha mel lo
e15331	ts:3284	Jerusalem khua hangin galkidona 100 val bang om hi
e15332	ts:12074	Vanleng tawh a kapna hangin khuasung mi 4 liam uh
e15333	zd:17547	adot hanginzong bangmah genkhia nuamlo uhhi
e15334	zd:19109	Mencipna hanginzong asi aliam leh asukkhak bangmah omlo hi
e15335	zd:15300	UN Card natawi hanginzong
e15336	zd:12436	Nupa kilem lohna hangleh moken
e15337	zd:17824	Pasian hangleh minamte deihsak na tangin
e15338	zd:24531	Tua hangmah in Johor ah JOCC zum a kihong ahi hi
e15339	zd:25224	Hihthu hangmah in ih Pasian nasem te tampi in hong nusia ahihi
e15340	zd:14642	Anu apa te mawhna hangmaw
e15341	zd:21876	Kaam hangmaw a hihkeileh
e15342	zd:24320	a hangpen nute hangin Pa a kici thei pan ahihi
e15343	zd:11130	Malaysia Damiah te hangsandan tazen, lauhuailua himai
e15344	zd:17958	A kulna munah pilna le hangsanna, kalsuan ngamnate hong pia hi
e15345	zd:25165	hangsanna pen pilvaang tak-in, a kizatsiam ciang
e15346	zd:16441	hangsanna, gualzawhna kingah thei hi
e15347	zd:25106	mite hangsansak hi
e15348	zd:21085	Mite maiah hangsantak in thu a genziahziah thei
e15349	zd:11619	hangsantak leh upna lianpi tawh
e15350	zd:25678	hangsantak in mainawt viauviau ding hi lel hi
e15351	zd:23444	Zomi itte hangsantakin na ngaihsutna uh
e15352	zd:23733	lau lo, hangsantakin kuamapeuh kongthei sak hi
e15353	zd:24638	hangtak in khensat gemgem in la
e15354	zd:19676	cihpen hangtak in kagen ngam hi
e15355	zd:17731	sumlepaai hamsatna hangtawh thunei te'n atate pen apa kiangah kemsak uhhi
e15356	zd:15431	mawtaw khat Parking koihna vai hangtawh kitotna piang
e15357	zd:12708	kum tamluatna hangtawh ahi zongin
e15358	zd:20560	Niin tam paina a hangte
e15359	zd:12436	sumbawl tuahsiatna, lokhawh lawhsapna hangte in om thei hi
e15360	zd:21119	a nek hanguh hi a ci i hi kei hi
e15361	zd:14812	China, Hangzhou City sung aom Restaurant khatah
e15362	zd:24490	khuahun guahtam hangzong hi ding hi
e15363	zd:17651	tuate neihloh hangzong
e15364	zd:20814	na ha te le na hani guh te bei ding hi
e15365	zd:16878	na ha leh hani sia sak ding hi
e15366	zd:23129	khua mualah hanla sa-in thau lawn uh hi
e15367	zd:24227	gualzawhna hanla ka sa zel uh hi
e15368	zd:11382	akivui dingin hanlam azuat laitak khua phawkkik
e15369	zd:16438	Zomite hanlung ciam khangto diam
e15370	zd:15586	Zosuante hanlung ciam peuhleng
e15371	zd:16087	Zomi te lung kituak hanlungciam khangto diam
e15372	zd:17375	Aki vuina hanmual pen Southern Selangor sung hiding kici hi
e15373	ts:2009	mipi tampitak in hanmual ah zui zihziah uh hi
e15374	zd:21522	tuakhitciangin hanmualah vuina kineidinghi
e15375	zd:21987	hanmualah vuina kineidinghi
e15376	zd:22577	Tedim khua Hanmun Thak Vaai
e15377	zd:20589	Hanoi City leh Ho Chi Minh City te ah
e15378	zd:11555	Hanoi City panin 90km bang agamlatna ah
e15379	zd:19662	kipak leh hansan mahmah uh hi
e15380	zd:9440	hansan nadi'n galkap te'n zu dawn uh
e15381	pk:34	Mi khempeuh in, hansanna kisam hi
e15382	zd:21876	ki muanna leh hansanna in manager pa lungsim sukha mahmah hi
e15383	zd:19783	hansanna taktak hi zaw hi
e15384	zd:17271	naupang pa ii hansanna in siavuan pa cimul tho sakzo hi
e15385	zd:9264	A hansuang tungah hih la thulu
e15386	zd:9216	hansuang tungah hih la a taang masa
e15387	zd:12196	Lazarus hansung ah hopih in hingkik pah hi
e15388	zd:17779	Cemetery kici hansung ah thupiang ahihi
e15389	zd:24648	Covid-19 test bawl ciat ding hantawn hi
e15390	zd:18159	contact ding hong hantawn uh hi
e15391	zd:18920	kuama kivui nai lohna hanthak hi a
e15392	zd:22565	Tedim khuazang in hanthak zatding vai
e15393	zd:11400	kumpi thum, Ayudiya, Hanthawaddy Pegu leh Tangoo kipawlin a do uh
e15394	zd:21514	anu nawizu piak hamtangding hanthawnden uhhi
e15395	zd:16922	kaki khending uh hong hanthawnden in
e15396	zd:15772	mailam ah ngimna leh gelna neih ding hanthawnna
e15397	zd:16625	a manpha mahmah hanthawnna sangnaupangte tungah pia hi
e15398	zd:18890	hanthawt na Sermon leh si vuih na neih ding
e15399	zd:15681	lai hahkat ding mah hanthawt pi in nei hi
e15400	zd:10743	mapang dingin hanthawtna hong neihsak hi
e15401	zd:21037	nasep-kipannuam te hanthawtna pia zeel hi
e15402	zd:12044	hanthohna tomno hong nei hi
e15403	zd:21552	Police Chief in mipite hanthohna genkhia hi
e15404	zd:20168	mikhat sawlna leh hanthohna tawh bawl loh ding hoih pen hi
e15405	zd:9262	mi tampi in hehnepna leh hanthotna ngah uh hi
e15406	ts:12490	cih UN in hanthotna nei hi
e15407	zd:23172	Pasian kammal tawh hanthotna ong neihkhit ciangin
e15408	zd:11653	tawng pahpah, hap pahpah lo-in
e15409	zd:24131	ut bangbang in a hap ziahziah ngam ihi hi
e15410	zd:14954	Harbin khuasung ah nitaklam thupiang ahihi
e15411	zd:25918	Sen gam Harbin ah Russia pau sin hi
e15412	ts:7156	leh Semptian hardware tawh a kibawl ahi hi
e15413	zd:17999	Tuaciangin Jinjang, Sri Hartamas, Hang Tuah Fire Station panin
e15414	zd:9233	Harvard University ah pilna a sin khit ciangin
e15415	zd:9212	Harvard University in zong pia hi
e15416	zd:17526	cihpen Twitter tungah hashtag ahih keileh Trends atampenpen hiliang hi
e15417	zd:20814	Kawlgambup hasiavuan kipawlna letmat
e15418	zd:17175	Myanmar khuapi Naypyitaw ah hasiavuan asin laitak
e15419	zd:15545	Egypt gam a migikilo kipawlna Hasm te in taangkokhia uhhi
e15420	pk:68	Tua mite thum lakah Mungno a hat pen ahi hi
e15421	zd:9428	ka tha a hat theihna dingin
e15422	zd:24354	Chin partyte zong ong hat tading uh hi
e15423	zd:24427	a thatang uh hat nawnlo hi
e15424	20.23.11	Amaute a Hupa in a tha hat a
e15425	2.10.19	nitumna huihpi hat mahmah khat nungsak a
e15426	6.14.11	kei ka tha hat lai a
e15427	24.21.5	a hat mahmah ka khut tawh
e15428	18.9.19	amah hat mahmah a
e15429	32.1.4	huihpi hat lua ahih manin teembaw a kisia dekdek
e15430	10.22.18	A hat ka galte panin kei hong honkhia a
e15431	23.28.2	a hat mahmah mi khat nei hi
e15432	19.76.5	gal hat mi khempeuhte in
e15433	zd:19430	Sri Hatamas immigration zum ah kimuh pih thei
e15434	zd:23538	Na bukkhuh ciang leh na hatchai
e15435	zd:15727	Mawtaw pen hathawl mahmah ahih manin
e15436	zd:14699	Motorcycle tawh hathawl mahmah in aphukha uh hi
e15437	zd:12955	Mawtaw hathawllua mahmah ahih manin
e15438	zd:17281	mawtaw khat hathawllua mahmah in
e15439	zd:19676	ih cidam lai, ih tha hatlai, ihhun neihlai in
e15440	zd:17854	khangno sisan thatang hatlai ading sangin
e15441	zd:12819	Guite, Hatlang, Manlun, Naulak, Sukte cih dan te hiding hi
e15442	zd:24029	Pu Hatlang pan kisim suk khang sawmna ah
e15443	zd:19271	Wifi pen hatlo ahih manin
e15444	zd:21081	Nunghei leng a hatlo teng kimu ding a
e15445	zd:24276	Sisan puakkik hatloh man a piang natna
e15446	zd:21383	Hihpa zah a ka hatloh hang
e15447	zd:9430	mipite hatlohna pen makaite hat nading zong hi thei hi
e15448	ts:397	thuak zawh hatna leh hatlohna cihte tungah zong kinga hi
e15449	zd:23604	a hatlohna thu theihpihin
e15450	zd:14689	mawtaw hatlua in, lenkip zolo
e15451	zd:21316	meilengpen hatlua mahmahin akibung
e15452	zd:17677	ahawlzia pen hatlua mahmah hi
e15453	zd:13138	guahtamlua in huihzong hatmahmah ahih manin
e15454	zd:20906	Bilpi bel hatmahmah hi napi
e15455	zd:11738	Magnitude 5.1 hatna tawh zinling cih Reuters pan kiza hi
e15456	zd:12579	khawlsawmlo in hatsak semsem hi
e15457	zd:20129	Taxi pen High Speed tawh hatsak mahmah ahih manin
e15458	zd:12490	mawtaw hatsak mahmah in delhpah uhhi
e15459	zd:11470	mawtaw nakpitak in hatsakgawp in
e15460	zd:15953	100 mph bangin hatsakgawp a
e15461	zd:17100	Lorry mawtaw pen hatsaklua in, hoihtak lenkip theilo
e15462	zd:18005	Mawtaw pen hatsaklua, Lost Control ahih manin
e15463	zd:13233	mawtaw pen hatsaklua sawnsawn ahih manin
e15464	zd:21803	mawhnei mite in hatsakna tuak uh hi
e15465	zd:25926	hatsat na thuakmasak loh in nopsak na om ngei lo hi
e15466	zd:19750	Kisuan ngaihsut loin hatsatna na tuah leh na ko hamtang un
e15467	zd:22556	hatsatna, zawnna te tam veipi atuak hangin
e15468	zd:15608	Patrol Car pen hattaisak mahmah uh a
e15469	zd:17632	ki hattaisak loding a, damtak in ki paisakding hi
e15470	zd:15836	amawtaw hattak in taikhiasak vingveng hi
e15471	zd:17100	Tua Truck mawtawpi pen hattak in ahawl valval laitak
e15472	zd:18005	lamzikpi gei ah apo singkungkhat hattak in taihkha hi
e15473	pk:68	khat in, a hatzawkna a gen ihi hi
e15474	zd:23054	Hatzawte Kaptel panin Phaiza khua-ah atai teng
e15475	pk:43	Amah in, a hau mipa ahi hi
e15476	zd:11548	Brunei zong namgimtui hangin hau mahmah hi
e15477	zd:25916	Mi hau ten ahih leh sum hangbek in nasem lo uhhi
e15478	zd:23138	gualhuai in lawm hau hi
e15479	20.20.13	semsem lecin na hau ding hi
e15480	1.13.2	ganhing, ngun, leh kham hau mahmah hi
e15481	20.21.17	sathau namtui nilhte hau lo hi
e15482	42.19.2	siahdongte’ ukpa ahih manin sum a hau hi
e15483	20.22.2	A hau a zawng a kilamdan’na om lo hi
e15484	1.26.13	a hau mahmah a suah matengin
e15485	18.15.29	Amah sauvei hau lo ding a
e15486	20.13.7	hau napi-in kizawngsak uh hi
e15487	zd:24253	Mite in na hauhding hong deihsak uhhi
e15488	zd:20801	hauhding leh pil ding na zon zahmahin lungkim theih ding hanciam in
e15489	zd:20877	hong hauhsak zenzen lehzong i kilawm man hilo hi
e15490	zd:10984	mi pawl khat hauhsak semsemna ding hi bek hi
e15491	zd:21003	hauhtat ngeilo-in kidawm leh kiniamkhiat mahmah-a
e15492	zd:24320	Jacob a pute sang a hauhzawk ciangin haza uhi
e15493	zd:12337	sang a hauhzawk lam uh kiphawk khalo uh hi
e15494	zd:19269	Bang hangin haulo ka hiam
e15495	zd:12998	ahih leh mul haulo ci hi
e15496	zd:19567	Atac Company tepen leibat haulua mahmah uh a
e15497	zd:21034	Leitungah lawm haulua cih om ngeinailo hi
e15498	zd:22451	sum le pai a haumahmah mi khat
e15499	zd:17711	namgimtui haumahmah uh ahih manin, khangto hanhan uhhi
e15500	zd:23554	hauna le pilna, lungnopna le cidamna cihte
e15501	zd:22704	hauna 5 % pen 95% mi te in hawm hi
e15502	pk:46	hau - hauzaw - haupen - haupenpen
e15503	zd:22425	A haupente makaipi a sem pahpah ding hileh
e15504	zd:16340	a thahat pente leh a haupente
e15505	zd:25126	hausa upa sepna pan a tawp tam simsim hi
e15506	zd:22758	hausa upa leh a thahatte in
e15507	zd:20176	hausa upate lah Tedimah pai in
e15508	zd:25114	Tungtuang hausa upate in zu le sa a nek ni khatin
e15509	zd:21081	zawng napi hauzo cihna
e15510	zd:12341	ong hauzo tuanlo ahih lam uh
e15511	zd:19860	Cuba gam ii Capital khuapi Havana vanlengtual panin alengkhia
e15512	zd:24417	Pasian in ei Zomi te hong angvan a dawi havang kal ah
e15513	pk:122	Hong haw het keng
e15514	zd:25916	Robert pen 1947 kum in Hawaii ah hongpiang in
e15515	zd:14559	Hawaii State sungah innsangpi khat meikanggawp in mi 3 si
e15516	zd:19262	Hawaii mun khat peuhpeuh ah tawlnga in pai uh hi
e15517	pk:11	A zawlpa a hawh hi
e15518	pk:60	Ko innah hong hawh lo ding maw
e15519	pk:109	ka innah nong hawh nangin, kong sam hi
e15520	zd:24139	Na inn ah kong hawh ding hi
e15521	zd:20944	ong hawh a, nitaak an ka neekpih uh hi
e15522	ts:3375	France pan London zong hawh in
e15523	1.34.1	tua gam numeite' kiangah hawh dingin paikhia hi
e15524	40.25.36	ka kiangah nong hawh uh hi
e15525	7.15.1	a zi kiangah a hawh dingin
e15526	20.25.17	Na vengte inn-ah hawh mun lua kei in
e15527	24.15.5	dam-le-nat kitheih sakna-in hong hawh ding ahi hiam
e15528	42.14.20	kong hawh man kei ding hi
e15529	44.21.18	James kiangah Paul tawh ka hawh uh a
e15530	12.9.16	Judah kumpipa Ahaziah Joram kiangah a hawh dingin
e15531	1.50.25	Note' kiangah Pasian hong hawh ding a
e15532	14.22.7	Jehoram kiangah hawh dingin a paina tawh
e15533	zd:10743	ZYA zum ah hong hawha ZYA nasepna teng le maban hong dongin
e15534	zd:13157	Borobudur Temple ah hawhding uhhi
e15535	zd:16663	kumpivai tawh Official Visit in hawhding
e15536	zd:14992	hawhna ciahna ah kidawm in, nangbek vak khia kei in
e15537	zd:19320	hawhna ciahna ah pilvang ciatni
e15538	zd:23984	a inn ah hawhsawm kei in
e15539	zd:12130	Sunday ni in hawhsawm uh cih kiza hi
e15540	zd:14678	atanu pen anu kiangah hawhthei zelezel hi
e15541	zd:21085	ka inn ah Galkap bu khat hong hawhthei zel hi
e15542	zd:22652	hawhsuk hawhtohna ah kidawm ni
e15543	zd:19210	a hawih lai mahmah hi
e15544	zd:19166	Lungsim hawih leh a nuamkhat ahi hi
e15545	zd:20545	Leitang hawih leh hawihlo
e15546	zd:20545	Ama hawihna aki gen ciangin
e15547	zd:21458	a biakinn hawihna ki siasakin
e15548	zd:25863	hawk tui hat in luitui guntuite khang ziauziau hi
e15549	ts:8850	hawk guam thukpi kito in
e15550	zd:22953	khuasung hawkguam tuiluan nading Pipe thuah
e15551	zd:11409	hawkguam hoihtak concrete tawh abawl laitak uh
e15552	zd:17952	tuaciangin hawkguam ah kiasuk hi
e15553	zd:19820	aki hawksansan gammakaipi 2 te
e15554	pk:72	Kei-in, motor hawlding ka na sin khinzo hi
e15555	zd:21974	a hawlding mi kisamlo motor
e15556	zd:14787	Boeing 777 Aircraft vanleng golpi te hawlding cihpen
e15557	zd:20399	tua engine a hawlding a uk dingin mawtaw hawlpa
e15558	zd:15953	West 117th Street lamdungah hattak in hawlgawp a
e15559	zd:17353	kidawmlo utbang in hawlgawp in
e15560	pk:153	Sial hawlhun
e15561	zd:11389	amahguak BMW mawtaw hawlin aciahkhia ahihi
e15562	zd:19398	Ui in mawtaw hawlin vanzuakna saikhat nawkkha
e15563	zd:17628	numeikhat mawtaw hawlkawm in
e15564	zd:24468	New York khuapi ah gunkuang hawlkawm in lahna nei uh hi
e15565	zd:12736	Motorcycle hawlkhat in meihal ahih manin
e15566	zd:16676	Driver Seat ah tusuk in mawtaw hawlkhia vingveng hi
e15567	zd:20522	damiahpa'n mawtaw hawlkhia vingveng hi
e15568	zd:11746	North Korea gammi nasem 50 ki hawlkhiading
e15569	zd:16323	anaipenpen Station ah ki hawlkhiading cih thukhun om cihi
e15570	zd:12779	Bangladesh gammi 4200 ki hawlkhiakhin cihi
e15571	zd:15163	IS galkap honpikhat hawlkhiakhin uhhi
e15572	zd:21409	Myanmar Chin Community tepen hawlkhiatding geelna aomloh hangin
e15573	zd:12963	agamsung aomsa US galkap te hawlkhiatding genkhia mawk hi
e15574	zd:14768	numei te mawtaw hawlkhuan piata
e15575	zd:16809	Motorcycle zong hawlkhuan ngahta
e15576	zd:11051	mawtaw khat hat hawllua ahih manin
e15577	zd:17353	Tua khangno penin Motorcycle hat hawllua
e15578	zd:15408	mawtaw hawlna Licence pen Point 12 tawh kipansak uhhi
e15579	zd:22499	sawtpi mawtaw hawlna
e15580	zd:16595	ameileng hawlna buksung ah
e15581	zd:11177	Toyota Innova mawtaw hawlnu pen kum 54 phakhin a
e15582	zd:15429	Tua mawtaw hawlnu asih banah adangzong mi tampitak liamgawp uhhi
e15583	zd:11319	BMW mawtaw hawlpen numei kum 23 aphapan khat hi a
e15584	zd:14521	Lorry hawlpen inzong hih Nail leh Screw te akiatlam theilo in
e15585	zd:15649	mawtaw hawlthei nawnlo
e15586	zd:16809	Truck leh Motorcycle tezong hawlthei tading hi
e15587	zd:15451	mawtaw hawltheihna Driving Licence zong ki lakkik sakthei hi
e15588	zd:15201	Bus Driver pen mawtaw hawltheihna Licence neilo
e15589	zd:20486	Biak inn hawm tam hi
e15590	zd:23207	a sungah bangmah omlo in a hawm na hi hi
e15591	zd:25672	ka lungsim hawm hi
e15592	5.15.13	khut hawm guakin na paisak kei ding hi
e15593	1.37.24	A dum pen a hawm hi a
e15594	24.51.34	Beel hawm bangin
e15595	26.24.11	a taubeel hawm mei-am tungah suang un la
e15596	24.52.21	a sahna zung li pha-in a sung hawm hi
e15597	1.41.6	a hawm vui sagih hong po khia hi
e15598	pk:35	Nahtang khilkhat ciatin ka hawm uh hi
e15599	pk:135	A mau a hawm nop kei leh
e15600	pk:143	adangteng hawm hi
e15601	ts:301	Tua antangte pen mipite lakah a hawm uh hi
e15602	zd:21925	Na hawm ding peuh hawm in
e15603	zd:25357	Chin State budget hawm zia
e15604	40.27.35	lai aisaanin a puante a hawm uh a
e15605	19.22.18	amau lakah ka puante hawm uh a
e15606	2.15.9	A nate uh ka hawm ding a
e15607	26.47.21	no Israel minamte lakah hawm un
e15608	44.4.35	a vekpi-un a hawm ciat uh hi
e15609	6.13.32	Moab zanglei-ah Moses in a hawm gamhte ahi hi
e15610	20.1.14	i ngah khempeuh i hawm ding hi
e15611	42.3.11	puan ak nei lote tawh hawm ta hen
e15612	2.12.4	a mi tawh kituakin a sa hawm ding uh hi
e15613	pk:144	Adang hawmdangte tawh kibang hi
e15614	zd:19197	Johor Baru ah kumpipa in sum hawmding cih thuthang hangin
e15615	zd:22159	innsung vai hawmding sangin gamvai hawmnuam zaw hi
e15616	zd:24234	Kumpi sangpan zong laibu hawmhawm ta hi
e15617	zd:16442	2018 sungin hawmkhiading in geelna nei ung
e15618	zd:14987	iPhone 8 hawmkhiading in ki lamen
e15619	zd:21255	Zomite Ngeina le Lam DVD thak ki hawmkhiata
e15620	zd:23554	khangsak in hawmkhiatding hizaw hi
e15621	zd:18024	tuisik hawmkhiatding pen kipelhding hi
e15622	zd:24396	Aman a hawmkhiatna ding sum nei lo
e15623	zd:16014	Siamsin Dictionary hawmkhiatna vai lungdam kohna
e15624	zd:24060	Thusinsakna, laigelh a hawmkhiatna cihte tawh panpih ni
e15625	zd:11504	leitung gamtuamtuam ahzong hawmkhiatsawm ahih manin
e15626	zd:15414	Smartphone Model thak hawmkhiatsawm uh a
e15627	zd:24658	vai hawmkhop theihna ding cih thu
e15628	zd:19239	gamvai hawmkhop ding thukim aa
e15629	pk:141	Thalloh leh Sungpi hawmkikna
e15630	pk:141	Tanugeel hawmkikna
e15631	zd:17341	ka vaiding khempeuh hong hawmpih hi
e15632	zd:22897	ka kigawm kik theihna ding in vai hong hawmpih theiding hiam
e15633	zd:24115	midangte tungah zong na hawmsawm sak in
e15634	zd:23904	ka theih teng kong hawmsawm nuam hi
e15635	zd:24276	hih lai na hawmsawm in
e15636	pk:161	hawmsem nungta nebum puksi
e15637	zd:24072	hawmsem nungta, nebum si
e15638	zd:22171	A mau siamna zui-in nasep hawmsiam in
e15639	zd:22391	hawmsiam nungta nebum puksi
e15640	zd:22391	hawmsiamna tawh khantohna pen hong deihhuai mahmah hi
e15641	zd:16820	mi te in hai taktak ei maw ci in hong hawmtawh ding
e15642	zd:11917	a neih leh lam kicing leh hawmtawh omlo
e15643	ts:4885	Haiciin kawl a om suang hawmte lakah a minthang pen
e15644	zd:17951	Hluttaw tungtawn nasepna pen hawmthawhhuai simsim hi
e15645	zd:25354	hawmthawhna zong tampi om kha mah ding hi
e15646	zd:16424	hawmthawhna bekbek a om ciangin
e15647	zd:10743	Sisan hawmthei ding mi tampi hong kipiakhia
e15648	zd:16442	Na hanciamna nong hawmthei dia?
e15649	pk:140	hawmval a om leh
e15650	zd:20572	Private sang hawn phalna kipia lo hi
e15651	zd:24390	inn mun thak Acres 676 hawn khiatna nei uh hi
e15652	zd:12437	ageinai a etcian uhciangin thautang hawng
e15653	zd:15501	na nekna hawng paihna hanga niinsakna te
e15654	zd:24276	a hawngkhauh singgah namte tampi nekding thupi mahmah hi
e15655	zd:22858	tuilum hawp in lawmte tawh ka kihoho uhi
e15656	zd:24276	A tui hawp lecin na thaom ding
e15657	zd:17271	Sisan hawpna in mi sisak zolo hi
e15658	zd:17903	Mimal muhna hawpsawn na hi
e15659	zd:19097	Kei theih dan kong hawpsawn na bek hi aa
e15660	zd:24253	hong hazate khawng bang lawh ding
e15661	zd:17939	mipi tuizat ding nangawn a hazate pen
e15662	zd:19518	he ka ci pah hi
e15663	zd:23249	Kei zong, he manta ka ci kik hi
e15664	zd:22396	Tua thu leitung i headline news ah suakden hi
e15665	zd:12707	hih headline tawh kisai in
e15666	zd:9249	Shanghai-a a headquarter vuah nuam takin kiciahkiksak hi
e15667	zd:15431	Tulaitak Cheras Police headquarter ah kikemphot cih kiza hi
e15668	zd:11536	Headquarters pen China, Guangdong, Shenzhen ah koih uhhi
e15669	ts:3168	Tedim Brigade Headquarters ah zankhat tam a
e15670	zd:14856	Bathroom sungah tui lumsatna Heater tawh akizom Wire
e15671	zd:22282	Nisim in Heater mai ah radio khat ngai kawmsa in
e15672	zd:12632	London Heathrow panin Dubai khuapi zuanin alengkhia cihi
e15673	zd:17711	London khuapisung aom Heathrow Airport pen minthang mahmah
e15674	zd:19962	China, Hebei Province sung aom Baoding City
e15675	zd:13151	Hebei khuasung aom Middle School khat
e15676	ts:3284	Hebia kam in Jerusalem khuapi min
e15677	zd:19111	Abraham pen Hebrew masa pen hi
e15678	zd:24377	Hebrew lai pen tuampian lua mahmah hi
e15679	zd:17509	Hebrew te pau in Olive thau pen SHEMEN kici hi
e15680	zd:9241	Hebrews 11 sungah upna pa tampite' thu kimu hi
e15681	ts:9862	Hebrews pau tawh na kigelh masa in
e15682	zd:22650	Lo leitang hectare 25 million kisia hi
e15683	zd:19756	a tomin guitar gui heekna pen
e15684	zd:16071	Judah in Jesu a heekna sum teng tawh
e15685	zd:12544	na heekzia kidawm in
e15686	zd:23937	Khristiante' tatzia heekzia ding ahi hi
e15687	zd:16803	tangval khatin heel hi
e15688	zd:19419	Tangval upasimkhat in nungaknokhat heel
e15689	zd:8389	Nisim phial a kiphualna munah va heel zel ka hih manin
e15690	zd:25277	Pa Pasianin hong ompih den ta heen
e15691	zd:24064	Numei tungah heh hi
e15692	zd:24072	heh baih, nuak baih lua kei in
e15693	zd:24199	Hih thu hangin Pasian heh mahmah hi
e15694	1.4.5	Tua ahih ciangin Kain heh mahmah a
e15695	1.30.2	Rachel’ tungah Jakob heh mahmah a
e15696	32.4.1	Jonah lungkim het loin a heh hi
e15697	4.24.10	Balaam’ tungah Balak heh mahmah a
e15698	zd:11801	hehdan zong atuamtuam himawk ei maw
e15699	zd:19790	Mihing te hehdan pulakzia pen atuamtuam himawk hi
e15700	zd:11965	atuatsak mawk uh tammaw hehe
e15701	zd:16442	Khui khat bawlnading tawmbeilo mawk aihciang a, hehehe
e15702	zd:16037	I Pasian hehlo ding a
e15703	zd:23113	bang hunteh hehlo cih i theih ding kisam hi
e15704	zd:13005	Malaysia Grab Car te hangin Taxi hawlte hehmahmah
e15705	zd:17123	sumngen a, apiaknoploh ciangin hehmahmah hi
e15706	zd:19396	Leitung ngeina hi, ki hehneem siamin
e15707	zd:20746	Pasianthu thumanthutak lampimaan tawh hehneem
e15708	zd:17463	Topa'n a lamdangin hong hehnem tahen
e15709	zd:15695	Hehnemsiam Huhpa Khasiangtho in hong hehnem hen
e15710	zd:25173	Adah akap khempeuh Hehnemsiam Huhpa Khasiangtho in
e15711	zd:25091	hehnemsiampa Kha Siangtho in alamdangin hong hehnem ciatta hen
e15712	zd:24150	tanau meltheih khem peuh hehnemsiampa Kha Siangtho in hong hehnem ciatta hen
e15713	zd:10745	a nunungpen hehnep hunbawlna kineiding hi
e15714	zd:16747	a nunugpen hehnep hunbawlna kineidinga tuakhitciangin vui na kinei ding hi
e15715	pk:90	Na hehnepnakammalte hangin, ka lawmpa a lungdam hi
e15716	zd:15714	hong nusiate innkuanpihte hong hehnepsak ta hen
e15717	zd:12371	Topa khasiangtho in ong hehnepsak tek tahen
e15718	zd:16869	vankhamzang te hehpihding hilo hi
e15719	zd:11138	Rohingya te na hehpihlua khollo hileh kilawm hi
e15720	zd:24220	hong hehpihlua ahihman-in
e15721	zd:19609	Mipi te hehsemsem uh ahih manin
e15722	zd:20461	khuasung mipite hehsemsem uh a
e15723	zd:19033	kam kinial in, ki hehsuah uhhi
e15724	zd:21110	a ki hehsuah ngeilo nupa te hilo hi
e15725	zd:20624	kitotna panin ki hehsuah uh a
e15726	zd:19932	mipi te hehthei mahmah uhhi
e15727	zd:19939	Tuahsiatna apian ciangin mipi te hehthei mahmah uh a
e15728	pk:128	tugabawk, heigabawk tawh deeng hi
e15729	zd:16321	heih heih heih, nang na vaksim maw
e15730	zd:19952	Heilei khua Inn 214 pha uh hi
e15731	zd:19952	HeileiKhua ah pawlpi aom teng
e15732	zd:20225	Amahpen China, Heilongjiang Province sungpan hi a
e15733	zd:17003	Northeastern China sung aom Heilongjiang Province, Harbin khuasung ah
e15734	ts:3375	Palpi, heisa, Zozam, Tumtai, Phuitong
e15735	zd:20798	Ngawng in lutang a deihbangbang in a hek kawikawi
e15736	zd:12373	nisim i hek i tatna ah
e15737	pk:15	Ka pi-in patkol tawh pat a hek hi
e15738	zd:9124	Tua kumpi in hekna thuak mikhat peuh pen thusit thei ding hi
e15739	zd:23985	a theihlohkal in a thukawng heksak in
e15740	zd:17212	Ngeina, Pau, Tatdan hekzia kibanglo Minam tuamtuam
e15741	zd:21848	I lungsim leh I tatzia, I hekzia
e15742	zd:24160	Ka pa tangval laiin meilah de in nungak hel uh hi
e15743	zd:18204	kammalte sung uah helh in gen tangtang thei zel uh hi
e15744	zd:17444	Hih vangik namkim te a ki helh in
e15745	zd:16951	A vom leh a puang ki helh bilbial gulpi khat
e15746	zd:24276	hih annamte a kihel dingin helhuai hi
e15747	zd:21908	numeite 30% ciang peuhmah helhuai masa hi
e15748	zd:11621	Japan ah Helicopter khat kia in, mi 9 si
e15749	zd:25346	Tuni Zogam khuapite ah Helicopter lengleng mai hi
e15750	zd:11691	helicopters tawhzong Train Station atungpan in kivial kawikawi in
e15751	zd:17983	helicopters leh Patrol Cars tampi zangin
e15752	zd:21826	bawngnawi tawh helin pia-in
e15753	zd:21815	meltheih te tawh kamphen zang helin kiho kul hi
e15754	zd:19239	Zogam zong Kawlgam sungah ih ki helkha mikmek hi
e15755	zd:19550	asungah aki helkha hidingin ki ummawh hi
e15756	zd:14720	nang koisung ah naki helkha hiam
e15757	zd:15814	adiklo te ah ihki helkhak lohding thupi dinghi
e15758	zd:24276	leh khuaizu helkhawm in vun tungah zong ki nuhthei hi
e15759	zd:18893	Tuabang in helkhawm lecin
e15760	pk:15	hellgam in gawt mun ahi hi
e15761	zd:19709	A mangin hellkhuk pan in laikhak khat ngah hi
e15762	zd:14563	gim tawntungna hellkhuk thute
e15763	zd:16337	hello Zomi Daily, keizong lungdam ing
e15764	zd:12342	hello U Suihlun, dammaw
e15765	zd:21931	Tua sung ah Rakhine state ki hello sese hi
e15766	zd:21706	dikna itna ki hello
e15767	zd:15913	Motorcycle Helmet khu ahih manin
e15768	zd:19353	Motorcycle Helmet zong khutuak uhhi
e15769	zd:25392	ZIPO ki helna thu
e15770	zd:20961	Si a ki helna ahang tampi om thei hi
e15771	zd:24160	Meilah de a nungak helna pan internet tan
e15772	zd:23893	a hun zui-in amau hanciamna tawh helna
e15773	zd:22565	makai mi 56 hong ki helthei uh hi
e15774	zd:18076	tukum numei te tampi ki helthei ahih man-in
e15775	zd:20281	Tutung World cup ah zong helzo nawn lo in
e15776	zd:22683	A hem et phei leh
e15777	zd:25585	ki mit hem gualgual uhhi
e15778	zd:23113	milak ah a hehna uh hem gengen thei uh a
e15779	zd:12422	leisung akiselsim Mines teng hemkhiading uh cihi
e15780	zd:11623	Malaysia gampan in ki hemkhiading cih thu akipia hi a
e15781	zd:20153	ahunlap in ki hemkhiaman kici hi
e15782	zd:14865	ahawlpa pen ki hemkhiaman ahih manin
e15783	zd:15101	sangnaupang khempeuh amuanhuaina munah hemkhiapah uh cihi
e15784	zd:16947	tua Christmas Greetings pen ki hemkhiapah hi
e15785	zd:15924	akhuhna ka hemkhiapah uh cihi
e15786	zd:12040	Commuters tezong Station panin ki hemkhiasak uhhi
e15787	zd:17777	Hotel khat kicim, mi 90 ki hemkhiasak
e15788	zd:19514	mi 10,000 val ki hemkhiasak
e15789	zd:19674	Ministry of Finance panin ki hemkhiata hi
e15790	zd:15023	BBC Burmese Program te ki hemkhiata uh cihi
e15791	zd:17800	avek un ahunlap in ki hemkhiathei uhhi
e15792	zd:11081	vanlengsung panin apualam ah ki hemkhiathei cihi
e15793	zd:17988	Kei pen poina hemna bangmah neiloin a hoih sitset hi ing
e15794	zd:23297	poina hemna neilo ding
e15795	ts:4411	mat leh hen a thuak mimal 25420 pha ta
e15796	zd:15622	mat leh hen tuamtuam tawh kipelh nang thungen ciat ni
e15797	zd:12023	Thupha hong piatek ta hen aw
e15798	zd:16038	Navaang nibang tang hen aw
e15799	zd:17701	Henan Province sunga ateengkhat kici hi
e15800	zd:12355	tuahsiatna atamzaw pen Henan Province sungpan vive hizaw cihi
e15801	zd:19529	Box sungah ki hencipgawp ahih manin
e15802	zd:12752	inndeineu sungkhatah aki hencipgawp uh ahihi
e15803	zd:18007	khaukhattawh akhut hencipsak in, atutna ah lencip uhhi
e15804	zd:23297	Bawngtal in buh a cil laitak in a muuk hencipsak kei in
e15805	pk:161	Hakai pahtak lung heng
e15806	zd:21120	ha heng om lo dinga
e15807	zd:9133	lungno te in na ne in heng
e15808	zd:22815	tua henkol damdam in hong kisut ding tawh kibang hi
e15809	zd:24963	henkol panin suahtakna i ngah pen
e15810	zd:11401	khangto mahmah henla hileh sumlutna tampi piangsakthei hi
e15811	zd:12293	guahtui tampian henla hileh mencim leitolh cihpen kiza pahpah hi
e15812	zd:12364	numei te akhut uh Black henna tawh limzep phadiak uhhi
e15813	zd:12364	Black henna zatpen hoihlo, lauhuai hi
e15814	zd:21417	hennunuai a tehte tuitawh silsiang ding hi
e15815	zd:21119	hennunuai pen cancer natna a dalzo zatui hoih mahmah khat
e15816	zd:17402	Ceiling kawmkal avangkhat panin alu hento hi
e15817	zd:14748	Tuakhit ciangin akalkawm ah hento in
e15818	pk:123	Prome gam leh Henzada dongah teeng uh hi
e15819	zd:17834	Hepatitis B kingahbaih mahmah hi
e15820	zd:15920	gul kimu, aki hepkhiatdan kimawhsak
e15821	zd:13155	CCTV te hepkhiatding khentatna om cih kiza hi
e15822	zd:12442	Tua 309 hepkhiatding lakpan in 131 bang
e15823	zd:12442	131 bang hepkhiatloh in tudong omlai hi
e15824	zd:19514	aomkha tepen ki hepkhiatloh phamawh hamtang hi
e15825	zd:21142	Pumpi sunga guu tuamtuam hepkhiatna huh
e15826	zd:12422	hihbangin hepkhiatna akibawlma inzong
e15827	zd:15507	khuasung mipi te aki hepkhiattheih nadingun panpih uhhi
e15828	zd:16373	lamzikpi panin hepkhiattheih nadingin
e15829	zd:24739	kei adingin amah ka Hero ahihi
e15830	zd:14748	Tua vankham Heroin tepen Plastic Bag tawh hoihtak tuncip
e15831	zd:11348	Heroin 20 gram cihteng mukhia uh
e15832	zd:19662	Bosnia and Herzegovina te in Belpawl gam pan in paikhia
e15833	zd:23727	Na khuh khit le na hetchei khit sim in sil in
e15834	zd:24014	i pau, i khuh leh i hetchei ciangin
e15835	zd:11882	lauhuai lua hethet lo hinapi-in
e15836	zd:21178	nakhempeuh a siamzaw, a kivazaw zong hi hethet lo hi
e15837	zd:11882	lauhuai lua hethet lo hinapi-in
e15838	zd:10761	agentham hethet lo midangte' hong huhna
e15839	zd:25611	ong zahtak ding sa kha hetkei un
e15840	zd:26953	guallelhna bangin ngaihsun kha hetkei un
e15841	zd:21219	ahihlam ong mangngil kha hetkei un
e15842	zd:12701	hihzah in aminthang dingin lamen hetkeng
e15843	zd:11776	khatvei tuakkiknuam hetkeng ci'n genkhia hi
e15844	zd:11251	Hihsum pen kicing hetloding cih kathei hi
e15845	zd:23943	olpak hetloding hi
e15846	zd:19562	mawkkoih hetloding thupi hi
e15847	zd:20440	naupang khatguak innah nutsiatkhak hetlohding thupi mahmahding hi
e15848	zd:11590	Speed Limit khenkhak hetlohding vaikhakna neihi
e15849	zd:17741	lamet hetlohpi in X-ray Screen sungpanin mihingkhat hongsuakkhia
e15850	zd:26411	Bangmah om hetlopi, Topa' sawlna tawh i kipan a
e15851	zd:19878	Lamet hetlopi in Fire Station aom Firefighter te'n
e15852	zd:21262	Kawlgam nainganzi athei hetlote' thugen ahi hi
e15853	zd:10742	Apia hetlote zong kisang ding
e15854	zd:21626	tuni in eimau tung heuh ahong tungkik
e15855	zd:21590	A cihte pawl heuh ka hi gige
e15856	zd:17281	tua aphutkhak inntungpen vangsuak heuhau hi
e15857	zd:15958	anauzawpa ii alu avang heuhau hukkikpen
e15858	zd:21174	hey naupang te kilai nawnkei un
e15859	zd:25333	hey sanggam i suah khitteh nuntakna om lai-in na um hia
e15860	ts:3234	Hezbollah te in Israel gam sung lamah
e15861	ts:4775	Lebanon a om Hezbollah leh Yemen gam a om Houthis
e15862	zd:16951	hi mah ei, tam theih khol keng
e15863	pk:58	Nang kua na hia
e15864	pk:82	Kei in, nasep ka hanciam hia
e15865	pk:92	Lawm, nang bang semsem na hia
e15866	zd:20920	La na phuak ngei hia
e15867	zd:17786	Tun na mu theita hia
e15868	zd:17444	Bangcih zuat ding i hia
e15869	zd:20747	Tua hiaa hih water melon pen ciin huai hi
e15870	zd:21502	Zolai tawh hiaa sim haksa hetlo hi
e15871	zd:23972	Pasal na hiaa numei na hizong
e15872	zd:16327	Huah thuum kenla, hiah thuum in
e15873	zd:19159	hiah kong lak hi
e15874	zd:23641	dinner hiah bawl ding
e15875	23.65.1	hiah om ing
e15876	1.22.7	hiah om ing, ka ta
e15877	42.19.20	ka kepsa na sum tawi hiah a om hi
e15878	1.27.18	hiah om ing; ka ta aw
e15879	zd:21626	siat leh kiatlam a manawh hiai-hiai ta hi
e15880	zd:12313	Vanleng gin khawng hong kidang hiai-hiai
e15881	zd:12074	hiai hun a apaikhawm theiteng
e15882	zd:23765	sum muhna kiam hiaihiai ding hita
e15883	ts:3369	a nini-in gim hiaihiai hi
e15884	zd:15274	Laisiangtho sangte kiam hiaihiai ta hi
e15885	zd:12074	hiaihun ah ahongpai theilo lawm bangzahhiam om hi
e15886	zd:10973	hiaihun ah Zomi Choir 400 kiim kava kihel uhhi
e15887	zd:22686	Hih ciang tawh hial bawl phot ni
e15888	zd:24542	2 Timoti 4: 7 thu tawh athu hial hi
e15889	zd:23086	a thu ong hial bawl pah mawk hi
e15890	zd:21027	A haksat thu in ahileh baih hial lo hi
e15891	zd:22935	innvakna leh pawlzotna hialbawl ta hi
e15892	zd:19320	meeting ki hialbawl hi
e15893	zd:11955	Paakhuan sungah, vak hialhial uh hi
e15894	zd:13144	Bazarte ah vakkhawm hialhial uh a
e15895	zd:15114	khetawh apaikhawm hialhial uh ahihi
e15896	zd:22087	tem hiam pen zong suak thei hi
e15897	zd:14927	Banghang hiam cihleh Jesu in nasem ding a hongsawl khiatte ihihi
e15898	zd:23297	bang sem deuh uh hiam cihleh music lam tavuan la diak uh hi
e15899	zd:15425	kangdeu hiam cihpen kitheicianlo cihi
e15900	zd:12099	asi hiam cihpen bangmah ki gencianthei nailo hi
e15901	zd:19303	Company te ii nasemte hiam cihpen kitheician nailo
e15902	zd:21706	Banghang hiamcih leh galkapte in thuneihna tampi len lai uh hi
e15903	zd:19915	ih nunglam ah bangpiang hiamcih i et nading
e15904	zd:18924	Banghang hiamcih leh piangthak lo hi
e15905	zd:13076	banghang hiamcihleh lui gei ah kisuan hi
e15906	zd:21037	Banghang hiamcihleh, biakna pawlpi cihciang in, a tuamtuam om
e15907	zd:16910	hiamgam takin vat zel uh hi
e15908	zd:24804	hiamgam mulkimhuai mi tul tampite'n a tuah lai-un
e15909	zd:9242	Tua zawh nipikal bangzah hiamkhat khit ciangin
e15910	zd:18102	temta namsau tawh akibang hiamkhat
e15911	zd:15245	aha pen hiammahmah leh kilawm hi
e15912	zd:15278	China ah temta hiammahmah tawh
e15913	zd:17123	midangkhat hiamtawh liamsakna hangin thu kibawlding
e15914	zd:25673	hiamtawina tawh a ngahsawm namnih a om hi
e15915	zd:25678	hiamtawina tawh democracy a ngah sawm
e15916	zd:15374	akhutsung ah bangmah hiamvan kimulo cihi
e15917	zd:17069	Tua galvan, hiamvan te lakah
e15918	zd:12257	hiamvan Weapon khatin akituat hi a
e15919	zd:20400	thu theihtheihna hiang tuamtuam
e15920	zd:11394	Budhist sung ah akhauh mahmah hiang khat
e15921	pk:26	hiangsing a suan hi
e15922	zd:19358	Taingen le Hiangzing kikal ah mawtaw tuahsia
e15923	zd:20972	Hiangzing ah an ne in
e15924	ts:5513	Hiangzing khuaneu leh Kalaymyo khuapite ah galtai uh
e15925	zd:22396	metna ding om hiaulo ahih man in
e15926	zd:22448	Ei neihsa a hihhangin thu ki nei hiaulo hi
e15927	zd:21866	Gen bekin ki-it hiaulo kha hihang
e15928	zd:25148	Asun azan in pai hiaumawk ahih man in
e15929	zd:22749	khanglam ah len mang hiaumawk hi
e15930	zd:22002	ci-in pia hiauzen hi
e15931	zd:16897	hibang thupiang thei ding ahi hiam
e15932	zd:21869	hibang ngaihsutna tawh nitak tawlga in
e15933	zd:23487	hibang dan in lawhcin na hong pai ding hi
e15934	zd:16391	China gamsung ah hibangdan apuakkham pen omthei zelzel a
e15935	zd:19550	gamkician te ah hibangdan hipah setset uhhi
e15936	zd:23670	Amah in hibangin ci hi
e15937	zd:22122	Tua ciangin puteekpa in hibangin gen hi
e15938	zd:15384	Jonah in hibangin dawng hi
e15939	zd:21018	athu a kitawng-a kinial ding hibeka
e15940	zd:21309	Schedule Tribe ah phiatding hibeka
e15941	zd:24464	deihuailo hibeklo, lauhuai hi
e15942	zd:15178	Tuaban ah thautawizong hibeklo, temta khattawh
e15943	zd:15051	Guah atam mahmah laitak hibilbel a
e15944	zd:15949	zingsang ansai aki honma hibilbel hi
e15945	zd:18157	nasem mi 2 bek aomni hibilbel cihi
e15946	zd:24814	hici bang thuhilhna a hilh mi
e15947	zd:22623	hici bang hun nuamtak hong zawhpih
e15948	zd:24356	a kisap hun pen hici bang hunte ahi hi
e15949	zd:19589	I taangthu pen hiciang tawh tawp hi
e15950	zd:19556	A mah omkei leh hiciang katung ngei keiding hi
e15951	zd:22171	A hiciang khat na thuakzawh ding hanciam in
e15952	zd:16433	hicibang mihingte kholhpih lawm
e15953	zd:13179	hoihtak khangtheilo in hicibang in apiang hi
e15954	zd:21369	Tua ahihleh hicibanga nalawhcin na uh
e15955	zd:13178	hicibanga ong nusiatna hangin
e15956	zd:21083	neiden hicih phawk in
e15957	zd:25932	lungnuamtak in om thei uh hicih kiphawk ding kisam hi
e15958	zd:21989	na a sem thei nih om hicih ka telcian kei hi
e15959	zd:24130	ka hicih hun tam lua
e15960	zd:17675	mite in a hicih man vua khangto hi
e15961	zd:25601	Kei' muhna atom in hidan hi
e15962	zd:17687	Zomite sungah zong hidan om simsim ta leh kilawm hi
e15963	zd:24082	hidan pen nasep tawlman, laitam simluat man a piang hilo hi
e15964	zd:20973	hidanin a gamta mi tam simsim leh kilawm sa ing
e15965	zd:24121	a lut ding pen hidanin ciangtanh in
e15966	zd:14507	Oppa Gangnam Style pen aki limetpen View atampenpen hiden hi
e15967	zd:10731	a zuite hamphatna ding hiden zaw hi
e15968	zd:10892	Topa Zomi te thupha a hiden dingin
e15969	zd:23761	mi atamzaw in uliante maipha en uh hideuh sa ing
e15970	zd:19679	hun nunung tawh kisai alunglut tading hideuh hi
e15971	zd:17442	ka bukteng uh hal hidi' ven
e15972	zd:17341	kacih leh alungnuamlo hidi' ven
e15973	pk:92	Cihte hidiak hi
e15974	zd:24320	Nulepate' thupha pen leitung-thupha hidiak hi
e15975	zd:23554	Pasian um mite na hidiak uh hi
e15976	zd:20328	Amau' khensat dandan hiding hi
e15977	zd:21856	Tua hun lai-in kuate hiding hiam
e15978	zd:12822	ZAM thukhun leh dante' azui ding mi hiding
e15979	zd:17834	pawlkhat Pipe akitapna munte ah ektui alutkha hiding cihi
e15980	zd:11889	Bonnet pen khakcipsa in akoih hiding cihi
e15981	zd:26097	Thangpu zong alungkimta hiding hiven ciahpah vingveng in ihmu thei pah hi
e15982	zd:19779	Tua lai khuak hat lai hiding hiven
e15983	zd:15435	natna atuamdiak khat hiding kici hi
e15984	zd:17375	January 16 ni hiding kici hi
e15985	zd:23487	team khat ciangin RM 1000 hidinga
e15986	zd:20968	Idol lutman RM 150 hidinga
e15987	zd:21590	ki khenpak cihbang hidingaa
e15988	zd:11062	pasian deihna om hidinghi
e15989	zd:16772	Minute 15 sungkhawng hidinghi
e15990	zd:20302	Ahi zongin koi ah pai hidinghiam cihpen kitheicianlo cihi
e15991	zd:12208	koi ah om hidinghiam ci'n innsungteng zongkawikawi hi
e15992	zd:11283	banghangin azin hidinghiam cihpen kitheician nailo hi
e15993	zd:21829	suahkum pen 1883 kum hidingin ki ummawh hi
e15994	zd:23298	Hih thunih gawmin KHUADO kici hidingin ki-um hi
e15995	ts:3508	Pasian piak thu mah hiei acih ding
e15996	zd:16337	Tudong haksak kasaklai Mikangpau hiei
e15997	zd:13332	South Korea gamsung Highway khatah mawtaw 7 ki phukhagawp
e15998	zd:20406	A kitel khial Highway nihte
e15999	zd:19036	Motor kiphukha in Highway tungah
e16000	zd:11364	Lungduaina pen gualzawhna khat higige hi
e16001	zd:16580	mat aki thuakthei dinmun higige hi
e16002	pk:44	hih tangvalpa in, a thahat hi
e16003	pk:56	hih in, laibu khat ahi hi
e16004	pk:57	hih laibu, hoih mahmah hi
e16005	pk:66	hih laibu in kei a hi
e16006	pk:66	hih inn in, ei a hi
e16007	pk:67	hih mawtaw, amau' neihsa hi
e16008	ts:3280	hih thu lungngaih huai mahmah sa ing
e16009	ts:3366	hih hun lai in vanleng cihbang om nailo hi
e16010	ts:3805	hih lam taizaw ding
e16011		hih mun ah ding in
e16012	61.3.1	hih nih veina lai kong gelh hi
e16013	62.2.26	hih bangin kong gelh hi
e16014	23.14.28	Ahaz Kumpipa a sih kumin hih thu hong tung hi
e16015	2.20.1	Pasian in hih thute khempeuh gen a
e16016	zd:24365	a banah bang hih ding i hiam
e16017	zd:24411	Hiah bang hih na hiam
e16018	ts:6525	a hih theih zahin
e16019	zd:23057	Ei Zomi te Pasian mite hihang
e16020	zd:20860	I puk leh thokik ding hihang
e16021	zd:20329	Haksatna mudah lo ding hihang
e16022	zd:15874	Minam lian ih hihna lakzo ding hihangh
e16023	zd:16336	unaute tawh sisan in kinai zaw hihangh
e16024	zd:22992	A taktak a thu hihbang ahi hi
e16025	zd:16849	A laigelh pen hihbang ahihi
e16026	zd:14718	Banghang in hihbang in gamta cihpen kitheician nailo cihi
e16027	zd:20545	hihbangaa hong gen ka hi hi
e16028	zd:19239	hihbangaa Zogam leh Sagaing Taing gamgi buaina ki gen ngeilo hi
e16029	zd:11803	hihbangdan gamtatpen hoihhetlo hi
e16030	zd:16946	Malaysia gamsung ah hihbangdan gamtatna kizathei zelzel hi
e16031	zd:19567	Tukumsung in hihbangdan meikatna pen a 9 veina bang hita hi
e16032	zd:23670	Amah in, hihbangin ci hi
e16033	zd:17841	hihbangin kigelh hi
e16034	zd:24276	hihbangin hih lecin na om nuam in
e16035	zd:15123	hihbangliang gitloh ngongtatna pen kamittawh kamuhcilna hi
e16036	zd:21067	hihbangliang in atuahsia gawp kizanai samlo hi
e16037	zd:19453	hihbangte hangin, gammite in
e16038	zd:17060	hihbangte hang ana hi gige hi
e16039	zd:19213	hihbangvai aom ciangin
e16040	zd:16717	Myanmar gammi zong hihbangvai tawh akiman omzeuhzeuh theihi
e16041	zd:19554	hihbuaina pen tuni Monday sunlam in thupiang ahihi
e16042	zd:16336	hihbuaina eikiang hong tung ding hi
e16043	zd:11103	NLD leh ASSK hihciang atungna pen 88 te hang hi
e16044	zd:20091	hihciang atheilo MP-bel omtuak laai mahmah mawknaven
e16045	zd:21219	hihciang lawmlawm pen ahi lel ding thu ahi hi
e16046	zd:15886	banghangin hihcibang piangtheimawk hiam
e16047	zd:16890	hihcibang mihingzong aom takpi hihtuak mawk a
e16048	zd:13179	thukhat hangin hihcibang apiang hiding cihi
e16049	zd:21607	A rule pen hihdan ahi hi
e16050	zd:16216	banghang in hihdan in ukna nei nahitam
e16051	zd:25223	Sawltak Paul in, hihdan in naci hi
e16052	zd:21085	Kam a paunuam mi na hihding kisam hi
e16053	zd:21235	economist hihding zong kisam lo hi
e16054	zd:11346	na khempeuh hihding kilawmlo hi
e16055	zd:15859	na cihbang hihen Topa aw
e16056	zd:17426	kong vehna uh hihen
e16057	zd:19679	Gamhoih pen hihet lo hi
e16058	zd:12072	muanluat pahpahding hihetlo hi
e16059	zd:15759	hihpen akhatveina hihetlo dinghi
e16060	zd:25228	ki el bawlbawl hun hihetlo hi
e16061	zd:21409	kumsawmval hihgamsung ah ki omsak khinta hi
e16062	zd:15848	hihhang inzong kum 1 sung thongkiading in thu kipia hi
e16063	zd:16022	Numei hihhang a politics sem theilo ding thukhun omlo hi
e16064	zd:25221	FBBC pen manglaisang a hihhang in
e16065	zd:17883	A hihhangin, Jonah in lungdampih zolo hi
e16066	zd:22988	na hihhangin lungneu kei in
e16067	zd:22171	A hihhangin, pumphat gawp ding hi lo hi
e16068	zd:17309	tawh kibawltheih zong a hihhi
e16069	zd:12708	hihhun sungin kimat kihen zong omzawdeuhthei sawnsawn laihi
e16070	zd:14826	hihhun sungah Zogam pan hong pai
e16071	zd:20892	Nasep ding lian pen tua a hihi
e16072	zd:21417	zatui hoih mahmah khat a hihi
e16073	zd:24064	Thumaan lam a manawhte i hihi
e16074	zd:10857	Cold War i cihcih bang hihiam
e16075	zd:21989	Koi pen tel zaw ding na hihiam
e16076	zd:24427	Na tha hatlai koi ah mang na hihiam
e16077	zd:17249	Nuamtak in na khe nga hihiat in la tu in
e16078	zd:8667	Thusia pel in om hihiat lel in
e16079	pk:66	hihin ka laibu ahi hi
e16080	zd:16412	hihin nuntakna dingin a thupi mahmah khat ahi hi
e16081	zd:25393	hihin an nek thunget dan ahi hi
e16082	zd:23733	hihin Zomite tangthu sung ah a kiciamteh ding
e16083	zd:26097	Vangtung mite zong hihkan in a etlawm zen tam
e16084	zd:13149	hihkan in amanzawding in septheih omtuan nawnlo cihi
e16085	zd:20195	Tua a hihkei leh suakta tak in lumsuk ding hi
e16086	zd:21012	a hihkei leh i piannop dan kician takin theih masak ding ahihi
e16087	zd:21083	Limlangmai a hihkeileh na lawmte mai ah kisin masa in
e16088	zd:21155	a hihkeileh sweet khat peuhpeuh tawh zongh kibawl thei hi
e16089	zd:21796	Tuabang mi na hihkhak phialleh
e16090	zd:17221	acite i hihkhak ding kidawm ni
e16091	zd:9451	Na pen hihkhialh theih hi a
e16092	zd:24248	hihkhialh neilo in na om kei ding a
e16093	zd:17017	Hih meikang pen hihkhuasung ah ihmuhkhak ahuaisiapen
e16094	zd:16952	hihkhuasung mahahzong ateensuak ahihi
e16095	zd:16032	hihla pen, 1987 kumin ka phuaka
e16096	zd:21796	hihlaibu in nang hong kikhel sak ding hi
e16097	zd:21869	hihlaibu honghilh bangin mitampi in noptuamna ngah uh hi
e16098	zd:19969	tua a hihleh hoih hi
e16099	zd:22742	nasep a hihleh khawlphot zaw in
e16100	zd:20761	a hihlohnapi khat uh a kimawhsak ciangin
e16101	zd:17309	Munthak a hihmah bangin
e16102	zd:17655	Zomi ka hihmah bang
e16103	zd:25866	Mizoram pen India ah beelpawlgam a hihmah bang in
e16104	zd:25165	Tuuk-hun sung a hihmah bang in
e16105	zd:17655	Zomi ka hihmah bang Pasian in Zomi aa hong bawl
e16106	zd:23572	Muanhuai lo i hihman in kimuang lo hihang
e16107	zd:21662	Ama phalna ngah ka hihman in
e16108	zd:11206	Tusung teng buaizel ka hihman in
e16109	zd:20892	Seploh phamawh a hihmanin kasem hi
e16110	zd:23212	Lei zo lo ka hihmanin ka pia kik hi
e16111	zd:20896	Pilna zonglo i hihmanin pilna i nei kei hi
e16112	zd:20633	mipite lungsim sungah lung hihmawhna leh lungnop lohna lianpi hong piang hi
e16113	zd:17896	USCIS vai Zomite lung hihmawhna
e16114	zd:20895	ka lung hihmawhna hong thei sak pong hi ing
e16115	zd:8375	lawm aw bang hihmawk na hiam
e16116	zd:24289	hihmun ah thanemna namnih ihmu hi
e16117	zd:20477	hihmun ah thuteldot leh thalnial kibang theilo hi
e16118	zd:24593	hihmun pen siamna, pilna, thutheihna khat peuhpeuh I sinna mun hi
e16119	zd:13076	Tate hihna taktak a thei zolo pa tampi mah om hi
e16120	zd:25139	Mite hong theihdan leh i hihna taktak pen
e16121	zd:16060	na hihna taktak hong tel lo uh ahi hi
e16122	zd:22171	thu a hihnak leh natheih thukhat pepeuh hawmkhia
e16123	zd:17060	ka cihbangbang in ahong hihnak uh leh
e16124	zd:10745	Zomi laizom khat hihnatawh lainatpihna lahna in
e16125	zd:23822	hihnatna akipat phetin kigin dingte kiging pah
e16126	zd:23784	hihnatna lungno mitungpan kilawh natna nam ahihman in
e16127	zd:11135	I hihngei dan bekbek cileng
e16128	zd:12231	hihni pen Public Holiday in ciapteh vaiding
e16129	zd:17060	Tedim vai leh hihni tawh a ki tuak sese
e16130	zd:12987	hihnu ii nasep pen
e16131	zd:11312	hihnu pen Vietnam gammi kici hi
e16132	zd:12835	hihnu pen kum 8 aphak laitak in
e16133	41.14.9	mun khempeuhah hihnu’ thu kiphawkin
e16134	42.20.33	A unau sagih mahin hihnu tenpih ciat khin uh
e16135	41.12.23	hih unau pasal sagihte in hihnu tenpih kim ciat uh
e16136		hihnu koi ah om a hiam?
e16137	7.13.11	hihnu kiangah thugenpa nang na hi hiam
e16138	8.1.19	hihnu Naomi mah ahi hiam
e16139	zd:12450	hihpa pen khuasung ah sumbawl khat ahihi
e16140	zd:14587	hihpa Video na en zelzel un
e16141	zd:15491	hihpa pen alawm tetawh gualnuam in Picnic apaikhawm uh ahihi
e16142		hihpa koi ah om a hiam?
e16143	42.19.25	hihpa in dangka tawi sawm a nei zo hi
e16144	24.26.11	hihpa in hih khuapi langpan’in thu hilh ahih manin
e16145	42.19.24	Sum tawi khat hihpa khut sung pan lakhia un la
e16146	43.9.2	kua mawhna hanga hihpa’ mittaw ahi hiam
e16147	43.7.27	hihpa koipan hong pai cih i thei hi
e16148	42.18.14	hihpa in mawhmaisakna ngahin innah a ciah hi
e16149	44.5.28	kote tungah hihpa’ si hong tun’ nading
e16150	9.16.8	Topa in hihpa zong teel lo hi
e16151	zd:22203	Na lut zawh phet in na hihpah kulhi
e16152	ts:3369	Cing Khup' gen bangin a hihpah takpi hi
e16153	zd:15924	hihpawi pen Monday nitaklam in akibawl ahihi
e16154	zd:23298	Tapidaw asuakkhin ten hihpawi bawlkul ding hiam
e16155	zd:11023	hihpeen tax tawm tamngah zaw ding cihna hi
e16156	zd:23569	kisapna hihpeen mipil misiam leh mihau te ading hihi
e16157	zd:21219	hihpen a sangpen hilo hi
e16158	zd:20092	hihpen mipilte thuhilhna a hihi
e16159	zd:16665	hihpen khiatna namnih neisak ing
e16160	zd:17632	Banghun ciangin hihphual panin ka paikhiathei uhdiam
e16161	zd:15276	hihphual ah banghun ciangin vanzuakna kibawlkikding
e16162	zd:14941	pawlkhat te'n hihsang athupizaw
e16163	zd:15543	hihsang thahat zaw leng Zomi vang ding hi
e16164	zd:12434	hihsang in agolzaw leh asauzaw Southern Florida ah kiman ngei kici hi
e16165	zd:11707	Manufacturing Job pen hihsangin tampi ki behlapsak zawlaiding
e16166	zd:20173	mailam ah hihsangin huihpi leh guahpi
e16167	zd:19523	amaute tungah thupha hihsawm gige ding hihang
e16168	zd:15762	Tuahsiatna ahangzong hihsung ah kihelpah hi
e16169	zd:19117	hihsung ah thuhoih thupha tampi a sinkhin mi pil tuamtuam
e16170	zd:21657	Mary kumpi nu a hihsung kum khat sung
e16171	zd:11674	hihtak ah tuadan mah in na ki ngaihsun ing
e16172	zd:21376	Zomite lak ah hihtak a i gen
e16173	zd:12645	hihtawh hileh gualzotak in thumvei aki bawlna hita
e16174	zd:14606	hihtawh kizomvet in naunawi piakzong kidop huai hi
e16175	zd:15874	Zogam it tektek ih hihteh ei mahmah in
e16176	zd:21183	tutna hawm dingte hi lo ih hihteh
e16177	zd:22203	hihteng pen Pasian hangbek in
e16178	zd:25180	hihteng atom in hong genkhia hi ung
e16179	zd:23332	hihteng pen ommuan in ka lungngaih khak teng hi
e16180	zd:23985	na hihtheihkei leh hong sia zaw ding hi
e16181	zd:20652	Tuni bawngtal tawh a hihtheihkei leh
e16182	zd:21837	A hihtheihleh lawmte tawh tonkhawm in
e16183	zd:23985	a hihtheihleh mi hoih khat tonpih in
e16184	zd:22450	Ama gengen hihtheihnate pen tangthu bek hong suak
e16185	zd:21149	Ka hihtheihzah in a hoihpen in sepding ka ngaihsun ta hi
e16186	zd:23929	i hihtheihzah in i puah i zuun ding
e16187	ts:3366	hihthu I thupi ngaihsut ding in I deih hi
e16188	zd:24314	Midangte in zong hihthu a genlo hilo hi
e16189	zd:21869	hihthu na tel mahmah ding kisam lai hi
e16190	zd:21876	hihthupen thulamdang hi tuanlo hi
e16191	zd:17070	hihthupen ei mimal a dingin bangci zattheihding
e16192	zd:16647	hihthupiang pen atakpi hi a
e16193	zd:12285	hihthupiang teng aki theikhiapan cihi
e16194	zd:22116	Midangte kiangah hihthute na gensawn in
e16195	zd:19679	hihthute khempeuh hongpiang ding hi
e16196	zd:12327	Ki lunglut mahmah hihtuak hi
e16197	zd:17945	bangmah nasep kician neimello khat hihtuak hi
e16198	zd:13072	lawm kingai zong hihtuaklo uhhi
e16199	zd:15732	ahi zongin gultaktak zong hihtuaklo a
e16200	zd:15788	Thau akiman pen tampibel hihtuaklo a
e16201	zd:15781	lamkhang kendangkhawng leisai vukziauziau hihtuakmawk ahih manin
e16202	zd:14883	utlohman hiding cihtawh ahehgawp hihtuakmawk hi
e16203	zd:17547	hihvai hangin mipi te solitlit uhhi
e16204	zd:15951	hihvai tawh kisai pen ko zong hamsa kasa mahmah uhhi
e16205	zd:13243	hihvai tawh kisai in bangmah Statement genkhiattheih ompak kei
e16206	zd:18244	hihvaitawh kisai in Police Statement khatzong ki khahkhiakhin cihi
e16207	zd:17188	hihvaitawh kisai in Wednesday ni in genkhia uh cihi
e16208	zd:20173	hihzahliang in Mon State sungah ahuaisia omngeilo kici hi
e16209	zd:17802	hihzahliang in setsiatna, buaina omngei nailo cihi
e16210	zd:15163	hihzahzah mihonpi pen sauvei kikemzolo dinghi
e16211	zd:12976	hihzahzah sum kipiakpen
e16212	zd:24224	hihzong ngaihsut khialhna mah hi leuleu hi
e16213	zd:25919	A hihzong in Pasian in ih deihdan aa hongtheih ding hongtelsak in
e16214	zd:24417	Amaute vaai a hawm ding te hii lo-in
e16215	zd:21626	a tungaa ih hii-na te khempeuh
e16216	zd:20900	cih pen Meitei pau hiin
e16217	zd:21027	Macora pen American hiin galkap innkuan sung panin
e16218	zd:23761	Ken zong U Dongno dinmun lian hiing
e16219	zd:15730	a vok-hiing ih veengte in
e16220	zd:21780	A dai hiithiat khua khat hi lai hi
e16221	zd:21117	aki dai hiithiat lel hi
e16222	zd:11827	Mi 200 val atuang vanlengkhat aki Hijack sawmlaitak
e16223	zd:12108	ki suhsak, ki Hijack sak in ci uhhi
e16224	zd:21690	hik khawng, khak khawng zong nei thei
e16225	zd:19858	Hih HIV hik pen AIDS natna a piangsak ahi hi
e16226	zd:19846	Koi pan hih natna hik kingah thei
e16227	zd:16287	meileng akhak ciangin aci hik in
e16228	zd:12541	khe hik liang in tu tentan
e16229	zd:20808	Kuabawl hikei, eima' bawl hi
e16230	zd:20545	Tuabek hikei, WB, ADB te in zong za nailo kha ding hi
e16231	zd:25447	tua hikei leh zatui an bangin nazat hong kul ding hi
e16232	zd:22116	lai at siam zong hikeng, la phuak thei keng
e16233	zd:19455	Smart phone te hoihlo hi ci hikeng
e16234	zd:15754	Hih limpen Internet tungpan in akilasawn hikhading hi
e16235	zd:16834	Chinese National khat hikhading hi
e16236	zd:24379	Tua bang hikhin lo hi
e16237	zd:15697	Ih kikholhpih khempeuh i-lawm hikhin lo thei
e16238	zd:25461	buaina khempeuh amah hikhin samlo hi
e16239	zd:17177	Nasepna bekbek lah hikhinlo a
e16240	zd:14892	a nui khempeuh a lungdam hikhinlo thei a
e16241	zd:19340	mi khempeuh na hikhinlo cih hong phawksak hi
e16242	zd:20050	kalkhat valbang hikhinta kici hi
e16243	zd:15924	kum 10 sungbang hikhinta hi
e16244	zd:20562	127 veitak hikhinta hi
e16245	zd:11081	Air Safety Record pen ahoihluapi hikhollo kici hi
e16246	zd:22662	meikuang pen tuazahpi hikhollo himahleh
e16247	zd:11401	aki etkik ciangin Thai te hikik bilbel hi
e16248	zd:17814	Tulaitak Siamsin hikik thei ding hi leng
e16249	zd:24118	pen Top-down vive hilai hi
e16250	ts:3164	a hau pen gam hilai uh hi
e16251	zd:24310	hilai na inn hi
e16252	zd:24310	hilai na ciahna ding mun ahihi
e16253	zd:17547	iPhone khatlel hangin mihing khatin anuntakna abeilawh hilawmlawm a
e16254	zd:19932	lampi tungah tuikivung tawh asawp uh hilawmlawm ahih manin
e16255	zd:17971	Nainganzi siamnam hile hang bel piang ding hi
e16256	zd:23733	No hile uhcin bang ci ding
e16257	zd:14613	Nang thukhending hilecin kua nagum zawtam
e16258	zd:19709	lam honglak hilecin kei hellkhuk lampi ah pai kha lo ding
e16259	zd:19219	dinpih zo hileeng kua man ong nial lo ding hi
e16260	zd:24496	a theilo bang hileeng
e16261	zd:16897	Moses leh Aaron inbel tuiduh nailo hileh kilawm hi
e16262	zd:12998	Tua man hi ding hiam, Jacob in a khem hileh kilawm hi
e16263	zd:21945	Pasian in ngak hileh kilawm hi
e16264	zd:22312	hih zo hilehang Saint Valentine sangin I neu zaw tuan kei ding
e16265	zd:17339	Kawlte leh sanggam pawi lamte dan in media hat hilehang
e16266	zd:24088	USDP hilehzong bang lamen tuanding
e16267	zd:18211	Amasa in meikhu mawkmawk hilelding ci'n ka thudon kholkei hi
e16268	zd:14952	guahzu hilelding in angei mahbangin tuatlel a
e16269	zd:19058	Mizogam dan bang hileng
e16270	zd:20587	Zomi te kipawl khawm thei hileng bangzah ta in ki thahat ding
e16271	zd:23528	mi 3000 om hileng kinei khia zoding
e16272	zd:16331	mipi tangmi khat hilengh
e16273	zd:23664	Kei hilengzong piakeining
e16274	zd:24282	Falam lamte makaihna hong hileuleu hi
e16275	zd:17854	ahahkat mahmahpen khut hileuleu hi
e16276	pk:22	Lai a hilh hi
e16277	zd:21978	Sunday School ah zong hilh lai hi
e16278	zd:8667	a hilh ding pen Nu leh Pa hi
e16279	zd:23037	A hilh thei ding zong hi
e16280	42.13.10	kikhopna inn sungah thu a hilh hi
e16281	54.4.11	Hih thute vaikhak in la, hilh in
e16282	19.119.12	na ngeina kipte kei hong hilh in
e16283	44.14.7	tua gamah Lungdamna Thu a hilh uh hi
e16284	48.1.11	keimah in ka hilh Lungdamna Thu
e16285	42.3.18	Lungdamna Thu mite kiangah a hilh hi
e16286	20.4.11	Na pil nading lampi kong hilh zo a
e16287	23.28.26	ama Pasian in amah hilh hi
e16288	23.40.13	kua in amah hilh ahi hiam
e16289	zd:19976	hoihtak in hong hilhcian mahmah hi
e16290	zd:25475	Laisiangtho hilhcian a siam phadeuh
e16291	zd:21656	na ngaihsut khialhna a om leh ong hilhcian lel ding uh hi
e16292	zd:23989	Hih hilhcianna tawh kizui in
e16293	zd:11702	thuhoih tampi CLU in hilhcianna hong neithei uhhi
e16294	zd:22950	ZYA le ZCD vai hilhcianna
e16295	zd:25275	Thuman takin hilhding in
e16296	zd:23156	guptuam, paihtuam neiloding in hilhding uh hi
e16297	zd:20964	Kambek tawh hilhlo in gamtatna leh sepkhiatna tawh
e16298	zd:19465	anu apa te'n hilhlo ahih manin
e16299	zd:20970	Pasian in hilhlo hileh
e16300	zd:19709	thuman lampi nong hilhloh man a hihi
e16301	zd:22116	thu hilhloh in koihpeuh in a ci i hi kei hi
e16302	zd:19168	kong hilhnop uh tam mahmah hi
e16303	zd:21945	Pasian in gennop hilhnop khat hong nei
e16304	zd:8667	namdang mite nunzia hong hilhnuam hi
e16305	zd:21140	lungdam dingin hong hilhzaw hi
e16306	zd:23441	Zo ngeina hi ci-in I hilhzaw diam
e16307	zd:20801	Na nu in hong hilhzawh kei leh
e16308	zd:20572	special takin sia ten hilhzel uh hi
e16309	zd:12050	ci-in genzel, hilhzel uh hi
e16310	zd:20207	atamzaw commercial taktak hilian lo napi
e16311	zd:24594	Ka deih mahmahte hilian ei
e16312	zd:19775	UK gamsung bangah 20% tak hiliang hi
e16313	zd:11581	Nute' itna hihzah hiliang maw
e16314	zd:13240	Bang hangin Hillsong te Praise & Worship nuam kisa mawk hiam
e16315	zd:23025	Hillsong Pasian biakpiakna makai leh laphuakpa
e16316	pk:92	hilo ding hi
e16317	zd:23896	Lei zawh ding zong hilo hi
e16318	ts:479	A ciilin gualnop pawi zong hilo hi
e16319	zd:17933	Na' min mi' min hilo-hiam
e16320	18.12.11	bil in thu ngai tel hilo ahi hiam
e16321	59.2.7	amaute in a gensia uh hilo ahi hiam
e16322	18.30.25	a cimawhte dahpih hilo ka hi hiam
e16323	42.11.40	a sunglam zong bawl hilo ahi hiam
e16324	zd:12564	i gam hong uk lai khawng hilo dia maw
e16325	zd:20477	ei teeldantek hilo dia maw
e16326	zd:12761	Electric Short-circuit hangin meikang hiloding cihzong genkhia uhhi
e16327	zd:11545	amahpen nasep laitak akia hiloding kici hi
e16328	zd:24231	Mi pen kisim mawh ding hilohi
e16329	zd:17437	hamsatzia gen zawhding hilohi
e16330	zd:23551	degree peuh mawk deih ding hilohi
e16331	zd:14597	Numei sungpanmah in hong pusuak hilohiam
e16332	zd:11587	RSD phithei mengmeng lecin lungdamhuai zawtham hilohiam
e16333	zd:25464	Khangnote bek hiloin khangham leh naupangnote nangawnin zang ta hi
e16334	zd:23512	Zomi te minam neu hiloin minam picing
e16335	zd:19831	Tuate pen gul neuno cikcik hilolai hi
e16336	zd:20444	A Nihna zong hilolai
e16337	zd:11057	cihpen gentheih hilomawk hi
e16338	zd:15547	Ka mittang pen khua amukik nawnding hilomawk a
e16339	zd:16415	Hell khuk lauh man hilozaw in
e16340	zd:17166	Building innpi ii asunglam hilozaw in
e16341	zd:20545	hilua, ki telthei mah hi
e16342	zd:20999	eimite omna hang hilua hi
e16343	zd:19160	Himachal Pradesh State sung aom sanginn khatah
e16344	zd:20272	Himachal Pradesh State ah Passenger apua Bus khat
e16345	ts:4831	Himah taleh mipite in CDM zomsuak veve uhhi
e16346	zd:25572	Himah leh hizah tawh khawlbawl phot ni
e16347	zd:11917	Kumpi pa bel si khin Himah leh
e16348	zd:24502	sangkah ngeilo himah ta leh avek in thei hi
e16349	zd:19662	Tawlkhat sung bang galzo himah ta se leh
e16350	zd:11917	kiteelpi bawl ding himah taleh tualgal a kipatna hangin
e16351	zd:25015	himah taleh mipite in CDM zomsuak veve uhhi
e16352	zd:11262	himah taleh Feb 14 ni pen lawm kingai te ni
e16353	zd:21070	khasia mahmah mai kha ding himah tase leh thupha paih veve hi
e16354	zd:16376	Agil ah zong kilangh hetlo himah tase leh
e16355	zd:12565	alutkik nadingin zolzol uh himahleh utvetlo hi
e16356	zd:14709	akanphei himahleh mawtaw in nawkveve
e16357	zd:11259	Aizongin nasa mahmah himai hi
e16358	zd:25477	tuadan gen ding tam lua himai
e16359	zd:23037	9 tepen Judah mi himai thei hi
e16360	zd:25115	tua bang gimnam a om lam zong theilo uh himaithei hi
e16361	zd:25115	Himalaya leh Mount Everest tawh kisai laibu ka sim kha hi
e16362	zd:24215	India gam tawh zong Himalaya mualsang kim tengah gamgi vai-in
e16363	zd:21140	tuate himasa lo ding hi
e16364	zd:21305	a minuh hoihlua cih himasa lo hi
e16365	zd:11759	innsungah himasalo zaw in innpualam Outdoor hizaw hamtang
e16366	zd:12936	ataktak in mihing puaknading himasalo a
e16367	zd:12217	nisim in kalung himawhden hi
e16368	zd:23594	lung himawhden, khasia pahpah, heh pahpah
e16369	zd:24481	Lung himawhna ding omlo hi
e16370	zd:10777	lung himawhna pen zongsatna namkhat hi-in
e16371	zd:25937	Ka kiho tawpni uh hong himawk hi
e16372	zd:25680	Mangngilh theih loh ding khat himawk ei
e16373	zd:19962	Mihing te lunggulhna pen atuamtuam himawk a
e16374	zd:17830	bang ngimna uh himawkding hiam
e16375	zd:16511	gul atamlai mahmah himawkding hi
e16376	zd:14901	Myanmar Team te'n azo himawkleh thuakbaihlo khading uhhi
e16377	zd:18054	Kum 48 ngakding himawkleh
e16378	zd:24139	na innveng pa himawklo ka hiam
e16379	zd:23830	kikhopna himhim neihloh phot ding
e16380	zd:25601	vanleng himhim amau' gam nawk ding aphal nawnlo gam
e16381	zd:22775	Kidek zawhna leh kikep zawhna himhim pen mi ginate' zia ahi hi
e16382	zd:23984	Ahizongin himun kidop ding kisam hi
e16383	zd:10733	Tourists zong tampi himun ah khualzin in
e16384	zd:19201	hoih takin kibawl cihna hin teh
e16385	zd:24939	Pasian in hun sa nailo hin teh
e16386	zd:11197	Tua hina pi-in banghang in bumble bee pen lengthei lai zang
e16387	zd:19577	Pasian in abawl masak Adam hina pi-in
e16388	zd:24047	bangmah ka hinai kei hi
e16389	zd:11206	Zomite'n nampi lungsim akineih hinai lo hi
e16390	zd:23148	fb lawm hilel a lawmtaktak hinailo hi
e16391	zd:21372	muanhuai taktak dinmun hinailo hi
e16392	pk:54	numei, pasal khenna kammal na nei gige uh hinapi-in
e16393	zd:21356	Ut tale uh makai hinawn lo ding uhi
e16394	zd:20825	kihilhhilh a kul zong hinawn lo hi
e16395	zd:24068	tua tawh buaitak hinawn lo hi
e16396	zd:19464	Tuhun pen Thau tawh nasep hun hinawnlo aa
e16397	zd:20752	ahoihpen Melbourne khuapi hinawnlo, Vienna khuapi hita
e16398	zd:23037	Nong itna pen itna masa hinawnlo ahih manin
e16399	zd:19875	Beetroot pen Hindi te'n Chukandar ci hi
e16400	zd:14965	Video sungah Hindi kampau tawh akitawng Doctors te
e16401	ts:3506	gambup kampau Hindi a nei
e16402	zd:17577	Amah pen Hindu biakna a zui khat ahi hi
e16403	zd:15884	Hindu te'n losan naklohthei mahmah uhhi
e16404	zd:15274	biakna Buddhism, Christianity, Hinduism, leh Muslim te
e16405	zd:25339	Hinduism, Jainism,Judaism leh biakna dang pawl khat in
e16406	zd:10698	Nepal gam-a Hindute pawl khat ten
e16407	zd:10658	medieval hun lai-in Hindute kumpi hi a
e16408	zd:25469	Kei pen kuama gal hi lo hing
e16409	zd:20588	Kei hoih masa ding hing
e16410	zd:24033	Hih laite at nuam lo hing
e16411	zd:21626	Tedim in zong Rome khuapi bangkeek ana hingei hi
e16412	zd:21042	best-selling author zong hingei hi
e16413	zd:23880	cikmah-a puak zawh ding hingei lo hi
e16414	zd:17409	tuaci hingel dinghi
e16415	zd:25173	nekik nuam lai hingel ding hi
e16416	zd:12915	a iplah tentan te lakah khat hingelngel dinghi
e16417	zd:24946	A vote sitphat vai uh hingelngel ding hi
e16418	zd:24043	Eimi context tawh hong gen ding hingh
e16419	zd:16331	mipi tungah pulak ding hingh
e16420	zd:22815	Hih in Tukhang Khangnote' vaipuak hingiat hi
e16421	zd:22789	Hong Kong Dollar leh Macao Patacca hingiat mawk hi
e16422	pk:139	hingkhawi-in leengmangsak lel hi
e16423	zd:25749	Tua banga hingtang kipiakna pen
e16424	zd:22650	keugaw nate khempeuh hingtang sak hi
e16425	ts:4885	ka sihna ding khat hinteh cih ngaihsun a
e16426	zd:16216	kizui totoding ahongsiam hinteh ci'ng
e16427	zd:23670	vangtung ah akhatna hong hinuam hi
e16428	zd:14892	lungsim cidam, pumpi cidam hinuam hamtang hi
e16429	zd:11862	Ih galdo te lak ah hipa kihel ngel veh aw
e16430	zd:22492	hipa hing mat ding cih thu pia hi
e16431	zd:12782	hipa vaitawh akisai in kancianna neilaiding uh
e16432	zd:24320	Pa pen Pasian ahih man hipah hi
e16433	zd:22701	gamte pen gamhoih gamnuam hipah hi
e16434	zd:25569	Kipawllo cihciang, gal hipah samlo hi
e16435	zd:21869	mitampi om ahizongin hipah samlo hi
e16436	zd:11965	azanggam hipahding kici hi
e16437	zd:22278	Khangno a om peuhpeuh munpia ding cihna hipahlo hi
e16438	zd:11587	Refugee Card hipahlo a, Asylum-seeker Card bek ahihi
e16439	zd:11159	khuazang bup hipahpah hi
e16440	zd:22950	kipawlna min hipahpah lo hi
e16441	ts:2680	Kitelkhialhna panin kisukkhakna om hipak lel hi
e16442	zd:11782	Anu zong kum 28 bek hipan hi
e16443	zd:14597	kum 5 bek hipan hi
e16444	zd:12307	minamdang khatbekbek honglut hipan hi
e16445	zd:11803	kum 5 khawngbek hipanding in ki ummawh a
e16446	zd:19648	amasapen First Outlet hipanding hi
e16447	zd:16162	aneuzaw pen kum 10 bekbek hipanin
e16448	zd:24457	bawlnazong a khatveina hipanin
e16449	zd:12685	namkhatta bek ii mawhnadaan hipanlai hi
e16450	zd:19725	innkhat panbek hipanlai hi
e16451	zd:16820	hipen alawm te in zong thei uh hi
e16452	zd:21083	hipen a kipancil dingte cihna a hihi
e16453	zd:19441	Vaimim mah hipen ding hi
e16454	zd:16442	kua phuah hipen
e16455	zd:11714	Tua hipeuh leh amau na nung hong zui lel ding uh hi
e16456	zd:25515	Kuama hang hipeuh mahlo
e16457	zd:11197	agol hipeuh mah lo-in neuno cik bek hi
e16458	zd:21876	Tua hipeuhleh na sunglam in
e16459	zd:17796	nangveih hipeuhleh phamawhkei
e16460	zd:20315	Chin State khempeuh huam hipeuhmah lo hi
e16461	zd:23554	I Zongeina teng paih ding cihna hipeuhmah lo hi
e16462	zd:19305	Zomi Siamsinte simmohna leh neu-etna hipeuhmahlo hi
e16463	zd:11941	Tuazong tuisiang leh tuilimci hipeuhmahlo
e16464	zd:15994	Atanu nihte zongpen akhangcinsa hipeuhmahlo a
e16465	zd:26444	atangpi in anuai a bang hipha diak hi
e16466	zd:23901	kilemna leh daihna om nading hipha pen hi
e16467	pk:136	ih neu lawmte hiphadiak hi
e16468	zd:15465	Turkey, Jordan cihtepan hiphadiak hi
e16469	zd:15089	Southern Mexico sungteng hiphadiak a
e16470	zd:11997	Battery Fault hang hiphadiak a
e16471	zd:20083	mawhnei hiphial mah taleh
e16472	zd:23057	Pasian nasem vive hiphial hi
e16473	zd:25242	Kiho ding hiphial mah leh
e16474	ts:5513	Kikapna bel kikhawl nailo hiphot
e16475	ts:8728	Galvan bel honkhat kingah hiphot
e16476	zd:16119	Ka hih theihzah hi ciang hiphot
e16477	zd:23338	a kideih penpen ki-ukzia pen Democracy mah hipi pen hi
e16478	zd:18086	A diakin USA ah hipi pen a
e16479	zd:23846	Zomite zong tuadan mah hipian hang
e16480	zd:25915	digital leh video te hipian ta hi
e16481	zd:16259	zudawnna leh zatepna hang hipipen hi
e16482	zd:11117	kapiaknop uhpen tua hipipen hi
e16483	ts:7676	tua tawh lungnuam hipong hi
e16484	zd:22992	nget acih in kingen hipong hi
e16485	zd:12183	Hiroshima leh Nagasaki ah leitungah amasa pen nuclear bomb
e16486	zd:19262	Mipi te in hisa mahmah uh hi
e16487	zd:20826	athupi mahmah khat hisa ing
e16488	zd:10823	Ka ngaihsut kikkik leh hisa peuhmah ing
e16489	zd:24068	Nang cih bang hisam lo hi
e16490	zd:25158	Gamdang a omte bek huhna i ngak ding hisam lo hi
e16491	zd:25923	Mi cihkhempeuh langdo dending cihna hisam lo hi
e16492	zd:19648	Starbucks Coffee pen alimpen cihzongbel hisamkei
e16493	zd:15890	Athupi luamahmah cihbangbel hisamkei
e16494	zd:22056	anu taktakbel hisamlo, anukik
e16495	zd:15260	Aliamma pen sihlawh liangding hisamlo a
e16496	zd:16404	Kawlgam ong mawk pai hisamlo a
e16497	zd:11731	Mi 7 lakah 2 pen numei hisawnsawn uhhi
e16498	zd:15456	Restaurant Manager hongpai ciangin numeikhat hisawnsawn hi
e16499	zd:19562	mawtaw ahawlpen nupi naupaai khat hisawnsawn hi
e16500	zd:11687	a ute hilh zong hise lo hi
e16501	zd:20905	kumpi vaihawm bekteh kingah theite vive hise hi
e16502	zd:22873	France leh England te gal kineih laitak hisese hi
e16503	zd:25731	Hispanic minam 90% om uh aa
e16504	zd:22329	Asia mi 29% leh Hispanic mi 27% in
e16505	zd:23486	na pumpi pan histamine hong pusuak hi
e16506	zd:23329	Amah pen England Educator leh historian khat hi
e16507	zd:12271	tutungpen anihveina hitading hi
e16508	zd:12512	Commoner khat hitading hi
e16509	zd:21670	A cihbangin a hitakpi mah a hihi
e16510	zd:14750	a cih uh na hitakpi hi
e16511	zd:14805	thupha na hitakpi ding hi
e16512	zd:11289	UNHCR in Refugee hitaktak hi cih hong ciaptehtheih nading un
e16513	zd:14751	suahtakna lianpi khat hitaktak kasa hi
e16514	zd:22586	A takpi mah a hitam
e16515	zd:23022	bang thu a hitam maw
e16516	zd:11642	Hostage bangdan in akem uh hitamai hi
e16517	zd:16170	agihna pen 28kg tak hitamawk hi
e16518	zd:14947	hongki mudanding dinmun hitamawk hi
e16519	zd:20952	kum hitan sung i kithuahkhawm khin a
e16520	zd:24234	hitan a sau a bawlna omnai lo hi
e16521	zd:11587	adinmun ki lamdanglo in Asylum-seeker mah hitawntung uhhi
e16522	zd:17271	Nang si peuhmah lo ding hiteh
e16523	zd:16245	Na hanciam kei leh koimah tunglo ding hiteh
e16524	zd:10746	na naute sangin hatzaw kha ding hiteh
e16525	zd:19654	hiteng at leng na telsiam ta ding hi
e16526	zd:24276	hiteng gawmkhawm in
e16527	zd:19953	hiteng pen form sungah hong phisak ding hi
e16528	zd:15836	Toyota ahih keileh Honda khat hitheiding kici hi
e16529	zd:15732	Toilet Pipe sung atungkha hitheiding kici hi
e16530	zd:19166	tuabang maimai hitheilo ding hi
e16531	zd:23803	tentop den ding hitheilo ahih manin
e16532	zd:14861	a hitheilo ding pipi ngaihsun kha pahpah
e16533	zd:24276	Lunggim singimna khempeuh a hitheizah in hemkhia in
e16534	zd:13233	mawtaw tungah ihmuh hithiatding cih angaihsut ahihi
e16535	zd:15425	innkuankhat tawldamtak in anne hithiatding
e16536	zd:24276	coffee lum hithit dawn kawm in tawlnga in
e16537	zd:22808	tui lum hithit ka bawl den hi
e16538	zd:19812	na innsung uh lum hithit
e16539	zd:22646	Leitung pen a lamdang mahmah hithong hi
e16540	zd:24230	Makai nih tawh hithu ka kip sak nuam hi
e16541	zd:25678	hithu a theilo mihing pawlkhat te
e16542	zd:23363	hithu tawh kisai tawm hong kamkum nuam ing
e16543	zd:12941	Case 8 bang hitota hi
e16544	zd:14869	Ahi zongin tu'n August khasung hitota a
e16545	zd:12715	Lim Family pen tu'n khang 4 na bang hitota uha
e16546	zd:12998	a kiphamawh mahmahte na hituak uh-a
e16547	zd:17812	hituak sawnsawn uh ahih man in ka lungdam tektek hi
e16548	zd:12507	Tua pen lamdang cih ding hituan lo hi
e16549	zd:26838	maanpen ding cih hituan lo hi
e16550	zd:15639	Tuatezong muanhuaipen cih hituankei
e16551	zd:20850	hihbang vaihawmna pen tutawm in thupiang hituanlo hi
e16552	zd:23198	amau zong bangmah a nei hituanlo hi
e16553	zd:12460	Mi 9 peuhmah puakloh phamawh cihzong hituanlo hi
e16554	zd:21626	tua tawh ana ki ukte ana hiuh hi
e16555	zd:26385	Ama'n bel nui hiuhiau kawmin
e16556	zd:11323	sing nuai ah om leng vot hiuhiau mahmah aa
e16557	zd:19812	a pualam na banglo a, na lum hiuhiau se hi
e16558	zd:24495	hivai ah US leh Sen buaina hong khauhpian hi
e16559	zd:11623	hivai pen lunglut mahmah uhhi
e16560	zd:11110	Kawl taleh hoihding hivaw
e16561	zd:8389	na hi sitset sawnsawn lai hivaw
e16562	zd:21590	GZA a LAAITANHte pawl hibuang hive ungh
e16563	zd:16457	Pilna nei khat a hive maw
e16564	zd:25562	ih upmawh kigen tuak hive hang
e16565	zd:19116	tuam tangtang sam hive hang
e16566	ts:2963	galkap 30 val kim bek hiveh aw
e16567	zd:14498	Bomb khawngpeuh hiveh aw
e16568	zd:24327	Thalawh zek kul hiveh aw
e16569	ts:2963	galkap 30 val kim bek hiveh aw
e16570	zd:15883	Baih zaw ngel ding hiven
e16571	zd:25686	Pasian in Joseph ompih hiven
e16572	ts:3446	Akihongkhia nailo zong om lai hiven
e16573	zd:21659	Christmas hun hong tungta hiven maw
e16574	zd:15547	ahoihtakding hiven maw ci ngeungeu hi
e16575	zd:21530	sal suahtak ding vaihawm mawk hiven maw
e16576	zd:24132	piakkhiattheih ding bangmah neilo hiveng
e16577	zd:12998	ka thupha hong pia ding hiveng
e16578	zd:25562	ih kimuh tawpna ding salo hiveng
e16579	zd:25928	nalamdang pikhat bel hiveve hi
e16580	zd:14599	Detention Depot cihzong thongkiamah hiveve a
e16581	zd:18005	Mawtaw hizahin asiacip
e16582	zd:22334	Mi hizahin azat pau
e16583	zd:14914	hizahliang in akhanggawp ciangin khuasung mipi te ki patau mahmah hi
e16584	zd:20155	hizahliang in tuicin ahuaisia pen kamukha ngeinaikei hi
e16585	zd:14720	Banghang in hizahliang in Facebook kilimzat mahmahhiam
e16586	zd:9445	America hizahta a akhantohna hang uh pen
e16587	zd:21066	hizahta in hanciam ahih uh leh
e16588	zd:19295	Bang hangin hizahta aa gilo
e16589	zd:19953	Banghangin Zomi hizahtak Malay kipai mawk hiam
e16590	zd:24132	kei hizahtak a zawng mawk ka hiam
e16591	zd:15221	sihkhatin mi hizahzah asi pen kiza ngeilo ahih manin
e16592	zd:15943	Tuhun ciangin kum hizahzah anungtading pen hamsa mahmah
e16593	zd:20503	Zomi hizahzah gamthumna kitung zolo ding hi
e16594	zd:19367	Safety Regulations hoihtak azuilo te hizawden hamtang hi
e16595	zd:23025	Tuapen hangsan nahilo in zuaugenna hizawhi
e16596	zd:22921	limtak puah ding hizawhi
e16597	zd:11057	Refugee tepen ahamsadiak te hizawlai hi
e16598	zd:16170	Asum hamsatpen thukhat hizawlai a
e16599	zd:23113	Thukhaam 10 dentap ding hizawlo a
e16600	zd:21288	leitungleinuai vanmanpha hizawlo in
e16601	zd:12856	Marawi City leuleu ciangin Muslim vive hizawpian uhhi
e16602	zd:20488	akilam inntepen mizawng te omna hizawpian hi
e16603	zd:14568	Security Guard asemte pen gamdangmi vive hizawpian a
e16604	zd:15795	akiphelhzolam hizawta hi
e16605	zd:17301	zatep pen akikham vive hizawta hi
e16606	ts:3234	Tua banah Israel leh Hizbolla te kido
e16607	ts:5116	Syria leh Hizbolla galkapte' thudotpi khat zong hi
e16608	zd:20477	a munlehmual, thulehla dungzui hizeel hi
e16609	zd:25866	kum70val a hamkhinsa zawilui mah a hizeel hi
e16610	zd:21221	a picinloh vai mahmah khat mah hizel hi
e16611	zd:15883	Hamciam tantan mah a kul vive hizel hi
e16612	zd:12998	thupha ngah ding vai hizen hi
e16613	zd:11409	Zomite'n qualify zolo hizen hi
e16614	zd:11984	Zogam khantoh nadingin akizekding hizenleh
e16615	zd:12456	kanu khatguakbek aom hizenleh
e16616	zd:11019	A taktak pen tua bang hizenzen lo hi
e16617	zd:24220	Hih-pen gupna hizenzen lo-in hotkhiatna ahihi
e16618	zd:15274	Saptuam khempeuh akiam hizenzen lo hi
e16619	zd:17112	Damlohna khatpeuh anei hizenzenleh Press Release ki khahkhia dinghi
e16620	zd:11587	Hihthu pen lungkhamluat nading hizenzenlo hi
e16621	zd:12938	Malaysia gamsung ah naseptheihna aom hizenzenlo hi
e16622	zd:17313	Kawm tung a et ding bek hiziau hi
e16623	zd:19774	Tua sumlom teng a mau a ngah hiziau hi
e16624	zd:20905	a ki tungkhin hiziau hi
e16625	zd:20800	A hizong i nuntak nading i zon kul ding hi
e16626	zd:21869	A hizongin ihmutna hong sum sak hi
e16627	zd:20142	Bangbang a hizongin laisim hamciam ni
e16628	zd:22584	A hizongin kikhomlo hi
e16629	zd:16853	Hlaingtharya ah mawtaw 2 kimaiphut
e16630	zd:19392	Hlaingtharya ninpaihna ah meikatzawh ni 5 phakhin
e16631	zd:14917	Hlaingtharyar police station ah Police Report bawlpah uh
e16632	zd:17917	Hlaingthaya Township sungah meikatna pen huaisia phadiak hi
e16633	zd:22586	Chin State Hlotdaw ah MP 24 ki nei hi
e16634	zd:10861	Chin State Hlutdaw ah, kikup ding thu hong suak hi
e16635	zd:24736	State Hlutdaw No.1 MP khat tawh genteh in en dih ni
e16636	zd:15565	Hluttaw ah Numei 72 om hi
e16637	zd:15743	Hluttaw kikhak sim in MP te hong ciahden hi
e16638	zd:24468	Syria hluttaw palai mun 250 ading candidates 1656 in dem uh ci hi
e16639	zd:14867	Mizogam ah Hmar Innpi cihbang a tuamtuam neitek uh
e16640	zd:23957	hmatpongtin na neih kei leh lawm hoih khat peuhmah
e16641	zd:14820	ka Kawlgam hmatpongtin, US passport, CA license cih teng
e16642	zd:21925	Hmawbi ah conference pai kawm ding
e16643	zd:17409	Hmawbi lam paiding ci in
e16644	zd:17860	Hmm, maaikaal lam-ah Geneva-ah
e16645	zd:24544	Mizoram Hnahlan tawh nuamtak in kizop theihna ding
e16646	zd:14867	Aizawl, Champhai leh Hnahlan etc ah om kawikawi hi
e16647	pk:28	Inn a hoih mahmah hi
e16648	pk:29	a hoih mahmah hi
e16649	pk:42	inn hoih khat a nei hi
e16650	zd:23729	Hih bang munte ah guah hoih hi
e16651	zd:25927	tui puakdet ding hoih hi
e16652	zd:23883	Hong hoih kik ding hi
e16653	1.1.4	khuavak hoih hi ci-in mu hi
e16654	2.18.17	Nangma' hih zia hoih lo hi
e16655	20.18.22	Zi a mu zote na hoih a mu hi
e16656	20.24.23	Mi langmuh-a thukhenna hoih lo hi
e16657	2.25.4	a kop-a kikhuk khau tawh kigan puan hoih
e16658	2.2.2	amah in nau hoih khat hi ci-in
e16659	22.5.11	a sam hoih-in vom dikdek a
e16660	zd:25212	vaihawm dingin hoih kisa hi
e16661	zd:11076	fashion puan khentheih ding hoih kisa hi
e16662	zd:15402	hoih nasak munte ciamteh in
e16663	zd:16060	hoih nasak bangin gamta in
e16664	pk:131	ih ngeina hoihdan tawm khat ih gen ding hi
e16665	zd:12715	innkuan sungah Doctor omleng hoihding hiveh aw
e16666	zd:21869	Bangsem leng hoihding cih ngaihsun lo in
e16667	zd:25470	bang kicih leh hoihding hiam
e16668	zd:20764	naupang adingin hoihhetlo hi
e16669	zd:16346	Thailand gamsung pen lampi te hoihhetlo in
e16670	zd:14879	Red Bull tampi dawndetluat pen hoihhetlo hi
e16671	zd:11472	lampi ah akivak meite zong hoihhi
e16672	zd:17651	data hel thei lehang hoihhi
e16673	zd:16321	Topa hoihhi, kei' tungah
e16674	zd:22116	a hoihkei khatam ci in
e16675	zd:20929	kumpi zum nasem hoihkhat hi ingh
e16676	zd:25712	khuahun hoihkhat peuhtawh kipelhloh na ding-in
e16677	zd:13163	naupang ngeklai te adingin hoihkhin hetlo khading hi
e16678	zd:14879	uliansa te adinginzong hoihkhin hetlo kici hi
e16679	zd:23985	Na puansilh leh na kizepna a hoihkhomkhat puah in
e16680	zd:24276	Na pumpi gihna a hoihkhomkhat kemcing inla
e16681	zd:18054	amathu in hoihkik lelding
e16682	zd:25620	hong phuahphat ciang bekin hoihkik thei ahi hi
e16683	zd:19818	Health Sector pen hong hoihkikding in ki lamen hi
e16684	zd:17556	hoihkikding in ka lamen hi
e16685	zd:11076	pawi tuamtuamte ah zat ding in hoihkisa hi
e16686	zd:12998	A mit a hoihloh hangin a bil hoihlai hi
e16687	zd:16754	a hoihlai sun teng kaikhawm in
e16688	zd:21568	Na khat peuhpeuh a hoihlam in muhtheih sawm in
e16689	zd:17344	A hoihlam a zanghte hampha uh hi
e16690	zd:14850	khuahun hoihlam manawh zawdeuhta
e16691	zd:21099	Mailam ah gam hong hoihleh
e16692	zd:16071	Ih hoihleh hoih vetin
e16693	zd:22775	Sa tawh meh bel hoihlo hi
e16694	zd:22499	Sawt tutluat zong hoihlo hi
e16695	zd:24276	Naungek aa dingin hoihlo hi
e16696	24.15.7	na om dan hoihlo panun
e16697	zd:12998	A mit a hoihloh hangin a bil hoihlai hi
e16698	zd:22444	A hoihna om, a hoihloh na zong om
e16699	zd:22464	a hoihna le a hoihlohna zong honkhat om ding hi
e16700	zd:20734	Khuahun hoihlohna hangin akia kici a
e16701	zd:24276	Naupang phone a tamzatlua te a hoihlohna
e16702	zd:21989	a hoihlolam ngaihsutna in nang hongzo hi
e16703	zd:22451	Inn hoihmahmah te na deih ding hiam?
e16704	zd:25909	Vun ading in zong hoihmahmah ci uhhi
e16705	zd:19397	pulakding hoihmaw hoihlo cih
e16706	zd:23025	athu hoihmaw, Laisiangtho tawh kituak mawcihte
e16707	pk:46	hoih - hoihzaw - hoihpen - hoihpenpen
e16708	zd:22894	zu dawnlohmah hoihpenpen ci uhhi
e16709	zd:21869	ka theihna khempeuhsungpan in a hoihpenpen a hihi
e16710	zd:19357	Apasalin azi hoihsalua mahmah ahihcianga
e16711	zd:16817	Idea pen hoihsalua in
e16712	zd:20337	na hoihsem kipawlna khempeuh
e16713	zd:19257	avangnei mi tampi na hoihsem khollo aa
e16714	zd:11662	Smartphone te hoihsemsem in hong tawmmansak semsemleh
e16715	zd:12093	quality hoihsemsem nang ahanciam nuam hi a
e16716	zd:23014	lampi zong hoihta ahih man in
e16717	zd:21259	Lampi hoihta gawp ahih man in
e16718	zd:20736	Kicingta, hoihta cih omtheilo aa
e16719	zd:17100	Lorry mawtaw pen hatsaklua in, hoihtak lenkip theilo
e16720	zd:17175	Giklua ahih manin, hoihtak lenkip zolo in
e16721	zd:17455	hoihtak lenkip khalo in leilak ah kiasuk hi
e16722	zd:23112	research hoihtaka abawl ahihman in
e16723	zd:24153	na numei hihna uh hoihtaka kep ding kisam hi
e16724	zd:20668	hoihtakzong kimuthei nawnlo hi
e16725	zd:12996	hoihtakzong pauthei nawnlo in
e16726	zd:19894	hoihtakzong dingtang theilo in
e16727	zd:22171	mimin hoihtawh sam aa na hopih manin
e16728	zd:22282	idea hoihtawh khangto sak thei
e16729	zd:23782	a mite ahoih zahzah hoihthei in
e16730	zd:10863	Kawlpi aa hotel te hoihthei mahmah aa
e16731	zd:12510	Laser mah zatding hoihtuakzaw hi
e16732	zd:15949	innpualam huihngahna munte ah kikoihleh hoihtuakzaw hi
e16733	zd:21922	ih khuak hong hoihtuam ding hi
e16734	zd:11167	Siing neleng hoihtuam hi
e16735	zd:15608	palik tetawh aki hokhit uhciangin
e16736	zd:18020	apasal tawh Video Call aki hokhit ciangin
e16737	zd:15781	Japan, Hokkaido ah khuasung Bus te
e16738	zd:17551	Japan, Hokkaido, Sapporo khuasung aom ahihi
e16739	zd:24276	tua te tawh na bil sung na holh ciangin
e16740	zd:12507	a khutme tawh a holh kawm in
e16741	zd:23400	Saturday leh Public holiday nisim kikhak den hi
e16742	zd:16204	Zumkhak leh holiday cih khawng Pasian in neilo hi
e16743	zd:25562	Zomi te tawh va holim thei ung
e16744	zd:20334	hong holim thei ta uh hi
e16745	zd:17060	MD pa tawh ki holim
e16746	zd:20587	Sun sung pastor te'n holimna nei ding
e16747	zd:22680	Lai simna pen mipilte tawh holimna ahi hi
e16748	ts:5105	7-8 sung holimna nei uh hi
e16749	zd:25562	Tua holimnate ZoNet ah ih khah ve leh
e16750	zd:20999	Naupangte holimpih, kikuppih aa
e16751	zd:22928	kha suahtakna a ngahna dingin holimpih lai hi
e16752	zd:22928	Damlote vehna, holimpihna, Pasian thu genna
e16753	zd:24230	Holland gam hong sim uh ciang in
e16754	zd:9237	English chaplain sem dingin Holland kipaisak hi
e16755	zd:11796	Hollywood pan Academy Award angah Best Actor
e16756	zd:10722	Hollywood Actress minthang
e16757	ts:2942	Homalin khuapi pan dingkhia in
e16758	ts:5326	Homalin Township sung a om Shwe Pyi Aye khuapi
e16759	zd:10682	homecell innkim ah neihna
e16760	zd:13297	zankim zankhang in homecell bawlin
e16761	zd:20486	Sangnau pangte homework pen manmaw
e16762	zd:24234	SANG hon HUN DING KINGAKLAH
e16763	zd:22260	ZAM ZUM hon HUN
e16764	zd:16797	Online hon ding zong ka tha anem hi
e16765	42.24.45	amaute lungsim a hon’sak hi
e16766	22.5.6	Ka ngaihno a lutsak dingin kong ka hon a
e16767	16.8.5	A laibu a hon ciangin
e16768	13.9.27	zingsang simin kong a hon ding uh
e16769	5.20.11	note kongpi hong hon leh
e16770	zd:20418	ZAM ZUM hon hun TAWH KISAI
e16771	zd:24234	SANG hon hun DING KINGAKLAH
e16772	zd:23317	UNHCR uliante tawh ki hona pan pawlkhat
e16773	zd:20172	phone hona ah zong pilvan huai mahmah hi
e16774	zd:19518	Ken ama hong hona dawng lo in
e16775	zd:19215	Outlets 12 ki honbeh kawikawi hi
e16776	zd:14633	meileng lampi aki honbeh sausemsem ahih manin
e16777	zd:14665	Malaysia gamsung ah Outlets 200 honbehding
e16778	zd:11441	Kawlgam sungah Service Center 4 honbehding uh a
e16779	zd:17100	Amahpen Honda ahawl, Driver pa ahihi
e16780	zd:15568	Tua mawtaw pen Honda Civic Hybrid hi a
e16781	zd:19648	Starbucks Coffee Shop honding kingim hi
e16782	zd:24544	Khen Man ah gamgi bazaar honding vai
e16783	zd:16757	anupa uh'n honeymoon paidingin hongki thawi uh hi
e16784	zd:17055	a honeymoon paina uh ah buaina a neih uh hangin
e16785	zd:25178	Ka pa in hong nusiat teh
e16786	zd:21925	Ka pu in hong nusiat madeh minute 10 bekbek
e16787	zd:22938	I sanggampa hong nusiatna hangin
e16788	zd:21550	Sanggam pa hong nusiatna hangin adah akap khem peuh
e16789	zd:10672	A nu in hong sihsan zawh kum tampi hong pai khin ta hi
e16790	zd:21233	Singapore pan Zolia khat in hong sihsan
e16791	zd:23155	Topa'n hong zatsak semsem lai tahen
e16792	zd:15951	Topa'n siapa hong zatsak semsem tahen
e16793	zd:15951	Topa'n siapa hong zatsak semsem tahen
e16794	zd:17574	Topa'n Zomi te ading hong zatsak semsem tahen
e16795	zd:9212	Laisiangtho sang khat honga
e16796	zd:22185	honga a et uh leh
e16797	zd:20202	Pasian in ama limlemel sun in hongbawl hi
e16798	zd:17933	Nang' tung-ah bang hongbawl uhhiam
e16799	zd:21922	Pasian in midang tawh a kibangin hongbawl hetlo hi
e16800	zd:15437	hongbawlpa khutsung ah aom hizaw
e16801	zd:15584	Tua ngimna pen hongbawlpa in thei ahihman in
e16802	zd:17876	ciahtheih nading hongbawlsak uhhi
e16803	zd:20035	A dang bang hongbawlsak ding ka hiam
e16804	zd:25275	1910 in Tedim hongtunga Zolai hongbawlsak hi
e16805	zd:12112	hih leitungin ei hongbawlsia hilo zaw in
e16806	zd:15956	damdam in hongbei toto hi
e16807	zd:23035	hunte hongbei toto in
e16808	zd:24593	ei-lei-ei kimuanna zong hongbei vat hi
e16809	zd:13190	nasemteng adingin E-card kongbawlsak hongci a
e16810	zd:24029	limtak vaikhak in hongci uh hi
e16811	zd:15662	Aman hongci hi
e16812	zd:21389	mawtaw tungtuang in inn lamah hongciah uh hi
e16813	zd:18050	Innlam zuanin hongciah kikding hi
e16814	zd:13350	zukhamsa in inn hongciah cihi
e16815	zd:19644	Syria gampanin Indonesia gamsung ah hongciahkik uhhi
e16816	zd:11649	Bangladesh gampan in hongciahkik mipawlkhat
e16817	zd:17187	hongcih ciangin ka ciahkhawm maita uhi
e16818	zd:10874	hongcih kazak teh ka tha hong dimtuam hi
e16819	zd:12329	napaipih un hongcih ciangin akipaikik hi a
e16820	zd:24123	Nute in hongveng hongcing hongkem hi
e16821	zd:22116	nu leh pa leh hongcing hongkem mite
e16822	zd:21408	kum 10 hongcing tota ahih manin
e16823	zd:17152	Lungkiat pahpah theihna pan hongdal tuam hi
e16824	zd:22644	ling in hongsut lohna dingin hongdal hi
e16825	zd:11510	khua hongdam zaw sem aa
e16826	zd:12919	Kipahtawina in itawl hongdam sak mahmah hi
e16827	zd:18152	na tate uh hongdawn un ci'n zaksakna kineipah hi
e16828	zd:10973	nupa in hongdawn uhhi
e16829	zd:25915	Niangtui hongdawn te na ngawn
e16830	zd:11170	A mau Minister tek in hongdawng kik aa
e16831	zd:16216	ka lungsim aom bangin hongdawng ningei
e16832	zd:22171	khangto khawmding hongdeih hi
e16833	zd:16012	mikhempeuh misiangtho suakding hongdeih hi
e16834	zd:15356	Nasepna Boss te inzong hongdeihsak uhleh tampi hong huhthei
e16835	zd:11170	Zato khat hongding zong genpah hi
e16836	zd:19829	amasapen Starbucks Coffee sai hongding cih kizakhin hi
e16837	zd:12801	Topa in note adingin hongdo sak dinga
e16838	zd:23797	Pawlkhat in a bul a baal in hongdong aa
e16839	zd:10761	thu hongdong uh leh zong
e16840	zd:21357	hong cih takpi hiam ci in hongdong phapha in
e16841	zd:21876	nasep ngahthei ding ka hihiam ci in hongdongh hi
e16842	zd:21869	ki ngaihsun ding cih thu hongdongh hi
e16843	zd:22707	ci-in hongdot uhteh
e16844	zd:12325	ih sihhunding Pasian honggeel saksa hi
e16845	zd:13285	khualzinna dingin Kawlgam leh Kawlpi honggeel hi
e16846	zd:22203	Adang te honggelh nawn kei ning
e16847	zd:17651	amau honggelh dotna 4 teng
e16848	zd:23191	A sia te'n ahoihlohna honggen leh hilh pah in
e16849	zd:16924	ka pian'na kapa honggen ahi hi
e16850	zd:12564	ka kitheih khat honggen sim ning
e16851	zd:11204	ama tupna ngimna te honggenkhia hi
e16852	zd:11420	ama honggenna anuai abang ahihi
e16853	zd:11204	Ama honggenna ah hih Album tawh kisai in
e16854	zd:19464	launa lungsim hongguan hi
e16855	zd:20503	Zi neilo in ka om lai tak in, Zi hongguan a
e16856	zd:20640	Lungkhamna in hongguat pumpi gimna nam
e16857	zd:24153	hongguat ding bek i ngak hi
e16858	zd:24220	Pasian-in honggum peuhmah lo-hi
e16859	zd:8668	khualehmual ten honghal in paulehham, awkaih te kidang
e16860	zd:17428	kei honghal pongmawk uha
e16861	zd:18071	ka omna innuah honghawh hi
e16862	zd:11401	Kawlgambup sungah gamdangmi honghawh atampen
e16863	zd:13110	PM Najib leh azi honghawhding cih kagen ciangin
e16864	zd:16897	phawk ka hih man in honghawm sawn hi ing
e16865	zd:12093	anthropology leh missiology te tampi honghawm sawnthei hi
e16866	zd:22644	ipaina ding honghilh hi
e16867	zd:25275	koilam manawh dingcih honghilh hi
e16868	zd:21869	Hihlaibu honghilh bangin mitampi in noptuamna ngah uh hi
e16869	zd:12196	A Thokik Zeisu in mimal in honghopih nuam hi
e16870	zd:12214	mimal kimtungah honghopih henla
e16871	zd:15243	Sangnaupang te'n honghuh un ci'n kapziahziah
e16872	zd:13022	honghuh un ci'n huhna ngenin
e16873	zd:24604	Kozong honghuh dinghi ung
e16874	zd:15243	Sangnaupang te'n honghuh un ci'n kapziahziah
e16875	zd:13022	innsangdawn ah honghuh un ci'n huhna ngenin
e16876	zd:21011	Pasian' vantungmite in nang hongit hi
e16877	zd:21355	na lawm in hongit kik ding hi
e16878	zd:19518	Nu aw hongit ing
e16879	zd:17854	Tanu tapa, maklemo te'n hongitkei lezong
e16880	zd:19396	ta nungak tangval te'n hongitkei a
e16881	zd:25916	pilsin na sang ah sang hongkah khawm uhhi
e16882	zd:15584	Sang hongkah ciang minsimmawh in
e16883	zd:21369	sawtvei pitak Zomi te khuasakzia hongkan
e16884	zd:15422	Topa in hongkem hi
e16885	zd:22287	kei hongkem uh hi
e16886	ts:3366	Mihingte hong it, hongkem hi
e16887	zd:13181	Cikha tawn in Lamka dong hongkha hi
e16888	zd:11110	buaina om hetlo-in Pasian-in hongkha-a
e16889	zd:13262	adang zintunnading innkhat ah hongkha uh cihi
e16890	zd:17860	hih petition address na-kheel zawhteh hongkhaak pah in
e16891	zd:17120	aatthawh in lai hongkhak hi
e16892	zd:20896	Tu'n sum manman in hongkhak thei ta
e16893	zd:21989	Na kaam in hongkhak hilo in
e16894	zd:23784	Ahizongin ihlungsim hongkhak zolo dinghi
e16895	zd:12336	anuai abangin SMS hongkhakding uhhi
e16896	zd:24673	Thungetna pen hongkhaktan thei om lo a
e16897	zd:24283	Sente' thuneihna hongkhan semsem ding launa-in
e16898	zd:23551	Khasum hongkhan ciangin
e16899	zd:23066	Zomi sung ah ki-it kilemna hongkhang semsem ta hen
e16900	zd:19969	sum lut hongkhang ding hi
e16901	zd:11078	Kawlgam hongkhangto semsem henla
e16902	zd:15913	gitloh ngongtatna hongkhangto semsem hi
e16903	zd:17164	thawlkitam thengneng hongkhat kimu cihi
e16904	zd:11110	vaanleeng hongkhawl ciang-in vanteng man samsam-in
e16905	zd:17901	nangma' khut-ah hongkhawl hunsung
e16906	zd:23114	Thu hongkhen ding
e16907	zd:18020	avengte huhna tawh kongkhak hongkhia uhhi
e16908	zd:24414	CEC Pawl mai ah hongkhia in, Vote sim ding uhhi
e16909	zd:9434	kimlai hong hongkhia ahih manin mi hampha i hi hi
e16910	zd:12112	kuaman hongkhoih theilo dinghi
e16911	zd:20300	bangci bangin thu hongki bawldiam
e16912	zd:15118	hongki patkikzel hi
e16913	zd:25919	van pan in hongkia suk lo ding a
e16914	zd:22658	Vukkang te hongkia in
e16915	zd:24283	Vaksuk vaktoh na te hongkiam ding hi
e16916	zd:15941	gamsung sumzon na hongkiam semsem takciang
e16917	zd:15884	Police Report zong hongkibawl hi
e16918	zd:19958	Complaints bangmah hongkibawl nailo hi
e16919	zd:13089	apualam ah paikhia un hongkici a
e16920	zd:16893	Inn-ah vaaklah bang-a hongkici zawsop thei-hi
e16921	zd:14606	Bus Stand khawngah naunawipiak hongkidawm zawdeuh un
e16922	zd:15283	gamdang ah omdan tatzia hongkidawm un cihna hizaw
e16923	zd:21035	inntungpan kiasuk cih hongkigen ciangin
e16924	zd:23977	thu hongkigen khatpen hoihtak in ihngaih khit ciangin
e16925	zd:11936	khuasungmi te'n lampi hongkik uh a
e16926	zd:17622	Runway te ki hongkik theipan hi
e16927	zd:25589	Cinema te hongkik ta ding
e16928	zd:13314	kum 22 aphak ciangin alungsim puakzia hongkikhel in
e16929	zd:14587	amel asa hongkikhel mahmahliang hi
e16930	zd:14587	amelpuak zong hongkilaih hi
e16931	zd:15274	ih work-culture hongkilaih hi
e16932	zd:12196	ei mimal kim tungah hongkilang nuam hi
e16933	zd:25917	ih kibat vetloh na hongkilang ta hi
e16934	zd:15775	ciangin buaina hongkipan hi
e16935	zd:16257	ciahkikding hong khentat in, sangsia sep hongkipan hi
e16936	zd:10768	Hih meileng pen Far Rockaway panin hongkipankhia hi a
e16937	zd:12472	abeisa Friday ni akipan hongkipankhia hi a
e16938	zd:15184	iPhone Smartphone hongkipat pen 2007 kumpan hi a
e16939	zd:11407	US gamsung ah Trump Administration hongkipat ciangin
e16940	zd:12674	Black Coffee namkhat hongkipia in
e16941	zd:16349	Galtai card hongkipia ding hi cihna hipah lo hi
e16942	zd:14885	Deihsakna tawh Feedback hongkipia te laksiam in
e16943	zd:12140	Qatar Airlines tawh Malaysia gamsung ah hongkipua ahihi
e16944	zd:11433	Gampua lampan in hongkipua hiam
e16945	zd:14697	aliam tampitak zato ah hongkipuak mahhi
e16946	zd:16045	abeisa Friday ni in zato ah hongkipuak hi a
e16947	zd:17538	Durian Coffee adawnkha mi 5 hongkipuak cihi
e16948	zd:17432	Emergency Call hongkisam pen tamphadiak cihi
e16949	zd:13213	cimawh huhngetna Distress Call hongkisam cihi
e16950	zd:12515	atapa hongla un ci'n hongkisam ahih manin
e16951	zd:14652	pakkung zong nam 5 suanding in hongkisawl
e16952	zd:20162	tua sepding aa hongkisawl bangin i nuntakloh man ahihi
e16953	zd:13009	London khuasung ah buaina hongkizom mahmah hi
e16954	zd:11805	White House vai thuthang hongkizom ngekngek hi
e16955	zd:19137	hong uap akuamaciat tungah lungdam hongko' ing
e16956	zd:15941	khangno te in ka utna room khatah hongkoih uh hi
e16957	zd:13268	Topa in Zomi te hongkoih ta hi
e16958	zd:17546	1967 kumin Hongkong khuapi ah Vietnam nungak khat leh Taiwan tangval khat
e16959	zd:10919	tu zingsangin Hongkong panin Istanbul khuapi zuan dinga leng hi
e16960	zd:16788	hong-etding ih utleh sumpiak hongkul hi
e16961	zd:23590	mikaangpau i siam hongkul ta hi
e16962	zd:24289	tamlo in hongkup pih nuam ing
e16963	zd:21369	atungtham ciangbek mah hongkup pihthei ing
e16964	zd:11228	thalawp tak pan hongla ding uh hi
e16965	zd:23992	Media te panmun in mun hongla mahmah ta hi
e16966	zd:25616	abei khempeuh tavuan hongla lai uh hi
e16967	zd:23937	Tulaitak a honglaang pulnatna
e16968	zd:15274	Zomi gamdangtungte lakah honglaang mahmah thu khat
e16969	zd:19427	ihkalsuan ziate honglaih lohding thupi hi
e16970	zd:20725	a mittawh a muhna honglaih hi
e16971	pk:71	genkholhna honglak ahih manin
e16972	zd:23554	Lam honglak un
e16973	zd:23843	Pasian kisam cih honglak hi
e16974	zd:17120	Hih in ZOMI te ki iitna honglak hi
e16975	zd:22159	ukna nuai-a khuapi muanhuai tampi honglaksak hi
e16976	zd:24502	tanlang leh tankhat laibuluite honglei hi
e16977	zd:24696	Itna takpi tawh nakhut uh honglen in
e16978	zd:11982	Peru khuapi Lima City panin honglengkhia ahih cihi
e16979	zd:16194	Muvanlai honglengkhia kik in
e16980	zd:22589	aluangding sisan omnawn lo a, tui hongluang tazen hi
e16981	zd:19521	tungtawnpan a hongluang Pasian thupha hanga
e16982	zd:16617	Innsung ah gul honglut leh bangcihding
e16983	zd:12794	Zogam ah Tourist tampi honglut ciangin
e16984	zd:15084	Laundry sungah honglut uhhi
e16985	zd:15475	Thailand gamsung panin gamgi ah honglutphei a
e16986	zd:19609	Toyota Vellfire mawtaw khat honglutphei in
e16987	zd:13278	ngasa bangdankhat in honglutsawm hi
e16988	zd:15188	gampua pan honglutsawm ci a
e16989	zd:14765	Abeisa kum 8 sung hongmakaih Topa tungah
e16990	zd:24604	ih Zomite hongmakaih dingte
e16991	zd:15724	Nurse nu in banghang hongman nahiam
e16992	zd:15608	palik nihin hongman, mikhat RM50 ta tawh hongtan in
e16993	zd:19829	Cambodia gamsung ah aki hongmasa Starbucks Coffee Shop pen
e16994	zd:22129	mei hongmasa in, limtak enphot masa hi
e16995	zd:17304	Palik te'n hongmat ciangin
e16996	zd:14790	Singguksepte hongmat uh pen lungkim huai hi
e16997	zd:14709	Pasian in hongmu gige cih phawk huai hi
e16998	zd:15362	Gamtatna khempeuh hongmu khinkhian khat omden
e16999	zd:11110	Nuamna-in hong dawntuah-a, lungdamna-in hongmuak-hi
e17000	zd:11110	khuapihte-in amau' innkaa ciat pan-in hongmuak uh-a
e17001	zd:11110	tute teng-in Zongeina sagawh-tawh hongmuak uhhi
e17002	zd:17930	Kuamah in hongmukei ci'n utbang in ihgamtat hangin
e17003	zd:16365	midang khatpeuh in hongmukei pheizong in
e17004	zd:15651	khialhna aomleh hongna maisak unmaw
e17005	zd:24545	gelh khilh aomleh hongna thei siam un
e17006	zd:19088	huihpi guahpi in hongnawk khading hi
e17007	zd:23771	aminthang vangvang natna ten hongnawk laitak in
e17008	zd:11956	thahatna tawh huihpi in hongnawkding hi
e17009	zd:15054	Hongtungding, hongnawkding Hurricane Irma pen Category 5 himawk
e17010	zd:11447	Zomi leh Chin cih tel genna hongnei hi
e17011	zd:12196	Athokik Zeisu in vaikhak khat hongnei hi
e17012	zd:16508	Itna taktak hongnei pen
e17013	zd:15622	thu ngetna hongneih pih in kilungdam mah mah hi
e17014	zd:14587	Kikhel nopna lungsim taktak hongneih ciangin
e17015	zd:20257	kumpi thunei te tungah thuumna hongneihsak uh hileh
e17016	zd:23977	ihmuhna hong tangzaisak beklo in man hongneisak mahmah hi
e17017	zd:25914	akhum neknop na duh na lungsim hongneisak aa
e17018	zd:15874	NLD in gualzawhna hongngah hang in
e17019	zd:8668	Burma in British khutsung pan suahtakna hongngah ciang in
e17020	zd:19801	Mahathir in Prime Minister hongngahkhiat
e17021	zd:15243	Nanih un hongngai mahmah hi'ng
e17022	zd:26495	India leitangmah hongngai ngetngut leuleu uhhi
e17023	zd:19435	Zogam in nang tektek hongngak
e17024	zd:17426	US lawmte kiangpan huhna hongngen ning
e17025	zd:12801	gamsung nopna dingin thu hongngen mawk tazen hi
e17026	zd:16617	huhna hongnget ciangin kidelhpah in
e17027	zd:11652	a ut zahzah hongnget ziauziau uhpen golhguk nekna hi a
e17028	zd:25909	ih lung hongnuam mahmah lelding hi
e17029	zd:22171	nasepkhopzia hongnuam ding hi
e17030	zd:17838	Billy Graham in hongnusia
e17031	zd:12557	Malaysia thongsung panin hongnusia Zomi
e17032	zd:22287	ka nu in hongnusiat akipan
e17033	zd:15941	a innkuan sungah kihazatna lianpi hongom in
e17034	zd:19427	Hihbang hun hongom ta ahihleh
e17035	zd:14579	President leh GS te pawlkhat zong hongom thei hi
e17036	zd:21843	gamdang tawh ki zopna hong hongpah hi
e17037	zd:16817	BBQ Restaurant ansaikhat hongpah kici hi
e17038	zd:17325	Amau nupa zong Vangteh hongpai uh
e17039	zd:11953	hongpai in hong hehnem uh
e17040	zd:14899	adang Bus khattawh hongpai uh ahihi
e17041	zd:14954	apualam panin mi hongpaiding ngak in
e17042	zd:20289	theimah ung, hongpaiding hi ci'n dawngkik uhhi
e17043	zd:22416	Fraud Case vai sitding in hongpaiding
e17044	zd:15163	tuciangciang gam 13 panin hongpaikhia uh cih kimukhia hi
e17045	zd:14895	Cement adimin puasa in hongpaikhia ahihi
e17046	zd:14899	Bukit Jalil Stadium zuanin hongpaikhia uh ahihi
e17047	zd:20037	Traffic Police Officer khat hongpaiphei tingteng in
e17048	zd:14507	Highway lampi tungah khetawh hongpaisuk hiathiat hi
e17049	zd:21369	Tibet lampan a hongpaisuk
e17050	zd:19661	ton 66,000 hongpha mawk hi
e17051	zd:19322	mimal 126 bang hongpha thei in
e17052	zd:20831	Ni 30 hongphak ciangin
e17053	zd:13285	Kawlpi ciang hongphak ding pen Pasian hehpihna
e17054	zd:20363	kanu kapa te'n hongphal hi a
e17055	zd:14792	Security Guard te'n hongphal ngeilo uhhi
e17056	zd:12005	agampan ciahkhiatding hongphallo uh ahih manin
e17057	zd:11057	agamsungah alutding hongphallo a
e17058	zd:15805	Thungetna ah hongphawk ciat un
e17059	zd:12378	thungetna-ah hongphawk un
e17060	zd:16961	Social Media pen kidopsiamding thupi mahmah cih hongphawksak hi
e17061	zd:13026	bawlkik pahpahding thupi mahmah cih hongphawksak hi
e17062	zd:15667	Anunglam panin mawtaw khatin hongphukha in
e17063	zd:14899	ko tuanna Bus anungpan hongphukha hi
e17064	zd:17022	Topa'n thupha hongpia hen, Amen
e17065	zd:21085	Lawmhoih tampi hongpia thei hi
e17066	zd:20035	Pasian in thupha hongpia dinghi
e17067	zd:11162	100% Scholarship hongpiading uh ahihi
e17068	zd:22376	tuni tuakha ma in tungding cih hongpiading uhhi
e17069	zd:19593	Tate pen Pasian hongpiak thupha te ahi uhi
e17070	zd:16498	Pasian in siapa cidam khansauna hongpiak sak semsem tahen
e17071	zd:11508	Aksa kan khawng hongpiak hangin
e17072	zd:11011	Topa'n thupha hongpiaksak sem sem tahen
e17073	zd:23035	Topan thupha hongpiaksak tahen
e17074	zd:13066	Topa'n siapa thupha hongpiaksak in hongzang semsem tahen
e17075	zd:24657	Hih Covid 19 natna hongpian ma hun in
e17076	zd:15695	hihbang thu hongpian ciangin lungzuan huai simtham hi
e17077	zd:19683	Na ngaihsut bangin hongpiang ding hi
e17078	zd:21876	A nuam mahmah innkuan khat hongpiang hi cih ka thei pah hi
e17079	zd:15294	Tu'n September 23 niciang bang hongpiangdiam
e17080	zd:19614	Malaysia gamsung bangthu hongpiangdiam
e17081	zd:11972	hihbang in IDP Camp hongpiangkhia hi
e17082	zd:13309	koipan in bangci bangin hongpiangkhia hiam cihpen
e17083	zd:15274	pawlkikhena leh kitelkhialhna hongpiangsak hi
e17084	zd:20888	a taktak in hongpiangsak ding hi
e17085	zd:16194	muk-thak hongpo dong ngak uh hi
e17086	zd:21837	hongpo dingaa i at ding hi
e17087	zd:23797	Innphop nang hongpua zel hi
e17088	zd:17465	keimah naupuak puanza tawh hongpua a
e17089	zd:16073	apa in zato ah hongpuak cihi
e17090	zd:13078	zato hongpuak un ci'n alawmte kiangah genkhia
e17091	zd:16455	Pope Francis in bang hongpuak
e17092	zd:14606	Midang, namdang te'n lamdang hongsa mahmah uhhi
e17093	zd:16893	Mi-in hai hongsa-in hong niammuh mahmah uhhi
e17094	zd:23706	mikhat peuhin gamtathoih hongsak ding cihna hilo hi
e17095	zd:23797	Mikimin lam dang hongsak pen
e17096	zd:22350	Midangten Zomi te Bangci in hongsam uh hiam
e17097	zd:24029	2004 in sanggampa in hongsam a
e17098	zd:21161	Full Member in hongsang khin uh a
e17099	zd:25914	Ghrelin hong kah hongsang in Leptin ahih leh hong kiam
e17100	zd:25572	Pasian in anasem ding a hongsap ahi hi
e17101	zd:17841	USCIS panin Interview hongsap uhleh
e17102	zd:19302	Topa hongsapna pen Leitungbup ading ahihi
e17103	zd:23148	Jesu' hongsapna na accept thei hi
e17104	zd:19523	Nu leh Pa zahtak dingin hongsawl hi
e17105	zd:25225	Pasian hongsawl pen i sep masak photphot ding ahihi
e17106	zd:17478	Pasian in meigong tenu ta panpih ding hongsawl ahi
e17107	zd:25916	dot aa sin ding in hongsawm ta uhhi
e17108	zd:12693	hongsawm in kipeigawp ahih manin
e17109	zd:11110	vot kilhkelh-in hongseem hiauhiau-a
e17110	zd:21340	thalawp na tawh hongsem pah uhhi
e17111	zd:20871	Pasian in na nuntakna sungah na hongsem ding hi
e17112	zd:10951	Zogam ah bangteng hongsem uh
e17113	zd:20850	Donald Trump in President hongsep ciangin
e17114	zd:19801	hongsep taktak ciangin tua 1MDB vai
e17115	zd:14790	a lam kik zodingin hongsiam tahen
e17116	zd:17264	hongbawl hongsiam Pasian zong lungkimsakding
e17117	zd:25572	Jehovah Jireh hongsik Pasian ahih taktak lam
e17118	zd:10973	nek-le-dawn, bangkim kiningcing hongsik uh a
e17119	zd:10672	Hih lai hongsim khit ciangin
e17120	zd:12801	Laisiangtho munkhat hongsim a
e17121	zd:17448	ka lungsim hongsu kha lua ahih manin
e17122	zd:15274	Pasian thu-ah zong hongsu khaveve hi
e17123	zd:8667	Minam lian hongsuah nuam a hi hi
e17124	zd:23848	COVID-19 natna hongsuah nading bangtan sawt hiam
e17125	zd:21837	lunggelna pen a taktak hongsuak hi
e17126	zd:12196	Sepna thu ah lawhcinna hongsuak sak tahen
e17127	zd:24016	Zomi te mualsuang ding hongsuak hi
e17128	zd:11371	tuapen Rainbow hongsuakkhia cihi
e17129	zd:17741	X-ray Screen sungpanin mihingkhat hongsuakkhia bembam
e17130	zd:14720	Facebook pen azang atampenpen hongsuakta hi
e17131	zd:12244	nisim nuntakna ah athupi Activities khat hongsuakta hi
e17132	zd:23797	Veengte Cooker in ka lungtang hongsukha
e17133	zd:11410	Comment ih simkhak ciangin lungsim hongsukha mahmah hi
e17134	zd:20200	na galkap te in ka inn hongsut bek thamlo in
e17135	zd:24947	Tuni a kipan Biakinnte ka hongta hi
e17136	zd:24390	Tedim khuapi ah First Private Bank ki hongta
e17137	zd:12481	Myanmar panin hongtai gambelmite kici hi
e17138	zd:13171	phelkhai leh kuangkhawng tawh hongtai ngeingai uhhi
e17139	zd:20531	thautawh buaina thuthang pen hongtam semsem hi
e17140	zd:11510	khuakhal huih zong hongtam semsem hi
e17141	zd:12051	asi aliam hongtam mahmah hi
e17142	zd:19320	UN in hongtan lo ding ahih manin
e17143	zd:10793	meivak bangin hongtan hen la
e17144	zd:20670	Khuavak hongtan ding
e17145	zd:23797	Nu le Pa gualte in hongtel lo uh
e17146	zd:23843	amawkna pi ahihlam hongtel sakhi
e17147	zd:23843	Leitung mikhempeuh ih kibatna hongtelsak mahmah hi
e17148	zd:19614	hih thuthang in hongtelsak, hong phawksak mahmah hi
e17149	zd:16817	March khasung in ki hongthak hi
e17150	zd:19983	Mi te in nang pen hongthei taktak lo hi
e17151	zd:24502	tankhat sangnaupang te mah bangin lai hongthei hi
e17152	zd:22862	abawl uh hang in hongthei veve hi
e17153	zd:19754	Tua aki hongthei Safe pen khatbek hipan a
e17154	zd:18920	Zeisu hongtho kik ahih man in
e17155	zd:21869	zingsang ciangin thadim sa in hongtho kik
e17156	zd:17994	anawngkaikha khempeuh hongthuum uhhi
e17157	zd:16488	Topa'n a thupha tawh hongtuam semsem ta hen
e17158	zd:11224	ama thu pha namkim tawh hongtuam den tahen
e17159	zd:18303	Horn hongtum sansan hi
e17160	zd:11592	akhuttawh hongtum cihi
e17161	zd:22479	hongtun phet in kei mah hong sam masa hi
e17162	zd:24955	Hihbang natna gilo hongtun ciang in
e17163	zd:23943	Christian upna hongtun ma-in
e17164	zd:21389	A sawtlo in palikte hongtung hi
e17165	zd:15103	Tuakhit ciangin Technician pawlkhat hongtung uhhi
e17166	zd:12168	Pastor 6 hongtung khin ta hi
e17167	zd:21334	hongtungding November 13 ni ciangin
e17168	zd:22377	Malaysia gamsung hongtungding hi
e17169	zd:11209	Myanmar Union Day hongtungding hita hi
e17170	zd:15216	Police tezong asawtlo in hongtungpah uh a
e17171	zd:12304	Ambulance leh Paramedics te hongtungpah uh a
e17172	zd:15941	hotel ah hongtungsak uh in nuam mahmah hi
e17173	zd:22644	Vanleng tawh kibangin gamla pi hongtungsak hi
e17174	zd:14931	kha 4 bang aomkhit ciangin nausuahhun hongtungta hi
e17175	zd:12093	Avante hongtungta hi cih azakciangun
e17176	zd:24220	Sa I-duh ciang-in vamiim-tawh hongvaak dinghi
e17177	zd:14579	Bethel in hongvaak in kilungdam mahmah hi
e17178	zd:16032	gamgi lui Ciau dongdong hongvak uh a
e17179	zd:19400	sawltak Paul hongvak leh
e17180	zd:24452	hih natnate hongveng ding aa
e17181	zd:14833	GrabCar leh Uber buaina te hongveng zawdeuhhiam
e17182	zd:24123	Nute in hongveng hongcing hongkem hi
e17183	zd:18069	mipi te'n Photo leh Video hongzaih uh a
e17184	zd:16580	hongzaih nahihleh khawl in ci'n gen hi
e17185	zd:11587	Topa'n siapa hongzang semsem tahen
e17186	zd:19455	Hih technology te hongzang uh leh
e17187	zd:13077	tua-bang kammal hongzangh mite
e17188	zd:21328	amanlang in Police Station ah hongzasak pah un
e17189	zd:13020	asawtlo in hongzasak ding hi
e17190	zd:21248	Khuasung mite khatin phone tawh hongzasak in
e17191	zd:10973	a kei sese hongzat ka kipak hi
e17192	zd:15397	February 15 ni akipan hongzat uh hi a
e17193	zd:11401	Kawlgam hongzin Tourist limlim
e17194	zd:16488	Malaysia hongzin sungin ZAM zumah hong hawhin
e17195	zd:12919	ni 40 sung hongzin ahi uh hi
e17196	zd:22818	Galkap te panpih USDP in hongzo hi
e17197	zd:17409	Burmese tawh Laisiangtho Diploma hongzo hi
e17198	zd:19749	tua gam ah ni khat guah hongzu hi
e17199	zd:25068	guah hongzu leh lampite sia laiding a
e17200	zd:20997	i theihloh kal in hongzui den hi
e17201	zd:24593	Launa, dahna, cihte-in hongzui pah hi
e17202	zd:19754	asungah sum honkhat kimukhia hi
e17203	ts:5913	Thaupi thau neu honkhat zong kingah
e17204	zd:22464	a hoihna le a hoihlohna zong honkhat om ding hi
e17205	zd:17974	nasem honkhatin Department Meeting nei uhhi
e17206	zd:15777	meltheih tanau leh lawmlegual honkhatin muakngeingai uh cihi
e17207	zd:11265	Passengers honkhatin liamlawh uhhi
e17208	zd:12105	naupang zong honkhatmah kihelding cih kiza hi
e17209	zd:19470	Naupang zong honkhatmah aomkha hi a
e17210	zd:17069	pasal khat thau honkhattawh kiman
e17211	zd:16729	Immigration Officers honkhattawh ki pawlkhawm in
e17212	zd:15382	mi honkhatte adingin
e17213	zd:19318	gamdangmi Tourists honkhatzong kihel uhhi
e17214	zd:19289	Raw Materials honkhatzong ki mankhia hi
e17215	zd:16410	tuatawh honkhiading in kithawi uhhi
e17216	zd:14888	asungah a awkcip Passenger te honkhiading in
e17217	zd:15385	kuamahmah in honkhialo cimawk hi
e17218	zd:11927	Alawmte'n honkhialo hikeileh
e17219	zd:19754	Drill tawh honkhiatding kipan uhhi
e17220	zd:17281	Rescue Team te ii honkhiatding ngakin omcip hi
e17221	zd:20387	Tuciangciang naupang 8 ki honkhiathei khinta hi
e17222	zd:24276	a piangthei siatnate pan hong honkhiathei hi
e17223	zd:20387	akigawm in naupang 8 aki honkhiatheita ahihi
e17224	zd:11461	ahotkhiat sawm uhhang in honkhiazolo uhhi
e17225	zd:25589	Cinema te asawtlo in honkik sawm pianta uh zong hikha ding hi
e17226	zd:24270	Ka mit uh ka honkik uh ciangin
e17227	pk:35	a kizang kammal khat pen honlawhna min
e17228	zd:25068	Hihte bel honloh phamawh hiven
e17229	zd:11326	honloh aphamawh ahihi
e17230	zd:13114	kapa honmasa un ci
e17231	zd:24594	ni in innthak honna kinei hi
e17232	zd:19858	Laibu honna programme ah mi 700 kiim kihel thei hi
e17233	zd:22948	ZYA-Tonzang Zum honna nei ding
e17234	zd:12565	ahih zongin kongkhak ki honnuamlo hi
e17235	zd:14785	kongkhak honnuamlo uh ahih manin
e17236	zd:14559	Friday ni in Hawaii, Honolulu khuapisung aom innsangmahmah khatah thupiang hi a
e17237	zd:17763	San Francisco panin Hawaii, Honolulu zuanin alenlaitak in
e17238	zd:15572	Zeisu honpa leh gumpa in na san kei leh
e17239	zd:20999	Pasian um in Zeisu honpa leh gumpa in ihsan hang ahi hi
e17240	zd:15617	tuni honpawi ah genkhia hi
e17241	zd:14897	SEA Games 2017 honpawi ah laibu neukhat kibawl hi
e17242	zd:12048	sai honpawi abawl hiding in ki ummawh cihi
e17243	ts:10733	thautang honpi khat leh adang galvan tuamtuam
e17244	zd:11841	vankham honpikhat tawh kiman hi
e17245	zd:17790	inn Building honpikhat kisia cihi
e17246	zd:15568	mawtaw sungah set honsa in naupang nusia kei un
e17247	zd:14566	anunglam Rear Camera honsa in
e17248	zd:19398	Tua Electric Tricycle pen aset honsa in
e17249	zd:19495	huihsiangtho angahding in kongkhak honsawm hi
e17250	zd:12487	athak khat a honsawm laitak uh ahi hi
e17251	zd:20384	Honshu Island sung aom Prefecture mun 3 ah
e17252	zd:15686	Biakna sanginn hontheih nadingin
e17253	zd:19648	Starbucks Coffee Shop hontheih nadingin phalna
e17254	zd:11887	aki honzawh tuahsiat cilna ahihi
e17255	zd:11182	aki honzawh kum 4 bang phading hita
e17256	zd:17163	Primary School hong' hoong uhhi
e17257	zd:22586	zum zong hong' hoong takpi uh hi
e17258	zd:25467	GZA pan Christmas hopihna
e17259	zd:24029	hopihna bek hong dawng hi
e17260	zd:24062	Ka mipih Zomi khempeuh tungah hopihna lai
e17261	42.11.43	zahtakna tawh hopihna ahi zongin
e17262	42.1.44	Nong hopihna aw ke’n ka zak ciangin
e17263	53.3.17	note hopihna ka khut tawh kong gelh hi
e17264	42.1.41	Mari hopihna thu Elisabeth in a zak ciangin
e17265	42.1.29	bangci bang hopihna ahi ding hiam
e17266	51.4.18	note hopihna hih lai kong gelh hi
e17267	zd:19719	Mohnyin Railway Station leh Hopin Railway Station azuanding te ahihi
e17268	zd:17428	Hopin acihna buta khua ah
e17269	zd:24049	handmade mask hopna zong kinei pah hi
e17270	zd:10742	sisan hopna kipan hi
e17271	zd:25148	Ka tuahkhakna pan tawm kong hopsawn hi
e17272	zd:15180	Facebook tungah aki Post khiate kong hopsawn uh ahihi
e17273	zd:22187	Numei hormone in guh ki lamna hatsak hi
e17274	zd:20640	pumpi sungah cortisol hormone hong tamsak hi
e17275	zd:20448	Tua hormone pen
e17276	zd:19875	Sex hormones tampi piangsak hi
e17277	zd:24276	cortisol leh epinephrine hormones te susia hi
e17278	zd:21015	a mawtaw Horn tumgawp hi
e17279	zd:18303	Lorry Driver in tamveipi Horn hongtumsan a
e17280	zd:22686	mawtaw pen tam mahmah napi Horn kimek khum gawp
e17281	zd:17574	Hosana Christian Fellowship
e17282	pk:89	mal thum ciangin hosanna khat ta ki koih hi
e17283	pk:89	kam khakna ma-ah, hosanna kikoih leuleu hi
e17284	zd:16434	Hospital ah amanlang in kipuakpah himahleh
e17285	zd:19745	Aliam khempeuh Hospital ah zatui Treatment kibawlding in kipuak hi
e17286	zd:12132	Sultanah Bahiyah Hospital ah kipuak uhhi
e17287	zd:11899	Aliam teng ageinai aom Hospitals te ah kipuak in
e17288	zd:11265	Taipei khuapisung aom Hospitals tuamtuam ah kipuak kawikawi hi
e17289	zd:25603	kici TV program ah host ahi hi
e17290	zd:12311	Thai & Japanese Restaurant khatah host asepkawm in
e17291	zd:12860	Tuakhit ciangin numeikhat Hostage in amat ahihi
e17292	zd:11642	Hostage bangdan in akem uh
e17293	zd:14848	sangnaupang honkhat Hostage in man
e17294	zd:18234	Hostel ah om thei ding
e17295	zd:15255	meikuang pen Hostel ii apualam kongkhak panin hongkipan cihi
e17296	zd:15461	biakna sanginn giahna Hostel khat ahihi
e17297	pk:72	Amaute in, Hotel sungah a taam laitak ahi uh hi
e17298	zd:15296	Yangon ah Hotel khat meikang
e17299	zd:12168	Hotel booking bawl zihziah khin ta hi
e17300	zd:12487	Hotel man hong lalo ding hi'ng cilai hi
e17301	zd:14954	asung ah a awkte hotkhiatding kipan uhhi
e17302	zd:12450	khuasung miteng huhna ngenin hotkhiatding kipanpah uhhi
e17303	zd:20387	anunung naupang aki hotkhiatkhit ciangin
e17304	zd:20446	Tua kuahawm sungah a awkcipte avekin aki hotkhiatkhit hangin
e17305	zd:24064	Mi-giat bek in teel in hotkhiatna ngah hi
e17306	zd:19767	Topa tungah huhna a ngen khempeuh in hotkhiatna ngah ding uh hi
e17307	zd:14954	Lift kisia in aki hotkhiatsawm pasal khat
e17308	zd:17265	a awkcipte hotkhiattheih nadingin hanciam mahmah uh
e17309	zd:15928	bangmah hotkhiattheih zong omvetlo hi
e17310	zd:20418	ZAM hotline leh palai te phone ah
e17311	zd:25415	UNHCR hotline pan hong samun
e17312	zd:16817	Hotpot ansai ah sungten guaktawh Waitress semsak
e17313	zd:15425	Hotpot Restaurant sungah naupangno khat
e17314	zd:24413	Coronavirus hotspot pen New York leh New Jersey te hi aa
e17315	zd:15445	Wifi hotspot akigawm in muntuamtuam mun 5800 bangah omkhin hi
e17316	zd:12031	Hougang Station geinai nanawk khakei un
e17317	zd:20514	Hougang vengsung aom HDB Flat khat meikang
e17318	zd:21042	Alian penpen Houston, Texas a om Lakewood Church hi
e17319	zd:24468	Kachin gam, Hpakan Township, WaiKa khua ah
e17320	zd:17428	ka paipai a Hpakant ka tung hi
e17321	zd:19543	Myanmar, Hpakant ah suangkhuk kicim leuleu
e17322	zd:26620	Pyu Saw Htee ih cih militia Kawlte naktam mahmah ta ci hi
e17323	ts:1101	Hih kikapna Camp ah Pyue Saw Htee te 25 kim om uh
e17324	zd:21066	Siatna pan hong hu ding a
e17325	zd:25339	Siatna khempeuh pan hu in kem ding
e17326	zd:21845	Isreal mite a cing a hu vangtungmi hi
e17327	pk:44	hua lia in, a melhoih hi
e17328	pk:45	hua in, na sakol ahi hi
e17329	pk:57	hua khedapte in, a lui ahi uh hi
e17330	pk:59	hua ui in, nanga ahi hi
e17331	ts:3805	hua lam tai ding maw
e17332	zd:23268	Ken hua duh zaw ing
e17333	zd:22002	Nang hua mohte na duh hia
e17334	40.24.23	hua lai-ah a om hi
e17335	1.22.5	kei leh tangvalpa hua lamah pai-in
e17336	6.8.22	pawlkhat hih lamah pawlkhat hua lamah om hi
e17337	2.38.15	buk tual kongpi hih lam leh hua lam-ah
e17338	19.87.6	Hihte pen hua lai-a suak
e17339	40.26.36	Keimah hua lam pai a, thu ka nget lai takin
e17340	40.17.20	Hih lai panin hua lai-ah kin in
e17341	66.7.13	Puanpaak silh hua mite kua mi hiam
e17342	4.23.24	En un, hua mite
e17343	9.14.8	hua mite kiangah galkah-in
e17344	pk:56	hua in, mutpuak khat ahi hi
e17345	pk:57	hua in, laikung khat ahi hi
e17346	pk:59	hua in, na ui ahi hi
e17347	zd:16327	huah thuum kenla, Hiah thuum in
e17348	zd:21598	huah ding leh pil ding na zon zah mahin
e17349	zd:21097	Khang kizom in na huah nopleh
e17350	zd:20264	zawnna pen thuak zo uh in, huahna pen thuak zolo uh hi
e17351	zd:20443	Pil na om na gamah huahna leh zawh na om
e17352	zd:10687	Zomi huaiding kipawlna
e17353	zd:17933	Zomi gaaltaaite komding huaiding-a akiphut
e17354	zd:19676	Han ciam kul, hanciam huaihi
e17355	zd:18011	ei-le-ei ih tunna dinmun tel theih huaihi
e17356	zd:20899	tuamtuam zong neihkholh huaihi
e17357	zd:25431	Banghang in Pasian nasem te pahtawi huaihiam
e17358	zd:11617	Bangzah in khasiat huai, mulkim huaihiam
e17359	zd:11894	Up huaikei ci'n nong pumnial sese sangin
e17360	zd:15689	pawlkhat in up huaikei ci'n
e17361	zd:21105	minam tuamtuam om teng beek huaikhop sawm ni
e17362	zd:23893	mi tuamtuamte a huaikhop zaw nadingin
e17363	zd:23572	a huaikim zo ding mi kimu lo hihang
e17364	zd:22815	sungtumin huaikim ding kisam hi
e17365	zd:11932	Yahoo azatzat huailai mahhiam
e17366	zd:23394	A piangthak taktakte a dingin Khuado pen zuih huailo hi
e17367	zd:12867	Zomi leh Zomi nam dang pau in zong kiho ngam huailo hi
e17368	zd:21271	Zomi State ih ngah nang hanciam huailua hi
e17369	zd:22371	nak lau huailua mahmah hi
e17370	zd:14947	thuaklah huailua mahmahta hi
e17371	zd:21121	hong kep hong huaina le itna a tawntungin kibang den hi
e17372	zd:20581	Pasian in ei ong huaina hangin
e17373	zd:19577	lungkim huaipen ahih manin
e17374	zd:16615	HIhmun ah alunglut huaipen
e17375	zd:16249	Charger khawng Original leingamlo cihbang haivai cihnop huaiphial hi
e17376	zd:20236	hong khasiat huaiphial dektakliang hi
e17377	zd:14638	tukum pen tuikhang huaisia phadiak hi
e17378	zd:16952	Meikuang pen huaisia mahmah ahih manin
e17379	zd:16367	aliamma pen huaisia luasamlo cihi
e17380	zd:17969	huaisiagawp samlo in, Stable Condition hi ci'n genkhia hi
e17381	zd:17919	Meikuang pen huaisialo ahih manin
e17382	zd:14859	aki kapliamna pen huaisialo cihi
e17383	zd:20428	meikuangpen huaisialua mahmah hi
e17384	zd:14692	Meikuang huaisialua mahmah ahih manin
e17385	zd:11236	meikuang huaisialua ahih manin ki phelhsiang zonailo hi
e17386	zd:16410	bangmah liamna huaisialuapi omlo cihi
e17387	zd:16895	a huaisialuapi omlo uhhi
e17388	zd:24199	A huaisiam makai mah kisam hang
e17389	zd:24313	itna tawh a huaisiam makai teel ding ahi hi
e17390	zd:23394	a thupi mah hiam cih ngaihsut huaita hi
e17391	zd:23729	Singkungte tawh kilawmta takin nuntak khuasak huaita hi
e17392	zd:23361	Khangnote in theih huaita ding hi
e17393	zd:15679	khasiat huaitak in genkhia hi
e17394	zd:19174	a tengna inn pan in lungkim huaitak in
e17395	zd:19679	Theih huaithu masa
e17396	zd:19390	Alungdam huaithu khatah, Vetiver kici lopakung namkhat om
e17397	zd:14844	Kawlgam mite adingin khamuan huaituam mahmah hi
e17398	ts:9083	Vanleng muan huaizia tawh kisai thu ciamtehnate
e17399	zd:25169	hunlak zel huaizia hong kilang mahmah hi
e17400	zd:21219	minambup leh gambup a huaizo ding tangmi leh makai
e17401	zd:24067	anih veina natna tui hual
e17402	ts:4827	Gamvai kikhelna hual
e17403	pk:159	Aw lai om a, a hual om in
e17404	pk:169	Pat hual khat
e17405	zd:17645	Hih zinling apianna Hualien City pen
e17406	zd:25097	Falam pan Hualngo minam te ahi hi
e17407	zd:15525	Hualngo kual hi aa Tedim khuapi huam mah hiveve
e17408	zd:25242	pulnatna hualpi khit ciang
e17409	zd:21974	hualpi thum-in kikhen theihi
e17410	zd:25286	Yangon huam sunga teng a haksa mahmahte adingin
e17411	zd:24211	project huam sunga om mipite
e17412	zd:24170	Tedim khuapi huam sungah khua 130 om a
e17413	zd:16728	Tedim khuapi huam sungah zong Khuapi thak
e17414	zd:19995	hoihtak aki keplohna hangin asi tezong huamhi
e17415	zd:20410	a huamkim pen leh a tangzai pen Lai Siangtho ahi hi
e17416	zd:24392	i Zomibup huamkim pen dingin ka mu hi
e17417	zd:11548	Mexico gam ii huamna Nogales khua
e17418	ts:3992	Abraham in a huamna ciacia piak ding
e17419	zd:23479	A huampi in en leng
e17420	zd:24039	Lungsim puakzia a huampi kibang
e17421	zd:21706	A huampi in leitung ah mihing a tam zaw in
e17422	zd:20093	Myanmar gambup ah Coverage 70% huamsak khinta
e17423	ts:12519	pawlkhat in mihingte bek huamsak a
e17424	zd:21409	Hihpen Chin State huamsungpan mikhempeuh
e17425	zd:17411	9km Radius huamsungteng alauhuai in ki ciamteh a
e17426	zd:15828	Meter 30 kimkot huamsungteng susiatheiding ciliang hi
e17427	zd:24280	Zomi khempeuh huamzo deuhlo hi
e17428	zd:25090	amau policy in a huamzo ahi ding zong kisam
e17429	pk:89	Ciinno, an huan nai lo maw
e17430	pk:89	An na huan inla
e17431	zd:23388	Sa le nga te mintak in huan in
e17432	zd:22584	An huan nang gas ih zang zo diam
e17433	zd:22683	Zing an huan man nawnlo
e17434	zd:21032	huandan nekdan zuih olpen ding a
e17435	zd:24276	nisa tha tawh a huandan suak hi
e17436	zd:20627	A huangin, acre 500 val bang azai ding hi
e17437	zd:17053	Technical High School sangpi huangin na huam kha hi
e17438	zd:13285	ZBCM huangpi sungah kikhopna kinei dinghi
e17439	ts:8850	Camp huangpi sungah a khauh leh akip mahmah Inn lianpi
e17440	zd:20084	Malaysia UNHCR huangpisung aom New Building Conference Room ah
e17441	zd:11908	UN zumsung leh huangpua dongah CCTV om
e17442	zd:21745	huangpua-ah a om kihi gige hi
e17443	zd:11159	RC Biakinn huangsungah zin hong tung sak in
e17444	zd:17974	Zato huangsungah thupiang, buaina piang ahih manin
e17445	zd:15637	nitak an hong huansak uh a
e17446	zd:19600	A duhdeuh an le mehte ahizong huansak
e17447	zd:26097	Tualaitak in huansak lam pan ak pawlkhat
e17448	zd:11386	ka huansak uh ah mehlei khat ka nei uh hi
e17449	zd:23867	mipi sungah huantawm ding antang bei a omleh
e17450	zd:12306	Minam itna pen minam dang huatna hi lo hi
e17451	zd:8667	muhdahna leh huatna na thuak ngei uh hi
e17452	zd:14531	Huawei Company pen 1987 kum in Shenzhen ah aki phuankhia ahihi
e17453	zd:23822	Sengam, Hubei gam huam, Wuhan khuapi pan hi in
e17454	zd:17949	Hubei Province sung aom Shiyan City ah ateeng uh ahihi
e17455	zd:24088	NLD pia lehang huci khaci dinghi
e17456	pk:8	A behpa a huh hi
e17457	pk:11	Pawlpi a huh hi
e17458	pk:14	A nu' nasep a huh hi
e17459	pk:19	A pa singphuk a huh hi
e17460	zd:18241	nong huh kul ding hi
e17461	zd:18159	IRC pan huh theihna te pawl khat
e17462	zd:25464	PASTOR-TE LEH ZYA IN HONG huh
e17463	40.15.25	Topa aw, hong huh in
e17464	19.38.22	keimah huh dingin hong manlang in
e17465	2.4.12	keimah in na thugenna-ah kong huh ding a
e17466	2.2.17	Moses dingto-in amaute huh a
e17467	zd:24804	Ngongtat leh huham mite'n a luah
e17468	zd:20066	A huhding kua mah pai nawnlo hi
e17469	zd:25928	mi huhding nuamsa mahmah uhhi
e17470	zd:8668	Sia aw bang hong huhding kahiam
e17471	zd:20200	Kei hong huhlo in innlam a ciahkik pah
e17472	zd:17909	kiciantak in muding himahleh huhlo kici sawnsawn hi
e17473	zd:25919	Kua mah in hong huhloh hang in
e17474	zd:11138	cimawh dongtuak tezong hoihtak huhloh
e17475	zd:22334	huhna sum zong ki-ngen kawikawi hi
e17476	zd:20513	huhna sum tampi kingah ding hi
e17477	zd:24236	USA in huhna sum puaknawn loding
e17478	zd:15907	Rohingya te huhnading sum tampi kingah
e17479	zd:14975	cimawh dongtuak te huhnading in ama ipsungpan $1 million piakhia
e17480	zd:15116	galtai in aomte huhnading in
e17481	zd:20401	cimawh dongtuakte huhnadingin $20 Million zatding geelna nei uh
e17482	zd:11176	theihsak ding leh huhnget ding kisam hi
e17483	zd:22967	Cidamna lam tawh kisai in huhnget nopna neih leh
e17484	zd:19065	maitaitak in huhpah lel in
e17485	zd:15631	khuasung mipi te'n aliamna huhpah ngeingai uhhi
e17486	zd:24955	Kum tampi gamhau te' huhsa tawh
e17487	zd:21701	kua etsa kua vaksa kua huhsa in khangkhia i hi hiam
e17488	zd:23984	Kisap a neih na muhleh huhsawm in
e17489	zd:18303	ka pusuahtheih nadingin hong huhsawm uh a
e17490	zd:21796	Hih laibu in hong huhtheihna
e17491	zd:16336	huhtheihna aomloh hangh, dahpih mahmah hangh
e17492	zd:10874	Ka huhzawh luatna zong ka thei kei hi
e17493	zd:25928	ih huhtheih bangbang in ih huhzawh leh ih thupha ding hi
e17494	ts:3085	panpihna leh huhzawhna ding geelna
e17495	zd:17060	ka huhzawhna ding kamciam ka piapah hi
e17496	zd:11571	innsung ah khuavak leh huih siangtho lutpah hi
e17497	zd:20778	Tuap sungah huih siangtho a lutna in
e17498	zd:23729	huih siangtho tawh hong laihsak den hi
e17499	zd:17152	Nakpi in huihdiik in, damdam in khahkhia ding
e17500	zd:25470	huihdiik masa, khua musa te mah piicing ih ci uh hi
e17501	zd:23848	Cisa, bukkhuh le huihdik haksa
e17502	zd:21807	huihdik ding haksa a sak leh
e17503	zd:21616	a kituaklian in huihdik kawm in tui valhsuk thei hi
e17504	zd:20195	huihdikna leh lungsim kepcingna a thupi pen a hihi
e17505	zd:21796	lungtang kisaina leh huihdikna te
e17506	zd:11956	Cyclone huihpi pen huihhatna tawh kizui in
e17507	zd:11236	Mun pawlkhat ah huihhatna naikhatin 75 kilometer
e17508	zd:12717	ka inntungkhuh uh huihin lemkhia in
e17509	zd:15679	huihin mutgawp sawnsawn ahih manin
e17510	zd:22784	Zogam huihkhi vot hiauhiau in hong na dawntuah a
e17511	zd:11494	Zogam ahzong kikhelna huihkhi hong nung hi
e17512	zd:13057	tua huihnin in Ozone Dalpi te vang sak hi
e17513	zd:24677	Kawlgam Politic huihnun zia
e17514	zd:23538	I omna gam huihnun zia tawh kizui in
e17515	zd:23538	I omna gam huihnun zia tawh kizui in kidawm ciatni
e17516	zd:24677	Kawlgam Politic huihnun zia
e17517	zd:12033	Mipi in Gam huihnundan ngaihveng in kantel leng
e17518	zd:10966	huihnundan pen siangvot kilkel hi
e17519	zd:20316	khuahun paizia khuahun huihnundan tawh akituak
e17520	zd:11456	gamvai huihnunzia kikhel lai ding hi
e17521	zd:24283	Covid-19 khit leitung huihnunzia tawmkhat
e17522	zd:12811	Taiwan ah huihpi guahpi hangin mi 1 si
e17523	zd:11725	New Zealand ah huihpi guahpi nasia mahmah in
e17524	zd:9429	huihpi leh guahpi zong phawk loin ihmu hi
e17525	zd:20173	Mon State sungahzong huihpi leh guahpi in tukumsung limnawk mahmah hi
e17526	zd:19088	Yangon khuasung huihpi leh guahpi in nawkin tui kivung kawikawi
e17527	zd:14927	huihpi nung bangin hu ging khat hong tung vat a
e17528	zd:17992	Tua zanin huihpi nung ahihmanin vasano khat
e17529	zd:9428	huihpi nung tawh kibang lel hi
e17530	zd:15942	Leitung ah huihsia guahsia piangsak hi
e17531	zd:21563	ahunhun in huihsia leh guahsia in nawkthei zelzel hi
e17532	zd:10842	huihsiang ngahlo in asi hi
e17533	zd:25115	zingsang huihsiang dik ding leh thala dingin
e17534	zd:12355	naupangno huihsiangtho hoihtak ngahloding cih thei uh ahih manin
e17535	zd:19392	huihsiangtho kingahlo a, khuahunzong lumsak mahmah hi
e17536	zd:15679	Gammeikang aom ciangin huihtawh kithuah in
e17537	zd:19925	Guahtui tamlua mahmah in, huihtawh kithuahkawm a
e17538	zd:24079	huihtha tawh a sangna lamah lengto hi
e17539	zd:15356	Kuala Terengganu leh Hulu Terengganu sungah
e17540	zd:11162	Hulu Langat District sungah
e17541	zd:10952	I galkap hangsan ten hong humbit ding uh hi
e17542	zd:11072	i teenna leitung hong dal in hong humbit thei hi
e17543	zd:22620	Zomi gambeelte humbitna piak zomlai ding
e17544	zd:10683	Hih bill pen numeite humbitna ding
e17545	zd:20349	kung humbitna in zang uh hi
e17546	zd:24064	Lai Siangtho khempeuh Kha Sianghto humop hi
e17547	zd:22470	a tuam vilvel Pasian kammal, Kha Siangtho humop
e17548	zd:21945	Pasian in nasem pan in humpite' kam na humsak hi
e17549	ts:4018	Bang hun, cik ni cih kigenthei nailo hi
e17550	ts:3805	Tu'n amau tai ding hun a tung hita
e17551	ts:3160	Bang hun in Lai bawl hiam
e17552	11.14.1	Tua hun lai takin
e17553	18.22.16	Amau’ hun tung lopi-in
e17554	42.1.57	Elizabeth suah hun a cin’ khit ciangin
e17555	4.6.8	A tuam om hun sung teng
e17556	4.6.13	A tuam om hun a cin’ ciangin
e17557	27.7.12	hun ciangtan’ khat a kipia hi
e17558	19.104.27	A hun ciangin an piak ding ngak-in
e17559	20.20.4	Lo khawh hun-a a kho nuam lo thadahpa
e17560	19.104.19	hun ciamteh nadingin khapi na bawl a
e17561	zd:20060	hun awng ngah peuh leng I phone mah
e17562	zd:17177	hun awng neih loh na hangin
e17563	ts:3375	nasep loh sung hun awng ah hih bek uh hi
e17564	pk:70	a kikhelna pen hun lahkhiatna
e17565	zd:23212	Tua hun laiin kei pen ka hau nai kei hi
e17566	zd:19239	U Nu te hun laiin bel
e17567	zd:25138	a hun lapin kipuak thei bilbel hi
e17568	zd:22228	a hun lapin kibawl kei leh
e17569	zd:9434	Tu hun pen hun nunung hi
e17570	zd:19679	kum 70 Jubilee leh hun nunung kizopna
e17571	zd:9218	1902 kuma a kiphuah huna kipan tuni ciang dong
e17572	zd:10912	ama khan huna kipan Tedim khua khangin minthang mahmah hi
e17573	ts:4569	Tua huna kipan Churachandpur pen Churachandpur Mission Compound kici-in
e17574	zd:16710	Hunan Province sung aom Ningxiang City sungah
e17575	zd:18244	Hunan Province, Dongkou khuasung ah
e17576	zd:20142	a hunawng uh niangtuisai peuh beer saipeuh ah
e17577	zd:15846	hunbawl ding leh sihvui hun ding
e17578	zd:22388	Missa hunbawl kinei khit ciang
e17579	zd:11712	ganhing asih uhciang sihvui hunbawl, thunget cihte anei uhdiam
e17580	zd:14684	abeisa kum 8 hunbawl akipan
e17581	zd:11757	anunungpen hehnep hunbawlna ong neihpih ding hi
e17582	zd:10745	a nunungpen hehnep hunbawlna kineiding hi
e17583	zd:20387	Akigawm in nai 9 sungbek hunbei a
e17584	zd:17862	nai 7 sungbang hunbei in
e17585	zd:17152	lungnuamlo in hunbeisak tadih ding hilohi
e17586	zd:22203	Vuk hun leh khuakhal hunbek omhi
e17587	zd:25914	tawlngak na hunbek hi lo in
e17588	zd:20971	Mikim in hunbit Pasian nasem ni ka cihna hilo hi
e17589	zd:21377	hunbit nasep na ngah zo kei zongin
e17590	zd:19606	hunbit in asem theipah hiding
e17591	zd:22652	EC teelcing angah peuhmah hunbitin asem theipah hi ding
e17592	zd:25457	ZBC sungah hunbitin kum sawmthum sung a sep zawh ciangin
e17593	zd:19117	Hih hunciam sung ah
e17594	zd:25264	oxygen concentrator khat hunciam omloin i zangsak hi
e17595	ts:1485	Thongkia 7749 te Thongkiat hunciam kitawmsak
e17596	zd:17595	Nitaklam 3pm hunciang in thusitna kipankik leuleu hi
e17597	zd:19427	Tuabang hunciang in misiangtho tam pitak te
e17598	zd:10973	Pasian in lem asak hunciang kimu kiik diing hihang
e17599	zd:21918	Na gualzawh hunciangin lungdamna taktak na ngah zokei ding hi
e17600	zd:23843	Haksat hunciangin ih buk nang Pasian lo mundang omlo ahihi
e17601	zd:10660	hundang te pan laisim hun ding ka la
e17602	zd:12177	hundang in a piang kei hi
e17603	zd:12267	Anu leh anau tawlngak hunding kisam hi
e17604	zd:21869	na nasep laitak in laisim hunding nei in
e17605	zd:20874	Avak aciah hunding uh kitheisak hamtang uh hi
e17606	zd:19964	Result aki tangkokhiat hundingpen ni 3 bekbek kisamlai hi
e17607	zd:19820	kimuhkhop hundingpen June kha kipatlam in kigeelkhin cihi
e17608	zd:21552	Saturday zingsanglam 2am hundong akibawl ahihi
e17609	zd:17994	nitak 4pm hundong ki khakciplai a
e17610	zd:16367	hih thuthang akigelh hundong
e17611	zd:20032	Na kamnem'na hong hungaih mi khat
e17612	zd:12279	hungaih aa et toh lai ding hi
e17613	zd:25584	Poland, Hungary, Moldova leh Romania gam te ah tai uh
e17614	zd:18086	Hungary gam aa suak hi in
e17615	zd:21127	a nuai a hungeelna bang in kibawl ding hi
e17616	zd:15527	Kha khanlawh nading hungeelna i nei theita uh hi
e17617	zd:16052	a nuai aa hungeelna bangin neikhawm ding
e17618	zd:23629	hungelna sa om mah bangin zingsang lam 11:00AM lian in
e17619	zd:12862	anuai a hungelna ombangin Siangtho kitenna neiding
e17620	zd:24117	Tua bang hunhaksat mahmah laitak in
e17621	zd:16157	Democracy ading mapan hunhaksat mahmah lai-in
e17622	zd:17060	hunhawih laipekin, Aero Mechanics, Aircraft Engineer
e17623	pk:120	Taanglai hunhi leh
e17624	zd:19875	Beetroot pen ut hunhun in kiciing thei hi
e17625	zd:21796	na ut hunhun in na sem thei hi
e17626	zd:22928	ka kisap hunhun in
e17627	pk:76	a hunhun a sepna khatpeuh
e17628	pk:90	a hunhun in, tawlnga zelzel in
e17629	zd:17345	a hunhun in hih fb ah ka post zel hi
e17630	zd:20786	a hunhun in kikhel toto lai hi
e17631	ts:3172	siatna a hunhun kithuak zel hi
e17632	zd:9426	ama ut hunhuna innkuan khempeuh
e17633	zd:16719	Deihloh hunhuna makai lutang khatpeuhin
e17634	zd:17788	hunkhak naleh nek leh dawn in hong zui pah ding hi
e17635	zd:11425	hunkhak thungetna leh Zomite mailam ding
e17636	zd:20071	hunkhat lai in mihau mahmah khat om hi
e17637	zd:19006	hunkhat ciangin mihaupa zong a si hi
e17638	zd:11251	hunkhat ciangin agah omveve hi
e17639	zd:11251	Cihtakna pen hunkhatciang agah kimukik theihi
e17640	zd:14679	tuate zong hunkhatciang lauhuaithei khading hi
e17641	zd:13089	hunkhatlai in Shopping Center akilut ciangin
e17642	zd:13059	Abeisa hunkhatlai in Kindergarten sanginn pawlkhat ah
e17643	zd:9124	hunkhen mawhpuakna kipia mite, mawtaw hawlte
e17644	pk:153	NI KHAT hunkhenna
e17645	zd:19565	naukemnu in ahutsawm hangin hunkhia zolo hi
e17646	zd:10719	police ten hunkhia uh hi ci hi
e17647	zd:19295	acimawhte hunkhia ding
e17648	zd:24248	na tu natate tawh hunla in nuamsa in
e17649	zd:12544	thuvatsat kei inla, hunla phot in
e17650	zd:25132	kum 8-10 bang hunla hi
e17651	zd:18200	Amah pen tua hunlai in kumpi nasem hi
e17652	zd:26097	No' hunlai dan hi nawnlo
e17653	ts:4569	Tua hunlai-in kangkalh, thopuan cih bang om nailo hi
e17654	zd:20738	abeisa kum 18 hunlaipawl in katuak ngei hi
e17655	zd:11619	Tuapen abeisa kumnih hunlaipawl hi a
e17656	zd:15417	Abeisa kum 50 hunlaipek akipan
e17657	zd:16849	abeisa kha 6 hunlaipek akipan aomkhawm uh ahihi
e17658	zd:25292	Hih hunlaitak in amau kum 20 gual pha ta uhhi
e17659	zd:21869	ihmut hunlaitak in thupi mahmah hi
e17660	zd:21876	Na lungkiat mahmah hunlaitak in
e17661	zd:24036	I nasep hunlaite sang bangin
e17662	zd:16404	tua hunlaite in ong pai hetlo hi
e17663	zd:15105	A kuamah peuh hunlap in hong pai un
e17664	zd:17149	Tedim zato ah a hunlap in ki puak hi
e17665	zd:17586	A hunlap in hong zasak theilo
e17666	zd:15571	Kumpina kasep kawmin hunlem ka ngah bangbngin
e17667	zd:12289	Topa'n nikhat niteh hunlem, hunnuam khat hong piading in ka lamen hi
e17668	zd:10817	kigawm kikna ding hunlem ngah uh hi kici hi
e17669	zd:25924	tua pen tulaitak hunlian ahihi
e17670	zd:19109	Hih mencip hunlian laitak in guahzulo
e17671	zd:11532	Vanleng akiat hunlian pen nitaklam 4:40pm
e17672	zd:22734	hunlo pi in ong sihsan uh hi
e17673	zd:17309	kilawmlo hunlo pipi-in mual hong liamsan ta uh hi
e17674	zd:20747	phalbi hunma in laktheih dingin
e17675	ts:301	Amah pen Mikangte hunma a Zomi makaih siampen
e17676	zd:25318	Israel mite kumpi Saul hunma tan
e17677	zd:19476	tuahsiat hunmah omthei veve hi
e17678	zd:21370	hunman tak in piak ding ki sam hi
e17679	zd:19676	thuman, hunman ding bek ki sam hi
e17680	zd:20016	hunman ciangin altar call ah
e17681	zd:11110	hunman ciang-in itna ankuang
e17682	zd:22171	hunmanpha tampi mawk beisak kei in
e17683	zd:17951	hunmanpha hunhoih tampi in hong paisan khinta hi
e17684	zd:20946	Hih bangin hunmantak in nekdenna in cidamsak hi
e17685	zd:20801	hunmantak a nasepna
e17686	zd:11376	akiatna ahangpen genkhiatding hunnailo
e17687	zd:17556	genkhiattheih bangmah omnailo, hunnailo hi
e17688	zd:25919	hunnei lo sum nei lo ci-in
e17689	zd:25924	Leitung ah hunnei lo ihcih tepen
e17690	zd:20892	hunngah vetkenglawm nidangciang hong huhning
e17691	zd:12487	Ni thum sung hunnuam kazang khawm thei uh hi
e17692	zd:23367	Na zi na tate tawh hunnuam zatsiam in
e17693	zd:21421	pawlpite tawh zong hunnuam kangah thei hi
e17694	zd:19679	hunpai tozel in AD 330 kiim in
e17695	zd:21703	Catholic Pawlpi in biakpiak hunpai zia
e17696	zd:14836	Saturday nitaklam 3pm hunpan kipan in nai 3 sung
e17697	zd:11866	Nitaklam 1:15pm hunpan in thau kikapna akipan
e17698	zd:15521	Zanni Saturday nitaklam 9:30pm hunpawl in thupiang ahihi
e17699	zd:15651	tuzingsang 10:55am hunpawl in aki theikhia ahihi
e17700	zd:18947	2:50am hunpawl kici hi
e17701	zd:11729	Saturday ni zingsanglam 8am hunpawlin nasemkhat in
e17702	zd:15002	nitaklam 6:45pm hunpawlin kiamsuk zawdeuhta ci uhhi
e17703	zd:19609	Zingsang 5am hunpek akipan Subang Airport ah
e17704	zd:15920	Monday zingsang 5am hunpek panin akimukhin hi
e17705	zd:16194	Natnathuak hunpen ni 150
e17706	zd:20784	khahkhiatna hunpi pen 7:00 PM in kibawl ding hi
e17707	zd:14579	Nitak hunpi pen Bethel Biakinnpi sungah kinei in
e17708	ts:4661	President thak kiciamna hunpi ah a va kah khitteh
e17709	zd:25924	amau ading hunpia zo kei leng
e17710	zd:23977	khat peuhpeuh agenma in hunpia in ngaihsun phot uh hi
e17711	zd:25924	lawm leh gual ading hunpiak ding
e17712	zd:22988	na hunpiak a tawmlua lai a hihi
e17713	zd:24375	Gen ding tampi omlai mahleh hunsak phot ni
e17714	zd:16150	hunsaupi aa ding a nuai a bangin ministry tuamtuam kinei ding hi
e17715	zd:12187	hunsaupi aa ding na ngimnate
e17716	zd:21417	hunsawt koih dingin hoihlo hi
e17717	zd:19327	ni khat zong hunsawt kisa mahmah hi
e17718	zd:22742	hunsawt hong lungdamsak thei ding hi
e17719	zd:19917	aphiatkikzong hunsawtpi beilawhding hizel hi
e17720	zd:25918	hunsawtpi sung mihing te phattuamna apiak bangin
e17721	zd:21340	nisim hunsim in a thakthak a sin den hi
e17722	zd:17070	hunsim naisim in a ki sai tawntung kul hi
e17723	zd:22652	Ki teelna hunsungah ami pumpi mahmah aom te bek
e17724	zd:21918	A sawtlo hunsungin a lawhcingmi na hihna hangin
e17725	zd:14865	nai 8 hunsungin thupiang ahihi
e17726	ts:301	Kial letak hunsungin mipite'n ann ngawl lo uh hi
e17727	zd:16026	Hih agamtat hunsungpen Minute 5 sungzong sawtloding cihi
e17728	zd:17802	asiatna akibawl hunsungpen nai 5 valbang sawt cihi
e17729	zd:20488	June kha leh September kha kikal hunsungteng in
e17730	zd:15592	hih pawipi hunsungteng Security khauhsak mahmahding
e17731	zd:21588	Tua nai 3 apai hunsungteng in
e17732	zd:25917	hauhna in zong huntam kisam hi
e17733	zd:17026	huntam a bei zongin
e17734	zd:11326	sumtampi huntampi bei in
e17735	zd:15811	huntampi piakhia in
e17736	zd:8375	Tua ahihman in huntampi la in
e17737	zd:21586	A mah pen huntawh kituak in
e17738	zd:24765	huntawh kizui in kikhelnopna le khantohnopna lungsim
e17739	zd:20964	huntawh kituak pilna le siamna
e17740	zd:22479	Sun anneek hunteh zong hong ciah sak ngam lo
e17741	zd:14930	tua hunteh aana hong zang nawn khol lo uh hi
e17742	zd:22860	Tu hunteh Manglai simtheih
e17743	pk:91	huntehna pen sun laitak leh zan laitakin kikhen a
e17744	zd:16878	huntehna nai zang ding hoih pen hi
e17745	zd:24227	khamtung mite in kidona dingin hunteng zang uh
e17746	zd:22504	Japan gamah kumpi thak le hunthak kipanding
e17747	zd:22046	hunthak pilna le vante zat siam ding
e17748	zd:23198	hunthak inn sung vanzat a tuamtuamte
e17749	pk:162	Mihing nuntak huntom
e17750	zd:24164	huntom sung sepding leh saupi a sepding
e17751	zd:20854	huntom sungbek i zattheih khangno hun
e17752	zd:20854	huntomno sung gualnopna hangin
e17753	zd:24276	na lungsim vangik huntomno sungin hong beikik pahlel ding hi
e17754	zd:14852	Abeisa huntomno sungin Yangon khuasung
e17755	zd:25678	a huntun teh zattheih ding
e17756	zd:16210	Hun mantak in kipan a, hunuk pen
e17757	zd:20730	a hunval min 30 kimawl uh hi
e17758	zd:20264	a khasum leh a hunval nasep
e17759	zd:20572	Kimawlna leh gualnopna a tuam tuam tawh hunzang uh hi
e17760	zd:17055	amah zong nang tawh hunzang nuamin hong ngak tawntung hi
e17761	zd:23453	Pasian tawh hunzat khop ding
e17762	zd:20958	Mihingte' hunzat pen, a hun kibang vive mah hi a
e17763	zd:24963	Biakpiak hunzat khit ciang
e17764	zd:22388	anunungpen hunzatkhop ding ong tungding Tuesday
e17765	zd:25449	luanghawm tawh anunungpen hunzatkhop ding hong tungding Saturday
e17766	zd:10901	I siapa tawh a nunungpen hunzatkhopding pen
e17767	zd:11832	tawh anunungpen hunzatkhopding pen ongtungding
e17768	zd:20792	Malaysia omsung hunzatna a bulpi teng
e17769	zd:24036	Pasian tawh hunzatna in na zang hi
e17770	zd:20172	hunzatna, teci panna khawngah pilvan huai mahmah hi
e17771	zd:16040	hunzawh lungdam kohna leh annkuang ading thungetna
e17772	zd:16173	in hunzawh thungetna leh
e17773	zd:24276	A hunzui a piang singgahte
e17774	zd:23156	seppihte tawh a hunzui in kimu in holimzel ding hi
e17775	zd:25333	mite gen pen hunzui-in kikhelkhel lel ding hi
e17776	pk:14	Sik-hup in sik bek a hup thei hi
e17777	zd:19803	tua khitang tepen sik hup ahih manin
e17778	zd:17501	MRI setpi tepen sik hup akhauh mahmah
e17779	zd:17501	MRI kizaihna in pasalkhat hupcip in
e17780	zd:15054	Hurricane huihpi pen Category in kikhen a
e17781	zd:14983	a paiding peen Hurricane Irma kici hi
e17782	zd:15679	Huihpi leh guahpi, Hurricane tuamtuam te'n
e17783	zd:12341	nakpi tak in ih husa khauhzaw pek ding hi
e17784	zd:15553	Ih Zomi MP te' husa aliat theihna ding in
e17785	pk:84	a kipatna leh a tawpna ah, husanna
e17786	pk:89	Dotna leh phawnnate ah husanna kikoih ngei lo hi
e17787	pk:90	husanna, sangin sauvei khawl zaw deuh hi
e17788	pk:93	husanna koih loin ngaklang
e17789	pk:103	husanna kikoih ding hi
e17790	pk:103	cihte ah husanna kikoih lo ding hi
e17791	zd:15332	USA Texas state, Huston khuapi zong nawk a
e17792	zd:25188	Kuwait bang a hutkhiat uh hi aa
e17793	zd:15221	bangmah hutkhiat theihding omnawnmello cihi
e17794	zd:22784	Sisan huup thei vot lah tam cihtakin tam hi
e17795	zd:11323	nitha tam a huup zo penpen singkung mah hi
e17796	zd:24574	Alaigelhte in hong huup mahmah hi
e17797	zd:9259	Sikhuup bangin mi huup-a
e17798	zd:23388	huut nam tampi om hi
e17799	zd:23388	Gilpi sunga huut te bangci that ding
e17800	zd:23388	Gilpi sunga a omlai huut te tampi hong khang kik thei hi
e17801	zd:23388	innkuanbup in huutza nek ding ki sam hi
e17802	zd:23388	Albendazole ki ci huutza in huut nam tampi thatzo hi
e17803	zd:25461	na thuneihna leh na huzaap Zomi kilemna dingin zangh in
e17804	zd:16521	Tua huzaap ziakin
e17805	ts:9859	leitung a huzaap den ding hi lai mawk hi
e17806	zd:24593	I nuntakna hong huzaap, zo mahmah hi
e17807	zd:12341	abeisa hun i huzap ahi hi
e17808	zd:21013	Nu in pate sangin tampi in tate huzap zaw uh hi
e17809	zd:8667	muhna leh zakna in hong huzap phadiak hi
e17810	zd:21013	Tua huzapna te in tate ih piak gamh lian pen ahi hi
e17811	ts:301	Khan Thuam huzapna nuai-ah
e17812	zd:16748	mipi te huzapna hang
e17813	zd:23703	Mumbai, Kolkata, Hyderabad, Guwahati, Dimapur
e17814	zd:22584	hydrogen molecule 2 leh Oxygen molecule 1 kigawmin tui piang hi
e17815	zd:22658	hydrogen bomb te nangawn kibawl thei khinta hi
e17816	zd:23898	State tuamtuam ten zong hydroxychloroquine zatui zang ta uh
e17817	zd:17003	Tua Hotel tepen hygiene tawh kituaklo ahih manin
e17818	zd:17668	mipi te cidamna hygiene tawh kituak in tuisiang bawlding
e17819	zd:9219	Tua hun sungin Hymn phuah ding hong lunglut mahmah a
e17820	zd:9211	Hymn dangte tawh tehna-in thak lai mahmah hi
e17821	zd:9211	Hymnal lui pawlkhatte ah kimu thei lai hi
e17822	zd:9244	evangelical Hymnal peuhmah ah kihel kim phial hi
e17823	zd:17634	Hymns dawng 43 kiteelkhia a, Labu in kibawl hi
e17824	zd:16733	Hypermarket sung aom suangmanpha zuakna Jewellery Store sungah
e17825	zd:20490	Hypermarket sungah vanlei in apai nupikhat
e17826	zd:13020	singkung vasa tuang ibang hi
e17827	zd:24250	leitung mi khempeuh thongkia ibang hi
e17828	zd:15772	Khuado ibawl manin Zomite ngeina kician nei minampi
e17829	zd:23301	aman van tawmno khat tawh ibawl sangin
e17830	zd:24250	ibiak Pasian in laisim mimal kim thupha hong pia tahen
e17831	zd:19800	hong tonpih ding ibiak Jehovah Pasian
e17832	zd:13072	Ryanair vanleng tawh Ibiza zuanin
e17833	zd:12913	Ibiza Island ah Summer hunsung
e17834	zd:20145	Iceland gam leh Football kimawlna
e17835	zd:20179	group stage ah Iceland tawh kidin in
e17836	zd:20045	Kumpi hoih ici thei diam
e17837	zd:19400	Abeisani pen, Zanni ici a
e17838	zd:23298	Anlak, Tuktun, Kumkhen, Cianlep zong ici hi
e17839	zd:19641	nuamkei nuamkei utnawnkeng icici pongmawka
e17840	zd:16245	Mihing nuntakna icih pen tomno sung bek
e17841	zd:24214	A hunhoih pen icih pen tuni mah hi
e17842	zd:16833	icihcih pen hihte higige zaw hi
e17843	zd:16719	Thukhensatte icihpen, aki khentatnailo thute ahi hi
e17844	zd:22911	Leng icihpen the namkhat hi
e17845	zd:19641	Akihisak icihte, ahinailote hi a
e17846	zd:17161	Topa hoih hi, Topa lian hi, icihte zong
e17847	zd:23037	Hua hunlai a North East icihte khawng
e17848	zd:9124	ICRC phualpite kiangah thu zasak thei ding hi
e17849	zd:9124	ICRC palaite in galmatte kikoihna mun ah
e17850	zd:21421	ID card ih neih kei leh kipai thei nawnlo hi
e17851	zd:18144	Tuate nupa in ID bangmah laktheilo
e17852	zd:20486	Sumbawm, ATM cards leh ID te puakkul nawn lo hi
e17853	zd:24691	Wisconsin, Idaho, South Dakota, Iowa and Kansas cih te zong kihel hi
e17854	zd:22282	Tua na idea bei kiksak kei in
e17855	zd:22444	hih idea na mangngilh kei un
e17856	zd:22023	idea thak pongpong sang theilo
e17857	zd:22350	minpen ihihna leh ideih min ahihi
e17858	zd:19733	Van le naa khatpeuhpeuh pen, ideih ilei'nopa
e17859	zd:16343	ideihna icih nopna akibangpian a iseh ahi hi
e17860	zd:24224	idem ding, ihanciam ding hizaw hi
e17861	zd:20337	Zomi identity leh Movement nasepna te
e17862	zd:19302	Zomi hihna identity limtakin kep hun ahihi
e17863	zd:23325	political ideology kibang nei pawl khatte
e17864	ts:11162	ideology khat peuh bulphuh a hong piangkhia hilohi
e17865	zd:11906	Facebook tungtawn in IS ideology te khahkhiakhia in
e17866	zd:24207	tuhun a idinmun sanga dah huai zaw
e17867	zd:14791	i Topa'n idinmun lui sangin hong khangtosak
e17868	ts:8804	Syria gam Idlib District leh akim teng
e17869	zd:23005	Zomi Idol a lut nuam te in
e17870	zd:23135	Idol in liim nih nei hi
e17871	zd:15865	a zomah Idol te certificate piakna hong nei suak hi
e17872	zd:11972	hihbang in IDP Camp hongpiangkhia hi
e17873	zd:14790	Rakhine gam ah IDP Campste ah UN panin
e17874	zd:22815	i minam le igam i lei na it uh leh
e17875	zd:24207	Tapidaw upna igam ah ong tun cil a kipan
e17876	zd:12767	igam leh ikhuate ah hongtung nawnloh nadingin
e17877	zd:17161	Nisim a igamtat kampau duangheekna khempeuhin
e17878	zd:12862	iphawk pakteng igelh pak hi
e17879	zd:24068	kihal takin igelh zongin akhiatna kilamdang lo hi
e17880	zd:24320	Job thu igen nuam hi
e17881	zd:24157	hih nam 3 igen ding hi
e17882	zd:22802	mi phazah igen ciangin haksatna tampi om hi
e17883	zd:17161	igilpi tha pan ahi hi
e17884	pk:60	ih puante na pho in
e17885	pk:66	Hih in, ih inn hi
e17886	zd:22557	ei ih pai ding hi
e17887	zd:24411	ih omna ding mun koilai ahiam
e17888	zd:22818	Chin State Minister mun 2 bek ih ngah hi
e17889	zd:22922	Cihtakna ih cihin, a tawntung, khantawn aa
e17890	zd:20176	Khantohna ih cihin, mihingte in
e17891	zd:19166	Mihing ih cihin, a tamzaw hibek kei
e17892	zd:24318	Ei leh ei in ihanciam ding hi
e17893	zd:12765	Tedim town plan hoihtak ihbawl ding hi
e17894	zd:22584	cihte hoihtak ihbawl kul ding hi
e17895	zd:14755	Curricurum hoihlo ihci ta zong
e17896	zd:17727	Sihhunding kipelh theikei ihci phialzongin
e17897	zd:11020	Gilsan natna ihcih in bang ahihiam
e17898	zd:15810	Pasian' kammal ihcih in bang ahi hiam
e17899	zd:17876	Malaysia gamsung ah CI ihcihcih banghiam
e17900	zd:11943	Adiakdiak in Celebrities ihcihcih Hollywood Actor
e17901	zd:14833	ihcihleh hongki pankik leuleu hi
e17902	zd:12979	ihcihleh tu'n Grabcar tezong hongkipan litlit leuleu hi
e17903	zd:15114	Nuntakna ihcihpen Second khatsung in abeiziauthei hilel
e17904	zd:25275	Mihingte ngeina ihcihpen Idea pan kipankhia hi-a
e17905	zd:21900	Vision ihcihpen ei Zolai-in kammal khatsanga tamzaw in kiletthei hi
e17906	zd:15237	ihcihte lakah ih tuibuk muamte
e17907	zd:25924	Mankeng ihcihte pen thupi sa taktak lo cihna hilel a
e17908	zd:24068	zong ihdeihpen ih minam min ahi hi
e17909	zd:23112	Tua in ihdin mun uh kibanglo ahihman in
e17910	zd:15874	Tua Kawmkal ah Zomite ihdinmun
e17911	zd:23113	iheh hun ding zong theih huai mahmah hi
e17912	zd:14930	iheh suakin i-pate i-nuak'bawl thei lai hi
e17913	zd:11988	ihgam pen innnuam mahmah khatin ciamtehding uhhi
e17914	zd:23252	ihgam ihlei ah ih hihzawh zahzah
e17915	zd:23252	ihgam ihlei ah ih hihzawh zahzah ih seppah ding hita hi
e17916	zd:18258	ihgam ihlei hici nusiat mawk ding ih hiam
e17917	zd:14611	Operasi thuthang ihgelh ciangin
e17918	zd:11438	Zolai tawh ihgelh dandingzong
e17919	zd:24381	akibat lohna zong ihgen ding hi
e17920	zd:12093	thupiangkhat ihgen nuam hi
e17921	zd:19676	Atung a ihgen mah bangin
e17922	zd:11253	ihgensa mahbangin Feb 13 panin 26 dongbek ahihi
e17923	zd:16381	ihgensa mahbangin Shwedagon Pagoda pen gamdangmi te lunglut mahmah mun
e17924	pk:122	ihguh ihtaang, ihci ihsa
e17925	zd:14709	Khe tawh ihpai zongin, mawtaw ihhawl zongin
e17926	pk:122	ihtat ihhek
e17927	zd:18050	Mihingte in agel bek ihhi aa
e17928	zd:13195	mipi buaibuai nadingin pulakkhia ihhiam
e17929	zd:22581	koilam manawh sawm ihhiam
e17930	zd:20899	bang kiging khol ihhiam
e17931	zd:22977	Mobile Phone, Smartphone azanglo omlo ihhih manin
e17932	zd:15970	Ngaihsutna kician anei vive ihhih manin
e17933	zd:23343	NLD leh ZNC pen alliance ihhihi
e17934	zd:15811	mapan khopding cihpen akisinkhol ihhihi
e17935	zd:17526	hihbang gamtatna diklo alaknuam ihhihiam
e17936	zd:17279	Muslim gam ahilo te'n hihbang in hongmuhding adeih ihhihiam
e17937	zd:11416	Tuciang bangmah zanailo ihhihman ngahnai lo cihna ahihi
e17938	zd:10793	ei te-in theiloh ihhihman in hong guallelsak a hihi
e17939	zd:16360	leitung ah ihhun omlai te zatsiam ni
e17940	zd:19676	ih tha hatlai, ihhun neihlai in
e17941	zd:25022	bangzah bang ngah ta ihia
e17942	zd:24157	koici bangin kilemtuah thei ding ihiam
e17943	zd:24068	ZCLS banghangin nei ihiam
e17944	zd:20073	koi ah om ihiam cih ngaihsut huai zelzel hi
e17945	zd:21866	Kipawl siamna kinaksap mahmahte ihihi
e17946	zd:23780	Pasian thupha piaknop minamte zong ihihi
e17947	zd:23148	Mawhna tawh kidim a nungtate ihihi
e17948	zd:22350	Banghangin Zomi Nam Ni cithei ihihiam
e17949	zd:19416	Zomi leh Zogam ading koi pen pom ding ihihiam
e17950	zd:14930	ta pil khollote ihihleh
e17951	zd:23025	worship makaisem ihihleh
e17952	zd:20808	Sum nak deih lua mahmah ihihman in
e17953	zd:15274	akituak pawlpi ah kikhawmciat ihihman in
e17954	zd:15514	Thahat nuam tek ihihmanin tha kipia ciat thei leng
e17955	zd:25399	kal saupi pai ding ihihmanin
e17956	zd:22686	mun a pia minamte ihihnate zong lak hi
e17957	zd:16523	i panmun, i dinmun, ihihnate
e17958	zd:17854	tate maklemote tawh nupa ihikei hi
e17959	zd:16719	Sakolnung azuizui Zomite ihita zongin
e17960	zd:15274	pawlpi tungah akinga te ihita hi
e17961	zd:11416	entelsiam in ihkalsuan ding kisam hi
e17962	zd:19427	ih upna, ihkalsuan ziate
e17963	zd:23404	Asihna ahang ihkan ciang in
e17964	zd:11416	ahang ihkan khiat kisam hi
e17965	zd:12819	ihkhua leh ihtui thuvaihawmna te ah ih kihel nadingin
e17966	zd:23112	Zomi Christian te adingin ihkhua muhna uh
e17967	zd:12345	Tuate tawh ihki galneih khaklohding thupi dinghi
e17968	zd:15274	ihkisap thuzong ngaihkul hi
e17969	zd:23843	Pasian ihkisap naleh thunget akulzia
e17970	zd:18258	Ihgam ihlei hici nusiat mawk ding ih hiam
e17971	zd:23252	ihgam ihlei ah ih hihzawh zahzah ih seppah ding hita hi
e17972	zd:24289	Laisiangtho ihlet ciangin kammal luanzia
e17973	zd:11440	Zolai in ihlet khiakei zongin
e17974	zd:17028	Sum ihhauloh hangin ihlung nuampeuhleh
e17975	zd:19536	ih ngaploh ciangin ihlung tomthei phadiak a
e17976	zd:23784	cihte ihmuh ciangin ihlung sim nuamlo hi
e17977	zd:15970	ihlungsim cidam zawdingdan hi
e17978	zd:11416	ihlungsim zangtuam mahmah ahi
e17979	pk:172	Ak ihmu bang
e17980	zd:20778	Na ihmu thei ding hi
e17981	zd:22773	Ka lup khit phet in ka ihmu pah hi
e17982	zd:21796	A dangkhat pen ihmu ngeilo hi
e17983	19.3.5	Lum-in ka ihmu a, Topa in hong kem
e17984	19.121.4	lusu lo a, zong ihmu lo hi
e17985	40.8.24	Zeisu a ihmu hi
e17986	41.4.38	gunkuang tawlam lukham tungah a ihmu hi
e17987	zd:17383	a siamsa ihmuan khat in hong makaih leh
e17988	zd:14778	ihmuan ihsuan penzong gal suakthei
e17989	zd:24231	kolbul thuakna ihmuh ciangin, kikhasiat mahmah hi
e17990	zd:23843	mawtaw khatzong omlo ihmuh ciangin
e17991	zd:12093	khualzinna tuamtuam ah ihmuhkhak ciangin
e17992	zd:17017	hihkhuasung ah ihmuhkhak ahuaisiapen
e17993	zd:22584	ihmuhna, deihdan zong kibanglo hi
e17994	zd:23977	ihmuhna hong tangzaisak beklo in
e17995	zd:15194	Photo sungah ihmuhtheih mahbangin mawtaw tezong anihin limsiat mahmah hi
e17996	zd:12888	atunga Photo sung ihmuhtheih galkap vanleng ahihi
e17997	zd:12296	mawtaw anunglam ah na ihmukha citciat hi
e17998	zd:12153	Zankim in tungmawk uh ahih manin, numeino pen ihmukha a
e17999	zd:12153	anunglam tutna ah numeino khat a ihmusa in aomlai mukha uhhi
e18000	zd:12605	naupangno pen amahguak a ihmusa in innah ki nusia cihi
e18001	zd:24502	lai asim leh ihmusuak kha hi
e18002	zd:25485	ihmusuak in hongnusia chih thu izak man in
e18003	zd:23797	tua zan pen ihmut cim lo hi
e18004	zd:21142	Cidam nadingin zan ihmut cim ding a thupit lam
e18005	zd:11954	ihmut cim kei leng i maitai zolo-in
e18006	zd:21869	Tua bangteng in ihmut theihlohna piangsak hi
e18007	zd:20060	Zan ihmut theihlohna, mit natna
e18008	zd:21869	Ka ihmutlaitak in ka theihnop thu
e18009	zd:20946	Zan i ihmutlaitak a tawlnga hithiat i kisakha hi
e18010	zd:19964	Tan 10 laivuan ihta ihnau sangnaupang te
e18011	zd:11748	Ih sanggam, ihta ihnau te
e18012	zd:19676	Tuhun ciangin aneu alian in phone ihnei hi
e18013	zd:16797	eite in panpih ding vaipuak ihnei hi
e18014	zd:25919	mihau te ngaihsut na bang ihneih kulding hi
e18015	zd:16360	Skill leh Training tampi ihneih ihsin tawhzong kicinglo hi
e18016	zd:15300	Tuate ihneih keileh
e18017	zd:15698	Khatvei nihvei ki kamnialna ihneihkhak khitnakleh
e18018	zd:14720	ihneihkhak lohding thupipen hi
e18019	zd:19676	Olno tak aa ihngah khak leh
e18020	zd:16194	nuntakna thak ihngah theihna dingin
e18021	zd:18924	bangsin na ihngah hiam
e18022	zd:25824	Video leh Music te ihngaih laitak in
e18023	zd:23977	hoihtak in ihngaih khit ciangin
e18024	zd:25924	ih lungsim ah ihngaihsut bek ahihi
e18025	zd:21389	Nisim ihnuntakna sungah
e18026	zd:20162	ihnuntakna zongh an i nek hang ahihi
e18027	zd:12093	US ah ihom ciang hibangthu te theih huai kasa hi
e18028	zd:15433	Gamdang munkhatpeuh ah ihom ciangin
e18029	zd:16371	tuasang in atheihbehzaw ihomleh Comment panin ki zasaksawn
e18030	zd:16649	Athu ala akicianzaw in atheihbeh ihomleh hehpihna tawh
e18031	zd:8668	Ihpu ihpa te neihsa thumaan cihtakna khahsuah kei ni
e18032	zd:18258	taanglai pek akipan ihpu ihpa khang
e18033	zd:22584	Ihkiim ihpaam hong nin ding
e18034	zd:13297	ih omna, ih innsaapna, ihveng ihpaam
e18035	zd:23784	Zogamkhua neute ihpai ciangin
e18036	zd:14709	Khe tawh ihpai zongin
e18037	zd:19421	Gamdang ihpai leh
e18038	zd:20999	ih mi, ih gam, ih lai, ihpau, ih ngeina
e18039	zd:8668	Nanglehkei Zopau in ihpau aa
e18040	zd:23974	Ih tel ihphawk ciangin ziakai thei hi
e18041	zd:22171	ihphawk dending ih kihanthawn hi
e18042	zd:22171	Tampi ihpiak hangin hongkisansak keileh
e18043	zd:25275	Zomi atamzaw te'n biakpiakna ihpiak ciangin
e18044	zd:22652	ihpilna, siamna sitlo a mapang khawm dingin
e18045	zd:8668	ihpu ihpa te neihsa thumaan cihtakna khahsuah kei ni
e18046	zd:21590	ihpu ihpate khang panin
e18047	zd:8668	ihpu ihpa te neihsa thumaan cihtakna khahsuah kei ni
e18048	zd:20170	Tanglai ihpu ihpa te misi vuizia
e18049	zd:15305	ihpumpi pen leisung ah kiphumsuk in
e18050	zd:14519	ihpumpi in thuaklah theihi
e18051	zd:25053	Akido takpi ding uh ihsa kha pahpah hi
e18052	zd:23635	pilsin nate thupi ihsa kimciat hi
e18053	zd:25932	Nuam ihsak te pen hihteitei suk kulse lo hi
e18054	zd:25926	tulaitak nop ihsak te ihpaisan kul hi
e18055	zd:25919	Thupi ihsak loh leh
e18056	zd:20999	Zeisu honpa leh gumpa in ihsan hang ahi hi
e18057	zd:17437	ihsan zia laihzo lehang
e18058	zd:25924	ihsep ding namli in khen leng
e18059	zd:15407	Mission nakpitak in ihsep ding ahi hi
e18060	zd:25932	ihsep teitei ding kisam hi
e18061	zd:17177	ihsepna pepeuh ah muibut ding pen kisam mahmah hi
e18062	zd:10682	Hih department tuamtuam a ihsepna tepen vision hilo a
e18063	zd:21056	Namdangte pau bangzah ta in ihsiam zongin
e18064	zd:19676	ngaihsut zia ihsiam kei leh
e18065	zd:24604	Laisiangtho ihsim ciangin
e18066	zd:25909	ih gelh diary te pen ihsim kikciang
e18067	zd:22557	Ih sih dong in ihsim hi
e18068	zd:18011	Pilna khat peuh ihsin teh
e18069	zd:16360	Skill leh Training tampi ihneih ihsin tawhzong kicinglo hi
e18070	zd:25919	Mihau taktak ihsuah nopleh
e18071	zd:8668	Minam lianpi ihsuah dong
e18072	zd:11748	Ih sanggam, ihta ihnau te Tan 10 laivuan aomhiam
e18073	zd:12395	Ihtu ihta te'n Mobile Phone alim zatluat uhhiam
e18074	zd:16949	ihtate acidamding ihdeihleh
e18075	zd:14879	Nulepa te'n ihtate aneutung akipan
e18076	zd:24277	Zogam MP ding kua ihteel tam
e18077	zd:8668	Ih biak ding aa ihteel ding kisam hi
e18078	zd:13011	ihteenna leitung kepcing nading ahihi
e18079	zd:11909	ihteenna leitung Planet pen siatlam manawh semsem
e18080	zd:23112	thuman thutak ihteh nading pen ama Kammal bek omhi
e18081	zd:25927	cih ihtel ding kisam hi
e18082	zd:24289	Pasian thuthuk hoihtak in ihtel theih nadingin
e18083	zd:25916	cih ihtel ding thupi hi
e18084	zd:25224	Risk atamlua cihpen ihtheih tek ahihi
e18085	zd:23025	Laisiangtho pan ihtheih hi-a
e18086	zd:19427	adeihloh khat ihtheih leh
e18087	zd:17107	bangci kikepding cihpen ihtheihcian kul hi
e18088	zd:14531	KFC pen ihtheihsa mahbangin aksakan azuak te ahi uhhi
e18089	zd:12581	Saudi Arabia gampen ihtheihsa mahbangin Muslim gam hi a
e18090	zd:11074	Malaysia gampen ihtheihsa mahbangin in Muslim gamkhat ahihi
e18091	zd:14531	KFC pen ihtheihsa mahbangin aksakan azuak te ahi uhhi
e18092	zd:24452	tu a ihthuak haksatna kongpite
e18093	zd:25319	hamsat na kumtampi ihthuak khitciangin
e18094	zd:12395	ihtu ihta te'n Mobile Phone alim zatluat uhhiam
e18095	zd:25275	Eilam pan haksatna ihtuah leh
e18096	zd:15477	guta damiah ihtuah khakding patauhhuai hi
e18097	zd:16249	inn ihtun ciangin atha beigawp a
e18098	zd:10682	ih ngiimna ciat ihtun ciang
e18099	zd:12257	Koigam koigam ihtung zongin
e18100	zd:23112	Tu in ihgen nopbul pi ihtung ta uhhi
e18101	zd:10866	Ihveeng Ihpaam Duum Sak Ni
e18102	zd:14875	ihvek in ihdahkhawm hi ci'n genkhia hi
e18103	zd:12093	ihvek pitungah Topa in thupha hongpia ta hen
e18104	zd:25927	ihveng te ading in nawksak hiam cihte
e18105	zd:13297	ih omna, ih innsaapna, ihveng ihpaam
e18106	zd:24118	akipuak ziahziah lam ihzak man in lungdam hang
e18107	zd:23112	thukhat ihzak leh ihgen ciangin
e18108	zd:17936	hihbang thute ihzakkhak ciangin
e18109	zd:20272	hih Bus tuahsiatna ihzakkhak manin
e18110	zd:15816	Zogam mawtaw tuahsiatna ihzakzak kawmkal ah
e18111	zd:13236	Laisiangtho sungah ihzakzak Damascus khuapi
e18112	zd:25924	Hun amanpha aa ihzat theih na ding in
e18113	zd:22584	ihzat generator masa pen
e18114	zd:25924	tulaitak hun ihzatsiam leh
e18115	zd:25915	ei ading in ihzatsiam kei leh
e18116	zd:17947	thukham akikoihte pen ihzuih keileh
e18117	zd:24327	a party policy uh akawi amam a ihzuih kulding
e18118	pk:32	Utong khat ii min neihtuam hi loin
e18119	pk:65	Tua pasalno ii laibu in, sabuai tungah om hi
e18120	pk:65	Nemno ii ui pen, ngawngpak kici hi
e18121	pk:65	Tua naungek ii khete gawng hi
e18122	zd:16434	Tuapa ii aminpen
e18123	ts:11162	Zoheisa Unit ii Tupna ngimna
e18124	zd:19805	Malaysia gam ii Prime Minister ahihna tawh
e18125	zd:14820	Ki suangtaak iin lau giauguau den ingh
e18126	zd:14821	1st Chin leh 2nd Chin kigawm iin
e18127	zd:17901	abeimang ziauding sum iiplah tentan kei in
e18128	zd:20391	naakhempeuh ka iiplah kha hi
e18129	zd:10973	Zomi a iit makai tampi hongpia ahihman in
e18130	zd:12074	Zomi a iit kuapeuh pangkhawm diing hihang
e18131	zd:25569	Minam iit leh a deihsak taktak te'n
e18132	zd:25569	Pulehpa gam ih iitna zah tungtawn in
e18133	ts:3366	sihkhit ciang ikha ii a tawntung mun
e18134	zd:19400	ikha cidamsak zawthei hi
e18135	zd:20807	ikhua leh tui, igam leitang i itna hang
e18136	zd:16833	Pian'thakna thu igam ikhua hongtun' ciangin
e18137	zd:19800	midang tung ah iki niamkhiat mahmah kisam sa ing
e18138	zd:24224	ei le ei iki neu-etna in ilungsim hong neusak mahmah hi
e18139	zd:21866	ikibatnate ah kipawl siam ni
e18140	zd:20999	ikibatnate zong kihilh huai
e18141	zd:24446	Zomiten tulaitak ikisap bang ahi hiam
e18142	zd:20999	Makai muanhuai ineih leh ikisap naliante kineizo ding
e18143	zd:14765	akihel khempeuh te tungah lungdamna iko hi
e18144	zd:17197	gualzawhna hongpia Topa tungah lungdamna iko masa hi
e18145	zd:14904	sumpiakding iksik in akoihnuamlo khat
e18146	zd:14604	kisapna khatpeuh aom ciangin iksik hetlo in zangsakden hi
e18147	zd:11160	lainatna tawh igam ilei adingin damna bukim
e18148	zd:19641	Ih gam ilei, ikhua itui
e18149	zd:23301	Van ilei teh zong vanlei siam ding thupi hi
e18150	zd:18104	Malaysia gammi illegal in 5000 bang om
e18151	zd:20012	gamdangmi tuabangin illegal in aomte lakah
e18152	zd:20505	phalna neilo illegal te'n August 30 ni dongbek hunneilai
e18153	zd:25284	Illinois state in maituam policy laih kik
e18154	ts:3164	USA gam University of Illinois ah
e18155	zd:14930	ikha muangin ilung a kim zungzung hi
e18156	zd:14565	Makaihna thu-ah ilung a kiat-leh
e18157	zd:17197	Topa nasepna lianpi hangin ilungdam mahmah hi
e18158	zd:21408	Topa tungah ilungdam mahmah hi
e18159	zd:17315	mite sangin ilungsim in hong mawhsak masa pen
e18160	zd:24224	ei le ei iki neu-etna in ilungsim hong neusak mahmah hi
e18161	zd:19641	ilungtang pana ivei'na in
e18162	zd:19203	ilungtang iluzangah pua a
e18163	zd:22350	ahizongin imainawt ciatding ahihi
e18164	zd:15384	imainawt sawm ciangin lauhuai thei hi
e18165	zd:20363	biakna makai imam khat hi a
e18166	zd:19324	Second imam asem hi a
e18167	zd:15178	Kuala Lumpur, Jalan Imbi sung aom Bank khatah
e18168	zd:19695	Bali Island ah IMF-World Bank meeting kineiding hi
e18169	zd:23554	i gam i lei, imi isa
e18170	zd:16833	imi isa damlo, gualbaanlo
e18171	zd:24068	imin taktak ZOMI hizaw hi
e18172	zd:17499	I hihna imin nuntakpih ni
e18173	zd:24157	Ih gam leh iminam in phattuampih zaw ding hiam
e18174	zd:12186	igam leh imite adingin azangkik thei dingin
e18175	zd:21032	mihaute in imite hehpihna, deihsakna nei hetlo hi hang
e18176	zd:20276	Immigration ah hongki aptheilai hi
e18177	zd:15120	Immigration record bek ah om ding hi
e18178	zd:19612	Kawlgam Immigration tavuan ahi hi
e18179	zd:23513	Lower House in Trump impeach hi
e18180	zd:23513	Government officials case te ah impeach kici hi
e18181	zd:24691	ka impeach kik ding uh ci in
e18182	zd:24892	Pu Trump impeachment tawh thu bawl ding vaihawm tei tei uh
e18183	zd:25610	Pu Biden impeachment tawh thu kibawl kik
e18184	ts:3168	Imphal ah ciah kik hi
e18185	zd:10864	Imphal pan Lamka 39 mile
e18186	zd:16719	Manipur Imphal khuapi ah
e18187	zd:12166	imuh theih nadingin upna tawh dawn dihni
e18188	zd:23655	TV khong a imuh hi nawn lo in
e18189	zd:16157	imuh theih khantohna leh kikhelna tampi hong piang hi
e18190	pk:86	Lia in, la khat a sa hi
e18191	ts:11873	Kwan Yew in gen hi
e18192	ts:11153	party 14 in Registration ngah ta uh
e18193	ts:12490	Ebola pulnatna in mi tampitak sina piangsak ta hi
e18194	ts:11679	A nungta Pasian bulphuh in
e18195	ts:11162	ci in, hong dong uh hi
e18196	zd:24713	kum lamdang khat in kiciam teh thei hi
e18197	zd:22203	Leitungah laithei a tampen in kiciam teh
e18198	zd:11917	leitung aa a saupen tualgal in kiciam teh hi
e18199	zd:16924	Nidanglai inah, Tuilangkhua leh Lailokhua kikaalah Khuangnungkhua om a
e18200	zd:25462	inaute khempeuh phawk mahmah ngai mahmah hang ee
e18201	zd:16897	Moses leh Aaron inbel tuiduh nailo hileh kilawm hi
e18202	zd:12420	Aki patcillam inbel mipi te lunghimaw khamahding hi
e18203	zd:20513	Ailam mual paisuak, Inbuk mual dong ahi hi
e18204	zd:17145	South Korea, Incheon International Airport azuanding in
e18205	zd:23081	Zo kammal mah kihel leh hoih incin
e18206	zd:16331	acite lungkim incin
e18207	zd:24215	Taiwan in Independence a pulak peuhmah leh
e18208	ts:11162	Zogam in Independence ngah leng
e18209	ts:3284	Jew te in Independence la in Jew gam phut leh
e18210	zd:25866	Indiagam aa ih sanggamte
e18211	zd:22833	Kawlgam leh Indiagam ah
e18212	zd:20406	Indian expert-te'n lam ong bawl ding uh
e18213	zd:26708	Indiana state ka muhzia tawm
e18214	zd:20902	Indiana Sate ah zong hih nasepna zopbeh ding hi
e18215	zd:17921	Mi pawlkhat pen Indianapolis ah kimuhkopna va nei ding uh hi
e18216	zd:13167	Hrekio in Indianapolis apawlpi pan CNF te huh ziahziah hi
e18217	zd:15805	Indianpolis Zomi te
e18218	zd:21183	Sente leh Indiate in bel 7-8 hiam tuak
e18219	zd:17843	Indiate in bukkhuhza dingin zatui bawl a
e18220	zd:20207	indirect a commercial mah asuak veve ahi hi
e18221	zd:21886	Numei ten indirect in pasalte carreer ding lamlak uh suak hi
e18222	zd:15743	Indo-Burma kikawmna Lampi zong
e18223	ts:4823	Indo-Myanmar Zomite tawh kisai
e18224	zd:12026	Indonesia gamsung ah mencim in mi 17 mangthangcip
e18225	zd:12161	Indonesia gamsung aom Sinabung meimual puakkhamkik leuleu
e18226	zd:18876	Malaysian gammi khatleh Indonesian gammi 2 kihel uhhi
e18227	zd:12542	Indonesian gammi khat nahi a, kum 33 phakhinta hi
e18228	zd:15396	Zomite in lasak dan nam nih inei hi
e18229	zd:13076	tate thuzawhna lianpi inei hi
e18230	zd:14765	Topa tungah thungetna inei hi
e18231	zd:20979	ineih khempeuh lakah ahoihpen
e18232	zd:15396	Zomite in lasak dan nam nih ineih
e18233	zd:20999	Makai muanhuai ineih leh
e18234	zd:12623	abil sungah infection lut cihi
e18235	zd:22023	information thakte lawptakin ngai den
e18236	zd:20331	information hongpuak un ci'n genkhia hi
e18237	zd:11074	US Embassy in information akician in genkhiatna neilo uhhi
e18238	zd:22830	infrastructure lam zong kinhuai mahmah hi
e18239	zd:14755	Union Parliament ah thu kisungh atam zaw infrastructure vai ahihi
e18240	zd:24223	Kei zong lungdam mahmah ing ei
e18241	zd:11394	A kidawm mahmah hilai ing ei
e18242	zd:16425	Nei mah ing ei ka ci kik hi
e18243	zd:14791	Akhangto zaw nuntakna ingah theih nadingin
e18244	ts:3366	nidang ciang hun ingah leh I gen ding
e18245	zd:15361	atawpna ah guaihna ingah leh ingahloh kilamdang veve hi
e18246	zd:24019	thu ingaihsut hun hi ta hi
e18247	zd:24068	ingaihsutna akibang lote kisansiam dingin
e18248	zd:16343	ilungsim ingaihsutna hizaw dingin ngaisun ing
e18249	zd:16300	dahlua inge ka gen masak ding thei keng
e18250	zd:16442	Dam ingei Pasian hehpihna tawh
e18251	zd:16056	i Zomi nam ingeina thupisak toto in
e18252	zd:19252	hih lamna pen ingeina kepna le lapsangna khat ahihman in
e18253	zd:20920	1979 kum in suak ingh
e18254	zd:25223	Dam bel dam nuam ingh
e18255	zd:20920	Zaaknop sa mahmah ingh
e18256	zd:24068	igeelna kibang kei leh ingimna akibang
e18257	zd:25097	Tedim thu bel hoih takin thei ingin
e18258	zd:23664	sawtpekin hilhcian nuamnapi ingin kakicinlah manin
e18259	zd:22803	kuamah inh hong galbawl ngam ngei hetloh ding
e18260	zd:23383	Midangte leh Zomite mahmah inh hong kizahtak theih dingin
e18261	zd:17838	Christmas sung a inkuan te tawh hun zang dingin
e18262	zd:25078	a inkuanpihte'n tel masa hamtang ding uh hi
e18263	zd:23204	A inkuanpihte uh, a zi a ta uh inn ah nusia uh
e18264	pk:63	Pai inla vagen in
e18265	zd:19223	Siamah nu inlah amah tel mahmah hi
e18266	zd:11058	Kawlkumpi inlah Bangladesh te hi cikik zel in
e18267	zd:11949	Quality neitak inleh lungmuaihuai takin nektheihding hanciam mahmah uh
e18268	zd:16124	atung a Link sungpan in avekin nasim inmaw
e18269	zd:12231	na it nalawm nagual te na zasaksawn inmaw
e18270	ts:10275	Tua khua ah inn 200 kim teng uh hi
e18271	ts:301	inn hong tung uh hi
e18272	zd:24610	inn ah nuam takin kitawlnga hi
e18273	12.14.12	mi khempeuh a inn uhah tai uh hi
e18274	43.20.10	nungzuite a inn uhah a ciah uh hi
e18275	18.7.10	Ama inn ah hong ciahkik nawn lo ding a
e18276	40.26.6	inn sungah Zeisu a om lai takin
e18277	11.6.14	Solomon in inn lamin zo hi
e18278	14.9.3	Solomon’ pilna, a ma lamsa inn
e18279	zd:15234	inn papi pen bang Pastor hi zenzen leh
e18280	zd:15424	Bang Cidan inn papi Na Hiam
e18281	zd:23444	Innbuk Mual acih ciangin, amual bup hi pah hi
e18282	zd:16739	tua innbuluh te ataikhiat khitciangin meikuanglak panin ka taikhiathei hi
e18283	zd:16926	guta innbuluh sawm mi 2 kaplum
e18284	zd:18073	amau vengkuam sungah innbuluhsawm om cih akitheih ciangin
e18285	zd:17028	Tuaciang in innciah uh a
e18286	zd:21288	1746 innciah kik aa customs commissioner sem hi
e18287	zd:23901	innciat ah quarantine in om ciat ni
e18288	zd:22214	amau innciat ah ki ciahsakkikpan hi
e18289	zd:23776	I innciat ah, i zi i ta
e18290	zd:14679	nihveitak inncim in mi 4 in sihlawh cihi
e18291	zd:14969	Hihbang in inncim cihpen
e18292	zd:23476	Ne Win makaih inncing Kumpi
e18293	zd:25263	inncing Kumpi cih min himhim tawh
e18294	pk:128	inndawi sia ciah ou
e18295	zd:22828	Tua numeino akimawlna pen inndawl 2 na ahihi
e18296	zd:13089	Shopping Center ii inndawl 2 na ah ahihi
e18297	zd:14628	Hih inndawl 22 lakah 3 tepen
e18298	zd:19894	inndawn panin akia dektak naupangno khat
e18299	zd:14792	Pi 1400 val asang inndawn ah
e18300	pk:50	Ka nu, inndei tungnungah kahto hi
e18301	zd:9260	Bethlehem ah inndei om lo
e18302	zd:22683	A omna inndei sunga om an nek sabuai
e18303	zd:12676	inndei sungah themveizong ka omzokei
e18304	26.40.8	Hih inndei golzaw a teh ciangin
e18305	12.4.11	hong pai-in inndei sungah lut a
e18306	16.13.8	inndei sung panin Tobiah’ van teng ka lawnkhia hi
e18307	19.45.13	Kumpi tanu a inndei sungah
e18308	11.22.25	nangmah a bu dingin inndei sungnung ah na pai ni
e18309	26.40.45	Leitaw lam a nga inndei pen
e18310	zd:16362	atanu pen inndeisung ah lutin
e18311	zd:12750	inndawl 3 na aom inndeisung khatpan
e18312	zd:19199	inndeisung panin numeino leh apakik hong pusuakkhia uhhi
e18313	zd:17416	ka nasepna Office panin inndong kaciah ciangin
e18314	zd:17325	Tuapan Tonzang ka Upite' inndong taisuak
e18315	zd:23888	inngei a singkung tungah kahto zel
e18316	zd:14622	amau omna inngei ah innhawm khat om a
e18317	zd:16952	Shopping Mall inngolpi khat meikanggawp ahih manin
e18318	zd:20488	Building aki lamsan inngolpi khat kicim, mi 3 si
e18319	zd:17311	Building inngolpi Block 4 tak aom hi
e18320	pk:162	inngua hah lo gamgua hah
e18321	zd:11138	inngua hahlo in gamgua ahahpen
e18322	zd:17371	innhik khempeuh si zihziah uhi
e18323	zd:11438	innsang innhoih tampi aomna khuaminthang khat ahihi
e18324	zd:8668	innhoih nono sung ah hongtengsakin
e18325	zd:17540	Yangon aom Aung San Suu Kyi innhuang sungah Petrol Bomb kilot
e18326	zd:25156	Tu a ka tenna innhuang lianpi hong pia
e18327	zd:19699	mipi te innhuang sungah aluttheihloh nadingin
e18328	zd:17568	innhuangsung ah tuni Thursday zingsanglam in Petrol Bomb kilot
e18329	zd:11133	Amau innhuangsung ah lungmuangtak in ama nasep ngeiteng asep
e18330	pk:13	innka dawnah a tu hi
e18331	zd:14804	innka-ah na khawl uh hi
e18332	ts:479	innka kiu khatah tu tuamsak uh hi
e18333	zd:26097	innka dawn ah hong tu a
e18334	zd:11110	amau' innkaa ciat pan-in hongmuak uh-a
e18335	ts:3369	Nambawm in innkaa khawng asik ciangin
e18336	zd:13009	Windows pan ka etkhiat ciangin innkang nahimawk hi
e18337	zd:16739	Hih innkang pen tuni Wednesday
e18338	zd:16340	Innkangpi ah a om manin
e18339	zd:23972	na innkhan sung siangsak sitset in
e18340	zd:24014	innkhan atuam kisam aa
e18341	zd:23590	innkhan vot sungah seem uh a
e18342	zd:15296	Yangon khuasung ah innkhat kicim
e18343	zd:11148	Subang Jaya ah innkhat meikanggawp in mi 4 si
e18344	zd:19381	Nitak nai 8pm a innkhat ka vavak leh
e18345	zd:16511	Jalan Ipoh sung aom innkhatah mawtaw akikoih pen
e18346	zd:12425	Mingalar Taung Nyunt Township sung aom innkhatah
e18347	zd:14545	innkhatkhit innkhat kilawh ziahziah hi
e18348	zd:20401	innkhatkhit innkhat lutkawikawi in, zongkawikawi uhhi
e18349	zd:25452	Singkung in innkhum sunlet in innsung ah tui vung hi
e18350	zd:15653	Chapel innkhum tung le kawm tungah
e18351	27.4.29	kumpi innkhum zang huan sungah vak a
e18352	41.2.4	ama omna tungsan innkhum a vuhlet khit uh ciangin
e18353	44.10.9	Piter in thungen dingin innkhum tungah a kahto hi
e18354	40.24.17	innkhum tungah a omte in zong
e18355	24.48.38	Moab gam innkhum khempeuh leh lam lianpi khempeuh ah
e18356	42.17.31	a innkhum zangah a om mipa
e18357	19.102.7	innkhum dawn-a vasa khatguak om tawh ka kibang hi
e18358	40.10.27	innkhum vumah kiko-in na gen un
e18359	zd:12188	zato innkhumtung ah siluangkhat kimu a
e18360	zd:14904	Security Station ii innkhumtung ah koihsak citciat uhhi
e18361	zd:15296	Hih innkicim hangin asi aliam kuamah omlo
e18362	zd:17645	innkicim sungah a awkcip hiding kici hi
e18363	zd:20488	innkicim cihpen omthei zelzel hi
e18364	zd:20488	innkicipna hangin misi 9 phatota
e18365	zd:17256	innkicipna pen Bomb puakkham hilo hi
e18366	zd:18074	tawmvei tawlnga in innkilamna anuai ah
e18367	zd:16010	pawlkhat innkilamna asangdawn lamah ki bucip uhhi
e18368	zd:22444	Ei innkim ciat hahsiang ni
e18369	zd:21099	Mimal leh innkim in nasep i neih ding kisam hi
e18370	zd:20131	innkim phial in kicing hi
e18371	zd:19960	Tua innkisia tepen Yangon Region, Shwe Pyi Tha Township sungah
e18372	zd:20749	Building innkisia kawmlak ah awkcip uhhi
e18373	zd:22932	apualam panin innkong kalhkhum cisawnsawn hi
e18374	zd:15019	ngainawnlo in innkong honnuamlo hi
e18375	zd:11823	zingsang 7am hunpawl in innkongkhak kikiu hi
e18376	zd:22932	Pawlkhat in innkongkhak sukham in lutsuk uhhi
e18377	zd:17028	innkongkhak asunglam panin ki kalhkhum in
e18378	zd:15727	a innkuahpih te akilotkhiatna mawtaw lamah
e18379	zd:12660	a innkuahpih te'n thukim hetlo uh a
e18380	pk:111	innkuan tam ka hih manun
e18381	pk:168	ka zite innkuan
e18382	ts:3372	Hih innkuan pan Zomi a piang hi
e18383	zd:25909	innkuan ading hun pia khia ding
e18384	zd:21110	innkuan nuam i cih te
e18385	2.1.1	innkuan ciat tawh ahi
e18386	5.25.10	A khedap a kikaih khiatsak mipa’ innkuan
e18387	4.25.15	Midian innkuan sungah a beh lutang
e18388	zd:25789	Single leh innkuan lutang khempeuh in Phone Number
e18389	zd:9421	innkuana kimawl a nuamsa mahmah khawng
e18390	zd:12367	innkuana Pasian thuphate simkhawm laitak
e18391	zd:19953	a innkuanbup un gam thumna lamenin hong lal uh hi
e18392	zd:12336	innkuanbup in akibangpen hi a
e18393	zd:21121	innkuanin thungetna i neih khop ciangin
e18394	zd:19137	ko' innkuanin nakpi lungdam ka ko' uhi
e18395	zd:17341	Siate innkuanin nuamtakin hong zintun' bek thamloh
e18396	zd:11148	Asi mi 4 tengpen innkuankhat cih kiza hi
e18397	zd:11335	innkuankhat sungpan mi 4 kivui khawmding
e18398	zd:12269	innkuanlai ahilopi bawltawm in
e18399	zd:17876	matpongtin leh innkuanlai cihbang akisamteng
e18400	zd:16332	Hihte innkuanpen Shopping Mall sungah
e18401	zd:18077	apasal te innkuanpen hehsemsem uh cihi
e18402	zd:17983	Hihpen innkuansung buaina panin akipan hi a
e18403	zd:12567	innkuansung buaina lianpi omlo hi
e18404	zd:25200	Pate in zong innkuansungah thu neizo a
e18405	zd:12774	ei zong ih innkuansungah zatep
e18406	zd:22860	innkuanteng nui khawm lingling leng
e18407	zd:16302	Kanu kapa innkuanteng in Funeral Undertaking Business pen
e18408	zd:9227	a innkuanun Sweden gam pan America gamah lal uh a
e18409	zd:14804	a innkuanun ok sak uh hi
e18410	zd:12402	innlai bawl ding kipelh leh ihmu hun ding
e18411	zd:23616	laibu mangsak pa, innlai bawllo pa, laisimtheilo pa
e18412	zd:12121	innlak na vak ciang
e18413	zd:23896	Lammang mite in innlam zuan thei uhhi
e18414	zd:24574	B.Th zo in innlam zuan ding in kaciah hi
e18415	zd:25165	a tamzaw zong innlam zuan ding-in, taai mangkhin uh hi
e18416	zd:16500	Khualzin gamvakte zong innlam zuanin a ciah ngeingai
e18417	zd:18050	Tuesday in innlam zuanin hongciah kikding hi
e18418	zd:17497	mawtaw ahawl laitak innlawi laulua in khuam taihkha
e18419	zd:12698	sungah innlawi leh sialkum namkhat ahi
e18420	zd:25866	ciahna ding innlehlo neilo mimangthang tawh a kibang hi
e18421	zd:12717	tui khanggawp in innlehlo nusia in
e18422	zd:22773	innlim ah keikia ka tu hi
e18423	zd:23240	innlim a kikoih laibu khat ka lemlem hi
e18424	zd:23240	innlim ah innkuan in kihona khat ong om hi
e18425	zd:16998	khuasung innluh guta te lakah palik 3 tak kihel
e18426	zd:15764	palik khatin innluh in van guksawm ahih manin kiman
e18427	zd:24139	innlui mahmah khat sungah
e18428	zd:19002	innlui innsia tampi om in
e18429	zd:14954	Malaysia gamsung aom innlui pawlkhat
e18430	zd:23037	nekleh taak silh leh teen, innlum lolum hong pia hi
e18431	zd:12033	innmun lomun innlum lolum nusia a galtai pawlkhat
e18432	pk:134	a innma a loma don man lo liangin
e18433	zd:15283	a innmah ah ciahkikzel cihi
e18434	zd:15647	innmah ah ciahpih in kakemnuam uh
e18435	zd:16321	innmai lampi a, meh kizuak valei dingin pusuak hi
e18436	zd:25918	Sugihara innmai ah mi honpi khat hong kikhawm uh hi
e18437	zd:10866	Innnung innmai hawklam hoihtak bawl ding
e18438	zd:20177	innmailam Balcony panin akiasuk kici hi
e18439	zd:21035	innmailam aom Balcony ah kahto in
e18440	zd:24594	Kawlpi ah innmun khat hong lei hi
e18441	zd:16728	Gun ciang innmun awng om nawnlo ci
e18442	zd:25143	Tua hun leh tu hun innmun man tawh ka tuat ciangin
e18443	zd:17309	pianna gamlei leh innmun logam nusia in
e18444	zd:12784	Kawlgam mun tampi ah innmun logam pupa' gamh
e18445	zd:12784	Zogam ah i innmunte kum 5 kum 10 bek neithei hang a
e18446	zd:17812	thunei te'n a innmunte uh suh sawm uh hi
e18447	zd:10722	Tua innnasem numei pen Indonesia gampan hi a
e18448	zd:15103	Anung ah amau innnasem Maid nu inzong azui ahihi
e18449	zd:12841	Tua numei innnasemnu pen kum 13 bek hipan cihi
e18450	zd:20514	Tua meikatna innnei tepen meikat laitak in innsungah kuamah aomloh
e18451	zd:24242	Single innnei te-in $263,250 nuaisiah sum aneih hang pension sum ngah veve
e18452	zd:18012	khuasungmi 890 bang innneilo dinmun atungziau
e18453	zd:19960	innneilo te tualai ah kikemphot hi
e18454	zd:15021	innsung ah innneipa Sofa tungah atut hithiat laitak cihi
e18455	zd:11872	innneipa in genkhia hi
e18456	zd:20177	amau mi 3 bek innngak in aom uh ahihi
e18457	zd:17028	atanu neupen tawh innngak in aom uh ahihi
e18458	zd:15019	Tua innngak numeinu inzong alung nuamlo in
e18459	zd:16294	Tua asungnu pen innnuai ah alum hi a
e18460	zd:15803	anhuanbuk pen innnuai Ground Floor ah aom cihi
e18461	zd:13009	innnuai ka kumsuk sawm hi
e18462	zd:24542	tawntung innnuam pen ahi hi
e18463	zd:12901	innnung kongkhak panin pusuak uh cihi
e18464	zd:10866	innnung innmai hawklam hoihtak bawl ding
e18465	zd:21793	innnunglam aom inndei sungkhat ah
e18466	zd:11285	Ahi zongin innnunglam ah aom 3 te
e18467	zd:16617	innnunglam tuinin paikhiatna Drainage panin
e18468	zd:14622	nasep neilo in, innnupi ahihi
e18469	zd:16321	Innpapi kahi a, innnupi zong kahi hi
e18470	zd:15996	Khuasung lampi teng leh innkiim innpaam teng ki hahin
e18471	zd:10866	Innkim innpaam dum sak ding
e18472	zd:20968	Inn kiim innpam ah minam dangte mitdonglo ding kidawmin
e18473	zd:25111	innpan in mi 2ta bek pusuak thei ding
e18474	zd:12319	Tuapan in azipen innpan taikhia hi
e18475	zd:12717	Zingsang 2am hun akipan innpan kaki hepkhiat uh kulmawk hi
e18476	zd:18152	innpanin anu apa te'n adawnkhiat matengin
e18477	zd:16772	gutate innpanin apaikhiatphet in kataikhia
e18478	zd:17416	mawtaw leh innpawlkhat tui in tumcip hi
e18479	zd:17911	Ageinai aom innpawlkhat, Building pawlkhatzong kisia hi
e18480	zd:14969	Tua akicim innpen kum 117 bang aphakhin innpikhat hi a
e18481	zd:14952	Tua innpen South Jakarta, Tebet vengsung aom ahihi
e18482	zd:21908	inn sungah anhuan, innphiat ciangbek in
e18483	zd:25932	puansawp, puan nawt, innphiat, laibu seng
e18484	zd:12220	Meileng Station sungah innphiat Cleaner asem khatin
e18485	zd:18001	Nitak 9:00 PM hunin innphual cidamin kitungkik hi
e18486	zd:11431	Singtaang vaklo innphual aa omte zong
e18487	zd:21327	Tua gambup innpi dawl 2 te athuneihna kikim ding
e18488	zd:11720	Manipur Gamkee innpi a Tangmi
e18489	zd:17729	EPF Building kici innpikhat
e18490	zd:16912	kimawlna Fitness Center innpikhat meikang, mi 29 si
e18491	zd:15996	Ciimnuai Innpipa Pu Tuah Ciang hunin
e18492	zd:24491	adiakin gambup innpite ah
e18493	zd:22695	Ki-uksiamna le ki-ukna innpite tak suah sak-in
e18494	zd:16926	innpualam ah palik tampi omkawikawi in
e18495	zd:14509	innpualam ah Parking akikoih mawtaw 4 tezong siagawp cihi
e18496	zd:12647	adangdang te sangin innsaap kimanzaw thamtham hi
e18497	zd:20339	PPR innsaap gamdang mite hawlkhiat ki panpanta
e18498	zd:20595	Ih omna, ih innsaapna te bang innnam hiam
e18499	zd:12373	innsaapna ding mundang zong in
e18500	zd:11438	innsang innhoih tampi aomna khuaminthang khat ahihi
e18501	zd:18166	Hih meikang Hotel pen innsang mahmah High-rise Building khat hi a
e18502	zd:11172	Hihte nupa in innsangdawn penpen ah aom uh cihi
e18503	zd:13022	innsangdawn ah honghuh un ci'n huhna ngenin
e18504	zd:14559	Hawaii State sungah innsangpi khat meikanggawp in
e18505	zd:13009	London ah Apartment innsangpi khat meikanggawp in mi 30 val liam
e18506	zd:12319	amuh uh innsangpi pen zongpah uhhi
e18507	zd:13046	Singapore innsangtung pan Bicycle akhiasuk
e18508	zd:21611	Suria KLCC innsangtung panin zanni Saturday ni in
e18509	zd:26620	innsap manh khang mahmah hi
e18510	zd:12166	innsap den nuntakna
e18511	zd:20999	sang kah naupangte innsap tamlua
e18512	zd:23902	ka zi ka tate tawh ka innsapna sungah
e18513	zd:22975	innsapna pan paikhia hi
e18514	zd:14301	guahtui tamlua ahih manin innsia losia tampi omkhin
e18515	zd:16858	anawkna hangin innsia losia tampitak omhi
e18516	zd:15099	khauhmahmah ahih manin innsia losia tammahmah cihi
e18517	pk:136	pasal innsuang khat ihih nakleh
e18518	pk:135	innsung vaihawmpi hi a
e18519	zd:23935	innsung bek ah om ding hi
e18520	zd:16688	A innsung ah api apu tetawh aomkhawm uh cihi
e18521	zd:26708	Khuado hun sungin innsung khuasung siansuahna kinei hi
e18522	20.14.1	numei haite in innsung susia hi
e18523	20.15.27	man lo-a sum ngahna in innsung lungkham sak a
e18524	10.19.17	Tua ciangin Saul’ innsung nasem Ziba
e18525	41.6.4	ama khua, ama behte, le ama innsung longal-ah
e18526	10.7.19	na nasempa’ innsung thu ding zong na gen khin a
e18527	10.16.5	Saul’ innsung innkuan mi, Gera’ tapa Shimei
e18528	20.3.33	thuman mite’ innsung thupha a pia hi
e18529	25.5.2	ka innsung uhah gamdang mite a teeng uh hi
e18530	25.1.20	innsung nangawn ah sihna a om hi
e18531	pk:136	innsung panmun a kiseh ciangin
e18532	pk:135	innsung panmun neite kua teng
e18533	pk:132	Hih innsung phamawh panmun ih neih manin
e18534	pk:132	a zat innsung phamawh panmun ngeina
e18535	zd:11431	innsung vanzat tuamtuam zuak in singtaang kivak hi
e18536	zd:15067	innsung vanzat te nakoihna uh amuanhuaihiam hoihtak enpha un
e18537	zd:12093	Christian innsungpan akhangkhia khat in
e18538	zd:15095	Minister asemngei khatpa innsungpan sumbekbek
e18539	zd:19441	Pasianmin akiphatnamun Biakinnsung, innsungte ah
e18540	zd:22162	innsungteng meikhu vive tawh kituamcip a
e18541	zd:11700	innsungteng hoihtak sitcianna nei uh a
e18542	zd:12208	innsungteng zongkawikawi hi
e18543	zd:16038	CMBC pawlpi in innteek sem hi
e18544	zd:12168	innteek te zong thupi takin kiging khol khin ta hi
e18545	zd:18086	A innteek gammite' ngeina, lai cihte sin uh in
e18546	ts:2844	Combodia gamte innteekna tawh kibawlkik ding hi
e18547	zd:10743	Malaysia ah ZCFte innteekna tawh kipaiphei hi
e18548	zd:16634	innteeknu omna atun ciangin
e18549	zd:9249	A innteeknu in bel a jelly duh lam
e18550	zd:16321	innteeknu zong, innmai lampi a, meh kizuak valei dingin pusuak hi
e18551	pk:137	innteekpa in panmun neite a lungkimsak ding kisam
e18552	zd:20470	innteekpa nak heh lua mai hi
e18553	zd:16294	Tua nupinu pen innteekpa ii asungnu
e18554	zd:14579	tutungin innteekpi hongsem ZBCM zumpi te tungah
e18555	zd:21904	innteekpi mah vasem thei hi
e18556	pk:143	innteekte in ngaha, adangteng hawm hi
e18557	zd:22827	innteekte mai ah ka mai neu semsem uh hi
e18558	zd:25470	innteekte suksiat ding bek hi ngeu mawk hi
e18559	zd:17936	Singapore ah innteeng nasemding in apaizawh
e18560	zd:16657	Hih innteeng nasemnu pen ki hehpih mahmah a
e18561	zd:15956	Singapore ah Kawlgammi innteeng khat
e18562	zd:12992	Tua numeinu pen Kawlgammi innteeng nasem in aom
e18563	zd:15761	Singapore gamsung ah innteeng nasem
e18564	zd:16580	Tua innteeng nasemnu pen Indonesia gammi kum 28 aphakhin numeikhat ahihi
e18565	zd:15575	hih innteeng nasemnu pen nasep akipatzawh khakhatbek hipan cihi
e18566	zd:16580	Ahi zongin innteengnu in khawltuanlo in zaihsuak teitei hi
e18567	zd:25616	inntek te'n zong hong limbawl mahmah uh hi
e18568	zd:18241	inntek nu zong nasa in ong awng vangvang hi
e18569	zd:24481	inntek mahmah in nakpi in ZNC gualzawhna dingin ma apang
e18570	zd:20227	acivomte honkhat inntek mahmah uhhi
e18571	zd:26708	kawlgam ih hawh ciangin inntekna ding
e18572	zd:15637	Gambup khanlawh nadingin inntekna a la
e18573	zd:11941	tui nangawn adawnding ciangin innteknu tungah ngetphotkul hizen hi
e18574	zd:14804	ama nek bangbang inntekpa pia nuam ahih manin
e18575	zd:14530	Tawlkhat khit ciangin lupna khan panin inntekpa
e18576	zd:12487	inntekte leh ko apai teng in nuam kasa mahmah uh hi
e18577	zd:21175	a dawite heh uh a inntekte bawlsia thei hi
e18578	zd:21662	Singapore gam innteng nungak khat tungpan laikhak
e18579	zd:20975	innteng nasep tawh a nu a pate a don
e18580	zd:10722	innteng nasepna panin asuahtak ciangin
e18581	zd:24594	ni in innthak honna kinei hi
e18582	zd:20512	innthak lamkik uh hi
e18583	zd:17655	Tedim khuasung innthak kilam te
e18584	zd:23241	United Kingdom pan inntuan nuam Scotland
e18585	zd:24847	tudongciang kuamah inntuan zolo
e18586	zd:21991	zi nei in inntuan uh a
e18587	zd:16682	inntui lalote 4000Ks bek kila hi
e18588	zd:16294	amakpa leh atute pen inntung ah alum uh ahihi
e18589	zd:11375	inntung innnuai dim phitphet in mipite'n Zomi Nam Ni muak hi
e18590	zd:19427	a inntungah acimvak laitak
e18591	zd:14952	a inntungah guah azuk ziahziahhun laitak in
e18592	zd:11285	amahpen inntungdawl ah TV en in aomlaitak
e18593	zd:16344	inntungdawl ah naungek khat awkcip dektak hi
e18594	zd:14904	thuhilhna in inntungdawn ah ki koihsak
e18595	zd:12605	inntungdawn pan kia in si
e18596	zd:13326	inndawl khatna, nihna, thumna leh inntungkhuh teng meikuanggawp
e18597	zd:14547	tua inntungkhuh akiateng hemkhia in
e18598	zd:17017	tuapan in inntunglam avekin kizelto zihziah hi
e18599	zd:17551	tua inntunglam pen kicimsuk in
e18600	zd:16634	Myanmar Maid khat inntungpan kiasuk dektak
e18601	zd:17022	innvai lovai gamvai nisim aa buaiden
e18602	zd:26097	innvai lovaite baihtak in vaan ziauziau zo lel hi
e18603	zd:23170	makai masa teng tawh fund zongin innvak ciatciat ung
e18604	zd:20595	Officer pawlkhat innvak in
e18605	zd:9249	pawlpi mite' innah innvakna nei uh a
e18606	zd:22935	innvakna leh pawlzotna hialbawl ta hi
e18607	ts:3936	Ka innveng teng inn 5 bang bel kisia gawp
e18608	zd:12788	a innveng te'n anu apa zasak uh cihi
e18609	zd:24139	Nikhat, Mompi in a innveng Thopi kiangah
e18610	7.18.22	Mikah’ innveng a om mite
e18611	zd:21174	na innvuah ciah vo
e18612	zd:16216	kapa te lawmtateng ka innvuah lasin
e18613	zd:11130	amau innzang ah aciah uh hizenveh
e18614	zd:15481	khuasung mipi te innzang nusia in ki taikhiasak hi
e18615	zd:19178	Hokkaido Island aom puteekpa innzang ah vapaithei uhhi
e18616	zd:19960	innzong tampitak kisia a
e18617	zd:12717	innzong akigawm in 1700 bang siacipgawp in
e18618	zd:16695	a leng thei insect nam ahi uhi
e18619	zd:19355	insect lungno tuamtuam pen kihdingin ngaihsunlo uh a
e18620	zd:25268	sung Insein ah thongkia
e18621	zd:17003	tua Hotel te ah Joint Inspection bawl uh a
e18622	zd:21471	mun 3380 ah Inspection sitcianna akibawlna panin
e18623	zd:16823	Inspection bawl uh cihi
e18624	zd:12603	Police Inspector khat cihi
e18625	zd:15247	Custom Inspector te'n muanmawhhuai vanpawlkhat
e18626	zd:22341	Facebook khenah Twitter leh Instagram nak zat zaw ta uh hi
e18627	zd:15517	2012 kumin Instagram alei uh ahihi
e18628	zd:23049	Pyidaungsu font Install in la restart in
e18629	zd:15445	na Mobile Phone sungah na Install kulding hi
e18630	zd:21027	Catholic institution khempeuh lakah a lian pen khat ahihi
e18631	zd:23039	institution pen a tomin
e18632	zd:19166	A thakpa kiangpa in instruction ahong piak gengenloh
e18633	zd:11994	Dallas Page pen a instructor hong hipah hi
e18634	zd:20425	asiapa Drill instructor in anungpanin sawnkhia hi
e18635	zd:24801	insurance company zong pawlkhat omhi
e18636	zd:15951	insurance leh Bank account bawl sak ding
e18637	zd:11706	Hih Health insurance pen adeih khempeuh in kilei theilo a
e18638	zd:16235	insurance bawl nailote limtak hanthawn
e18639	zd:23281	Pasian bek in thei inteh
e18640	zd:16442	Kawlla dawng 13, Zola dawng 8 hi inteh
e18641	zd:20516	Lim a salo zong bel om kha inteh
e18642	zd:23857	interest leh penalty cih te om thei lo ding hi
e18643	zd:23787	ni 60 sung interest omlo ding hi
e18644	zd:24393	Ahang pen internet nei loin khanglian ihih man ahi hi
e18645	zd:21377	internet tungah na hun beisak ding sawm nawn kei in
e18646	zd:22446	internet tungtawn in kizopna ol lua mahmah hi
e18647	zd:11769	Interpol Notice pen atuamtuam omsak uh a
e18648	zd:11575	leitungbup palik kipawlna Interpol
e18649	zd:19953	Embassy ten interveiw va bawl ding uh hi
e18650	zd:21598	interview na phi dingciangin hoihtak kiging khol in
e18651	zd:20577	omna tawh kisai interview phot ding hi
e18652	zd:24029	ACC makaipite tawh hong introduce hi
e18653	ts:11162	Pu Min Thang in mi khat tawh hong introduce in
e18654	zd:19203	Khanglui ipi ipu inu ipa te in
e18655	zd:25768	inu Ipa ibawldan tek
e18656	zd:24200	leitungah tawmvei inuntak sungin
e18657	zd:17620	Pasian sungah inuntak thei nadingin
e18658	zd:12214	tuate in inuntakna hong khamuang sak mahmah hi
e18659	zd:23780	inuntakna ah ma itut ding hamsa kha ding hi
e18660	zd:23386	a gol ciangin Botanist khat leh inventor khat hong suak hi
e18661	zd:10672	aminthang scientist, inventor khat hong hi khin ta hi
e18662	zd:21099	hih nasepte sep nadingin invest ding hihang
e18663	zd:22785	Million tampi hong invest khin uh hi
e18664	zd:16741	Investigation bawllaiding uh cihi
e18665	zd:16647	Investigation abawlsan laitak hi
e18666	zd:20122	investigator te khutsung ah ki apsawn hi
e18667	zd:20164	Investigators tezong aphual ah tungpah uhhi
e18668	zd:12094	Investigators te genna ah amahpen alawmte tawh apaikhawm uh cihi
e18669	zd:25919	Passive income zong namnih om in investment leh business om hi
e18670	zd:21099	Zogam sungah gamdang investment 0% a hihi
e18671	zd:25469	Ken ka invite kei hi
e18672	zd:23148	Jesu in hong invite khin hi
e18673	zd:14728	Facebook pan in invite phot hi
e18674	zd:25919	Pasian inzong nasem tangtang te huhden hi
e18675	zd:20936	Leitungbup inzong hih thu hong thehpih hi
e18676	zd:17963	khangno pawl khat inzongh sun an hong nekpih uh hi
e18677	zd:20202	Nganhing tuamtuam te inzongh khut le khe
e18678	zd:22938	UNHCR in IOM te tungah hong puaksak ding hi
e18679	zd:11961	IOM Medical ah asem kamphen tezong
e18680	zd:9227	Nebraska, Iowa leh Ohio state-te ah sem kawikawi hi
e18681	zd:9218	America gam Bloomfield, Iowa ah suak hi
e18682	zd:19419	Ipu ipa te'n thugentehna in na zang uh a
e18683	zd:15800	Ipu ipa te'n Khuado ciangin
e18684	zd:19427	in atate ipad, iphone tezangsak lo hi
e18685	zd:25275	iPhone, ipad te sungah Laisiangtho software om
e18686	zd:24157	koi pen tawh ipai ding hiam
e18687	zd:14751	khe bekbek tawh ipai a
e18688	zd:23554	Nidang lai in, ipu ipate in
e18689	zd:14930	Ih guallelh ciangin ipate iphawk pha deuhdeuh hi
e18690	zd:25175	I ipcipna in i lungsim pumpi hong kiam sak zaw hi
e18691	zd:24276	Awngbuk pai nuam napi pailo a ipcipna
e18692	zd:24200	Lai Siangtho sungah Pasian iphat ding ziate
e18693	zd:14930	Ih guallelh ciangin ipate iphawk pha deuhdeuh hi
e18694	zd:24214	Pasian iphawk ding a thupi ahihna thu
e18695	zd:13020	Hau Go zahtakna ipia hi
e18696	zd:24112	numei te khempeuh tungah zahtakna leh phawkna ipia hi
e18697	zd:19342	panpih in tha ipiak theih nading
e18698	zd:26585	i tate hun ipiak zawh vetloh zong
e18699	zd:24142	ipkhat ciat tawh sang hong kah uh hi
e18700	zd:17426	antang ipkhat tul 11
e18701	zd:16757	suangmanpha teng ipkhat ah guang
e18702	zd:12837	Kuala Kangsar panin Ipoh khualam zuanin apai cihi
e18703	zd:16598	Singapore pan Ipoh City azuanin apai
e18704	zd:23935	ipsim neilo in gensiang ding hi
e18705	zd:9451	Ka ipsim leh ka gitlohna a tamsak semsem ka hi hi
e18706	zd:21701	ipsim, neksim hau-in
e18707	zd:20132	Bombi ipsung nangawn avekin sawksak
e18708	zd:14975	ama ipsung, ama neihsa panin
e18709	zd:15983	ih ipsung ong lut sum pen sumlut hi pah hi
e18710	zd:13110	PM Najib in ama ipsungpan in sumtang huhna
e18711	zd:14975	ama ipsungpan $1 million piakhia
e18712	zd:23554	ipu ipate in, khua khat peuh ah, zawl nanei uh hi
e18713	zd:19419	ipu ipa te'n thugentehna in na zang uh a
e18714	zd:15800	ipu ipa te'n Khuado ciangin khuai lain
e18715	zd:19419	ipu ipa te'n thugentehna in na zang uh a
e18716	zd:19952	pahtawina leh lungdam na ipulak hi
e18717	zd:25872	ZIUSA kipawlna mintawh dahpihna ipulak hi
e18718	zd:16088	Saudi leh Iran kingap mahmah
e18719	ts:5684	Hih Iran Officer teng banah Syria officer tampi kihel lai
e18720	ts:5116	ci-in Iranian kumpi in pulakkhia uh hi
e18721	zd:12504	Adang Iranian nupa khatleuleu 2011 kumin Protection Visa ngah uh a
e18722	zd:19453	Irante in, Israelte' neih leh lamhteng susia ding
e18723	ts:10868	Israel te' dona pen Irante' galkapna lam
e18724	zd:15251	Iraq gam ah mi-60 si
e18725	zd:15570	Iraq gam pan Kurdistan paikhia ding
e18726	zd:9252	1652 kumin Ireland gam Dublin ah suak hi
e18727	zd:11262	Ireland gam Dublin diocese siampi khat
e18728	zd:9252	A pa Irish minam biakna nasem khat ahi hi
e18729	zd:25749	Irish minamte in pumpi kidekna
e18730	zd:15223	Hurricane Irma hang in mi-6 sihbeh
e18731	zd:15099	Hurricane Irma huihpi hangin mi 23 sikhin
e18732	zd:14697	Myanmar, Irrawaddy Region sungah Bus nih kiphukha
e18733	zd:24227	Irrawady leh Gunkhawm tung uh hi
e18734	zd:24091	IRS te website ah zong kician tak in kingelh hi
e18735	zd:22081	IRS zum in kumpi nasem 4600 val sam kik uh hi
e18736	zd:24043	muan huai Isa ciat hi
e18737	zd:20999	Zolai pammaih Isa hiam
e18738	zd:17488	I ci leh Isa asih kei leh
e18739	zd:14791	Isai 54:2 ah Na bukmun khan inla
e18740	zd:17000	Hi bang gamtatana hoihtakpi isak ahih leh eimau thu hi
e18741	zd:20979	thupi manpha isak nidang tawh kibanglo hi
e18742	zd:21701	Biakna sungah i gen thupi isak pen
e18743	zd:17005	Isarael mipi te mawhna pen
e18744	zd:23439	suakta takin isep theihna ding
e18745	zd:15772	Topa in isep ibawl na ciat ah
e18746	zd:25473	Zomi te zong isiamna ciat gawmkhawm in
e18747	zd:19733	isih hun ading beekin, nun'taksawm ciatni
e18748	zd:16665	isih mateng gensiat thuakzawhsawm ding
e18749	zd:11244	isin theih ding thu pawlkhat om hi
e18750	zd:17965	isin pilna leh i nasepna
e18751	zd:20454	ISIS makaite in pilna neilo hiam
e18752	zd:26565	Tamil LTTE leh ISIS te banghang tangtung zolo hiam
e18753	zd:12517	Johor Bahru sung aom Iskandar Puteri vengsung ah
e18754	zd:20721	Seri Iskandar ah ateengkhat kici hi
e18755	zd:11062	Islam biaknathu tangko khat ahihi
e18756	zd:21908	Asia gamte lak pan zong Islam gamte uang phadiak hi
e18757	zd:20363	Islamic thukhun tawh kizui in
e18758	zd:22597	Islamic galkap te pen Spain pan France gam ah hong lut
e18759	zd:11221	Indonesia, Bali Island ah guihtui tamluatna hangin mencim
e18760	zd:17941	tuikulh Island munhoih tampitak om hi
e18761	zd:11704	Turkey, Istanbul City ah Helicopter khat kia in, mi 7 si
e18762	zd:11155	ISte dona Russiate tawh ka kipawl ding hi
e18763	zd:10826	2013 dong ISte ukna hi ahi hi
e18764	pk:15	A nu in tano a it hi
e18765	pk:18	Siapa in sangnaupang note a it hi
e18766	pk:28	Ka nu ka it hi
e18767	zd:23554	A gam it ding mi kisam hi
e18768	zd:16997	Na it lam theisak in
e18769	zd:10901	I it, I zahtak mahmah
e18770	46.8.3	Mikhat in Pasian a it leh
e18771	19.18.1	nang kong it hi
e18772	43.14.15	Kei nong it uh leh
e18773	1.25.28	Rebekah in Jakob it hi
e18774	1.29.32	ka pasal in kei hong it taktak ding hi
e18775	64.1.1	a man takin ka it Gaias
e18776	45.16.8	Pasian hangah ke’n ka it Amflias
e18777	zd:16860	it le ngaih hau uh a
e18778	zd:16687	it le ngaih ciat ki nei hi
e18779	zd:19092	it le ngaih tam thei mahmah napi'n
e18780	zd:20979	ahoihpen amanphapen ita itute pianuam hi hang
e18781	zd:19648	Italian Coffee te limzawtham ci uhhi
e18782	zd:12192	Italian gammi ahihi
e18783	zd:13020	Malaysia ah itam hangin
e18784	zd:14791	itate mite sang gualzo zaw
e18785	zd:21013	Ei dam lohna hangin itate lungsim
e18786	zd:15848	Ganhing pen itbawl phadiak uha
e18787	zd:24155	Tua mikang missionary te'n zong itbawl ahih man in nuamsa mahmah hi
e18788	zd:15433	ganhing pen itbawl mahmah uh a
e18789	zd:25414	itdan siam ding leh itna a diktak ding
e18790	zd:25025	Na lawmnu itdan siam in
e18791	zd:15543	Zomite hong ki zahtak in hong ki itding hi
e18792	zd:23488	mikhempeuh itding kikhaamlo napi
e18793	zd:15114	nupa ki itding cih hizaw
e18794	zd:23655	cih ithei kei hi
e18795	zd:24068	cih ivekpi-in ithei hi
e18796	zd:23301	I sum lut zah itheih ciangin
e18797	zd:24289	zong itheih ding kisamhi
e18798	zd:24157	Zolai itheih nak leh akitei thei hi
e18799	zd:17120	makaite adiing a ahaksapi itheihloh a om tampi
e18800	zd:19556	Nu itlo kua mah kiom loding hi
e18801	zd:17132	Tate a itlo omlo hi
e18802	zd:23037	kei hong itlo na hi hiam
e18803	zd:16900	A pasal in a zi itlua mahmah ahihmanin
e18804	zd:17945	pen atate itlua in
e18805	zd:19455	I ta te ih itluat man maw
e18806	zd:16506	Zeisu mihing bang a hong suah pen hong itluat man ahi hi
e18807	zd:26049	I itluat manin, aituam ngaihsut khathei hang
e18808	zd:12942	atanu uh itmahmah in
e18809	zd:24604	makai Pasian itmahmah khat ahihi
e18810	zd:15941	Rebecca inzong apasal itmahmah a
e18811	pk:15	itna in hehpihna tawh kidim hi
e18812	pk:134	itna om kei leh kisem zolo hi
e18813	zd:19418	Pasian pen itna Pasian hi
e18814	zd:24119	Pasian' itna kisam tawntung hi
e18815	zd:25106	itna mah thupipen
e18816	46.16.14	itna lungsim tawh na khempeuh na hih un
e18817	43.15.9	ka itna sungah om un
e18818	19.118.2	Ama itna kip kho tawntung hi
e18819	1.29.20	amah a itna hangin
e18820	9.20.14	thuman itna kei tungah hong lak in
e18821	19.119.76	keimah hehnem dingin na itna kip
e18822	19.145.8	hehhakin itna kip lianpi nei hi
e18823	zd:18121	itna deihsakna a neitaktak te in lungduai takin nasem zaw
e18824	zd:15225	itna deihsakna lianpi tawh
e18825	zd:22779	itna deihsakna taktawh huh in
e18826	zd:22095	itna lainatna tawh midangte tungah gamta ni
e18827	zd:24146	itna lainatna tawh ong kipiakhia hi
e18828	zd:16803	Tamveipi itna ngaihna thu agen hangin
e18829	zd:11955	a om takpi itna ngaihna tangthu khat
e18830	zd:22696	Gam le minam itna veina linlian tawh
e18831	zd:22019	Zomite itna veina taktawh ih zumpi adingin
e18832	pk:137	itnatak tawh thasial hetlo a
e18833	zd:19820	Khatlekhat aki itpetmah khollo
e18834	zd:11592	midangte ta itsak ngaihsak zolo uh ahidiam
e18835	zd:23887	Pasal te itsiam zahtaksiam na teelzaw uhhi
e18836	zd:24202	ama neihsa a zat ding zong itsik tuan lo ding hi
e18837	zd:25189	Zomite phattuam nading ahih nak leh a itsik ngeilo
e18838	zd:22941	ama neihsa sum le paite itsit het loin piakhia den hi
e18839	zd:23888	A neihkhempeuh khatbeek itsit loin hong it
e18840	zd:9433	A pa in Josef ittuam
e18841	zd:22696	ittuam zahtak tuam nei se loin
e18842	zd:19581	Igam ilei, ikhua itui
e18843	zd:13020	America gam itun ciangin
e18844	zd:22291	Tua dinmun itun nading in
e18845	zd:20144	saupi itun ding haksa a
e18846	zd:24214	bang dinmun koi lai ah itung ta zongin
e18847	zd:19800	mi 1000 gamdang itung zo tam
e18848	zd:17333	Moses minam itzia I ci nuam hi
e18849	zd:20851	a naute a sanggamte a itzia uh
e18850	zd:24542	a itzia uh World Health Organization Twitter-ah pulak uh hi
e18851	zd:24292	chih thu izaakmanin ZIUSA kipawlna mintawh dahpihna i pulak hi
e18852	zd:21699	cihthu izaakmanin ZIUSA kipawlna mintawh nakpitakin kidahpih kilainatpih hi
e18853	zd:25180	Asi te thu bek izak hi aa
e18854	zd:24200	ama hong hopihna izak theihna dingin
e18855	zd:25872	cih thu izakman in ZIUSA kipawlna mintawh dahpihna ipulak hi
e18856	zd:10688	cihthu izakmanin Zomi Innkuan Oklahoma kipawlna in
e18857	zd:24068	ZOMI izang zongin kisang thei kim hi
e18858	zd:11135	izang pianpian ta hi
e18859	zd:11076	Minam puan pen izat ngeisa ahi
e18860	zd:25473	Dawi ibiaklai a izat ngeina hoihlo te
e18861	zd:20979	Sumzongin izin leh zong
e18862	zd:24200	izuih ding pawlkhat a nuai a bang hi ding hi
e18863	zd:14930	Ih pate suk-le-to ah izuih kawikawi manin
e18864	zd:9451	A jacket uh pia-in
e18865	zd:15790	alawmteng in puansilh jacket akibang vive silhzihziah uh a
e18866	zd:12936	Life jacket nih, Bag pawlkhat leh puansilh pawlkhat kimu
e18867	zd:22609	Florida State sung aom Jacksonville khuapi geinai ah
e18868	zd:24413	Jacksonville Mayor Pu Lenny Curry zong
e18869	zd:13076	Jacob pen ngimna tawh a kidimpakhat ahihi
e18870	zd:15941	Jacob panin Israel inkhelsak hi
e18871	zd:25947	Jahovah kammal pen a mah leh amah a om tawntung Pasian
e18872	zd:24231	Ama tawlngak na ding mun pen Insein jail hilo aa
e18873	zd:13157	Jakarta City zuanin lengkhiading cihi
e18874	zd:16229	Japan te hun zatzia ettehhuai mahmah hi
e18875	zd:11621	Japan ah Helicopter khat kia in
e18876	ts:301	Japan gal omin gamsung buai kipan hi
e18877	zd:10912	Kawlgam ah japan gal hong tung hi
e18878	ts:301	japan gal omin gamsung buai kipan hi
e18879	zd:11723	Panasonic Company pen Japanese Electronics Firm minthang mahmahkhat ahihi
e18880	zd:19178	Tua Japanese puteekpa pen
e18881	zd:21066	Japante khantohna laibu sim hi
e18882	zd:11548	Japante tawh aki bang phial in a hau ahi hi
e18883	zd:21183	Japante in 25 kiim luak khin uh hi
e18884	zd:15481	adang mi 18 tepen Jasin Hospital ah kipuak hi
e18885	zd:14850	Tulaitak Jasin District sungah guahtui tamluatna hangin
e18886	zd:23729	lingpak, sekkhum, jasmine cihte bawl kizang hi
e18887	zd:21987	Buanli, Jasuan beh
e18888	zd:17689	Indonesia, Java ah Passenger Bus khat tuahsia in
e18889	zd:16352	East Java Province sungah zanni Thursday ni in
e18890	zd:17527	Zing leh thai ciang JCB in ziksuk pah lel ding hi
e18891	zd:22704	JCB 2 le 3 tawh nasepte
e18892	zd:17969	Blue Jeans khat ateeng hi a
e18893	zd:11943	Jeans bek teengziau in
e18894	zd:16912	South Korea, Jecheon City sungah aom hi in
e18895	zd:24574	Saiha pan Jeep neu khat tawh kipai hi
e18896	zd:15947	Zogam ah Jeep mawtaw khat tuahsia
e18897	zd:24595	Jehovah Pasian in hih TBC Tagah Sang kemin
e18898	zd:25142	Jehovah Pasian a bia mite in
e18899	zd:9249	a jelly duh lam a theihsa ahi hi
e18900	zd:9249	jelly duh mahmah khat ahi hi
e18901	zd:15814	George Town, Jelutong sungah akiman hi a
e18902	zd:11099	Penang State sung aom Jelutong Market gei ah
e18903	zd:11140	Negeri Sembilan State sung aom Jempol District sungah
e18904	zd:12974	Aluanghawm tezong Jempol Hospital ah kipuak uhhi
e18905	zd:20136	Bandar Jengka Hospital ah taipihpah vingveng hi
e18906	zd:23137	Jericho kici khuapi khat bek om lo a
e18907	zd:23792	Joshua leh apawlte in Jericho hong simin
e18908	zd:25109	Jericho khuapi gei ciang dong la zo uh hi
e18909	zd:25099	Solomon in jerusalem biakinnpi lam hi
e18910	zd:16651	Persia empire hun in jerusalem biakinnpi lamkik uh hi
e18911	zd:21739	Topa Jesu hong suah kum
e18912	zd:9262	Jesu mah muang kinken ding
e18913	zd:24636	Jesu sisan behlap kisam hiam
e18914	zd:21547	Jesu Khris thu ka gen nawn kei ding hi
e18915	zd:17329	tua mite Jesu Khris sisan tawh diktangsak
e18916	zd:9452	a Tapa Topa Jesu Khris leitungah hong sawl hi
e18917	zd:13354	jesu nungzui mite pen a zuilo mite tawh kilamdanna
e18918	zd:17577	Ahi zongin jesu nungzui suah ding pen na nial tentan mawk
e18919	zd:22709	Pa Pasian, Tapa Jesuh Khrih leh Kha Siangtho ahi hi
e18920	zd:25333	Pasian' tate in Jesuh Khrih in bang gen cih
e18921	zd:11982	Boeing Jet ahihi
e18922	ts:6447	Jet Fighter tawh bomb hong khiat uh
e18923	zd:19054	Training Jet khat ahihi
e18924	zd:14869	Boat akhawlnading Jetty pen
e18925	zd:17104	Yangon River sungah tembaw khatin Jetty taihkha
e18926	zd:16421	Jetty athak 2 te akilam
e18927	zd:12656	Muslim pasal khatleh Jewish nupi khatin thu ngenkhawm
e18928	zd:9225	Jewish-Christian innkuan sunga piang ahi hi
e18929	zd:14887	Jesus in a mipih Jews mite na it hi
e18930	zd:11697	Jews te in a gam leh lei lakik
e18931	zd:18241	kei pen Jews minam hi lo hing
e18932	ts:3341	Gam neilo taktak pen Jewte hizaw
e18933	zd:19772	tua hunin Jewte gam tuamtuam
e18934	zd:20592	Jharkhand State ii khuapi Ranchi City sungah
e18935	zd:12869	Jiangsu Province sung aom Changzhou khuasung ah
e18936	zd:14908	China, Jiangsu Province, Wuxi sung aom Shopping Mall khatah
e18937	zd:11466	Jiangxi Province ii Capital khuapi ahi Nanchang
e18938	zd:22932	Jiangxi Province sung aom Apartment khatah ahihi
e18939	zd:22580	budget pen JICA te'n hong leitawi uh hi
e18940	zd:22580	JICA tawh thukimna suai kikai khin
e18941	zd:12149	jihadist group te panpih nadingin sumbul akaikhawm
e18942	zd:25105	Amau leh amau Jingphaw kici-in
e18943	zd:19697	China gamsungah zong Jingphaw Autonomous leh Wa Autonomous na nei veve
e18944	zd:22685	Jinjang Palik zum pan kitankhia
e18945	zd:21717	Jinjing lockup ah kimuh pih thei
e18946	zd:23005	Jinjing lockup pan hong suakta thei
e18947	zd:24531	Tua hangmah in Johor ah JOCC zum a kihong
e18948	zd:12470	Johor Baru ah asuak ahihi
e18949	zd:12517	Johor Bahru ah Toyota mawtaw nih kiphukha
e18950	zd:12618	Johor Bahru Hospital ah Training kahding in
e18951	zd:20145	Gamdang club a join masak pen Reading F.C ahi hi
e18952	zd:25178	ong join zawh kei leh zong telsiam ni
e18953	zd:22148	Bomb apuakkhapna munpen Jolo Island kici tuikulh
e18954	zd:23492	Journalist leh blogger tampi te thong kiasak hi
e18955	zd:15657	AFP Journalist khatin agenkhiatna ah
e18956	zd:11198	thukaikhawm Journalists honkhat kihel cih kiza hi
e18957	zd:11627	Vanlengtual atunphet in Journalists honpikhat in na dawntuahpah uh a
e18958	zd:11623	Journalists leh Cameraman te Ready sa in omcipden uh
e18959	zd:21904	Zosiam Tin jubilee thupitakin vabawlthei hi
e18960	zd:12039	jubilee Magazine buzong kibawl hi
e18961	zd:18194	jubilee pawi a bawl
e18962	zd:17075	hih jubilee pawipi pen bawl huai in
e18963	ts:9834	Hih EBC Golden jubilee pawipi pen thupitak kibawlsawm ahih manin
e18964	zd:11697	Jews te biakna ahi Judaism pen leitung ah biakna lianpi khat
e18965	zd:25304	Judaism upna le Muslim upna
e18966	zd:23513	judge in Chairman sem ding hi
e18967	zd:21626	Vungh Suan in Chief judge asem hi
e18968	zd:17919	tuithawl, Juice thawl tetawh meikuang buakmit uhhi
e18969	zd:19812	singgah tui lah Real Juice vive na hipah hi
e18970	zd:23882	senior zaw junior zaw zong ki om hi
e18971	zd:21761	Nang sang a senior zawte leh junior zawte
e18972	zd:11292	Jupiter leh Venus ah zong rocket lot ding
e18973	ts:3284	Rom ukpi Constantine in Jupiter biakna innpi susia in
e18974	zd:16819	akiman khempeuh pen Juru Detention Center ah kipuak in
e18975	pk:45	Hih in, ka laibu ahi hi
e18976	pk:66	Hihin ka laibu ahi hi
e18977	ts:3936	ka innveng teng inn 5 bang bel kisia gawp
e18978	ts:7023	ka Nu tawh khatvei bek kimu pak nuam
e18979	ts:9862	la khat tawh ka thu ka khup nuam hi
e18980		ka Pasian
e18981	18.19.14	leh ka lawmte bei ta hi
e18982	22.1.12	a om lai takin ka paknamtui hong kizeel hi
e18983	42.20.43	ci-in ka Topa kiangah a ci hi
e18984	zd:26788	sang ka va kah hi
e18985	zd:26956	ka ut kei-a, ka phal kei hi
e18986	ts:7775	tua munah ka om cip uh hi
e18987	zd:21018	ka cihsa, ka cihsa i cih ding hilo hi
e18988	ts:479	A khedawn teng kaaikhawm uh a
e18989	zd:20537	hong kaaikhawm dih ve
e18990	zd:17932	midang te tawh ki teh kaak na in
e18991	zd:23782	ka khawlngeina gamdangte tawh, kateh kaak ciang
e18992	zd:19065	kaal khat sungah ni khat
e18993	zd:20959	Ni liap na mun ah kaal 2 sung daikeu sak in
e18994	zd:21293	Nupa kaal kizopna pen a siangtho kizopna ahi hi
e18995	zd:24056	Theih loh kaal-in ama thugente ciamteh den
e18996	zd:21673	nupa kaal sungah awnem awkhum tawh kiho siam ding
e18997	zd:16803	Ngaihsutloh kaalin hunle nile kumte na paipai
e18998	zd:16803	atheihloh kaalin akum na hoihkhop mahmahta hi
e18999	zd:22095	kaalkhat in khatvei thong sungah pai in
e19000	zd:24064	kaalkhat sunga ni masa
e19001	zd:21079	Zii leh Pasal kaalthu Kizopna
e19002	pk:136	kaamsiat kaamphat ding, zawn leh ngau ding
e19003	zd:12187	kaamphat leh tua ci ding
e19004	zd:15996	mailam cidam ding, kaamphat ding mah
e19005	zd:21110	kaamphatna lian pen hi zaw hi
e19006	zd:22983	kaamphatna lianpi tawh bawlsiatna thongpan suakta thei aa
e19007	zd:20652	ko pen kaamsia mahmah ungh
e19008	zd:20888	Hih leitungah a kaamsia pen in
e19009	pk:136	Mihingte pen kaamsiat kaamphat ding
e19010	zd:24151	kaamsiat ding hun a tun ciang
e19011	zd:12187	kaamsiat leh tuaci ding cih bangin kaam tungah kingak dinghi lo hi
e19012	zd:21869	i ihmutna pen kaamsiatna a hihi
e19013	zd:24086	kaamsiatna tawh nupi nu tuanna motor hong tuahsia in
e19014	zd:25118	meeting pen nai 3 sung kaan sawt kei leh
e19015	zd:25580	tuhun kaan a hun hoih om lo kha ding hi
e19016	zd:25178	nainih kaan kheng keileh hoih kasa hi
e19017	pk:90	Lam na kaan ciangin kidawm in
e19018	zd:21439	fencing kaan in taimang hi
e19019	zd:21343	na mai a paite kaan nuam kha kei in
e19020	zd:26565	gamgi kaan in minam aa ding nalianpi na sem khinzo hi
e19021	zd:24086	a inn uh mei in hong kaang hi
e19022	pk:119	Ahih hangin kaangsak tuan ken
e19023	zd:17442	ka buk uh ahal hangin na kaangtum lo hi
e19024	ts:479	a kaangtum lote tom khawm uh hi
e19025	zd:19166	amau tegel sangin na nuamzaw kaanlai hi
e19026	zd:25569	namdangte tawh kizop vaihawmnazong lemzaw kaanlai a hihi
e19027	zd:20176	Kaaptel lam tawnin mawtaw lam ziik dingin
e19028	zd:20176	Kaaptel lam mah ki deihsak tek
e19029	zd:20176	Kaaptelte in, Laaitui lam sangin amau lam hoihzaw hi
e19030	zd:20176	Kaaptelte laiat na hangin
e19031	ts:3375	Sengam pan Kabaw zanggam ah kikhinsuk in
e19032	zd:24227	Kabaw Valley a om Khampat pen
e19033	zd:25616	medical check-up kabawl hi
e19034	zd:25937	nakpi in kikum in kabawl uh hi
e19035	zd:19355	lungno tawh kabawlkhiat uh Burger tepen
e19036	zd:13241	Free in kabawlsak uh ci a
e19037	zd:24595	kei ipsung sawkin kabawlsak aa
e19038	zd:17884	Police Report kabawlzel uhhangin tudong kimanzo nailo hi
e19039	zd:18069	Entertainment kabawlzel a
e19040	zd:16216	kabeh minpen Naulak hi
e19041	zd:21822	Kei pen kabeh Zobeh hi a
e19042	zd:13181	mitkha ah hong suak in kabil hong puaklak hi
e19043	pk:123	tu hun a, Kachin gamah a teeng suak
e19044	zd:17760	Hih pen Kachin te'n makaih hi
e19045	zd:22391	Kachin gamah tualgal a om man-in
e19046	zd:19219	Kachin gam Myitkyina refugees camp ah va zin hi
e19047	pk:124	Kawlmi, Zomi, Kachinmi, Shanmi leh Karenmi
e19048	zd:17760	Kawlte leh Kachinte kua mizol siam zaw
e19049	zd:25094	AA galkapte in zong Kachinte gal huh in
e19050	zd:20391	Kei aa ding bek kaci kha pahpah hi
e19051	zd:21182	Leilum Vaangkhua kaci uh hi
e19052	zd:23437	bung 2 la un kaci lai hi
e19053	zd:20911	zan nai 10pm khitin kaciah uhi
e19054	zd:17426	Kuala Lumpur panin kawlgam kaciah hi
e19055	zd:12487	May 12 ni in kaciah kik uh hi
e19056	zd:21421	Lamka kual bek atuaci hiam kacih leh
e19057	zd:22584	maankei kacih theih nang om tuanlo hi
e19058	zd:23025	Ataktak danin kineih uhhiam kacihi
e19059	zd:13009	Car Alarm ahiam kacihleh Windows pan ka etkhiat ciangin
e19060	zd:23112	kazang uhhi kacihleh
e19061	zd:24420	kacihna hituanlo hi
e19062	zd:20746	man'tuak khentel ding kacihna hi
e19063	zd:22911	Dr Kamkhenthang kacihpen, Literature Ph.D hi
e19064	zd:17325	kacina cisapi a zinei kahi hi
e19065	zd:24678	ka theih manin kadah mahmah hi
e19066	zd:25572	kadah mahmah a ka lungkham mahmah hi
e19067	zd:25173	akicih sawnsawn ciang in kadah semsem hi
e19068	zd:17161	kadam zo hi
e19069	zd:24276	bawngnawi lumlitlit kadawn zel a
e19070	zd:24064	ka zu kadawn lohna, ka za katep loh
e19071	zd:25572	2021 kum pen damlosa in kadawn hi
e19072	zd:19308	Ngongtatna tawh kimakaihna khempeuh kadeih kei hi
e19073	zd:22911	kadeih bangbang uh hongpia un
e19074	zd:24420	Zogam sung mahah khuasatzo hileh kadeih hi
e19075	zd:19470	amanlang in kadelhpah uhhi
e19076	zd:15276	meikang cih hongki zaksak ciangin kadelhpah uh a
e19077	zd:15107	papi khat kiang ah kadong hi
e19078	zd:10973	Thu kadong a, amau honggenna ah
e19079	zd:17731	bang nacihna hiam ci'n kadot ciangin
e19080	zd:24595	Sianu Dim Don Vung kadot leh
e19081	zd:15163	kagam uh France ah kaciah kiknuam mahmah hi
e19082	zd:22938	kagam ciahkik nuam hi leng
e19083	zd:19232	Tu in kazi, kagei ah omlo hi
e19084	zd:15366	kagei aom te'n dawnding Drink hongpia uh a
e19085	zd:24594	thulu tawh lai khat kagelh ngei hi
e19086	zd:24946	Hih lai kagelh dong
e19087	zd:16204	tu a kagen pen sum leiba hi
e19088	zd:24594	U Pauno' tungah kagen hi
e19089	zd:12402	Pawlkhat tung kagen leh um zolo mawk uh hi
e19090	zd:11110	kiang-ah kagenleh hong kawlsak pah-hi
e19091	zd:16216	Atung a kagensa mahbangin
e19092	zd:24947	Sepding thu 5 kagensa mah bang un
e19093	zd:19472	kalawm kagual te kiangah huhna ka ngen kawikawi hi
e19094	zd:13314	Ka innkuanpih leh kalawm kagual te'n
e19095	zd:23591	Everest mual tung kah ngei hi
e19096	zd:22557	Khe tawh mualtung kah
e19097	zd:20558	Gawmual dawn-ah va kah in
e19098	16.4.3	tungah ngia khat kah leh kicim lel ding hi
e19099	42.19.4	theithek kung tungah a na kah hi
e19100	24.48.44	Dum sung pan a, a hong kah khia mite
e19101	5.28.13	Tunglam bekah na kah ding uh a
e19102	7.11.32	Ammon mite kiangah Jefthah gal kah hi
e19103	30.9.2	vantungah a kah toh uh hangin zong
e19104	19.24.3	mual tungah kuate kah ding ahi hiam
e19105	20.30.4	Vantungah kua kah to a
e19106	1.28.12	tua kahlei tungah kah to-in a kum suk
e19107	29.2.7	galkapte bangin kulh tungah hong kah uh hi
e19108	41.5.18	Zeisu in gunkuang ah a kah lai takin
e19109	pk:83	Sang ka kah nuam hi
e19110	pk:111	sang kong kah zo kei ding hi
e19111	zd:20334	College-ah a kah hi
e19112	zd:9432	tua ni pen sang ka kah hi
e19113	zd:13207	ZIUSA 2017 Kumcin Khawmpi hong kah un
e19114	zd:22755	lawm le gual zong kahau mahmah hi
e19115	zd:15422	kahau a kazawng zongin
e19116	zd:12285	March 31 ni in sanginn ah kahawh a
e19117	zd:12168	Kawlgam pan hih Conference kahding Pastor 6 hongtung khin ta hi
e19118	zd:21266	Conference kahding sapna
e19119	zd:12618	Johor Bahru Hospital ah Training kahding in zantaam in azinkhia cihi
e19120	zd:20137	University kahdingte bang Major hoihpen hiam
e19121	zd:14910	kaheh hong suak hetlo hi
e19122	zd:14883	kaheh suakmahmah hi
e19123	zd:17538	tua Durian Coffee pen kahemkhia uh cihi
e19124	zd:10860	Vongmual, Kahgen leh Thenzang gam teng
e19125	zd:21182	Tongsial, Gawngmual, Kahgen khua 9
e19126	zd:20911	Ka tupa tawh mi 3 kahi uhi
e19127	zd:16506	Ko avaihawm mi 5 kahi uh hi
e19128	zd:19309	Kei kua kahiam
e19129	zd:9423	Bang hangin Zu ngawl ding kahiam
e19130	zd:24165	Teizang kahih hang Teizang LST bu atuam in kisam sakeng
e19131	zd:23797	Mi lunghimawh khat kahih pen ka angtang mahmah lel hi
e19132	zd:24370	ZNC bel kahih theih tawp in panpih ing
e19133	zd:19472	keipen Jackie Chan ii tanu kahihi
e19134	zd:12980	guallelpa zong kahihi cihna himawk hi
e19135	zd:16833	acidam athahat mahmah kahihlam kakiphawk liang hi
e19136	zd:16803	galkapbu kahihlam hongthei hiding
e19137	zd:22592	Kei party tawh buailo kahihman in
e19138	zd:22658	atungcil kahihman in lawmlegual tampi ka nei kei hi
e19139	zd:10973	Pasian thu gen kahihman in
e19140	zd:23797	neupian lai kahihmanin a vek in ka theician kei hi
e19141	zd:24059	hong tun zolo kahihmanin ka kisuang mahmah hi
e19142	zd:17428	10% summeet pia kahihmanun
e19143	zd:17187	Ko lah kikhen zawhngap vetlo kahihmanun
e19144	zd:21326	ZOMI kahihna ka nialtheikei hi
e19145	zd:21090	Kei mihing kahihna leh kapianna
e19146	zd:19400	Athei kahikei a, aveii kahi hi
e19147	zd:16291	Hong kiphat kahikei a
e19148	zd:24420	Lawplua kahimanin thu tampi ngaihsun lo-in
e19149	zd:24420	party member teng ii vote tawh telkhiat hilo kahimanin
e19150	ts:301	1912 kumin Sagaing High School ah kahin
e19151	zd:15788	pawlkhatzong Meeting kahin apailaitak kici hi
e19152	zd:19583	gamsung ah Rule of Law aomkik nadingin ahanciamnuam kahizaw uhhi
e19153	zd:22584	Cost of living hong kahkah ding
e19154	zd:23489	sang kahkah in hai tektek
e19155	zd:22755	ka lupna tungah zanhak in ka kahkah hun zong om zel hi
e19156	zd:24294	Banghang in a nu a kahkah na pan khawl hiam
e19157	zd:13181	Tedim ZCD khawmpi ah ka kahkhawm uh hi
e19158	zd:25624	Sinai ah khawmpi ih kahkhawm ve leh
e19159	zd:24029	Kum khat kahkik nuam ing acih hang
e19160	zd:15525	parliament kahkik ding hun Oct 12 ni ciang
e19161	zd:12470	kum 15 bek phapan ahih manin sang kahlai hi
e19162	zd:23443	Sang i kahlai in khialhna a omlo dingin
e19163	zd:22557	Mualtung na kahleh mual sim in
e19164	zd:21243	Na cikhumbung ah miksi a kahleh
e19165	zd:21876	sang hoihtak a kahlo
e19166	zd:22095	zuum hong kahlo in ama nasep ding teng
e19167	zd:11456	ZOMI te va kahloh ding ahoih pen ahihi
e19168	zd:21279	sang kahloh hun sung nangawnin
e19169	zd:20948	Ka sanggamnu tuition kahna ding ci-in
e19170	zd:20979	sang kahna ah kizikai, kinunungzawta hi
e19171	zd:21260	A doctrate kahna sang min
e19172	zd:24117	ka kahna aw hong za in
e19173	zd:24075	A tanu kahna aw a nu in a zak ciangin
e19174	zd:21013	Tua kahna aw te a dawng dingin
e19175	zd:21266	Conference kahnop min
e19176	zd:23386	na kahnop leh kah thei hi teh
e19177	zd:21266	Conference kahnop min leh kahnopna ahang
e19178	zd:24296	amau kahnopna sang suakta takin teeltheihna
e19179	zd:23127	lungzuansialna kahong pulaak-hi
e19180	zd:17860	zaankim 12:50 hun-a kipan khualzin kahong kipan-hi
e19181	zd:21626	kahpau liangin ahong gen hi
e19182	zd:23990	Zato kahpih uh a
e19183	zd:25221	kumpisang kahpih lawmte pawlkhatzong a om hi
e19184	zd:19798	Amau zato kahpih nangin
e19185	zd:26097	A tapa zong sanghoih mahmah ah kahsak hi
e19186	zd:20979	Kum 25 nuaisiah sang kahsak hamtang ni
e19187	zd:26310	Amau a tate uh sanginn hoih ah kahsak ahih manin
e19188	zd:25221	kha6 ka kahsung in
e19189	zd:23156	meeting kahsung pan midang kisehthei hi
e19190	zd:24294	a nu a kahtam hong khawl thei tuanlo hi
e19191	zd:25075	ka Pa in kahtam hong lo hi
e19192	pk:129	a nau a phawkna, kahtap la ahi hi
e19193	pk:129	a kahtapna in lakhat na phuak hi
e19194	zd:16210	dotna Meeting kahteng kiangah hong nei masa hi
e19195	zd:14579	gam 124 pan Delegate kahteng leh Participants tengin
e19196	zd:21174	Nipi kaal tamlo sungin naupang 100 kahthei uh a
e19197	zd:19166	Tualai in DSA na kahthei hileng
e19198	zd:14751	Leitung gam 124 ah meeting kahtheihna
e19199	zd:11126	numeite bek kahtheihna sanginn
e19200	pk:136	khangthakte a hong kahto pah diamdiam uh hi
e19201	pk:155	aw nga ah hong kahto hi
e19202	zd:23616	mawtaw tung ka kahto hi
e19203	zd:23907	mualtung ah kahto kul hi lai hi
e19204	zd:21301	thuap nihna ah kahto ding hihang
e19205	43.6.3	Zeisu mual tungah kahto a
e19206	44.21.6	teembaw tungah ka kahto uh a
e19207	66.19.3	meikhu in a tawntungin a kahto hi
e19208	26.40.6	kulh kongpi-ah pai a, a kahlei-ah kahto-in
e19209	45.10.6	Vantungah kua in a kahto ding hiam
e19210	23.14.14	meiite’ tung pekah ka kahto ding a
e19211	43.3.13	kuamah vantungah a kahto ngei kei hi
e19212	42.19.4	theitheek kung khat tungah a kahto hi
e19213	22.7.8	Tumkung tungah kahto-in, a gah ka lo ding hi
e19214	24.51.42	Babilon gamah tuipi hong kahto a
e19215	23.34.10	vanah a khu kahto ngitnget ding hi
e19216	7.20.40	a khu in vantungah kahto hi
e19217	zd:14792	kuamah innsangdawn ah kahtohding kiphallo ahih manin
e19218	zd:16101	kuamah kahtohding akiphallo hiven
e19219	zd:22784	tawlpipi in ka kahtoto uh hi
e19220	zd:8668	Minam lianpi ihsuah dong kahtoto ding in
e19221	zd:15091	Rohingya te kahuh, ka panpihding uhhi
e19222	zd:22827	sang hong kahuh hi
e19223	pk:28	Sakol in, leng a kai hi
e19224	pk:29	in leng a kai hi
e19225	pk:156	kai aw pi
e19226	zd:23797	a khau ka kai to zel hi
e19227	zd:12756	khaukhih in mawtaw 7 kai ngeikhin
e19228	zd:16878	kawmlak a teng kai khia hi
e19229	38.6.2	A leeng masa pen sakol san in kai a
e19230	23.50.6	ka khamul hong kai mite tungah
e19231	24.38.13	khau tawh Jeremiah a kai khiato uh hi
e19232	43.12.32	mi khempeuh keima kiangah ka kai ding hi
e19233	13.29.18	amaute’ lungsim nangma lamah kai in
e19234	22.1.4	Hong kai in la, paikhawm ni
e19235	59.1.14	Ama lunggulhna in kai a
e19236	44.16.19	thukhente omna sumbuk tualah a kai uh hi
e19237	44.8.3	numei le pasalte kai-in thong sungah a khia hi
e19238	zd:17760	pawl 2 in thukimna suai kaih beh hi
e19239	zd:11025	Trump in suai a kaih manin
e19240	zd:15368	anuai ah aomte ka kaihkhiatsawm uhleh kikaikhia theilo hi
e19241	zd:14961	kaihkhiatsawm himahleh kaikhiatheilo in
e19242	zd:10729	University of California te'n Data kaihkhopna nei uh a
e19243	zd:15945	thuthak tuamtuam te kaihkhopna
e19244	zd:18123	Social Media tungtawn in galkap kaihkhopna pen
e19245	zd:21417	Tua sungah kaihlan teh 3 bang hel ding hi
e19246	zd:24276	gamsuaklu, kaihlan, mai, carrot
e19247	ts:12274	Trump in suai kaihna nei taktak hi
e19248	zd:11231	a suai kaihna a tangtung takpi ding hiam
e19249	zd:11400	Ki ukna leh siah kaihna adeih lo hi bek hi
e19250	pk:35	Nahtang kaikhat ka sat hi
e19251	pk:35	Khuai kaikhat
e19252	zd:9219	gospel la tampi phuakin kaikhawma a khenkhiapa ahi hi
e19253	zd:9247	Excell in 1897 kumin kaikhawma a khet
e19254	zd:11997	Company in Recall bawl in kaikhawmkik uhhi
e19255	zd:19550	tua Product Batch khempeuh aki kaikhawmkik
e19256	zd:20466	abawlkhiat zatui te kaikhawmkik in Recall abawlsan laitak uh ahihi
e19257	zd:14969	a awkcip mi 46 ki kaikhiathei in
e19258	zd:13112	Bil paninzong anai kaikhiathei hi
e19259	zd:24276	Ngasa, aisa, kaikuang leh toktol cihte ne hi
e19260	zd:11860	ngasa, kaikuang, zasan cih te a kipan
e19261	zd:25224	vangam kaina, Hellgam tunna thu omlo hi
e19262	zd:24089	thuthak hoihlote in lungsim nawng kaisak thei hi
e19263	zd:10725	hong gensiat, hong nawng kaisak, hong buaisak om den ding hi
e19264	zd:17930	Tuakhit ciangin abombi Zip kaisuk in
e19265	zd:12594	tuisung ganhing khatin numeino khat tuisung ah kaisuk
e19266	zd:18125	abombi tomte themcikbek kaisuk uhhi
e19267	zd:23304	Kajang thong ah kimuh pih thei
e19268	zd:21550	Kajang thong ah kiveh thei
e19269	zd:22593	Kajang zato ah
e19270	zd:8667	Namdang te tawh ki et kak ciang in
e19271	zd:23453	I ngaihsut kak ding kisam hi
e19272	zd:22371	akiteh kak theilo ding thu hi
e19273	pk:28	Kei, sangah kakah hi
e19274	pk:54	Kei in nisim sang kakah hi
e19275	zd:16343	Tonzang khua ah, sang kakah hi
e19276	zd:17478	a buaina omlo in sang kakah thei zel a
e19277	zd:25572	Kei zong hoihtak kakem cinten hi
e19278	zd:19987	Aquarium bawlsak in, kakem hi
e19279	zd:17372	ka tate 2 hoihtak in kakem
e19280	zd:22416	limtak in kakemding hi ci'n genbeh hi
e19281	zd:15647	asawtthei penpending in kakemding uhhi
e19282	zd:14883	ama kiangbek ah kakhak hi
e19283	zd:25768	sum hanciam in kakhak hamtang uhhi
e19284	zd:16302	Zu kakham ciangin bangmah phawklo kahih manin
e19285	zd:24370	kasuah kakhan vote kakhiat cilna hi
e19286	zd:25572	kasuah kakhan sung lovegift ngah ngeilo
e19287	zd:15199	innteeng Maid nasep panin kakhawl cihi
e19288	zd:19801	tungah akidot ciangin, kakhawl tamah hi
e19289	zd:21662	kakhe te vot in ka gil te na in
e19290	zd:22828	khuasung lamzik sungah kakhe tawh kapai laitak in
e19291	zd:23767	Laipian biakna pan aa kakhia pawl ahi hi
e19292	zd:12550	UNHCR te tung pan a kakhia kipawlna hilo hi
e19293	zd:16883	kamawhna kakithei a, kakhial mahmah hi
e19294	zd:15937	kakhial mahhi, kamawh mahhi ci ahih manin
e19295	zd:22990	pan ka it ding leh kakhual
e19296	zd:14760	Tua hun lian in kakhut sungah Kawlsum Ks.5000
e19297	zd:15577	kakhut hongpetsak ahih manin
e19298	zd:17936	Video Call tawh kaki ho uhhi
e19299	zd:16337	Kei leh kei kaki phawksak kikzel na hi
e19300	zd:19984	patauhna te tawh kaki dim hi
e19301	zd:19021	aphacia pen kadeih a, kakipak mahmah hi
e19302	zd:13110	ko innah honghawh uhpen kakipak a
e19303	zd:19465	khial kakisa mahmah hi
e19304	zd:11362	asi tading kakisa ci'n laulua mahmah hi
e19305	zd:20363	kakiteen dinguhzong kanu kapa te'n hongphal hi a
e19306	zd:17673	Ni leh Pasian thu ateh kakna ahihi
e19307	zd:17990	tawh et kakna
e19308	zd:23797	Ka lupna uh pen Inn nunglam ah kakoih uh hi
e19309	zd:11783	ka phone pen kaphei tungah kakoih hi a
e19310	zd:25279	kakuaisi kisut theiding teng Mimal in kisut kim
e19311	zd:20263	hanciamtak in akikal panin kakuppih zelzel uhhi
e19312	zd:25319	ka paper gelhding topic kakuppih khitciang
e19313	zd:25177	Nupa kal buaina pen nupate mah in siangsak
e19314	zd:23655	numei leh pasal kal a thangtatna
e19315	zd:22862	Anu' ihmut kal in taikhia
e19316	zd:21796	gualzawhna lampi ah kal masa pen a hihi
e19317	zd:26945	lampi maan totsak nading kal masa ahi hi
e19318	zd:21176	October kal tawpna aih kei leh November kal masa hiding hi
e19319	zd:20041	tua lampi in Kaladan gun tawnding ahi hi
e19320	zd:17826	2021 kum in Kaladan gunlei kizo ding hi
e19321	zd:16900	Hih nupa kalah leptuah ngai a om ding hiam
e19322	zd:22639	Tua kawm kalah tu hun ciangin
e19323	zd:19727	Adidas Brand panin Bata Brand ah kalaih tadinghi
e19324	zd:21090	Zomi hihna kalaih thei ngeikei ding hi
e19325	zd:25319	luineu khatpan kalak hi-a
e19326	zd:12765	Cinpu Zomi Library pan kalak hi
e19327	zd:24277	Mangpau, Senpau, kalapau
e19328	zd:22967	kalate mi 3 te tungah hong ap uhhi
e19329	zd:16343	kalate, Tonzang khua a kaphuah vive ahi hi
e19330	zd:13106	Tu'n kalau mahmah uh
e19331	zd:22603	Nang kong mangngilh ding kalau bangin
e19332	zd:19376	Hih Kalaw Khuapi pen khuahun hoih mahmah in
e19333	zd:16241	Tuaciang in kalawm te kasam a
e19334	zd:24574	Bassist kalawm Zekhe bel hong pai theilo hi
e19335	zd:13314	Ka innkuanpih leh kalawm kagual te'n
e19336	zd:15163	Tu'n kalawmpa bangtuak, koi ah om
e19337	zd:15163	kalawmpa in Iraq gamsung ah
e19338	zd:14792	kalawmte tawh kahto in
e19339	zd:17450	ka naseppih kalawmte mi 10 in honghuh uhhi
e19340	zd:16148	ka innkuan un kalawp mahmah uh thu khat ahi hi
e19341	zd:24594	kimu khading kahih man in kalawp sim giugiau
e19342	zd:25630	Kalay leh Tedim pan mi tampi kuanto hi
e19343	zd:11170	Kalay leh Tedim kikal lampi
e19344	zd:16678	Kalay University pen Khangthak Zomi siamsin tampite siamsinna phualpi ahi hi
e19345	zd:12862	Kalaymyo ah omding hi
e19346	zd:20760	Dec 15 ni-in Kalaymyo zuankik ding hi
e19347	zd:22802	Kale, KABAW leh Tamu kuam sung ah
e19348	zd:21254	tu kum kipat lamin kalei hi
e19349	zd:24594	laibu pen kalei kawm pah hi
e19350	ts:4569	Myanmar kumpi ciaptehna ah Kalemyo hi a
e19351	zd:24119	Munlai pan Kalemyo dong tai 4 bang
e19352	zd:23571	Machang Kalentan thong ah kimuh pih thei
e19353	ts:7775	Kalewa khuapi sungah Tuk guah tam luatna hangin
e19354	zd:21626	Mindaat, Kalemyo leh Kalewa Townshipte
e19355	zd:24862	lunggulhna thute zong tawmno khat kalhelh nuam hihang
e19356	zd:24646	2010 gambup kiteelpi, 2012 kalhelh kiteel
e19357	zd:21981	inndei sungkhat ah kongkhak ki kalhkhumkha hi
e19358	zd:16634	innsungah amahleh amah kongkhak ki kalhkhumkha hicimawk hi
e19359	zd:12138	Indonesia gamsung Central Kalimantan khuami hi a
e19360	zd:16702	South Sumatra, East Java, West Kalimantan cih kuamsungteng panin
e19361	zd:11461	Aman kalkal in Taxi hawlzel a
e19362	zd:15681	aman kalkal in a tate lai-et pih zel in
e19363	zd:14921	kalkhat in ni 5 kikah ding
e19364	zd:20806	kalkhat in laibu bu 2 peuhmah sim dingin ka khensat hi
e19365	zd:17428	Ka lawmtenih zong kalkhat khitteh hong tung uhi
e19366	zd:20971	kum 100 ciangin kalkhat suanto hi
e19367	zd:21948	Pasian ompihna lo in kalkhat beek suan nuamlo aa
e19368	zd:19803	Beijing Children's Hospital ah kalkhatsung akikepkhit ciangin
e19369	zd:11256	zato ah kalkhatsung kemcip in
e19370	zd:12723	abeisa kalkhatsung kikapna leh buaina hangin
e19371	zd:14785	kongkhak te kalkhia in lutveve uhhi
e19372	zd:15059	palik te'n kalkhia in lutthei veve uhhi
e19373	zd:20440	Police te'n inndawl 19 na innkong kalkhia in
e19374	zd:25020	kallak ah tawmvei sung a kizang pak ding
e19375	zd:12721	Singapore gamsung Kallang – Paya Lebar Expressway
e19376	zd:20547	abeisa July kalmasa sangin
e19377	ts:8130	tukha November Nipi kalmasa sungin
e19378	zd:21568	Sunglam kikhelna pen a masa pen kalmasa a hihi
e19379	zd:12557	tuisiang gina zong omlo ahih manin, kalnatna angah tam kici hi
e19380	zd:16045	Abeisa kalnih khawngin
e19381	zd:15816	asepzawh kalnih bekbek aphapan cihi
e19382	zd:11700	akimuh nunung uhpen kalnih bang hita ci uhhi
e19383	zd:20547	Adiakdiak in July kalnihna sungteng ah
e19384	zd:16799	kha thak kalnihna Sani
e19385	zd:13226	kalnihsung hoihtak in sitcianna neilaiding uhhi
e19386	zd:13197	tua Coffee Shop pen kalnihsung khakcipsakpah uh a
e19387	zd:15679	ka inn kalo uh vutlehvai suakkhinta hi
e19388	zd:17213	kalpi 3 akantan kul hi
e19389	zd:24457	Politics lam ah kalpi khat akisuan
e19390	pk:76	nisim, naisim, kalsim, khasim, kumsim
e19391	zd:10892	Zolai tawh kalsim in Newsletter neiden uhhi
e19392	zd:12822	ZAM palai te kalsim thungetna
e19393	zd:12647	Public Housing te ah kalsim in Operasi kilutding a
e19394	zd:17181	Na kalsuan dan ong ol zaw ding hi
e19395	zd:21568	Na deihna lam manawh in kalsuan in
e19396	zd:20860	Lametna tawh kalsuan ding hi hang
e19397	41.5.42	numeino tho pah a, kalsuan hi
e19398	23.50.11	khuavak sungah pai-in, kalsuan un
e19399	44.3.9	Tua bangin kalsuan a, Pasian’ min phatin
e19400	44.3.7	tho in la, kalsuan in
e19401	19.18.36	Ka kalsuan nading mun tanzau nong pia a
e19402	19.74.3	A sia densa munah hong kalsuan in
e19403	24.10.23	ama’ kalsuan nading ama’ geel theih hi lo
e19404	zd:25580	kawlte kalsuandan en kawma kalsuan mah kisam ding hi
e19405	zd:9435	sepdan leh kalsuandan kician lo a pai zong om hi
e19406	zd:25200	ki itna mah bulphuh a kalsuanding hong vaikhak lai hi
e19407	zd:11988	ei thukhenna bangbang in ki kalsuanding a
e19408	zd:19688	tua thahatna tawh kalsuanin lawhcin gualzawhna i ngah hi
e19409	zd:10854	hih gam kimakaihna tawh na kalsuanin na lawhcing mahmah uh hi
e19410	zd:24035	Ki it a khut kilen khawm a kalsuankhop hun ahihi
e19411	zd:24733	pilvang tak-in, kalsuankhop ding a hihi
e19412	zd:21273	Ama'n hong kalsuanpih dinga
e19413	zd:24804	ama tha tawh hong kalsuanpih ding hi
e19414	zd:21869	A lampi tungah a kalsuanta na hihi
e19415	zd:19997	Act East Policy cih tawh hong kalsuanta uhhi
e19416	zd:15800	lamet na ngimna thak tawh kalsuanto ni
e19417	zd:16442	bangdan a kalsuanto nahia
e19418	zd:12112	namai lam kalsuanzia ding hong lak ahihi
e19419	zd:22938	UNHCR zum kalsuanzia tawh kisai thute
e19420	zd:11891	amau' pawlpi upzia leh kalsuanziate theilo uh hi
e19421	zd:25866	a tupna leh a kalsuanziate uh kibang nawlnawl kici hi
e19422	zd:23629	tuni dong a kalsuanzo I hihi
e19423	zd:16916	Malaysia gamsungah abeisa kalsung in Terrorist migilo 20 kimankhia
e19424	zd:14664	abeisa kalsung akipan ak tampitak sisi cimawk hi
e19425	zd:16858	abeisa kalsungin anawkna hangin
e19426	zd:12099	abeisa kalsungin buannawng mencip
e19427	zd:18175	cycle la-in vaknuam kaltang se hi hang
e19428	zd:21100	Topa muanna tawh kalthak suanin mainawt ni
e19429	zd:23223	mailam ah kalthak suanto zel ding hi hang
e19430	zd:11764	kalu kahei kawikawi leh
e19431	zd:25173	Ong damloh kazak phet in kalung nuam hetlo hi
e19432	zd:20565	kalung himawh leuleu
e19433	zd:12217	nisim in kalung himawhden hi
e19434	zd:25572	Tua te kamuh ciang in kalungdam mahmah hi
e19435	zd:19894	Pasian tungah kalungdam hi
e19436	zd:24029	khuasa thei uh ahih manin kalungkim hi
e19437	zd:12801	khut letna ka nei thei a kalungkim mahmah hi
e19438	zd:12093	kalungsim ah hongsuak hi
e19439	zd:16038	kalungsim sungah hong suak hi
e19440	zd:25616	Ni 10 sung kalup khit ciang in
e19441	zd:13009	Zingsang kalup laitak hi a
e19442	zd:23737	Ni-3 sung zato ah kalup khitciang inn ciahthei in
e19443	zd:24327	ong cih leh kalut hetkei ding hi
e19444	zd:24594	Gilbem kalut kal in amah Malaysia na tungkik hi
e19445	zd:18900	Kalvari mualah khuamialna bek in tua mual tuam hi
e19446	zd:18900	Kalvari mual mu ngam loin Peter bu-cip hi
e19447	pk:89	kam honna koih madeuhin hosanna kikoih masa hi
e19448	pk:93	tua khit ciangin kam honna kikoih a
e19449	pk:94	kam honna leh kam khakna koihna tungtawnin
e19450	pk:97	kam honna leh kam khakna koih loin
e19451	pk:115	kam honna, kam khakna, comma
e19452	pk:93	tua khit ciangin kam khakna kikoih pan hi
e19453	pk:94	Kam honna leh kam khakna koihna tungtawnin
e19454	zd:14833	lamkal ah kitawng uh a, kam kinial uhhi
e19455	zd:19425	kam kinial ka zawh hangin a mi sum hi ing
e19456	zd:9432	hong kam vaikhak pen ka mangngilh kei a
e19457	zd:19098	ka pa le ko unauteng tung ong kam vaikhak ahi hi
e19458	zd:9266	Tedim kama labu hoihpen
e19459	zd:9232	Portugese kama kitei hih la
e19460	zd:13328	Hihbangdan kamai ah apiangkik hilehzong
e19461	zd:19783	haksatna tuamtuam ka tuak zong kamai nawt ding hi
e19462	zd:13072	kamai zumahmah, hih Photo leh Video te
e19463	zd:17883	Tua kamal nih gawm a deihna in
e19464	zd:23928	cih kamal a na zat ciangin
e19465	zd:19606	cih kamal ah lungnopna bangzah aom dia
e19466	zd:26097	kamang peuh ai hiam aw
e19467	zd:11540	mithat kahi kei uh, kamawh kei uh
e19468	zd:15937	kakhial mahhi, kamawh mahhi
e19469	zd:11941	thukhenzum ah kamawhmah uhhi ci'n genkhiata uhhi
e19470	zd:16162	avekin kamawhmah hi ci'n pulakkhia hi
e19471	zd:15724	Bangmah kasepkhialh, kamawhna omlo hi
e19472	zd:16883	kamawhna kakithei a, kakhial mahmah hi
e19473	zd:14790	Yangon pilsinna zum khen, Kamayut, Yangon ah
e19474	zd:20964	kambek tawh hilhlo in gamtatna leh sepkhiatna tawh
e19475	zd:17022	kambek tawh koh zawhlohding lungdamna lianpi
e19476	pk:24	kamciam apelh kei hi
e19477	zd:24011	kamciam pelh ngei kei in
e19478	zd:25923	Ih kamciam bangin tangtungsak ngiat ding
e19479	zd:22484	kamciam khum mahmah pia in
e19480	4.30.7	amah a kikhih tawmna a kamciam kip ding hi
e19481	4.30.13	a kikhihna kamciam khatpeuh ahi zongin
e19482	4.30.14	a kamciam khempeuh hita leh a kipsak ahi hi
e19483	23.55.3	David tungah ka kamciam mah bangin
e19484	41.6.23	Amah in kamciam pia a
e19485	60.4.19	a kamciam a tangtungsak tawntung hong Piangsak pa
e19486	zd:24597	mipi tungah kamciam pia uh ci hi
e19487	zd:24786	ama' kiang ah a hawh dingin kamciam pia hi
e19488	zd:22742	na sepzawhloh ding kamciam pia kha kei in
e19489	zd:21461	Tua kamciamte tawh kituak a
e19490	zd:9244	Laisiangtho sunga hih bang kamciamte
e19491	zd:22350	Kamhau ukna sung khua 143 pha hi
e19492	zd:19408	Kamhau lamzikpi leh Tedim lampi tengah hong ki pai zopan hi
e19493	pk:84	gen thu teng pen, kamhonna, kamkhakna
e19494	zd:15499	kami kanam ka it man bekmah tawh
e19495	zd:25603	ka gam, kami, ka suahtak nang un
e19496	zd:21664	UN ten kami hongci tuanlo hi
e19497	zd:15298	kamit tawh kamuh ahih hangin umkei phei ing
e19498	zd:23737	limlangh ah ka ki et leh kamit te nathuk in
e19499	zd:17986	Tuabang kamkal ah khatvei innteekte theihlohkal in
e19500	zd:14776	apailaitak kamkal ah asuak hi
e19501	zd:12942	kamkasa in om amuh ciangin khasia mahmah hi
e19502	zd:23112	kamkasa liangin hon gen uh a
e19503	pk:84	hih kamhonna, kamkhakna
e19504	zd:14568	Security tetawh kamkinial in, anunung ah kilai uh a
e19505	zd:17514	nupa pen nakpitak in kamkinial in
e19506	zd:15170	numei khatleh pasalkhat kamkinialna
e19507	ts:1264	Tua nitak ciangin Pyue Saw Htee te tawh kamkinialna nei
e19508	zd:19139	mikim tawh kamkum khawm thei hi
e19509	zd:25462	Kimu khawm, kamkum khawm, holim khawm thei leng
e19510	zd:23295	Na nu tawh kamkum in
e19511	zd:22715	kamkup pih ding na neihloh hun ciang
e19512	zd:24217	cih thulu tawh kamkup ding vai
e19513	zd:11809	kamkup mel, kiho mel om nawnlo-in
e19514	zd:24217	kamkupna pen khen li kisuah hi
e19515	zd:26620	party te tawh kamkupna ni 2 sung nei uh hi
e19516	zd:15011	Tua kamkupna khawmpi hun pen
e19517	zd:24531	Zomi te adingin kamlet om nailo phot hi
e19518	zd:13165	Zomi kamlet hong zonsakun
e19519	pk:4	khiatna nei kammal hong piang theipan hi
e19520	pk:3	kammal hoih mahmah hong piangpah hi
e19521	pk:5	kammal bawlna ahi hi
e19522	pk:28	kammal honkhat hong kigawmkhop ciangin
e19523	pk:40	cih kammal thum i behlap hi
e19524	pk:71	kammal ki behlap hi
e19525	pk:83	a cih kammal peuhmah kinusia dinga
e19526	pk:98	kammal khat ciat laimalpi tawh kipan thei hi
e19527	pk:103	tua kammal tegel kimat ding hi
e19528	pk:103	kammal dang khat tawh a kibehlap ciangin
e19529	pk:116	kammal khat in aw tampi nei a
e19530	pk:121	ih kammal, laimal kibang khat in zong
e19531	pk:182	Hih laibu sunga kizang kammal pawlkhatte
e19532	zd:24068	Hih na kammal zat thupisa ing
e19533	zd:22802	kammal zat zong akibang lo tampi om hi
e19534	zd:23075	a kammal hi ih buaipih
e19535	19.19.3	Pauna leh kammal om lo a
e19536	19.52.4	a siasak thei kammal khempeuh na deih hi
e19537	24.2.4	Topa’ kammal ngai dih un
e19538	13.21.19	Gad’ kammal bangin David paito hi
e19539	1.11.1	kampau khat leh kammal tawm nei hi
e19540	23.29.4	leivui sung panin nangma kammal hong ging ding hi
e19541	zd:13340	kammal hoihlo khat in gal piangsak thei in
e19542	zd:22116	Ahizongin kammal hoihlo zangselo in
e19543	pk:118	kammal saal ahi Chin Dictionary ih bawl zawh ding
e19544	zd:24068	Hih na kammal zat thupisa ing
e19545	zd:22802	kammal zat zong akibang lo tampi om hi
e19546	zd:25749	Hih pen thupha ngah mite' kammal zat ahi hi
e19547	zd:20751	kammalno khat in kilamdang sak hithei veh aw
e19548	zd:20224	kammalno khat tawh leitung na kilamdang sak thei hi
e19549	zd:14992	Zuu kamnam te tawh kithuah loding
e19550	ts:3125	Tawmkhat zu kamnam pian lehang
e19551	zd:18175	na kamnam khit ciangin mawtaw ahi zong
e19552	zd:20622	mawtawhawl te kumkhiatuak in ki kamnial, kitawng uhhi
e19553	zd:12272	ki kamtam, ki kamnial uh a kitawng uhhi
e19554	zd:18067	kitawnggawp in, ki kamnial dikdek uhhi
e19555	zd:17491	ki kamnialna omkha ci uhhi
e19556	zd:12869	Zoo Managers te ki kamnialna om ahih manin
e19557	zd:17976	Na kampan in lamet na pia tawn tung in
e19558	zd:20874	Kam ginalo pen amau kampan ging khollo hi
e19559	zd:12607	i kampan in genkhia peuhmah lo ding
e19560	zd:21793	Perak, Kampar District sungah thupiang hi a
e19561	zd:21350	Ganhing te kampau theilo hi
e19562	zd:22815	kampau awsuah, i kibang kei hi
e19563	zd:23191	kampau hoihlo azat ciang
e19564	1.11.1	leitung buppi in kampau khat leh kammal
e19565	1.11.7	eite paisukin amau’ kampau va kitukalhsak ni
e19566	1.10.31	a innkuan, a kampau, a leitang, a minamin
e19567	20.18.4	Mihingte’ kampau in pilna kipatna suak thei a
e19568	20.5.3	Numei paktatte’ kampau, khuaizu bangin khum mahmahin
e19569	22.4.3	na kampau, ngaihngaih nop huai hi
e19570	20.1.6	mipilte’ kampau leh a thugente
e19571	12.18.20	Note in kampau lel pen galsim nadingin thu lamlahna
e19572	19.10.7	Ama kampau in hamsia leh khemna leh netniamna tawh
e19573	pk:83	Pau khat peuhpeuh ah, laipau leh kampau ci-in
e19574	zd:19139	Laigelh siapite bek kampau mukpau a siam uh hi lo hi
e19575	zd:23045	A pasal lungkim na ding in kampau mukpau siam a
e19576	ts:11162	Zomi Siamsin Tedim kampaute sungah
e19577	zd:22171	A kampauzia a thu genzia hoihtak ngaiin la
e19578	pk:163	Nu leh pa thumangte in thupha ngah, kampha
e19579	zd:20071	Na kampha ngiat ding hi
e19580	zd:10700	om lo ka hih manin kampha mahmah uh hi
e19581	zd:16584	amukha te kampha hi
e19582	zd:25916	Robert in kamphat na dankhat in la in
e19583	zd:9449	Zomite kamphat mahmahna khat-in
e19584	zd:20663	kamphatna tawh suaktathei uhhi
e19585	zd:12858	kamphatna tawh anne Customers te kuamah aliam omlo cihi
e19586	zd:23773	kamphatna in tua galkappa mupah hi
e19587	zd:20663	Atate 2 ahihleh kamphatna tawh suaktathei uhhi
e19588	zd:13262	kamphatna tawh bangmah lupnatung zuannailo uhhi
e19589	zd:25105	Zomi ci-in kampheen kullo
e19590	zd:21079	court paina-ah kampheen kaseem-a
e19591	zd:21179	kamphen kul lo teng pen Tedim cih min in
e19592	zd:18234	navai teng UN kamphente tawh hoihtak kikum khol un
e19593	zd:22459	zuu nam heha sa leh kamsan biabua sa khawng in pai kei
e19594	zd:19767	David pen kamsang hi a
e19595	zd:15894	Nidang hunin kamsang leh kumpi kopin na a sem khawm uh hi
e19596	zd:14927	kamsang Joel in a genkholhsa thute
e19597	zd:23740	kamsanna pawlkhat hong neihsakin thupha hong pia uh hi
e19598	zd:25484	Moses in a sih kuanin kamsanna tawh
e19599	zd:23281	kamsiatna tawh pawlkhat na kangtumkhinta hi
e19600	zd:16832	kamsiatna tawh mawtaw khat in na nawk kha in
e19601	zd:21616	Na kamsungah lungno 40000 bang om den hi
e19602	zd:20755	Zatui pen kamsungah petzan masa lecin hoih pen hi
e19603	zd:16020	Ki kamtam semsem uh a
e19604	zd:14908	mipi mai ah kitawng uh a, ki kamtam
e19605	zd:22474	mite tawh kamtampi pau in
e19606	zd:21434	kamtampi pau ma nangawn in
e19607	zd:20568	Na kamtawh pulak in na lungsim sungah ngaihsun in
e19608	zd:20725	Mittawh mu in kamtawh a pulak ciangin
e19609	zd:19975	A kamtawm mi khat hong pau'leh
e19610	zd:22034	kamtawm man-a kihai muh ding utlo
e19611	zd:11872	Mihoih khat hiding in kamu hi
e19612	zd:12626	Meikhu zong tampi kamu
e19613	zd:12352	net sung khawngah kamu ngei pan hi
e19614	zd:16204	kamuan ding kasuan ding kuamah om kei
e19615	zd:25572	Tua te kamuh ciang in kalungdam mahmah hi
e19616	zd:22658	Khuavak lianpi kamuh teh khua ka phawk nawn kei hi
e19617	zd:14935	Video sungah hihbangdan kamuhkhak zelzel hangin
e19618	zd:20673	tua hunlai a katheihkhak kamuhkhak leh kazakkhak pawlkhat
e19619	zd:16294	Anunung kamuhpen zannitak annek laitak hi a
e19620	zd:20721	Ka tapa pen hihbangin kamuhpen khasia mahmah ing
e19621	zd:17661	amaitang pen kamukha keihi
e19622	zd:17147	hih thupiang pen kamit tawh kamukha a
e19623	pk:63	kamvui nih ahi a, kammal nih ahi zongin
e19624	zd:24331	Kawlte kamzat khat ah
e19625	zd:24303	tualsung kamzat tampi kihel ci hi
e19626	ts:3372	nidang Ciimnuai pan a ih kamzat teng mah
e19627	pk:63	Hih thuzopna ahk. kamzopna
e19628	pk:164	Thupha in kongbiang kan lo
e19629	zd:21090	kanam phattuamna ding ka hanciam ding hilel hi
e19630	zd:15499	kami kanam ka it man bekmah tawh
e19631	zd:23258	Khampat le Kanan kikal
e19632	zd:16442	kanau Gen inbel tha hongpia mahmah uh
e19633	zd:25768	inn kanau tawh kipawl in kalamsak uha
e19634	zd:15485	kanawi apia kahihi
e19635	zd:16259	nisim in keilehkei kanawi kaki Check zelzel
e19636	ts:12366	Kanbalu district kici pen Shwebo-Myitkyina lam zinpi tungah om hi-in
e19637	zd:15913	Myeik khuasung aom Kanbawza Bank ah
e19638	zd:17385	Myitkyina khuasung aom Kanbawza Bank ah damiah lut
e19639	zd:20169	ZAM zum ah ki kanbeh thei hi
e19640	zd:24022	nanglehnang in kanbeh zawh ding kisin in
e19641	zd:20492	Athu akicianzaw in Police te'n kanbehding cih kiza hi
e19642	zd:13352	athu kanbehding uh cihi
e19643	zd:20432	kanbehna, sihbehna a omkei leh kitel zolo
e19644	zd:15019	Police te'n athu ala hoihtak kancian laiding uh cih kiza hi
e19645	zd:19307	hoihtak kancian masakding
e19646	zd:21618	Police te'n athu hoihtak kancianding uh cih kiza hi
e19647	zd:19480	apianna ahangpen hoihtak ki kancianding cihi
e19648	zd:12619	Police te'n athu kancianlai uh cih kiza hi
e19649	zd:15370	cihpen hoihtak kancianlai uh cihi
e19650	zd:13220	Fire Department panin athu ala kancianlaiding uh a
e19651	zd:14950	kumpi thunei te'n athu hoihtak kancianlaiding uh cih kiza hi
e19652	zd:11389	thunei te'n kancianna nei uhhi
e19653	zd:16131	Forensic Officers te'n hoihtak kancianna nei uh cihi
e19654	zd:11229	kancianna kineiding cihzong Agency in genkhia hi
e19655	zd:19054	Vanleng kiatna ahangpen athu hoihtak aki kanciansan laitak ahihi
e19656	zd:15686	bangpan kipanhiam cih hoihtak kanciantheih nadingin
e19657	zd:10877	Afghanistan gamsung aom Kandahar ah Bomb puak
e19658	zd:10877	Kandahar khuapi a bomb puak pen
e19659	zd:23729	Kawlgam sunga om Kandawgyi huan
e19660	zd:15842	Yangon aom Kandawgyi Palace Hotel meikanggawp
e19661	zd:13084	galkidona aphual ah thuthang kanding in apai hi a
e19662	zd:20050	thuthang kanding in adelh uhciangin
e19663	zd:13046	Athu akician in ki kanding cihciang kizaphot a
e19664	pk:8	Gah leh teh kane hi
e19665	zd:15199	Diazepam zatui tangthum kane cihi
e19666	zd:19932	hih ansai ah kane ngei nawnkeiding hi
e19667	zd:20016	biakinn ah om in biakpiakna kanei hi
e19668	zd:12487	sun thum sung Pasian' thu hilhna kanei uh hi
e19669	zd:20587	genzawhloh lungdamna kanei gige hi
e19670	zd:20503	sum kaneih theihna dingin ka han ciam hi
e19671	zd:12630	Pasal kaneih masak hunlai in
e19672	zd:24411	Zi kaneih ding teh
e19673	zd:15385	tuciangciang bangmah zakkikna kaneikei hi
e19674	zd:15598	dangka lumai pekkhatzong kaneikei hi
e19675	zd:11508	Tuate kanek ciangin lim kasa mahmah hi
e19676	zd:25616	Hotel ah breakfast deihtak kanek kawmkawm un
e19677	zd:23661	kaneu lai, Sunday zingsang khat
e19678	zd:10660	kaneu a kipan in kaal khat in laibu
e19679	zd:13343	kaneutung akipan laisim ka ukmahmah
e19680	zd:14787	kaneutung akipan vanlenghawl
e19681	pk:65	sakol pen, kang hi
e19682	pk:161	a vom ding leh a kang ding kithei lo
e19683	zd:21605	Avom ahih keileh a kang
e19684	zd:17527	Gawmual nuai tengah vuk kang phiupheu teng
e19685	zd:20747	a tehtungah powder bangin a kang a malmal in omthei hi
e19686	38.6.3	sakol kang in kai a
e19687	3.13.38	a kang mun a neih leh
e19688	3.13.10	a vun sungah a bawk kang omin
e19689	18.6.6	aktui da kang in limna nei ahi hiam
e19690	29.1.7	a hiangte kang sengsang hi
e19691	pk:119	sathau tawh kang inla
e19692	zd:21557	Sathau tawh a ki kang leh ankhauh namte ki dek ding hi
e19693	zd:13148	mawtaw dang khat kangah uh hi
e19694	zd:17971	Sum kangah nak leh phazo
e19695	zd:19779	akhatna kangah hi
e19696	zd:24947	Tu nitak misokpa' thugen kangaih teh
e19697	zd:19676	khenthum in kikhen thei laiding in kangaihsun hi
e19698	zd:19302	thungetna tawh panpih dingin kangaihsun den hi
e19699	zd:24420	Thu tampi kangaihsut kikik ciangin
e19700	zd:19302	ahoih lam manawh ta danin kangaihsut laitakin
e19701	zd:15004	Australia gamsung ah Kangaroo athatlum Chinese khat kiman
e19702	zd:15425	bangciciang liamhiam, kangdeu hiam cihpen kitheicianlo cihi
e19703	zd:13355	meikuang asa tawh kangdeu pian hi
e19704	zd:15521	mehtuisa tawh avun kangdeugawp hi
e19705	zd:17986	avunteng kangdeugawp in mulkimhuai mahmah hi
e19706	zd:20341	Tu ni pen nalianpi kangen ding hi
e19707	zd:15107	Tuakhit ciang in, thu kangen uh a
e19708	zd:24411	nakpi tak in thu kanget leh Pasian in
e19709	zd:12487	Deihtak thu kanget uh ciang un
e19710	zd:21461	1998 kum a kanget khat 2015 kum teh ngah pan hi'ng
e19711	zd:22584	kangmei patau om leh bang cih kidal ding
e19712	zd:22658	Gal hun sung kangmei patau ah om leh
e19713	zd:12391	amah hua Inn Kangpi sungah va tukha vilval mawk hi ding
e19714	zd:16846	Apasal pen Kuala Kangsar sungah om kici hi
e19715	zd:12837	Lorry mawtawpi pen Kuala Kangsar panin Ipoh khualam zuanin apai cihi
e19716	zd:16774	Bus pen meikuang in kangtumcip ahih manin
e19717	zd:16146	atamzaw pen meikuang lakah kangtumcip cihi
e19718	zd:19383	inn 3 peuhmah kangtumding kici hi
e19719	zd:20717	hihmun pen kangtumding hi
e19720	zd:18129	ak khempeuh avekin kangtumgawp hi
e19721	zd:15795	217,500 acres sungbang mei kangtumgawp hi
e19722	zd:11148	inn pen 80% bang kangtumgawp, siacipgawp hi
e19723	zd:13213	inn 100 valbang mei kangtumkhin cihi
e19724	zd:15820	innlelo tampitak zong meikuang in kangtumkhin hi
e19725	zd:12257	ih omna gam ii thukhun cihte kanhuai, theihhuai mahmah hi
e19726	zd:15433	thukham te kanhuai, theihhuai hi
e19727	ts:2942	ci-in Kani khuamite'n gen uh hi
e19728	ts:3316	A diakin Kani khua sung Veng
e19729	zd:25572	kanih un ka lungdam mahmah uh hi
e19730	zd:18002	Siapa tawh kanih un
e19731	zd:19316	nang kanin mihai om nawn ding ahiam
e19732	zd:25505	Tulaitak hun kanin Zomite' zingvai hawm a kul hun
e19733	zd:12264	bangcileng hoihding cih kankawikawi hi
e19734	zd:10733	Police te'n kankawikawi uh cihi
e19735	zd:16688	athu akicianzaw in kankhiading uh cih kiza hi
e19736	zd:18014	hoihtak kankhiading uh cihi
e19737	zd:15830	anu apa kuahiam cih kankhiading cihi
e19738	zd:14917	Yangon Police te'nzong kankhiapah uhhi
e19739	zd:13046	Singapore Police te'nzong kankhiapah uhhi
e19740	zd:17792	hih vanleng kiatna ahang hoihtak kankhiatding in thupiakhin hi
e19741	zd:18893	Hacker te'n na Password pen kankhiatding hamsa satuam mahmah uhhi
e19742	zd:15116	gamsung ah Refugee bangzah taktak om cih kankhiatding kisawm cihi
e19743	zd:11801	tua numei kankhiathei uh ahih manin
e19744	zd:15245	avek siksek in kankhiathei nailo uh hikhading hi
e19745	zd:16834	Original Owner pen ki kankhiathei khin a
e19746	zd:13241	Tuate pen kankhiattheih nadingin Tactic athak kizang
e19747	zd:12891	hih buaina vai akician in kankhiattheih nadingin
e19748	zd:12201	athu amantaktak pen ki kankhiazo ngeimello hi
e19749	zd:16073	anu zong ki kankhiazo nawnlo in
e19750	zd:11801	CCTV panin kankik uh a
e19751	zd:15639	kankik baihzawtuam dinghi
e19752	zd:19801	tua 1MDB vai hoihtak in aki kankik theipanding ahihi
e19753	zd:22586	Leilum khua papi pawlkhat in na kankuat hi
e19754	zd:22334	i State level ah kankuat uh hi
e19755	zd:21117	azaan aa kankuatna button a meekte nih ahi hi
e19756	zd:20545	Naypitaw ah lungkim lo-in a kankuatna uh
e19757	zd:12402	Hong kanlai ning in, ka theih leh
e19758	ts:3366	ciaptehna mukha nailo, kanlai ding
e19759	zd:21815	tate in Zo ngeina kanlo, zanglo, thei mahmah lo
e19760	zd:16139	Kuailui kanna lei pen
e19761	zd:16235	kannop dotnop khat peuhpeuh nanei hiam
e19762	zd:16235	lunghimawh in kannop dotnop khat peuhpeuh nanei hiam
e19763	zd:15639	Police Report akibawl khitciang in palik te'n kanpah uh a
e19764	zd:11044	athu kanpah uhhi
e19765	ts:11032	Kanpalet khuapi leh Mindat khuapi zong
e19766	zd:11325	Tedim, Falam Hakha, Matu, Kanpalet leh Paletwa panin mi paitek uh hi
e19767	pk:123	Kanpelet gam, Mindat gam leh Paletwa gam
e19768	zd:11735	Ka meh ding pen aktui hong kansak in
e19769	zd:15419	Police Forensics Team te'n kansan laitak uh cih kiza hi
e19770	zd:20589	ahangpen akician takin kansan uhhi
e19771	zd:13230	Meikat kipatna ahangpen ki kansanlai cih kiza hi
e19772	zd:12007	athu kansanlai uh kici hi
e19773	zd:24691	South Dakota, Iowa and Kansas cih te zong kihel hi
e19774	zd:16308	USA, Kansas ah Kawlgammi khat
e19775	zd:17745	Tangthu kansiam te' genna ah
e19776	zd:21739	Thangthu kansiam te muhna te
e19777	zd:12904	numeikhat lamzikpi kantanding in adin laitak
e19778	zd:20037	lamzik kantanding pen ki ngakdimdem hi
e19779	zd:15043	gamgi kantanna alempen munkhat kici hi
e19780	zd:22046	Khangthak le kum zalom 21 kantanna
e19781	zd:15362	Khuasung lamzikpi kantanna Pedestrian Bridge tungah
e19782	zd:23016	anuai-a thute kantelna le sinna bulpi ahi hi
e19783	zd:12369	Golhguk ne in tatsia cihte kantelna leh thudotna neithei uh hi
e19784	zd:24022	pilna siamna khatpeuh sinthei kanthei hiteh
e19785	zd:22416	DSU ah UN vai ki kanthei nawnloding
e19786	zd:19556	kanu tungah ka lungdam lua mamah hi
e19787	zd:16020	kanu hangin kapa ka zahtak hi
e19788	zd:24542	kanu kapa ten keiloin koibangin lungnop ni neithei ding hiam
e19789	zd:24542	kanu kapa ten keiloin koibangin lungnop ni neithei ding hiam
e19790	zd:24594	kanu kapa leh ka ute nathei mahmah
e19791	zd:24462	ki ciamnuih in kanui zuaizuai uh hi
e19792	zd:15659	kanui zongin lungsim taktak tawh kanuizo nawnkei cihi
e19793	zd:14899	kanung uhah Myanmar Player te adang Bus khattawh hongpai uh ahihi
e19794	zd:20289	kanung uhah mi tampitak hongpailai dinghi
e19795	zd:23025	ka upna kanusia a ahizongin midangte na it in
e19796	zd:11675	kanza pen zatkhialhding zong lauhuai mahmahzel hi
e19797	zd:21815	I ngeinasate kanzek ve ni
e19798	zd:23090	Abul abal kanzek ngai hi
e19799	pk:14	Nasa in a kap hi
e19800	pk:14	A pu si a, a kap hi
e19801	pk:38	Mangno a kap hi
e19802	pk:157	Ihmut suak kua in kap diam
e19803	zd:24786	naupang khat a inn mai ah kap zakzak-a om
e19804	zd:24117	Naungek kap in hehpihhuai sa mahmah hi
e19805	zd:24310	Ka zi in kap kawm mahin
e19806	42.22.62	Amah pusuak a, nakpi-in a kap hi
e19807	24.8.21	Lung kham lua-in ka kap hi
e19808	26.27.30	Nangma hangin nakpi takin kap uh a
e19809	23.23.6	Tarshish khua-ah tai un la, kap un
e19810	4.14.1	mite tua zan sung kap uh hi
e19811	41.5.38	gamlum leh mi tampi kap a
e19812	44.8.2	ama hangin nakpi-in a kap uh hi
e19813	10.11.26	a pasal hangin kap hi
e19814	13.7.22	a pa Efraim ni tampi sung kap a
e19815	pk:169	kap khat
e19816	ts:4734	SAC pawlin bel vanleng tawh kap ziahziah uh hi
e19817	ts:5962	Saih Khaung panin Thaupi tawh hong kap ziahziah lai
e19818	pk:70	Hih lai-ah tu ni-in, kapa a om hi
e19819	zd:16020	Kanu hangin kapa ka zahtak hi
e19820	zd:16924	ka pian'na kapa honggen ahi hi
e19821	zd:17426	tuithawlkhat tawh biakinn kapai hi
e19822	zd:25937	2018 kum US kapai kik ciang in
e19823	zd:25616	2017 kum Magwe gamke sungah gospel kapai kawikawi hi
e19824	zd:10973	kapaina khempeuh ah Topa'n hong makaih a
e19825	zd:23014	kapaina peuhpeuh vuah a MP te uh leh Ulian ten ongmuak in
e19826	zd:12919	Zosiam kapanpih ding ci hi
e19827	zd:19302	ma kapanpih khak manin ka lungdam mahmah hi
e19828	zd:15686	Klang, Kapar vengsung aom biakna sanginn khatah
e19829	zd:12630	kapasal neihmasak hunlai in
e19830	zd:18077	kapasal in Acid liang hongbuakding in ka ngaihsunkha ngei hetkei hi
e19831	zd:25174	Mangpau in kapau thei ding hi
e19832	zd:10973	Pasian hehpihna tawh kapau a
e19833	zd:16869	ataisawm teitei aomleh thautawh kapding hi
e19834	zd:14783	akimuhleh thautawh kapding hi
e19835	pk:156	Ka nau a a kape
e19836	zd:14824	minute 5 sungbang awnggawp in ka kapgawp hi
e19837	zd:21793	agil nalua mahmah in, kapgawp a
e19838	zd:17818	atanu pen nakpitak in kapgawp
e19839	zd:15268	Mi 20 kiim kapha uh hi
e19840	zd:20673	1988 kum in kum 11 kapha pan hi
e19841	zd:20016	Kum 8 kaphak ciangin
e19842	zd:15861	kum 11 kaphak
e19843	zd:21421	Tedim na khangto ahih lam kaphawk hi
e19844	zd:20503	kam khat kaphawk den hi
e19845	zd:16343	Tonzang khua a kaphuah vive ahi hi
e19846	zd:16216	Zola kaphuah zong ommah
e19847	zd:21326	ZOMI KAHI HI cihla kaphuak leuleu hi
e19848	zd:23666	La kaphuak La kagelh a
e19849	zd:16772	kapu kapi leh ka sanggamte 2
e19850	zd:25165	lungdam in zahtaakna kapia hi
e19851	zd:15323	Pasian in khangsauna thupha kapia ding acih
e19852	zd:15370	akisam bangbangin Full Support kapiading uh cisam uhhi
e19853	zd:16442	Gift cih aa amin kapiak hi
e19854	zd:23071	kapiak loh ding bel thei ing
e19855	zd:25046	Sumpiak ding takteh kapiak ding hong phal peuhmahlo hi
e19856	zd:12217	Akigawm in sum RM2590 bang kapiakhin uh
e19857	zd:16490	Action alakding in thu kapiakhin hi ci'n genkhia hi
e19858	zd:17448	hih leitungah kapian khiat sese uh
e19859	zd:17325	kapian'na Tedim tawh
e19860	zd:21090	Zomi nu le pa sungpan kapiang a
e19861	zd:21090	Kei mihing kahihna leh kapianna ka dignity hi a
e19862	zd:12370	kapianna ka pa hi
e19863	zd:17439	handgun thautawh Officer kapin taikhia hi
e19864	zd:11799	thautawh palik te kapin Officer khat alu liamsak khin hi
e19865	ts:9743	KIA in nasiatak kapin buluak
e19866	zd:25109	thaupi tang tampi tawh Israel gam sung kapkap lai uh hi
e19867	zd:17478	lut nawn lo in kapkawm in ka ciah kik hi
e19868	zd:19943	A pa in kapkawm sa in a tanu a kawi leh
e19869	zd:12845	thau kapkawm in taigawp ahih manin
e19870	zd:15255	ci'n kapkawmkawm in genkhia hi
e19871	zd:20446	lukun ngilhngelh in kapkawmkawm in zahtakna piaciat uhhi
e19872	zd:17439	Tua Police Officer pen a awm kapkha in
e19873	zd:13131	Security Guard papen akhebek kapkha bilbel in
e19874	zd:19478	anihveina ciangin mopa ii a awm kapkha hi
e19875	zd:12854	tuate bangmah ki kapkhakna omlo cihi
e19876	zd:15447	Mortar Bombs akiatna, aki kapkhakna teng
e19877	zd:16450	mawtaw hawlpa pen kapkhalo in, mawtaw tawh taisuak hi
e19878	zd:19478	amasa in khatvei kapkhalo in
e19879	ts:6447	Vanleng kapkhia cih a takpi mah hi
e19880	zd:14742	Suangtang Khat Tawh Vasanih kapkhia
e19881	zd:24490	Tua thautang a kapkhia zo ding omlo
e19882	ts:8273	SAC gal vanleng khat mah KNDF te'n kapkhiat sak uh hi
e19883	zd:10886	Russia in S-400 kapkhiatna 152 bawl khia khin zo a
e19884	zd:17591	galvanleng kapkhiatna tawh aki kapkhia hi
e19885	ts:5564	Galvanleng khat KIA in kapkhiatsak hi
e19886	ts:10868	Missile a lompi in kapkhiatsak thei uh ahih manin
e19887	ts:4005	a kapkhit akipan tatsat loin kikapna leh kinantuahna om hi
e19888	zd:11495	Police tetawh naikhat sungbang aki kapkhit uhciang in mankhiazo uhhi
e19889	zd:14783	hihbangdan in thautawh kapkhuan kipialeh bang acidiam
e19890	zd:12437	Police te'nzong thautawh kapkik uh a
e19891	ts:3254	Thaupi tawh thukin kapkik uh
e19892	zd:12319	atanu pen kapkik leuleu a
e19893	zd:19868	Thau kapliam athuakpa pen zato ah kikem in
e19894	zd:17556	thaupua in sangnaupang mi 4 kapliam
e19895	zd:19991	Pasal khat ii akhe kapliamkha kici hi
e19896	zd:14859	aki kapliamna pen huaisialo cihi
e19897	zd:19597	Tua thautawh aki kapliamna hangtawh
e19898	zd:17709	Galte kaplo in, innsungah atanu athatlum hihtuak mawk hi
e19899	zd:12803	tuahang inzong thautawh mihing ngimin kaplo a
e19900	ts:11979	PDF kipawlkhawmte'n kaploh dingin thusuah bawl uh hi
e19901	zd:14859	kaploh phamawh a
e19902	zd:17032	akigawm in mi 9 kaplumkha a
e19903	zd:10813	Airport ah mi 5 kaplumpa kimanta
e19904	zd:17766	Tua aki kaplumpa pen gamdangmi
e19905	zd:13082	palik te'nzong lehkapkik uh a, kaplumpah uhhi
e19906	zd:15537	temtawi migilopa zong thautawh kaplumpah uhhi
e19907	zd:15537	Patrol Soldier te'n thautawh na kaplumthei uhhi
e19908	zd:20310	damdam in kagemgem a, tuaciangin ka kaplumthei hi
e19909	zd:15467	palik te'n sangnaupang khat kaplumziau uhhi
e19910	zd:12854	amahleh amahzong ki kaplumziau hi
e19911	zd:16313	Aki kaplup hunpen Friday nitaklam hiding in
e19912	zd:19973	kaplup athuakpa inzong thauneu khat apua hihtuak hi
e19913	zd:17614	Sheriff's Deputy te aki kaplupna pen athum veina bang hita hi
e19914	zd:19324	Aki kaplupna ageinai aom Idaman Puteri Condominium
e19915	zd:15214	Kawlgam aom ka innkuanpih te hongki kaplupsak
e19916	zd:17030	migilo te'n thau tawh palik te kapmasa uhhi
e19917	zd:13082	gutapa in thautawh palik te kapmasa hi
e19918	ts:1610	PDF te'n kappah uh hi
e19919	zd:16926	thautawh kaplohphamawh in tamveipi kappah uhhi
e19920	zd:19478	pasal khatin thautawh mopa ngimin kapphei hi
e19921	zd:16840	mipi te thautawh kapphei masa hi
e19922	zd:17611	KIA te'n kumpi galkap te phualpi kapsak
e19923	zd:10890	vanleng phual Rocket tawh kapsak
e19924	zd:11259	Zato ten Xray hong kapsak pah uh a
e19925	zd:20087	Tangkhat tawh vasa 3 kapsawm
e19926	zd:14933	tuipi geiteng Missile thaupi tawh kapsawm uhhi
e19927	zd:11003	tank kapsiatna dingin a zat ahi hi
e19928	zd:9124	tangpi tangta leh mipi vante kapsiatna kikham hi
e19929	zd:20513	Kapteel khua 1867 kumin kisat aa
e19930	zd:20406	Kapteel lam zong feasibility study bawl uh hi
e19931	zd:20406	Kapteelin Biuha lampi tu phingphingin banghangin tuh ding hiam
e19932	zd:20406	India kumpi-in akip sak khit ciangin Kapteelin angah hi pan hi
e19933	zd:14981	Guta damiah te khatin Ceiling thautawh kapto in
e19934	ts:1459	amau lam in bel hong kaptuah thei nawnlo uh hi
e19935	zd:16651	Jerusalem pen kapu kapa te un
e19936	zd:15344	hongnusia kapu minpen Ismail Mat hi a
e19937	pk:7	kapu'tupa ka hi hi
e19938	zd:10973	Malaysian Ringgit RM 1000 chauh kapua hi
e19939	zd:17120	dawnding kapua uhhi
e19940	zd:19397	Canaan ah kapuak hi
e19941	zd:22601	sepzia bawlzia dingte kapuak khin uhhi
e19942	zd:10777	kapuan silh dan, kanik teen dante
e19943	zd:15615	Amanlang theipen in kapuan kasuahkhia saisai hi
e19944	zd:19021	kapumpi aomzia, aphacia pen kadeih a
e19945	zd:13314	kapumpi kamuhzia kalaih theita cihi
e19946	zd:15727	amahguakbek hi a, kapvangvang kici hi
e19947	zd:18122	innsung ah kapvangvang cihi
e19948	ts:3110	Mawtaw 1 pen Mines tawh kapzan sak
e19949	zd:15385	a sanggamnu zong kapziahziah a
e19950	zd:15368	pawlkhat pen kapziahziah uhhi ci'n genkhia hi
e19951	zd:17969	pasal khat thautawh tamveipi kapziahziah uh cihi
e19952	ts:4892	busim in a va kapzial uh ci hi
e19953	ts:5480	PDF Thaukap siamte lut suk pahin kapzial uh hi
e19954	zd:13171	Karachi City panin Lahore City zuanin apai Oil Tanker
e19955	zd:15968	Capital khuapi ahi Karachi City ahihi
e19956	zd:19120	Karak – Kuala Lumpur lamzikpi tungah mawtawpi 2 kiphukha
e19957	zd:12701	Kuala Lumpur – Karak Highway tungah Motorcycle tuahsia hi
e19958	zd:12673	Karaoke tawh lasak pen Vietnam gamsung ah
e19959	zd:12048	Magway ah Karaoke saikhat meikang in mi 15 si
e19960	zd:25203	Karen thautawite beel masa uh hi
e19961	zd:18081	minthu te lakah Karen te kihel lo hi
e19962	zd:23317	Karen Minam sungpan Medical Doctor khat hi
e19963	pk:124	Karenmi a kipan gambup minamte
e19964	zd:22818	Shan leh Karenni Chief 30 zong matbeh hi
e19965	ts:6447	Karenni khangnoten kap uh
e19966	zd:13167	Karente bang zong US pan a mipihte huhna tawh
e19967	zd:17760	Tua 10 lak ah Karente lobuang
e19968	zd:11382	India, Karnataka State sungah
e19969	zd:17291	Tua mahmah thupi kasa hi
e19970	zd:24347	lamdang kasa mahmah mai hi
e19971	zd:23037	Hih pen man kasa mahmah hi
e19972	zd:22584	ihmi pi te lamlak khial tawh kibang kasaa hi
e19973	zd:19242	Lamdang kasak thukhat
e19974	zd:23022	Hih pen a dik a kilawm mahmah kasak khat hi
e19975	zd:15366	Hih gamsung ah lungmuanna om kasakei a
e19976	zd:24420	lampi zonna pen dik kasakei hi
e19977	zd:22577	Practical lo kasakna pawlkhat hong sung nuam ing
e19978	zd:22774	Kei muhna leh kisam kasakna
e19979	zd:23666	Music ngai a, La kasakna in, lungsim thakhauhna hong pia a
e19980	zd:15366	tuakhit ciangin Police te kasam hi
e19981	zd:19676	lungkim takin kasang dinghi
e19982	zd:23797	kasang kah aa kipan in Lawm le gual tampi ka nei hi
e19983	zd:23014	kasang pan a ongte pen character hoihlo omlo hi
e19984	zd:16442	Avan in Bass tumding in kasap uhhi
e19985	zd:16511	hunin kasap uh hi a
e19986	zd:25275	cih hoih kasapen hi
e19987	zd:25148	kisih baih tuak kasapen hi
e19988	zd:12074	kimuhkhawm kasawm uhhi
e19989	zd:11329	tegel gawmkhopding kasawm masakei uh a
e19990	zd:20892	Tuabang khitciangin na kasem hi
e19991	zd:25192	Neek le ihmut bek kasem hi
e19992	zd:16245	mikang khat le mivom khat tawh kasem khawm hi
e19993	zd:16245	Nikhat sung kasep dingte ka geel hi
e19994	zd:17332	Tuithang AG Pastor kasep laitak zong ahi hi
e19995	zd:20263	Tua nasep tepen kasepding mahuh ahihi
e19996	zd:12623	Adang kasepding theilo hi'ng
e19997	zd:21869	Ka theihna leh kasepna khempeuh
e19998	zd:19619	kasepna panin khawltading ci'n khentatna kanei khinta hi
e19999	zd:16257	Keiguak in kaseptheih pen themcikbek hi in
