id	source	text
e25000	pk:135	ei innah amau, veeng thusa in kipanthuk thei hi
e25001	zd:21254	tu kum kipat lamin kalei hi
e25002	zd:24029	1952 kum kipat lamin Gamlai pan Tedim khuapi ah lal uh hi
e25003	ts:6677	April kha kipat lamin sem uh hi
e25004	zd:22046	Mi khempeuh kipatau mahmah hi
e25005	zd:25847	hong buai to to ding hiam cih kipatau tek hi
e25006	zd:18181	Escalator kileukhia in kipatau mahmah
e25007	zd:15205	Tukha kipatcillam inzong Myanmar Government Website pawlkhat
e25008	zd:16421	abeisa October kha kipatcillam in akihongkhia hi
e25009	zd:25221	lainatna leh veina takpi tawh kipatkhiat ding
e25010	zd:17309	a haksa tengmah tawh kipatkhiat kul ci hi
e25011	zd:23860	Hih upnate a kipatkhiat cilna pen
e25012	zd:11281	a thak-a kipatkik khuan a ngah na ding uh
e25013	zd:12280	UNHCR ah apatpan kipatkik kulsak uhhi
e25014	zd:15431	Nung September kha kipatlam inzong
e25015	zd:12355	Tukum kipatlam inzong hihbangdan in tuahsiatna khat
e25016	zd:16346	Tukha kipatlam inzong Ayutthaya Province sungah
e25017	zd:17327	na khantoh kipatni hi
e25018	zd:22771	France leh Europe hotkhiat nading a kipatni zong a hihi
e25019	zd:12900	Meikat kipatpen tuzingsang 3:05am hunpawl ahihi
e25020	zd:14681	Gamsung meikat kipatpen Monday nipan hi a
e25021	zd:12508	lungkimlo in aphu lakikding kipatsawm cih Fox News pan kiza hi
e25022	zd:24324	I kipattah daan maan lo
e25023	zd:25056	Pasian thu tawh kipattah innsung pan ahih bangin
e25024	zd:23157	kipattah lo in, hoihtak in sinna neilo hi
e25025	zd:23386	khangno kipattahna kinei hi
e25026	zd:22291	kipattahna neih ding kisam hi
e25027	zd:23528	Khangthak Zomite khutsiamna tuamtuam kipattahna gelkhia ding
e25028	ts:496	hih makaite nasep kipattheihna dingin
e25029	ts:3179	Hih bangin Innpi lamna kipattheihna dingin
e25030	zd:25399	Munkhat ngimna khat ah kipawl khawm ni
e25031	zd:10743	Pawlkhat mah zong kipawl ding utlo hi
e25032	zd:26163	Room sung a om teng kipawl in
e25033	zd:11612	IS tetawh kipawlding, IS galkap tumding in
e25034	zd:15568	mi 3 bang kipawlding in ki ummawh hi
e25035	ts:4513	PDF kipawlkhawmte lam pan 2 si-in 6 liam uh ci hi
e25036	ts:6842	CNA makaih thautawi kipawlkhawmte in Chin State sungah
e25037	ts:4083	mipi galkap kipawlkhawmte in Kawlin khuapi a om
e25038	zd:20999	kipawlkhop aa sep ding ahi hi
e25039	zd:22046	Midang tawh kipawlkhop ding sephop ding mah thupi sak uh hi
e25040	zd:8668	Nuamtak kipawlkhop theih na ding
e25041	pk:125	Zomi kipawlkhopna 1928 kum February 20 ni-in
e25042	pk:136	inn sung vai haksa khempeuh kipawlkhopna tawh
e25043	zd:16640	kipawlkhopna leh nekkhop dawnkhop ding thupisak uh hi
e25044	zd:16844	pilna leh kipawlkhopna in muibun mahmahta ding a hihi
e25045	pk:125	Zomi kipawlkhopnapanmun lente in
e25046	zd:16786	midang tawh kipawllo in, amahguak
e25047	zd:25569	kipawllo cihciang, gal hipah samlo hi
e25048	ts:6525	UNO pan Mandate a ngah kipawlna khat zong ahi hi
e25049	ts:8477	Thau tawi kipawlna khat bek om ding
e25050	zd:22652	Khua kipawlna leh Pawlpi
e25051	zd:14746	Gamdang a om Zomi kipawlnate
e25052	zd:22650	Tui tawh kisai kipawlnate tawh khut kilenin mapang khop ding kisam hi
e25053	zd:22019	Khua kipawlnate panin RM 200
e25054	zd:25569	Ih kipawlpih leh ih vengte nasep leh ngimna
e25055	zd:22228	kipawlpih ahih keileh lainat vetlo
e25056	zd:25790	Japan tezong kipawlpih alliance nei diodeu uh hi
e25057	zd:22650	Tui tawh a kipeel thei lo leitung sungah
e25058	zd:17152	pawlkhat kipeel theilo himah leh
e25059	pk:101	thekna tawh kipeh ding hi
e25060	zd:19756	Hih tawh a kipeh guitar gui kivialhna siik
e25061	ts:9859	Hih thu tawh kipeh in
e25062	zd:16342	Chin State a minamke te' tenna zangkuam kipeh teng
e25063	ts:3375	Khampat khua pen zang leh kham kipehna
e25064	zd:20369	zingsanglamdong meiphelh in kipei ngeingai uhhi
e25065	zd:16022	Zomi numeite hong kipei dih un
e25066	zd:24677	Minam Party ciat tawh hong kipei ziahziah leuleu ta uh hi
e25067	zd:19157	Tyre apuakkhap khitciangin mawtaw kipeigawp in
e25068	zd:19351	hoihtak hawlthei nawnlo, Lost Constrol in kipeigawp cihi
e25069	zd:12687	nasem in ka kipeipei khit ciang
e25070	zd:11438	inn kipeipei lamkhiatding ngaihsutna
e25071	zd:16696	Leitung hunte kikhelkhel, kipeipei in
e25072	pk:16	Zalui tuizeu in meiset kipeisak hi
e25073	zd:15541	Ngasa te tui kipek kawm mah in si hi
e25074	ts:11162	tui luang zui a tui kipek hi lel
e25075	zd:13078	khau khattawh kikhai lengleng in kipekpek hi
e25076	zd:15541	tuilak ah a kipekpek uh ahi hi
e25077	zd:9446	gamtat hoih lo peuhmah tawh a kipel mi ahi hi
e25078	zd:23729	singkung tawh kipel-in a nungta thei omlo hi
e25079	pk:105	Leii leh ha zong kipet thei hi
e25080	pk:162	Leii leh ha zong kipet
e25081	zd:23761	lei leh ha zong kipet
e25082	zd:24176	Kam sunga leii leh ha kipet pet thei hi ci hi
e25083	ts:4569	Thangkhopau Kipgen pen Circle Officer masapen ahi hi
e25084	zd:23938	Kipgen beh hi aa, akhua lui pen Lai Lui Khua hi
e25085	zd:17197	Zosiam team mi 21 kipha hi
e25086	zd:12801	Apai khawm mi 500 val kipha hi
e25087	zd:8667	Tu in Zomi pen 3 millions bang kipha ta hi
e25088	zd:22085	sawltak dingin ka kiphal mahmah hi
e25089	zd:24072	Na neihlai-in kiphal lel in
e25090	zd:25457	a kiphal mahmah innkuan ahi uh hi
e25091	zd:12774	Khuasung ah zatep kiphallo hi
e25092	zd:11783	Phone te vanleng sungah zat kiphallo
e25093	zd:11642	Malaysia gammi te aciahkhiatding kiphallo
e25094	zd:12122	Topa a dinga a kiphalna etteh huai hi
e25095	zd:21701	galsimna ah kitaisan lo-in luang kipham minamte ihi hi
e25096	zd:25461	luang kipham dingte hi zaw hi hang
e25097	pk:133	Sihna nopna kiphate ih hi a
e25098	zd:8667	Nang leh nang na kiphatphat leh
e25099	zd:23896	Amau le amau kiphatphat te
e25100	zd:12039	mipi in kiphattuam pih mahmah hi
e25101	zd:11452	master nih leh thum i neih pen kiphattuam zaw
e25102	zd:22757	midangte in kiphattuampih thei pan hi
e25103	zd:25056	laibu hong bawl a, kiphattuampih mahmah hi
e25104	zd:15527	hampha ihih lam kiphawk lo hi
e25105	zd:12337	a hauhzawk lam uh kiphawk khalo uh hi
e25106	zd:19108	Tu in kiphawk pan hang
e25107	zd:19150	Hong kibawl'dan tungtawnin i kiphawka
e25108	zd:9245	lasak a vak lam kiphawka
e25109	zd:20581	midangte zong it mahmah ding ahihna kiphawklo thei zel
e25110	zd:17901	refugee ahihlam kiphawklo ahihman-in
e25111	zd:12736	Minute 4 sungin meikang pen kiphelhsiang theihi
e25112	zd:19125	Trump Tower ah meikuang pen kiphelhsiang khinta hi
e25113	zd:22291	Belpawlgam zong hong kiphelkhap thei mai ding hi
e25114	ts:3280	hong siksuk ciangin mualpi kiphelkhap dinga
e25115	zd:21105	ei sung zong pawl kiphelkhapna tawh kidim
e25116	zd:15570	kiphelkhapna ding lampi tung ah om hi
e25117	zd:16136	DHS interview kiphi thei lo ding ahihi
e25118	zd:20771	Lai kiphi zo nawn lo pah hi
e25119	ts:3375	primary school tengah kawllai kiphiatin
e25120	zd:21114	1947 gambup thukhunpi kiphiatin
e25121	zd:23740	zusai kiphiatin lawki teng Tapidaw suak khin uh hi
e25122	zd:11043	Chechen gamnuaimite kiphinna sawt mahmah ta hi
e25123	zd:10833	kiphinna hong nei uh hi
e25124	zd:10857	US in Communist gamte ah kiphinna nei dingin
e25125	zd:20023	1.7 kilometer bang sangto in kiphit ziahziah hi
e25126	zd:11783	Samsung Galaxy S4 pen kiphit in puakkham cimawk hi
e25127	zd:17733	vut asamahmah kiphitkhia ziahziah cihi
e25128	zd:20023	meimual panin vutsa kiphitkhia in
e25129	zd:9211	A kiphuah cilna bel Swedish pau hi a
e25130	zd:9255	Hih la a kiphuah laitakin
e25131	zd:25097	Tedim mite tawh kiphuah hi
e25132	zd:9236	Hih la a kiphuahna zong tua bang thu hang mah ahi hi
e25133	zd:9258	A kiphuahna nungthu a tuamtuam hi a
e25134	zd:24217	Late a kiphuahna a sawt khit hang
e25135	zd:22373	min tuamtuam in hong kiphuahsak in hong kiciamteh hi
e25136	zd:17110	min kiphuahsak lianghi
e25137	zd:9262	Moody thukim-a hih la-aw kiphuak hi
e25138	zd:9240	I Corinthians 16:13 bulphuh-a kiphuak ahi hi
e25139	zd:9218	thungetna tungtawna kiphuak la ahi hi
e25140	zd:9263	La kiphuak peuhmah a tamzaw a lamal kiphuaka
e25141	zd:9261	a min mahmah zong Jacob kiphuaka
e25142	zd:21780	A zaknop dinga kiphuaktawm tangthu hi lo hi
e25143	zd:9252	la-a kiphuakte bek kisa hi
e25144	zd:9239	Victorian hun lai la-aw kiphuakte lakah
e25145	zd:19998	Party tuamtuam ong kiphuan hi
e25146	zd:18200	inn pan in AG pawlpi kiphuan khia hi
e25147	zd:21042	Hih pawlpi liante atamzaw 1955 kum khit a kiphuan vive hi
e25148	pk:125	Matungnung khua-ah kiphuankhaia hi
e25149	zd:23952	committee tuamtuam te kiphuankhia ding hi ci hi
e25150	zd:24074	pen abeisa 2009 kumin kiphuankhia a
e25151	zd:9266	Zomi Baptist Convention a kiphuat ciangin
e25152	ts:7065	NLD Party a kiphuat cil akipan
e25153	zd:17120	ZAM a kiphuat Nung
e25154	zd:14781	mawtaw 6 tak kiphugawp in mi 2 in sihlawh
e25155	zd:12967	Sengam lamzikpi tungkhat ah mawtaw kiphugawp
e25156	zd:15489	mipi kiphugawp in mi 22 si
e25157	zd:24029	1985 kum AMC pawlpi kiphuh ciangin
e25158	zd:25063	CRPH hong kiphuh cil a
e25159	zd:26306	Cikhum set a kiphuh ma-in
e25160	ts:10085	American gam kiphuhkhiat zawh Pope suak masa penpen
e25161	zd:25094	AA kiphuhkhiat nadingin KIA pen a phungpi
e25162	zd:17717	vuuk kiatna hangin mawtaw 100 val kiphukhagawp
e25163	zd:14810	lamzikpi tungah mawtaw tampitak kiphukhagawp ahih manin
e25164	zd:11579	Expressway ah mawtaw kiphul khagawp ahih manin
e25165	zd:25919	Mi atamzaw in haksat na kiphul nuamlo in
e25166	zd:21052	Kha Siangtho sunga kiphumna i cih in
e25167	zd:24055	tui kiphumna pen tetti panna ahi hi
e25168	zd:19850	Pa, Tapa, Kha siangtho mintawh tui kiphumte
e25169	zd:11153	mine kiphumte siansuah ding kipan uh hi
e25170	zd:24234	Kumpi in lampi hong bawlsak lo ci-in kumtampi sung kiphun hi
e25171	zd:14768	Social Media tungah kiphun, kiso ngeingai ahih manin
e25172	zd:11943	zuihding phallo ahih manin kiphun ngeingai
e25173	zd:22369	Makai kiphunsan loh hun cihbang leitung ah om ngeilo hi
e25174	zd:22369	eiteng keek makai sem lehang zong ong kiphunsan kanlai ding hi
e25175	zd:16200	meileng kiphutkhakna hangin Passenger mi 156 te'n liamlawh uhhi
e25176	zd:11048	Hih mawtaw nih kiphutkhakna panin mi 5 takin sihlawh uhhi
e25177	zd:9452	thungetna tawh a kiphutkhia gam
e25178	ts:3234	1982 kum a kiphutkhia Thau tawi kipawlna khat ahi hi
e25179	ts:1485	Federal Democracy kiphutzo ngeilo ding hi
e25180	ts:6880	Chinland kiphutzo ngeilo ding hi
e25181	zd:25919	kumpi nasem te kipi muhzaw thei hi
e25182	zd:11269	mithaulua te kipi etlo bekthamlo
e25183	zd:25572	ka kipia khia pah hi
e25184	zd:19174	Hanciam in kipia khiazo ni
e25185	ts:7130	biakna kipawlna tuamtuam in huhna kipiaciat hi
e25186	zd:11118	tua Company 5 tebek License kipiading hi
e25187	zd:10993	naseptheih nading E-card kipiading
e25188	zd:19302	Khat leh khat tha kipiak hun ahihi
e25189	zd:24062	suahtakna ih kipiak ding zong thupi hi
e25190	zd:20349	bawlung kipiak siam mahmah uh hi
e25191	zd:19569	akigawm in nam 22 ta kipiakbeh uhhi
e25192	zd:11675	adang Company tezong Licence kipiakbeh khathei laiding
e25193	zd:19671	tuakhit ciangin Cabinet Post kipiakha dinghi
e25194	zd:24029	kei piak ding I cihte bek a kipiakha hi mawk
e25195	zd:19174	Amau aa dingin kipiakhia ngiat in
e25196	zd:22779	dongtuakte ading kiphal takin kipiakhia hi
e25197	zd:24948	a kipiakhia khangno volunteer te
e25198	zd:15054	Tulaitak Hurricane Warning pen anuai a munteng ah kipiakhin hi
e25199	zd:12727	Warning kipiakhin napi in azuak teitei
e25200	zd:15779	Comment tampitak kipiakhin a
e25201	zd:24607	Tua zah a kipiakkhiat akul hang
e25202	zd:25572	ka kipiakkhiat ni azingciang a kipan
e25203	ts:301	Sukte mite in zong umin kipiakkhiat a sawmta uh hi
e25204	zd:26026	Innkuan ading leh minam ading a kipiakkhiatna uh pen lian mahmah hi
e25205	zd:24172	A kisapna munmun ah thatang kipiakkhiatna nei ding
e25206	zd:23749	a cingsate kipiakzah
e25207	zd:23191	kipiakzawhna anei mi hi ding
e25208	zd:10790	a kipiakzawhna leh a nasepkhiat zia
e25209	zd:20646	Tavuan khat hong kipialeh
e25210	zd:14885	Zomi te Feedback kipialeh kiheh in
e25211	zd:21943	tam kipialeh a tam semsem lel hi
e25212	zd:17634	music mark kipialo ding hi
e25213	zd:11454	Kawlgam lutnading Visa kipialo
e25214	zd:11831	a si dingin a kipiang hizaw hi
e25215	zd:12170	nang le kei pen a mawhsa-in kipiang hi
e25216	zd:22116	A hiding bangmah in a kipiang ahihi
e25217	zd:23733	Khazaing thak kipiapia lel hi
e25218	zd:24072	Letsong hong kipiapia, ci-in lungdam lua dah in
e25219	zd:10936	luttheih nadingin phalna kipiata
e25220	zd:11675	ciintheih nading phalna Licence kipiata
e25221	zd:14877	Liausum leh thong anih inzong daan kipiathei hi
e25222	zd:16949	mohlei nading ci'n sum kipiathei hi
e25223	zd:17945	February 28 ni akipan kipiathei hi
e25224	zd:15054	kuamah omkhuan kipiatheilo dinghi
e25225	zd:20239	Bail kipiatheilo dinga
e25226	zd:16442	ih nasepna ahzong ih lungsim kipiazo zaw hi
e25227	zd:26026	a kipiazo, leh deihsakna tawh nasem zo secretary om lo hi
e25228	zd:25300	kipicing theilo kha ding hi
e25229	zd:21377	kumte a khan hangin kipicing tuan lo hi
e25230	zd:21059	zu le sa ne in kipii kiteng in om uh a
e25231	zd:21079	behlehphung-tawh kipii uhhi
e25232	zd:12053	akhe leh agawlgui kipikkha gawp
e25233	zd:24361	tuition kahna hangin kipil tuam khol kei
e25234	zd:22742	Mite hong thuhilhtawh kipil zolo a
e25235	zd:21280	kipilsakna awsuah le kammalte tawh thugen-in kampau uh hi
e25236	zd:22853	kipilsakna hipah sam kei
e25237	zd:20032	Hong kipimuh ding sawm masa kei in
e25238	zd:22034	Hong kipimuh hen cihna hikei
e25239	zd:25054	Isreal kumpi gam pen kipkho tak in om in
e25240	zd:22176	A kipkho mipi
e25241	zd:20125	a Pasian a upna uh kiplet den uh hi
e25242	zd:19783	Nungtak ngamna mah kiplet in
e25243	zd:21590	hih thu bulpi kiplet dingin
e25244	zd:24604	biakna omlo in tualsung kiplo hi
e25245	zd:14628	tuikholna ii Concrete tepen kiplo ahih manin
e25246	zd:20703	hoihtak in kilamlo, kiplo hi
e25247	zd:22658	Anuta un kipom in kap uh hi
e25248	zd:24075	A kipom khawm uh mahin a tanu in
e25249	zd:25275	cih kipom mahmah hi
e25250	zd:17322	Yom Kippur i ni tum ma in
e25251	zd:15329	August 17 Kawlgam Innpi khawmpi ah kipsakna kinei ta hi
e25252	ts:6447	vanleng kia cih bel kipsakna kinei thei suak hi
e25253	zd:15407	Board of ZCA USA in kipsakna nei ding hi
e25254	zd:11704	amau gammi 4 kihel cih kipsakna nei uhhi
e25255	zd:15496	kimu in Diplomatic Relation kipsakta
e25256	zd:19723	thukimna tawh US Senate te in kipsakta uhhi
e25257	zd:17722	Zogam kipuahlo in khangto lohi
e25258	zd:17175	pawlkhat luiluata, hoihtak kipuahlo ahih manin
e25259	zd:21219	kipuahna leh phatna ong tun tuanlo ding hi
e25260	zd:25139	A thanemna kithei-in kipuahphat sawm a
e25261	zd:24248	na sepkhialh leh zong kipuahphat hunding omlai hi
e25262	zd:9252	16th century pawlpi kipuahphat hun-a kipan
e25263	zd:11891	kipuahphatna leh kikheelna cihte i neih ding kisam hi
e25264	zd:19943	i nuntakna ah kipuahphatna i neih theih ding
e25265	zd:24750	khanlawhna le kipuahphatna tampi hong tunlawh hi
e25266	zd:17493	Tedim khuapi a kipuahsan laitak ahi hi
e25267	zd:16871	A sunglam lam kipuahsan laitak hi
e25268	zd:17586	sialtang tuinaak kipuahsan laitak ahih man in
e25269	zd:15165	Ajil Detention Center ah kipuakding cih kiza hi
e25270	zd:21357	Statement teng zong kipuakding hi a
e25271	zd:13270	tuakhit ciangin agamah kipuakding, Deportation kibawlding cihi
e25272	zd:12717	liamna tuamtuam hangin zato ah kipuakkhin uhhi
e25273	zd:12613	Thongsung ahzong mi 161 kipuakkhin cihi
e25274	zd:24286	Malaysia pan Myanmar gam hong kipuakkik mi 591 pha ta ahi hi
e25275	zd:19397	Kawlgam ah ong kipuakkik lo ding hi
e25276	zd:24068	COVID 19 cina te Falam ah kipuaklo pah hi
e25277	zd:11562	sum kipuaklo ahih manin
e25278	zd:19365	zato ah kipuakman himahleh zato ah siveve hi
e25279	zd:11878	amanlang in Mandalay Hospital ah kipuakpah hi
e25280	zd:24276	Zato kipuakpah zoleh naupang nuntakna kihonkhia zo hi
e25281	zd:12649	London Police Station ah kipuakpah hi
e25282	zd:17200	Pickup Driver pazong zato kipuakphot ahih manin
e25283	zd:11773	Raja Permaisuri Bainun Hospital ah acina kipuakphot hi
e25284	pk:147	alang a kipuaksak keileh
e25285	zd:18911	zato ah kipuaksak uhhi
e25286	zd:20721	zato ah amanlang in kipuaksak cihi
e25287	zd:16101	tuapan in Mandalay General Hospital kipuaksawn hi
e25288	zd:20215	Tuakhit ciangin Kajang Hospital ah kipuaksawn a
e25289	zd:13188	Hospital ah kipuaksuak hi
e25290	zd:19863	Bank Negara Malaysia ah kipuaksuak hi
e25291	zd:16895	zatui kibawlding in kipuaksuak hi
e25292	zd:17188	maikhasung in kipuakthei dingin
e25293	zd:24955	tawhkalhcip a hih man in kipuakthei tuanlo hi
e25294	ts:9846	a teenna Champhai khuapi lamah kipuasuak pah ci hi
e25295	zd:21961	Public Transportation ah kipuatheilo hi
e25296	zd:10759	Import Permit aomkeileh kipuatheilo hi
e25297	zd:21845	damdamin kipulaak hi
e25298	zd:14927	mawh maisakna thu a kipulaak nadingin gen hi
e25299	ts:3110	Mipite' theih huai thupite bek kipulakkhia hiphot hi
e25300	zd:19962	a Surname bek kipulakkhia hi
e25301	zd:23539	kipulakna in damna tampi piangsak hi
e25302	zd:20168	nang leh nang na kipulakna ahihi
e25303	zd:8668	kipumkhat theih ding kisam hi
e25304	zd:11244	Zomi khempeuh kipumkhat uh hi
e25305	zd:25097	Bang bang hi ta leh kipumkhat sawm un
e25306	zd:23005	Lungsim kipumkhatin i thu ngetkhopna in nalianpi hong piangsak ding
e25307	zd:14765	Khua sungah kipumkhatna om hi
e25308	zd:15652	Tua pen kipumkhatna leh kimuanna ahi hi
e25309	zd:24199	kipumkhatna piang ngeilo ding hi
e25310	ts:4309	28 galvan tawh kipumpiak uh hi
e25311	ts:5469	Amau teng bel galvan a kiimtak tawh hong kipumpiak pah uh hi
e25312	ts:10538	galvan tawh a kipumpiak uh SAC galkap thak 6 te
e25313	zd:23791	Tua bang itna leh kipumpiakna in Rom kumpi gam
e25314	zd:24230	I nasep mapanna tektek ah kipumpiakna neih kul
e25315	zd:21027	Pasian' nasem a kipumpiakte omna dingin
e25316	ts:1180	Pasian' gam ading-a hunbit a kipumpiakte
e25317	ts:5440	Thau khia in kipumpiakte tawh kisai zong
e25318	zd:21925	Zaknop kisa mahmah den hi
e25319	ts:479	Amau bawl bangin kisaang hi
e25320	zd:24014	kisaang lo cih pen Human Right violation ahi hi
e25321	pk:40	A zatdan ding tawh kisai-in
e25322	zd:23083	Zato lam tawh kisaiin vai khat peuh na neih leh
e25323	zd:9424	kiteen-kipi dan tawh kisaiin ngeina hoih mahmah kinei hi
e25324	zd:23084	kitalsikna tampi tawh kisaikha ding hi
e25325	zd:14730	Kum tawm kum tam tawh kisailo hi
e25326	zd:24381	Zawn leh hauh tawh zong kisailo hi
e25327	zd:25107	A kisailo pi suksiat hoihlo hi
e25328	zd:13228	Dawi vaitawhzong kisaina omlo hi
e25329	zd:24249	Tedim cihte tawh bangmah kisaina omlo hi
e25330	zd:21135	Na lungtang kisaina ngai inla hithiat in
e25331	zd:19801	sum neksimna vaitawh kisaipen 2015 kumpekpan akipankhia ahihi
e25332	zd:12175	Jesu nungzui I kisak khak leh khialkha thei hihang
e25333	zd:24814	lungkim den a kalsuan ding i kisak khak leh kikhial ding hi
e25334	zd:16259	numeite bek ii neihtheihding kisakha pahpah theihi
e25335	zd:12112	kamsia tuahsia kisakha nahiam
e25336	zd:20946	tawlnga hithiat i kisakha hi
e25337	zd:10973	kithalawp mahmah in kisakhawm siusiau ta uhhi
e25338	zd:9235	tua la taang thumna tawh kisakhawm dingin
e25339	zd:9244	a kisakna peuh mah ah taang 4 bek kisa dena
e25340	zd:9240	hymn kiphuahna leh kisakna a piankhiatna pa
e25341	zd:11757	Ki khasiatpih, na kisakpih mahmah hi
e25342	zd:23629	mipi in kisakpih ziahziah in nuam kisa mahmah hi
e25343	zd:12113	ahawlpa pen liamna omlo cibilbel ahih manin lamdang kisaliang hi
e25344	zd:16809	numei te mawtaw hawlkhuan apiakpen lamdang kisaliang a
e25345	zd:12941	Atamzaw in nak natlua kisalo ahih ciangin
e25346	zd:12151	khial kisalo uh cisawnsawn hi
e25347	zd:23148	Fb zat nuam kisalua ahih manin
e25348	zd:12616	liausum pen tawm kisalua in
e25349	pk:4	kammal kisam dang om nawn loin
e25350	pk:38	a thuak kisam tuanlo hi
e25351	zd:23883	Lunghih mawh luat ding kisam lo hi
e25352	zd:24217	Hih pen a kisam mahmah thu khat hi
e25353	3.13.36	mul eng a zon’ ding kisam lo hi
e25354	26.44.14	biakinn sunga nasep a kisam dangte
e25355	10.3.13	tung pan na khat ka kisam hi
e25356	1.50.3	zatui tawh bawlna nasep hun tampi kisam ahih manin
e25357	58.10.36	thuakzawhna lungsim na kisam uh hi
e25358	19.23.1	bangmah ka kisam kei ding hi
e25359	59.1.4	a neu kha beek kisam loin
e25360	9.30.19	a kisam khat zong om lo hi
e25361	43.4.4	Samaria gam a nawk ding kisam hi
e25362	58.7.12	a thukham zong a kikheel ding kisam hi
e25363	50.1.24	kei ka hin lai ding kisam phazaw hi
e25364	zd:21001	Hun khempeuhah vantungmite' hong cinna kisam pelmawh hi
e25365	zd:23356	Hun tawh kituak in kikhelna kisam pelmawh a
e25366	zd:14952	lamdang kisamahmah cih Bernama News pan kizasawn hi
e25367	zd:11782	nau nei in, khangmoi kisamahmah hi
e25368	zd:24059	kikhelna kisamden hi
e25369	zd:23025	Pasian kammal thuman thutakte kisamden hi
e25370	zd:17549	ahoihkik nadingpen hun sawtpi kisamding hi
e25371	zd:11723	tui alumna bangzah kisamding
e25372	zd:16420	Thungetna kisamh pha mahmah hi
e25373	zd:19665	papil zong kisamh hi
e25374	zd:20574	taangthu gelhmi kician tampi kisamhi
e25375	zd:20729	Zomi lamkhaak ahihlam theihding kisamhi
e25376	zd:16640	upate leh makaite kisamkhawm liailiai-in kikumthei uh hi
e25377	zd:25052	kha khanlawhna ih kisamkik mahmah ta hi
e25378	zd:20582	Kids Wares leh nekding kisamkin mahmah hi
e25379	zd:16423	puansilh tampizong kisamkin mahmah cihi
e25380	zd:19964	ni 3 bekbek kisamlai hi
e25381	zd:20181	lampi ahonsak laiding kisamlai uhhi
e25382	zd:22818	pilna kisamlo cihna ahihi
e25383	ts:397	Pumpi ading a kisamlo a hoihlo teng hemkhia hi
e25384	zd:23799	A cidam na hih leh maituamna ZAT kisamlo hi
e25385	zd:22652	kisamlopi in na ngen se loh hoih zaw hi
e25386	zd:17264	kisamlopi ih kithukhualsak gawp hang zong
e25387	zd:25354	i gam i lei adingin pankhop ding kisamlua hi
e25388	zd:20503	Malaysia aom Zomi te huhna kisamlua uh
e25389	zd:16093	amanlang in Police te kisampah a
e25390	zd:19458	mipi te huhna tawh Police te kisampah hi
e25391	zd:15924	Tuaciang in Ambulance kisampah himahleh
e25392	zd:26385	Pasian in kisamsa ahih manin
e25393	zd:22376	Exit Permit kisamsak hamtang uhhi
e25394	zd:16073	innkuanpih te ii thukimna Written Permission kisamsak uhhi
e25395	zd:16809	Akem acingding pasal khat kisamsak tektek uh a
e25396	zd:23317	Hih vai in zong pawl khat kisamsam ta a
e25397	zd:21550	Innkuan lutpih ding a ngak pawl khat zong kisamsam ta ahih manin
e25398	zd:16788	midangte ih kisamta hi
e25399	zd:12641	Graduation Ceremony pen ni 11 bek kisamta a
e25400	zd:23361	taangpi in atel ding kisamta hi
e25401	zd:24538	A tamzaw in van kisamte vaihawm zolo hi
e25402	zd:10725	Nuntak nopsak theihna ding kisamte Pasian in hong pia khin hi
e25403	zd:11224	panpihna a kisamte a pan pihna hi zaw hi
e25404	zd:21925	ka pu tawh kam kisang nawn lo
e25405	zd:15493	Wireless set tawh kam kisang thei ta hi
e25406	zd:16813	ZIUSA Genvai Mithak kisangkik tading
e25407	zd:15681	tua sang ah khedap bulhlote kisanglo
e25408	zd:24812	mundang ah khak kisanglo ding hi
e25409	zd:18208	Mi tam kisanglo ding ahih manin
e25410	zd:21783	Khat le khat kisangsiam ding
e25411	zd:8422	numeite' makaihna pen kisangsiam mahmahta hi
e25412	zd:17597	Middle School Teacher pen 12,331 bang kisapbeh hi
e25413	zd:19614	Light Strike Force leh palik honkhat kisapbeh in
e25414	zd:23822	A kisapleh zato ah Siavuan siamahte' nasep huh kul ding hi
e25415	zd:21155	a kisapleh kampau panmasa ding hi
e25416	zd:10892	Amau panpih na kisapnai kei leh
e25417	zd:13188	Ambulance kisapsak in Hospital ah kipuak hi
e25418	zd:13318	Ambulance kisapsak in zato ah kipuakpah hi
e25419	zd:25130	i kisapte zong i kana i kithawi kul
e25420	zd:9124	nisim kisapte puakna leh vanzatte
e25421	zd:10951	khua tuamtuamten a kisapte uh amautawh kisai Myonee ah puak a
e25422	zd:24375	lawmhoih i kisapzia phawk thakthak ing
e25423	zd:24030	khol ding kisapzia zong hong phawksak
e25424	zd:9239	Tua late tuni dongin kisasa lai hi
e25425	zd:9211	Tu-a kisasa English version tawh
e25426	zd:9261	evangelical pawlpite ah kisasa lai hi
e25427	zd:9451	na tapa pen khitui luang dektakin mawh kisasa-in hong kileh
e25428	zd:19273	Tauleng khua pen 1915 kum in kisat in
e25429	zd:20513	Kapteel khua 1867 kumin kisat aa
e25430	ts:617	Tedim khua pen kisat zel in kilaawi zel
e25431	zd:16402	Cingno zong cim simsim kisata ahih manin
e25432	zd:16317	alohkikding pen hamsa kisatek hi
e25433	zd:14648	lamdang kisatek mahmah hi
e25434	zd:14606	acidam mahmah kisathei a
e25435	zd:20425	alu kisatkha ahih manin sihlawh
e25436	zd:11136	alu in zawl kisatkha sese hi
e25437	zd:14939	pasal nihte temtawh kisatliam cih thu kiza hi
e25438	zd:24130	Na gensa kammal, a kisatliam sa liamma
e25439	zd:17011	kisatsuah pha mahmah uh hi
e25440	zd:10726	thakhauh takin I kisatsuah phatding kisam kasa hi
e25441	zd:24413	COVID-19 positive khat tawh kisawh kha ahih manin
e25442	zd:20028	numei tawh kisawh kha hetlo dingte hihang
e25443	zd:23551	siatnate tawh kisawh kha ngeilo hi
e25444	zd:16844	thuneite tawh kisawhkhalo in
e25445	zd:23667	Kawlzang leitang tawh kisawhkhalo atuam vilvelin hong uk uhhi
e25446	zd:17634	Mee kisawk sak dinga
e25447	zd:15061	kisawk ding a, sawkkhak pen pen sak ding hipah hi
e25448	zd:21338	aciahkhia dingin thagum tawh kisawlloding
e25449	zd:19174	Ki pia khia cih ciangin kisawlna hilo in
e25450	zd:24432	ah tungsiah pan hong kisawlna zui ih hih manin
e25451	zd:10744	leitang lei ding kisawm hi
e25452	zd:23767	Ngalzang vanlengtual puahphat ding kisawm ngei hi
e25453	zd:15116	Refugee bangzah taktak om cih kankhiatding kisawm cihi
e25454	pk:128	suangthu teng kisawnpai hi
e25455	zd:11891	Thugen leh thuhilh pen mikim in kiseem theilo hi
e25456	zd:23590	Tan 10 zote bek in kumpi na kiseem thei a
e25457	zd:15362	akankhiading kisehkhin hi ci'n genkhia hi
e25458	ts:261	tangval lai khat peuh kisehthei hi
e25459	zd:23156	meeting kahsung pan midang kisehthei hi
e25460	zd:16340	Nisimin ki-ukzo lecin na kisek to semsem dinga
e25461	zd:23797	a kisek sa kasuak pah hi
e25462	zd:11409	lam kito ziahziah, suang kisek ziahziah ahih man in
e25463	zd:20568	Mihingte sunglam aa a kisel thahatna
e25464	zd:25129	koi ah kisel tuan ding uh ahi hiam
e25465	zd:17106	A kisel thusim thu lianzaw a om diam
e25466	zd:24231	Zuau thu kiselsim zolo hi
e25467	zd:25139	Lungsim hoihte kiselsim cih om loin
e25468	zd:17722	human rights aomlohthu kiselzo nawmlo hi
e25469	zd:19805	kumpi thukhun ombangin kisemding hi
e25470	zd:12108	athaneihzah tawh septheih khempeuh kisemding a
e25471	zd:13032	sasem bangin kisemgawp a
e25472	ts:2669	khut kilenin kisemkhawm hi
e25473	zd:20767	Police tetawh hoihtak kisemkhawm dinga
e25474	zd:21720	Na kisemkhawm thei nawnlo hi
e25475	zd:21876	sasung khempeuh ah na kisempah hi
e25476	zd:10743	ahih hangin hanciam in kisemsem hi
e25477	zd:20403	hanciamin na kisemsem lai hi
e25478	zd:15958	bangmah kisemthei loding hi
e25479	zd:14910	Ama' thu lo tawh bangmah kigen thei kisemthei lo
e25480	ts:9959	limtak kisemto suaksuak ding hi
e25481	zd:21327	septheih tantan kisemto in
e25482	zd:20647	An nelo in na kisemzolo hi
e25483	zd:24276	Hong nasia semsem leh na kisemzolo a
e25484	pk:70	a kisephun lahkhiatna dinga
e25485	pk:78	a beisa huna, a kisepsaan laitak thu gen nuam leng
e25486	pk:78	a kisepsaan laitak genna hi a
e25487	pk:130	a si zahzah kisi hi
e25488	zd:11072	mihing tampi kisi ding hi
e25489	zd:23754	Mi zong a tul a sim kisi a hih manin
e25490	zd:19676	ih kam hang in kisi thei hi
e25491	pk:128	singlam, tuilam lolam kisial in
e25492	zd:22639	Kawl dan Kawl zia kisiam lo hi
e25493	zd:21826	khangham zahtak kisiam hetlota hi
e25494	zd:21340	hanciam in sin leng a kingah thei, a kisiam thei thu hi
e25495	zd:20751	Veeng leh paam tawh kisiat nading zong
e25496	zd:24064	ei leh ei kisiat bawl sawm kei ni
e25497	zd:23717	Pianpih laizom teng kitot kisiat ding hi zenzen lo hi
e25498	zd:20945	galvan koihna mun phukha in kisiatlawh hi
e25499	zd:18307	akhantawn in alungsim kisiatlawh dinghi
e25500	zd:26310	Pawlpi sung kisiatna om hi
e25501	zd:25734	kisiatna pawl kikhenna cih omlo ding hi
e25502	zd:11715	khatlehkhat kilem nading sangin kisiatna
e25503	zd:13148	Neihsa kisiatpih thei in
e25504	zd:26310	Lamdawt tawn a hauh pen kisiatpih tamzaw hi
e25505	zd:25202	Mysejahtera app pan in kisiau thei hi
e25506	zd:14554	a ut khempeuh in kisiau thei hi
e25507	zd:25925	December 31, 2023 dong kisiau thei ding hi
e25508	zd:24231	Kampau khial na hang in kisih lawh thei hi
e25509	zd:17177	hunsawt ah kisih lawh thei zel hi
e25510	zd:26947	amah leh amah hong kisihbawl sawm hi
e25511	zd:25227	ka kisihbawl kei ding hi
e25512	zd:22970	mi tampi in kisihlawh thei hi
e25513	zd:25015	a kisuplawh thei, a kisihlawh thei thu ahi hi
e25514	zd:24086	David pen kisiikna lianpi tawh
e25515	zd:16737	cih ka kisiikna lian mahmah hi
e25516	zd:25616	Ka kisik ngei het kei hi
e25517	zd:24411	Tuni dong ka kisik hetkei hi
e25518	zd:19898	Khialbaih aa kisik thei hi
e25519	9.15.35	Saul a koih manin Topa kisik hi
e25520	47.7.8	tu-in ka kisik kei hi
e25521	9.15.11	Kumpi-in Saul ka koih ka kisik hi
e25522	41.6.12	mite mawhna kisik nading thuhilhin
e25523	24.34.15	Zan diakin no na kisik kik uh a
e25524	66.16.11	Amaute gamtatnate zong a kisik kei uh hi
e25525	zd:15324	Ka khansung ka kisikna tampi tak om hi
e25526	zd:22691	kisikna om loin man nei ka sa mahmah hi
e25527	zd:22686	kisikna om lo ding hi
e25528	zd:23240	zingsang tungin ka kisil hi
e25529	zd:20841	Annekkhit phet in pumpibup kisil pah zong hoihlo hi
e25530	zd:24276	Na kisil kawm in lasa
e25531	2.40.32	ciangin amaute kisil uh hi
e25532	42.11.38	an a nek ma-in a kisil loh
e25533	2.40.30	tua sungah kisil nading tui koih hi
e25534	24.2.22	Vuttui tawh na kisil-a satpiang tampi na zang zongin
e25535	3.15.27	amahmah tui sungah kisil ding a
e25536	3.15.18	amaute gel tui sungah kisil ding uh a
e25537	2.2.5	Faro’ tanu kisil dingin gun-ah hong pai a
e25538	zd:10929	kisilbuk sung aom Basin or Sink zong
e25539	zd:12444	numei kisilbuk sungpan Spy Camera ki mukhia
e25540	zd:25191	puan dang khat kisilh leuleu a kul a hihi
e25541	zd:23322	hih lam ah bel puanlum a kisilh hita mai ei
e25542	zd:16813	Facebook Messenger pana Report te kisimsaklo ding hi
e25543	zd:10973	hih LINK pan inzong kisimthei dinghi
e25544	ts:8682	mal bangzah lian cih kisimthei nailo
e25545	zd:11738	Manglai tawh kisimthei hi
e25546	zd:19213	kisinkholhna Practice Session neisak sawnsawn uhhi
e25547	zd:16782	buaina aomleh sepziading kisinkholhna
e25548	zd:9426	kisinsakna hoih om lo cih kilangsak mahmah a
e25549	zd:21876	A kisinthei pilna khempeuh sin in
e25550	zd:21543	Leitung University website tepanin zong pilna tampi tak kisinthei hi
e25551	zd:19958	Restaurant 2 tepen hoihtak kisitcian dinghi
e25552	zd:20850	Myanmar National gammi taktak mahhiam cih hoihtak kisitcian masading hi
e25553	zd:24365	coronavirus kisitna tawh kisai thusuahna webpage ah en in
e25554	zd:24026	3 vei a kisitna dong bangmah mulo uh hi
e25555	zd:18122	gamdangmi te cidamna kisitna
e25556	zd:17458	Tuni a laikipia teng hi aa, Myoma veng kisitnailo
e25557	zd:14664	Influenza Test Kit tawh kisitpah a
e25558	zd:20508	ciangin limtakin kisitpah a
e25559	zd:23394	Laisiangtho pen i kisittelna ding Limlang hi
e25560	zd:12240	Sengam sungah tuavai kiso ngeingai cihi
e25561	zd:14768	Social Media tungah kiphun, kiso ngeingai ahih manin
e25562	zd:23975	ciamsiatna thuakin hong kisongsawlawi ta hi
e25563	zd:24296	kikal kisongsawlawi thei hi
e25564	zd:22620	hun kisot to behsuak hi
e25565	zd:21925	kisot toto thei nawn lo
e25566	zd:19583	Ahi zongin kisotto leuleu in
e25567	zd:14899	akimawlding tezong ahun kisotto cih kiza hi
e25568	zd:22803	ahun kisotto bek ding a
e25569	zd:21327	Tua tungtawn tangkona khat kisuahkhia in
e25570	ts:3429	cih thu Mizo Newspaper ah kisuahkhia hi
e25571	zd:15358	akilutding ciangin khedap kisuahkhia hi
e25572	zd:17055	Puanlui suahkhiat bangin kisuahkhia thei-in
e25573	zd:15372	tumnih bang kisuahliang hi
e25574	zd:19860	vanleng kia in tumnih kisuahliang
e25575	zd:25109	Phel 2 a kisuahsa Jerusalem nisuahna lam
e25576	zd:11256	Hih News kisuahsakna nuai ah
e25577	zd:19589	A kisuahsakna tawh kimemat in encian ding hileng
e25578	zd:23394	Upna tawh Pasian mai ah mi thak kisuak hi
e25579	zd:24712	khutdawhngen kisuak thei hi
e25580	zd:22040	Neupen pan zong a lianpen kisuak thei lua ahi
e25581	zd:23394	Pasian hong bawl banga kisuakkhia hi
e25582	zd:9425	nute sung panin a kisuakkhia ahi hi
e25583	zd:14703	magazine leh journal tuamtuam-ah kisuaksak hi
e25584	zd:11410	A thu kicing zaw in hong kisuaksak lai ding hi
e25585	zd:25918	thuthak lai sungah a kisuaksak thu
e25586	pk:126	khutnuai pan kisuakta to hi
e25587	zd:21246	a hoih lo nate panin kisuakta thei gige hi
e25588	zd:26565	Sal lungsim pan kisuakta zonailo hi
e25589	zd:14879	Cocaine Addiction kisuakthei hi ci'n mipil misiam Experts te'n genkhia uhhi
e25590	ts:898	kisualna om den cih kiza hi
e25591	ts:3234	kisualna galpi a pian khak ding kilauthawng mahmah hi
e25592	zd:11715	Yangon International Airport ah hong kisuamlum mawk hi
e25593	zd:11557	Tuahunlai in kisuamlum theilo uh himahleh
e25594	zd:11345	KL Airport sung kisuamlupna hangtawh mikhat kimatbeh leuleu
e25595	zd:15498	hih kisuamlupna pen North Korea te ii vaihawmna
e25596	zd:24001	ten thau tawh kisuamna tuak thei uh a
e25597	zd:24532	kisuamna namkhat hileh kilawm
e25598	zd:23670	Ukzawhna Ama' liangko tungah kisuan hi
e25599	zd:25054	i kinai pihte tungah kisuan suk ziau thei hi
e25600	zd:23729	kimlepaam kep nading hanthotna lai kisuang hi
e25601	zd:21498	Muntuamtuam ah zong Poppy lim kisuang kawikawi hi
e25602	zd:11337	Warning kisuang veve mawk hi
e25603	pk:136	hih panmunte om loin, inn kisuang zolo hi
e25604	zd:19964	Myanmar State leh Region gambup ii Tan 10 Result te kisuangding hi
e25605	zd:25064	kisuanglo tak in nget phiauphiau ding ahi hi
e25606	zd:20924	ciaptehna lai kisuanglo hi
e25607	zd:20060	amau hong leh uk tak ciang buaina hong kisuangsawn hi
e25608	zd:20207	Khialhna khat tung ah khat kithuap sawn in kisuangsawn sawnsawn lailai hi
e25609	zd:23957	inn mai a lai kisuangte na sim theih kei leh
e25610	zd:20725	Tua man kisuangte en kawmin
e25611	zd:9238	1874 kumin Boston ah kisuanin
e25612	zd:14997	Facebook Live azaihlaitak phone kisuhsak
e25613	zd:9124	A kisuhsak khak leh zong lai tawh ciamteh in
e25614	zd:15818	i-huangsungah zong kisui kha in a tuk thei lai hi
e25615	zd:25165	kisui kha uh aa, genthei haksakna tuak uhhi
e25616	zd:11064	Zomi Cup 2017 Final kisui tading
e25617	zd:14901	SEA Games Football kisuihna om a
e25618	zd:20129	Russia gampen tulaitak World Cup Football kisuihna hi a
e25619	zd:12742	Bus Station ah nungdiak in Bomb kisukham in
e25620	zd:15529	Hih Bomb kisukham mawhpuak alate
e25621	zd:12130	Hih Palm Sunday ni Bomb kisukham pen
e25622	ts:2680	Kitelkhialhna panin kisukkhakna om hipak lel hi
e25623	zd:23821	pumpi kisukkhakna tuamtuamte i pelh tadih phot ding kisam hi
e25624	pk:164	kisul zuihin kithei kik veve
e25625	zd:22464	Mipil, misiam tampi a kisum suak mawk hi
e25626	zd:21268	ihmutkhak zong na tampi kisum hi
e25627	zd:12912	mipi kisum mahmah hi
e25628	zd:25107	Ih suksiat le eimau mah kisumh zaw hi
e25629	zd:15857	a kisumh thei ding zong i-thei hi
e25630	zd:19606	Kha khat in khat vei kisun ding
e25631	zd:25280	A kisun nuam te in SELANGKAH app download in
e25632	zd:24489	mi 30,000 kisun dinguh hi ci hi
e25633	zd:24595	meeting ah thu hong kisung pah hi
e25634	zd:12688	bangthu kigen ding, bangthu kisung ding
e25635	zd:14755	banghang tampi kisung lo hiam
e25636	zd:24377	Tulai kisungzopna www pan
e25637	zd:25202	Covid Vaccine kisunte bek nasem thei
e25638	zd:24476	hih zatui a kisunte zong
e25639	zd:25202	Malaysia ah Covid-19 Vaccination kisunthei
e25640	zd:21941	tua tungtawnin zuak hileng, kisuplawh lua samlo ding hi
e25641	zd:11248	Amanpha mahmah nuntakna khat kisuplawh aive maw
e25642	zd:23603	leitung buppi in zong a kisuplawh khin ta hi
e25643	zd:23556	kidalna zatui kisut kul a
e25644	zd:24476	zatui kisut zawh kha 6 le kha 12 kikaal sungin
e25645	zd:25215	na kisut limlim hoihzaw hi
e25646	ts:4134	SAC galkapte' Camp vekpi 144 kisutkhia khin ci hi
e25647	ts:5480	Camp kisutkhia zo cih thu genkhia hi
e25648	ts:3707	galphual 70 val kisutkhia zo ta
e25649	zd:24476	hih zatui kisutna hangin
e25650	zd:25132	ih kisutna ban pen
e25651	zd:23113	i gilpi sungah Acid tampi kisuuk khia ahih manin
e25652	zd:19201	a laigelhte mah tawh kisuun hi
e25653	zd:26411	Itna innpi ah kita zolo ahih manin
e25654	zd:23367	suangsite kita nawnlo ding hi
e25655	zd:25165	Buuk kinusia in, kitaai phangphang leuleu hi
e25656	zd:9512	I muh theih loh manin thupha tampi kitaan lawh a
e25657	zd:25571	gupna kitaan thei ci kik kawikawi leuleu uh hi
e25658	zd:9429	Neihsa tampi kitaan hi
e25659	zd:10952	A thupi suahtakna i kitaang khawm uh a
e25660	zd:9134	kiten khit ciang bek a lupna khat kitaang Zomi te
e25661	zd:20410	kha a thahat theih nangin kha ann kitaangsam hi
e25662	zd:21337	Gualnopna le kitahna uk luatna
e25663	zd:20092	Sum kitahna munte ah lamhong lak den mi
e25664	ts:5848	puak zawh zahzah tawh kitai khia zel hi
e25665	ts:9564	khua pua lamah kitai kek in
e25666	ts:6164	Gal kikap simin nuntakna ding kitai ngiat ngiat himai
e25667	zd:14626	mawtaw 3 kitaih in, mi 3 si, 4 liam
e25668	zd:17141	Shanghai khuapi geinai ah tembaw nih kitaih
e25669	zd:23037	Mimal kitaih hilo hi hang
e25670	zd:15913	KBZ Bank ah thautawh damiah kitaih
e25671	zd:12063	mipi muhna mahah damiah kitaih ngammawk uhhi
e25672	zd:12825	Malaysia, Kedah ah mawtaw 4 kitaihgawp in
e25673	zd:15429	adang mawtaw 4 taktawh kitaihgawp uhhi
e25674	zd:15078	Ambulance leh mawtaw kitaihkha in
e25675	zd:17743	vanlengtual sungah mawtaw 2 kitaihkha ahih manin mi 1 si
e25676	zd:24388	mawtaw kitaihna hangin mi atawm pen 21 si ci hi
e25677	zd:23048	min kitaihna hang tawh a awkin
e25678	zd:15178	Hih damiah kitaihna hangin aliam kuamah omlo a
e25679	ts:5448	inn leh lo nusia in kitaikhia ziahziah hita
e25680	ts:2228	nitak khuamialpi in kitaikhia hi
e25681	ts:7764	Khua sung mi khempeuh gam sungah kitaikhia mang pah hi
e25682	ts:2488	Chan Tha khua ciang dong mipite kitaimang ta hi
e25683	ts:10291	ko zong man phet leh a kitaimang hipah hi
e25684	zd:16249	amanlang in Hospital ah kitaipih himahleh
e25685	zd:12389	pasal tawh kitaipih cihkhawng omzelzel cihi
e25686	zd:16515	zingsang 10am panin nitak 10pm dong kitaisak hi
e25687	zd:20104	June 22 ni akipan kitaisak taktak tadinghi
e25688	zd:15781	mawtaw pen ahatna 10 kph tawh kitaisak cihi
e25689	zd:16515	zankim Midnight dongin kitaisakding cihi
e25690	zd:15617	nikhat nai 12 sung kitaisakding hi
e25691	zd:19603	lametlohpi-in migilote tawh kitalsik mawk uh hi
e25692	zd:25063	hong kitalsik, hong kiphukha uh suak hi
e25693	zd:22584	Asawtlo mi kitam semsem aa
e25694	zd:14894	Tuadan lungsim puak a nei kitam zaw mawk hi
e25695	zd:26444	Banghang US gamah Zomi Pawlpi te kitam denhiam
e25696	zd:15031	Malaysia Airlines te vanlengkhat apei kitam ahih manin
e25697	zd:14521	Mawtaw bekbek 100 val bangin apei kitam in siatlawh
e25698	zd:25937	ka saikel uh apei hong kitamh sese
e25699	zd:17927	Mun dang ah zong aneuneu tampi kitamh
e25700	zd:12759	hih Bomb kitampen Suicide Car Bombing hi a
e25701	zd:12161	Hih meimual Volcano kitampen
e25702	zd:21886	tuhun ciangin kitamzat thei lua nawn lo hi
e25703	zd:22707	atuamtuam kitamzat nailo in
e25704	zd:26411	Upmawhna sangin mi kitamzaw ahih manin
e25705	zd:12763	haivai asa kitamzaw ahih manin
e25706	zd:19552	illegal vive kitamzaw ahih manin
e25707	zd:24191	Gupna kitan theimaw
e25708	zd:11706	Jinjang lockup pan kitan khia
e25709	zd:22336	Setapak palik zum pan kitan khia
e25710	zd:10833	Russia tawh kitanauna bawl hoih ding
e25711	zd:10828	kitanauna hoih neih mahmah lai uh hi
e25712	zd:24673	makaite ading thungetna kitangsam pha mahmah diak hi
e25713	zd:11891	a kitangsam thu 5 omsak uh hi
e25714	zd:23167	ih thu zawh theih ding kitangsam hi
e25715	zd:8668	Zomi te kitangsap alian penpen hipah hi
e25716	ts:3125	i kitangsap bulpi ahihna kilang mahmah hi
e25717	zd:20281	Leitung i a kitangsap pen mihing
e25718	zd:14822	alaigui nangawn kitankhia nailo in
e25719	zd:20056	apei in zialkha in akhut kitankhia leulau
e25720	zd:16741	heipi leh cutter te zangin kongkhakte kitankhia masa in
e25721	zd:16559	sum tampipi tawh kitansak uhhi
e25722	zd:11600	mimawkmat in sumtawh kitansak zelzel uhhi
e25723	ts:7881	sum pia-in kitansak napi
e25724	zd:17879	South India-a khua khat zong ama' min kitap sak hi
e25725	zd:16119	Zomi a kitap leitang min
e25726	zd:26643	Pawlpi kitap ka thuakkhak a thumveina hi
e25727	zd:26310	Pawlpi kitap ding vaihawm loh hoih mahmah ding hi
e25728	zd:17990	Communism gamte a kitap khap kum
e25729	zd:12651	Bomb kitapna munteng Police Officers te'n khaukhung in umcippah uhhi
e25730	zd:12051	tutung Bomb kitapna hangin asi aliam hongtam mahmah hi
e25731	zd:15803	Hih Gas bung kitapna leh inncipna vaitawh kisai in
e25732	zd:21761	Pawlpi kitapna leh Pawlpi sung a buaina omte
e25733	zd:26444	mailam ah Pawlpi kitapna atawmzawk ding deihna tawh
e25734	zd:14865	mawtaw akibutna hangin kitatkha in asi hiding
e25735	zd:14709	numeinu pen alu tawh kitatkha himahleh
e25736	zd:11485	guza khauhmahmah namkhat amai ah kitatsak in
e25737	zd:14824	Lehtai dingin ka kitawi hi
e25738	zd:16387	Myanmar leh Bangladesh zin dingin ka kitawi lai takin
e25739	zd:16521	China-Myanmar gamnih gamvai kitawitehna
e25740	zd:17951	leitung gamvai kipawlna tuamtuamte' gamvai kitawitehna
e25741	zd:12607	kitawl hanhan pah hi
e25742	zd:25915	kitawl baih in zong kigim in
e25743	zd:24610	inn ah nuam takin kitawlnga hi
e25744	zd:16038	Sunhun nai 1 sung kitawlnga sak hi
e25745	ts:11942	tawmvei sung kitawlnga hi
e25746	zd:19327	Ih genthu a nuntakpih mi kitawm mahmah hi
e25747	zd:23990	Yangon khuapi sungah Zomi a teeng kitawm lai hi
e25748	zd:23910	Investor lian taktak kitawm laai mahmah ding hi
e25749	ts:1636	State huam sungah Curfew order hun kitawmsak
e25750	ts:1485	Thongkiat hunciam kitawmsak
e25751	zd:24646	2008 thukhunpi nuai ah lampi nih kitawn thei hi
e25752	zd:10912	koi lampi kitawn hiam cih kitello hi
e25753	zd:18067	tuate pata pen kitawnggawp in, ki kamnial dikdek uhhi
e25754	zd:14965	Doctors nih kitawnggawp dihdih
e25755	zd:15981	Driver honkhat kitawnggawp, mi 6 kiman
e25756	zd:17120	Kuamah kitawnglo in, kituak diamdiamni
e25757	zd:21155	ta te muhna ah kitawnglo ding hi
e25758	zd:23297	Mi kitawngte thu khen ding
e25759	ts:3125	A kitawngte thu ka kankan ciangin
e25760	zd:11145	ka sepna panin ka kitawp ding hi
e25761	zd:23896	a nu le a pa te gel a kitawp uhhi
e25762	zd:25918	A nasep kitawpsak ahih lam a zi gen hi
e25763	zd:19621	Sanginn pan a kitawpsak ta ahi hi
e25764	zd:22704	hong kitawpsak ni pan kipan bangmah kingah nawn lo hi
e25765	ts:7051	Biakna thu tawh kitawsawn lohin
e25766	zd:22228	hehna thangpaihna khasiatna bek tawh a kitawsawn laiteng
e25767	zd:17217	Kitchen ah Pasal 1 ki nawhdeih
e25768	zd:17978	Kitchen ah Pasal 2 ki nawhdeih
e25769	zd:20145	Amah pen kum 2017 february 11 a kiteelcing ahi hi
e25770	zd:12416	South Korea gamsung ah President thak kiteelkik khinta
e25771	zd:24339	Vice President panmun alen dingin kiteelkik hi
e25772	zd:22921	2020 kiteelna naih kikta hi
e25773	zd:24019	2020 kiteelna ah lim ngaihsut ni
e25774	zd:16660	palai kiteelna ah sapna
e25775	zd:19520	Malaysia gambup kiukna tawh kisai kiteelni in
e25776	zd:19430	Malaysia Kumpi kiteelni te ah
e25777	zd:23011	2020 kiteelpi ong naita hi
e25778	zd:21978	2015 kiteelpi ah NLD in zo hi
e25779	zd:24376	November ciangin Kawlgambup kiteelpina om ding
e25780	zd:24696	Kawlgambup kiteelpina tawh kisai tangkona
e25781	zd:11891	Thugen ding leh laigelh ding hong kiteelsak leh
e25782	zd:25573	lungsim siangtho suaktatak in kiteelsak leh
e25783	ts:7676	utthu tawh kiteelthei lo hi
e25784	zd:17383	ih lungsim-natna dungzui in, kiteelthei aa
e25785	zd:21603	kum 18 nuaisiah ahihleh kiteenkhuan omlo cihi
e25786	zd:22728	kiteenkhuan apia Same-sex Marriages gamkhat ahihi
e25787	zd:12630	Toowoomba ah kiteenna mopawi bawl uhhi
e25788	zd:22408	kiteenna thukhun muanhuai tak zui-in
e25789	zd:21864	I ngaih khempeuh zong kiteenpih ngamlo a
e25790	zd:15721	ngeina zui in kumcinglo kiteenpih theidan
e25791	zd:13260	kua in kiteentheih nadingin phalna pia
e25792	zd:14577	kiteentheih nadingin alunggulh mahmah pawlkhat omkhin
e25793	zd:16192	Australia ah Kuavang kibang kiteentheihna
e25794	zd:16610	AU ah Nu le Nu Pa le Pa kiteentheihna
e25795	zd:22563	Midang tawh kitehkaak in nang le nang kithanemsak kei in
e25796	zd:21780	Leitung ah bangmah tawh a kitehkaak thei ngei lo ding
e25797	zd:23487	a lawhcingzaw te tawh kitehkak in ki lungneusak kei in
e25798	zd:22046	midang tawh kiteh loin ei le ei kitehkak ding
e25799	zd:25169	Midang khat peuh tawh kitehkak in na buai kha zel hiam
e25800	zd:21456	na gualzawhna hong kitehsak ding hi
e25801	zd:23112	Kg tawh kitehsak lodinga
e25802	zd:9242	kampau tuamtuamin kitei hi
e25803	zd:24963	Lai Siangtho pau 30 valin kitei
e25804	zd:9250	a thu bek a kitei ahi hi
e25805	zd:9257	Kampau nam tuamtuamin zong kiteikhia khin hi
e25806	zd:9236	Latin pau nangawnin kiteikhia hi
e25807	zd:24714	2020 kum kitel ciangin mipi in
e25808	zd:25392	Zam King Mang zong kitel kik hi
e25809	pk:56	a kitelcian lopi khat zat ding hi loin
e25810	zd:24343	bangzah ciang hong kizom ding cih kitelcian nailo hi
e25811	zd:22037	ei-le-ei kitelcian kul hi
e25812	zd:20941	Na manphatna kitelcian inla
e25813	zd:24677	NLD tawh 1990 khut kilen a mapang den ZCD kitelcing a
e25814	zd:10951	ih muanteng a kitelcing hipah hi
e25815	zd:23422	tualak pan in mi 10 kitelkhia hi
e25816	pk:101	a khiatna a kitelkhial thei dingte
e25817	zd:22459	Kammal khat kitelkhial leh zong
e25818	zd:20798	A manlo leh a kitelkhial thei ciamnuih
e25819	zd:22709	kitelkhialh hun hi nawnlo-in, kitelsiam hun hita hi
e25820	zd:15274	hong kihuh zonawn kei leh kitelkhialh na ompah hi
e25821	zd:20647	Kitotna, kiselna, kitelkhialhna te om thei hi
e25822	ts:11942	Gal mainawkte sungah zong kitelkhialhna om hi
e25823	ts:2680	kitelkhialhna panin kisukkhakna om hipak lel hi
e25824	zd:24495	kitelkik ah Trump in ngahthei ding ki ci hi
e25825	zd:13181	hih thu kitelma pek in ka genngei hi
e25826	zd:25624	2020 kum kitelma in Tonzang a ka innpi vuah
e25827	zd:25488	August kha in kitelna bawl ding
e25828	zd:24743	hong tungding kitelna pen nakpitakin thupi hi
e25829	zd:25203	1990 kum kitelna a agualzo NLD te
e25830	zd:24343	America kumpi kitelpi pen 2020 November kha in ki bawl ding hi
e25831	zd:24370	2015 kum kawlgambup kitelpi ah
e25832	zd:24354	Tukum kitelpi ah kuanzo dinghiam
e25833	ts:12037	hih kitelpina pen kikhemna tawh kidim hi
e25834	zd:22709	kitelsiam hun hita hi
e25835	zd:23148	alawmte tawh kitelsiam lohna tawmtawm hong kipan hi
e25836	zd:17468	khat leh khat kitelsiam a
e25837	zd:21166	kitheihsiamna le kitelsiamna kisam hi
e25838	zd:23075	mipi le makai kikal ah kitelsiamna om nailo hi
e25839	zd:16461	Zomi sung ah ki-itna le kitelsiamna hong khan semsem nading
e25840	ts:4831	A kitelzaw-in gen lai lehang
e25841	zd:23083	a kitelzaw a theihnop a om leh
e25842	zd:15499	Hih vai a thu kitelzaw +91-9862268892 ah zong kan theih ding hi
e25843	pk:91	laigual khiatna a kitelzawk semsem nadingin
e25844	ts:6531	Zosuante nam tuamtuam kiteng khawm hi
e25845	zd:23896	leitung gam 100 bang ah kiteng ta ding hi
e25846	zd:25097	minam dangte tawh kigawmin kitengkhawm in
e25847	zd:23394	dawi leh kaute tawh a kitengkhawm danin ngaihsun
e25848	zd:23044	minam kibang kitengte sangin haksatna tamzaw
e25849	zd:22329	Namdang tawh kitengte lakah biakna kibang lo tam pen
e25850	zd:17468	kitenma aki theihpih kholhding thute
e25851	zd:24163	Itna masa lo a kitenna zong i ngeina sungah tampi om hi
e25852	zd:24393	kitenna siangtho nei ding uh hi
e25853	zd:18939	na kitenna lai uh copy khat
e25854	42.20.34	numei le pasal kitenna nei uh hi
e25855	42.20.35	a kilawm mite in kitenna cihte nei lo uh hi
e25856	1.34.9	Kote tawh kitenna hong bawl un
e25857	zd:22312	a kiteng nuamte kitensakna ahihi
e25858	zd:23572	Pangkhawm theilo i hihman in kithahat theilo hi
e25859	ts:2680	Township sungah kithahat zaw ding lametna kinei hi
e25860	zd:11736	Kim Jong Nam kithahzawh khakhatsung thupiang te
e25861	zd:21874	kithak patkik kisam sak mikmek hi
e25862	zd:25924	Sumpen kithalawh kik thei aa
e25863	zd:24191	Gupna kithalawh thei, kitan thei hileh
e25864	zd:10973	Zomi te kithalawp mahmah in kisakhawm siusiau ta uhhi
e25865	zd:25078	gen nuam in gen ding kithalawp den hi
e25866	zd:26310	kha thu-ah zong kithanem mahmah hi
e25867	ts:3125	kiginkholhna cihte ah kithanem mahmah zel hi
e25868	zd:22563	nang le nang kithanemsak kei in
e25869	zd:20680	Khut a neihloh hangin kithanemsak het loin
e25870	zd:23539	a sawtna ciangin amah leh amah kithat hi
e25871	zd:16997	amah le amah kithat
e25872	zd:16245	mi kithatna video tv te enen kha uh ahih manin
e25873	zd:15681	kum 30 val bang a piangkhin mi kithatna thu
e25874	zd:19906	kithatna vaitawh muanmawh akigawm in mi 13 kimankhin
e25875	zd:16304	meimual pen puakkhamding kithawikik leuleu
e25876	zd:12732	dingtoding in kithawikik a, lampaiding in kipankikzel hi
e25877	zd:20046	Doctor inzong lakkhiat sakding in kithawipah hi
e25878	zd:12732	mainawtding in kithawipah mawk hi
e25879	zd:23240	Ka kithawizia leh ka silh le tenzia tawh kisai
e25880	zd:22683	Sawmlian kithawizia hong kilaih hi
e25881	zd:23478	gam khempeuh ah a kitheh thang hangin
e25882	ts:3271	gam tuam ah saltangin kitheh thang kawi kawi uh ahih manin
e25883	zd:15619	meileng lampi sikzawn dungteng ah kitheh zakgawp hi
e25884	zd:20023	asunglam panin vutsa honkhat kithehkhia in
e25885	zd:19480	meikuang kithehkhia ziahziah hi
e25886	zd:20023	akiim apaam Area tengah kithehsuk ziahziah hi
e25887	zd:14628	tuitawh khauhtak in kithehsuk ziahziah hi
e25888	zd:8375	leitung mun tuamtuam ah kithehthaang mawk ih hiam
e25889	zd:25105	Kawlgam bup ah kithehthaang teng kigawm leh
e25890	zd:19962	Social Media tuamtuam ahzong kithehzak kawikawi hi
e25891	zd:18154	Video tampi Internet Portal tungah kithehzak ahih manin
e25892	zd:14568	WhatsApp leh Facebook tungah kithehzak in
e25893	zd:15004	Social Media ah kithehzakgawp hi
e25894	zd:19514	30 Meter valbangin kithehzakgawp ahih manin
e25895	zd:20193	Social Media tuamtuam ah kithehzakpah hi
e25896	zd:21294	Malaysian Netizen lakah kithehzakpah zihziah hi
e25897	zd:13161	Meikatna ahangpen kitheician nailo hi
e25898	zd:14521	bangci bangin thu bawlding cihpen kitheician nailo hi
e25899	ts:9341	A thu kicingzaw leh kitheician nailo ci hi
e25900	zd:19973	ahang taktakpen kitheicianlo hi
e25901	zd:20302	koi ah pai hidinghiam cihpen kitheicianlo cihi
e25902	zd:13348	Hih vanleng akiatna ahang pen kitheicianlo ahih manin
e25903	zd:18145	tua tungtawn in athu paizia kitheiding cihi
e25904	zd:12876	July khasung in kitheiding ci a
e25905	zd:25351	tawh ka kitheih zawh uh kum 5 bang pha ta
e25906	zd:25712	a kitheihloh hang in
e25907	zd:16871	a kithei phial zong kitheihloh bawl in kong om uh hi
e25908	zd:23037	Peter in Jesuh kitheihmawh bawl hi
e25909	zd:22553	Kei zong kitheihmawh bawl in ka thugen ka zom veve hi
e25910	zd:21432	hong kitheihmawh bawl ciang na sa lua na hiam
e25911	zd:24276	Hih thu na kitheihmawhbawl leh
e25912	zd:24963	India kumpi in a kitheihmawhbawl theihloh
e25913	zd:15906	ei leh ei kitheihna pen pilna hi
e25914	ts:3503	khat leh khat pau leh ham kitheihna zong khang hi
e25915	zd:23148	kitheihna om ngeilopi fb tung tawn in lawm a kisang
e25916	zd:16297	a lungkham ahi lam kua kitheihpih lo hi
e25917	zd:12403	bangmah kitheihpih khakei cihi
e25918	zd:17468	vision kitheihpih thupi hi
e25919	zd:10726	Khat le khat kitheihsiam sawm ta ni
e25920	zd:21166	kikim lo ihih manin kitheihsiamna le kitelsiamna kisam hi
e25921	zd:21624	kitheihsiamna le kimaisakna tawh kalsuan in
e25922	zd:18958	Ei le ei kitheihtelna
e25923	zd:24476	a kitheikhial thu pawlkhat om hi
e25924	zd:10682	Vision statement leh Mission statement zong kitheikhial zelzel hi
e25925	zd:20643	Photo sunga mite pen kua cih kitheikhin cihi
e25926	zd:16834	Car Registration Number ataktak zong kitheikhin cihi
e25927	zd:22046	Huihpi guahpi pai dingte kitheikhol theita a
e25928	zd:21232	lunggulhna tawh ih kitheikhol sak uh hi
e25929	zd:17779	ni 11 khitciang kitheikikpan
e25930	zd:25243	Hih Covid bang tanvei om ding cih kitheilo hi
e25931	ts:3307	bang hun ding cih bel kitheilo hi
e25932	zd:22618	ahang akician taktak in kitheinailo hi
e25933	zd:16815	bangmah kitheinailo hi ci'n thunei te'n genkhia uhhi
e25934	zd:23394	mailam thu ding kitheinuam hi
e25935	zd:18028	mipi in kitheinuam mahmah hi
e25936	zd:21366	atuahsia ahihlam kitheipah hi
e25937	zd:17779	ni 11 khitciangin kitheipan cihi
e25938	zd:17241	amantakpi diam cih kitheipan dinghi
e25939	zd:9231	hih la bek phialmah a kitheipen hi
e25940	zd:23432	God-is-dead theology tawh kitheipen hi
e25941	zd:15777	cihciangbek in kitheiphot a, akumzong 20 gualpawl hipan kici hi
e25942	zd:17200	cihciangbek kitheiphot hi
e25943	zd:24153	amau om zia kitheisa mite kiangah
e25944	zd:22713	cih leitung piancil a kipan a kitheisa hi
e25945	zd:17017	New York meikatna ahang kitheita
e25946	zd:24019	Zomi te'n ihsepding kitheita
e25947	zd:24414	asawtlo in kitheita dingin lam-en ing
e25948	zd:16776	puatham gamtatna tawh kitheitel zo lo hi
e25949	zd:20160	bangci bang in kitheitel sitset ding ahi hiam
e25950	ts:3992	mi khat ateel ahihna kitheithei hi
e25951	zd:17563	baal them pan zong kitheithei hi
e25952	zd:12179	cih Nickname tawhzong kitheizaw a
e25953	zd:26124	ci'nzong kitheizaw hi
e25954	ts:2549	kiciantak kitheizo nailo hi
e25955	ts:5232	a liam sazian phazah lian kitheizo nailo hi
e25956	zd:20787	a kitheizo ding thu nahi hi
e25957	zd:24276	banghangin hongpianghiam cih kitheizolo hi
e25958	zd:23025	tulai worship late bektawh kitheizolo a
e25959	zd:24421	Western Union tawh sum kithoh thei nailo
e25960	zd:25052	Teng 10 ciang kithoh thei hi
e25961	zd:21409	zum hon hun sungin kithoh thei ding hi
e25962	zd:9435	dawi le kau lau-in, kithoih uh hi
e25963	ts:3503	gan tawh kithoih dawi biakna phiatin
e25964	zd:21175	Tu hun ciangin dawi kithoih nawnlo ahih manin
e25965	zd:15592	CCTV bekbek akigawm in 50 kithuahding hi
e25966	zd:11658	Shopping Malls cihte ah abanban in kithuahding cihi
e25967	zd:9448	tuate tawh kithuahin
e25968	zd:24087	a lawm pasalte tawh kithuahin mawk vakvak thei uh hi
e25969	zd:19960	huihpi leh guahpi kithuahin hatmahmah
e25970	zd:14720	Facebook tungah kithuahkhawm uhhi
e25971	zd:20952	kum hitan sung i kithuahkhawm khin a
e25972	zd:9213	hih lamalte leh hih la-aw kithuahkhawm pen
e25973	zd:25147	Pa tawh kithuahna om lo napi
e25974	zd:23812	Mi 10 val kithuahna kikholhna te pelh in
e25975	zd:25218	Amah tawh ka kithuahna omsunsun hong sut nuam ing
e25976	zd:10973	makai te in kithuahpihna hongnei in
e25977	zd:25457	Pasian kep, makaih leh kithuahpihna tawh
e25978	zd:21246	A hun lai-in nasa-in kithuaklah mahmah napi
e25979	zd:12538	khatvei nihvei kisat bekzong kithuaklah mahmah cihi
e25980	pk:163	Ki lungtuak a ih kithubup leh kua mahin hong susia zo lo
e25981	ts:1278	I gen thu hong kithudon kei leh
e25982	zd:20406	MoU kithuh khin zota hi
e25983	zd:9124	kipsakna letmat kithuh hi
e25984	zd:21013	Nu leh Pa kithuhual ding
e25985	zd:25461	kum zalom tampi sung kithuhual takin nungta khawm thei uhi
e25986	zd:24035	kithukhualsak a nuntak pen supna tampi om
e25987	zd:17264	kisamlopi ih kithukhualsak gawp hang zong
e25988	zd:22373	a lunggulhna thu uh Khawmpi in kithukimpih hi
e25989	zd:11431	Kumpite nih kithukimsa uh ahih teh
e25990	zd:25866	Kawlkumpitawh a kithukimsa a hi
e25991	zd:15566	Topa' mintawh hong kithum hi
e25992	zd:24304	Khialhna pen kithum leh mipi in telsiam thei hi
e25993	zd:22228	kihawm sawn toto lai ni cih zong kithum nuam hang
e25994	zd:21099	Tu hunpen mite zong kithuman
e25995	zd:10742	uliante kiangah khuttawi limci kengin kithumsak hi
e25996	zd:21107	kithumsak pen thu duh loh sawmna hizaw hi
e25997	zd:23437	sathau kithun sak ding hi
e25998	zd:25004	i direct deposit ah hong kithun sak ding
e25999	zd:25572	ka phone bill hong kithunsak zel a
e26000	ts:3375	Kitenna pen a kithupi ngaihsut hi a
e26001	zd:25891	khatlekhat kithupi sim uh hi
e26002	zd:20572	Sangsia kithupi ngaihsutna gam ahihmanin
e26003	zd:20572	Finland gamah sangsiate kithupi ngaihsut in ki zahtak hi
e26004	ts:3375	Kitenna pen a kithupi ngaihsut hi a
e26005	zd:21156	Thukhun leh dan te nidang sangin kithupi ngaihsut in kizui zaw hi
e26006	zd:23554	ton leh han, gal aih sa aihte kithupisak mahmah hi
e26007	zd:20979	Tuhun pen pilnasiamna, zaliatna kithupisak hun ahi hi
e26008	zd:9239	Pasian leh biakna thu a kithupisak ding
e26009	zd:21594	Makaite kikal ah kilemna leh kithusimna
e26010	zd:22709	minam bup kipumkhat theih nadingin kithusimna
e26011	zd:10973	Zomi te kithutuahna lamdang kasa hi
e26012	zd:23803	Cihtakna leh kithutuahna a kisam ahi hi
e26013	zd:25751	kilemna le kithutuahna a tawm mahmah laitak
e26014	pk:132	Veng kithutuahpih
e26015	zd:24392	Zomite bang hang kithutuaklo i hiam?
e26016	zd:21547	Tua pawlpi pen kithutuaklo uh a, khenpi 3 in kikhen hi
e26017	zd:24978	gamsung a mipite kithutuakna leh sepkhopna bek pan hi ding hi
e26018	zd:9426	khantohna leh kithutuakna om thei lo hi
e26019	zd:21596	anuai a makai te kiang ah kithuza thei hi
e26020	zd:24286	gam nih uliante kithuza khin hi
e26021	zd:16895	Mexican kumpi thunei tetawh kithuza in
e26022	zd:20620	kithuzak nadingin atuam in hong call ding hi ung
e26023	zd:15471	khatlekhat nangawn kithuzak nading hatsa mahmah hi
e26024	zd:25203	mipi tawh kithuzakna baih ahih man in
e26025	zd:22046	khua khat le khua khat kizopna kithuzakna dingin kamtai kizang hi
e26026	zd:24411	Baal kamsang zali val tawh kito uh a Elijah in zo hi
e26027	zd:19826	amau phamawh sa seselo in kitolh ziahziah lel uh hi
e26028	zd:19814	vuk tungah pai ziahziah, kitolh ngam lel hi
e26029	pk:121	a pa na kitom vuavua a
e26030	zd:19931	ci-in kitom in ka kap thapai hi
e26031	zd:22775	kham takei leh zong kitom thei hi
e26032	zd:12754	tamman salua in hehin kitom hipongmawk uhhi
e26033	zd:12618	Numeino pen utlo in kitomgawp himahleh
e26034	zd:20764	Zateepding ki leisak keileh hehgawp, kitomgawp thei cisawnsawn hi
e26035	zd:10824	gamsung ah lungphona leh kitomna om thei zel
e26036	zd:12754	kitomna pen $28 bekbek hang hizen hi
e26037	ts:3168	Burma tawh kiton in mual tung mite zong Independent piak dingin
e26038	zd:23204	a ton khawm, a kiton toto hi mawk hang
e26039	zd:21991	Challenge cih ciangin khat le khat kitona hi a
e26040	zd:9434	Leitung khantohna tawh kitonin
e26041	zd:24375	Tua tawh kitonin, lawm hoih i neih ding
e26042	zd:22757	Mi tawh kitot kinial ding hamsa sa lo hi
e26043	zd:23191	Mi tawh a kitot leh
e26044	zd:21025	kitot hun zong om ci hi
e26045	20.20.3	mihaite bek kitot ding ut uh hi
e26046	20.17.14	a nasiat ma-in kitot khawl pak in
e26047	12.5.7	kei tawh kitot nading a zon’na thei un
e26048	4.27.14	mi honpite a kitot lai-un
e26049	46.6.7	note in khat leh khat na kitot uh ciangin
e26050	65.1.9	Dawimangpa tawh a kitot laitakin
e26051	55.2.24	kitot a hatte hi lo ding a
e26052	55.2.14	thu kinialin a kitot loh nadingun
e26053	20.18.6	Mihaite in kitot nading a pat ciangin
e26054	zd:21673	kitot kiselna a om ciangin
e26055	zd:16438	Zomi sungah kitot kiselna piangsak ding
e26056	zd:21605	Nupa kikal kitot kiselna kam kinialna a om ciangin
e26057	zd:21219	kinial kisel in kitotlawh kei ni
e26058	zd:19981	Mehhuan gim namsialua ahih manin vengta kitotlawh in
e26059	pk:15	kitotna in haina ahi hi
e26060	zd:15431	mawtaw Parking vaitawh kitotna piang
e26061	zd:15059	Innkuansung nupa kikal ah kitotna
e26062	zd:11022	Mi tawh kitotna dingin
e26063	20.22.10	kitotna leh kisimmawhna bei ding hi
e26064	20.15.18	Lungtomna in kitotna piangsak a
e26065	50.1.15	ki-en’na lungsim leh kitotna lungsim tawh
e26066	20.26.20	gensiatna om kei leh kitotna bei hi
e26067	1.13.8	nang’ gancingte leh kei’ gancingte’ kikal-ah kitotna omsak kei ni
e26068	20.26.17	a kisai lo kitotna sunga va kiphumna in
e26069	20.10.12	Muhdahna in kitotna piang sak a
e26070	20.16.28	Mihoih lote in kitotna piang sak a
e26071	47.7.5	a koimah peuhah kitotna le lungkhamna om kawikawi
e26072	2.24.14	kitotna a nei peuhpeuh amaute' kiangah paisak un
e26073	44.23.10	Amaute’ kitotna hong husia semsem ahih manin
e26074	20.18.19	sanggam tawh kitotna in kidon lohna piangsak hi
e26075	zd:15930	President Trump leh Repulican Senator nih kitoto
e26076	zd:20537	Ei leh ei kikoko kitoto napi
e26077	zd:12989	Na unau un kilemlo in na kitottot uh leh
e26078	zd:25295	Unau khawng kitottot sangin kilungtuak diamdiam leng
e26079	zd:22396	Insein gilbem mai ah va kitu zel hi
e26080	zd:11425	thungetna hong neih khitteh mipi kitu pan hi
e26081	zd:22713	nidangin Aklui kitu sak cih khawng na om ngei hi
e26082	zd:9262	Moody tawh kithuah dingin Chicago ah kituah a
e26083	ts:2724	France gam PSG Club ah kituah leuleu hi
e26084	zd:23733	Falam pan kituah hi lo hi
e26085	zd:24064	Pasian mite tawh tuni in na kituahkhawm nuam uh hiam
e26086	zd:19820	maitang kituahkhawm in ki muhkhopna neiding uh cihi
e26087	zd:21166	Ei dan tawh a kituahloh manin
e26088	zd:12589	khuakhat panin adang khuakhat ah kituahsak zelzel
e26089	zd:11058	Rohingya Refugee te aomna uh kituahsak
e26090	zd:11058	Refugee Camp te kituahsakding cihzong
e26091	zd:11138	Rohingya Refugee te kituahsakding cih genkhia
e26092	pk:137	Lai Siangtho tawh ih Zo ngeina kituak mahmah hi
e26093	zd:25454	Khuahun tawh kituak lua hi
e26094	zd:22746	Tu democracy hun tawh kituak lo hi
e26095	zd:9425	Tua pen Pasian thu tawh kituak hi
e26096	41.14.56	a genna uh khatlekhat kituak lo hi
e26097	44.15.15	Kamsangte’ thugente zong tu-a tawh kituak mahmah hi
e26098	41.14.59	amau teci pan’na a kituak kei hi
e26099	43.7.43	amah hangin thu kituak loin a kikhenthang uh hi
e26100	43.9.16	mite’ ngaihsutna kituak lo hi
e26101	54.6.3	Topa Jesuh Khrih thu tawh a kituak lo
e26102	50.4.2	Topa sungah a lung kituak nadingun
e26103	zd:23897	I nuntakna ah, haksatna tampi kituak hi
e26104	zd:21421	Mawtaw hoih nono tampi tawh ka kituak hi
e26105	zd:15039	Phone khat aleilaitak kituakkha uh a
e26106	zd:16425	a kituakkha hi lel ong cih san hi
e26107	zd:11750	Nitaklam zumtuah huntawh kituaklian ahih manin
e26108	zd:11666	meileng hongpaitawh kituaklian ahih manin
e26109	zd:21616	a kituaklian in huihdik kawm in tui valhsuk thei hi
e26110	zd:21220	Ngahna leh zatna kituaklo hi ven
e26111	zd:11995	Sanginn thukhun Policy 4331 tawh kituaklo hi
e26112	zd:19327	ngaihsutna kituaklo mi nih lungdam khopsak ding hamsa hi
e26113	zd:20019	cidamzia tawh kituaklohna tampi om
e26114	zd:16724	estimate tawh a kituaklohna munte
e26115	zd:24303	amau tawh kituakpen khat a zat uh ahi hi
e26116	zd:9225	la-aw mah tawh kituakpen hi
e26117	zd:22873	Kawlte ngeina lui Christian upna tawh kituakthei pendingin
e26118	zd:9226	a aw lui sangin kituakzaw tham hi
e26119	zd:9244	Hih lamal tawh kituakzaw ding ci-a kiphuak la-aw dang
e26120	zd:24461	kuamah tawh kimusaklo in kituam keppah in
e26121	zd:23843	phot in kituam koihhi
e26122	zd:16752	I theih lo kalin kituam bawlna lian mahmah thei hi
e26123	zd:11011	Mi 8 bang nuamtakin kituang thei dinghi
e26124	zd:16038	Tuipi tungah minute 30 bang Ferry kituang hi
e26125	zd:24234	Mini Bus te ah Mi alang bek kituang hi
e26126	zd:16334	Sentul leh KL Sentral Station te panin Bus kituangthei cihi
e26127	zd:11253	tawh Uber Taxi kituangthei
e26128	zd:24731	ih gam ih minam kituantual mahmah ahihna
e26129	zd:17156	tua sungin thu tampi tak kituantual mahmah ding cihna
e26130	zd:15501	mi 4 bang si zel in kituat hi
e26131	zd:23857	bangzah ta ngah ding cih kituat thei pah ding hi
e26132	zd:23733	a kituat zo lo Zomite supna ahi hi
e26133	zd:21817	a kum kituatna a manloh lam
e26134	zd:22459	Sungai Buloh han ah kituh kik ding hi
e26135	zd:11224	hanmual ah kituh thei hi
e26136	zd:24480	a deihzah kicing ngeilo kituhtuh niloh
e26137	zd:25569	siahkaai a kituhtuh, gualtungtuang nuamte ih hi uh hi
e26138	ts:261	Mopa pen kam kitukalh mahmah kammal ahihi
e26139	zd:12276	hong kitukalh den ding hi
e26140	zd:22054	khat leh khat kitukalhlo, kithuaplo, kikelkilo a
e26141	zd:16640	Khuado ni-in sa kibakin, zu kitulh uh hi
e26142	zd:25393	zu kitulh, an kibakin nuamsa mahmah uh hi
e26143	zd:21221	midangte va kitulmawh theih hilo hi
e26144	zd:25253	World champion ka hih lai in, kitum ding hongci tampi om hi
e26145	zd:19151	tuakhit ciangin kitum kisultuak uhhi
e26146	zd:15775	ahonhon in kitawng, kitum in
e26147	ts:6285	ZRA Seal kitum khin ahih manin kikhelkik thei nawnlo hi
e26148	zd:18920	kongkhak tungah zong seal kitum hi
e26149	zd:14624	Surgery akibawlkawm in Guitar kitumsak
e26150	zd:9221	leenglate kuamah kitumsak lo
e26151	zd:12561	11:30am hunpawl in zato kitun hi
e26152	zd:24592	mipi tung kitun zo lo
e26153	zd:9125	a mau kiang kitun thu leh la te
e26154	zd:17649	Criminal Court ah kitunding a
e26155	zd:11078	thukham ombangin zum kitunding cihi
e26156	zd:11099	aphual ah 7:10am hunin kitungin
e26157	zd:15461	Minute 15 sungin kitungpah cihi
e26158	zd:19470	Aphual ah kitungpah himahleh
e26159	ts:7228	hehsuak huai mahmah dinmun ah kitungta ahi hi
e26160	zd:19697	data technology hun kitungta
e26161	zd:24566	natna ngah 5 million kitungto ta hi
e26162	zd:11447	tua pan khamtung gam kitungto hi
e26163	zd:15527	sia nih le thum i kituntuah uh hi
e26164	ts:301	Lang Za innah a kituntuah kha citciat uh hi
e26165	zd:25253	kitupna ah ka lau kuamah omlo hi
e26166	zd:24487	abeisa March kha pan kitupna pawite akhawl
e26167	zd:23037	eima tokhom tung mahah eimah kitusak hi hang
e26168	zd:17554	vanleng pawlkhat Penang ah kitusak
e26169	zd:25178	Nitak teh Zoom tungtawnin hong kitutpih a
e26170	pk:161	Akta mangkuan kitutu
e26171	zd:25205	tettan kituu sak thei nailo hi
e26172	zd:24531	A vekpi in tettan kituu sakpah theih loh na
e26173	zd:21323	khuksung, kiu leh liangbul teng natcihtak na hi
e26174	zd:20172	kithei ngei kiuhkeuhlo himah lehang
e26175	zd:20003	bangmah ahi kiuhkeuhlo, amah anpia-pa
e26176	zd:8668	Mipi deih Democracy kiuk zia
e26177	zd:15874	Zomi leh Zomi bek kiuk in
e26178	zd:14791	eima pumpi kiuk zawhna manpha zaw hi
e26179	zd:25908	a neu kiukeu uite
e26180	zd:12279	CHINA leh INDIA kikal ah om kiukeu in
e26181	zd:26588	Ngaihsutna kiukhat pan, Khris sungah
e26182	zd:20699	nuntakna kiukhat pan thalakna
e26183	zd:25158	kong hong kiukiau lai uh ahih manin
e26184	zd:22554	Tua i theih kiukiau thu
e26185	zd:12112	khuaimei kivak kiukiau khat
e26186	zd:19642	Cycle mang zong tuni ciang domg om kiukiu lai
e26187	ts:7424	lamsiau pawl khat zong om kiukiu ta sam
e26188	zd:21843	sum ana suplawh kiukiu zong om
e26189	zd:15661	kiukna hoih sung ah ih khuasak kisam hi
e26190	zd:16254	gam kiukna vai pen thu khempeuh tawh kizom hi
e26191	zd:19947	Gamvai bang kiukna nam hi ding hiam
e26192	zd:24336	Communism leh Federal kiukzia te a hi uh hi
e26193	zd:11244	mipi thuneihna kiukzia tawh kalsuan ahih manin
e26194	zd:25641	Russia te gen khempeuh kium zo nai lo ding hi
e26195	zd:24609	kilawhna nasia thei mahmah dingin kium mawh hi
e26196	zd:17387	siklingkai in kium sitset ta ding hi
e26197	zd:24369	Kawlgam mi 10,000 kiim om ding in kiummawh aa
e26198	zd:25461	tamzaw tham dingin kiummawh hi
e26199	zd:23591	thugen zong kiva lo uh hi
e26200	zd:22341	Na sep khat peuhpeuh kiva mahmah uh a
e26201	zd:21829	Sai zuak lam ah kiva zaw aa
e26202	zd:25392	meilahte kivaak zihziah ahih manin
e26203	zd:15996	khuasung mei kivaak zihziahte etlawm sa-in
e26204	zd:19845	ama' ading in nuntakna zonna, kivaakna nasep ahi hi
e26205	zd:19900	vai nusia in kisem theilo, kivaan theilo hi
e26206	zd:14910	Ki meltheih vai khawng tawh gam kivaan zo mawk ding maw
e26207	zd:25286	A kicin kei leh kivaihawm lai ding hi
e26208	zd:25293	vai lian tampitak ama tungtawnin kivaihawm hi
e26209	zd:24563	Siavuan Siamah pawlkhat zong hong kivaihawmsak khin hi
e26210	ts:2256	lauhuaina pan a bitna dingin limtak kivaihawmsak hi
e26211	zd:24605	Tapidaw innkuan sung kivaipuak zia ahi hi
e26212	ts:879	amau kivaipuak zia leh sep le bawl
e26213	zd:24733	nisim ki-ukna, kivaipuakna pen a mau khutsung ah omzo nailo
e26214	zd:15407	Executive Committee kivaipuakzia anuai a bang hi ding hi
e26215	zd:10983	Kipawlna kivaipuakzia puahphatna ding vai kikupna
e26216	zd:25891	pawlpi sung kivaipuakzia le thuvaihawmzia
e26217	zd:16660	Hong pai ding khempeuh an kivak ding ahih manin
e26218	zd:15681	sangsap beilo leh an kivak ahih manin
e26219	zd:17489	Kalaymyo khuasung mun 8 ah khangno 100 val kivak kawikawi
e26220	zd:10743	ZYA makaite ni 6 sung kivak kawikawi a
e26221	zd:9432	kheguakin kivakkhia nuam zaw liang hi
e26222	zd:19285	zukham ankhamsa in khuasungah kivakkhia ngeingaiden ahih manin
e26223	zd:11378	Computer lamsang ah kivakna hauhtuak mahmah hi
e26224	zd:23725	Mite' kivakna zui-in a panmun ding uh hawm siam
e26225	zd:23148	Pilna siamna kivakna na neih man hilo hi
e26226	zd:11732	aguaktang in khuasung ah kivakpih
e26227	ts:3164	Germante tawh kinai mahmah, kivalak mah mah hi
e26228	zd:11587	kivalak mahmah a, ahi zongin atuamtek ahihi
e26229	zd:21550	a kivan laitak ahihi
e26230	zd:23494	a vai teng kivan pih hi
e26231	zd:20033	hih theih tawpin kivan zelzel hi
e26232	zd:25177	Tualsung kikep kivanna kin ngaihsut huai
e26233	zd:22709	kivanna hamsa ahih manin khua khat leh khua khat
e26234	zd:11119	UN pan bangmah kivanpih theilo a hihlam
e26235	zd:22897	na innkuan kitangsapna hong kivanpih ding hi
e26236	zd:23171	a vai teng kivansak den hi
e26237	zd:23035	UN zong hoihtakin kivansak kik theipah hi
e26238	zd:25891	Sodality lam a kivate in
e26239	zd:23025	Tuabang mi kampau kivate
e26240	pk:34	a kivawh min pen
e26241	zd:12819	Lampi min tampi kivawh khin zo aa
e26242	ts:11162	Zomi Liberation Front cih min zong kivawh napi
e26243	zd:12122	gan dangte sangin kivazaw ci uh hi
e26244	zd:21178	a kivazaw zong hi hethet lo hi
e26245	zd:13340	lo ka kiveeng uh a
e26246	zd:15809	Unau khat kiveeng lo ding
e26247	zd:21550	Kajang thong ah kiveh thei
e26248	zd:21841	Lenggeng Camp ah kiveh
e26249	zd:22228	mimal in a vei pawl le minambup gambup in a kivei pawl
e26250	zd:17309	tuplehsawm ommeello lungkiat-natna a kivei leh
e26251	zd:24036	sehnel gamsungah kum 40 sung mah kivei dinguh
e26252	zd:25291	kiveina HONG KHANGSAK HI
e26253	zd:25573	A nunglam kum-kiveina a kibawlnate ah bel
e26254	zd:15182	Ha le kamsung kivelna lam ahizong
e26255	zd:17501	zato khatah cina kivelna
e26256	zd:20945	Meivak a kivik ziahziah a muhciangin
e26257	zd:12176	North Korea tawh kivik dingin
e26258	zd:11429	leitangvai kivik vitvit pian
e26259	zd:25025	na vuak ciangin nang leh nang a kivua zong nahi pah hi
e26260	zd:25056	mi tawh a kivua a kitawngte honkhat kihel hi
e26261	zd:15503	aluanghawm pen Malaysia gamsung mahah kivuiding hi
e26262	zd:12208	aluanghawm pen Tanjung Malim ah kivuiding cih kiza hi
e26263	zd:9209	Olney biakinn huang sunga hanah kivuikhawm hi
e26264	zd:19962	mawtaw sungah kikoih in kivuikhawm
e26265	zd:17779	numeikhat asi kisa in kivuikhial
e26266	zd:25159	Singapore pan Dimpi khua ah kivuita
e26267	zd:19503	luanghawm Sawbua ah kivuita
e26268	zd:14650	munkhempeuh ah tui kivung kawikawi a
e26269	zd:19088	huihpi leh guahpi in nawkin tui kivung kawikawi
e26270	zd:15257	vengsung tengah tuiciim tungin, kivung zihziah cihi
e26271	ts:1277	mei tawh haltum cih kiza hi
e26272	ts:2189	Tu ciangciang mi a si aliam bel kiza nailo hi
e26273	ts:4734	Ko kiangah thu kician kiza nai kei
e26274	zd:17062	khuasung ah losan lotpen kizadah mahmah hi
e26275	zd:12913	midang te nawngkaisakna cihtepen kizadah mahmah a
e26276	zd:24176	A teekte zah lo-in amah kizah leh ut hi
e26277	zd:9138	Biakna makai Upa, Siate pen kizah tak a
e26278	zd:25063	Khat leh khat kizahpih niloh tawh
e26279	zd:21166	kineumuh ding le kizahpih ding hi hetlo hi
e26280	zd:25923	ei leh ei kizahpih lo ding
e26281	zd:23653	Leitung bupah a kizahtaak numei pil khat ahi hi
e26282	zd:25923	Ei leh ei kizahtaak ding kisam hi
e26283	zd:24682	Khat le khat ih kizahtak diamdiam ding thupi hi
e26284	zd:25340	khatlekhat kizahtak siam ciat ding
e26285	zd:21759	kizahtak lohna in nasep haksa sak hi
e26286	zd:23647	sepkhopsiamna le kizahtaksiamna zong a ci nuam ihi hi
e26287	zd:10726	Khat le khat kizahtaksiamna
e26288	pk:20	A inn tawh maan a kizaih hi
e26289	zd:18234	ZAM zum ah kizaih thei hi
e26290	zd:16148	X ray pen ka kizaih thei pah uh hi
e26291	zd:14601	innsangdawn khawngah Selfie kizaih in atuahsia tampi omkhin hi
e26292	zd:15498	Prank Show kizaihdan in a ngaihsun uh ahihi
e26293	zd:14795	Film thak pawlkhat Penang khuasung ah kizaihding
e26294	zd:21406	Selfie kizaihding ciangin kidop siamding thupi khading hi
e26295	zd:21406	Selfie kizaihin asi lakah
e26296	zd:11780	Photo kizaihin abuai mahmah laitak uh
e26297	zd:12982	Bus khat aphutlian laitak Video kizaihkha
e26298	zd:14616	Video kizaihkha in cikziat huai mahmah hi
e26299	zd:12732	hihpen Video kizaihkha citciat ahih manin
e26300	zd:19536	tua aliam vompi tawh Selfie kizaihkhawm dingin
e26301	zd:26566	man kizaihkhop ding kilunggulh ciat hi
e26302	zd:10961	Movie kizaihkhop khakpen angtang mahmah cihi
e26303	zd:11967	Selfie kizaihna panin tuahsiatna athuak tampi
e26304	zd:14601	Selfie kizaihna hangin asi, aliam tampi kizaza khin hi
e26305	zd:15579	Video leh Photo zong kizaihpah ngeingai hi
e26306	zd:13326	Meikat akitheih ciangin Photo kizaihpah ngeingai in
e26307	zd:11954	selfies zong kizaihpih mannai lo-in khuadam hun hong bei ziau-a
e26308	zd:10738	Awle tawh Selfie kizaihpih sawmnu Awle in pet
e26309	zd:15437	apumpi X-ray kizaihsak a
e26310	zd:13142	ageipan alawmte Video kizaihsak a
e26311	zd:17659	alawmte nih Photo kizaihsawm uhhi
e26312	zd:11967	Awle tawh Selfie kizaihsawm ahih manin
e26313	zd:18102	Video zong kizaihsim pahhi
e26314	zd:17003	kihhuai takin agamtatna Video kizaihsim
e26315	zd:15840	adangzong mi 3 liam cih kizakbeh hi
e26316	zd:19752	cih Agencies News pan kizakbeh hi
e26317	zd:17983	cih Reuters pan kizakbeh leuleu hi
e26318	zd:19546	asi aliam kuamah kizakha nailo bilbel hi
e26319	zd:16720	bangmah genkhiatna kizakha nailo hi
e26320	zd:17129	Thai gampualam koimah ah kizakha ngeilo hi
e26321	zd:21409	thusia tampi kizakhin hi
e26322	zd:23994	cih thuneite lampan kizakhin hi
e26323	zd:16784	tudongmah bangmah genbehna kizakik nailo hi
e26324	zd:16834	asawtlo in Update kizakik khading hi
e26325	zd:19834	thu kizakna manlang ding hi
e26326	zd:24306	Thu kizakna gina kei leh kizopna zong gina lo pah hi
e26327	zd:17994	asi aliam bangmah kizakna omlo bilbel hi
e26328	zd:22864	Escalator tuahsiatna pen kizaknawh mahmah a
e26329	zd:18307	innkuansung buaina, gamtatsiatna kizaknawh mahmah hi
e26330	zd:22830	thuthang tuamtuamte i kizaksak kul hi
e26331	zd:24022	Facebook pan in thu kizaksak
e26332	ts:1919	thukician kizalo hi
e26333	zd:15529	asi aliam bangmah kizalo bilbel hi
e26334	zd:17917	Asi kuamah kizalo a
e26335	ts:6741	Zion Baptist Church biakinn meikang in kizancip ci hi
e26336	ts:10275	tua Inn kizancip kawm ah misi luang kimukhia ziahziah
e26337	zd:12311	anuai abang in kizangding hi
e26338	zd:17822	tua meilengthak 24 te kizangding cihi
e26339	zd:19311	adangdang gamte ahzong kizangding hi
e26340	ts:617	Tedim khua-ah Gurkha pau bek kizangh hi
e26341	zd:14730	Kum bang zah kizangh lai ding kithei nailo
e26342	zd:24022	Hun manpha tampi kizangh thei cih phawk in
e26343	zd:20999	Pawlpi sung ah Zo labu kizanghlo cihtheih hita hi
e26344	zd:10687	i deihzah bangin kuaman kizanghlo
e26345	zd:23086	Google Map zong ahi ding bang takin kizangkha cih theih
e26346	zd:21121	a kammal mun tampi ah kizangkhawm kawikawi hi
e26347	zd:10743	Office Assistance le Accountant in kizangkhawm hi
e26348	ts:2400	nisim sumzatna pen million asim kizangkhia den
e26349	zd:18065	April 6 ni akipan kizangkhia tading
e26350	zd:9434	pawlkhatin kizangkhial zawsop hi
e26351	zd:9440	na lua e, hangsanna kizangkhial
e26352	zd:11965	Asia gamsung ah kizangkhin zo hi
e26353	zd:11844	leitung gam tampitak ah kizangkhin hi
e26354	zd:10931	Expressway khat kizangkik theipan a
e26355	zd:18054	Minute tawlkhat khitciang bekin kizangkik theipan hi
e26356	zd:16515	Monday ni akipan kizangkik theita hi
e26357	zd:15560	thakhauhza cihbang in kizanglai cihi
e26358	zd:16511	hih mawtaw pen Weekend sung kizanglo in akikoihcip ahihi
e26359	zd:14581	Green Color kizanglo cihi
e26360	zd:14985	Singapore ah inntungkhuh sikkang zattang in Solar kizangta
e26361	zd:19964	Exam Question Paper pen khatbek kizangta ahih manin
e26362	zd:22136	A puahphat huai tulai kammal kizangte
e26363	zd:17133	mawtaw tai kidemna a kizangte
e26364	zd:20682	Hih munah nang thuthu kizangthei ta hi
e26365	zd:19898	A kizangthei dingin na bawlnop lezongh na bawl thei ta hi
e26366	zd:25452	a mawtaw uh zong zancip a kizangthei nawnlo hi
e26367	zd:19176	Electric mei ngahlo ahih manin kizangtheilo hi
e26368	zd:17416	lamzikpi tezong kizangtheilo ahih manin
e26369	zd:11506	Abeisa Model ah Internet kizangtheilo
e26370	zd:14927	tanglai Khristian biakna kam pan hong kizangto hi a
e26371	ts:11162	Zoheisa Unit cih mah kizangto zaw suak hi
e26372	zd:23729	paknamtuite kibawlna dingin singkungte mah kizangzang hi
e26373	zd:13355	apaitheiding in mawtaw bawl uh a, kizangzang ta hi
e26374	zd:11639	Kawlgamsum sangin Sensum kizangzaw cihi
e26375	zd:21175	dawi thoihna sangin dawi hawlkhiatna kizangzaw ta hi
e26376	zd:15629	aliam kuamah omlo cihciang kizaphot hi
e26377	zd:12097	Breaking News pan tuateng kizaphot a
e26378	zd:13324	athu ala akanciansan laitak cih kizaphot hi
e26379	zd:14873	Bentong Police te kizasakpah in
e26380	zd:17017	Hih meikuang akitheih ciangin Fire Department te kizasakpah a
e26381	zd:16608	DVB tungtawn in kizasawn hi
e26382	zd:12873	cih Aljazeera News pan kizasawn hi
e26383	zd:12190	cih ACTS pan kizasawn hi
e26384	zd:12963	Officials te'n genkhia cih Reuters pan kizata hi
e26385	zd:19392	Downtown Areas pan inzong meikhugim namsia kizata
e26386	zd:20477	Hohkeh kammal kizatdan
e26387	zd:14575	Gas bung puakkham cih thuthang pen kizathei zelzel hi
e26388	zd:19868	Malaysia gamsung ahzong thau kikapna kizathei zelzel hi
e26389	zd:16946	Malaysia gamsung ah hihbangdan gamtatna kizathei zelzel hi
e26390	zd:21850	a kizatloh zawh kha 3 val khin ahihman
e26391	zd:13339	a kizatnate en le hang
e26392	zd:25165	a kizatsiam ciang, muibun zaw tham hi
e26393	zd:23301	ahunhun a piakte pen kizatsiam pha lo hi
e26394	zd:21239	A kizattheihna hi bang ahi hi
e26395	zd:23382	Ih kizattheihna hong kiam semsem dinga
e26396	zd:20060	ei leh ei kizawh dandan in
e26397	zd:15402	innkuan kizawh kim loh dingpi khat ciam kha kei in
e26398	zd:22897	Mimal khensatna leh kizawhna tawh nong kipatna gamah ciahkik
e26399	zd:23317	a ma lungsim kizawhna tawh ciah nuam takpi ahih leh
e26400	zd:22938	Mimal kizawhna Tawh Ciahkik Nuamte
e26401	zd:23554	I tanglai biakna tawh kizawi tawna om ahi hi
e26402	zd:24289	Tua tawh kizawi tawn in
e26403	zd:15290	buaina tawh kizawitawn in khualzin mite a dingin
e26404	zd:19139	a kizawitawn lo laibu khat a sim hangin
e26405	zd:23860	A tunga tawh kizawitawnin
e26406	zd:25100	Tua tawh kizawitawnin, Sawltak Paul in zong thusim khat na gen a
e26407	zd:19779	Amah tawh kizawl ngiat ding
e26408	ts:3369	pasal tuak ahih uh leh zong kizawl sak ni
e26409	zd:21900	kizawm a alam uh pen
e26410	ts:11162	apualam tawh kizawm ding vaihawmna tawh kituak in
e26411	zd:17152	lunggim bekthamloh lungkia in kizawm diipdeep thei hi
e26412	zd:20899	khasum guat nading ciang bektawh zong kizawm thei dinghi
e26413	pk:130	an kihau ding hiam, kizawng ding hiam
e26414	zd:21337	bang hangin kizawng cih kan lo uh hi
e26415	zd:24214	A hau dingin zong kilamen-in kizawng thei kik
e26416	zd:24119	kizawng lua ahih manin sameh kine mun lo hi
e26417	zd:10983	akigawm in sumtang $6,000 kizeek ding hi
e26418	zd:15527	Kawlgam om lai bangin hun kizeek hi
e26419	ts:3515	a puakna kizekai tuam ci hi
e26420	zd:22778	kizopna ah tampi nawngkai leh kizekai den thei hi
e26421	zd:23590	khang khat a kizekai kihi a
e26422	zd:19394	Firefighter te atun ciangin meikuangpen kizelgawp khinta hi
e26423	zd:12915	tawmveisung in kizelgawp pahhi
e26424	zd:23932	US ah hihzah a a kizelhna zong tua mah ahi hi
e26425	zd:12279	Gamsung ah thukhun kizelhna
e26426	zd:20833	pau 38 tawh thugenin kizelhsak hi
e26427	zd:21066	nakpi takin leitungah kizelhsak sawm
e26428	ts:7506	Video file te Social Media tungah kizelkhia hi
e26429	zd:12869	Online Social Media tuamtuam ah kizelpah hi
e26430	zd:15986	Social Media tungah kizelpah hi
e26431	zd:17848	nasep aziakai tepen ciangduai tawh kizep hi
e26432	zd:22864	naupangno pen setkahlei tawh kizialgawp in
e26433	zd:20056	awkkha citciat in, kizialgawp hi
e26434	zd:22758	ututna ah khual kizin thei ta hi
e26435	zd:24022	Facebook tungtawn in khual kizin thei hi
e26436	zd:12925	nitak nai 4 pawl in hunte kizo siang hi
e26437	zd:23670	Gupkhiatna nasep hong kizo siang ta ding hi
e26438	zd:18274	Langzang ah nuamtak kizo siang hi
e26439	zd:10742	ZYA ah kigawm dingin kizol hi
e26440	zd:24381	Kisawl zawh kizol zawh tawh kisailo hi
e26441	zd:8668	makai omlo in nasep kizolo zel hi
e26442	zd:19810	alungsim kizolo te ii gamtatzia kici hi
e26443	zd:16254	Khat le khat a kizom dimdiam hi
e26444	zd:21931	Hih atung a thupiang khempeuh pen kizom dimdiam ding in ka um hi
e26445	zd:17383	Mentor tawh banghun ciangdong kizomding cih pen
e26446	zd:16515	Melaka Monorail Service pen kizomkik theitading
e26447	ts:10679	pilsinna lam maban hoihtak kizomkik thei ahihna
e26448	zd:23084	tutan kizomkik theinailo hi
e26449	zd:17595	March 13 ni ciangin thukhenna kizomkikding cih kiza hi
e26450	zd:20023	Moday zingsangtung in kizomkikding cihi
e26451	zd:20877	Leitung neih leh lam tawh kizomlo hi
e26452	zd:20853	hauhna leh siangthona kizomlo
e26453	zd:15615	meikuang tawh kizompah ahih manin
e26454	zd:24804	a dawnna tawh kizompah hi
e26455	zd:11248	alaigui zong kitankhialo in kizomsa in omlai cihi
e26456	zd:23907	Tangtawn a kizomsa Pa leh Tapa hong kikhenin
e26457	zd:17402	Tua Ceiling pen tua Building ii alanglam tawhzong kizomsuak cihi
e26458	zd:14949	Saturday & Sunday tawh kizomsuak ahih manin
e26459	zd:21991	Midangte tawh a kizomthei lo mi khat
e26460	ts:2349	Indian Railway Project tawh kizomthei dingin lametna kinei hi
e26461	zd:26565	gamdang-international tawh kizomthei bek hi
e26462	ts:9489	Galdona maban kizomtoto dinmun hiphot hi
e26463	zd:21586	a maa banzaal pan kizomtoto a hi
e26464	ts:9489	Falam khuapi lakna maban kizomzom lai
e26465	ts:7044	Mencim kizomzom lai bek tham loin
e26466	zd:23388	nasep kizon sak den hi
e26467	zd:23538	Zomite ading man ngenloin na sep kizon sak den hi
e26468	zd:22138	i kizondan hong lem tuam mahmah hi
e26469	zd:10744	Sponsor kizongin T-Shirt silh khat ta kipia hi
e26470	zd:23590	Nidang in Zomite thuman bek tawh pilna kizongin
e26471	zd:23252	Nidang aa alignment kizongsa
e26472	zd:13106	innsung ah gul kizongsak hi
e26473	zd:11897	Bomb zonsiam ui te kizongsak masa cihi
e26474	zd:20963	a sawtna ah kizongsang hi
e26475	zd:24089	kisin leng kizongsang thei zongsatna hoih khat a hihi
e26476	zd:25919	atawp na ah kizongsang in nuam kisa veve
e26477	pk:136	sabaak tawh kizongte kahto pah hi
e26478	zd:14583	kizongzong in, kimuzo mahmahlo ahih manin
e26479	zd:22779	mi a kizongzong tawh kiso ziazua hi
e26480	zd:18083	kimanthei nailo in, kizonsan hi
e26481	zd:19929	akappa matding in kizonsan
e26482	pk:135	veeng thusa in kizonthuk thei hi
e26483	zd:19652	Galkap Khat Innkuanpihte Tawh kizop Ding Deihsakna
e26484	zd:17719	Lasa nuam te in kizop zia ding
e26485	zd:13165	Zato vai leh nasep vai ah kizop na ding
e26486	zd:21991	aneu a kipanin mite tawh kizopdan pen sinsak ding
e26487	zd:16227	Mi tawh kizopdan siam a kici mite in
e26488	zd:18058	Rockmelon tawh kizopkhakna omngeilo hi
e26489	zd:17252	tuatawh kizopkhakna omloding hi
e26490	zd:13242	Mi tawh kizopnate ah zong kam manlang lua lo ding hi
e26491	zd:21916	Mipicingte in khangthu, ngeina thu, kizopnate a kan hamtang uh hi
e26492	ts:3284	US tawh galvai limtakin a kizoppih Israel ahihi
e26493	zd:13020	kuamah deidan omlo in kizoppih thei leh sangthei hi
e26494	zd:26591	kizoppih dah lel in
e26495	zd:19938	kizoppihte sangin mithak khat ki en ziau thei a
e26496	zd:21355	i lawmte' kizoppihte zong na hithei hi
e26497	zd:15234	Pawlpi le siate kizopzia a cidam takpi hiam
e26498	zd:24114	tua nutate kizopzia tel mahmah ka hih manin
e26499	zd:9251	kisam khempeuh kizosiang taktak hi
e26500	zd:17862	bangmah nawngkaina omlo in kizosiang in
e26501	zd:20387	nitaklam 8pm hunin Rescue Operation kizothei hi
e26502	zd:9254	bu 400,000 val kizuakkhia hi
e26503	zd:20153	462,000 bang Ticket kizuakkhia hi
e26504	zd:12744	Baghdad khuasung Ice Cream kizuakna ah
e26505	zd:24574	Zangkong a laibu lui kizuakna a laibute
e26506	zd:11281	inn kizuakte a kitatkik zawh kei leh
e26507	zd:21099	gamdangdong ah a kizuakthei pawlkhat om hi
e26508	zd:15167	mun awng tengah kizuakthei dinga
e26509	zd:22810	inn lam kizuan ciat hi
e26510	zd:24645	gamdang kizuan nawn lo ding hi
e26511	zd:15772	Tua khit ciang in lothak kizuan leuleu hi
e26512	zd:23990	paizia khat mah kizui hi
e26513	zd:24000	international best practices kizui ding hi
e26514	pk:117	a kizatna tawh kizui-in, sim ding ahi hi
e26515	pk:117	Hih aw tawh kizui-in ei Zolai
e26516	zd:14703	a hun tawh kizuiin khanto zel a
e26517	zd:9434	tua tawh kizuiin kigamta hi
e26518	zd:23286	Tua tawh kizuiin a min khiatna uh zong tuam pah hi
e26519	zd:20369	te hoihtak kizuilo ahih manin
e26520	zd:16018	zuihding thukhun te hoihtak in kizuilo ahih manin
e26521	zd:24464	Panlong thukimna a kizuilo veve
e26522	zd:20673	te kizuizui uh a thu kikumkum uh hi
e26523	zd:12427	thupia in kizuizui uhhi
e26524	zd:10894	thukimna a kineih hangin tua pen kizuk kik hi
e26525	zd:11145	a kizuk kik hangin hih thukham pen
e26526	zd:11110	amau' ngeina-tawh kizuui-in pahtaaksilpiak sumtang-in hongpia-a
e26527	zd:21066	kipuah zo lo, kizuun zo lo
e26528	zd:22815	i gam i lei kipuah kizuun zo lo ding hi
e26529	zd:19581	KL pen Selangor state laizang
e26530	zd:17800	KL khuasung atai Bus khat
e26531	zd:14885	Klang zato aom Canteen ah
e26532	zd:15686	Malaysia, Klang vengsung aom biakna sanginn khat meikang leuleu
e26533	zd:13303	KLCC kuamsungteng ah Security Drill bawlding in palik dimzihziah
e26534	zd:23427	Klinik ah kibuai pih
e26535	zd:12715	Nibong Tebal ah Klinik Lim ci'n Clinic hongkhin hi
e26536	zd:16815	Kluang ah Passenger tuanna meilengkhat meikanggawp
e26537	ts:3110	KNDF te'n SAC te' galvan honpi khat lakkhiat sak uh hi
e26538	ts:4587	Adangte bel KNDF zumpi lamte'n pulak un teh
e26539	zd:24318	AA te, KIO te, KNU te mipibup in pan pih uhhi
e26540	zd:16262	KNU bek mah hi-in tua zom ah RCSS hi
e26541	zd:23037	Topa' tungah lungdamna ka ko hi
e26542	zd:25189	Amau tegel tungah lungdamna lianpi i ko hi
e26543	zd:24123	Na kam mal ngiat tawh lungdam ko in
e26544	zd:20929	mimal in kobawl ding kilawmlo in mu ingh
e26545	zd:12546	Police Officer khat kammal ginalo tawh kobawlgawp cihi
e26546	zd:12479	Police te na kobawlgawp ahih manin
e26547	zd:15828	kobel Ready sa in aki omden hi
e26548	zd:14736	Kochi City panin Sri Lanka
e26549	zd:20682	Mi khatin hong kogawp ciangin
e26550	zd:12172	vanleng nasem te kogawp uh cihi
e26551	zd:24200	i deihna i kohnop khempeuh ki ngen thei hi
e26552	zd:11281	Topa hong makaihna lungdam ka kohnop man hi
e26553	pk:50	Eite in, koi lam i en hiam
e26554	pk:50	Taang, koi ah teeng a hi hiam
e26555	pk:58	Nang' ma inn koi a hia
e26556	pk:64	koi pan hong pai cih thei keng
e26557	zd:22136	koi lai ah pai na hiam
e26558	zd:23529	koi pan hong kipan hiam
e26559	zd:26385	Naungek koi ah suak hiam
e26560	1.4.9	Na sanggampa Abel koi-ah om ahi hiam
e26561	18.21.28	mi lianpa’ inn, koi-ah om ta ahi hiam
e26562	46.12.19	pumpi koi-a om ding hiam
e26563	19.121.1	huhna koi lai pan hong pai ding ahi hiam
e26564	44.12.18	Piter koi lamah a om hiam
e26565	pk:44	Nang inn koi pen hiam
e26566	pk:45	koi pen, nang singkuang a hia?
e26567	pk:45	koi lampi pen, Laito paina a hia?
e26568	pk:58	koi laibu nanga a hia
e26569	pk:58	Nangma laibu koi a hia
e26570	zd:9429	koi munah om nahiam
e26571	zd:9438	koi munah pai zel hiam cih pen
e26572	pk:51	koi-ah, cih dotnate dawng hi
e26573	zd:19953	Mat le hen koibang dan ahia leh
e26574	zd:24022	koibang in sumlehpai zong in
e26575	zd:24542	koibangin lungnop ni neithei ding hiam
e26576	zd:19953	Lock up, thong leh camp i cihte koibangin kilamdang
e26577	zd:23848	COVID-19 natna koici bangin kilawhthei hiam
e26578	zd:25026	Galkap koici bangin kinei ding
e26579	zd:24157	koici bangin kilemtuah thei ding ihiam
e26580	zd:24124	mipi te koiciang ah hongtun ta
e26581	zd:20823	a lungsim ngiat in koiciang huam hiam
e26582	zd:16434	Security hizah in akikhauhsak kawmkal ah koicibang in
e26583	zd:22282	koicibangin na sumlut khangsak ding
e26584	zd:22850	cih koicibangin ka theithei ding hiam
e26585	zd:23008	en koicih ding ihi hiam
e26586	zd:19591	koicih teel ding na hi hiam
e26587	zd:20538	Minam Makaihna ah koicih panmun lak ding
e26588	zd:24022	Tua leh koidan in zangh ih hiam
e26589	zd:23978	koidan in lampi omthei dinghiam
e26590	zd:17784	nang pomzia koidan ahi tam bel thei sam keng
e26591	zd:23112	banghun leh koigam a bang minamte genhiam
e26592	zd:21085	Koi mun koigam na tungzongin
e26593	zd:11587	Interview bangmah omvetlo in, koihcip uhhi
e26594	zd:11452	inn ah na koihcip laibu nih sangin manpha zaw
e26595	zd:12325	kipuah khollo in aki koihcip tammahmah hi
e26596	zd:20999	simlo in koihdak uh hi
e26597	zd:25927	thu hilhlo in ih koihdak leh
e26598	zd:15913	KBZ Bank ah sum koihding in Teng 270 pua in
e26599	zd:21869	a thak upna khat koihding a haksa mah a hihi
e26600	zd:20661	hoihtak Security koihding kizasak hi
e26601	zd:14566	akhutkhai thongkuah tungah koihhi
e26602	zd:16408	innmai kongkhak geinai ah koihkha ahih manin
e26603	zd:15067	innsung aom Cabinet anuai ah koihkha hi
e26604	zd:19631	Blacklist sungahzong aki koihkhin ahihi
e26605	zd:12097	pen ngimsa in koihkhin uh cihi
e26606	zd:21741	Na lungsimsungah tua a hoihna te koihkoih in
e26607	zd:25919	Pasian hong koihkoih na dinmun ah ki om himah hi
e26608	zd:17149	Warning Sign bangmah koihlo ahih manin
e26609	zd:23301	i hauhna tungah i lungsim koihlo ding
e26610	zd:18054	Passcode koihnading munah amanlo in mekkha ahih manin
e26611	zd:19527	Siluang avot a koihnading ZYA pan huhngetna
e26612	zd:24016	Nasep tuamtuam te koihphot in
e26613	zd:20195	second 3 bang koihphot ding hi
e26614	zd:22411	laihlo in koihphot a hoih pen hi
e26615	zd:20394	US kumpi in Myanmar pen Visa Sanction sungah koihta
e26616	zd:10997	dalnading Unified Radar System koihta
e26617	zd:20035	zinn pa lam ah koihthei lecin etlawm hi
e26618	zd:18104	avanneih te uh Mosque kiukhawng ah koihziau uh cihi
e26619	zd:20035	sabuai tung peuhah na piaknoppen koihziau ngeikei in
e26620	zd:21866	koikoi ah iom hangin ei mite pawlpi gol tawm mahmah hi
e26621	zd:20787	Programmer-te khasum pen koikoi ah tam mahmah mawk hi
e26622	zd:9445	Zomite mun tuamtuamah ki-om koikoi in
e26623	zd:9430	koikoiah i om zongin
e26624	zd:9433	koikoiah a om hangin a pa mah phawkden
e26625	zd:19260	Tua bang ava zin koikoina khuate in
e26626	pk:51	sepna tawh kisai-in, koilai-ah kisem hiam
e26627	zd:16914	koimun ah suak ding hiam cih akician a gen omlo hi
e26628	zd:19571	koimun ah na om zongin
e26629	zd:20168	Koi mun ah om in koimunah nasem nahiam
e26630	zd:11019	koimun koimunah i om zongin
e26631	zd:15539	koimunsan ah omlian cihpen kitheilo ahih manin
e26632	zd:21012	koipen cidam huai zaw ding hiam?
e26633	zd:22207	koipen dinmun ah om ihi hiam?
e26634	zd:14624	koimun koisan in nasemlo cih kitheipah
e26635	zd:18110	bangci bangin agawl koisan ah atding cih
e26636	zd:19311	nang koisung ah kihel?
e26637	zd:14720	nang koisung ah naki helkha hiam?
e26638	zd:25178	ka pa pen koiteng tung ding cih
e26639	zd:17208	koiteng ah bangsem cih ka kanzopak kei hi
e26640	zd:14686	Koimun koiveng ah Operasi lut ahih manin
e26641	zd:20763	Denciang koizaw sim ding cih
e26642	zd:19303	koizaw Company te ii nasemte hiam
e26643	24.44.28	amau’ kammal koizaw a manin tung
e26644	40.27.17	koizaw ka khah ding deih na hi uh hiam
e26645	zd:11639	Kokang tepen China tawh kilimzop mahmah uhhi
e26646	ts:5203	Tulaitak Kokang Region buppi ah SAC galkap khat zong om nawnlo
e26647	zd:17976	Tu in zong kokiang ah disciple ding in ong zui hi
e26648	zd:14613	kokiang ah bawlsiat athuak numeinu in bangmah Report hongbawlkei
e26649	pk:110	Ka lungdamna lianpi kong kokik hi
e26650	zd:19493	Tuakhit ciangin avun te kokkhia in
e26651	zd:15354	akhutteng avun kokkhia
e26652	pk:164	a lawmte hoih lohna bekbek a koko te
e26653	zd:24231	Topa tung ah lungdamna ka koko uhhi
e26654	zd:15972	na neih zah zah lungdam koko ding hi mai ei
e26655	zd:24072	cihlohnate koko kei in
e26656	zd:20263	Tua tungtawn in kolampan in kikumkhawm in
e26657	zd:16216	Ahihang kolampan lemtheilo in ka Cancel uh tamzawpian
e26658	zd:24186	kolbul tawh kisai in, keima thuakna thu nih
e26659	zd:24231	Tu in kolbul in a om hang in
e26660	zd:12575	Subang Jaya sungah kolbulhsa in mikhat taisuah
e26661	zd:26566	Kolkata ah a ten zawh uh kum 200 val khin zo hi
e26662	zd:10973	Tua zaan Kolkata a giak in
e26663	zd:24272	Kolkata pan aciah mi 2 hi uh a
e26664	zd:19332	Siamsin President kum 2 Kolkatta ah sem
e26665	zd:19866	Khualam Lingthuk ah lokhawh kom in
e26666	zd:24280	Lui sung khuat kom in Ziltuite kikhol a
e26667	zd:22805	Komtar vengsung ah June 15 ni in
e26668	zd:21599	George Town aom Komtar khuasung ah
e26669	zd:24176	kong hon lo pah ziau hi
e26670	zd:24176	kong kiu leuleu a
e26671	zd:22312	a inn kong mai ah
e26672	1.19.6	Lot pai-in kong lehkhak a
e26673	20.9.14	ama kong gei-ah
e26674	43.18.16	kong pualamah a khawl hi
e26675	1.18.10	puanbuk kong-ah na ngai hi
e26676	4.16.50	kikhopna buk kong Moses kiangah Aaron ciahkik hi
e26677	5.31.15	meii khuam in puanbuk kong gei-ah ding hi
e26678	20.8.34	ni simin ka kong gei-ah omin
e26679	26.40.27	kong leh kong kikal a teh ciangin
e26680	44.12.13	Piter in kong a kiuh ciangin
e26681	pk:108	kong it pa
e26682	zd:20071	kong it pen nangmah na hihi
e26683	zd:23424	Ka sungsuak tanu bangin kong it ding hi
e26684	zd:16052	kong it uh nu le pa u le nauteng aw
e26685	zd:17025	Ngaihsutna hong nong piak nading un kong thum hi
e26686	zd:23037	hih teng khempeuh Jesuh minin kong thum uh hi
e26687	zd:16813	Nongsap laitak kongdawn mankeileh Text Message ongkhak un
e26688	zd:13233	kongdawn nading mawtaw pen azai mahmahkhat ahimaw
e26689	zd:19223	Tua bangin konggei-ah hunkhat sung
e26690	zd:20470	konggei-a ki mek siklong a mek hi
e26691	zd:11594	Sazuk ci'n konggelh uh ahihi
e26692	zd:21309	atelloh om sa ka hih man konggelh kik hi
e26693	zd:17651	thupi kasak diak pawlkhat konggen dinghi
e26694	zd:8668	Minam lian thulu nihna konggen kik nuam hi
e26695	pk:108	kongit Cingno
e26696	zd:25360	kongit ka Zomi pih te kiangah
e26697	zd:20952	kongit, na paina na-ah hong zui ning
e26698	zd:19098	kongkhak gei ah ka nu na ding
e26699	zd:20470	kongkhak manlang takin kihon ziau hi
e26700	zd:15392	sing kongkhak sah mahmah khat om hi
e26701	1.6.16	a pang-ah teembaw kongkhak bulh in
e26702	40.7.7	kongkhak na kiu un
e26703	20.26.14	kongkhak in kawmheek tungah a kiheihei
e26704	2.40.28	biakbuk kongkhak ding kongpuankhai a mun-ah khai hi
e26705	2.40.6	biakbuk kongkhak mai-ah meihal biaknatau koihin
e26706	26.41.20	sual panin kongkhak zang kikal sung khempeuh ah
e26707	41.11.4	inn kongkhak mai-ah lano khat kikhihsa
e26708	26.8.8	kulh ka tovang a, kongkhak khat ka tuak hi
e26709	1.18.1	a puanbuk kongkhak-ah sun nisat laitak
e26710	zd:12742	Guta te'n mawtaw kongkhakman saktam in
e26711	zd:11389	mawtaw kongkhakman tezong vangsengsang hi
e26712	zd:17758	nogeel tungah lungdam kongko hi
e26713	zd:21282	hong kihel khem peuh tungah lungdam na thu kongko uh hi
e26714	zd:21149	Zeisu, namin in thu kongngen hi
e26715	zd:22159	kote Topa Pasian aw, thu kongngen hi
e26716	zd:25932	tawldam na kongpia ding hi
e26717	zd:20263	bangmah kamciam kongpia ngamkei a
e26718	zd:21321	Topa Zeisu kiangpan hongpai nopna thupha kongpuak uh hi
e26719	zd:16947	ci'n thupha kongpuak uhhi
e26720	zd:15469	nawngkaina athuakkha khempeuh kongthum uhhi
e26721	zd:20093	Tuabang athuakkha User tepen kongthum uh a
e26722	zd:11326	aziakailawh te kongthum uhhi
e26723	zd:16511	ziakaina hangin kongthuum uhhi ci'n genkhia hi
e26724	zd:11175	na theihsiamding kongthuum uhhi
e26725	zd:25908	Kumpi inn kongtual a tot laitak un
e26726	zd:15879	kongtual dim zeizai keei hi
e26727	zd:13199	innsung tawlet kongvang Window panin innpualam ah lawnkhia
e26728	zd:14935	kongvang sikzawl kawmah alu bektawh kikhai lenglang
e26729	zd:20168	deihsakna tawh kongzasak uh hi
e26730	zd:22620	nongpai loh ding uh kongzasak uh hi
e26731	zd:11340	itna leh zahtakna lianpi tawh kongzawn uhhi
e26732	zd:11064	tha piaciat ni ci'n kongzawn uhhi
e26733	zd:17215	kongzinglak hong ki vakvak zo lo hi
e26734	zd:22380	kuamah konlawh leh nawngkaisak lo in nangguak in sem in
e26735	zd:19065	inn nasep khatpeuh ah nang hong konlawh khak ciangin
e26736	pk:135	Beh sabawl tawh kop a, nasem khawm ding ahi hi
e26737	zd:23016	Geology pilna tawh kop khawmin
e26738	zd:24199	pilna leh ciimna a kop makai kisam hang
e26739	zd:24056	amah tawh kalsuan kop ding
e26740	pk:169	kop khat
e26741	zd:22877	amanlang theithei in ZAM palai te hong kopah un
e26742	zd:19530	amukha peuhmah in haigamtat ci'n kopah ziahziah uhhi
e26743	zd:16428	kopen tuno tawmbek ka hi uh aa
e26744	zd:16559	kopen Police hi ung ci'n ki pulak uhhi
e26745	zd:10662	ahi zongin kopen Javanese kahih manin
e26746	zd:13346	nupa kopkhat in ta khatta bek neithei uhhi
e26747	zd:25154	Nupa kopkhat guak
e26748	zd:11941	Singapore nupa kopkhatin inn nasemnu an ngawlhcip in
e26749	zd:21079	Ngeina hoihte-tawh kopkhawm lehang
e26750	zd:22457	muhdahna leh zuauthu kopkhawm
e26751	zd:24244	pen ki kopkhawm hi
e26752	zd:9230	Lewis Miller tawh kopkhawma a phuat uh ahi hi
e26753	zd:9262	Bliss tawh kopkhawma a khet uh Gospel Hymns
e26754	zd:9261	a sanggamnu tawh kopkhawmin
e26755	zd:9229	Gaither-te nupa in Fred Bock tawh kopkhawmin
e26756	zd:25672	Mihonte tawh kopkhawmin i Topa na zahko hi
e26757	zd:23828	koppih zonna vai ah
e26758	zd:11955	Mo nu in a koppih ding Mopa ki sam hi
e26759	ts:2152	Koran Laisiangtho bu tungah
e26760	zd:11799	Koran laisiangtho bukhat puakhawm hi
e26761	zd:16906	South Korea gam ah Inn kaang
e26762	zd:14942	North Korea in US phin kik ta
e26763	zd:25616	Kawlgam ah missionary a hong pai Korean te
e26764	zd:11598	Malaysia kumpi in North Korean Ambassador pa agampan hawlkhia
e26765	zd:24467	Koreate zong laisim thahat khom mahmah uh hi
e26766	zd:24320	Tua Nulepa Ni pen Koreate in na nei uh hi
e26767	zd:26643	Korinth Pawlpite zong Kha sungah nungta kisa mahmah uh
e26768	zd:13354	Sawltak Paul in Korinth pawlpi te tungah a thuhilhna
e26769	zd:21991	na piak ciangin lungdam kosak hamtang in
e26770	zd:21991	anute in lungdam kosak uh hi
e26771	zd:11058	Kuala Lumpur khuapisung Kotaraya kuamsungteng ah
e26772	zd:16666	Kuala Lumpur khuasung, Kotaraya kuamsung aom
e26773	pk:74	kote in, ka pai ding uh hi
e26774	zd:23766	kote adingin hoih zaw hi
e26775	zd:24959	kote tawh hong omkhawm ta in
e26776	23.26.17	nangma hangin kote pen naupaii numei
e26777	43.6.68	kote in kua kiangah pai ding ka hi uh hiam
e26778	44.2.32	kote khempeuh in teci ka hi uh hi
e26779	52.3.3	Hih gimnate thuak dingin kote hong kikoih hi
e26780	1.43.4	kote paisukin nang’ ading an ka lei ding uh hi
e26781	44.27.15	kote in nial zo loin
e26782	44.20.5	Troas khua-ah kote hong ngak uh hi
e26783	42.17.13	kote hong hehpih in
e26784	52.5.25	kote ading thu hong ngetsak un
e26785	40.15.15	Tua thugentehna kote hong hilh in
e26786	zd:15861	kanu leh ka u tawh koteng bel radio ngai in
e26787	zd:11110	koteng nuam kisa-in
e26788	zd:23649	kou ZCF a om te zong
e26789	zd:24604	kozong honghuh dinghi ung
e26790	zd:12515	kozong theikha kei ung, bangmah hongki zasakkei
e26791	zd:12307	amau ii Background pen kozong kasitcian uh kul hi
e26792	ts:2529	Russia kumpi zum omna Kremlin
e26793	zd:11215	Kremlin in Russia leh Turkey in Syria ah
e26794	zd:23027	Idol pen Kristian nuntakna tawh zong ki tuak lo hi
e26795	zd:25056	na Kristian nuntakna kiplo ahih manin
e26796	zd:12048	hih KTV pen akipat sawtnailo a
e26797	zd:12048	sumzon nadingin KTV abawlnuam ahihleh
e26798	pk:44	Hih laikung kua a ahi hiam
e26799	pk:45	kua in, suanglai kitamsak a hia?
e26800	pk:58	Hua lai-ah kua om a hia
e26801	pk:58	Hih laibu kua a a hia
e26802	pk:122	kua dawn ding
e26803	ts:261	Na nu na pa kua
e26804	zd:15700	kua a khial ngeilo om
e26805	zd:26385	Thutak a awlmawh lo kua
e26806	21.2.25	Pasian kihel loin kua in an ne-in
e26807	19.18.31	Topa longal, Pasian kua hiam
e26808	40.12.48	ka sanggamte kua ahi uh hiam
e26809	41.3.12	Amah kua mi ahi cih gen lo dingin
e26810	18.25.4	Pasian’ muhna-ah kua dik zo ding a
e26811	40.22.20	Hih kua min, kua lim ahi hiam
e26812	pk:122	Zusa a kua ah lut hi
e26813	pk:162	kum kua-a tung lo
e26814	zd:21074	ih sumtung ah kuabang te' ih tuangsak tam
e26815	zd:12882	kuabang te' kuankhia cih in thugen ding
e26816	zd:25569	kuabeh kuaphung, kua minam cilo-in
e26817	zd:17206	tua Motorcycle tawh khualzinte pen kuacih ki theician nailo cihi
e26818	zd:11283	amipen kuacih ki kancian nailo cihi
e26819	zd:17097	Escalator tezong kuacik mahmah hi
e26820	zd:14969	khuasung kongzing kuacik mahmah ahih manin
e26821	zd:12048	asung kuacik in
e26822	zd:12688	ih mailam ding kuadang in geel ding aa
e26823	zd:12333	kuadang kul lo nang mahmah in
e26824	zd:15103	Security Guard khat hong kuadawk panhi
e26825	zd:22860	khatvei zong hong kuadawk nawnlo thei lai hi
e26826	zd:15830	anu apa kuahiam cih kankhiading cihi
e26827	zd:15874	kuahiam kuan ding ih gam a ding in
e26828	pk:157	Daipam singdawng kuaihzawh ciang
e26829	zd:21421	Lamka kual bek atuaci hiam
e26830	zd:25357	Hualngo kual Rihkhawdar Township sungah
e26831	zd:25120	Cikha kual Covid panpihna kipia theilai
e26832	pk:97	kual kisam lo hi
e26833	zd:24168	Malaysia khuapi Kualalumpur i tung uh a
e26834	pk:35	Pak kualkhat
e26835	zd:16139	Khuamite hanciamna le a kuamaciat deihsakna hangin
e26836	zd:23538	Malaysia om Zomipih a kuamaciat
e26837	zd:11400	kuamahin nial ngam lo-in
e26838	zd:16856	kuamahin bangmah ahilh thei non kei hi
e26839	zd:9136	kuamahmah silain kinei thei lo ding a
e26840	zd:21843	kuamahmah tung panin sazaan sum aki la kei aa
e26841	zd:24043	cih zong kuaman theilo hi
e26842	zd:24117	kuaman an pialo ding hi
e26843	zd:22686	Inn sungah kuaman khedap bul lo uh hi
e26844	zd:9242	mizawng mihau a kuamapeuh adingin
e26845	zd:9233	A kuamapeuh in a deih mahmah
e26846	zd:10745	Zomipih a kuamapeuh paikimciat dingin
e26847	zd:21517	kuamapeuhin lametna lianpi i nei hi
e26848	zd:22334	kuamapeuhin deihsakna tawh
e26849	zd:12422	Landmine akisiahna kuampi 3 om cihi
e26850	zd:20717	Gamsung meikatna kuampi pen 7280 Hectares bang kangtumkhin kici a
e26851	zd:25094	Galphual kuampi khat pen Galkap mang khat ta in vaipuak la
e26852	zd:17748	Hih kuamsung ah bangmah buaina omnawnlo in
e26853	zd:17411	Tua kuamsung ah akigawm in mihing Population 71,373 bang omding
e26854	zd:17228	Bukit Bintang kuamsung tengah Operasi lut in gamdangmi 125 kimankhia
e26855	zd:15481	Tua Area kuamsungteng bangmah lauhuaina omnawnlo hi
e26856	zd:14947	Myanmar Embassy kuamteng ahzong palik te dimzihziah hi
e26857	zd:21984	Tonzang huam Cikha kuamteng ah mipi tawh kimu kawikawi
e26858	zd:10951	kuan tuate kai khawm ding
e26859	zd:19953	Mat le hen kuan tavuan la ding
e26860	zd:20028	kuan sawt pua pen hiam
e26861	zd:24598	Leitung bei kuan ta hi
e26862	zd:22856	nalup kuan in nek kidawm in
e26863	zd:12525	Tuanu pen nasep kuanding in apai hi a
e26864	zd:10931	nasem kuanding leh khualzin mi tampi
e26865	zd:23437	Tonzang lam pan a kuanding teng
e26866	4.7.13	shekel za leh sawmthum a gik ngun kuangdai khat
e26867	4.7.84	ngun kuangdai sawm-le-nih, ngun kuang sawm-le-nih
e26868	4.7.85	ngun kuangdai khat ciangin shekel za leh sawmthum gikin
e26869	41.6.28	kuangdai khat sungah a lutang hong paipihin
e26870	zd:12477	tuakhit ciangin mei kuanggawp hi
e26871	zd:19470	Building avekpi in kuanggawp in
e26872	zd:13324	adangzong mawtaw 4 bang meikang in kuanggawp cihi
e26873	zd:21473	Esau bang in an kuangkhat peuh
e26874	zd:13129	amahzong kuangkhat aneding in kithai hi
e26875	zd:24327	NLD pan kuanglui nuam mi 28 phakhin ci
e26876	zd:24603	mimal 6,038 in mee kuanglui uh ahi hi
e26877	zd:21470	kua in kuanglui sawm
e26878	zd:24277	2020 kum kuangluii nuam te in nang leh nang kisit tel in
e26879	zd:24277	nihvei kuangluii aa, khatvei a gualzo te in
e26880	zd:21137	MP ut nahih leh na kuangluina bial
e26881	zd:24697	mee kuangluina khawkkhatna
e26882	zd:12024	kuangsawp ding mi 1
e26883	zd:19932	Ansai khatah kihhuai takin kuangsawp laitak Video kizaihkha in
e26884	zd:17448	Hotel ansai ah kuangsil ka tha lawh a
e26885	zd:24276	anhuan puansawp kuangsil te nangawn semsak lo hi
e26886	zd:22116	mohte a kuangsungah maitai tak in koih hi
e26887	pk:155	kuangtaw zut oh
e26888	zd:15296	Hotel ii atunglamteng kuangto cihi
e26889	zd:19383	vandawn ah sangpi in kuangto zaizai in
e26890	zd:18099	Vanleng akiatsuk ciangin mei kuangziahziah a
e26891	zd:12502	Anuai ah meikuang lauhuai mahmah in kuangziahziah a
e26892	zd:14652	Nasep kuanhun leh sangkah hun cihte
e26893	zd:20823	ni sangta, vai kuanhun luata hi
e26894	zd:15636	September kha bei kuanin nasepvai khat tawh Yangon ka zin suk
e26895	zd:25484	Moses in a sih kuanin kamsanna tawh
e26896	ts:3369	Nitum dek kuanin
e26897	zd:12293	Search and Rescue Team te kuankhiapah hi
e26898	zd:17743	London Ambulance Service tetawh kithuah in kuankhiapah uhhi
e26899	zd:11138	Rohingya te huhna apuakding Malaysia tembaw kuankhiata
e26900	zd:19826	inntekte kuamah nasem kuanlo uh a
e26901	zd:23155	kuanpi kimawl loin Futsal kimawl ding in kikipsak hi
e26902	zd:22714	Inn kuanpih te lunggulhna om bang in
e26903	zd:16989	ka inn kuanpih te ahoih nak leh phazo
e26904	zd:12436	a kipat cil a kipan inn kuanpihte in limtakin
e26905	zd:21419	Malaysia, Kuantan aom innsung khatah
e26906	zd:13138	Malaysia, Kuantan ah Motorcycle tawh apailai khat
e26907	zd:11240	hih naupang kuapaih hiding cihpen kankhiading uh cihi
e26908	zd:11980	hih naungek pen kuapaih hiam cih kankhiading uh
e26909	zd:17804	kuapeuh ki mapang theilai hi
e26910	zd:25626	naupang, uham, mipil leh ulian kuapeuh tawh kikhawlh siam mi hi
e26911	zd:23843	Hih natna in kuabeh kuaphung, gamgi neilo'
e26912	zd:17876	mihingkhat kuami kuasa hiam cih lahcianna
e26913	zd:22821	kuami kuasa cih ki theician nailo
e26914	zd:20170	kuasah ci'n sa kigawh in
e26915	ts:301	bawng 11 le laa 2 tawh a pi kuasah a go hi
e26916	zd:12021	na phone sungah kuatawh kizom
e26917	zd:12639	kuatawh kipawlhiam cih
e26918	zd:23546	IMMIGRANT VISA kuaten NGEN THEI
e26919	zd:21581	Kuchai Lama ah Police te'n damiah mi 5 kaplum
e26920	zd:22019	A MUN Kuchai LAMA
e26921	zd:12024	Kuchai Lama – Kuangsawp ding mi 1
e26922	zd:18270	Kuala Lumpur pan Kuching azuan vanleng sungah
e26923	zd:20738	Malaysia, Kuching ah gial tampi kiagawp in lamdang kisa mahmah
e26924	zd:16617	a aw neihzah in kugawp in taikhia vingveng hi
e26925	zd:22618	kugawp in ki patau mahmah hi
e26926	zd:16340	Mi lawhcingte kuhkal ngiat uh hi
e26927	zd:20241	citak kuhkal in gal hang mahmah hi
e26928	zd:16340	kuhkalna in hong lawhcingsak ding hi
e26929	zd:25067	Tuabang kuhkalna i neih zawh nading in
e26930	zd:9448	cihtakna, kuhkalna, leh thanuamna nei un
e26931	zd:9453	Zu, kuhva, khaini, zatep, tuibuuk
e26932	zd:19810	temtawh kuikekgawp in
e26933	zd:20555	apumpi tungah aki kuikha
e26934	zd:24026	natna lungno omna muntak kuikha lo khathei
e26935	zd:24502	pilna kuitung angah dingin
e26936	zd:24160	itna a kuitung ding thupi hi
e26937	zd:25152	thagumsuahna bel kuitung ngeilo ding hi
e26938	zd:20584	Kuki sunga mi tam pen Thadou hi a
e26939	zd:24227	Manipur a omte in Kuki-Chin kici uh hi
e26940	pk:37	i theih kul hi
e26941	pk:76	a dang kammal gawmbeh kul loin
e26942	zd:20755	Tuaciangin zatui i nek kul hi
e26943	zd:21092	Tuitam piak luat kul lo hi
e26944	zd:21260	Lai zong sim kul lo
e26945	20.6.31	a neih khempeuh a piak kul hi
e26946	25.5.4	Ka tuidawn ding uh lei ding kul a
e26947	21.10.10	nakpi takin sat kul a
e26948	26.16.58	zumhuai gamtatna teng na thuak kul hi
e26949	24.2.24	Amah a zong nuam peuhpeuh in gim kul se loin
e26950	43.2.25	ama kiangah a gensak ding a kul kei hi
e26951	26.39.10	gamlakah sing tom kul lo ding a
e26952	58.9.16	sih ciamna lai-at mi a sih phot kul ding hi
e26953	46.16.2	kaihkhop tawm a kul nawn loh nadingin
e26954	24.10.5	lam pai thei lo uh ahih manin puak kul hi
e26955	zd:13230	Johor Baru leh Kulai khuapekpan inzong meikhu ki galmuhthei hi
e26956	zd:12534	nisim in siansuah kulden cihi
e26957	zd:20764	nisim in zateepding kaleisak kulden cihi
e26958	zd:14787	apatpan sintawm ciatciat kulden hi
e26959	zd:12327	10,000 piakbeh kulding ci uhhi
e26960	zd:15445	Mobile Phone sungah na Install kulding hi
e26961	zd:12094	Surgery tampi kibawl kulding
e26962	zd:11001	Trump in kulhbaang bawl ding a geelna
e26963	zd:11005	Mexico in kulhbaang cian ding kisam lo hi
e26964	zd:11001	Mexico in kulhbaang bawl ding kisam kisa lo a
e26965	zd:16637	International Law pen zahtak kulhi
e26966	pk:126	kuli vanpuate thaman piak lohna
e26967	zd:12825	Kulim Hospital ah kipuaksuak cihi
e26968	zd:19414	Kedah, Kulim khuasung ah aomkhat hi a
e26969	zd:23191	tate pattah, hilh, tai kulkei
e26970	zd:13070	Sangkah sak kulkei ci-a
e26971	zd:16676	tawlkhat zato ah ki koihsuakphot kulkhading cihi
e26972	zd:11782	tudongmah sangkah kullai ahih manin
e26973	zd:15572	Ama' deihna bang a gamtat luhek kullai hi
e26974	zd:24236	thasan mahmah kullai hi
e26975	zd:12942	tamveipi Surgeries bawlbawl kullaiding hi
e26976	zd:17735	bangzah in thupi cih gengenmah kullaiding hi
e26977	zd:25512	paupen sinsak kulloh in hong thei lel ding uh hi
e26978	zd:19309	Ei do kulloh
e26979	zd:20569	kullopi-in mi ka ngawh
e26980	zd:15636	a kullopi in a kibuai lunglung thei ding
e26981	zd:13030	vanlengtual ah giakcip kulmawk hi
e26982	zd:12717	innpan kaki hepkhiat uh kulmawk hi
e26983	zd:17958	A kulna munah pilna le hangsanna
e26984	zd:22701	A kulna ahang zong kibang hi
e26985	zd:24217	va gensiat gawp a kulna om hetlo mah hi
e26986	zd:25569	cih gengen a kulnawn kei hi
e26987	zd:24847	ki dotdot kulnawn lo hi
e26988	zd:12336	hun mawkbeisak kulnawnlo hi
e26989	zd:25573	minamni cih bang sese kulnawnlo ding hi
e26990	zd:17622	Flight 70 bang Cancel kulpah hi
e26991	zd:13270	agamah aciahding inzong akigin kulpah hi
e26992	zd:16235	a bei zahzah sumtang in napiak kulphot ding hi
e26993	zd:23345	Rule of Law ih kisinpah kulphot ding hi
e26994	zd:25454	Pasian in kulsa hi leh
e26995	zd:23653	neih ding khawng kulsa lo thei uh hi
e26996	zd:15337	Mei tawh haltum tektek kulse ahiam
e26997	zd:25932	hihteitei suk kulse lo hi
e26998	zd:22540	lampithak ih zawtding hong kulta hi
e26999	zd:16788	sumtawh kipawl a kulta hi
e27000	zd:24749	ih ki puahphat kulta hi
e27001	zd:19051	Ciah mai kulve maw ci kawmkawm in
e27002	zd:25562	Mangpha cihmai kulve maw
e27003	ts:3125	Tua pen 2013 kum ahi hi
e27004	ts:4569	kum 10 khit ciangin
e27005	ts:6573	kum 16 gual pasal khat
e27006	7.9.22	Israelte tungah kum thum sung uk hi
e27007	1.7.6	Noah kum zaguk pha hi
e27008	11.6.37	A kum lina, Ziv kha-in
e27009	1.41.53	kum sagih sung hauhna bei ta hi
e27010	pk:130	kum'sia ding leh kumpha ding ciinna in kizang hi
e27011	zd:20176	Tua kumaa dingin Construction Ministry panin K500,000 kipia hi
e27012	zd:21590	Series 2- na in 2008 kumaa aki suaksak hi'n
e27013	ts:3562	Hong tung ding 2024 kumah kiteelna neih kik dingin
e27014	zd:24422	2020-2021 laisin kumah
e27015	zd:15807	kumbangzah thong kiading cihte ki pulakding hi
e27016	zd:21900	khabangzah leh kumbangzah atungding cihpen
e27017	zd:15459	Kei zong kumbei ni in ka khankhiatna ka khua ka tungkik hi
e27018	zd:21409	UNHCR in 2019 kumbei ciangin
e27019	zd:25488	kumbei kuan teh
e27020	zd:21409	tuni akipan 2019 kumbeidong
e27021	zd:19088	April khapan kipan 2016 kumbeidong
e27022	zd:14795	maikumsung kumbeikuan ah ki hawmkhiatsawm cih kiza hi
e27023	zd:10793	nithak, khathak, 2017 kumbul ah dingin
e27024	zd:16257	2009 kumciang in hih sangsiapa ii gamtatna pen
e27025	zd:11438	2020 kumciang amansiang sawm uh hita hi
e27026	zd:12567	Akiteenzawh 2013 kumciangin tanu khat neithei uhhi
e27027	zd:17735	2017 kumciangin Car Accident pen 5949 vei piang in
e27028	zd:17711	2020 kumciangin Dubai City sungah
e27029	zd:17634	Pawlpi deidan omlo, minam deidan omlo, kumciangtanlo
e27030	zd:12039	Laitui ah kumcin khawmpi aneih lai tak hi
e27031	zd:19971	kumcin Meeting ka kihel kha ngei hi
e27032	zd:13013	a 4veina pen kumcin kikhop hipah ding hi
e27033	zd:12039	EBC pawlpi te Laitui ah Kumcin Khawmpi aneih lai tak hi
e27034	zd:12366	Zomi Innkuan USA Kumcin Khawmpi 2017
e27035	zd:13323	naupang kumcing nailo tepen
e27036	zd:16332	kumcing nailo, aguh ataang khauhnailo ahih manin
e27037	zd:19282	kumcing nailo tate a ding
e27038	zd:11654	Pawlkhat kumcinglo in akiteeng teleh
e27039	zd:14599	Naupang kumcinglo akiman vekpi pen 3 pha uh a
e27040	zd:17681	mi 13 pen kum 18 nuaisiah, kumcingnailo ahihi
e27041	zd:14648	naupang kumcingnailo akiteeng tammahmahlai kici hi
e27042	zd:15107	ei kumcingsa te bang in thu ngaihsun thei nailo uh
e27043	zd:24074	kumcingsa mi 328 te RM 90 ngah uh a
e27044	zd:13323	Tua kumcingsa leh naupang kumcing nailo tepen
e27045	ts:1202	Tukum lenggah pen kumdang bangin gah hoih phalo
e27046	zd:24186	2020 kum pen kumdang bang lo in
e27047	zd:13133	kumdang sangin alei tawmzaw hi
e27048	zd:17526	Thongkiat kumding aki khiapsak pen lamdang kisa mahmah in
e27049	zd:16381	1995 kum panin 2013 kumdong
e27050	zd:21649	2007 kum panin 2013 kumdong sem a
e27051	zd:19166	Nasepna tawh kisai kumh dingin
e27052	zd:20176	Chairman pa kumh tuan nawnlo in
e27053	zd:21974	khangtosa gam-te ah kumham tam semsem
e27054	zd:23529	kumham a tamzawte zong
e27055	zd:17733	2010 kuminzong Indonesia gamsung aom Mount Merapi kici meimual
e27056	zd:17301	thongzong kumkhatbang ki kiasakthei hi
e27057	zd:21020	kumkhatin mi 150,000 bangin sihlawhden
e27058	zd:11124	kumkhatin khatveikhangbek innlam aciah hihtuak hi
e27059	zd:15822	kumkhatsung bekbek in gamdangmi Tourist akigawm in
e27060	zd:10729	Banghang in kumkhatsung in kumthakni misi tampen
e27061	zd:15779	Myanmar gammi 7 tezong kumkhattek thongkiading in thu kipia
e27062	zd:15354	kumkhatval vive asemkhin kici hi
e27063	zd:25221	kumpi-pilsinnasang zong kumkhatval bang kikhak aa
e27064	zd:11848	ngaihsutna te mah ki kumkhawm uhhi
e27065	zd:25047	maitang kimu tuah in holim kumkhawm thei hile uh
e27066	zd:15800	Khuado pawi kumkhen pawi I cih mah bang in
e27067	zd:15622	Tutung kumkhen khuado pawi ah
e27068	pk:131	kumkhen pawi bawlna ahi hi
e27069	zd:15861	nang le kei tang bang dam in khan kumkhua sawt
e27070	zd:16038	Nakhan kumkhua hongsawt hen la
e27071	pk:130	nang in kumkhua na thei a, kong dong e
e27072	zd:15800	Khuailakna leh kumkiik ciang ding etkholna
e27073	zd:21050	Zeisu' hong kumkik dong akimang ding hi peuhmah lo hi
e27074	zd:12985	Engine Casing kitam in amanlang in kumkik
e27075	zd:19929	2018 kumkipat akipan tuciangciang
e27076	zd:12641	School Year kumkipat simin
e27077	zd:17185	Thu-um mimal a kumkum in khangto hi
e27078	zd:22650	A kumkum in tuilim te hong tawm semsem
e27079	zd:24932	NLD in 2015 kumlai sang in zong tam
e27080	zd:19581	Tua hunlai in 1980 kumlai KL khuasung TV ah
e27081	zd:16194	natna haksatna tawh kumlang phial thuakin
e27082	zd:13181	2017 kum kumlang bang hong tundong
e27083	zd:25392	Khuado pen kumlui leh kumthak khenna hunpi khat hi
e27084	zd:21957	kumlui 2018 hong beita in kumthak 2019 hong tungta hi
e27085	zd:12301	2010 kumpan in akipan uh hi a
e27086	zd:15184	iPhone Smartphone hongkipat pen 2007 kumpan hi a
e27087	zd:12787	2014 kumpan 2016 kikalsung in
e27088	zd:20263	2014 kumpanin Fraud Case vai hong om a
e27089	zd:20367	abeisa 2011 kumpanin 2015 kum kikal
e27090	zd:15842	1990s kumpawl in Kandawgyi Lake kici bualtui gei ah akilam ahihi
e27091	zd:10992	2015 kumpek in thupiang ahihi
e27092	zd:14963	2010 kumpek panin palik alut ahihi
e27093	zd:16588	2000 kumpek in ui khawi nawnlo uh hi
e27094	zd:19801	2015 kumpekpan akipankhia ahihi
e27095	zd:24490	2008 kumpekpan na hikhin hi
e27096	zd:17802	akipatkhiat 2002 kumpekpan hita a
e27097	zd:16177	tukum 2017 kumpen beinailo a
e27098	zd:23943	Zeisu asihleh athawh kik kumpen AD30 pawlhi-a
e27099	zd:25678	kumpi nasem te zong a kumcin teh pension kipia
e27100	zd:25573	Kawlpau a paulo khat in kumpi sem theilo hi
e27101	zd:24215	China kumpi in Taiwan pen gamtuam khat hi loin
e27102	zd:21657	kum 2 a phak in kumpi huangsung pan in ki hawlkhia hi
e27103	zd:11819	Johor kumpi huangsung ah Petrol Bomb alawnphei pasal khat kiman
e27104	zd:25678	kumpi nasem te zong a kumcin teh pension kipia
e27105	zd:20403	kumpi nasem hihna tawh 2006 kum in kawlpi ka tung hi
e27106	zd:24471	kumpi nasem ah Zomi te tampi tak kihel ta hi
e27107	zd:10742	ZYA in kumpi nasemte tawh khut kilen in ma pangkhawm ding
e27108	zd:18200	kumpi nasemte zong atuntunna vuah missionary suak pahpah uh hi
e27109	zd:24854	pawi bawl ding ciangin kumpi phalna nget kul a
e27110	zd:20912	Malaysia kumpi phalna tawh aciahkhin mi
e27111	zd:15637	kumpi theihpihna tawh crusade kibawl
e27112	zd:12493	kumpi theihpihna ngahlopi in illegal gambling akihongsim
e27113	zd:20167	kumpi theihpihna tawh gampualam ah azinkhiatebek hiding a
e27114	zd:22813	kumpi thukhun ombangin thu kibawlding hi
e27115	zd:19953	kumpi thukhun tawh aki tuaklote man veve uh hi
e27116	zd:22223	Malaysia kumpi thunei te'n bang acih uhdiam
e27117	zd:15379	kumpi thunei te tungah ki ap pah ding hi
e27118	zd:17990	Sum bawlna khempeuh kumpi thunei ten len cip
e27119	zd:23791	leitung kumpi thuneihna tawh dal zawh ding hi lo hi
e27120	zd:21040	ama kumpi thuneihna tawh ama thu amang ding in
e27121	zd:16055	kumpi thuneihna nam 3 lak ah khat ahi
e27122	zd:24166	Tua hangin kumpi thuneite in gammite nasep hanciamna phat uh hi
e27123	zd:10910	Tua ahih manin kumpi thuneite tawh kinawkna ong om toto hi
e27124	zd:14505	gamnih kumpi ulian te kimuhkhop a
e27125	zd:25060	kumpi ulian te hong zin ciang in
e27126	ts:3506	Delhi pen kumpi vaihawmna leh phualpi-in kiciamteh hi
e27127	zd:21215	Zangkong ah kumpi vaihawmna tawh
e27128	pk:125	Mikang kumpi-in nisuahna lam gamte hong keek a
e27129	pk:126	ngetna nam kuate Mikang kumpi-in a piak ding
e27130	zd:14722	khautawh damdam in khaisuk in kumpih uhhi
e27131	zd:14692	amanlang in anuai ah ki kumpih ngeingai hi
e27132	zd:23821	kidopna ding tawh kisai kumpilam te ahi zongin
e27133	zd:11176	Tedimkhua aa kumpilam thuneite'tungah muhkhialh lohding kisam hi
e27134	zd:15583	Britain kumpino Prince Charles zong kawlgam ong pai ding
e27135	zd:16395	Britain kumpino Prince Harry in US Nungak khat Zuthawlpia
e27136	zd:11891	kumpisang khempeuh ah Kawllai kisin a
e27137	zd:12101	Kawlgam sungah kumpisep hongkipan uh a
e27138	zd:19614	kumpisung thuthang te zaknop semsemleh kilawm hi
e27139	zd:19516	Tulai Zogam kumpisung thuthang tawh kisai
e27140	ts:3125	Malaysia kumpite tungah lungdam koh ding
e27141	zd:24376	kumpite in tangko khia khin uh hi
e27142	zd:25281	Gam uk kumpite ngawh kei in
e27143	zd:10687	Australian kumpiten Australia gambup Census hong kaikhawm uh hi
e27144	zd:24036	kumpiten vaipuak tavuan la uhi
e27145	zd:19721	kumpithak in akhawlsakding ahihi
e27146	zd:18065	akizang sum tungah kumpithak ii alim tawh kilaihding
e27147	zd:16663	Myanmar President asawtlo in Japan ah kumpivai tawh zinding
e27148	zd:12101	China ah kumpivai tawh khualzin
e27149	zd:23049	Myanmar kumpizum te ah Kawllai gelhnading in Unicode bek kizang tading
e27150	zd:19966	Malaysia kumpizum panin Home Minister ngiatzong kihel ciliang hi
e27151	zd:17844	Passenger pawlkhat kumsak, pawlkhat tuanbehkikzel ahih manin
e27152	zd:12632	Passenger khempeuh khatkhitkhat abanban in ki kumsak in
e27153	zd:17088	Abeisa kumsangin aliampen mi 23 tamzaw hi
e27154	zd:20547	abeisa kumsangin tamsemsem hi
e27155	zd:15941	apatawh kumsawmval sem khawm in
e27156	zd:21409	Chin Refugee tepen kumsawmval hihgamsung ah ki omsak khinta hi
e27157	zd:25318	kumsawt nuntakna pen Lai Siangtho in zong thupha ngah khat in
e27158	zd:14648	kumsawt pipi zinkhiatmangsan uhhi
e27159	zd:21099	kumsawt hong lenkip hi
e27160	zd:22983	kumsawtpi tuabang a sepkhit ciangin
e27161	zd:23929	kumsawtpi a nuntak nadingin
e27162	zd:24276	kumsawtpi kibawl lo in omleh
e27163	zd:16506	kumsial ka paidetna mun ahi Shan gam lam kapai ding hi
e27164	zd:19203	Piteek nuteek te'n zong kumsial Khuadoni ta in
e27165	zd:21348	kumsim October 31 ni pen Halloween ahi hi
e27166	zd:23466	Bang hangin kumsim Christmas bawl ihi hiam?
e27167	zd:25710	van pawlkhattawh hong kumsukkik uhhi
e27168	zd:14829	anuai ah kumsukkik theipan uh cihi
e27169	zd:16294	atute leh amakpa kuamah hong kumsuklo uh cihi
e27170	zd:15266	mawtaw tungpan in kumsuklo in, atutna ah omcip
e27171	zd:17179	Malaysia gamsung ah 2017 kumsung gamdangmi 47,092 kiman
e27172	zd:17689	2017 kumsung Road Accident hangin misi 6740 pha
e27173	zd:23797	tua kumsung tawntung
e27174	zd:18893	2017 kumsungin Hacker te'n kankhiat baihasak phadiak Password 20
e27175	zd:19671	2015 kumsungin Anwar Ibrahim pen
e27176	zd:22744	kumtam khit a ta neite
e27177	zd:22429	kumtam nungta zaw thei uh hi
e27178	zd:15323	kumtam thupha ahi hi
e27179	zd:15207	kumtamkhin puteek khatin mawtaw ahawl laitak
e27180	zd:16389	pasal kumtamkhin khatin Circus Tiger khat an apiaksawm laitak in
e27181	zd:17822	tepen luiluata, kumtamkhin luata hi
e27182	zd:19178	leitung ah pasal kumtampen in ki ciamteh
e27183	zd:24234	ci-in kumtampi sung kiphun hi
e27184	zd:21876	mikhat kumtampi sung vakthap thei hi
e27185	zd:17593	2016 kumtawh tehkakna in
e27186	zd:22429	A kumtawh kituak lo in
e27187	zd:25394	Ka kumtawm lai nikhat
e27188	zd:12409	kumtawm mahmah khatleh kumtam mahmah khat kiteeng
e27189	zd:21037	kumtawn khatawn ih tuhkhop hang'
e27190	zd:21327	2015 kumteh gambup kiteelna kilutkik theipan hi
e27191	zd:16433	2001 kumteh keizong general worker khatin na vasemkha ing
e27192	zd:23486	kumthak thupha mikim tungah hong tung tahen
e27193	zd:19275	Myanmar gambup ah kumthak muakna in
e27194	zd:10729	Banghang in kumkhatsung in kumthakni misi tampen citciat hiam
e27195	zd:17252	2018 kumthakzawh Myanmar gambup ah zinling 14 veibang omkhin
e27196	zd:24712	Minam vai pen kumtul kumza khualna hi aa
e27197	zd:19679	kumtul nih valbang apaikhit teh
e27198	zd:16630	sangnaupang khat cih Kumudra News pan kiza hi
e27199	zd:21288	Adam Smith te hun pen kumzalom 18
e27200	ts:11162	tu kumzalom sungah ngah sawm ni
e27201	zd:23729	kumzalom 16 hun a kipanin Chocolate pen Europe gamah
e27202	ts:301	kumzawnin sawtpi lupna a ngak hi
e27203	ts:3227	Hih ninih sung akiman kun gah man
e27204	zd:17488	Lungkia kei in, kung dongah tai in
e27205	zd:20906	I tupna i kung mitsuan gige ni
e27206	zd:21092	kungkhat le kungkhat pi 2-3 kihal sak ding hi
e27207	zd:22448	zawngtah kungkhat tungah gap 400 a gah dingin
e27208	zd:21100	kunglam zuanin tangtakin tai ni
e27209	zd:20746	alanglamte' kunglam manawh hanciam a
e27210	zd:15259	kungmui tunpihte makai hoih kici hi
e27211	zd:22709	I minam bupin kungmui kibang ih neihkhop ciang
e27212	zd:21737	I kungmui pen mihing hilo
e27213	zd:15622	kungpang, nungthup, maikah, bawllung hawmsiam
e27214	zd:20746	kungpang kungcing kungkem ding ahi hi
e27215	zd:16914	Kumpi kungpu Justinian I in lampha kik leuleu hi
e27216	zd:10874	Zogam la kungpu TS Khai kava veh thei uh hi
e27217	zd:11761	mi tampi-in lei dingin kunkun taleh
e27218	zd:11831	Kha kunkun in, kamsia kisa-in phunphun nawn kei ni
e27219	ts:3921	Kunlong khuapi lakzawhna dingin
e27220	zd:12309	Kunming Police te genna ah
e27221	zd:13094	vanleng pen Kunming Changshui International Airport ah kumsukthei sam hi
e27222	zd:16949	kunza, kunpawng, khaini, sahdah
e27223	zd:12746	Khaini, Sahdah, kunpawng, Tuibuk cihtezong
e27224	zd:25927	Mawtaw hawl kawm aa kunza khai ih hihleh
e27225	zd:15424	Tate mai ah kunza, khaini, zu, za zang in
e27226	zd:23733	A nuai aa bangin kong kup pih nuam hi
e27227	zd:17152	midang khat tawh ki kup huai hi
e27228	zd:11848	cih vaite zong ki kupkhopna nei uhhi
e27229	zd:16052	Zomi numei te mailam kalsuan nang ki kupkhopna
e27230	zd:11325	A nih veina ki kupna ah
e27231	zd:13165	sep khop theih ding tampi ki kupna kinei thei hi
e27232	zd:23363	Telnop, theihnop, kupnop a om leh
e27233	zd:21590	Ka hong kohnop leh ka hong kupnop thute
e27234	zd:16862	tuinek vai leh nasepzia kuppihna
e27235	zd:12819	kuppihna leh ngaisut piakna te
e27236	zd:19168	Tedim Labu vai kuppihna
e27237	zd:21096	Thupiang-lapiang khat peuh i kuppihnop leh
e27238	zd:22653	A ki cing zaw a theihnop, kuppihnop a om leh
e27239	zd:22435	Hluttaw ah Galkap kusale te tawmsak leng
e27240	zd:15565	kusale 12 tuak kitel a 168 pha hi
e27241	ts:5194	Kutkai khuapi lakna ding
e27242	zd:14748	Numei 2 tepen Kutkai pan hi uh a
e27243	zd:20410	Lai siangtho tawh etkak zel kuul hi
e27244	zd:21886	nu leh pa pankhawm siam kuul peuh mah hi
e27245	zd:11657	nang' upna kong' zuih sese kuullo-a
e27246	zd:20091	Term cin-zong ngak kuullo-a
e27247	zd:25200	Zateep, tuibuuk muam, kuva hai, khaini muam
e27248	zd:12091	apasal Kuwait gammi hi a
e27249	zd:25188	Kuwait bang a hutkhiat uh hi aa
e27250	zd:16438	Yangon, Kyaikkasan tualpi ah Pope Francis thugenna
e27251	zd:16608	Mon State sung aom Kyaiktiyo Pagoda kici Buddhist Temple
e27252	zd:16608	Kyaiktiyo Pagoda khatpan bekbek inzong sum tampi alut
e27253	pk:97	Kyat tulsawm
e27254	zd:24347	Kyat 500000.00 man hi
e27255	zd:13274	Mandalay ah 60 Billion Kyat manneiding vankham kiman
e27256	zd:11375	Tutung GZA in kyats million khat tawh hong din man aa
e27257	zd:18200	atawm pen kyats 20 million zon kul ding
e27258	ts:7462	Kyaukme khuapi ah SAC galkap group 4 om hi
e27259	zd:17067	Naungcho leh Kyaukme kikal
e27260	zd:19648	Kyauktada Township aom Sule Square Mall ah kihongding hi
e27261	zd:21978	Yangon, Kyimyindaing ABM nu-mei sangah pilna sin a
e27262	zd:25582	Ukraine ii Capital Kyiv ah lut in sim uh aa
e27263	zd:25638	Capital Kyiv khuapi pan Russia galkap te nawt khia kik uh
e27264	zd:17432	cin Kyodo News te'n genkhia uhhi
e27265	zd:10919	Turkey te vanleng Kyrgyzstan ah kia
e27266	pk:71	la a sa hi
e27267	pk:74	Lia in, la a sa ding hi
e27268	pk:86	Thangno in, la khat a sa hi
e27269	pk:86	la khat pen, Lia in a sa hi
e27270	pk:155	Bangbang la hita leh
e27271	zd:20920	la na phuak ngei hia
e27272	zd:21664	la KIDEMNA OM DING
e27273	ts:301	Hih bangin la khat a phuak hi
e27274	pk:6	Ci va la ve
e27275	zd:24480	Khialhna pan sinna a la thei mi
e27276	zd:25109	Golan Height khempeuh la zo uh hi
e27277	ts:6397	Carmel Camp zong la uh ci hi
e27278	zd:9428	la dawng 1005 phuak hi
e27279	zd:16442	la dawng bangzah phading a hia
e27280	zd:9229	A pasal tawh kopin la dawng 400 bang phuak hi
e27281	zd:10973	Zomite hong gawmkhawm mahmah laa ahihbang in
e27282	zd:12074	laa lam a Zomi te gawmkhawmna
e27283	zd:17047	laa Auld Lang Syne kasaa uhhi
e27284	zd:17860	Gaalkaap Kumpi mah-in ukcip laai-hi
e27285	zd:14820	Kawlgam ka om laai iin
e27286	zd:14983	Misi zong kibehlap laaiding in gen uhhi
e27287	zd:23825	a nei te-in buaipih zaw laaiding hi
e27288	zd:16167	Asia gam sung azin laaitak
e27289	zd:17860	MLS-ah a-om laaitak refugee
e27290	zd:16337	Kanu leh kapa khualui pen Laaitui hi
e27291	zd:20176	Laaitui lam sangin Kaaptel lam hoihzaw hi
e27292	zd:20176	Laaitui khua ah mawtaw ahong pai masak belbelna
e27293	zd:20545	Laaituite in a teltheih uh ciangin
e27294	zd:21862	Pasianin Laaituite aa dingaa
e27295	zd:20545	Vaan laaizang panaa ahong kiabang
e27296	zd:21279	khua laaizang, tualpi tung
e27297	zd:11110	Melbourne-a Zomi laaizom khenkhat-tawh hunnuam zangh khawm-in
e27298	zd:20959	A pi pan a laak pen ahoih pen ahi hi
e27299	zd:15996	Zomite An laak pawi zong ahi hi
e27300	zd:25165	Galkaapte'n gam-ukna a laakna uh pen
e27301	zd:17346	Tui laakna kibawl
e27302	zd:23513	Russia in Ukraine gam Crimea mun laaksak
e27303	zd:11176	Leilum apple-huangneite' munteng laaksak sawm
e27304	zd:17060	galkapte in aana a laakzawh ciangin
e27305	zd:24138	Taiwan laakzawh ding nawh gel mahmah zel uh hi
e27306	pk:38	Dimno a laam hi
e27307	zd:24130	Na laam theih loh manin
e27308	zd:21925	laam hun om hi
e27309	40.11.17	uh hangin na laam kei uh hi
e27310	41.6.22	Herodias’ tanu lutin a laam ciangin
e27311	10.6.14	Topa mai-ah David laam hi
e27312	7.21.21	a laam dingin hong pai uh leh
e27313	zd:22357	sangnaupang te in laam hong lak uh hi
e27314	ts:3102	lasakna leh ngeina laam tuamtuam lahna zong om ci hi
e27315	zd:22746	tong khat hi lo, laam khat zong hi lo
e27316	pk:123	mualtung laama a paito kik pawlte
e27317	zd:23571	Zomi Nam Ni ah laambang paak khawmni
e27318	zd:24119	kilawp mahmah-in ka laamlaam mai hi
e27319	ts:3375	Lai Siangtho sim in i laamlaam ta hi
e27320	pk:119	ci-in a laampih hi
e27321	zd:23590	Pasian in a sawt lo-in hong laamsang kik ding hi
e27322	zd:23386	Topa in hong laamsang tuanlo ding hi
e27323	pk:119	laamthum bang a sau ciangtawn
e27324	zd:20176	Laamzaang panin Kaaptel leii sunhin lamziik ding ahi hi
e27325	zd:19846	India gam Kerala ah hih natna laang hi
e27326	zd:20131	Tedim ah guta laang mahmah
e27327	zd:11394	cih kammal hong laang hi
e27328	zd:10973	kei laasa kahi a, Thugenmi hilo
e27329	zd:21866	i kibatna te thungen, laasa, thuhilh
e27330	zd:15845	lab sung hahsiang ciang bek mah nasep ngah hi
e27331	zd:16245	lab khan ah vante sil in nasem in omlai uhi
e27332	zd:11487	a Label tungah gelh hamtang un
e27333	zd:21067	Label laisuan akician omlo ahih manin
e27334	zd:17570	Laboratory ah etcianding in akipuak ahihi
e27335	zd:24413	EPA in amau Laboratory ah testing abawl uh hi
e27336	zd:17634	Projector tawh lah in labu kisam nawnlo phial hi
e27337	zd:23283	labu sungah kiciaptehna tawh ki tuak lo hi
e27338	zd:9266	Tedim kama labu hoihpen
e27339	zd:16247	Labuan International Airport zong hih vanleng hangin
e27340	zd:16344	Labuan kuamsung aom dawlnih apha Double-storey innkhat meikang in
e27341	zd:16288	Labupi Ks 7,000 in kizuak a
e27342	zd:24217	I Labupi sunga late pen
e27343	zd:9245	Tua labute sungah ama' phuah la tampi kihel-a
e27344	zd:9262	a labute zuakna pana kingah sum
e27345	zd:9215	Towner in a paihsa ladal a organ tungah mu hi
e27346	zd:9242	tua ladal dal khat ngen pahlian hi
e27347	zd:17634	ladem dingte in a mau arrangement siam dan dan in
e27348	zd:23355	ZOMUS in Kawlgambup tavuan lading hi
e27349	zd:24038	ZYA Tamu in pan hong lading hi
e27350	zd:12959	CSP tawh mi 1000 lading uh cihi
e27351	zd:20647	Gil kiallua lah hilo a vahlua
e27352	zd:21130	Secretary of State pa lah hilo
e27353	zd:20444	Champion team lah hilo
e27354	zd:18144	lahding neilo uhhi
e27355	zd:24123	NU te ni bek a lahding ahi kei a
e27356	zd:21149	sepkhiatna tawh lahkhiatna pen muibun zaw hi
e27357	zd:19061	Government Compound ah lahkhiatna nei uhhi
e27358	zd:23394	i dinna leh dinlohna lahkhiatna hi a
e27359	pk:44	Hih lahkhiatna lak pianzia in
e27360	pk:56	lak ahih manin, lahkhiatna mintaang
e27361	zd:14577	Marriage Certificate lahkul hi
e27362	zd:20087	Kawlgam ateng hihna proof lahkul a
e27363	pk:95	Awsang lahna-ah kizang lo ding hi
e27364	zd:23008	i lungkimlohna i lahnop man peuh ahih khak leh
e27365	zd:22910	cih zong a lahnop man ahi hi
e27366	zd:14765	Lasiam ten lahoih nono tawh hong nosuak sak hi
e27367	zd:20588	video te leh lahoih te ngaih ding hun
e27368	zd:22830	thuhoih lahoih tampi
e27369	zd:24276	nuihna tawh kisai videote leh lahoihte ngaih ding hun
e27370	zd:23130	itna ngaihna lahoihte zong atamzaw kisa leh ut ing
e27371	zd:11263	Lahore khuapi pen nung kim in
e27372	zd:13171	Karachi City panin Lahore City zuanin apai Oil Tanker
e27373	zd:15554	bangmah lahtheihding Evidence neilo uhhi
e27374	zd:12587	bangmah lahtheihding laidal aneilo tepen
e27375	zd:16022	ko Shan hilo, Lahu hi ungh aci Minam ahi uh hi
e27376	zd:23756	virus tuamtuam te tawh kibanglo in lahuai mahmah hi
e27377	zd:23933	midang te kiang natna kilawh mang thei aa, lahuai mahmah hi
e27378	zd:22383	lahwahkah Camp pan in zawh thawh thu tawh
e27379	zd:23275	dam in lai hong khak ing
e27380	zd:23957	Hun lem khatah lai hong khak kik sawm ning
e27381	ts:3168	Head kiangah ngetna lai khia hi
e27382		lai hong khak ve
e27383	10.11.14	Joab kiangah lai khat gelh a
e27384	12.19.14	kamtaite’ tung panin a lai sangin sim hi
e27385	51.4.16	Hih lai na sim khit uh ciangin
e27386	pk:16	Ka nau a neu lai hi
e27387	ts:7798	Camp mun 2 bek om lai hi
e27388	ts:12490	Tua nasep mah zom toto lai uh hi
e27389	ts:6525	galvan zong pia lai hi
e27390	ts:11162	tua lai in
e27391	ts:301	Tua hun lai mahin Meitei gam zong
e27392	zd:15996	Ciimnuai maa kum 600 lai pekin kipan khin dingin ka um hi
e27393	zd:19159	Tibet ah a om hun lai pekin Zo i kicihna
e27394	zd:23155	hong zatsak semsem lai tahen
e27395	zd:20909	siate hong zang semsem lai tahen
e27396	pk:50	Taang, hih lai-ah teeng hi
e27397	pk:50	sepna koi lai-ah kibawl cih, hong lak hi
e27398	pk:13	Phalbi lai-in vuk a khal hi
e27399	pk:106	namin lobuang, na lai-ip tungthuh teng leh
e27400	pk:106	a zum lai-ip tungthuh teng gelh in
e27401	zd:17168	tua hun Laia khua gol khat ahi hi
e27402	ts:479	nidang Laia Zomite pawi a thupi khat ahi hi
e27403	zd:9430	Galpi nihna Laia general minthang
e27404	zd:21869	ka laiat te a tamzaw zingsang vive aa ka at ahihi
e27405	zd:22116	laiat ding na ki pat ciangin
e27406	zd:21989	laiat pa in gen hi
e27407	zd:20902	Israel leh Izipt kilem na ding laibawlna bawl zo a
e27408	zd:25461	Kilemna laibawlna October 31, 1998 kum in hong nei uh hi
e27409	zd:20256	laibek khaklo in
e27410	ts:3508	laibek hilo in
e27411	zd:24249	cih Tungzang Khua laibupi sungah om hi
e27412	zd:22557	Kum le khuahun te pen laibupi khat ahi hi
e27413	zd:19447	University Campus sung aom laibusaal
e27414	zd:24028	laibusaal le laibu sai a tawmpenna
e27415	zd:19222	na laidal uh copy khat ta na kem hamtang un
e27416	zd:20782	UNHCR appointment laidal tawi in tua hamphatna ngah theilo ding uhhi
e27417	zd:17674	UN laidal tawi ngeisa khatpeuh in
e27418	zd:22459	laidal tawi te UN Card piakik ding
e27419	zd:11827	lungdamna laidalneu khattawh gelhin piasak hi
e27420	zd:18292	Quran Verse akigelh laidalneu 32
e27421	zd:14916	laidalno khat hong gelh kik ing
e27422	zd:11653	laidalno khat tawh hong hopih kik ing
e27423	zd:15243	tua laidalno sungah ama khutngiat tawh gelhkhia hi
e27424	zd:11289	A4 laidalpi bek tawisak uhhi
e27425	zd:11908	ID card pan in laidalpi tawh kilaih hiam
e27426	zd:24731	akhualzinna teng ah na gen lualua laidep uhhi
e27427	zd:21168	Naupangte Coffee ih piapia laidiam?
e27428	zd:24091	huhna sum $2000 i ngah laidiam
e27429	zd:20263	UNHCR panin panpihna aom laidiam?
e27430	zd:17132	ihmut cim mateng ngakngak laiding maw
e27431	zd:23896	hong pia thuah thuah laiding hi
e27432	zd:17657	khuahun pen vot suaksuak laiding hi
e27433	zd:20555	ki sitcian laidinghi ci'n genbeh hi
e27434	zd:23343	thupi mahmah laidinghi
e27435	zd:11891	thugen leh laigelh koi thupi zaw
e27436	zd:16849	A laigelh pen hihbang ahihi
e27437	zd:19621	laigelh zia akipan akisam bangbang huh in lamlak hi
e27438	zd:14720	Facebook tungah ih laigelhkhiat
e27439	zd:16042	ama laigelhkhiat khatpeuhpeuh pen ki lunglut mahmah
e27440	zd:20924	laigelhpa zong pasal hi a, sanggam zong ka nei hi
e27441	zd:24804	Mikangte laigelhpa khat in
e27442	zd:22685	UN Department tuamtuam ah laigelhsak nopna neih leh
e27443	zd:21664	laigelhsak nop naneih leh
e27444	zd:16593	tawh laigelhsiam te hong piangkhiatna ding
e27445	zd:9251	English laigelhsiam minthangpen khat-a kiciamteh ahi hi
e27446	zd:24395	ka laigelhzia pawlkhat ka gelh khin hi
e27447	zd:24394	laigelhzia ka zat pawlkhat
e27448	zd:20786	Tua pen a thu laigil a thupi penpen na hizaw hi
e27449	zd:25166	sisan in nuntakna i a laigil a hihi
e27450	zd:17613	Pasian thu laigilte duh in, limsa ni
e27451	zd:25235	Pasian thu laigilte muibun takin gensiam
e27452	pk:5	kammalte tawh laigual kibawl ahi hi
e27453	pk:28	laigual khatna sungah, Aung San thu I gen hi
e27454	pk:28	laigual nihna ah, Inn thu I gen hi
e27455	pk:29	laigual lina ah , Sakol thu I gen hi
e27456	pk:35	Hih laigual i et ciangin
e27457	pk:37	laigual khat ii a khiatna
e27458	pk:40	laigual khat i bawl simin
e27459	pk:48	laigual masa sungah
e27460	pk:82	Ahi genna laigual ahi hi
e27461	pk:85	laigual khat in khennih nei hi
e27462	pk:91	laigual khat vuicing khin a
e27463	pk:98	laigual kipatna bekah, laimalpi kizang
e27464	pk:106	na laigual patna ah
e27465	zd:25337	Hih laigual nih ngaihsun dih ni
e27466	zd:11262	Alaikhak ii laigual tawpna ah
e27467	pk:90	laigual picing khat leh laigual picing adang khat zopna dingin
e27468	pk:11	A tunga laimalte laiguala zatna
e27469	pk:91	a nihna laigualin a kilatsak nading
e27470	pk:91	a dang laigualte khempeuh a tawptaktak ciangin
e27471	zd:21392	dahna tawh kidim laigualte i gelh kha hiam
e27472	zd:21325	a tung a laigualte in ong musak hi
e27473	zd:24303	laigualte maan mahmah ding hi
e27474	zd:12192	unau laiguizom 8 lakah a upapenpen ahihi
e27475	zd:15941	Pakhat pan' apiang laiguizom hinapi in
e27476	zd:22140	pianpih laiguizomte pen i neih manphapente hi a
e27477	zd:21096	laiguizomte zong kibanglothei hi
e27478	zd:24502	laihanciam in laivuanna ah akhatna ngah to den in
e27479	zd:22157	sumlut laihawl gam khat i hih zawh ding
e27480	zd:21225	laihawl nuntakna kinei kim zo ding hi
e27481	zd:18086	a laihawl dinmun pan in
e27482	zd:20576	laihawm khat peuhpeuh adingin laigelh na kipat ciangin
e27483	zd:20538	Zomi sunga laihawm tuamtuamte ah
e27484	zd:21066	i laihawm neih sunsunte manphasak ni
e27485	zd:19953	ZAM leh ZRC laihawmte a simzel ten tel ding hihang
e27486	zd:16385	nisim thu kizakna laihawmte simna pan zong kingah thei hi
e27487	zd:22736	Nasep laihding ngaihsun nawn ken
e27488	zd:12336	UN ah napiaksa Phone Number bangci laihding
e27489	zd:12336	Phone Number laihdingbek lelin
e27490	zd:20518	khuahunpen tunidongmah lummahmah laihi
e27491	zd:15305	midang te nuntakna kihonthei laihi
e27492	zd:19219	Zomi Baptist pawlpi leh mimal tampi kiom laihi
e27493	zd:17079	asihiam anungta laihiam cihpen kitheilo hi
e27494	zd:21605	Lengtong Hoih mah hoihpen laihiam
e27495	zd:9245	Waseda University ah laihilh dingin pai hi
e27496	zd:22683	siapa in kiciantak in laihilh hi
e27497	zd:20572	Sangkah a ni masa pen in laihilh pah lo uh hi
e27498	zd:26026	pasal sangin numeite laihilhsia mimal tam mahmahta hi
e27499	zd:12942	Social Services te'n laihilhsia 2 sawlzel in
e27500	zd:9253	Europe gam lamah zin-a laihilhzia sin hi
e27501	zd:25687	2016-2021 laihilhzia dingzong ki geel khia hi
e27502	ts:4831	kumpi nangawn laihkhia thei hi
e27503	zd:23797	pawlkhat bel tudong mah ka laihkhia zo mahmah kei
e27504	zd:9249	a mal pawlkhat laihkik ding ngaihsun hi
e27505	zd:10733	Ahi zongin thunei te'n Hollywood tawh laihkik uh a
e27506	zd:24072	Na zi, na pasal, na lawmte laihlaih kei in
e27507	zd:23734	Zato mun nih mun thum bang ka laihlaih uh hi
e27508	zd:22411	laihlo in koihphot a hoih pen hi
e27509	zd:12280	amin laihlo in koihsuakleh angah diam
e27510	zd:25415	Phone numbat laihna tawh kisai in
e27511	zd:22782	2008 thukhun laihna ding thu ah
e27512	zd:11087	vanlengte laihna dingin lei sawm hi
e27513	zd:13011	Plastic leh Polystyrene te laihnading in
e27514	zd:11003	SMERCH laihnading Rocket sitna neita
e27515	pk:136	a laihpah a om bangmah in
e27516	zd:17978	na Phone Number hong laihsak khit uhciangin
e27517	zd:23729	huih siangtho tawh hong laihsak den hi
e27518	zd:19917	nupi khatin atapa amin laihsak
e27519	zd:15547	Eye Tattoo tawh aci laihsakin, khialhna omkha ahih manin
e27520	zd:16940	Shikhar khuapi tawh laihsawm kei ni
e27521	zd:16645	LED Billboard tawh laihtheih nadingin
e27522	zd:15652	a hun tawh kizui-a laihtheih dingin
e27523	zd:24595	tan 10 laihuan hong zo hi
e27524	zd:2072	Sangnaupang nih laihuan na khan sung panin
e27525	zd:12403	exam Center ah laihuanding alutsawm cihi
e27526	zd:12403	laihuanding alutkhempeuh hoihtak kisitding
e27527	zd:12403	laihuanna thumanlohna hangin mi tampi kiman ngei hi
e27528	zd:24244	laihuanna pan onna ding ciangin a simuh le zong
e27529	zd:9426	Hun khat laiin singtang khua nuam mahmah khatah ka pai hi
e27530	zd:20944	ZAM ah ka sep laiin
e27531	pk:50	Lia kiangah, laikhak khat ka gelh ding hi
e27532	zd:13299	laikhak hong gelh kik ing
e27533	zd:19709	Louise in tua laikhak hong in simpah hi
e27534	zd:22040	Tua laikhak pen New York khuapi pan ahi hi
e27535	16.6.5	a kamtaipa in laikhak khat hong pia hi
e27536	12.5.7	Israel kumpipa in a laikhak a sim ciangin
e27537	44.15.31	Mite in tua laikhak a sim uh ciangin
e27538	14.21.12	ama kiangah laikhak khat hong tung a
e27539	pk:106	laikhak gelhzia namnih om a
e27540	pk:107	a thukimpih laikhak gelhzia ahi hi
e27541	zd:20181	UNHCR zumpi Geneva ah laikhaksak
e27542	zd:17547	Aki guiawkma in laikhat gelh a
e27543	zd:16095	Twitter ah ah laikhat akigelh ciangin
e27544	zd:10660	a facebook page panin laikhat hong post a
e27545	zd:16765	laikhetna set hong bawlkhia masa pa
e27546	zd:21066	laikhetna lam tawh kisai-in
e27547	zd:23902	kumzawnin laikhun tungah silhpuan bangin ka kisia zongin
e27548	zd:17530	Tuni a laikipia teng hi aa
e27549	zd:22371	laikung laidal leh sum le pai zang ta uh hi
e27550	zd:17177	laikung laidal sum akipan akisam omsak lo in
e27551	ts:3125	Malaysia ah om theihna ding phalna laikung laidal bangmah nei hetlo
e27552	zd:23745	UNHCR tawh kisai laikung laidal zatte
e27553	pk:57	Hua laikungin, a vom
e27554	zd:21066	lailam nasepna panin tampi kithei hi
e27555	zd:20587	Zomite lailam khantohna ding in
e27556	zd:25916	lailam siam in laihilh sia ahihi
e27557	zd:21626	Hihbang lungsim tawh ih pai laileh
e27558	zd:19676	keithu bek ih cihcih laileh mi kiban loding hi
e27559	zd:15919	mit-hah in a zuih laileh tualgal a piang ding hi
e27560	zd:19676	manglai zong siam laileng atangzai tektek pilna kingah dinghi
e27561	zd:23361	sinsin laileng ahoih mahmah ding ahi hi
e27562	zd:17226	gawmtuah thei laileng hoihzaw lai ding hi
e27563	pk:88	lailepna LEH LAIMALPITE
e27564	zd:17313	Lailet – Peter Suumpi
e27565	zd:23006	Lai at: Error, Lailet: Sleet
e27566	ts:3160	Lailui khua ah aten hun sungin lai abawl khia hi
e27567	zd:9266	Tedim uk sung Lailui khua ah suak hi
e27568	zd:25433	ka lailung ah hong phawng den mawk e
e27569	zd:24160	Heina dang zong lailung kidang lo
e27570	pk:103	kum, laimai, cihte ah husanna kikoih lo ding hi
e27571	zd:22557	Kua mah in atawpna laimai dongsim zo ngeilo hi
e27572	zd:20806	laimai 600 pan 1,000 kikal laisim den hi
e27573	zd:21848	laimai tampi phaphial ding hi
e27574	pk:104	a kigelh ciangin laimal gawmzia kibang khin hi
e27575	pk:104	laimal gawmzia a tuamtuam zat ding hithei lo hi
e27576	pk:1	laimal gol leh laimal neu a hi hi
e27577	pk:34	a kipatna pen, laimal gol
e27578	pk:93	laimal gol tawh kipan hi
e27579	pk:115	laimal gol ding, laimal neu ding
e27580	pk:115	Laimal gol ding, laimal neu ding
e27581	zd:12353	tuapen Malay laimalgawm tawh kibanglodeuh citciat hi
e27582	zd:15489	laimalgawm leh laigual
e27583	pk:84	laigual patna pen, laimalgol
e27584	pk:98	laimal khempeuh laimalpi tawh kigelh hi
e27585	pk:98	Thutom gelh ciangin, laimalpi kizang hi
e27586	pk:98	laimal masa pen laimalpi tawh kigelh
e27587	pk:88	LAILEPNA LEH laimalpite
e27588	zd:13100	London khuasung buaina pen hongki zomto ngekngek laimawk hi
e27589	zd:11736	tudong zato ah kikemcip laimawk hi
e27590	zd:24594	a aw zong siang in khum laimawk hi
e27591	zd:25097	Falam ten Laimi na cici ve vua
e27592	zd:25329	Tuni Laimi khat' inn-ah ka-hawh
e27593	zd:20148	Milip simna ah Laimi ci-in khumlo ahihman un
e27594	zd:25918	Hih laimun pan ih vekin pai khia ni
e27595	zd:25919	Hih laimun ah mihau ih cihpen
e27596	pk:4	Awsuaksak teng leh laimung teng gawm khin thei peuh leng
e27597	pk:4	laimungte kici, khat beka Awsuakthei lote ahi
e27598	pk:4	laimungte tawh ih gawm ciangin
e27599	pk:4	kizang khollo laimungte in
e27600	zd:10892	Nalai hong lain
e27601	zd:15800	Khuado ciangin khuai lain
e27602	zd:16313	American gammi te mahmah inzong lainatpih mahmah uhhi
e27603	zd:12311	kithahna vai azak ciangin lainatpih mahmah hi
e27604	zd:19271	kong hehpih, lainatpih mahmah uhhi
e27605	zd:11757	lainatpihna lahna in Zomi Innkuan USA kipawlna in
e27606	zd:23298	Khuado ii laingek, akilampzia a tak tak
e27607	ts:7972	Lai theilo khat nangawn in, laipai a sim theih
e27608	zd:22873	Judson kumthum aphakin laipai hoihtak simthei-a
e27609	pk:83	laipau leh kampau ci-in, namnih kinei ciat hi
e27610	pk:83	laipau vive kizang zaw hi
e27611	zd:22287	Aneu laipekin apa mawtaw accident tawh si-a'
e27612	zd:19934	Tua laipen a mimuan te tungah nusiat hi
e27613	zd:12876	laipen hoihtak gelhtheinawnlo citciat hi
e27614	zd:23883	Hih laipen a masa in Bill Gate at dan in kigen a
e27615	zd:17860	Minute 5 sungkhawng laiphah veel-in
e27616	zd:17860	I' laiphah veelsuk pampam-hi
e27617	zd:23275	naupang hon khat laiphi sak in
e27618	zd:12292	Tan -10 laiphi khit khal sangkhak sungin
e27619	zd:15397	tudongmah daicipsuak leuleu laiphot hi
e27620	zd:17213	thupha mah paih tanghtangh laiphot ni e maw
e27621	pk:124	Tua laipi sungah minam tangmite in
e27622	zd:25268	2013 kumin ZBCM in pahtawina laipi pia uhhi
e27623	zd:16686	Tangmi dingin Ngetna laipi puak ding ni nunung ni
e27624	zd:22948	te' tung ah Lungdamna laipi kipia hi
e27625	ts:3375	Laipian Lai, Zotual Lai zong kici hi
e27626	zd:23171	Malaysia Laipian Pasian Pawlpi
e27627	zd:21991	laipil lo te pen mihai in ki ciamteh hi
e27628	zd:22556	aneu lai in laipil khat ahi hi
e27629	zd:24502	laipil te kipia scholarship hong ngah toto hi
e27630	zd:24963	laipilna neilo German namte
e27631	zd:25115	laipilna, sumzonna, zi leh ta neihna ah
e27632	zd:23112	laipilna leh thukizakna ahoih mahmah gamte
e27633	zd:17060	lawmte hong laipuak teng lakhia in
e27634	zd:11805	White House ah kapiakding laipuak in hongpaihi'ng ci a
e27635	zd:15810	Laisaingtho gelh pen kamsang Amos ahi hi
e27636	zd:17097	ahi zongin tuibel paipai laisam hi
e27637	zd:26495	tawmvei kithuah khaman laisam uhhi
e27638	zd:19335	Laitui te'n puan laisan hong silhsak uh
e27639	zd:24069	Sum a neih laisiah ama ut bang lian in nungta zo hi
e27640	zd:23394	i om laisiah nisim in i teel ding om den hi
e27641	zd:16202	Ahih thei laisiah pau nawn kei in
e27642	zd:9134	laisiam leh mipil i om hi
e27643	zd:20125	laisiam penpen te zong amau minamte mah na hi uh hi
e27644	zd:21617	laisiam ding a kihta mahmah mi khat na hiam
e27645	pk:63	Suanpi laisiamin, nasep zong a hahkat hi
e27646	zd:23022	laisiamna hang zong hilo
e27647	zd:21105	State khat pua zo ding laisiamna nei bangzah
e27648	zd:20798	Laisiangtho i laih thei kei hi
e27649	zd:15810	Laisiangtho ih cih bang ahi hiam
e27650	zd:23191	Laisiangtho kamngah zong sinsak in
e27651	zd:20142	Nasep ding hun le laisim hun ding nei ni
e27652	zd:22474	hun na ngahsim in laisim in
e27653	zd:11571	Dailen kawm in zong laisim ciat ta ni
e27654	44.8.30	Na laisim a khiatna na thei hiam
e27655	43.7.15	Hih mi in laisim ngei lo napi-in
e27656	zd:25390	Zolai laisimbu sungah
e27657	ts:3375	laimai 40 a pha laisimbu bawlin
e27658	zd:22391	laisimbu man, suanglai man, laibu laikung man
e27659	zd:16779	tua meikhuam nuai-ah laisimin va pai den hi
e27660	zd:24276	laisimin, khutsiamna khatpeuh peuh nei ni
e27661	zd:22474	a khangtolo minampen laisimlo minam kici thei hi
e27662	zd:11918	laisimlo in omlecin
e27663	zd:24244	Zomite sungah laisimmi i tawm mahmah lai ding hi
e27664	zd:24244	laisimmi i suah ding thupi mahmah hi
e27665	zd:22680	laisimna in ih muhna zaisak hi
e27666	zd:11891	Zomite in laisimna lamah Mizote kiban zo nailo hi
e27667	zd:21617	laisimna in hih bang lunsimte hong khel thei hi
e27668	zd:19139	laisimte ading phattuamna piangsak lo ding hi
e27669	zd:12436	Khangno laisimte lakah
e27670	zd:16860	aman a man lo pen laisimte tungah kinga zawta hi
e27671	zd:10717	class laisin kipan ta ding hi
e27672	zd:24429	2019-2020 laisin kum Myanmar gambup Tan 10 laivuan
e27673	zd:23198	Amawkna a laisin theihna
e27674	zd:15459	2007 laisin kum hong kipan hi
e27675	zd:22691	2014 – 2015 laisin kum in Geology major tawh
e27676	zd:15474	2006-2007 laisin kum I cih hangin
e27677	zd:17488	Antan thunget na leh Laisingtho sim tinten na
e27678	zd:21529	laisinna ah a citak mi
e27679	zd:16415	leitunga laisinna sang khempeuh sangin hoihzaw hi
e27680	zd:21168	laisinna ah nawngkaisak thei ahih man ahi hi
e27681	zd:25687	laisinte kikal ah a thutheih thakte kihawm in
e27682	zd:25687	laisinte in CT zangin thudot kik hun ding om phalo
e27683	zd:16947	lungdambawl muakna laisuan akibawlpen
e27684	zd:20181	kiciantak in tua laisung ah gelhkhia hi
e27685	zd:20649	Hih laisung a i gen politics
e27686	zd:21085	laisungah ciamteh inla gen in
e27687	zd:21989	cih laisungah ka simkha ngei hi
e27688	zd:21900	hih laisungah kizang zawding hi
e27689	zd:20639	Topa'n siapa hong zang semsem laita hen
e27690	zd:22383	Zogam Zomi adingin hong zang semsem laita hen
e27691	zd:12882	bek in thapia laita ki ci hi
e27692	zd:24153	laitaan leh Degreee tampi neihna cih hi lo-in
e27693	zd:24253	Na laitaan a hong san ding
e27694	pk:74	Kei in, inn ah ka ciah ding laitak hi
e27695	pk:73	Taang in, Cingno a theihkhit laitak ahi hi
e27696	pk:74	Kote in, ka pai ding laitak uh hi
e27697	zd:11472	Mawtaw tuahsiat laitakpen khuahun zong hoih in
e27698	zd:16731	Mawtaw aki phutkhak laitakpen guah tamlua mahmah in
e27699	zd:11236	khuahun satmahmah laitaktawh kituak ahih manin
e27700	zd:22873	azi in naupai laitaktawh kituak ahih manin
e27701	zd:24466	MP sem laitakte in Candidate kik nop leh
e27702	zd:24126	company ah asem laitakte death benefit piak
e27703	zd:14616	A puakkhaplian laitakzong Video kizaihkha in
e27704	zd:17419	palik te'n apaikhiatpih laitakzong Photo ki khahkhia hi
e27705	zd:24082	laitam simluat man a piang hilo hi
e27706	pk:107	na laitan zah zong gelh in
e27707	zd:21991	laitan pilna pen kisam mah hi
e27708	zd:24471	laitan nei leh siamna nei mi tawm mahmah hihang
e27709	zd:17971	pilna laitan sang nei tampi zong om hi
e27710	zd:21991	laitan pilna pen kisam mah hi
e27711	zd:12778	laitan pilna tawh kivak nading hamsa mahmah hi
e27712	zd:14910	ih neih nop leh laitawh ngetkholh kul
e27713	zd:15274	tua thukhamte abanban in Hebrew laitawh simzel uh hi
e27714	zd:25022	laitawh thusuah kibawl lo phot hi
e27715	pk:56	tuni ciang dongin, laitei pawlkhatte in
e27716	zd:9436	Nupa a zudawn, laithai kapna hangin
e27717	zd:9453	ahih kei leh laithai peuh kapsan zaw
e27718	zd:22203	Canada gam pen Leitungah laithei a tampen in kiciam teh
e27719	zd:19676	thu natheih nop leh laithei masa in
e27720	zd:9240	upa laithei pha mahmah khat ahi hi
e27721	zd:20320	Laptop, sum Cash leh Document laithupi pawlkhat mankhia uhhi
e27722	zd:22162	Ka Motorcycle leh laithupi Documents pawlkhat ka taikhiatpihthei a
e27723	pk:25	laito ah lai kikhia hi
e27724	zd:23022	laito panin hong khak lel ding hing
e27725	zd:11954	laito zum ah pai-in kong khak hi
e27726	zd:23489	Sanggam Laituite khat Zangkong khuapi sung a vak leh
e27727	zd:20406	Laituite ngahsa lampi, kan kik
e27728	zd:15839	laitung a teng vantungmi bang in ki ngaihsun in
e27729	zd:23204	a mau ngeina leh a laiuh na mangsak lo uh hi
e27730	zd:12867	mikangten a laiuh thupi sak cih kimu thei hi
e27731	zd:9448	Tua pilna nei dinga na sin laiun
e27732	zd:9452	Jericho khuapi zo dinga a kingaihsutloh laiun
e27733	zd:22683	laivuan ding nipi nih bek
e27734	zd:25666	tukum tan 10 laivuan mi 285 pha
e27735	zd:11748	Tan 10 laivuan aomhiam
e27736	zd:11392	kumpi laivuanding apai mawtaw kibung
e27737	zd:18012	Tan 10 laivuanding pen March 07 ni ciangin akipanding hita hi
e27738	zd:11748	sangnaupang mi 52,000 takin laivuanding pelh
e27739	zd:15459	November 1 ni in TU in laivuanna nei thei kik hi
e27740	zd:25630	Tan 10 laivuanna zong tukha bei ciang in kipan ding hi
e27741	zd:22683	laivuanpi ding hun hong nai ta
e27742	zd:19342	Kumsim March laivuanpi man phet in
e27743	zd:22773	Hih pa na bangci muh hiam ong ci laizang hi
e27744	zd:22649	zu ong lim nek mahmah laizang hi
e27745	zd:17224	lukun liang in zahtakna pia laizang uh hiam
e27746	zd:22334	Laizo pau kici Falam pau
e27747	zd:26700	Lusei gamah Mizo kici-in, Falam gamah Laizo
e27748	zd:12998	zi nih sungpan hi-in laizom hilo uhhi
e27749	zd:23717	Pianpih laizom teng kitot kisiat ding hi zenzen lo hi
e27750	zd:25866	Zomi laizom vive a hi uh hi
e27751	zd:25287	Yangon a om i laizomte upmawhna sangin cimawhzaw uh a
e27752	ts:1343	sanggam laizomte khempeuh Topan hong kepsak ta peuh hen
e27753	zd:17309	laizomteng khuangaihna in hongtuam zeel hi
e27754	zd:19662	Chinese, Malay leh Tamil laizong official lai in ciamteh veve uh hi
e27755	zd:18244	tua sangnaupang numeino pen laizong apil
e27756	pk:172	Mit a nin lak bang
e27757	zd:22492	Hi tangthu te pan in lesson lak huai hi
e27758	zd:25560	2022 KUM SUNG REFUGEES lak DING VAI
e27759	zd:25280	Apps sung pan lak dan ding
e27760	13.21.11	Na lak ding khat teel in
e27761	42.6.29	na puan ak lak ding na khaam kei un
e27762	43.21.13	khomun leh ngasa a lak khit ciangin amaute a pia
e27763	20.10.5	an lak hun-a a ihmu-pa
e27764	46.9.11	leitung gah ka lak uh leh
e27765	3.23.22	na leitang panun an na lak uh ciangin
e27766	1.45.6	lo khawh loh, an lak loh ding kum nga
e27767	9.6.13	kuam sungah a mangbuh uh a lak laitak ahi hi
e27768	pk:56	huate in kawkin, lak ahih manin
e27769	pk:109	tampite zong kong lak ding hi
e27770	zd:12112	Tua in namai lam kalsuanzia ding hong lak ahihi
e27771	zd:8667	Aminam hoihna namdang tung ah lak hi
e27772	pk:43	Amaute lak-ah pawlkhat in an a ne hi
e27773	zd:9445	pawlpi kisap mahmahte laka khat ahi hi
e27774	zd:13340	ka siate laka khat in hong makaih hi
e27775	zd:23137	James pen Sawltakpi 12 laka khat hi a
e27776	zd:17060	Amah zong Zomite lakaa mipil masa
e27777	zd:20176	Tuisa lakaa a om zolo
e27778	zd:21978	Kawl gamah 1942 kum zato hong masate lakah kihel hi
e27779	zd:9253	La aw ngaihpente lakah kihel ding hi
e27780	zd:24227	Zomi lakah kihel sak hi
e27781	zd:12656	aliam lakahzong naupang 12 bang kihel kici hi
e27782	zd:19586	Malaysia Prime Minister khempeuh lakahzong sawtvei ngei penpen ahihi
e27783	pk:95	lakam bangah a kammal ciangtan om ahih manin
e27784	zd:15396	Zomite la phuah ahihnak leh, lakam kihel hamtang ding hi
e27785	zd:15396	ih Zola bangin lakam om lo hi
e27786	zd:23651	lakam zat nading munte ah zong na zang siam mahmah den hi
e27787	zd:24393	Zolapite leh lakamte i kep cing nading
e27788	zd:11602	Home Depot in mi tampitak lakbeh sawmzaw uhhi
e27789	zd:10702	Rebels te ukna mun lakbeh
e27790	zd:15274	Laisiangtho lakdan kibanglo ahihman in
e27791	zd:15465	Refugee mi 50,000 bang lakding geelna nei uh
e27792	zd:22159	Tavuan lakding khempeuh zong la pah hi
e27793	zd:11011	Malaysia ah Refugee lakding vaitawh zin
e27794	zd:17675	lakh 824 ki ngah hi
e27795	zd:16754	1 lakh ongpia mimal 24
e27796	zd:25025	Na hehna maitang lakh kei in
e27797	zd:17047	Zan 12.00 sat madeuh in lakhat kisa leuleu aa
e27798	zd:12394	thukhat lakhat aom ciangin
e27799	ts:4892	Tuni zing nai 11 hunin galphual lakhia zo ung
e27800	ts:3921	vekpi gawm 160 val lakhia khin ta uh hi
e27801	ts:5105	Police station zong busim in lakhia zo ta ci
e27802	zd:12575	vankhat lakhiading in apailaitak
e27803	zd:19536	Mobile Phone lakhiapah in, Photo zaihpah hi
e27804	zd:12913	ka phone amanlang in ka lakhiapah saisai a
e27805	ts:8561	Mindat leh Falam khuapite lakhiat dingin nasiatak galdona nei uh hi
e27806	ts:5396	zanni in Alliance pawlin a lakhiat uh hi
e27807	zd:19692	lei nuaipan in ki lakhiathei khinta hi
e27808	zd:13016	lakhiathei paklo cih NST pan kiza hi
e27809	ts:4369	SAC gal phual zong lakhiazo uh hi
e27810	ts:9093	December 21, 2024 ni-in lakhiazo taktak ta uh hi
e27811	ts:10771	ni 3 sungin a vekpi lakhiazo suak ci hi
e27812	zd:12876	ahi zongin tu'n Pension lakhin hi
e27813	zd:16900	Sum hong lakhin hilo na hiam
e27814	zd:16640	ann lakhin nailote lakpih in
e27815	zd:19166	K 48.5 lakhs ka cih
e27816	zd:19210	Tuate a vekpi in K 25- lakhs pai tek ki pia hi
e27817	zd:20920	A lakhui thulu bang a hia
e27818	zd:16442	2009 ciang lakhui Album bawlding geel in
e27819	zd:21070	U Heavy Thang tawh lakhui khat khum uh hi
e27820	zd:9229	laphuah, lakhum nasep kipan uh hi
e27821	ts:9846	Music Album tawh lakhum kipan hi
e27822	zd:20747	khaici i tuhzawh ni 70-90 sungin lakhun ta hi
e27823	zd:12280	innkuan lai ahilopi bawltawm in lakkha cih dan te ahihi
e27824	zd:11917	amah muanna bek tawh suahtakna lakkhawm dingin
e27825	zd:11157	News tomkim aa lakkhawm
e27826	pk:182	Mikanglai tawh lakkhawmin
e27827	ts:5635	hih Camp pen lakkhiat loh aphamawh ahi hi
e27828	ts:6108	Camp phualte a banban in a lakkhiat laitak ahi hi
e27829	ts:7798	a sawt loin, lakkhiat ding hanciamna kinei hi
e27830	ts:4528	SAC galphual lakkhiatna thu MNDAA in thusuahna nei uh hi
e27831	ts:4162	Palik phualpite ka lakkhiatsa uh om ta hi
e27832	ts:3687	a lakkhiatsa SAC te' galphual vekpi gawm 57 pha ta
e27833	ts:10491	lakkhiatsa Falam khuapi zong lakkhiat kik zawhna ding
e27834	zd:12212	tua Package pen lakkhiattheih nadingin hanciam uh cihi
e27835	zd:17100	asungah asi Passenger te lakkhiattheih nadingin
e27836	zd:15408	Licence zong ki lakkiksak hi
e27837	zd:17000	Tuinak 1,2,3 te pan lakkul nailo hi
e27838	zd:12600	kumkhatsung ahun lakkul photding hi
e27839	zd:12229	Visa lakkullo in lutthei ziauziau uhhi
e27840	zd:11736	Malaysia leh North Korea kikal Visa lakkullo
e27841	zd:22658	khuaphelep bang in mei-am tang laklak hi
e27842	zd:19676	vasa bangin luhei laklak, khua dak laplap ding in
e27843	zd:23489	puak bakbak in I dawng laklak nuam mahmah hi
e27844	zd:26565	A laklawh tampi ki-om hi
e27845	zd:22773	ka kiho uh laklawh ahih manin
e27846	zd:23591	sangkah maban a laklawh gawp leh a zom nawnlo
e27847	zd:24492	60% bang natna symptom laklo hi
e27848	zd:19427	Na khatpeuhpeuh serious laklo mi omthei gige hi
e27849	zd:24616	Khasum kha 2 ai summet lakloh in
e27850	zd:19239	State bel ka lakloh uh
e27851	zd:11206	Vaipuak laknopna lungsim nei uh a
e27852	ts:5635	Taingen Camp laknopna bulpi pen
e27853	zd:20961	Zato ki lakpah kul hi
e27854	zd:12727	Health Professional tetawh naki lakpah un
e27855	zd:14804	khuamial lakpi mahah
e27856	zd:20367	a Passport te ki laksakding
e27857	zd:16317	Company te'n laksakkik uhhi
e27858	pk:126	thuman lopi a thalawhsa laksakna
e27859	zd:15465	Refugee mi 50,000 laksawm
e27860	zd:15116	Malaysia kumpi te'n Rohingya te laksawm
e27861	zd:11924	naungek pen ka laksawm laitak inzong
e27862	zd:23936	Phoenician mite tung panin a laksawn uh hi kici hi
e27863	zd:20576	laibu khat tungpan a na laksawn laigualte
e27864	zd:17221	Hamphatna leh minphatna laksiam ni
e27865	zd:14885	Deihsakna tawh Feedback hongkipia te laksiam in
e27866	zd:12099	Hih tuahsiatna panin Lesson tampi laktheihding thupi khading hi
e27867	zd:13222	laktheihding bangmah omnawnlo hi
e27868	zd:24116	leitungbup a lakzawh nading thusim khat a hihi
e27869	zd:19676	Degree tuam tuam lakzawh nading hanciam kulhi
e27870	zd:21085	lungsim lakzawh nading a thupi pen thugensiamna khat a hihi
e27871	zd:21624	thukhenzia le action lakzia kibanglo hi
e27872	zd:20959	Lothang san khaici lakzia
e27873	zd:24072	na lawmte mat lala kei in
e27874	zd:18023	Nasem ukpa zong kiko lala in
e27875	zd:22742	a tampi dong in lala uh hi
e27876	pk:122	Sengam pualam ah lalkhia uh hi
e27877	pk:124	lalkhia tengin Zomin pua uh hi
e27878	zd:11697	nuntakna anuam zaw dingmun lam zuan in lalna ahi hi
e27879	zd:23479	Sikkhau bang a kizomdetdat aa, lalna
e27880	zd:15453	giah nading mun sum lalo in ong zangsak hi
e27881	zd:12487	Hotel man hong lalo ding hi'ng
e27882	zd:19939	Action lalo in mipi tuangsak teitei uh cihi
e27883	zd:15275	Lalta Khua Kipawlna
e27884	zd:16939	kimkhatte in lalui hi ta leh
e27885	zd:15652	Thului, lalui, ngeina lui
e27886	ts:3164	upadi lam, zato lam leh cidamna lam
e27887	ts:8105	China-te'n Security lam tawh nasiatak a panpihna ding
e27888	pk:24	Kawlgam ah inn lam nadingin gua kizang hi
e27889	pk:100	Inn khat ka lam nuam hi
e27890	pk:119	apute inn lam dingin
e27891	pk:129	nungak tangvalte lam ziahziah in ki gualnuam thei mahmah hi
e27892	zd:9445	Thusinna pen pawlpi kip na ahih lam phawk ni
e27893	zd:21340	a khial ngeilo kua mah omlo a hih lam phawk tawntung in
e27894	zd:25891	Pawlpi in khatveivei a zawngkhal lam phawk kha lo theih hi
e27895	zd:26708	Nashville lam zuanin ka ciah uh a
e27896	zd:20083	Washington lam zuanin hong pai petmah uh hi
e27897	zd:9254	inn lam zuanin pai pah vingveng hi
e27898	zd:22922	ahoih lam leh ahoihlo lamaa Cihtakna
e27899	zd:22341	Music lamah Pop leh Rock khan hun hi
e27900	ts:3125	Siangthona lamah bel siangtho lua lo uh hi
e27901	zd:24176	upna lamah zong hanciam ni
e27902	zd:24253	Mite nang' lamah pang uh a
e27903	zd:24320	Pasian pen pate lamah pang gige hi
e27904	zd:17992	Abraham Lincoln zong a masa lamah pang vava pahlian hi
e27905	zd:9258	A lamal leh a la-aw kituaksa het lo hi
e27906	zd:16337	A lamal YouTube ah zong kikoih hiven
e27907	zd:14789	lamal kibang Labu khat ah
e27908	zd:9220	Hih lamalte bekbek in ka ngaihsutna khempeuh hong ukcip hi
e27909	zd:9228	Tua lamalte a lawmpa Webster pia phei hi
e27910	zd:19455	Pasian tawh hun lamasa zaw in
e27911	zd:20254	Sample pawlkhat ki lamasa in
e27912	zd:16619	Thonginn athak 3 ki lambeh in
e27913	zd:20315	Camp lambeh lai uh hi
e27914	zd:25919	ih hihtheihloh na lambek ih zon leh
e27915	zd:22371	2011 kum khit lamciang zong
e27916	zd:25221	A nung lamciang James Bond movie sung aa
e27917	zd:24641	biakna leh Politics Party ki bangci lamdan
e27918	zd:16994	bang lamdan na om a hia
e27919	zd:25680	Biakna dangte tawh i ki lamdan napi pen zong ahi hi
e27920	zd:18136	Inn lamdan tawh kisai
e27921	pk:46	Thu lamdang a om hiam?
e27922	zd:26385	Aksi lamdang khat mu uh hi
e27923	zd:9235	Tua na lamdang tawh kisai-in
e27924	zd:10973	Zomi te kithutuahna lamdang kasa hi
e27925	zd:21034	ci in lamdang kasa hi
e27926	zd:25227	mi 5 a sih leh lamdang kisa hi
e27927	zd:21042	ahih man in lamdang kisa mahmah hi
e27928	pk:64	Hih lamdang sakna kammalte nungah
e27929	pk:91	Dotnate leh lamdang sakna a gen laigualte lobuang
e27930	pk:92	kilat a, lamdang sakna genna laigual
e27931	zd:15366	lamdang salua in keizong ka tusuk a
e27932	zd:17177	lamdang salua in a nuam mahmah hi
e27933	zd:24594	lamdang salua kahih man in tuani tawntung
e27934	zd:15647	India gamsung ah naupang lamdangkhat suakin
e27935	zd:21291	tua Luggage sungah van lamdangkhat om cih
e27936	zd:24029	Topa kiang na ciah leh zong lamdanglo hi
e27937	zd:17838	asihna ahangpen bangmah lamdanglo
e27938	zd:11587	adinmun ki lamdanglo in Asylum-seeker mah hitawntung uhhi
e27939	zd:15056	Police Report bawlhang in ki lamdanglo hi
e27940	zd:21948	San Tuipi lamdangtak in kantan pih khinzo hi
e27941	zd:20829	thupi tak leh lamdangtak in ki semzo pen hi
e27942	zd:24542	tangthu lamdangtak leh a khasiathuai mahmah
e27943	zd:25919	Mihau leh mizawng dinmun ki lamdanna
e27944	zd:11447	Chin leh Zomi cih lamdanna
e27945	zd:20790	ama lamdanna khatin kiciamteh hi
e27946	zd:26645	lamdawt tawn se dah ni
e27947	zd:23590	lamdawt tawn lo-in thuman bek tawh pilna zong ni
e27948	zd:26310	lamdawt tawn a hauh pen kisiatpih tamzaw hi
e27949	zd:23590	Pilna sinna-ah lamdawt tawn lo-in thuman bek tawh
e27950	zd:23616	ka tunhak dinglah lau in lamdawt tawn in
e27951	zd:26645	lamdawt tot pen kitungbaih napi-in
e27952	zd:14861	mite buaibuai sak lo, lamdawt tot sawm lo
e27953	zd:12998	tua banga hong kineih ding lamenlo hi
e27954	zd:20252	Adang bangmah aki muhbehding in ki lamenlo hi
e27955	zd:14609	lamet hetloh in thau honkhat amankhiakha uh ahihi
e27956	zd:24943	lamet hetloh laitakin a khasiathuai a lunglenhuai dinmun I tung vat hi
e27957	zd:19975	lametbei mi khat in hong etet-leh
e27958	zd:21384	lametbei cih pen kiliatsak nop man hithei a
e27959	zd:14709	Ih theihlohkal, ih lametloh laitak in
e27960	zd:22717	lametloh laitak in mehtuibel puakkham zaimawk ahih manin
e27961	zd:14776	lametlohpi in GrabCar sungah suakkhiaziau hi
e27962	zd:19197	lametlohpi in Shopping Mall khatah vapai hi
e27963	zd:15996	lamgui laam uh aa nuam sa mahmah uh hi
e27964	pk:128	lamgui-in a cim dong uh lamlam uh hi
e27965	pk:119	neih leh lamh bangmah ka neihloh hangin
e27966	zd:23594	neih le lamh supgawpna
e27967	pk:119	hih mun pen ka lamh kiatna ahih manin
e27968	zd:20787	a lamhilh ding omlo ahih manin
e27969	zd:23419	Nuntakna tawh lamhilh numei manpha
e27970	zd:23667	Zomi te Myanmar gam lamhna ah ih kihelna
e27971	zd:17060	Tedim biakinn lamhna
e27972	zd:15586	lam ah lamhoih mahmah hong tawhsak ding hi
e27973	zd:21717	I tate ading lamhoih kisial sak zo pan ding hi
e27974	zd:13020	Pasian lamhon sakna peuhpeuh ah kikalsuan ciat hi
e27975	zd:21321	Topa lamhon sakna lianpi hongom theihna dingin
e27976	zd:20092	Sum kitahna munte ah lamhong lak den mi
e27977	zd:22664	Pasian lamhonsakna tawh USA ongtung ahihi
e27978	zd:25060	Pasian lamhonsakna tawh 2008 in Maryland, USA hong tung thei hi
e27979	zd:16121	India lamkaai Zogam khuapi Lamka-ah
e27980	zd:21003	India lamkaai Mizoram leh Manipur
e27981	zd:19435	ke'n lamkaal ah laihamphatphat lawh ingh
e27982	zd:20545	lamkaal, Innbuuk nuai ah, sazuk tal kidawng khat a galmuh uh hi
e27983	zd:13318	lamkabom ah akikoih Traffic Light te
e27984	zd:23957	Falam, Hakha, Thantlang leh Tedim Tonzang kituahna lamkabom ahi hi
e27985	zd:23556	lamkabom ah meisan ngak ciangin
e27986	zd:11710	Khetawh lamkan te adingin lauhuai mahmah
e27987	zd:14676	lamkan nadingin akibawl Overhead Bridge
e27988	zd:15846	lamkan laitak in honkhat in akan hi aa
e27989	zd:15834	lamkanna leipi kibawl kawikawi a
e27990	zd:14676	Singapore gamsung lamkanna lei khat mawtaw in
e27991	zd:15693	lamkawi ah akia cihi
e27992	zd:11265	mualpang lamkawi khatah
e27993	zd:18028	lamkhakcip in puk, mi 2 liam
e27994	zd:14904	lamkhakcip in akikoih mawtaw khat
e27995	zd:14824	lamsak maw lamkhang khat zawzaw ah tai ding
e27996	zd:17952	lamkhang ah alenkhiat suakloh phadawm mahmah hi
e27997	zd:21020	lampi hoihlo ahih manin, lamkhanglam ah pialkhia in
e27998	zd:17689	tuakhit ciangin lamkhanglam ah akilawnkhia cihi
e27999	zd:20818	lamkhat panin lungdam huai hi
e28000	zd:22557	Meiisan pen lamkhat pan en leng nitum hun cih lahna ahi hi
e28001	zd:22557	lamkhat pan en leng nitum hun cih lahna ahi hi
e28002	zd:19816	lamkhat pan in ngenlehang
e28003	zd:25624	ZRA nungakte tawh lamkhawm in nuam nasa ngel
e28004	zd:24594	zu kakham pian ciang un ka lamkhawm ngeingai uh hi
e28005	zd:15874	Zomi State lamkhia leng
e28006	zd:16901	Financial & Business District sungpanin hongki lamkhia ahihi
e28007	zd:15919	lamkhialhna leh gal-pianna pen kalkhat suanna leh kam-khat pau-na pan kipan-a
e28008	zd:16245	sang pilsina lam ah lamkhialhna
e28009	zd:21050	Kawlgam sung pan Zomi State lamkhiat ding vai
e28010	zd:16901	Mulia Group te ii lamkhiat hi a
e28011	zd:13020	Biakinn lamkhopna nei hi
e28012	zd:19508	athak ahoihzaw in ki lamkikding
e28013	zd:19508	ahoihzaw Modern Complex khat lamkikding uhhi
e28014	zd:11383	Reserve Fund tawh ki lamkikding
e28015	zd:15484	lamkim lampam pan sam a azat pak mi om a
e28016	zd:14852	Thukha leh Insein Road lamkiu aom Bus Stop khat
e28017	zd:17992	huih in a letkhiat, lamlai ah a mu hi
e28018	zd:24164	Mipi te lamlai ah mangthang sak lo ding
e28019	zd:17005	Jerusalem biakinnpi a ki lamlai in
e28020	zd:26565	Topa hong lamlakna leh namipihte naveina hang bekmah
e28021	zd:15810	Khasiangtho Pasian ii khuavak, lamlakna le Khasiangtho Pasian ii sawlna
e28022	zd:21246	i deihna lamlam ah
e28023	zd:25919	Ih tup ih gel na lamlam ah kipai ahihi
e28024	zd:23086	Midangte ading thupha hih theihna lamlam ah mapang ding
e28025	pk:128	a cim dong uh lamlam uh hi
e28026	ts:301	lamlam uh a, ne-in dawn-in
e28027	zd:15264	numeikhat aguaktang dekin lamlam ahih manin kiman
e28028	zd:19242	huih nunna lamlamah leng zaizai hi
e28029	zd:14861	A zo lamlamah pang nuam
e28030	zd:17952	lamlang ah pialpheikha cihi
e28031	zd:11579	Cement Truck pen lamlang ah ki lumlet in
e28032	zd:19257	kumpi lamleh mipi ading nasem kha khempeuh
e28033	zd:19239	NLD lammah in aanaa ngahzo ding lamin aleek zaw lai hi
e28034	zd:20410	I khualzinna ah lamman i zuih theih nangin
e28035	zd:12121	a neulai mah in lamman tawnsak in
e28036	zd:26658	bangci leng lamman tunkik thei ding i hiam
e28037	zd:13354	Tua pan in lamna dianna tawh kizom to suak hi
e28038	zd:25225	lungdamna takpi tawh lamna dianna pen ahoih mahmah khat hi
e28039	zd:12765	lamtung leh lamnuai kikawm na ding
e28040	zd:24276	Khe tawh lampai hanciam in
e28041	zd:20841	Annekkhit phet ciangin lampai lo ding hi
e28042	zd:14564	Khedap bulhlo in lampai pen cidam nadingin hoih
e28043	18.38.16	Tuipi nuai leitam tungah lampai ngei
e28044	43.11.9	tua khuavak sungah lampai leh pukkha cih om lo
e28045	43.11.10	zan khuamial sungah lampai leh
e28046	16.12.31	lampai kawmin lungdamna a ko dingin
e28047	44.8.39	lungdam takin a lampai a zom hi
e28048	zd:21869	Lamkim lampam pan in gamlumna tuamtuam om thei hi
e28049	zd:19626	Gilo, guta a vak, lampam khong giak
e28050	zd:15992	Kumpi lampan gelna omlo hi
e28051	zd:21050	Mihing' lampan ih hanciam ding ih tavuan hi
e28052	zd:16442	Keibel aneu lampan a 3 na hi ing
e28053	zd:20676	Najib lampanin bangmah thuumna, ngetna neikiklo hi
e28054	zd:18112	Zato lampanin thuneite genkhiatna ahbel
e28055	zd:12938	amau lampanin paulapding tampitak neilel uhhi
e28056	zd:12155	Sunday ni zankim lampawl in
e28057	zd:24029	khua sat masa lampawl ahi hi
e28058	zd:11887	Hih Singapore LRT meileng lampen 1999 kumin akihong hi a
e28059	zd:11798	kipawl khawmna tawh a khantoh ding lampen
e28060	ts:3316	Mencim in lampi zong kisia gawp hi
e28061	zd:20028	Buan tawh kidim lampi
e28062	zd:17828	lampi dang lah om lo hi
e28063	42.19.36	lampi-ah puante a phah uh hi
e28064	42.10.31	Tua lampi ah siampi khat paikha zenzen a
e28065	20.8.3	khuapi lutna lampi gei-ah
e28066	zd:23191	mite bek in midang te lampi maan hilh thei hi
e28067	zd:26645	kuhkal takin lampi maan i tot nak leh
e28068	zd:23301	lampi maan panin ki pialkhial hamtang a
e28069	zd:12175	Jesu gualzawhna in guallelhna lampi tawn hi
e28070	zd:15767	khat veivei lampi tawn loin ka lo lai pan
e28071	zd:19998	Mi pawlkhat in Party lampi tawn in
e28072	zd:20272	mawtaw hoihtak lenkiptheilo in lampialkhia hi
e28073	zd:15405	Kuching Airport ah vanlengkhat lampialkhia
e28074	zd:17924	amanlangin lampigei ah Emergency Stop kibawl a
e28075	zd:20008	lampigei tuikivung tawh ankuangte sawpziahziah uhhi
e28076	zd:19581	lampigei Phone khuamte hoih sitset lai hi
e28077	zd:12187	ii zuihding lampikhat ii neih ding ki sam hi
e28078	zd:15272	Tampines vengsung aom lampikhat ahzong
e28079	zd:17152	I buaina thutawh kizui in lampimaan hong lakthei
e28080	zd:20746	Pasianthu thumanthutak lampimaan tawh hehneem
e28081	zd:16148	amah bel lampinawl Platform tungah na lum deldal hi
e28082	zd:17909	Jalan Hamzah kici lampinawl khatah thupiang ahihi
e28083	zd:21898	lampithak na tawn ta ding hi
e28084	zd:19975	A lawhsam ngeite in lampithak hong hilh thei hi
e28085	zd:22540	lampithak ih zawtding hong kulta hi
e28086	zd:20641	Neil Road lampitung aom Coffee Shop khat meikang
e28087	zd:17735	Mandalay Region sungah lampitung tuahsiatna Road Accident tam mahmahlai
e28088	zd:25047	February kha pan kipan lampitung lungphona kinei toto hi
e28089	zd:20512	Kamhau lampizik gei a om innmun te
e28090	zd:24249	bang ha'ng Tuithang manawh in lampizong ahiam
e28091	zd:22941	Neihsa lamsa kicing takin nei zihziah lel hi
e28092	zd:8667	A omna inn sung ah neihsa lamsa khang hi
e28093	zd:19457	i neihsa i lamsa abei dong mah in
e28094	zd:12231	Hunmawkbei, lamsaap mawkbeiding pamaih hi
e28095	pk:163	Pute leh lamsak kineh zo lo
e28096	zd:11110	lamsak lamkhang-a singteh khempeuhte' meelhoihna-pen
e28097	zd:12448	Aki lamsan Building ii inndawl 3 na panin
e28098	zd:20488	Building aki lamsan inngolpi khat kicim
e28099	zd:23554	Hong lamsang un, na tanote hi ungh
e28100	zd:21085	Na sumbawlna leh na nasepna ah hong lamsang thei hi
e28101	zd:20639	a lamsap ding sum bek in a kisam lai ahihi
e28102	zd:20587	lamsap dingte zong Pasian in hong sik mahmah ding in um ing
e28103	zd:21717	Zum vai sumbei leh lamsap bei khempeuh
e28104	zd:21989	Khatpen lamsau in, lamhaksa in
e28105	zd:24217	ngeina pan lamsau kipial khin
e28106	zd:23037	tua lamsial thaman dingin buh na pia uh hi
e28107	zd:20725	ih mitmuhna tawh lamsial ding thupi hi
e28108	zd:21282	naupang lamsiam mahmah
e28109	zd:24276	Nisa nuai ah lamsiau kei in
e28110	zd:25115	Zingsang lamsiau a ka pai ciangin
e28111	zd:20841	nai 1 khit ciangin lamsiau zaw ding hi
e28112	zd:24276	lamsiauh thupi sak mahmah uh hi
e28113	zd:25223	kal khat kal nih bek ahi zong lamsiauh zel ding ahi hi
e28114	zd:24276	lamsiauhna pen a hoihpen exercise bawlna a hihi
e28115	zd:14816	lamsiauhna hangin guhpa natna phatuamsak thei hi
e28116	zd:20164	lamsuk atuahsuk laitak in Bus pen veilam nehpheigawp in
e28117	zd:20092	A laulo ding kisinna ding lamtampi om ding hi
e28118	zd:22116	hilhtheihna ding lamtampi om lai hi
e28119	zd:20997	mipa tungah lamtampi tawnin na sem thei hi
e28120	zd:24469	biakna lamtawh kisai Biakinn, Mosque leh Pagoda
e28121	zd:20899	politic lamtawh hanciam kawm mahin
e28122	zd:22850	UNHCR Resettlement gamteelna lamtawh kisai thute
e28123	zd:11764	lamtawntung ah khuhthauhthauh thapaai uh cihi
e28124	zd:14561	lamtawntung lunghimawh, lungnuamlo in omom
e28125	zd:23443	Na khualzinna lamtawp dong na mukholnuam kha dinghi
e28126	ts:2731	Kiciam ni-in ZRA lamte hong pailo uh hi
e28127	zd:23332	Kumpi lamte mahmah zong
e28128	zd:15514	Thukan Media lamte kihel hi
e28129	ts:2731	a nung lamteh kithei pan hi
e28130	zd:12352	2010 kum khit lamteh net sung khawngah kamu ngei pan hi
e28131	zd:25947	sing lamteh tungah ki that hi
e28132	ts:8304	Media lamten genkhia uh ciat hi
e28133	zd:22350	Falam lamten Chin mintawh nabawlding uh a
e28134	zd:20176	Gun pan Laaitui mawtaw lamthak kito
e28135	zd:25569	lamthak innthak ih zuat kul hi
e28136	zd:20456	World Cup kimawl nadingin aki lamthak Stadium khat
e28137	zd:19602	UMNO in ki lamthakna neithei panding hi
e28138	zd:22784	lamto ah ka pai laitakun tawl lua ka hihmanin
e28139	zd:21254	lamto ah zong a hat vanvan loh hangin
e28140	zd:19166	lamtung panin gamsa khatin lam hong kaansuk hi
e28141	zd:12765	lamtung leh lamnuai kikawm na ding
e28142	zd:9448	na hih lamuh mangngilh kei un
e28143	zd:24427	a hih lamuh zong a theih dinguh
e28144	ts:7872	Tedim khuapi leh Lamzaang khuaneu kikal lampi pan
e28145	zd:14867	Inn kisam tuamtuam lamzawh nang
e28146	zd:23978	ICU innpi Emergency lamzawh nading
e28147	zd:9422	i hih inn lamzia panin zong kithei hi
e28148	zd:15274	Biakbuk lamzia ding Pasian in Moses tungah
e28149	zd:20176	Kaaptel leii sunhin lamziik ding ahi hi
e28150	zd:8667	Kiphatsakna in nuaikiatna ding lamziik pi khat a ahihi
e28151	zd:11646	Khuasung vakciang, lamzik kanciang kidop huai mahmah hi
e28152	zd:20023	lamzik te, mawtaw leh mihing te mahmahzong vutkhu in tuamcipgawp hi
e28153	zd:12089	Penang ah lamzikkan numei khat
e28154	zd:15114	piteek puteek te lamzikkan in aompen
e28155	zd:12811	lamzikpi tungah mawtaw leh tui dimcip hi
e28156	zd:16942	lawi khatin lamzikpi kantan hi
e28157	zd:17164	Jalan Hamzah lamzikpi tung aom ahihi
e28158	zd:16876	Canton Road kici lamzikpisung aom Man Fuk Building
e28159	zd:15913	Yangon khuasung Bayinnaung lamzikpitung aom KBZ
e28160	zd:21020	lamzikpitung tuahsiatna hangin misi atam penpen
e28161	zd:19082	Jalan Ampang lamzikpitung aom Corus Hotel mai ah
e28162	zd:11234	Batu Awang lamziktung ah thupiang ahihi
e28163	zd:12304	Anuai lamziktung atuksuk ciangin
e28164	zd:11201	Lorry ataina lamzing lamsang ah thakhatthu in pialpheivat
e28165	zd:11368	mataw khat lamzing Junction khatah akawiphei laitak in
e28166	ts:12147	lamzinpi tungah om khuaneu khat ahi hi
e28167	ts:12366	nek le dawn puakna lamzinpi ahi hi
e28168	zd:17862	lamzong hoihtak paithei cihi
e28169	zd:12487	Biakna lamzong kihong mahmah ta a
e28170	zd:11251	ama nawkkhak lamzong kuamah in mulo hi
e28171	zd:20406	Hih pen highway lamzongte zatdaan protocol ahi hi
e28172	zd:24249	lamzongte atamzaw in gen uhhi
e28173	zd:16892	Yangon pan Kalay lamzuan apai Bus mawtaw khat
e28174	zd:26976	a tapa kahna mun lamzuan in hong tai pah hi
e28175	zd:17661	Upper Serangoon Road lamzuan in apai laitak
e28176	zd:11201	Kampa panin Ipoh lamzuanin apai uh cihi
e28177	zd:15427	Glendalough Station lamzuanin atuang ahihi
e28178	zd:20176	haa lan a kici ahi hi
e28179	zd:20545	Tu in tua lampi, Amian lan
e28180	zd:20084	buaipih nawnloding, tavuan lanawn loding
e28181	zd:25305	Lancaster Bible College ah zomthei pah hi
e28182	ts:5635	Tua banah Landmine sikkhial zong om hi
e28183	zd:20562	Shan State sungah Landmine puakkham in numei 1 si
e28184	ts:3784	akimkot ah Landmine siah uh hi
e28185	zd:17488	Lane khat bek ah ki tai hi
e28186	zd:19925	Lane khat kihonsak in
e28187	zd:22704	a lang mahmah nasep pawl khat zong kihel hi
e28188	zd:11162	Malaysia, Selangor State, Semenyih, Hulu Langat District sungah
e28189	zd:23358	Democracy tawh kalsuanna pen kisia baih, langbai baih mahmah hi
e28190	zd:22157	a zawng pen i hih se pen, a langbai i hi diam
e28191	zd:23754	Europe gam miphazah ii a langbang si khin dingin
e28192	zd:21198	Lungsim cidamlohna a langbang kum14 a phak un kipan
e28193	zd:18952	kumpi langdo te zong ong thahat semsem hi
e28194	zd:25923	Mi cihkhempeuh langdo dending cihna hisam lo hi
e28195	zd:13354	biakna kisia dinghi ci'n na langdo uhhi
e28196	zd:23670	langdona cikmah hunin hong tho kik zo nawnlo ding hi
e28197	zd:19316	galkap kumpi langdona ding zong
e28198	zd:16942	Teluk Intan khuapanin Langkap khualam zuanin apai uh cihi
e28199	zd:21598	kikan pih in Langkap Camp ah om
e28200	zd:17802	Malaysia, Langkawi ah Cable Car kisia in
e28201	zd:17941	Malaysia gamsung aom Langkawi
e28202	zd:11234	Lampi langlam panin Proton Persona mawtaw khat
e28203	zd:9433	A langlam pan ngaihsun le'ng
e28204	zd:20358	A langlam party ahi Republican Party tawh
e28205	zd:14935	kongkhak sikzawl kawmkal ah akikhai langlang laitak
e28206	ts:11162	lawmta bang in kizui langlang uh ahihi
e28207	zd:19743	Canada, British Colombia, Langley khuasung aom
e28208	ts:1902	Zanni nitak in langnih kikapna omin
e28209	ts:1822	Hih kidona ah langnih kikapna pen nai 9 sung sawt in
e28210	ts:5309	langnih tuak a si aliam om tuak uh hi
e28211	ts:1277	Tua akipan langnih tuak pan tatsat loin kikapna om suaksuak ahi hi
e28212	zd:21120	Pasian a langpante sung nangawn zong
e28213	zd:25300	tu-a hong langpante i kiang hong ut ding hi
e28214	zd:24343	a langtuak ah sihna nangawn hong piang hi
e28215	zd:9124	a langtuak thuneitu te thukimna omlo in
e28216	zd:24207	India le Sri Lanka ah zong Tualsuak Upna pawl khat piang hi
e28217	zd:26591	Pumkhat hihang, kici lanlan napi-in
e28218	zd:16997	cihbang in thukhen lanlan thei hihang
e28219	zd:23890	Zokhan ka khual a ci lanlan ngam
e28220	zd:15871	143 Min Ye Kyaw Zwa Road, Lanmadaw Township, Yangon
e28221	zd:19936	khuasung lamkabom lansong gei
e28222	zd:18020	numeinu pen Laos gammi hi a
e28223	zd:23957	Tachileik panin Laos gamah khat lut suk hi
e28224	zd:21939	A zekai bang napi, a hun lap veve
e28225	zd:25264	a hun lap takin na i septheihna
e28226	zd:18171	March 20 ni lap hamtang zo leng
e28227	pk:135	a hawm zong tavuan lapah hi
e28228	zd:21282	CCTV record teng lapah uhhi
e28229	zd:20673	thuneihna zong lapah uh hi
e28230	pk:83	gentehna in lapak leng
e28231	zd:24854	Tua pen lapau kici hi
e28232	zd:24854	lapau tawh la dawng tampi a phuah
e28233	zd:24854	lapau zong zang pha mahmah leuleu uh hi
e28234	zd:16506	kep naupangte zanvak lapawl
e28235	zd:23014	Maw Shan laphet zong minthang mahmah a
e28236	zd:19779	ama' laphuahte in mi tampite' nuntakna lawng hi
e28237	zd:20920	Na laphuahte nang sa pah maw
e28238	zd:9247	gospel laphuak minthang khat mah ahi hi
e28239	zd:11577	akisam pen bel ih laphuak te hi
e28240	zd:9251	hih laphuak minthang tegel ki-it mahmah uh a
e28241	zd:9224	Tua lai-ah laphuakpa in pastor a sep laitak ahi hi
e28242	zd:24804	laphuakpa'n Topa tungah lungkim dan kisin in
e28243	zd:9223	laphuaksiam church musician minthang khat ahi hi
e28244	zd:9235	Jew-te laphuaksiam khat-in tuma kum 1,000 lai-a a phuah hi a
e28245	zd:9253	laphuaksiampa Iassac Watts in zong la dang tampi phuah ding
e28246	zd:16038	Hih laphuakte khat nangawn a nungta nawn kei uhhi
e28247	zd:24217	I laphuakte in Pasian thu mah hong thupi sak uh hen la
e28248	zd:9225	Christmas hun cianga kisa lapi
e28249	zd:23466	Vantung mite in Choir lapi hong sa suk uh
e28250	zd:9257	ki-apna lapi khat kiphuak leh
e28251	zd:22479	ahun lapin ka zo uhhi
e28252	zd:22228	Hih lungsim liamma pen a hun lapin kibawl kei leh
e28253	zd:10955	senator te pawl in a mit uh phe laplap uh hi
e28254	zd:21715	A ziat a vei a mittawh hong en laplap ding hi
e28255	zd:19442	Register bawlhunding Deadline laplo uh ahih manin
e28256	zd:23386	Topa' lapsang mite kuamah in niamkhiat zo ngeilo hi
e28257	zd:23394	Pasian leh a kammalte bek lapsang ding hi
e28258	zd:14844	Kawlgam Nute lapsang na ding lunggulhna tawh
e28259	zd:19252	ingeina kepna le lapsangna khat ahihman in
e28260	zd:9125	Mihing hamphatna lapsangna ding
e28261	zd:21543	eimau Laptop panin
e28262	zd:22499	Computer Laptop zat ciang phei tungah koihaa zat hoihlo hi
e28263	zd:15300	abawlna in akizang Laptop khatzong kiman hi
e28264	zd:11074	Detained tepen Laptops khawng kilaksak in
e28265	zd:25937	khe tawh kapai uh leh ka lapzo nawn kei uh hi
e28266	zd:24630	Hun a lapzo diam
e28267	zd:16731	Johor Baru aom Larkin Bus Terminal panin
e28268	zd:20896	lasa kawm in laamthei ta
e28269	zd:12342	Apahtak huai Zomi lasa siam
e28270	23.65.14	ka nasemte in lungdamin lasa ding uh a
e28271	23.42.10	a tunga teeng mite aw, lasa un
e28272	23.35.10	lasa kawmin Jerusalem hong tung ding uh hi
e28273	51.3.16	Pasian tungah lasa-in phat un
e28274	23.52.8	amaute lungdamin lasa khawm uh hi
e28275	zd:21232	Kawlgam pan lasa siam JK Sang zong hong kihel thei lai ding hi
e28276	zd:15865	India pan hong pai lasa siam B Muan Ngaihte in la hong sa
e28277	zd:9264	lasaksiam bek hi lo-in la makaih zong siam hi
e28278	zd:21848	I lasakte ah zong a tamzaw Bethlehem min kilokha hi
e28279	zd:9264	ama' omna kiimtengah lasakzia hilh kawikawi hi
e28280	zd:9219	Sankey in lasakzia thak khat hong phuangtawm-a
e28281	zd:24114	ka tutna gei ah a tu, lasapa nu in
e28282	zd:12510	Laser tawh Tattoo phiatpen sum tampi beizaw
e28283	zd:26620	Lashio khuapi pen mi 150000 val omna khuapi mahmah khat ahi hi
e28284	zd:17067	Mandalay leh Lashio kikal ah mawtaw nai 12 sung awkcip
e28285	zd:25293	Ama talent lasiamna tawh a ngah sumte tawh
e28286	zd:23079	lasiamna leh music siamna hangin
e28287	zd:10743	Zomi lasiamte in la hong sa ziahziah uh hi
e28288	zd:16040	Brisbane aom Zomi lasiamte tawh hong zaikhawm
e28289	zd:22967	Lasiangtho bu leh ka van dangteng la lo uhhi
e28290	zd:19679	Babylon kammal Lasiangtho bumasa, Piancil ahzong om a
e28291	zd:19729	thusia lasiate um in
e28292	zd:24253	tua bang thusia lasiate tungah lengto a
e28293	zd:23365	Tua ding in Lataih hun ding kiza sak ding hi
e28294	zd:17234	Lataih theih ding hun hong ki zasak kik ding hi
e28295	zd:17634	lateel dawng 43 teng solfa tawh labu kibawl a
e28296	zd:16939	Pawlpi kimkhatte in lathak zang uh aa
e28297	zd:19460	Tua abawlsa lathak dawng 2 te lakah
e28298	zd:23896	vanmi te sak theihloh lathak te zong sa uhhi
e28299	zd:17634	Biakinn kim ah lathakte kisa in
e28300	zd:16334	ni 2 pan ni 3 sungbang hun latheiding ci uhhi
e28301	zd:17848	khakhat sungbang ahun latheiding cihi
e28302	zd:19662	Latin America gamte ii gamvai thute en leng
e28303	zd:11001	Latin America gam makai dang ten zong mawhpaih uh hi
e28304	pk:91	pen Latinte a zui-in
e28305	zd:20827	Titanic omna pan tai 7 bek kigam latna ah om hi
e28306	zd:19114	a gam latna mun ah kilam beh ding hi
e28307	zd:24125	Na lau ngei nai hiam
e28308	zd:16385	KIPUAHPHAT DING lau KEI IN
e28309	zd:19898	Khialh ding lau den lo hi
e28310	19.56.3	Kei ka lau ciangin
e28311	1.3.10	huan sungah ka za a, ka lau hi
e28312	1.15.12	khua mial bekbak a, lau mahmah hi
e28313	43.19.8	Pilat in a zak ciangin lau semsem a
e28314	42.24.37	kigaihin a lau uh hi
e28315	27.5.6	Tua ciangin kumpipa lau lua mahmah a
e28316	41.9.6	amaute lau mahmah uh ahih ciangin
e28317	41.4.40	Note in bang dinga lau na hi uh hiam
e28318	40.8.26	Upna neute aw, bang dinga lau na hi uh hiam
e28319	5.20.8	A lau a lungsim meidawi kua om
e28320	zd:21869	sihna pen lauding hilo hi
e28321	zd:11477	Tuahsiatna leh taangtun lohna cihte pen lauding hilo hi
e28322	zd:20484	Gul lauh ding omlo hi
e28323	zd:23986	lauh nading om lo mah hi
e28324	zd:24035	mite phunsan ding na lauh manin
e28325	zd:20635	kumpi David kiangah lauhetlo in pai in amawhna thuhilh hi
e28326	zd:15278	akiatsak ngeisa te'n lauhetlo in kiatsaksak veve uhhi
e28327	zd:14498	umlo, lauhetlo in, aciamnuih ahihlam zong theihpah lel hi
e28328	zd:25927	Nang ading in lauhhuai loh hang in
e28329	zd:26643	sabaak hawm a i hawmkhak ding zong lauhhuai ka sa hi
e28330	zd:24748	a manpha mahmah khat zuak khak ding lauhhuai hi
e28331	zd:14916	ka lauhna teng Pasian kiang ka ko hi
e28332	zd:17685	lauhna tawh piak ding hilo in Upna tawh piak ding
e28333	zd:24804	lauhna patauhna tawh tengkhawm lo uh hi
e28334	pk:130	ih manthansak khak ding lauhuai mahmah hi
e28335	zd:21543	Smartphone leh Tablets te Naupang adingin lauhuai
e28336	zd:21753	thagimna sangin lunggimna lauhuai zaw hi
e28337	zd:24276	Hih lungtang kisai natna pen lauhuai lua lo hi
e28338	zd:11440	kua adingin lauhuaiding hiam
e28339	zd:16247	tusukleh lauhuaiding cihtawh tusuk ngampaklo hi
e28340	zd:20181	Agam ah aciahkikding uhpen lauhuailai hi
e28341	zd:20518	Heatstroke pen lauhuailai mahmah ahih manin
e28342	zd:15949	Gas akeh aomphial zongin lauhuailo zawding hi
e28343	zd:16433	galin nei leengzong lauhuailo hi
e28344	zd:24276	natna pen a lauhuailua hilo hi
e28345	zd:22223	naungek adingin lauhuailua mahmah hi
e28346	zd:19814	A lauhuailua lo ciangah bel ka hangsan mahmah uh hi
e28347	zd:15408	Motorycle khat tungah mi tampi tuanpen mipi lauhuaisak
e28348	zd:14519	11% bang lauhuaisak tuam cimawk hi
e28349	zd:24276	nuntakna zong lauhuaithei hi
e28350	zd:14954	siatna aom cianginzong lauhuaithei mahmah hi
e28351	zd:11833	asit taktak ahihkeileh lauhuaituak simtham hi
e28352	zd:11764	Photo aki khahkhiatna ah lauhuaituak mahmah hi
e28353	zd:13233	Mawtaw hawlpa in laukei in
e28354	zd:12181	gul namuh uhleh laukei un ci'n kagenzel uh
e28355	ts:3369	na laukha mel mu nuam ing e
e28356	zd:11625	Kawlgam Shan State sung aom Laukkai khuasung ah kikapna piang
e28357	ts:5105	Laukkai khuapi sung buppi phial MNDAA pawlin lakhiazo ta
e28358	zd:16893	mi' lak-ah neektheih nesak laulau kei in
e28359	zd:13154	Pau khialh ding na lauleh
e28360	zd:13154	neek khialh ding na lauleh
e28361	zd:21389	Na hopih nop mi laulo in hopih
e28362	zd:20092	Launa a beina dingin a laulo ding kisin ding kisam hi
e28363	zd:17549	thukham pen kuamah in laulo in a utbangbang un gamta uhhi
e28364	zd:24231	Humpi nelkaai bang aa lauloh na ih nei ding hi
e28365	zd:20899	lauloh zawk semsem ding hun
e28366	zd:14824	ka lauluat manin ka phulna ding thei loin
e28367	zd:25567	Tua bebek lauluat manin
e28368	zd:15577	khetawh apai adangte'n laumahmah in gal et uhhi
e28369	zd:15178	Counter sungah nasem tezong laumahmah in
e28370	zd:24657	natna kilawh ding lauman in hi lo
e28371	zd:23784	hihte pen lauman hilo in itna tawh akikholpak hizaw hi
e28372	zd:14824	Tua a kipan bangmah ka launawn mahmah kei hi
e28373	zd:24043	Mihing in i laupen Sihna hi
e28374	zd:9432	lawmte neih bang neihloh ka laupen hi
e28375	zd:25611	mipi lauphawn mawkmawk loh ding thupi ding hi
e28376	zd:13334	laupipi in aom uh ahihi
e28377	zd:17758	amahzong laupipi in Station Platform tungah kahtokik saisai hi
e28378	zd:12217	pasal khempeuh lauta ing
e28379	zd:19105	dawi in zong mihing lauta hi mai leh
e28380	zd:16595	ahi zongin patau lauthawnggawp cihi
e28381	zd:14875	Mipi te lauthawnggawp in awng ngeingai uh a
e28382	zd:13063	khuasung mipi te patau in, lauthawnggawp khading hi
e28383	zd:12854	lauthawnglua ahih manin, zato ah kipuak in kikem cihi
e28384	zd:22618	atuangkha khempeuh ki lauthawnglua mahmah ahih manin
e28385	zd:19100	vanleng sungah Bomb om ci'n ki lauthawngsak
e28386	zd:16811	ka naseppih lawmte temtawh lauthawngsak hi
e28387	zd:20132	Security Guard pa lauthawngsak in ngimbawlzel uhhi
e28388	zd:21627	Hihbangdan Bomb ki lauthawngsakna pen
e28389	zd:19100	Bomb omhi ci'n ki lauthawngsakna om ahih manin
e28390	pk:122	law zawzen hiveh aw
e28391	zd:15746	Lawas District Office ah thu kibawl cihi
e28392	pk:164	mi dang khat in thuak lawh
e28393	zd:24231	Kampau khial na hang in kisih lawh thei hi
e28394	zd:22090	Tua panin naupang in sinna tampi a ngah lawh hi
e28395	zd:25255	Thu tampi kitheih lawh hi
e28396	zd:14525	hih Nargis hangin hauh lawh liang uh hi
e28397	zd:17333	a minam a it manin midangte mudah lawh liang hi
e28398	zd:15661	sum kikhol thei a hihman in kihauh lawh liang ding hi
e28399	zd:11135	theihnabek tawh sepna bel lawhching lo hi
e28400	zd:12578	lawhching taka i zat theihna ding un
e28401	zd:22046	guawlzawhna lawhcihna hamphatna tampi ngah veve uhi
e28402	zd:11279	Taobao nasia takin lawhcingin hong khan' ciangin
e28403	zd:17566	a 1000 veina teh hong lawhcingin
e28404	zd:21502	a lawhcinglo te bangcileng lawhcing thei ding hiam
e28405	zd:23157	a lawhcing leh lawhcinglo bek om hi
e28406	zd:11674	na lawhcingna ding pen ko na nu leh na pa tungah omlo-in
e28407	zd:10797	i gualzawhna ah, i lawhcingna ah
e28408	zd:16340	Kuhkalna in hong lawhcingsak ding hi
e28409	zd:25156	Topa in hong lawhcingsak hi
e28410	zd:16340	Mi lawhcingte thadah lo hi
e28411	zd:16625	Tua pen mi lawhcingte in a zuih uh lampi ahi hi
e28412	zd:21568	Mi gualzo leh a lawhcingte tawh kithuah in
e28413	zd:18255	midangte sangin a lawhcingzaw ahih lam phawk kha ing
e28414	zd:21066	Zogam mission sangin Lusei gam mission nakpi lawhcingzaw
e28415	zd:21989	lawhcinlohna leh lungkimlohna vive ngahuh hi
e28416	zd:23443	lawhcinlohna khatpeuh i tuahciangin midangte en in i lungneu thei hi
e28417	zd:20805	lawhcinna na ngah ding hi
e28418	zd:16340	Ama lawhcinna lampi sagih ahi hi
e28419	zd:22807	lawhcinnate nang ading ahi hi
e28420	zd:23067	lawhcinnate kibehlap to semsem hi
e28421	zd:17448	alungsim akisiat lawhding ka dah hi
e28422	zd:14930	hong theih lawhin hongit zo lai uh hi
e28423	zd:20845	Mangkangte in Mizote ettheih lawhin
e28424	pk:35	khat bang a i lawhkhopna kammal pen
e28425	zd:23935	Covid 19 natna a ki lawhloh nadingin
e28426	zd:21989	hong lawhloh nadingin
e28427	ts:4569	Kawlpi pen ei lawhna ahi hi
e28428	zd:21607	namdangte' ong lawhna hilo hi
e28429	zd:23974	Ih nulepa ih lawhna ah zong
e28430	zd:18947	vanzuakna Store khatzong lawhphei hi
e28431	zd:11738	zinling pen Yangon khuasungdong lawhphei in
e28432	zd:14575	puanzuakna Clothing Store khatzong meikang lawhphei cihi
e28433	zd:25227	US taanzung ah nihvei pai a, ahihangin lawhsam hi
e28434	zd:16340	a lawhsam mite mah ahi uh hi
e28435	zd:21392	na lawhsap ni sangnin na lawhcin ni tamzaw veve hi
e28436	zd:25751	gammial nasep a lawhsap khak ding lau huai mahmah hi
e28437	zd:24313	Tua hi kei leh lawhsapna om thei ding hi
e28438	zd:21502	lawhsapna pan in Lawhcinna lam ah hong kihei in
e28439	zd:11279	Na nuntak sungin bang zah vei lawhsapna na tuak ta a
e28440	zd:26788	a met nengneng teng a lawhtaak zel bek ahi hi
e28441	zd:25505	bangmah lawhtaak neilo
e28442	zd:11644	Hih Virus pen manlangtak in akte tungah ki lawhthei hi
e28443	zd:23848	Natna nei mikhat in a neilo mi khat lawhthei hi
e28444	zd:14559	atunglam pen Floor 28 dongah lawhto in kuangziahziah hi
e28445	zd:20624	tuatezong meikang in lawhto in pawlkhat meikang hi
e28446	pk:96	a kammal lawhzia zui-in
e28447	zd:17634	lamal lawhzia siang maw, sianglo
e28448	zd:23830	thanem gawp in kuamah lawhzo nawnlo hi
e28449	zd:25053	Zomite dong hong lawhzo hi
e28450	zd:12765	Leilum, Lawibual, Myoma veng zong
e28451	zd:20131	Lawibual Tedim lampi gei-ah
e28452	pk:122	Zu kham lawliang a
e28453	pk:109	Hong it na lawm
e28454	pk:147	Innteek in lawm neilo hi
e28455	zd:21034	lawm tampi ngah nading zia
e28456	zd:20860	lawm le gual hoih tampi om thei hi
e28457	zd:18241	lawm aw, nong huh kul ding hi
e28458	20.14.20	mihaute in lawm tampi nei hi
e28459	20.22.11	kumpipa’ lawm hong suaksak hi
e28460	19.55.13	ka lawm theih mahmah, nangmah na hi hi
e28461	20.28.7	lawm gina lo tawh a kikhawl mi
e28462	42.9.32	Peter le a lawm tegel lusu-in ihmu uh a
e28463	zd:20652	lawm aw lungdam taktak ingh
e28464	zd:22858	lawm aw na ciamteh gige in
e28465	zd:20730	Khatvei lawm kingai nih Movie en dingin hong vaihawm uh hi
e28466	zd:13072	nupa hilo a, lawm kingai zong hihtuaklo uhhi
e28467	zd:17677	Democratic Party panin lawmaker
e28468	zd:11459	Shwepyithar Township sungpan lawmaker
e28469	zd:25622	Congress pan Republican lawmakers ten
e28470	zd:11117	Kawlgam sung aom lawmakers tepen
e28471	zd:23138	a tung nuamte mah lawmbawl in la
e28472	zd:17398	Pasian nasemte lawmbawl ki thuah pih
e28473	zd:17152	Na neihsa lawmte ban-ah lawmdang zong zonbeh lai in
e28474	zd:21866	I lawmdang Zomite in pawlpi golpipi nei uh a
e28475	zd:21421	Hih vai lawmdangte tawh zong kikup kul ahih man in
e28476	zd:21866	i lawmdangte sangin Tedim lamte pilna siamna zekai mahmah
e28477	zd:22553	Christmas lawmh-an neekpih uh ahihi
e28478	zd:21085	lawmhoih tampi hongpia thei hi
e28479	zd:19841	Lungnopna hong piathei lawmhoih tampi nei in
e28480	zd:23902	Mipi lakah lawmhoih a om hi
e28481	zd:25097	ka lawmit mahmah khat ahi hi
e28482	zd:21432	Na lawmit in hong taisan in
e28483	zd:21355	i lawmit khat pen i lawm ii gal na hi thei hi
e28484	zd:21916	namdang a lawmitte tawh
e28485	zd:19006	a lawmitte khat thu a vaikhak hi
e28486	zd:12555	Hih lawmki ngai tebel sauvei ki khomlo khading hi
e28487	zd:12748	Hih tegel pen lawmki ngai hi uh a
e28488	zd:21138	Nupa pawlkhatte le lawmkingai pawlkhatte lakah
e28489	zd:16961	anunung ah lawmkingai dinmun tungto uhhi
e28490	zd:24276	Midangte leh lawmlegual tawh ki khawlkawm in
e28491	zd:21667	Tua hang in lawmlegual zong hong neilo semsem hi
e28492	zd:22683	sangkah in lawmlegual kician nei manlo
e28493	zd:24276	Na lawmlegualte kiangah genkhia in
e28494	zd:24069	lawmlegualte tawh kimawl in
e28495	zd:24739	Meltheih lawmleh gual tanaute sam in
e28496	zd:12267	meltheih tanau leh lawmleh
e28497	zd:17309	lawmlehgual tawh kithuah ding leh ihmut cimding zong kisam hi
e28498	zd:14720	Facebook pen lawmlehgual zonna in nei uhhi
e28499	zd:15602	ahoihlo, aki lawmlo gamtatna
e28500	zd:22652	amau muhna ah et lawmlo dingte
e28501	zd:17583	Nitak khat a lawmluite kiangah a hawh hi
e28502	zd:23890	A vengte, a lawmluite, a thugen a za te
e28503	zd:9231	Nidangin lawmngaih nei ngei a
e28504	zd:11714	Na lawmngaih ding pilvang takin hong tel in
e28505	zd:21432	Na lawmngaih in hong khen ciangin
e28506	zd:16133	a lawmngaihnu in Diamonds deihzaw a
e28507	zd:19425	Ahi zongin ka lawmngaihnu ka tan lawh hi
e28508	zd:20854	Na lawmngaihpa sangin na pumpi it zaw in
e28509	zd:24056	Tua lawmngaihpa it ahih manin
e28510	zd:21151	lawmngaihte tawh tutkhop khawlkop hun
e28511	zd:19425	Ka lawmngaihte tawh ka kinial ngei a
e28512	zd:22728	amau lawmta ii Photo khatzong
e28513	zd:12913	Hihte lawmta pen anih uh zu khammahmah
e28514	zd:15376	lawmtate tawh ahihleh thuciam kul lo-in
e28515	ts:3369	lawmtate kingaihna beituanlo-in
e28516	zd:11119	khangno te sungah ki-itna leh ki lawmtatna kimu thei hi
e28517	zd:12680	ki lawmtatna hunnuam inzong kizang hi
e28518	zd:23556	Africa gama ka lawmten hong samin
e28519	zd:23148	Na fb lawmten bang ding a hong friend hiam
e28520	zd:21869	ka lawmteng tawh suntawh zantawh ka ki khawlkhawm nuam hi
e28521	zd:16442	lawmteng tawh la gelh ngeingai in
e28522	zd:9451	bawllung lawn maimai ung
e28523	18.30.19	Buannawng sungah kei hong lawn a
e28524	2.4.3	amah in lei lakah lawn a
e28525	2.15.21	sakol leh a tuangpa tuipi sungah lawn hi
e28526	1.37.24	dum sung khatah lawn uh hi
e28527	1.21.15	sawlbawk nuai khatah naupang lawn hi
e28528	2.15.4	amah in tuipi sungah lawn a
e28529	19.60.8	Edom gam tungah ka khedap ka lawn hi
e28530	9.20.33	ama lamah a teipi lawn hi
e28531	13.12.2	thaltang leh suangte lawn thei uh hi
e28532	16.9.11	tui thukna sungah amau a delhte na lawn hi
e28533	ts:11036	missiles tang 370 kiim lawn uh hi
e28534	zd:11292	India in satellite 20 na lawn to a
e28535	zd:14780	A thau lawn lo
e28536	pk:169	lawng khat
e28537	ts:10733	Thautang bawmpi leh Thau lawng 4
e28538	ts:5921	Thau lawng khat, thautang bawm 4
e28539	ts:1822	zingsang in zong Thau lawng 6 mu kik ung
e28540	zd:22557	leitung ii hu tawh lawngkhat in luangkhawm thei pan ding hi
e28541	zd:20971	kilungtuak in lawngkhat a gingzo ziahziah dingin
e28542	zd:21369	lawngkhat in luankhawm leh deihhuai mahmah hi
e28543	ts:1885	Lawngtlai district a om galtaite vai nasem makai khat in gen hi
e28544	zd:23703	Saiha, Seling, Lawngtlai leh Thenzawl te ah
e28545	zd:25393	a thau lawnin kau bet hong kipan pah hi
e28546	zd:16416	North Korea in Thuapi lawnkhia ta
e28547	zd:12425	Warning thau nihvei lawnkhia uh cihi
e28548	zd:14694	Social Media ah lawnkhiapah ziahziah uhhi
e28549	zd:15016	Social Media tungah na lawnkhiapah uhhi
e28550	pk:34	lawnmawh minte
e28551	zd:12477	Shirts leh Jackets te suahkhia in lawnphei uhhi
e28552	zd:15253	Friday zingsang in Missile thaupikhat lawnphei leuleu
e28553	zd:13258	Social Media ah lawntopah uhhi
e28554	zd:13114	Internet tungah lawntopah uhhi
e28555	zd:12688	Nidanghun tawh tehtheihloh in, zong lawphuai mahmah hi
e28556	zd:24814	Baih, nuam, lawphuai, meet, thupi leh lungkim den
e28557	zd:19427	Piangthak cilte pen lawpin hangsan mahmah hi
e28558	zd:21590	lawpin linglawngin a om laaitak uh ahi hi
e28559	zd:20092	hong cihbek tawh lawplua pah dah in
e28560	zd:24420	lawplua kahimanin thu tampi ngaihsun lo-in
e28561	zd:14912	Malaysia PM Najib zong lawpmahmah hi
e28562	zd:21083	na lungsim sungah na lawpmahmah thu te
e28563	zd:11548	Tawmvei sung mipi lawppak na bek dingin ngaihsun lo in
e28564	zd:23025	Banghangin lawppak na, ukpakna bektawh makaih in
e28565	zd:19622	hong tha lawpsakna pen bei thei hi
e28566	zd:21464	IS te lawpsakna hanghi ci'n Police te'n genkhia
e28567	zd:24574	lawptak in kazui pah hi
e28568	zd:18121	lawptak in a nasep zom veve uh hi
e28569	zd:13011	sangnaupang 34,000 bangin lawptak in kihel uhhi
e28570	zd:11452	lawyer khawng tawh kimuh ding ciang laibu tawi ding
e28571	zd:23329	Amah pen American lawyer leh Upadi siam
e28572	zd:12196	Lazarus hansung ah hopih in hingkik pah hi
e28573	zd:23797	Lawm le gual tampi ka nei hi
e28574	zd:16243	En kik le hangh Israel gam ah
e28575	zd:17374	Tua mualpi pen galet le hangh
e28576	zd:17976	A zung banghiam cih kan zo le hangh
e28577	zd:14992	omkei le uhcin buaina omlo zaw ding hi
e28578	zd:25919	Sangsia te ngaihsun le uhcin sangsia pawlkhat in
e28579	zd:20920	Dragon Music band ah a lead tum kha zel ingh
e28580	zd:11860	lead gu lau hauina nei thei uh hi
e28581	zd:23731	A hihtheih lebel maw
e28582	zd:17395	Tualo ah inuakkhak lebel
e28583	zd:9230	Tua lai-ah lecture tuamtuam leh pawi lahna tuamtuam zong om den hi
e28584	zd:9232	hih thu mah genin lecture pia kawikawi-a
e28585	zd:15624	Public University khatah laihilh Lecturer asemkhat ahihi
e28586	ts:3375	Burma ah Lecturer a sem ngei
e28587	zd:25433	aman ka khut hong leen ding hi
e28588	zd:24317	Phone hongset ciang-in leen inla
e28589	zd:23754	Natna ngah kei mah leeng zong kialpi in hong ngaak veve hi
e28590	zd:17156	bang cih leeng Zomi State ngahzo ding ihiam
e28591	zd:24280	Mikhat guak in phut ding ci leeng zong
e28592	zd:9221	Sakol leeng khat tungah tuangin
e28593	zd:19859	Innteek hih dan leh leengla hih dan kisin leng
e28594	zd:15818	leengla khat hong lut-leh
e28595	zd:9248	ni nga sung leengla-in om kha hi
e28596	40.22.10	mo pawi bawlna innsung dimin leengla hong om hi
e28597	42.14.10	leengla dangte khempeuh lakah
e28598	16.5.17	leengla za leh sawmnga bang ka nei den hi
e28599	54.3.2	zin le leengla do a siam mi
e28600	42.7.45	Nang in napna tawh leengla na hong do kei a
e28601	45.12.13	zin le leengla do a siam mite na hita un
e28602	pk:133	Zomite zindo leenglado a hahkat mahmahte ih hi hi
e28603	zd:19239	ei leengnaa, peemta bangin hong bawllel uh hi
e28604	zd:25165	Tate itlua leengzong kikeem khialtheidan hihtuak hi
e28605	zd:16433	galin nei leengzong lauhuailo hi
e28606	zd:20545	Tedim – Maansuang – Laaitui – Leentaang
e28607	pk:137	Inn sung panmun leente in
e28608	zd:12151	Leggings pheituam tawh zuihding phallo ahih manin
e28609	zd:11943	United Airlines te'n Leggings aphalloh pen
e28610	pk:63	Thangpu leh Khampite in, lawmta ahi uh hi
e28611	pk:63	Nang leh kei
e28612	ts:9856	Nagen leh nasep kibang sak in
e28613	ts:10085	Thugenna tom leh thupha piakna nei hi
e28614	ts:10463	kum 6 leh kum 10 pha naupang 2
e28615	1.1.1	vantung leh leitung a piangsak hi
e28616	24.25.21	Edom, Moab leh Ammon mite
e28617	1.8.22	khuakhal leh phalbi, sun leh zan
e28618	19.23.4	Na molhtum leh na ciangkhut
e28619	pk:63	Lai ih pil leh nasep ngah baih hi
e28620	ts:10413	na taimang nop uh leh taimang un
e28621	ts:10491	Tua bang a kipawlkhopna a om kei leh
e28622		khatpeuh in Kain a thah leh tua pa tungah a zah sagihin kithuk ding hi
e28623	41.9.43	Na khut in hong puksak leh, na sattan in
e28624	42.24.3	a sungah a tum uh leh
e28625	38.5.1	Ka khuadak kik leh huih lakah a leeng laizial
e28626	38.5.9	Tua ciangin ka khuadak leh numei nih ka mu a
e28627	zd:14734	leh apawlte samkhawmin kimuh khopna neihpih hi
e28628	zd:13167	Zomi Movement sem lehangh Zomi State bang
e28629	zd:15192	Lai Siangtho limtak in en lehangh
e28630	zd:20092	Hamphatna ding a muh lehbek hong huh nuam mi
e28631	zd:11308	na kantankhak lehbek Toll Gate man piakkulding hi
e28632	zd:19953	Immigration ten hong mat khak lehbel sumpiak tawh lem nawnlo hi
e28633	zd:19556	mihing a om lehbel hong lungkham huai
e28634	zd:25467	Amasa ding leh a nunung ding i lehbulh kha hi
e28635	zd:15996	aki lehbulh thu nih om lai hi
e28636	zd:20406	A minte zong ki lehbulh hi
e28637	zd:20798	laisiangtho deihna a ki lehbulhsak ngaihsutna phiat huai hi
e28638	zd:14879	tawh ihki lehbulhsak khakding lauhuai hi
e28639	pk:129	Khangnote in khuang lehdak tumin
e28640	zd:18123	kumpi langdoding, kipawlna khatpeuh lehdoding, suksiakding
e28641	zd:11876	IS te lehdoding in akithawi
e28642	zd:15764	palik te na lehdokik ahih manin
e28643	zd:12744	lehdokik theizel uh ahih manin
e28644	zd:16155	palik te na lehdokik in buaina akipan
e28645	zd:24502	Nitak khat anu lehh pa omlohkal in
e28646	zd:16735	Kalay District lehh Kalaymyo sung aom palik ten
e28647	zd:22858	Mi khat a khut lehhen sa in ong lutpih uhi
e28648	zd:11827	akhut anihin anunglam ah lehhen in
e28649	zd:16559	Police te'nzong thautawh lehkap kikpah uhhi
e28650	zd:11936	Khuasungmi te'nzong thaltawh lehkap in
e28651	zd:17138	Police te'nzong thautawh lehkapkik uh a
e28652	zd:13082	palik te'nzong lehkapkik uh a
e28653	pk:26	Pilna in ngun lehkham sangin deihhuai zaw hi
e28654	zd:25094	Tedim Post tanute in Zolai tawh hong lehkhiat uh ahi hi
e28655	zd:25281	Lai Siangtho siam mipilte gelh ka hong lehkhiat ahihi
e28656	zd:14703	Zopau tawh lehkhiat a laibu a suahkhiat
e28657	zd:23054	tua pan ki lehkik uh hi
e28658	zd:22618	amanlang in Emergency Landing bawldingin aki lehkik hi
e28659	zd:25478	Lusei kam pan ka lehkik ahihi
e28660	zd:13169	alenkhiatna Perth khuapi zuanin ki lehkikding hi
e28661	zd:17258	Engine siatna om in, ki lehkikding cih khentat uh cihi
e28662	zd:16148	Ka dam kik lehlah kei a hampha
e28663	zd:19816	lungsim sungah ngelkholhna omkei lehlah hitheilo kha ding hi
e28664	ts:11679	Pasian deihna bang a nuntakna sangin, a lehlam vive nuntakna
e28665	zd:22228	a tunga i gen sa teng a lehlam in hanciam ding
e28666	zd:19798	hoihtak luang theilo bek thamlo in lehluan kik lai hi
e28667	zd:21989	Tua tawh ki lehngat lian hi
e28668	zd:22171	A kibanglo, a ki lehngat ngaihsutzia
e28669	zd:20808	ki gamla hetlo napi hang ki lehngat sitset hihang
e28670	zd:25478	Nunglam ah lehpai sawm kei hamtang in
e28671	zd:12436	sum lehpai haksatna
e28672	zd:20013	vanleng pen aki lehsakkik hi
e28673	zd:15878	siatna om ahih manin vandawn panin ki lehsakkik cihi
e28674	pk:133	zi lehta a lei zawh kei leh
e28675	zd:11922	Escalator khat lehtaigawp in mi 18 liam
e28676	zd:21388	A kici banglianlian in gamta aa lehtat theilo hi
e28677	zd:22780	Lungsim kawi, lehtat ding ngim gige
e28678	pk:131	zia lehtong tampi mah ih nei hi
e28679	zd:24276	Lungno lut lehzong bil sung thak thei hi
e28680	zd:25919	Ka hauh kei lehzong kasih dong in
e28681	zd:17318	lamzikpi lehzuih in mawtaw phenghawlgawp
e28682	zd:20353	Mazda 3 mawtaw pen Traffic Flow lehzuih in
e28683	pk:11	Mainul a lei hi
e28684	pk:25	Munphiah a lei hi
e28685	pk:90	lei ken, mansang lua
e28686	pk:105	Sa va lei in
e28687	zd:10725	Ka inn lei khit ciang
e28688	zd:23663	KOTA RAYA KUAM AH VAN lei KEI ZAW IN
e28689	zd:24119	inn mun lei zo hi
e28690	zd:19462	innkilam a tam zaw leibat vive tawh kilamhi
e28691	zd:16317	leibat tamlualeh ki thuaklah mahmah a
e28692	zd:23904	leibat tam semsem cihna hi
e28693	zd:23904	Hih leibatte pen loh kik hamtang ding ahihman in
e28694	zd:22649	Sum leibatte kilohkik zo loin
e28695	zd:17911	Leicester khuasung ah apuakkham omin
e28696	zd:16767	Leicester aom Hospital khatah asuakkhia hi
e28697	zd:10864	Galkap tualpi khang leicial mun teng ateng ahihi
e28698	zd:23171	a kua maciat in I leiciatna dingin zong kizawn phapha hi hang
e28699	zd:22821	Penang ah leicim in Myanmar gammi 2 si
e28700	zd:14802	zinling in leicim mencim hangin mi 8 si
e28701	zd:20800	cikmahciang gamdang leidang zuan kei ni
e28702	zd:22650	Gamdang leidang tuamtuam ah tuibung kipuak kawikawi
e28703	zd:25616	Yangon ah leitang khat leiding in zongzong hi
e28704	zd:24530	van leiding hamsatna a om le
e28705	zd:14887	USA gamsung a na meltheih leihsa
e28706	zd:19775	GST omlohsung vangil leihuai
e28707	zd:21458	Maansuang leii puahna dingin
e28708	zd:11110	Tedim leh Man Suang leii kikaal
e28709	zd:25475	a leiiba khempeuh a loh zawh nadingin
e28710	zd:25475	Zeisu bek in i mawhna leiiba loh zo takpi a
e28711	zd:24712	Tua leiiba kilohkholthei aa
e28712	pk:161	Buipi leikei in zong khua ngai
e28713	zd:23022	leikha khawng zongin ki zui uh hi
e28714	zd:11329	Mandalay Brewery leikhin uh hileh
e28715	zd:11702	Na leikhit zawh sawtpen Kal 2 bang ngak kul hi
e28716	zd:19154	Ka sum uh tawh ka leikhit sa uh hi
e28717	zd:19166	Long body Jeep nih zong ka leikhol lai hi
e28718	zd:14983	Gunkuang khatta bang leikhol leeng kikhiallo ding hi
e28719	zd:23823	Antang leikholh ding leh tawsiakna ding laidal
e28720	zd:16431	Buddha Sculpture te leikhuan kipialo a
e28721	zd:11693	zatep zamuam leikhuan leh zatkhuan Legal Age
e28722	zd:22650	mipi in tui leikul hi mawk hi
e28723	zd:23301	haksapi-in leikul lo hi
e28724	zd:25094	leilam bek hi loin van lam tawh zong nakpi in do
e28725	zd:26495	India gamsung ah leilam tawh guklutding in
e28726	ts:12074	leilam pan zo nawnlo uh ahih manin vanlam pan
e28727	zd:22742	kisamlo pi in na leilei khading hi
e28728	zd:11044	Ticket leilo in, sahang kikhawina sungah
e28729	zd:25916	Mihau ten mawtaw hoih nono leilo maw
e28730	zd:19814	leiloh lah a phamawh ahih manin ka lei uh hi
e28731	zd:15971	leitang leiloh phamawh dinmun hita hi
e28732	zd:22586	Leilum khua sung tawn ding mawtaw lampi
e28733	zd:16862	leimaitang a slope tam luatna te ah
e28734	zd:24215	leimaitang pan a kilawnkhia
e28735	zd:25467	tua khit ciang in leimite thupha pia pan uh hi
e28736	zd:13112	Zatep leinading in sum beinawnlo pahding
e28737	zd:21400	galvan vanzat leinading in sumdong kawikawi uh a
e28738	pk:135	Ih zi ding, ih leini, mokhak ni mahin
e28739	pk:120	gunleii leinuam mi
e28740	zd:21006	leipan in pi 2 ciangbang sang thei hi
e28741	zd:12094	hih leipen California State sungah asangpenpen in akiciamteh ahihi
e28742	zd:21092	Lingpaak ciin nading leipen leinel leh
e28743	zd:22686	A vei lampangah Yangon-Thanlyin leipi om hi
e28744	zd:19814	leipi kan khit ciang mualtungah
e28745	zd:12950	Tua gamnih kikawmna leipi tepen
e28746	zd:20155	guahtui tamluatna hangin leisai tolhgawp in
e28747	zd:15781	tua leisai tungah anawkkha mawtaw te
e28748	zd:17530	lampi leisantang tawh kahlei
e28749	zd:17217	RHB Insurance card a leisate in zong
e28750	zd:11329	Japan Company khatin Mandalay Beer Company leisawm
e28751	zd:21567	Tedimte'n sum tawh thuneihna leisawm uh hi
e28752	zd:17077	Chin State sung ah leisung sumpiang atamna pen
e28753	zd:12279	leisung sumpiang van manpha tawh kidim hi
e28754	zd:15422	akimu theilo leisunga atumsuk azungpiteng
e28755	zd:17335	bacteria namkhat te, leisungah gamlaa pipi paizo thei hi
e28756	zd:19875	leisungah centimiter 1- 3 thuksak ding hi
e28757	zd:12450	leisungpan in alakkhiatding hamciam uh a
e28758	zd:22873	Pagan ah singlamteh lim leisungpan kimukhia hi
e28759	zd:11504	Album pen leitak phadiakleh kilawm hi
e28760	zd:19814	na leitak thei bilbel hi
e28761	zd:20747	leitangh acre 1 sungah kung 1600 bang tathei hi
e28762	zd:18086	leitangh a lianpi khat mu uh a
e28763	zd:11207	Kawlgam leitangtung ah kumtampi aomkhitphial hangin
e28764	zd:12494	vanlengtaina Tarmac leitangtung ah khetawh
e28765	zd:12450	agenbehna ah hihpen leitangvai kinialna
e28766	zd:21248	tua bukpen kicim in leitawh atolhsukkhawm ahihi
e28767	zd:26124	leitawh aki sukkhakma
e28768	zd:12450	dumkhat leitawh akivuk amuh ciangin
e28769	zd:20730	amau panpih leitawh lam Vietnam in guallel veve uh hi
e28770	zd:12498	leitawhna setpi Excavator in limdengkhak mahmah ahih manin
e28771	zd:14969	leitawhna Excavators zong asungah lutpihding hamsa mahmah hi
e28772	zd:22577	Leitawhtan pan gamlalua lo maw
e28773	zd:24280	Lailui khuakhung pan Leitawhtan dong
e28774	zd:22474	Kua ma kiangah sum leitawi la kei in
e28775	zd:21908	Mun tampi ah sum nangawn leitawi theilo uh hi
e28776	zd:23904	leitawi ding simloh adang lampi omlo hi
e28777	19.37.21	Migilo in leitawi a, lohkik zo lo hi
e28778	24.15.10	kuama’ aa lah leitawi lo napi
e28779	40.5.42	nang kiang panin na a hong leitawi mite
e28780	5.15.8	ama kisap zah na leitawi ding uh hi
e28781	5.15.2	a vengte tungah leitawi a, a piaksate maisak ding
e28782	zd:17468	leitawi la lo a, leiba neih pen nuamlo ding hi
e28783	42.11.6	khomun pum thum hong leitawisak in
e28784	42.6.34	Midangte sum na leitawisak uh ciangin
e28785	42.6.35	lamen loin na leitawisak un
e28786	24.15.10	Ka sumte kuamah lah leitawisak loin
e28787	zd:11380	Germany pan US$5.3 million leitawisawm
e28788	zd:13125	Philippines leitawlam aom tuikulh khat
e28789	zd:19786	Thai gamsung leitawlam ah Bomb 20 veibang puakkham
e28790	zd:17474	Seoul City panin leitawlam ah 270km bang agamlatna
e28791	zd:23528	ZAM zum ah ki leithei
e28792	zd:14531	Tmall Store panin ki leithei cih kiza hi
e28793	zd:14577	Apartment te atawmmanzaw in leithei uhhi
e28794	zd:14577	tuabangin leitheih nadingin
e28795	zd:16205	sumtawh leitheih hilo a
e28796	zd:19558	meiphelh mawtaw leitheih nadingin
e28797	zd:11506	Nokia 6 pen tulaitak China ah ki leitheita ci a
e28798	zd:19355	Burger pen ki leitheita hi
e28799	zd:20155	guahtui tamluatna hangin leitolh in Pagoda kisia
e28800	zd:20582	Tua mualtung kahna lamah mencim leitolh om ahih manin
e28801	ts:8273	leitoset khawng tawh kikuanin kibuaipih hehu
e28802	zd:12498	leitoset Excavator in nasemkhat denglum
e28803	ts:6210	Online Social Media tungah leitung bupin kimukhia hi
e28804	zd:22758	tuni in leitung bupin a zahtak uh gam nuam mahmah khat
e28805	zd:23856	leitung bupin a lau mahmah uh Covid 19
e28806	zd:22046	leitung galpi 2 khit ciangin
e28807	zd:17990	leitung galpi khatna khit ciangin leitungah
e28808	zd:24500	google company in leitung gambup ah nasem mi 114,096 nei hi
e28809	zd:24369	leitung gambup ah 10 million val ta hi
e28810	zd:24022	leitung khantohna nakpi in khang a
e28811	ts:3375	leitung khantohna tawh kituakta ding a
e28812	zd:9447	tuate ahang pen leitung khantohna hang ahi hi
e28813	zd:23992	leitung khuahun luanzia te tawh kizui-in
e28814	zd:24804	Kiniamkhiat mite in leitung luah ding uh hi
e28815	zd:21118	leitung luah ding kuamah omlo hi
e28816	zd:9430	leitung pilna leh siamna lamah mainawt i kisam hi
e28817	zd:16254	Kum zalom 18 sungin leitung pilna nasiatakin khangto hi
e28818	zd:20667	leitung tangthu ah gam ki-ukna atuamtuam ahunhun in na om toto hi
e28819	zd:26026	leitung tangthu sungah zong hih bangin numei hangsan
e28820	zd:22922	leitungaa mihau belpa, multi-Billionaire Bill Gate zong
e28821	zd:19683	leitungaa a bokvak te khempeuh tungah
e28822	zd:23937	Hibang leitungbup pulnatna hongtun laitak-in
e28823	ts:11223	leitungbup pulnatna dinmun pan tampi kiam suk ta a
e28824	zd:21326	leitungbupa Zomi khempeuhin anial zongin
e28825	zd:17481	leitungbupa mi minthang
e28826	zd:24116	leitungbupah a haupen nihna
e28827	zd:23957	leitungbupah Zomite' tam penna khuapi
e28828	zd:23821	kha 5 sungin leitungbuppi ah kizel hi
e28829	zd:15637	leitungbuppi et theih dingin
e28830	zd:23975	Coronavirus leitungbuppi hong zeelta hi
e28831	zd:15382	September 23 ni leitunghun beiding
e28832	zd:15294	leitunghun beiding cihpen
e28833	zd:23754	leitungin lamdang sa mahmah uh hi
e28834	zd:19168	leitungin tam zat nawnlo in
e28835	zd:17553	Mikhat in leitungna te a nak ngim luat
e28836	zd:24064	tua leitungna, a it te uh, nusia nuamlo uh
e28837	zd:19318	leitungpen siatlam manawh semsem a
e28838	zd:16989	leitungpen hoihlam manawhlo ding
e28839	zd:23823	I leitungpi cina in gim lua mahmah ta hi
e28840	zd:22557	leitungpi ii sihui pi na mu thei ding hi
e28841	zd:24977	Tua khialhna te leitungpilna laitan tawh
e28842	zd:22046	leitungthu pilna thu thupiang khempeuh
e28843	zd:25790	Christian upna ah vantungthu leh leitungthu kikeelkii a hih lam
e28844	zd:19206	hong khanglui leitungvai suah zel ta hi
e28845	zd:15726	Original mah leizaw mai-in
e28846	zd:23330	a lim nonote leizaw in kine zaw ta hi
e28847	zd:12571	Silh leh teen leizolo uh ahih manin
e28848	zd:16170	apa ii khakhat thalawhsum in leizolo dinmun himawk ahih manin
e28849	zd:20401	asi khatpeuh aomkhahiam ci'n leizon kawikawi uh cihi
e28850	zd:21219	khialhna khempeuh leizon a kigensiatna
e28851	zd:16856	mikang pau tawh a ki lek khia thei ding kammal
e28852	zd:17639	tomkimcing in ka lek khiat hi
e28853	zd:16856	hih Lai siangtho mun i lek khia ding hi
e28854	zd:16929	lek khia in, ka hong suah sak ahihi
e28855	zd:19662	a lekkim thu khinkhai theihna
e28856	zd:26943	a ki lekkim in pilvang takin i bawltheih ding kisam hi
e28857	zd:15571	ding ahih lam ka phawk leklak hi
e28858	zd:22059	ka zak ciangin ka bil ong puak leklak hi
e28859	zd:24047	Ka kimawl na ah 10 vei ka lel hi
e28860	zd:8375	gal kido aa khatvei lel
e28861	zd:21547	WA te in lel uh hi
e28862	5.1.42	na galte uh na lel ding uh hi
e28863	27.11.26	gal a lel ding hi
e28864	24.4.13	gal lel ding ihi ta hi
e28865	45.12.21	Gitlohna na lel kei un
e28866	18.32.15	hih mite in nang hong lel uh a
e28867	18.32.13	Note in lel na hih manun
e28868	27.11.19	gal lel-in tuk ahih manin
e28869	zd:19441	Cina leh patau, cidam lelah nungtolh
e28870	zd:14861	kihilh-leh heh, tuak lelah kibuaipih
e28871	zd:17395	amah mahin hong khawl lelding hi
e28872	zd:10687	mah hong ci lelding hi
e28873	zd:19474	a Pasal a it taktak zolo te hi lelhi
e28874	zd:17437	zong ka umngam lelhi
e28875	ts:301	Meiteite in gal lelin tampi si uh a
e28876	zd:16757	kei damiah lellel khatbel
e28877	zd:19166	Ohkathah pa bang lellel in an ne dingaa
e28878	zd:15056	gutapa pen aki khahsuah hiziau lelmawk hi
e28879	zd:25668	a pang ah kai nguahnguah lelmawk hi
e28880	zd:22815	a lelte kia suksuk ding hi
e28881	zd:20262	Gal lelte leh galzote kilemkik theih nadingin
e28882	ts:6525	A lem bangbang in galvan zong pia lai hi
e28883	zd:19516	pangkhawm theileng pen lem mahmah ding hi
e28884	ts:2731	Kilepna leh holimna neih ding lem thei nawnlo hi
e28885	zd:24743	hong gual zo pelmawh dingin I lemen hi
e28886	zd:25429	hong suakta ding cih lemen denin
e28887	zd:12124	vanleng atukdan lemhetlo himahleh
e28888	zd:19820	Aki lemhetlo, aki galneih vilvel tezong
e28889	zd:24490	Sen leh US a ki lemkik nadingpen
e28890	zd:25687	vainung ah thudiklehdiklo lemkik uh kici hi
e28891	zd:22773	Bangmah pau thei loin amah ka en lemlam lel hi
e28892	zd:15571	Lamdangsa lua in amah ka en lemlam kha hi
e28893	zd:24951	mipi ading i lemlawh zaw diam
e28894	zd:23240	laibu khat ka lemlem hi
e28895	zd:9138	Newspaper lui ka lemlem leh
e28896	zd:24594	Atuam a gen ding lemlo ahih man in
e28897	ts:7133	Zomite a dingin lemlo kha ding hi
e28898	zd:22582	a lemloh hun, ngaploh hun ciangin
e28899	zd:22897	munkhatah na lemloh hangin
e28900	zd:11504	lemlohna pawlkhat hangin lapzolo hi
e28901	zd:23594	innkuan sung ki lemlohna hangin
e28902	zd:15023	buaina leh lemlohna apianna manin
e28903	zd:23709	nasep zon nang a lemlote in ZAM zum ah hong dawp un
e28904	zd:14763	nasep kuannadingin lemmahmah hi
e28905	zd:13346	sumzonna lemmahmah hi
e28906	zd:23984	Ki lemna a bawl dingin pai kei in
e28907	zd:20682	ki lemna omthei nawnlo hi
e28908	zd:21125	kikal ah lemna hong bawl sak dingin
e28909	zd:24319	Tuisa leh lemon
e28910	zd:21417	lemon pumkhat bang tawh kihel zo leh hoih sem hi
e28911	zd:20197	nasepzia pen amautawh lempen hi
e28912	zd:11798	ahoih pen leh a lempen leh amuan huai pen gam
e28913	zd:25343	khukna leh zatui ki lempih lo a neite
e28914	zd:22484	Nang bek in a lemsak zo ding in kigen hi
e28915	zd:15073	kizopsawm himahleh lemsak zolo hi
e28916	zd:25165	mikhat matawkhat bangzah cih tawh lemtaang lel hi
e28917	zd:16790	mawtaw pai nading lampi lemtak nailo hi
e28918	zd:19820	US inbel Mongolia gamsungpen lemtak saphalo uhhi
e28919	zd:12567	itna ompeuhleh nakhempeuh lemtang mahmah hi
e28920	zd:10743	vai tampi hong lemtang hi
e28921	zd:20899	sumbawlna zong hong lemtang zawdeuh dinghi
e28922	zd:17152	a nasephun a lemthei pending in
e28923	zd:22157	Zogam tawh a lemthei ding
e28924	zd:20012	aphual atun taktak ciangin ageelna bangin lemtheilo a
e28925	zd:19508	vanzat kicinglo, amun toilua, sepdan lemtheilo hi
e28926	zd:15333	vaite hong lemto zel in
e28927	zd:20172	Tua bangin lemto kei lehang
e28928	zd:12466	Ki lemtuah theilo ahih manin
e28929	ts:7133	hong lemtuah ding haksa hi
e28930	zd:24765	Muanhuai zaw, lemzaw, cidamzaw, hun man zaw tham hi
e28931	zd:25824	Official App sanginzong lemzaw kicitek a
e28932	zd:12441	Desktop PC tawh a etdan lemzaw khading hi
e28933	pk:72	Vasate in, a len laitak uh ahi hi
e28934	zd:9430	na len theih kei leh zong tai in
e28935	pk:115	ka tungah mei leng hi
e28936	zd:21417	A tui a suakkhit phet in dawnpah leng hoih hi
e28937	zd:22413	khek pahpah kei leng hoih pen hi
e28938	zd:25909	Kal khat in nihvei cih bang in zangzo leng hoih pen hi
e28939	zd:16790	munkhat peuhpeuh ah koihkhol thei leng hoihpen hi
e28940	zd:24290	leikhawm zo leng hoihpen hi
e28941	zd:21925	Sawtpi om nawn kei leng kilawm hi
e28942	zd:23037	ei bek ki-it hi leng kilawm hi
e28943	zd:21918	Bangtan a sangaa lengding cihpen a hawlpa khutsungah om hi
e28944	zd:14887	Tuaciang a lengding a kithawi ten
e28945	zd:14791	ngimna thak sung ah lenggahtui thak thun in
e28946	zd:17731	Negeri Sembilan State sung aom Lenggeng khuasung ah
e28947	zd:22074	Lenggeng camp pan kawlgam lam ciah thei
e28948	zd:14626	Lenggong khuageinai aom
e28949	zd:21271	Federal nuntak zia leh paizia en lengh
e28950	pk:169	lengkai gan nih
e28951	ts:10764	a them aneng in lengkek hi
e28952	zd:24079	a nuu tawh a sangpen dong lengkhawm uh hi
e28953	zd:21358	Leitung tawh lengkhawm ni
e28954	zd:21118	vasa tuangte a hun cin ciang lengkhia hi
e28955	zd:13009	Building tungpanin mi honkhat lengkhia ziahziah uh cihi
e28956	zd:18152	Huih hatlua ahih manin Kuala Lumpur sung aom sanginn atungkhuh lengkhia
e28957	zd:13157	Jakarta City zuanin lengkhiading cihi
e28958	zd:11627	Beijing City zuanin 6:25pm in lengkhiading cihi
e28959	zd:16085	tua vanleng lengkhiakik leuleu hi
e28960	zd:17919	nai 3 khitciang lengkhiakik theipan cih kiza hi
e28961	zd:10812	Bangalore zuanin lengkhiakik uh cihi
e28962	zd:14589	tua vanlengpen lengkhiasak nawnlo in
e28963	zd:12157	Truck mawtaw khat lengkhiasuak dektak
e28964	zd:14873	Parking panin mawtaw khat lengkhiasuak in
e28965	zd:12494	Singapore Airline tawh ka lengkhiathei uh cihi
e28966	zd:13030	tua vanlengpen lengkhiathei nawnlo in
e28967	zd:12888	alei khitzawh nai 809 lengkhin cihi
e28968	zd:25178	lengla do zong baihlo hi
e28969	zd:25192	kha 2 sung kiim lengla ka sang kei uh hi
e28970	zd:22773	lengla khan ah ong tuaksuk hi
e28971	zd:25178	Si nungah lengla do zong baihlo hi
e28972	zd:25192	lengla do zong kingap peuhmah lo hi
e28973	pk:87	lengladei sung, Cingno in hah khin hi
e28974	zd:22686	Zin le lenglado Siam mahmah uh
e28975	zd:17437	tate pattah dan, lenglado dan
e28976	zd:19763	Air Conditioning ii anuai ah kikhai lenglang hi
e28977	zd:14662	meikhau kikal ah kikhai lenglang cimawk hi
e28978	zd:19476	huihlak ah kikhai lenglangsa in nai 2 sungbang
e28979	zd:14910	lenglate' lut theihna card 2 hong kipia
e28980	zd:25346	Tuni Zogam khuapite ah helicopter lengleng mai hi
e28981	zd:20942	zawhngeuno khat in hong zui lengleng hi
e28982	zd:14591	bangmah na sa het loin apai lengleng pen ka eng mahmah hi
e28983	pk:47	lengmaw pumkhat
e28984	zd:24276	lengmaw gah nekhuai mahmah hi
e28985	zd:17450	aci Color pen lengmaw tawh zutsitset hi
e28986	pk:51	Hih lengmawte, min dektak hi
e28987	zd:24365	Na inn ah lengna hong hawh theizah ding
e28988	zd:12479	lengna te hoihtak hopih in
e28989	zd:12565	lengnakhan Living Room ah numei khatleh pasal khat mu uhhi
e28990	zd:11285	hih meikang pen lengnakhan Living Room pan akipan hiding
e28991	zd:21259	ka lung hong lengsak peuhmah hi
e28992	zd:11347	lung hong lengsak peuhmah cih ding hi
e28993	zd:23603	a vanleng uh Sen gamah lengsak nawnlo uh a
e28994	zd:12569	nungtaisak kha in vanzuakna lengsawn
e28995	zd:14810	Minibus khat bualtuisung lengsuk in mi 18 in sihlawh uhhi
e28996	zd:11407	lei tungpan avantengtawh lengsuk hi
e28997	zd:19381	muikhua ziingding Lengthe khuangta hi
e28998	zd:11510	Zo Lengthe naitau zong kipuah pha in
e28999	zd:16210	hong lengthei nailo uh hi
e29000	zd:11197	banghang in bumble bee pen lengthei lai zang
e29001	zd:17293	lengthei sungah akiselsim vankham 745kg mankhia
e29002	zd:17622	vuuk nakkiatlua mahmah ahih manin vanleng te lengtheilo a
e29003	zd:11335	Tunidong gamthumna lengtheilo himahleh
e29004	zd:24854	Tua hun lai a Lengtonghoih ah lasa masate
e29005	zd:22911	Lengtonghoih music party te nahi ua
e29006	zd:24168	lengvan tualah, Lun Jesu tawh
e29007	zd:12982	mawtaw khat lengzeza in Bus khat aphutlian laitak
e29008	zd:14644	anungpan in lengzeza in aphusuk ahihi
e29009	zd:20568	leitangh ci lengzongh ki khiallua lo hi
e29010	zd:21006	zatui kap lengzongh lungno khempeuh simang lel hi
e29011	zd:12693	Flight Attendant khatleh Passengers 2 in lenhuan uhhi
e29012	zd:16634	pasal honkhat in lenhuan in kaito uh a
e29013	pk:128	Khuamual panin khuaikhau lenkawm, meilah desa in
e29014	zd:15727	atate uh nihta akhut lenkawm in
e29015	zd:14935	atungah sikzawn khatmah lenkawm hi
e29016	zd:20440	Balcony Railing lenkha citciat bilbel hi
e29017	zd:15505	High Voltage Electric meikhau lenkha citciat ahih manin
e29018	zd:21384	a bu pan a lenkhiat theih ciangin
e29019	zd:24079	Pasian in lenkhiat ding hong kisinsak nop manin
e29020	zd:17023	tuatung panin lenkhiatsawm in dingvelval hi
e29021	zd:25736	a zat den uh lenkhopna te zom suak uh hi
e29022	zd:16934	mawtaw ahawlpen in hoihtak lenkip theilo
e29023	zd:19127	Passenger Bus penin hoihtak lenkip theilo
e29024	zd:11913	amawtaw lenkip zolo, Control theilo ahih manin
e29025	zd:17175	Giklua ahih manin, hoihtak lenkip zolo in
e29026	zd:12035	a mawtaw lenkip zolo, Control zolo ahih manin
e29027	zd:17023	amanlang in delhphei in lenkipthei uhhi
e29028	zd:14626	hoihtak lenkipthei nawnlo ahih manin
e29029	zd:12292	nidang ka lenlai hun thukhat hong gennuam ing
e29030	zd:19790	meileng sungah tukhawm lenlan uhhi
e29031	zd:15946	Na behmin khawng na suan lenlan pen
e29032	zd:17345	kumpi budget tawh media lenlo hi
e29033	zd:14883	Phone kong sapsap hanglah lenlo
e29034	zd:22658	vanleng lenna ciaptehna laibu sung ah
e29035	zd:23828	ka lenna India gam kiukhat pan na lungkim mahmah ing
e29036	zd:20131	zangte ngabang lenna hong suak
e29037	zd:20550	LenNupa pen Falamte'n Buannel ci uh hi
e29038	zd:20513	LenNupa Falam gam sung ah om lo hi
e29039	zd:22547	i Zogam a om LenNupa ah hong hawh dih un
e29040	zd:24079	A nuu in a sangna munah lenpih kik a
e29041	zd:20673	transportation lam lensak uh a
e29042	zd:19166	amah Pabedan Township area teng ki lensak hi
e29043	zd:12891	akhut manphei in, avan lensak cihi
e29044	zd:23784	lent hun nuamtak in ihzat theih nading
e29045	zd:25165	Lentaang ah hong nadawn uh aa
e29046	zd:20406	Lentang pan ka-in Lamzang ah kituah hi
e29047	zd:15364	abeh min pen Lenteng beh ahi hi
e29048	zd:15773	Vandawn ah lentheih nadingin
e29049	zd:17941	vanlengtawh Direct in lentheih nadingin
e29050	zd:21092	A paak tungah pual leplap in a meltuamdang hong om hi
e29051	zd:16020	Ka nu laulua in khuadak leplep hi
e29052	zd:25322	Sen palaipa hong paina pen la lepna
e29053	zd:24303	a kituak dinga lepna
e29054	zd:16900	Hih nupa kalah leptuah ngai a om ding hiam
e29055	zd:25461	makaite in zong leptuah ding hanciam in
e29056	ts:7133	Pasian in hong leptuah nading thungen ciat ni
e29057	ts:4831	CDM vai leptuahna bawlpih uhhi
e29058	zd:21594	panlakna, kaihkhopna, leptuahna leh makaihnate mangkim ding
e29059	zd:19472	lesbian khat ahihlam akitheikhia ahihi
e29060	zd:22492	Hi tangthu te pan in lesson lak huai hi
e29061	zd:20260	zingciang adingin lesson hoihpen hilel hi
e29062	zd:12852	hih lessons pen thunei te'n hoihtak ciamteh in
e29063	zd:21159	Zolai tawh kong let kim hi
e29064	zd:24192	BMK web pan kong let kik ahi hi
e29065	zd:24322	sum a ap zahzah uh letkhan hi
e29066	zd:17841	Zolai tawh kong letkhia uhhi
e29067	zd:24303	Greek kam tawh letkhia uhhi
e29068	zd:17826	ahualpi in ong letkhia ing
e29069	zd:25107	Kawllai pan kong letkhiat uhhi
e29070	zd:16765	Martin Luther letkhiat Laisiangtho om nailo hi
e29071	zd:11057	Zolai in simtheihpak dingin kong letkhiat uh ahihi
e29072	zd:24447	Lai Siangtho letkhiatna thu
e29073	zd:21258	Daily Time pan a tomin kong letkik hi
e29074	zd:19295	hoihsa lua kahih manin Zolai tawh ka letkik ahi hi
e29075	zd:15652	letkop theihna pen a bucinna ahi hi
e29076	zd:21369	letmah thuh in thautawi nawnlo dingin thukim
e29077	zd:11970	letmah thuhding aki lamen kici hi
e29078	zd:22586	Pinlong Conference ah thukimna letmat thuh
e29079	zd:21547	letmat a thuh peuhmah in suahtakna ngah uh hi
e29080	zd:21989	Na khualzin nading meileng letmat nih om hi
e29081	zd:20752	khuapi 3 pan vanleng letmat
e29082	zd:20358	a deihna kibat lohna hangin letmat thuh lo in
e29083	zd:24289	tuhun Laisiangtho letna ah akizang mahmah model ahihi
e29084	ts:4491	Letpanchaung khua a om SDA biakinn
e29085	zd:19624	Letpanchaung khuasung aom ahihi
e29086	zd:20944	Ken zong a khut ka letsak kawmin
e29087	zd:12021	mawtaw hawlna Steering Wheel letsak in
e29088	zd:13350	A innkuanpih dangte'n letsawm uh himahleh
e29089	zd:20624	ageinai ah amukha te'n letsawm
e29090	zd:21659	Christmas letsong mawza kop khat
e29091	zd:21826	sum, letsong piazel in
e29092	zd:11425	Lungdam kohna leh letsong piakna
e29093	19.68.29	nang tungah letsong hong puak uh hi
e29094	19.72.10	Sheba leh Seba kumpite in letsong puak ta uh hen
e29095	20.21.14	A simtham-a letsong piakna in hehna dam sak a
e29096	1.32.13	a sanggampa Esau’ ading letsong
e29097	12.16.8	Assiria kumpipa kiangah letsong khat puak hi
e29098	1.43.25	a piak ding uh letsong bawl khol uh hi
e29099	3.1.10	ama letsong in tuu hita leh keel hita leh
e29100	9.25.27	nangmah ka hong puak hih letsong
e29101	1.32.18	ka topa Esau’ tungah letsong a hong kipuak ahi hi
e29102	44.24.17	lungdamna letsong pia dingin kong pai hi
e29103	zd:23428	lettama, payan, innzut khawng zong siam mahmah hi
e29104	zd:20902	lettama kawnggak gak in inn lam hi
e29105	zd:24462	a pawlpi letterhead ngiat tawh hong bawlsak hi
e29106	zd:11195	nungak leh tangvalte a sim in letthat
e29107	zd:11262	lawm kingai te asimtham in letthat
e29108	ts:7775	Ko inn khum dawnah letto ta ahih manin
e29109	zd:24249	Tuithang Khuataw ah letto ding
e29110	zd:24289	kammal dangkhat pan adangkhat ah letzawh nading haksa mahmah hi
e29111	zd:11323	Gul in zusa hong ne leu leu hi
e29112	zd:11367	pawl khat mah tuak khia kik leu leu uh hi
e29113	zd:23037	nang lamka mi ci-in kikhen leu leu hi
e29114	zd:21590	ngaihsutna tawh nana sim leuh cin
e29115	zd:19166	dongzo lo ci leuh lah
e29116	pk:23	A tawbo kising leuhleuh hi
e29117	zd:12510	avun te damdam in ki leukhia hi
e29118	zd:20188	sanginn tungkhuh sikkang zong aki leukhia pawlkhat omhi
e29119	zd:20188	singkungte kipuk in sikkang te ki leukhiagawp
e29120	zd:15949	Restaurant ii sikkongkhak Roller Shutters tezong ki hongkhia, ki leukhiagawp hi
e29121	zd:14689	zanni in mawtaw khat kibung leulau hi
e29122	zd:22267	pasalkhat bombi bek ateengsa in alum leulau kimu hi
e29123	zd:11529	Tu'n Courthouse ah ngakcip leuleu uhhi
e29124	zd:24176	Kong kiu leuleu a
e29125	ts:4134	Camp 1 ngah khia leuleu uh hi
e29126	1.8.10	teembaw panin vakhu khah leuleu hi
e29127	1.38.4	Tua nu gai leuleu-in tapa khat nei a
e29128	1.4.25	Adam in a zi luppih leuleu hi
e29129	21.4.7	thudang khat ka mu leuleu hi
e29130	zd:12271	tukumzong azinkik leuleuding ahihi
e29131	zd:20387	tuni Tuesday ni in nasep kipankik leuleuding uhhi
e29132	zd:11997	Model athakkhat hong zuakkhia leuleuding uhhi
e29133	zd:22586	I MP te pen State level ah
e29134	zd:16442	leitung level dongah hanciam toni
e29135	zd:25130	Ministry level ah Secretary leh Chief of Armed Forces
e29136	zd:21182	Tonzang, Lamzang, Tuitum, Lezang, Buanli, Gamlai,
e29137	zd:13340	lawm ka deih lezong ka nei thei hi
e29138	zd:21351	Sih akul lezong, aki gingsa kahi hi
e29139	zd:24276	Bil keu lezong thak thei hi
e29140	pk:73	nam li-in kikhen thei hi
e29141	pk:44	Hua lia in, a melhoih hi
e29142	pk:44	lia in, kum sawmnih a pha hi
e29143	pk:57	lia in, kua liamsuah ahi hiam
e29144	pk:59	Hua in, lia' sumbawm ahi hi
e29145	pk:67	lia in, laikung khat nei hi
e29146	pk:67	Hih laikung, lia' neihsa hi
e29147	pk:120	lia leh taang te aw
e29148	pk:45	Lia' laibu in, singkuang sungah om hi
e29149	zd:24349	Minte mai ah Pi, Pu, Nu, Pa, Lia
e29150	zd:25288	Ka tate Lia Lulun leh Tg
e29151	pk:55	Lia in, lasak a siam hi
e29152	pk:55	La khat a sak nadingin, Lia tungah gen in
e29153	pk:59	Hua sumbawm in, lia'a ahi hi
e29154	zd:17325	Monu pen Vangteh pan Lia Kam Do Zenin liah hi
e29155	zd:11337	Tuabang in liahding in hih Ready-made te
e29156	zd:21876	liahding leh phiatding tammahmah aa
e29157	zd:11548	tu khawm in, vaihawm khawm liailiai uh hi
e29158	zd:24199	tuu te'n zui liailiai uh hi
e29159	zd:14930	Zi leh ta tawh ankuang a um khawm liailiai thei Pa
e29160	zd:24199	a nekhawm liailiaite ihi a
e29161	zd:24199	a hawm liailiaite ihi hi
e29162	zd:21330	mi 30 bang liamding hi ci'n
e29163	zd:18024	mi 5 peuhmah liamding cih NST pan kiza hi
e29164	zd:14687	azi bel bangmah liamgawpna omlo cihi
e29165	zd:19465	Tua naupangno pen liamgawpna bangmah omsamlo in
e29166	zd:19745	Tualak ah Police Officer khatzong liamhi
e29167	zd:19351	tuate lakah khatbek liamhi
e29168	zd:12972	adangzong mi 48 bangin liamlawhgawp uhhi
e29169	zd:17558	Amahzong akhutme 3 tak liamlawhgawp hi
e29170	zd:16245	Nitak kuan ciangin khat hong tung liamliam sam hi
e29171	zd:25105	Chin State buppi milip 500,000 pha liamliam hi
e29172	zd:20264	A Agent man a lohkik zo liamliam bek hi in
e29173	zd:12858	mawtaw hawlpa zong bangmah liamlo cihi
e29174	zd:12337	liamlo bailo cidam in Tuipi khua katung uh hi
e29175	zd:14626	tua naupangno pen liamluatna omlo bilbel cih kiza hi
e29176	zd:11177	liamluatna omlo himahleh akhe taklam tawmcikbek liam cihi
e29177	zd:12337	liamna baina om samlo hi
e29178	ts:1919	liamna baina ngah bangzah lian kicianzo nailo
e29179	zd:17703	Tuapa zong liamna ngah ahih manin
e29180	zd:11229	atate zong liamna ngah uh cih kiza hi
e29181	ts:10413	11 te liamna ngah uh a
e29182	zd:11145	police thum in liamna tuak hi
e29183	zd:10877	mi 17 in liamna tuak hi
e29184	zd:10943	liamna tuak mi 120 kikem hi ci uh hi
e29185	zd:14509	gimmahmah uh, liamngawh mahmah uh cihi
e29186	zd:14899	ahi zongin liamngawh samlo uh cihi
e29187	zd:12405	mi 4 pen liamngawh phadiak in
e29188	zd:17558	amit ataklam liamsakkha cihi
e29189	zd:12146	sangnaupang 2 zong liamsakkha citciat hi
e29190	zd:17309	mual hong liamsan ta uh hi
e29191	zd:9441	Mual hong liamsan it le ngaihte
e29192	zd:10688	damlohna hangtawh mual ong liamsanta cihthu izakmanin
e29193	zd:20915	Passenger khempeuh avekun liamtek uh ahih manin
e29194	zd:19127	gammi 12 tepen avek un liamtek uh cihi
e29195	pk:24	Zogam a bual lian pen Rihli ahi hi
e29196	ts:3503	Lih pen bual lian pen hi
e29197	ts:3506	India gam a kici pen lian mahmah hi
e29198	zd:10783	rocket puate lakah a lian pen ahi hi
e29199	48.6.11	Bang zah a lian laimalte tawh
e29200	5.25.14	tehna nam nih, a lian leh a neu
e29201	11.10.18	kumpi tokhom a lian khat zong bawl a
e29202	14.4.9	siampite’ inntual, leh inntual lian
e29203	27.2.31	milim lian mahmah khat na mu a
e29204	42.3.5	mual lian mual neu khempeuh kitotam ding hi
e29205	zd:24303	ahi bang liana lak ding i kisap ciangin
e29206	zd:24029	huh ding cih ngimna liana hi
e29207	zd:20358	amau deihdan lianbek in a pawlpi uh paipih nuam
e29208	zd:20454	a khantoh semsem na ding deihna lianbek tawh
e29209	zd:13030	Alengkhia lianding vanleng sungah
e29210	zd:16164	Tua vanleng pen alenkhia lianding in akithawi
e29211	zd:12061	sihtheih lianding dinmun panin suakta kikthei cihi
e29212	zd:10963	zankhua ihmu lo lianga kibuan uh hi ding hiam
e29213	ts:4831	suplawh bailawh lianga a sem uh ahi hi
e29214	zd:26585	nasep hanciam lua hahkat lua lianga
e29215	zd:20545	Khapeet liangaa ih hanciam tentan kei leh
e29216	zd:20627	Tuabang liangaa a hauhtheihna in
e29217	zd:9249	namsau a liangah pua-a
e29218	pk:140	A liangbit khat leh, sungkua namkim ngah hi
e29219	zd:15437	Sihlawh liangding in huaisialo a
e29220	zd:15260	Aliamma pen sihlawh liangding hisamlo a
e29221	zd:18129	sihlawh liangdingin huaisia samlo uhhi
e29222	zd:13114	sihlawh liangdingin bangmah liamna ahuaisiapi omlo cihi
e29223	zd:19127	Bus in aphutkhakna amailam hengkhiagawp lianghi
e29224	zd:15387	cih Fable tangthu hongphawksak lianghi
e29225	zd:20930	Human Rights in numei pasal liangko kikim ding ci hi
e29226	zd:19612	minam tuamtuam tawh liangko kikim in vai ka hawm thei ding uh hi
e29227	zd:20772	liangko kikim ding ka deih
e29228	zd:23670	Ukzawhna Ama' liangko tungah kisuan hi
e29229	zd:21815	khangnote liangko tungah hong kisuan khinta hi
e29230	zd:20652	a haksatna teng na liangko tungah hong tungkik ding
e29231	pk:141	Sungpite a liangsa taangin
e29232	zd:21843	inn kong ah nana ngak lianguh hi
e29233	zd:16317	tua leibat tawh asihlawh lianguh ahihi
e29234	ts:3369	Cing Khup leh Ngam Bawm liangvai lua sang e
e29235	zd:25484	lungkhamna, gentheih liangvaihna tawh ih kidim uh a
e29236	zd:20970	ih haksakna, ih liangvaihna te khempeuh pan in
e29237	pk:26	liangzawl tungah innsun kinga hi
e29238	zd:10817	Hamza pen tu lianin kum 20 kiim a upa ahi hi
e29239	zd:9256	tu-a i sak bang lianin kisa hi
e29240	zd:25454	December 25 ni lianin Zeisu a suak mah ahi hiam
e29241	zd:24200	pel lo-in sim den ding pen i tavuan liankhat ahi hi
e29242	zd:15615	tua Samsung Phone apuakkhap lianlaitak kitel mahmah hi
e29243	zd:15888	sikzawn tungah asawnkhiat lianlaitak CCTV panin ki Record kha citciat hi
e29244	zd:17992	Luigal a tun lianleh
e29245	zd:14523	saimai kongkhak ahon lianleh apuakkham cihi
e29246	zd:20104	mawtaw tungpan tuahkhiat lianleh
e29247	pk:84	genbang lianlian a, genna ahi hi
e29248	pk:116	a aw suah ding bang lianlian in ih at theih nadingin
e29249	zd:21388	a kici bang lianlian in kipsak pahpah
e29250	zd:16989	Lai siangtho kammal pen akammal bang lianlian a khiat na
e29251	ts:3503	a awsuah a man lianlianin kigelh thei hi
e29252	zd:19108	bang lianlianin a hipahpah hi
e29253	zd:15636	Taxi hawlpa in ka Hotel omna mun tel lianlo hi
e29254	zd:23904	Kumpi in direct in sawl thei lianlo hi
e29255	zd:8668	tangthusiam te genna kibangkim lianlo hi
e29256	zd:22913	A sih lianloh hangin
e29257	zd:21706	galkapte in kumpi a sep nawn lianloh hangin
e29258	zd:12194	Bomb lianmahmah khat bawlkhia uhhi
e29259	zd:12290	a awmlam liamna lianmahmah khat om ci uhhi
e29260	zd:15572	Pasian phatna leh pahtawina tawh kipan lianmawk hi
e29261	zd:20545	Na cihbang liann hi
e29262	zd:19166	hong tungpah liann hi
e29263	zd:25919	tulianin ahauh liannai lohhang
e29264	zd:14790	thu kithei cian liannai lo in
e29265	zd:21876	Thu gen ding ka kipat lianpan kipan
e29266	zd:13169	ko ii mawhpuak lianpenpen hi
e29267	zd:22650	a lianpenpen company pen Nestle hi a
e29268	zd:17607	Myanmar gamsung ah Telecoms Operator lianpikhat ahihi
e29269	zd:11988	Hihpen tangthu lianpikhat hiding a
e29270	zd:12685	mawhna lianpikhat ahihi
e29271	zd:25060	Lungdamna lianpitak tawh
e29272	zd:12510	meima lianpitak piangmawk hi
e29273	zd:20782	ZAM zum pan zahtakna Lianpitawh kong zasak uhhi
e29274	zd:19812	Lamet hetloh in Angkawi lianu tawh
e29275	pk:131	hauhna tawh kizua a lianzat
e29276	zd:21274	Liaoning Province sungah thupiang hi a
e29277	zd:14904	Liaoning Province sungah abeisa Tuesday ni in thupiang ahihi
e29278	zd:20959	Ni liap na mun ah kaal 2 sung daikeu sak in
e29279	zd:22962	liapaal zatam sang a melhoih zaw
e29280	zd:12972	vanpawlkhat athuah liapluap mawkmawk uh ahihi
e29281	zd:9223	Ton neinai-in kikhep liapluap hi
e29282	zd:22305	Ni a liapna munte dumzaw lai hi
e29283	zd:20959	a liapna mun ah ni 3-4 sung koih ding hi
e29284	zd:21237	mual hong liapsan ni ahi hi
e29285	zd:24461	amau hong thuak zolo in hanmual hong liapsan mawk uh hi
e29286	zd:23443	I liatkhit ciangin tuabangin ki khangnawnlo hi
e29287	zd:23616	Ka liatkhit America ah Movie ki zaih dingin ka pai ciangin
e29288	zd:15560	bangci bangin liausakding cihpen kitheilo hi
e29289	zd:18125	thubawlding, liausakding cih kiza hi
e29290	zd:16919	liausum RM50,000 bang ki liausakthei hi
e29291	zd:15848	liausum S$5000 ki liausakthei hi
e29292	zd:13270	na liausumding uh tawmzawding hi
e29293	zd:17841	tezong liautuak uh cihi
e29294	zd:20984	liautuak, thongkia tammahmah khinta hi
e29295	zd:23479	Democrat Party te Liberal zaw hi
e29296	zd:21272	Conservative upna leh Liberal upna cih
e29297	zd:22873	Liberal upna Kawlgam ah honglawh hi
e29298	zd:11913	Driving Licence zong neinailo cihi
e29299	zd:16592	ui khawi khuan Licence kisam ham tang hi
e29300	zd:16682	khawi theihna ding phalna license a kisam ahi hi
e29301	zd:14820	kum 5 license ngah iin
e29302	zd:24176	hin man omlo ding hi ci lieng hi
e29303	zd:25097	amah pen Lieutenant Colonel hi
e29304	ts:4309	SAC Major 1, Lieutenant 2 tawh kigawm 14 si uh a
e29305	zd:23594	lifestyle hoih nei zo ding
e29306	zd:17143	Tua Lift sungah alutlian laitak in
e29307	zd:14954	Lift kongkhak pen nangthu in honsawmgawp kei in
e29308	pk:120	liimlangh ah va ki-en in
e29309	zd:19423	Numei pen pasal' ki etna liimlangh hi
e29310	zd:10777	Pawi pai dingin liimlangh ah na ki-et ciang
e29311	zd:11400	liinna launa kinei nawn lo-in
e29312	zd:23877	ziin liinna tuamtuam
e29313	zd:23148	Nang zong like pia ngei na hih manin
e29314	zd:25139	mite kiang pan like ngah nop man bek a
e29315	zd:16724	meikhuam thak liklek hong phot ziahziah ta uh aa
e29316	zd:22040	a thak liklek leh inn nasia mahmah khat
e29317	zd:25068	kihong nailo ahih man in keu likliak lel hi
e29318	zd:22470	cih bangin nungta likliak uh hi
e29319	zd:9134	an kuang i um khawm liliai hi
e29320	zd:23129	unau teng ki-uum liliai in maitai takin
e29321	zd:19826	Lillehammar ah Zomite hampha ka sakna pawlkhat
e29322	pk:108	nektheih a lim nono
e29323	zd:19371	Tungzang te'n sun an lim mahmah hong vak uh hi
e29324	zd:23797	lim ka sa mahmah hi
e29325	zd:23249	Meh pen a lim theithei in bawl bawl mai hi
e29326	zd:21081	makaite' tunga makai hihna lim ahi hi
e29327	zd:19529	Limbang aom mawtawpei bawlna ah Crocodile khat ki hingmat
e29328	zd:12016	Airport te ah Security Check ki limbawl mahmahding
e29329	zd:15041	Security Drill khawngzong limbawl mahmah uhhi
e29330	zd:20525	pasal te in tua hunlaitak limbawl mahmah ding
e29331	pk:110	Nong limbu khak ka ngahna ka lungdam mahmah hi
e29332	pk:110	Tua limbu pen hoih kasa mahmah hi
e29333	zd:25039	panpih ding ahih manin maban limci hi
e29334	zd:24124	gelna limci hong neih ding kisam hi
e29335	zd:22604	Topa tawh kizopna limci a nei den
e29336	zd:15579	Tua Video pen ki limet mahmah a
e29337	zd:16410	Mobile Phone bekbek limet luamahmah ahih manin
e29338	zd:17143	Lift sung alutma in Phone bekbek limetlua cihi
e29339	zd:14635	Lei tungah apai kawmkawm in a Phone limetlua in
e29340	zd:12272	galkaplui ulian te thu limgelh mahmah ahih manin
e29341	zd:20763	laisim ding hong limgelh zek hi ing
e29342	zd:24396	Jesu mahmah in zong hih thu mah na limgen hi
e29343	zd:20771	lawm hoih neih ding zong hong limgen mahmah hi
e29344	zd:21803	Pasian thu a zuihna ah thu li ki limgen hi
e29345	zd:15653	biakinn ah limhoih nono suai dingin sawl kik hi
e29346	zd:22116	limhoih pen suai thei tuanlo ding hi
e29347	zd:12942	asuahkhit limin hihbangin apiang cihi
e29348	zd:19676	nute sungpan ihpian limin A,B,C thei ihom kei hi
e29349	zd:20928	Ahih hang a limit om hi
e29350	zd:21783	limit leh condition neilo cihbang om ngeilo hi
e29351	zd:12327	kua bawlkhiat hiam cihpen limkansan mahmah
e29352	zd:14848	hihvai tawh kisai limkansan mahmah uh
e29353	zd:13300	Condominium pen limkat mahmah a
e29354	zd:19367	avekpi in limkat mahmah hi
e29355	zd:11666	limkhap huai mahmah ci a
e29356	zd:19458	tuabang limkhap cikziat huai Video Clip
e29357	zd:17632	France gamsungah khuahun votlua mahmah, vuuk limkiat mahmah
e29358	zd:20738	Kota Samarahan sungteng ah limkiat phadiak in
e29359	zd:17657	Japan ah vuuk limkiatlua in
e29360	zd:17622	Spain gamsung ah vuuk limkiatlua in
e29361	zd:24064	Numei in pen pawlpi limla hi
e29362	zd:16951	gulcih pen gitlohna, siatna limla hi
e29363	zd:24420	limlah makaihpen thupi kasa mahmah hi
e29364	zd:24244	sepkhiatna tawh limlah, pattah, le makaih ding tampi kisam hi
e29365	zd:9222	stage tungah limlak hi
e29366	zd:16640	Khuado in ki-itna limlak hi
e29367	zd:21365	A dam lai limlak a om kei leh
e29368	ts:4134	tampi kingah khia cih thu limlak
e29369	zd:22650	tawntung nuntakna limlakna ahi hi
e29370	zd:20092	limlangh lianpi mai ah dingin
e29371	zd:23737	limlangh ah ka ki et leh
e29372	pk:27	Sing limliap ah a tawlnga hi
e29373	zd:14704	gamdangmi nasem limlim akigawm in
e29374	zd:12998	Inn pan taikhiat cih limlim pen
e29375	zd:22860	Pilna siamna i na neih limlim phot ding kisam hi
e29376	zd:21155	Nu in Pa zahtak limlim phot ding hi
e29377	zd:22860	Pilna siamna i na neih limlim phot ding kisam hi
e29378	zd:9136	Leitung mihing khempeuh a suah tung limlimin
e29379	zd:18040	ipian khiat limlimin agualzosa
e29380	zd:20387	a awkcip limlimpen naupang 12 leh asiapa ahihi
e29381	zd:12596	Construction nasepna limlimpen Accident tamdeuhdeuh ahih manin
e29382	zd:20743	Guihtheih khamtheih khatpeuhpeuh azang limlimte pen
e29383	zd:16523	Hong mukhialsa limlimte
e29384	zd:12436	An zong hoih nek nuam loin, ankam limlo thei a
e29385	zd:24365	a nam zalo, ankam limlo cihte kihel hi
e29386	zd:22065	Nu sung pan a lim leh limlo theihna
e29387	zd:19355	lungno tetawh Burger limmahmah kibawl
e29388	zd:15276	Noodle te limmahmah kici a
e29389	zd:20173	huihpi leh guahpi in tukumsung limnawk mahmah hi
e29390	zd:17711	vanleng tawh khualzin te'n limnawk mahmah a
e29391	zd:16105	huihpi leh guahpi in limnawkkhak mahmah ahih manin
e29392	zd:17299	singkung khat limnawkkhak mahmah
e29393	zd:19447	Chinese te'n limsa mahmah, limnek mahmah uhhi
e29394	zd:24276	Khuahun zui a piang gahletehte limnek hi
e29395	zd:15754	Hih limpen Internet tungpan in akilasawn hikhading hi
e29396	zd:21012	Tua limpen i muhdentheih nading
e29397	zd:15956	ganhing limpeuh aki tuansak pen khasiat huai mahmah hi
e29398	zd:21458	limpha takin ka telgen lai hi
e29399	zd:25400	limpha takin akem sinhsenh hi
e29400	zd:12386	Amau hong gen thute limpha tak in ngaihsun in la
e29401	zd:22827	limphatakin a ngaihsut huai mahmah thu ahi hi
e29402	zd:15429	Motorcycle pen limphutkhak mahmah ahih manin
e29403	zd:11992	ki limphutkhak mahmah uh ahih manin, mawtaw amailam zangawpliang hi
e29404	zd:12113	Mawtaw anih in limsiat mahmah kici hi
e29405	zd:15089	Building pawlkhatte limsiat mahmah hi
e29406	zd:12837	anih in amailam limsiat mahmah hi
e29407	zd:20736	limsim kituahpih mi bekbek tawh
e29408	zd:12446	bangzahtak limsim natna nei cihpen
e29409	zd:24028	Leitung ah laibu limsim gamte
e29410	ts:1846	Mobile phone te zong limsit mahmah
e29411	zd:11535	pumpi leh vanpuakteng limsit mahmah uhhi
e29412	zd:19166	scale tawh limsuai in
e29413	zd:22988	limsuai siam ut maw, sumbawl siam ut maw
e29414	zd:9264	limsuai khat ka hih ding mah ka ut
e29415	zd:17466	limsuai minthang suak zo lo ding hi
e29416	zd:23037	limsuaih siamna nei hi
e29417	zd:20317	limsuaih siampa in ahi bangbang in a suai hi
e29418	zd:9264	limsuaih ka sin lai hi
e29419	zd:23113	limsuaih siam mahmah a minthang Leonado da Vinci in
e29420	zd:23022	limsuaih siam cih ciangin suangtum khawng milim suaksak thei uh hi
e29421	zd:22116	limsuaihna tawh kisai letsong bekbek ka pia leuleu hi
e29422	zd:20224	A limsuaihna innkhan sungah
e29423	zd:18958	limtaka kantel ding kisam hi
e29424	zd:9231	Hih la a malte limtaka ka sim khit ciangin
e29425	zd:10938	ama deihna bang a naupang limtaka kem a
e29426	zd:15565	A Laibu ah a limtawh ahihman in
e29427	zd:17574	ZAM thupuak a limtawh hong kisuaksak bangin
e29428	zd:17411	khua 54 te'n limthuak phadiak uhhi
e29429	zd:16959	Tua Machine te sungah limtuamtuam, Toys kimawlna tuamtuam kikoih in
e29430	zd:16431	Buddha Tattoo leh limtuamtuam tezong kiphallo hi
e29431	zd:22981	amakaite awng uh ahih man in ki limzak mahmah hi
e29432	zd:16061	tusungteng tuikhanggawp cih ki limzak mahmah hi
e29433	zd:22686	public transportation limzat mahmah uh hi
e29434	ts:7364	leitung khualzin mite'n limzat mahmah uh hi
e29435	zd:20920	India lamah Mizote in limzat peuhmah uh hi
e29436	zd:19480	Aircraft te ki limzatlua
e29437	zd:23594	guihtheih khamtheih limzatlua hiam cih kan huai hi
e29438	zd:12776	Mobile Phone limzatluat naupangno te paukhia hak
e29439	zd:14635	mawtaw ihhawl zongin Smartphone te limzatluat lohding
e29440	zd:12357	Zomi sung leuleu ah Viber ki limzatzaw a
e29441	zd:11608	$50 Note te ki limzatzaw ahih manin
e29442	zd:21939	mihing' bawl leenggahtui sangin limzaw pek hi
e29443	zd:20131	aalu mah limzaw in tha zong omzaw hi
e29444	zd:15956	limzong Myanmar Bank Notes te tungah ki tuangsak ngeihi
e29445	zd:11373	limzong kituaksak hi
e29446	zd:22394	Cikha ah Phone line ki ngahta
e29447	zd:15338	Mobile phone line te bei in
e29448	zd:24271	line Car te paikik tading
e29449	zd:17828	a zak uh ciangin lau-in a ling uh hi
e29450	zd:16832	tangval pa aw hong ling hi
e29451	zd:15338	Km 76 mun bulphuh in a ling ahi hi
e29452	zd:14810	Tuesday ni in zin nasiatak in linggawp ahih manin
e29453	zd:20703	magnitude 6.9 hatna tawh zin linggawp in
e29454	zd:17252	China ah zin nasiatak in linggawp in
e29455	zd:20703	Lombok ah zin lingkik leuleu
e29456	zd:17645	Taiwan ah zin khatvei lingkik
e29457	zd:23543	Counter pam ah ka ding lingleng uhi
e29458	zd:15861	radio ngai in tu lingleng hi ung
e29459	zd:21092	lingpaak ciindan namnih om hi
e29460	zd:21092	lingpaak tungah natna om thei hi
e29461	zd:16254	lingpak hoih mahmah khat mu kha hi
e29462	zd:23729	a po lingpak, sekkhum, jasmine cihte
e29463	zd:26948	inn kiim a om lingpakte pen hoihsa lua mahmah
e29464	zd:22877	Lingthuk ah Senior Pastor a sem
e29465	pk:150	Ni lini
e29466	zd:12948	Hi link pan in diret in kingah thei hi
e29467	zd:19430	Thupuak PDF tawh nasim nopleh link
e29468	pk:44	a kitel linliante
e29469	zd:17060	ka cihbang linnliann in hong khak pahuh hi
e29470	zd:20176	a ngetbang linnliann uh angah tuak a hilel hi
e29471	zd:21590	ka cihbang linnliann in
e29472	zd:20091	simmawhna leh lipkhapna thuak dinghi
e29473	zd:18048	Neumuh lipkhapna thuak nang bek kisa kha ken
e29474	zd:12215	Portugal gam ii akhuapi Capital Lisbon panin agamlalo
e29475	zd:11224	Sum piasa list pen PDF link panin ki enthei hi
e29476	zd:19219	Lisu Baptist Churches USA
e29477	pk:141	aliang nih lisuah a
e29478	pk:136	Khangdiakte liten lai-in
e29479	zd:24276	Nikhat in tui Liter 4 bang dawnzo den leng
e29480	zd:13171	Oil Tanker sungah datsi bekbek Liter 40,000 apua hi a
e29481	zd:25918	Lithuania gam ah Palai
e29482	zd:16997	a tam penpenna Lithuania gam hi a
e29483	zd:17442	na om litlet lai hi
e29484	zd:12976	dal 300 ta in aki henkhawm litlet
e29485	ts:301	tangvalno thapha litlet khatin hong khangkhia hi
e29486	zd:20588	tui a tawmpen litre 1 peuhmah dawn den ding hoih hi
e29487	zd:20831	tua tui 0.5 litre buak ding hi
e29488	zd:22650	Kum 2000 ciangin litre 84 billion dong hong tungto hi
e29489	zd:22540	EU tawh ki akgualkhen liuleu ding a hihi
e29490	zd:13159	tua mawtaw pen ki lumlet liuleu lianmawk hi
e29491	zd:17788	Hih hun sung khempeuh Live in kikhah ding hi
e29492	zd:24226	Live khawng i et ciang
e29493	zd:9209	Port of Liverpool ah kum 9 sung
e29494	pk:83	Sang kah nuam lo
e29495	ts:3375	Ni leh kha zong bia lo uh hi
e29496	ts:11162	Kawlgam sung lutding ngaihsun lo
e29497		hun nei lo
e29498	4.26.11	Korah’ tapate si lo uh hi
e29499	5.29.14	note bek tawh a bawl hi lo a
e29500	42.24.6	Hih lai takah om nawn lo hi
e29501	1.11.30	amah in ta nei lo hi
e29502	pk:31	Tu tawh lo ka kho hi
e29503	zd:15767	lo khat ka nei uh hi
e29504	zd:20999	Zomite 70-80% bang lo khawh nasem hi
e29505		lo kuan ding
e29506	13.27.26	lo nasep a sem mite tungah
e29507	40.22.5	khat lo a kuan hi
e29508	44.1.18	a ngah sum tawh amah in lo khat lei a
e29509	7.1.14	a pa kiang panin lo khat a nget nading
e29510	8.2.17	nitak dong lo sungah tawm hi
e29511	pk:106	ani gelh masa lo-a
e29512	pk:10	lo-ah buk a lam hi
e29513	pk:125	Kumpi nei lo-in
e29514	zd:24119	ka Nu a pil loa ka ngaihsut pen
e29515	zd:25275	Ahizongin Zeisu in nagawmkhawm loa
e29516	zd:20545	Tua loan a late in
e29517	zd:23787	Student loan payment khempeuh ni 60 sung interest omlo ding hi
e29518	zd:14568	Subang Jaya Apartment khat ii Lobby sungah thupiang hi a
e29519	zd:17661	Community Club ii Lobby ah katut laitak
e29520	pk:128	ci-in lobuk aa, suangthu teng kisawnpai hi
e29521	zd:25346	mi tampi patau in lobuk ah gal atai nangawn om hi
e29522	zd:24963	lobuk leh khuaneu cih khawngah teng uh hi
e29523	zd:23825	Tua hangin lockdown a kibawl ciangin atawmpen ni 14 sung kibawl hi
e29524	zd:24019	lockdown veng leh khuate panpih ni
e29525	zd:23709	PJ lockup ah kibuaipih laitak
e29526	zd:11706	Jinjang lockup pan kitan khia
e29527	zd:21282	Bentong lockup ah kibuaipih
e29528	pk:123	Meitei gundung zui-in Locom lam zuanin
e29529	zd:16442	asumding zongzong hiphot lodia
e29530	zd:11953	ahun hiciangbek nei himai lodia maw
e29531	zd:17067	kumthak dawnding himai lodiam ci'n
e29532	zd:22888	Paulap tuamtuamte kisang loding hi
e29533	zd:15958	omlo hileh bangmah kisemthei loding hi
e29534	zd:15652	a lui kici lodinga
e29535	zd:18920	Kha siangtho ki bua lodinga
e29536	zd:23538	kisawk kha lodingin om in
e29537	zd:16235	na zato laite mangthang lodingin limtak kem in
e29538	ts:479	a logamte uh hawmin
e29539	zd:24249	Tungzang gam sunga logamte leh singkung tampi
e29540	zd:15445	Google Account khatzawkzawk tawh na login kulding hi
e29541	zd:14720	Users te'n login bawl akul Social App khempeuh lakah
e29542	zd:24607	Party dan mah in Logo leh Manifesto neih kul
e29543	zd:10743	Logo pen departmentte in amau a ciat zang ding uh hi
e29544	zd:17630	Party Logo dingzong kiteel khiakhin hi
e29545	zd:22334	MRTV ah Zopau program om loh aphamawh thu ahi hi
e29546	zd:16254	kilemna pen hanciam loh aphamawh thu ahi hi
e29547	zd:22849	Biakna a kibat loh hangin tua lai mun ah
e29548	zd:21254	a hat vanvan loh hangin kizang thei veve lel hi
e29549	zd:23758	Ei i nat sese loh hangin
e29550	zd:23729	leitang kisiat loh nadingin singkungte'n dal hi
e29551	zd:25355	itna masa khasuah loh nadingin hanciam kik ni
e29552	zd:24037	Coronavirus a kilawh loh nadingin
e29553	zd:21925	Mite in hotkhiatna a san loh nadingun bang cih ding
e29554	zd:20858	na huaiham loh nadingun kikem un
e29555	zd:23057	Pasian thu tawh i tuatkhop loh phamawh hi
e29556	zd:24240	Ngia lungsim neih loh phamawh
e29557	zd:16441	hong piangte san loh phamawh cih thei in
e29558	zd:12033	Kumkhat sung hong piak pah lohciang
e29559	zd:16235	Lametna hong batlian lohciang
e29560	zd:11986	inn ah aciahkik lohciangin aveng apam tengin kizong ngeingai cihi
e29561	zd:18943	Mobile Phone kihokawm lohding thupi mahmah hi
e29562	zd:13314	midangte muhsak lohding in kaselcip cihi
e29563	zd:20518	apualam ah Outdoor Activities kimawlpih lohdingin thupia uhhi
e29564	zd:17616	Relief Workers te akhakcip lohdingin ngetna
e29565	zd:12267	Anu apa te'n hong gennam lohhang in
e29566	zd:12057	Ganhing khawina ahih lohhang
e29567	zd:25932	ut lohhang kisi veve ding hi
e29568	zd:12094	asih lohhangin khua phawklo cihi
e29569	zd:12632	Bomb akimuhlian lohhangin asungah atuangkik te
e29570	zd:22376	UN Card aneih sese lohhangin Australia kumpi in
e29571	zd:23551	a gamtatzia uh kituak lohi
e29572	zd:20905	tangpi le politician te dinmun kibang lohi
e29573	zd:23492	hihbang thuthang te gampua ah kiza lohi
e29574	zd:20302	banghang thongpuan ki silhsak lohiam ci'n
e29575	zd:13314	khutsiamna Arts himai lohiam
e29576	zd:15167	anteh lohing singgah cihte akizuakna Wet Market khat
e29577	zd:15048	nupi naupaai khat anteh lohing
e29578	zd:19558	kum 5 sungin lohkikding ahihi
e29579	zd:11380	hih sumpen kum 40 sungin lohkikding cih kiza hi
e29580	zd:25178	I ki it lohman hilo a
e29581	zd:12068	Ei pen thungai siamte i hih lohman hizaw hi
e29582	zd:21134	hihthu i thusim lohman in
e29583	zd:21458	ka theihkhak lohna dingin thu ka ngen tawntung hi
e29584	zd:9141	I minam a beimang lohna dingin Zomi Nam Ni
e29585	ts:12519	a mau sepna pen a khahsuah lohna dingun na sem uhhi
e29586	zd:19767	Hih migilote' gimthuak ding na tuahkhak lohna dingun nomau mah in
e29587	zd:21845	A up lohna hangin Zechariah pau thei lo-in om lian hi
e29588	zd:20418	Khat vei ih kiciat lohna hangin mailam tampi kikhak suak thei hi
e29589	zd:15651	Malaysia nupi khatin leibat lohnading in
e29590	zd:17955	thuakzawh lohnading haksatna bang neina hiam
e29591	zd:22151	kum 2-3 sung nau a paaikik lohnadingin
e29592	zd:20225	aneihsa te uh asiatzangawp lohnadingin
e29593	zd:22830	Tuate a muat pah lohnang
e29594	zd:14615	Nagam hong kipuak kik lohnang
e29595	zd:21908	Pasian mah cih tinten lohngal adang om lo hi
e29596	pk:129	Dahpa la, lohon la, Heisa la
e29597	zd:14887	Jews ten a na san lohteh
e29598	zd:14609	Loikaw panin Mandalay lam zuanin
e29599	ts:4379	Loikaw thonginn kimah zong kikapna om mah a
e29600	zd:23770	lokhawh nading, sumbawl nading in hoih lo hi
e29601	ts:3375	lokhawh dan leh kizep dan hong sinsak uh hi
e29602	zd:21908	lokhawh nasepna-ah numeite'n 43% panmun la uh a
e29603	zd:15772	Taanglai in ipu ipa te lokhomi a hih man un
e29604	zd:24474	numei 20% leh lokhomi 12% kihel a
e29605	pk:13	lokhopa in khai ci a vawh hi
e29606	zd:20568	I gensa lokhopa thu tawh a kibang
e29607	zd:25353	lokhopa in tawm sim zaw ding
e29608	zd:23797	Ka Nu pen Nisim lokuan den zaw hi
e29609	zd:25075	ahih manin lokuan zo nawnlo hi
e29610	zd:15228	nisim lokuan in apaizelna lampi ah
e29611	zd:24990	Sanction tuamtuam in galkapte lokzo lualo hi
e29612	zd:26092	leitungbup lokzo mahmah uh hi
e29613	zd:21259	lol mahmah uh a
e29614	zd:19381	zingsang lol mahmahin khe tawh kapai
e29615	pk:20	lolai-ah tang a haih hi
e29616	pk:128	singlam, tuilam lolam kisial in
e29617	zd:12110	Elementary lai in English siam lolua kahihman in
e29618	zd:16216	hihding kisam lolua mai
e29619	zd:23037	nekleh taak silh leh teen, innlum lolum hong pia hi
e29620	zd:12033	innmun lomun innlum lolum nusia a galtai pawlkhat
e29621	zd:19712	Second 25 lolzaw in paikhiakha hi
e29622	zd:16229	Schedule aomsa sangin Second 20 lolzaw in na taikhiakha
e29623	zd:20582	Indonesia, Lombok ah zinling in mi 14 si
e29624	zd:17733	Lombok khua azuanin aleng vanleng
e29625	zd:22305	vasate a lomlom in kimawl zaizai uh a
e29626	zd:22758	lawm le gual nei in a lomlom in teng uh hi
e29627	zd:24471	Gamdang ah mi a lompi in a kipai hun sung
e29628	zd:21429	Tuabang a lomtat theihna ding
e29629	zd:24276	Tuabangte aadingin lonamsia ne leh hoih mahmah hi
e29630	zd:24276	Lutang hong nat ciangin zong lonamsia ne leng damsak hi
e29631	zd:13009	Tusungteng London khuasung ah buaina hongkizom mahmah hi
e29632	zd:23975	Kum 1666 kumin London khuapi meikang hi
e29633	zd:21649	Hong Kong panin London khuapisung aom UNHCR zumpi ah
e29634	pk:126	azung abal a longkhia a
e29635	zd:19816	a zungpan in longkhia in ci lo hi
e29636	zd:22046	Mawtaw peite longkhia in mualdawn peuh pan in khuk suk uh
e29637	zd:17779	akikilh siktezong themkhat ki longkhia in
e29638	zd:15303	North Korea te'n Missile thaupi te lonkhia zelzel uh a
e29639	zd:15114	Bus lampi panin apualam ah ki lonkhia in
e29640	zd:19676	keibang athukim lopah ka hihi
e29641	zd:11619	adangmahmah teelsawm lopah uhhi
e29642	zd:20849	lopan a piang khawhsa min le tang
e29643	zd:23797	Ka Nu in Mualnuam lopan vaikuan hongciah simin
e29644	zd:23129	lopawi a man khit ciangin
e29645	zd:26708	Sialsawm hun lopawi khit April kha sung
e29646	pk:97	a kisam lopi-in
e29647	zd:15790	Khuasung ah mothak lopna in
e29648	zd:10942	US President thak honna leh lopna hunin
e29649	zd:17816	Penang Bridge tungah Lorry khat kilumlet in mawtaw awkcip
e29650	zd:12761	lamzikpi tungah ngasapua Lorry khat kibung
e29651	zd:15978	losan Fireworks namtuamtuam kilon ziahziah hi
e29652	zd:17558	losan puakkham hangin mi 26 liam
e29653	zd:20547	Sarawak state losiah, Malaysia gamsung aom State khempeuh ah
e29654	zd:25346	Chin state sung Khalkha losiah ah internet kingahlo hi
e29655	zd:24544	Chin party losiah party khempeuh in
e29656	zd:24289	Dynamic Equivalence lotawh kammal dangkhat pan adangkhat ah letzawh nading haksa mahmah
e29657	zd:25917	Mihau ten thuman lotawh meet na zong ngeilo hi
e29658	zd:16087	DASSK in Lotdaw ahon masak ni in ka va omthei hi
e29659	zd:24164	2015-2020 Lotdaw na sepzia leh khantohzia
e29660	pk:136	Tua lotebel kilaih mengmeng khollo hi
e29661	zd:15772	Tua khit ciang in lothak kizuan leuleu hi
e29662	zd:17309	innmun logam nusia in, lothak gamthak kizuan hi
e29663	zd:22499	Antioxidant a ki hel lothang kang
e29664	zd:24276	Nisim in lothang san leh lothangkang tawmta
e29665	zd:24276	lothang san leh lothangkang tawmta nekhuai mahmah hi
e29666	zd:24501	A cii pen lothangkang cia khawng hi in
e29667	zd:20959	Kawlgam sungah 2016 kum in lothangsan acre 189442 bang kiciing hi
e29668	zd:23729	a lim semsem nadingin lothangsan, lothangkang, siing
e29669	zd:25115	lothangsan leh lothangkang gim
e29670	zd:21136	Midang le nang kibang lothei
e29671	zd:16337	ih buaipih leh ih piangnopna kibang lothei
e29672	zd:19493	anuhding Body lotion khawngpeuh kipia in
e29673	zd:19330	lotion khatpeuh nuhinla, sutkhia in
e29674	zd:20968	ciamteh in lotngah hamtang in
e29675	zd:15253	Japan gamlam ah Missile thaupi khatvei lotphei leuleu
e29676	zd:16669	Hotel lamsang ah vankhat lotphei in
e29677	zd:17164	lei tungpanin vankhat lotsuk a
e29678	zd:17164	mawtaw tungpan in aki lotsuk hi
e29679	zd:22076	Australia gam ah Lottery Prize mi khat in tam a ngah
e29680	zd:17504	USA paitheih nading DV Lottery ngahcih kikhemna
e29681	zd:25937	loudspeaker tawh khuasung ah ki tangko kawikawi hi
e29682	zd:13151	loudspeaker panin khatin thu genkawmkawm in
e29683	zd:15054	US gamsung Texas leh Louisiana State sungteng ah
e29684	zd:14975	Texas State leh Louisiana State sungteng ah
e29685	zd:15805	1- Louisville Zomi te
e29686	zd:9217	Louisville ah kituah in
e29687	zd:17022	Innvai lovai gamvai nisim aa buaiden
e29688	zd:26097	Ama' innvai lovai teng avan ban ah
e29689	zd:25572	kakhan sung lovegift ngah ngeilo hi'ng
e29690	zd:19451	amawtaw te uh tawh hong vakpih a lovegift hong pia lailai
e29691	zd:14887	Pasian eitung lungkim lozaw dinghi
e29692	zd:17143	laimal khialhna te ki elkoko lozaw in
e29693	zd:14799	mawtaw kongkhak te hoihtak Lock lozong hiding
e29694	ts:4720	Khua ciah kik nuam lua ta ing
e29695	zd:25109	Khasiat huai lua takpi hi
e29696	zd:24119	Nu aw, kong ngai lua hi
e29697	zd:9452	ci ziau leng kikhial lua lawmlawm lo ding hi
e29698	zd:24978	hong lut ding lamethuai lua lawmlawm lo hi
e29699	zd:19676	ih nungta zo luading hi
e29700	zd:25275	Pasian analungkim luading kisapah theihi
e29701	zd:25734	Tapidaw gamh a luahsuk mawkmawkte hilo hi
e29702	zd:21657	Tua buaina khempeuh Elizabeth in a luahsuk
e29703	zd:25917	a Nu leh a Pa pan in go luahsuk mihau
e29704	zd:11283	Apa uh asih ciangin anaupa in apaza luahto hi
e29705	zd:21040	Ama kumpi za pen atapa Edward VI in hong luahto hi
e29706	zd:16035	lampi nuai ken mahmah aa, luahuai mahmah hi
e29707	zd:25569	gaal ih sak taktakte sang in, luahuai zaw thei mawk hi
e29708	ts:6741	PDF pawlin luahzo lai phot uh cih kiza hi
e29709	ts:11032	Paletwa khuapi pen SAC in luahzo hi zenzen leh
e29710	pk:26	luai-ah nau a sial hi
e29711	zd:24119	Ka Nu in hong puain luai ah hong sial hi
e29712	zd:24086	a ihmut laitakin luai ah sialin
e29713	zd:24411	Yangon ah innsap luailuai ding
e29714	zd:15894	a zui luailuai uh hi
e29715	zd:25768	imitkha ah khatvei luaisak kik in
e29716	ts:3160	a mitkha ah luaisak in musak zel hi
e29717	zd:20508	Tua naungek luaisung panin akiat ciangin
e29718	zd:19266	naknuih nakpau luakei in
e29719	zd:16442	Ahih hanglah hong nawngkaisak luakei uh
e29720	zd:17605	alung amgawp in, luakhiakik uh cihi
e29721	zd:11587	adah mahmahte zong dahhuai luakhollo hi
e29722	zd:14856	Electrical Wiring System pen khauhpai luakhollo hileh kilawm hi
e29723	zd:11020	gilnatna, sungpai-na le luakna te hong piang hi
e29724	zd:12541	luakna, sung nim na zong piang thei hi
e29725	zd:20433	lungam thei aa luaksuak thei hi
e29726	zd:19593	Nau paai sungin sungnim luaksuak, dipsatna leh sungkhak cihte hong om leh
e29727	zd:12279	NLD kumpi mawhpaih ding manlang lualai ahih man
e29728	zd:23266	Kum tawm lualai tacil naupaaite
e29729	zd:18927	Ahih hangin minthang lualo hi
e29730	zd:21180	cih pen kisam lualo thei hi
e29731	zd:24276	Ahizongin duh lualo ka hihmanin
e29732	zd:19803	tua naungek pen acisa in, lualua theizel hi
e29733	zd:16684	naungek tepen luatcihtak in lualua uh cimawk hi
e29734	zd:14648	Hihte nupa pen naupanglai luamahmah
e29735	zd:15890	Athupi luamahmah cihbangbel hisamkei
e29736	zd:11837	ahoihlam in mutheile uh nak lungkimhuai luamahmah hi
e29737	zd:9124	Misi luang pen kua hiam?
e29738	zd:15423	Hindu Biaknazui Misi luang 45 kimu
e29739	ts:6573	A kithat khempeuh luang 30 val pha
e29740	zd:25668	a khitui luanga a kah lai-in
e29741	zd:21273	A kitamzaan lungtang hangin khitui luanga
e29742	zd:13330	Alu liamgawp in si luanggawp ahih manin
e29743	zd:12717	nai 24 sungin thakhatthu in luanggawp ahih manin
e29744	zd:17154	hih misi luanghawmpen amukhia ahihi
e29745	zd:16788	Tua hong dinpih pen luangkhaam kici thei hi
e29746	zd:16788	luangkhaam na nei hiam
e29747	zd:8375	thungen uh aa luangkham ngam uh hi
e29748	zd:25414	Tua bang luangkham ngam dong itna
e29749	zd:15528	mawtaw i hawl bek zong luangkham mah hi
e29750	zd:16344	Nu te'n tate tungah luangkhamliang in a itna
e29751	zd:26495	luangkhamliang in Malaysia azinkhia Zomi te
e29752	zd:23129	Sialsawm ciangin vok luangkhat kigo ngiat ahi hi
e29753	zd:12188	Hospital Roof tungah misi luangkhat kimukhia a
e29754	zd:22557	lawngkhat in luangkhawm thei pan ding hi
e29755	zd:23022	I thu luangkhawm thei hi
e29756	zd:24714	ama thuneihna luangkheng aa
e29757	zd:16101	abil langnih paninzong si luangkhiagawp hi
e29758	zd:15385	asi tampitak luangkhiagawp in
e29759	zd:25312	Khengval in luanglet thei uh hi
e29760	zd:22369	Puah theih nawnloh zah a i luanglet ma in
e29761	zd:22592	political party ah luanglet lo a
e29762	zd:16340	Haksatna sungah kuhkalna tawh khitui luangliang mah-in
e29763	zd:13266	sisan naisan luangliang in
e29764	pk:26	luanglua, munphiah in kizang hi
e29765	zd:13133	saikhat ah uisa luangnih tabek zuaktheiding
e29766	zd:22142	misi luangnih kimukhia
e29767	zd:25265	ZBCA sungah luangphamna pen
e29768	zd:25789	lut zawh Ni phazah zui luangphamna Sum piakzah
e29769	zd:16321	ka khitui luangthei hi
e29770	zd:19526	akhitui uh luangthei hi
e29771	zd:20155	guahtui luanhun ciangin cimawh dongtuak kitamthei mahmah hi
e29772	zd:13039	Tulaitak Kawlgam ah guahtui luanhun
e29773	zd:22095	lungdamna luankhi nul kawmin
e29774	zd:15874	Zogam in luankhi tawh haibang hong ngak hi
e29775	zd:12033	luankhi gial bang kia ziah2 hi
e29776	zd:9445	Tui pen a luankhiat loh ciangin
e29777	zd:21097	leilak ah a luankhiat ciangin a mawkna suak hi
e29778	zd:21432	khatvei zong khitui luansak sawm nawn kei in
e29779	zd:24765	Tua pen tulai khuahun luanzia zong hong hita hi
e29780	zd:25863	Tua in guahtui luanzia manlohna ahi hi
e29781	zd:21252	leitung khuahun luanziate theihsiam telsiam sawm lel in
e29782	zd:23084	Tulai gamsung gamvai khuahun luanziate ih et tak ciangin
e29783	zd:14689	liamna huaisia luapi zong ngahlo cihi
e29784	zd:17917	meikatna tepen huaisia luapi hisamlo a
e29785	zd:14709	Traffic Green ahiphial zongin lungmuan luatding hilo hi
e29786	zd:16164	aliamna pen lunghimawh luatding omlo
e29787	zd:11352	Tray kuang 2 pan vanmanpha luatkhia uhhi
e29788	zd:14981	Jewellery Shop panin vanmanpha honkhat luatkhia ziahziah uh
e29789	zd:22758	Nisa in khua a lum luatleh
e29790	zd:21085	ki muhpih ding i ut luatloh
e29791	zd:22780	thusim luatloh ding hipah hi
e29792	zd:21079	kiteenna bawl luatluat pongmawk-in
e29793	zd:12341	ih huaiham luatman nahi mawk hi
e29794	zd:15600	I ki ukna ahoih loh luatman ahi hi
e29795	zd:15187	deihbawl luatuanlo uhhi
e29796	zd:12280	US atungkhinsa tezong lungnop huai luatuanlo hi
e29797	zd:21780	Judah mite in thei luazen uh hi
e29798	zd:21929	kum thak ni hi luazen hi
e29799	zd:25026	CRPH bek mah a lubawk pen dingin kigelh hi
e29800	zd:20823	lubawk kituh in buai sesu nawn kei
e29801	pk:136	tagah lubawk ding kigenkhol theilo ahih manin
e29802	zd:14930	tuate pen tagah lubawk kici hi
e29803	zd:20808	tagah lubawk bang in patau linglawng den uh hi
e29804	zd:20906	Lucifer pen vantungmite lak panin a lian pen ahi hi
e29805	zd:16012	Lucifer kici te ih za ngei kha ding hi
e29806	zd:21141	Cidam ludam, kong ngetna uh hi
e29807	zd:21421	Zangkong cidam ludam in katung hi
e29808	zd:24713	cidam ludamna leh nopna in
e29809	zd:22803	siavuan siamate in cidam ludamna ding vaiipuak hong nei uh ahihi
e29810	zd:21294	Bus Terminal sungah Luggage khat kaikawm in apailaitak in
e29811	zd:12040	anei omlo Luggage khat kimu hi
e29812	zd:22639	Ama gamtat luheek leh lungsim puak tungah a kinga hi
e29813	zd:17152	gamtat luheek kilam dang thei hi
e29814	zd:17152	I khut leh khe, I luheekdan cihbang
e29815	zd:24282	Agamtat luheekna ah paubanna a omlo mi
e29816	zd:17152	ei leh ei cidamna, gamtat luheekna ki etcing ding kisamta hi
e29817	zd:19900	Gamtat luhek bek hilo, pau le ham in
e29818	zd:17896	ih gamtat luhek zia ding ong hilh
e29819	zd:13354	A kimu thei gamtatna leh luhekna tawh
e29820	zd:12507	na gamtat, na luhekna peuhpeuh ah
e29821	zd:21434	A luhekzia, a khutvikzia, a khekoihzia te
e29822	zd:13195	Minister te ii gamtat luhekzia
e29823	ts:6842	Camp zong va luhkhia zo leuleu uh
e29824	zd:25094	galphual kipsate khawng luhkhia zo gawp lel ta uh hi
e29825	pk:57	Hua khedapte in, a lui ahi uh hi
e29826	zd:19111	A lui na te nusia in
e29827	zd:22477	Gentehna: PP laibu lui
e29828	zd:24311	Laibu lui-te bek
e29829	40.13.52	a thak leh a lui a lakhia thei
e29830	19.77.11	hun lui lai-a nangma na lamdangte
e29831	24.18.15	a tot ngei uh lampi lui zui nawn loin
e29832	47.3.14	thuciamna lui laibu a sim uh ciangin
e29833	zd:24481	Tonzang gam pan NLD tawh mekuang luiding lak ah
e29834	zd:12965	Lungdampihna ankuang luiding te
e29835	zd:21219	Meekuang luidingte in ong ngaihsun henla
e29836	zd:14914	Kawlgam Ayeyarwady luidungteng ah tuikhanggawp
e29837	zd:16421	Yangon River luidungteng ataikawikawi
e29838	zd:17992	luigal a tun lianleh
e29839	zd:19814	Sia JK Kam inn pan luigal lam ahih manin
e29840	zd:14301	luigei ah akikoih Truck mawtawpi khatzong
e29841	zd:14563	gamgiak mi nih in luigei-ah giahbuk a lam uh hi
e29842	zd:11409	thu pawlkhat kong luikhia nuam ni
e29843	zd:21455	mungtup tuam hong luikhia leuleu uhhi
e29844	zd:16580	hih thuthang hongki luikhia ahihi
e29845	zd:19719	Myanmar gamsung aom meileng tepen luilua mahmahta ahih manin
e29846	zd:15296	sual akibawl Concrete te luilua mahmahta
e29847	zd:17097	luiluata ahih manin aki phelkhiading
e29848	zd:17822	tepen luiluata, kumtamkhin luata hi
e29849	zd:17175	tepen pawlkhat luiluata, hoihtak kipuahlo ahih manin
e29850	pk:42	hoih maw, hoihlo, luimaw, thak cihte a hong telgen ciangin
e29851	zd:19805	Ih PM luipa pen zahtak ciatding hi a
e29852	zd:20078	a boss luipa en nuam nawn lo uh hi
e29853	zd:12717	luipang tengzong tuikhanggawp ahih manin
e29854	zd:20516	luipang kensia guamsia kawmah po nuam phadeuh hi
e29855	zd:15389	Klang River luisung ah awle khat ki galmuh
e29856	zd:22609	Boeing vanleng khat Florida luisung ah kiasuk
e29857	zd:12564	Tuuno khat luita khat ah tuidawn dingin hong pai
e29858	zd:25078	a luite bek na koih leh
e29859	zd:23129	dawi biak ngeina luite nusia in
e29860	zd:10955	president luite, senator te pawl in
e29861	zd:24276	lukhu, puanbansau cihte silh hamtang in
e29862	zd:16779	A lukhu suahkhia-in, a awm tungah koih a
e29863	pk:144	Innteekte adingin lukhungsa
e29864	zd:23616	a innkuanpihte mai ah lukun in ka thumkik hi
e29865	zd:20446	alim mai ah lukun ngilhngelh in
e29866	zd:22203	khua lum mahmah hi
e29867	zd:24276	tui lum tawh hel in
e29868	zd:23745	a vot thuak zoin a lum thuak zolo hi
e29869	11.1.1	a khua lum thei lo hi
e29870	21.4.11	mi nih lumkhawm leh khua lum hi
e29871	23.44.15	khua lum nadingin mei-in cih a
e29872	zd:20747	na muhnak leh that lum pahpah lel in
e29873	pk:90	Nitakin lumbaih inla zingsangin tho baih in
e29874	zd:17538	adang mi 2 tepen lumlai uh cihi
e29875	zd:16490	zato lumlai ci a
e29876	pk:172	Khuttung lumleh bang
e29877	zd:20295	thuneihna pen khuttung lumleh bangin
e29878	zd:20042	khut tung lumleh bang in kikhel baih
e29879	zd:14689	mawtaw pen ki lumletlian hi
e29880	zd:16063	hawkguam sungkhak ah kiasuk in, ki lumletlian hi
e29881	zd:13013	a kisapleh a lumletzo ding kisam hi
e29882	zd:20477	leitung lumletzo vilvel tawh kibang in ka mu hi
e29883	zd:23018	A lum ciangin lumlua, a vot ciangin votlua
e29884	zd:11236	Mun pawlkhat ah khua lumlua mahmah in
e29885	zd:14822	Khuahun lummahmah lailai in
e29886	zd:20518	khuahunpen tunidongmah lummahmah laihi
e29887	zd:19875	A tampen a lumna 35 vallo ding hi
e29888	zd:24276	pumpi a lumna khangpah a
e29889	zd:21557	pumpi a lumna 37C bang a phak ciangin
e29890	zd:20841	An nek khit phet in lumpah kei in
e29891	zd:20946	Nitak an nekkhit phetin lumpah lo ding hi
e29892	zd:20496	Zudawnna in pumpi ci leh sa hong lumsak ahih manin
e29893	zd:11167	Pumpi lumsak nadingin ahoih mahmahkhat hi
e29894	zd:19392	khuahunzong lumsak mahmah hi
e29895	zd:15307	anuai sualtung ah lumsuak in khuaphawklo hi
e29896	zd:20915	Lumut Road kici lamzikpi ii
e29897	zd:23529	luna, khuh, cisa cihte hi a
e29898	zd:9440	luna leh natna tuamtuam
e29899	zd:16038	Tua khitteh Lunch kine hi
e29900	zd:20814	Na ha te lung nekding dal hi
e29901	zd:17123	avengte innmai ah lungam in tuksuk hi
e29902	zd:19917	nupinu pen lungam in katukdek lianghi ci'n genkhia hi
e29903	zd:20433	lungam thei aa luaksuak thei hi
e29904	ts:3375	bang laimal zang suak ding cihah na lungbuai mahmah hi
e29905	zd:12103	lungbuai mahmah uh cih Reuters te'n genkhia hi
e29906	zd:22116	mi lak ah maizumna leh lungbuai den cihte
e29907	zd:25004	Topan lungnopna, lungdaihna hong pia den ta hen
e29908	zd:20125	mipite sungah lungdaihna om sak zaw hi
e29909	pk:2	Ih kimuh lungdam un
e29910	pk:39	Cingsan a lungdam hi
e29911	pk:110	nong sapna hangin, ka lungdam mahmah hi
e29912	zd:10957	Ka lungdam lua ngiat hi
e29913	zd:20818	Lamkhat panin lungdam huai hi
e29914	ts:3164	lungdam in angtang mahmah ing
e29915	1.30.13	numeite in kei a lungdam hong ci ding
e29916	1.30.13	Kei lungdam ing
e29917	11.4.20	amaute in ne-in dawnin lungdam uh hi
e29918	46.7.30	a lungdam lo mah bang ding uh hi
e29919	20.23.15	ka lungdam mahmah ding hi
e29920	19.34.2	gimna thuakte zasak un la lungdam uh hen
e29921	50.2.18	keimah tawh lungdam khawm un
e29922	45.12.12	Lawpin lungdam un
e29923	19.35.9	Topa tungah ka lungdam ding a
e29924	18.3.7	lungdam otna awging tua zanin ging nawn kei hen
e29925	zd:19210	lungdam, Pu Pau Za Mung
e29926	zd:17760	Lai nong simsak lungdam ing
e29927	zd:21703	ih lungdam kipak ding hun pen Christmas pawi ni ahi hi
e29928	zd:21918	Vanlam ensa in lungdam kipak tak in nakhut lamto in
e29929	pk:18	lungdambawl hun hong tungta hi
e29930	zd:25472	lungdambawl hong nai mahmah ta hi
e29931	zd:16506	lungdambawl ih cih pen
e29932	zd:26385	La khawng sa auau-in lungdambawl i dawn thei hi
e29933	zd:16956	Lungdambawlni ciang dong hih kilemna zoptoh suak ding
e29934	zd:18187	Topa tungah lungdamh i ko hi
e29935	zd:24464	Kuama lungdamh koh ngahlo ban-ah
e29936	zd:17419	kimanpahthei ahih manin lungdamhang ci'n genkhia hi
e29937	zd:23019	Pasian tungah lungdamko inla
e29938	zd:16253	kum 100 cinna hangin lungdamko ni
e29939	zd:22496	na Pasian tungah lungdamko theilo zenzen ding na hiam
e29940	zd:22159	Pasian tungah a lungdamkoh ding mangngilh hetlo hi
e29941	zd:19302	lungdamkoh khop hun ahihi
e29942	zd:12701	konghuhna pen nong lungdamkoh tangtang manin
e29943	47.9.12	Pasian’ tungah lungdamkoh nading zong
e29944	19.107.22	lungdamkoh piaknate pia-in
e29945	19.116.17	lungdamkoh biakpiakna nang tungah kong pia ding a
e29946	3.7.13	lungdamkoh nadingin thunuam-a ama biakpiakna tawh
e29947	zd:21551	Lungdamkoh Ni in i mipihte adingin thupha bawlna khat neikhawm ni
e29948	zd:16359	Kuate in hih Lungdamkoh Ni bawl
e29949	zd:21918	Sunglam lungdamlo in pualam lungdam theingiatlo hi
e29950	zd:19327	Satan lungdamna ah Pasian lungdamlo aa
e29951	zd:20652	zong lungdamlua in sakol hilhbangin gamta hi
e29952	zd:15298	alawmnu pen lungdamlua in kapdekliang hi
e29953	zd:20289	Naupangno khatin lungdamlua ung ci'n kapkawmsa in genkhia hi
e29954	zd:12214	lungdamna gospel thu tangko dingin tavuan hongpia hi
e29955	zd:21904	Tauleng khua ah lungdamna gospel thu tangko in kuanthei a
e29956	zd:11159	Zosiam mintawh lungdamna iko hi
e29957	zd:18252	tung ah ZoMWA pan lungdamna kiciamteh hi
e29958	zd:21170	zahtakna lianpi tawh lungdamna kiciamteh hi
e29959	zd:19090	ahih man in ZoMWA pan lungdamna kiciamteh hi
e29960	zd:19435	Amau teng tung ka lungdamna lian mahmah hi
e29961	zd:11159	ahih manin lungdamna lian mahmah hi
e29962	zd:25751	lungdamnathu tangko ding pen ih nasep lian pen ahi hi
e29963	zd:22544	galkapte tungah lungdamnathu gen veve hi
e29964	zd:25451	Pawlpite in lungdamnathu taktak awlmawh nawn lo lua ta uh hi
e29965	zd:20697	nuihsa, lungdamsa in sem leng
e29966	zd:21869	a lungdamsa in ka thoto ding hi
e29967	zd:19841	Lawm te tawh lungdamtak aa ki kholhkhop
e29968	zd:22282	lungdamtak in na haksatna te na zawhtheihna ding
e29969	zd:17685	Upna tawh khia in lungdamthu puak in
e29970	zd:24253	Pasian tungah lungdamthu bang a kikoh lawh phial ding hi
e29971	pk:2	Ih kituah lungdamun
e29972	zd:21948	Pasian kiangah na lungdeih teng sungkhia inla
e29973	zd:25020	mualmite lungdeih thute kipsakna bangmah nei hiau lo
e29974	zd:20037	ngakdimdem in lungduaitak in khawlsak uhhi
e29975	zd:20093	themcik na lungduaitak in na ngaksak lai un
e29976	zd:18142	A theihlohna te uh lungduaitak in ih makaih dinga
e29977	zd:21837	Na lunggelna pen a taktak hongsuak hi
e29978	zd:20479	eimau sunmang lunggelna bangin
e29979	zd:17152	lunggimlelh-natna a lauhuai hiam
e29980	zd:17152	Nasepna ah lunggimlelh natna a thuak nangkia na hi-kei hi
e29981	zd:25711	nute hehnepna mah lunggul veve lai
e29982	zd:19841	lunggulh a thak nisim in nei den in
e29983	zd:23086	Ka lunggulh den khat tangtung
e29984	zd:25678	ngaihsut kholh ding lunggulhhuai mahmah hi
e29985	zd:10726	a thulu tawm kikhel leh lunggulhhuai ka sa hi
e29986	zd:13338	Innkuan kigawmkhop nading lunggulhnatawh
e29987	zd:13178	sumzon paaizonna anuamzawding lunggulhnatawh
e29988	zd:11251	mawtaw neipa ii lunggulhpen liausum ngending hilozaw ahih manin
e29989	zd:20838	na lunggulhte kician leh tel mahmah in
e29990	zd:24230	lungput leh lunggulhte na genkhia ahihmanin
e29991	zd:12715	Doctor suahding lunggulhtek uh a
e29992	zd:20167	gampualam ah ki lunggulhtek cih kimuthei hi
e29993	zd:22923	Naupaai nupite lunghi mawh baih mahmah uh hi
e29994	zd:23896	Mite lunghi mawh hun in
e29995	pk:54	ahih lam lunghian om loin, i tel sinsen hi
e29996	zd:25256	lung nuam tawldam lunghianglo takin na pai in maw
e29997	zd:9232	ka lunghihmawhnate thei in
e29998	zd:21268	I lunghihmawhnate Topa' tungah ka koih
e29999	zd:15103	Public Safety pen lunghimawhhuai mahmah hi
