id	source	text
e35000	zd:12466	bang lunggulhna neihiam cih
e35001	zd:24244	mihing khat in bangtan thuneihna neihiam cihpen
e35002	zd:14720	laisim mipi te adingin bang ngimna neihiam
e35003	zd:23706	Sumlut na neihkei leh
e35004	zd:21097	Gel kholhna na neihkei leh
e35005	zd:23441	sum I neihkei leh I meltheih, I tanauta ki leitawi hi
e35006	pk:32	Hih cibang minte pen, neihkhawm min
e35007	pk:32	cih neihkhawm min I mu hi
e35008	zd:21876	a neihkhempeuh $50,000 pha zo nawnlo hi
e35009	zd:24116	US te neihkhempeuh sangin a zah 4 in tamzaw ding
e35010	pk:38	amau mahmah in khiatna picing neihkhin uh hi
e35011	zd:21529	Ngaihsutna kician na neihkhit ciangin
e35012	zd:23172	Pasian kammal tawh hanthotna ong neihkhit ciangin
e35013	zd:21989	ngaihsutna hoih na neihkhit ciangin
e35014	zd:14555	honpawi aki neihkhitzawh akipan
e35015	pk:32	Mite, Munte, Nate, neihkhop min pen
e35016	pk:32	Utong khempeuh neihkhop min ahih manin
e35017	pk:48	kuamah dangtawh neihkhop hilo
e35018	zd:25461	I neihkhop gal ahi hi
e35019	zd:21095	Zomi khempeuh in i neihkhop hi a
e35020	zd:23717	i neihkhop i Zolai Simbu kepsiam tek ni
e35021	pk:33	khua dangte tawh a neihkhop min hi lo hi
e35022	zd:23054	Neihkhup zong inn 13 kum 3 sung khawng mah na teng
e35023	zd:14577	neihkibang Same-sex Marriage kiphalta cimawk a
e35024	zd:19743	thusitna neihkikding in kamciam kipiasak hi
e35025	zd:14597	zi neihkikding akithawithawi cisawnsawn hi
e35026	zd:16640	kiginkholhna kician I neihkul hi
e35027	zd:8668	Democracy lungsim leh ngaihsut ih neihkul hi
e35028	zd:25174	Gamdangmi meltheih tampi neihlawh ban ah
e35029	zd:19244	Khris sungah nuntakna thak ka neihlawh ngiau hi
e35030	zd:23443	Dotna thupi na neihleh
e35031	zd:21099	Sum i neihleh hih nasepte sep nadingin
e35032	zd:21869	Ihmut theihlohna na neihleh lung himawh kei in
e35033	zd:24605	neihlehlam leh bank account zong akihel
e35034	zd:20670	neihlehlam leh piakkhiatnate zongh hong en thei
e35035	zd:14554	UNHCR card neih leh neihlo kisai lo
e35036	zd:20000	bangmah Safety vanzat neihlo
e35037	zd:25928	Sum tawhkisai gelna ih neihloh hang ahihi
e35038	zd:24381	Talent neih leh neihloh kilangh baih lel hi
e35039	zd:23770	Zawnna-Pilna neihlohna cyle sung ah a awkcip uh hi
e35040	zd:22262	Nasep neihlohna piciang zong sang mahmah-in
e35041	zd:20454	itna na neihlohna te
e35042	zd:23156	meeting neihma in agenda teng limtak kaikhawm in
e35043	zd:21159	Khensatna na neihma zuihding akisam thu
e35044	zd:20841	deihsakna na neihman a hihi
e35045	zd:20853	mawhna neihman hi cih ahi hi
e35046	zd:20202	Hihpen Kha i neihman hiaa
e35047	pk:65	hih bang kammalte pen, neihna lak
e35048	pk:59	cihte khempeuh pen neihna lak mintaang
e35049	pk:45	Tua bang neihsa genna kammalte pen, neihna lak pianzia
e35050	zd:20917	na neihnailoh nakhat deih na hihman
e35051	zd:26658	ei mite in tutan i neihnailoh pen
e35052	zd:20932	ngaihsutna hoih na neihnak leh na deihna na ngah ding hi
e35053	pk:60	neihnalak mintaang gelhzia
e35054	zd:23171	ih neihngei sa mah bangin
e35055	zd:23205	I neihngeisa mah bang in Zomi League kimawlna
e35056	zd:15859	a neihngeisa uh ngeina damdam in
e35057	pk:124	pai kawikawi-in, thu kikupna neihpih hi
e35058	zd:14734	apawlte samkhawmin kimuh khopna neihpih hi
e35059	zd:22159	A mipihte mahmah zong biakpiakna neihpih a
e35060	zd:11107	galvanleng leisawm in abawlnading vai kihona neihpih
e35061	zd:14826	thungetna hong neihpihin ki lungdam mahmah hi
e35062	zd:12822	thapiakna leh thungetna hong neihpihin tha kingah mahmah hi
e35063	pk:94	neihsa lak, tanglak ki ci hi
e35064	zd:22941	neihsa lamsa kicing takin nei zihziah lel hi
e35065	zd:8667	A omna inn sung ah neihsa lamsa khang hi
e35066	zd:17426	neihsa lamsa bangmah neilosa
e35067	zd:20033	kipat thungetna hong neihsak hi
e35068	zd:10743	thapiakna le Topa tung apna hong neihsak hi
e35069	zd:12996	Doctors te'n sitcianna neihsak uh a
e35070	zd:11382	ama adingin anunungpen thungetna neihsakding in kithawi uhhi
e35071	zd:17479	Shah Alam Hospital ah hoihtak sitcianna neihsakding
e35072	zd:15517	Facebook te neihsamah ahi Instagram kilimzat semsem
e35073	zd:13077	Lawm Hoih neihsawm in
e35074	zd:10783	Space Mission 30 vei neihsawm
e35075	zd:23985	maisak zawhna neihsawm den in
e35076	zd:12571	neihsunsun tawh etlawmtak in kizemthei uhhi
e35077	zd:25919	na neihsunsun hoihtak in na kepbit siamding kisam hi
e35078	zd:24733	Ih neihsunsun, ih gamleitangh nangawn
e35079	zd:20263	Meeting bawlkhawm in kikupkhopna neihtheihding zong ki vaihawmding hi
e35080	zd:16259	numeite bek ii neihtheihding kisakha pahpah theihi
e35081	ts:3369	Nau hong neihtuak ciangun khat numei, khat pasal hong hi-a
e35082	zd:11378	pilna zong sangpi neihtuak hi
e35083	pk:33	Tedim pen neihtuam min
e35084	pk:34	neihtuam min i gelh simin a kipatna pen
e35085	zd:21876	Nang ii neihloh a neihuh vangliatna dang om tuanlo hi
e35086	zd:19402	Ka pasal neihzawh kum 8 pha ta hi
e35087	zd:12341	Lai ih neihzawh kumza cingkhin mah leh
e35088	zd:12187	ei leh ei kimuanna neihzawhna dingin
e35089	zd:22935	Blood bank neihzawhna ding
e35090	pk:100	A Khiatna neihzia Bulphuhna
e35091	ts:3375	Nuntakna thak neiin, ngaihsutna thak tawh
e35092	zd:9429	Sum le pai tampi neiin
e35093	zd:23989	a hang neiin ci zel uh hi
e35094	zd:11932	thunei te'n sitcianna neikawikawi cih kiza hi
e35095	zd:16698	Jerusalem vai hangin lungphona neikawikawi uhhi
e35096	zd:19603	sum neikei ung
e35097	zd:15584	Khut neikei mahleh Laibu 2 gelhkhin a
e35098	zd:25924	Hun neikeng cihpen zuau bekbek hi aa
e35099	zd:20892	Siamna kician neikeng nacihleh
e35100	zd:16337	Ngimna kician bangmah neikeng
e35101	zd:25474	Tua zah a vang neikhat hi
e35102	zd:23977	lungsimtawh kisai pilna neikhat in gen hi
e35103	zd:18033	Press Conference ah gencianna neikhia hi
e35104	zd:15782	hanthotna zong neikhia hi
e35105	zd:21853	tapasal kua leh tanumei thum hong neikhia hi
e35106	zd:19674	tangkona neikhiata hi
e35107	zd:12409	ta 3 neikhinsa ahihi
e35108	zd:11333	ta 2 neikhinsa khat ahihi
e35109	zd:19602	kumpipa maiah kiciamna neikhinta hi
e35110	zd:22107	bawlding geelna neikhinta uhhi
e35111	zd:20095	1 Billion valbang neikhinta uhhi
e35112	zd:16245	A gualzote in geelna neikhol uh a
e35113	zd:19676	lai tansang, pilna neikhol lo napi-in
e35114	zd:13220	pulakna neikikding uh cihi
e35115	zd:13169	vanleng hoihtak sitcianna neikikding uh cih kiza hi
e35116	zd:17609	zingciang in thudotna ki neikikding cihi
e35117	zd:11635	letmat thuhna neikikkhin cih BBC News pan kiza hi
e35118	zd:19932	mipi tungah thuumna neikikkhin uhhi
e35119	zd:19367	hih meikatna tawh kisai in hoihtak kancianna neilaiding uhhi
e35120	zd:13226	kalnihsung hoihtak in sitcianna neilaiding uhhi
e35121	zd:21003	Zomite sum nengcik neileh
e35122	zd:20170	kibatpian nakhat neileh kilawm hi
e35123	zd:24502	Pilna neileng, kanu leh kapa, tu a bangin gimlo ding
e35124	zd:24480	Ei mun ei gam ciatah thu neileng
e35125	zd:12187	ngimna tupna kician neiloh manin
e35126	zd:22586	ih neiloh hong phamawh leuleu hi
e35127	zd:17988	poina hemna bangmah neiloin a hoih sitset hi ing
e35128	zd:23148	nialna lah neiloin na hici koih thei hi
e35129	zd:22922	Cihtakna a neilopa sangin
e35130	zd:22415	kimanna neilopa in mu uh hi
e35131	zd:14881	Driving Licence neilopi in ahawl cimawk hi
e35132	zd:12534	Permit neilopi in nasep kipan uh a
e35133	zd:24673	Muhkholhna neilopi in makai a semte
e35134	zd:12792	Malaysia gamsung ah biakna in thu neimahmah
e35135	zd:11821	galkap kumpi in thu neimahmah ahih manin
e35136	zd:22742	Ngimna kiciankhat neimasa lecin
e35137	zd:11138	kimuhkhopna Ceremony khat neimasa uh a
e35138	zd:16976	Hih Zawhngeu pen maitang 2 neimawk ahih manin
e35139	zd:18077	azi in tanumei khat neimawk ahih manin
e35140	zd:17945	bangmah nasep kician neimello khat hihtuak hi
e35141	zd:23784	Eite pen upna neimi ihi
e35142	zd:24276	natna a neimi aa dingin lauhuai hi
e35143	zd:20428	meikhu kithuah in khuto neinai hi
e35144	zd:20641	vandawn ah khuto neinai hi
e35145	zd:16332	Pasal neinailo ahih manin
e35146	zd:12985	ahi zongin bangmah genkhiatna neinailo uhhi
e35147	zd:20717	akician in genkhiatna neinailo uhhi
e35148	zd:15724	nangtung ah muanna kong neinawn kei hi
e35149	zd:19783	nuntak ngamna a neinawn lo teng
e35150	zd:18012	inn 150 meikangtum, mi 890 inn neinawnlo
e35151	zd:16302	lawmngaih neingei nailo
e35152	zd:15374	kumpi galtak tetawhzong buaina neingei cihi
e35153	zd:15554	Abeisa in bangmah gitloh gamtatna Criminal History neingeilo cihi
e35154	zd:21989	tuabang inn ngaihsut in zongh neingeilo hi
e35155	zd:25919	amau kimuan ngamna neingiat uhhi
e35156	zd:17262	Retail Store saizong neingiat in azuak uh
e35157	zd:12932	Kamkupna neinuam ka hih manun
e35158	zd:20428	bangmah genkhiatna neinuam nailo uhhi
e35159	zd:12007	bangmah pulakkhiatna neinuamlo uh cih kiza hi
e35160	zd:12002	Reporters te tungah gencianna neinuamlo hi
e35161	zd:18248	Tua naupang khe 3 neipen
e35162	zd:14728	Hih account neipen in
e35163	zd:23653	Japan te in kikhal na neipha mahmah uh hi
e35164	zd:16600	thusitna hoihtak neipha uhhi
e35165	pk:133	Thusia thupha ah, tavuan neipi pen ahi hi
e35166	zd:16038	Ziing lam kikhopna leh thusinna neipih hi
e35167	zd:10880	kizopna neipih kik hi
e35168	zd:14652	mikim in Phone neisam ahih manin
e35169	zd:15118	Visit Pass neisam uh a, ahi zongin
e35170	zd:17081	Zogam khang lamah Neisok pakte tawh zu bawl uh hi
e35171	zd:17162	Neisok atuam Ngeisok atuam hi
e35172	ts:4831	America ah salin neisuak uhhi
e35173	zd:23910	teng 600 man a neisuak hi
e35174	zd:15190	nasiatak in kikupna neitading uhhi
e35175	zd:19583	Prime Minister thak dingin kiciamna neitading cih Bernama pan kiza hi
e35176	zd:23074	khiatna neitak aa min tampite na kiphuak hi
e35177	zd:17070	man neitak in nuntak theih dingin
e35178	pk:124	phawkna ni, neitek uh hi
e35179	zd:24464	Na khempeuh in hun neitek mahhi
e35180	zd:19316	nuntakna nei khempeuh in hun neitek uhhi
e35181	zd:18213	Sum neiten Tedim ah resturant Ansaipi khat hong bawl thei
e35182	zd:22691	Moh neiten amoh uh hong lakhia in
e35183	zd:19520	gamsung bit nading thu neiten nalimsep mahmah ahih manin
e35184	zd:19953	kumpi in UNHCR status neiteng suakta takin omkhuan hong pia hi
e35185	zd:22444	inn neiteng in, ih inn tung khuhna sikkang te athak laih
e35186	zd:20553	Deih peuhpeuh a neithei i hihi
e35187	zd:12567	2013 kumciangin tanu khat neithei uhhi
e35188	zd:20657	a khanding zah aa khang napi gah a neitheilo om hi
e35189	zd:14957	mihonpi ki kaihkhopna neitheilo uhhi
e35190	zd:23703	kum takciangin naupang 773 hong neito hi
e35191	zd:22981	Ahunhun in mipi' lungphona ki neito zel hi
e35192	pk:38	a nih in khiatna cingtak neituak uh hi
e35193	zd:13218	anih un mawhpuak neituak uhhi
e35194	zd:21369	Christian upna neituak ihih man in
e35195	pk:56	a dang kammal i neituam tuan kei hi
e35196	zd:24257	A neituam kuamah omlo hi hang
e35197	zd:13110	lungnopna tampi neituam uhhi
e35198	zd:13102	genkhiat kician neituan nailo uhhi
e35199	zd:20932	nang neih a hilo hatna le vangliatna neituanlo uh hi
e35200	zd:18040	ngaihsut tawm theihna neituanlo ding uhhi
e35201	zd:20162	pilna tampi neiuh hi
e35202	zd:21282	nasep tawh kisai dotnop na neiuh leh
e35203	zd:11619	Khut leh khe neivetlo in asuak
e35204	zd:11360	hehpihna lungsim neivetlo in
e35205	zd:14792	kidalkholhna bangmah neivetlo uh ahih manin lauhuai mahmah hi
e35206	zd:21155	innkuan annekkhop hun neizel ding hi
e35207	zd:25680	lasakna le neekkhawm neizel uh hi
e35208	zd:15772	minam vai thu kizakna ki neizel hi
e35209	zd:18104	pawlkhat te omnading neizolo
e35210	zd:24604	gam kician ihneih keileh biakna kician neizolo in
e35211	zd:21989	Tua mi neihbang neizolo dingin
e35212	zd:24276	mehtehmehgah tuamtuamte nekden ding kisam hi
e35213	zd:21298	mehgah tuamtuam te nekden ding kisam hi
e35214	zd:11617	nekding neilo in asi himawh uhhi
e35215	zd:17632	Khuahun pen vot mahmah in, nekding omlo
e35216	ts:3375	Bawng pen a nawi nekdingin kikhawi a
e35217	zd:12869	delhpah in nekdingin bawhpheipah uhhi
e35218	zd:18104	nekdingzong neilo in, Biscuit khawngpeuh ne in
e35219	zd:15387	bawngte nekdingzong phaltuanlo hi
e35220	zd:22775	nekei leng bel hoihpen hi
e35221	zd:11508	kaduhtha suaklo ahih manin ka nekei hi
e35222	zd:24574	nekguk ding khawng ngaihsut in neilo hi
e35223	zd:25919	nekguk leh vankham asemte bek ahau ding dan
e35224	zd:17291	Hih nekgukna dona ah ong kihel nuam khempeuh
e35225	zd:11145	kumpi in nekgukna tawh kisai thukham thak abawl zukkik
e35226	zd:22019	Cikhum tawmtawm a nekhangin lauhuai tuanlo hi
e35227	zd:24276	hithei leh nekhetloh ding kisam hi
e35228	zd:17538	innkuan khatin ngasa nekhial in innkuanbup mi 3 in sihlawh
e35229	zd:17974	mi 76 te'n an nekhial
e35230	zd:24276	Tua te nekhuai nawnlo hi
e35231	zd:21284	A damna ding a nekhuai ante
e35232	zd:19875	nupi naupaii te in nekhuai mahmah hi
e35233	zd:22019	nekhun manman in nekzawh ding hanciam ding hi
e35234	zd:20946	sun an nekhun nai 5 val a kihalloh ding hoih hi
e35235	zd:20755	nekkhialh leh buaina piangsak hi
e35236	zd:17974	Tuabang in an nekkhialh nei in
e35237	zd:22282	nekkhop a mu ciamciam mi khat om hi
e35238	zd:25115	i hau kei zongin i nekkhop kimu ding hi
e35239	zd:11949	aksa leh aktui te nekkik ngamhuai ta
e35240	zd:24276	An nek kik zelzul na, nekkik pahpahna
e35241	zd:24276	nekledawnte siangthosak ding
e35242	ts:3125	nekledawnte cidamna tawh kituakin neksiam ding thupi mahmah a
e35243	zd:22740	hoih tak i nekleh cidam nading
e35244	zd:23037	nekleh taak silh leh teen
e35245	zd:16737	silh leh ten neklehdawn tawh ka buainawn kei hi
e35246	zd:11269	Senkumthak Lunar New Year akipan neklehdawn khiamgawp hi
e35247	zd:20254	Malaysia gamsung ah neklohding ngabung nam 6 ki tangkokhia leuleu
e35248	zd:15237	kunza neklohding Public Campaign kipansakpah hi
e35249	zd:11508	tua suangtum leisek te neklohding hong genpihden hi
e35250	zd:21876	Zing an a nekma in
e35251	zd:14790	nakhat peuh nekma in khut satpiang tawh
e35252	zd:21510	Duh bang peuh neknek manin
e35253	zd:22650	Zogam sunga i neknek ciktui te
e35254	zd:24653	Na ann neknek zong Politics sem mah nahi hi aa
e35255	zd:26708	Zin leh leng midangte nekngaih ding thupi ahihna
e35256	zd:22021	Mipicing in mite nekngaih a
e35257	zd:25433	ka neknop dan tek uh hong dong hi
e35258	zd:19856	agah neknop pen mi ginalo, mi gilo ahi hi
e35259	zd:15604	neknopna lungsim thakhatthu in hong suakkhiavat in
e35260	zd:20946	nekpak theihlohna khat a om leh
e35261	zd:11508	Hihbangdan te nekpen hoihlo hi
e35262	zd:19327	Vokthau nekpen lauh huai mahmah zel hi
e35263	zd:21954	nitak an anekkhit ciangin lenggah neksawm a
e35264	zd:23204	a lim ding sa in neksawm teitei
e35265	zd:21105	state budget teng neksim kituhin
e35266	zd:20676	Sum RM42 Million neksim vaitawh
e35267	zd:19801	sum neksimna vaitawh kisaipen 2015 kumpekpan akipankhia ahihi
e35268	zd:19671	kumpi neihsa neksimna hangin
e35269	zd:20367	Sum golhguk neksimvai tawh Malaysia gammakai
e35270	zd:20676	pen sum golhguk neksimvai
e35271	zd:12728	nektawmding neilo in avakvak hilo a
e35272	zd:14638	adiakdiak in nektawmding an leh tui tawh ahuh uh kici hi
e35273	zd:15054	tui leh nektawmding Emergency Supplies cihte zong kiging ngeingai uhhi
e35274	zd:24375	tui leh nektheih tuamtuam zong puak ong kisam
e35275	zd:22658	van te leh nektheih khempeuh la uh hi
e35276	zd:21259	nektheih leh vanzat tuamtuam
e35277	zd:19355	Zogam ahzong lungno tuamtuam nektheihding in bawltheileng
e35278	zd:14606	Nidanglai in naupang te nektheihding in
e35279	zd:19859	duhlo pipi nektheihna kisin leng
e35280	zd:16696	guaktangbek in aki nektheihna ansai khat kihongthak
e35281	zd:21032	Anhuan zia le nekzia ding
e35282	zd:19676	An nekzia, tui dawnzia
e35283	zd:25139	Hih pen i nekzonna ah thumanna hi
e35284	zd:24160	i nekzonna hong kidang hi
e35285	zd:19427	nekzonna haksatna, cidamnang haksatna
e35286	zd:24356	a dangte nelhsiah pen hoih tuan lo hi
e35287	zd:16640	Khangthakte in khangluite khuamuhna nelhsiah dingin ngaihsun lo uh hi
e35288	zd:16844	Midang te-in hong nelhsiah maa-in
e35289	zd:20202	a hangsan mahmah humpi nelkai te
e35290	zd:20016	ahawk thei humpi nelkai bangin
e35291	zd:15681	Doctor lukhu nelkai bekbek 23 ngah hi
e35292	zd:20647	An nelo in na kisemzolo hi
e35293	zd:21032	Zomite in an tam nelua mahmah hi hang
e35294	zd:22818	Golhguk ki nelua acih na hi
e35295	zd:17694	nelvang thagui ahatlo
e35296	zd:18876	nelvang sung vankham hento in apuasim mi 3 kiman
e35297	zd:20782	kilaih kik nemnuam thei nawnlo hi
e35298	zd:21013	lei khial nemnum cih bang om lo hi
e35299	zd:17634	hi nemnum maw cih te
e35300	zd:21502	Na lungsim nemsak inla Pilna hong zong dih in
e35301	zd:19174	Ih lungsim te nemsak in daisak ni
e35302	zd:21673	tungah na aw nemsak den in
e35303	zd:22129	gulpi ataikhia theilodingin nencip masa hi
e35304	zd:22688	mawtaw sungah atutna tawh aki nencip te ki hemkhia
e35305	zd:21164	Trailer mawtawpi in nencip in, meikuanggawp hi
e35306	zd:19379	a neng a tawngin telgen kik uh hi
e35307	zd:16227	a neng a tawngin gensiang lo uh a
e35308	zd:16803	nengcik khat zong awlmawhlo hi
e35309	ts:10275	kizopna nengcik zong a neilo khua
e35310	zd:20952	puansia nengkai silh pasalno khat
e35311	zd:20172	zun baang nengnang thei hi
e35312	zd:25433	puansia akeek nengnang tawh
e35313	zd:14899	buaina nengneng kiza zeuhzeuh hi
e35314	zd:15902	haksatna nengneng tampi om ding hi
e35315	zd:22802	Zat daan kilamdanna nengneng bel om mah hi
e35316	zd:24072	Thu nengnengte hangin kiselsel, kiphunphun kei un
e35317	zd:23367	A kisam diakte lenkip masa in, adang nengnengte pen
e35318	zd:15505	Tua Social vai nengnengte atuam cini
e35319	zd:22588	thu nengno khat peuh hangin
e35320	zd:15784	mipi ading phattuamna nengno khat om teitei dingin ka lamen hi
e35321	zd:17152	Nasep nengno khat nangawn
e35322	zd:17591	athem nennen in kithehzak zihziah hi
e35323	zd:24124	thu nennen alung khamhuai natam mahmah mawk hi
e35324	zd:12277	sehnel leh singmuat nenthem tawh kidimcip cihi
e35325	zd:17265	tua inn kicim nenthem kawmlak ah
e35326	zd:20755	zatang tampi nekkhat in nepah tuan kei in
e35327	zd:21961	mipi mai ah nepah zetzet hi
e35328	zd:22034	a duh peuhpeuh nepahpah lo-in
e35329	zd:18099	Nepal gamah mi 71 atuanna vanlengkhat kia
e35330	zd:15501	Nepal gam lam pan ahihi
e35331	zd:12190	Tuakhit ciangin Bangladesh, India, Nepal cihbang ahihi
e35332	zd:10698	Nepalese newspaper My Republica-te kiangah
e35333	pk:46	sia nepnap
e35334	zd:15943	antak zong hoihtakin netheilo ahih manin
e35335	zd:22429	A mau le a mau an a netheilo te
e35336	ts:2445	Norway pen Netherland leh Denmark zomah
e35337	zd:17860	Holland, Netherland leh Sweden pan-inzong
e35338	zd:19355	Netherlands gamsung ah kipiangsak in
e35339	zd:16078	Italy leh Netherlands gamte-ah na minthang khin hi
e35340	zd:19981	Netherlands gampan in Spain gam zuanin
e35341	zd:21294	Malaysian Netizen lakah kithehzakpah zihziah hi
e35342	zd:21878	Malaysia Netizen sungteng ah ki thehzakpah zihziah hi
e35343	zd:14597	Chinese Netizens te hehmahmah uhhi
e35344	zd:20490	Malaysia Netizens te tungtawn in Social Media tuamtuam ah
e35345	pk:72	Ka neu tunga kipanin
e35346	zd:24574	Saiha pan jeep neu khat tawh kipai hi
e35347	zd:9223	A neu lai-in zawng mahmah uh hi
e35348	zd:23830	Covid-19 tawh tehna in neu mahmah hi
e35349	5.25.14	a lian leh a neu
e35350	12.4.10	inndei neu khat bawlin
e35351	20.30.24	A neu mahmah ganhing nam li leitungah om a
e35352	19.119.141	Kei ka neu a, hong kisimmawh hi
e35353	9.2.19	puantual neu khat bawlin
e35354	zd:24224	Midangte zong enneu in neubawl kei ni
e35355	zd:13028	midang ciamnuihbawl, zahpih, neubawl cihte
e35356	ts:1278	vaipuak a dawn lam a lente neubawl kha lo ding
e35357	zd:24030	Tua room neukha sung panin
e35358	zd:23386	Na neukha khat peuh nasep teh
e35359	zd:21829	puanzuakna sai neukhat hong kipan leuleu hi
e35360	zd:14897	honpawi ah laibu neukhat kibawl hi
e35361	zd:21843	Innkhaan neukhat sungah
e35362	zd:23888	ka neulaipek pan hong it mahmah ing
e35363	zd:21155	a neulaipek mah pan in
e35364	zd:21869	Ka lawmpa inn pen a neumahmah hangin
e35365	zd:26958	Mi khat na neumuh ma-in ahang kan masa in
e35366	zd:11891	i Zolai neumuh kha mawkmawk kei ni
e35367	zd:21224	a ginalo mite va neumuh kha kei in
e35368	zd:24155	Minam dangte neumuhna akinei ciat mah ahi hi
e35369	zd:20200	nang leh nang ki neumuhna hong piangsak dinga
e35370	zd:20755	Zatang tangkhat neu e ci in neungaihsut kei in
e35371	zd:15274	ih neungaihsut leh tangzang ngaihsut lohding
e35372	zd:22639	Zomite neuseek in Kawl akici peuh upat bawl ding
e35373	zd:17860	UNHCR buppi' aiawh hi-in, neuseek tuanken
e35374	zd:24058	ei ading bek in ih neusek leuleu hi
e35375	zd:22356	Amau leh amau ki neusek in minam dangte
e35376	zd:20716	thusimlohna tawh a neusek zong om kha thei leuleu uh hi
e35377	zd:9247	A neutunga kipanin lasiam khatmah ahi a
e35378	zd:21991	Naupang khatin a neutunga kipanin
e35379	zd:24747	Arizona leh Nevada te ah zong
e35380	zd:25610	Nevada, Hawaii, Washington state leh Oregon te ah
e35381	zd:15805	7- Newbern Zomi te
e35382	zd:19858	News tuam tuam ah zong suaksak a
e35383	ts:10662	CNN News in pulakkhia hi
e35384	zd:19476	NHK News te genkhiatna ah
e35385	zd:10892	Zolai tawh kalsim in Newsletter neiden uhhi
e35386	zd:16035	ZIUSA Newsletter a kisuak sak
e35387	zd:9262	Newspaper pan-a ki-eukhia ahi hi
e35388	zd:13343	Sin Chew kici Newspaper tetawh Interview abawlna ah
e35389	zd:20252	The Capital akici Newspaper pen Annapolis City sungah
e35390	zd:11087	Nikolai Antoshkin in RIA newste kiangah ci hi
e35391	zd:10943	ci-in AP newste kiangah gen uh hi
e35392	zd:17750	Connecticut, Newtown khuasung aom Sandy Hook Elementary School ah
e35393	zd:21339	Hongkong, Japan, Newzealand, Afghanistan, Australia
e35394	zd:19875	Beetroot a nezel mikhat pen
e35395	zd:25918	an nezolo in a thabei in
e35396	zd:14772	nitampitak an nezolo
e35397	pk:173	Tui leh nga bang
e35398	42.24.42	nga emsa tum khat a pia uh hi
e35399	40.4.18	ngen tawh nga khuhin a om a mu hi
e35400	40.13.48	nga a hoihte teelin bawm sungah a guang uh hi
e35401	zd:25845	Na lu tungah khut nga in thupha hong pia
e35402	zd:16565	Thumanna ah ki nga in diktatna tawh thukhen hi
e35403	zd:17249	koi ah ka gihna nga ding ka hia
e35404	zd:15245	nga gul namkhat hiding ci uhhi
e35405	zd:23754	kialpi in hong ngaak veve hi
e35406	zd:21117	ngaattakin a kham man ahi hi
e35407	ts:3369	Nikhat misi khuate'n ngabet hong sawm uh a
e35408	zd:13039	Tuipi sungah ngabet tawh akivak
e35409	zd:20234	China panin Malaysia gamsung akipuak ngabung sungah lungno kihel
e35410	zd:24673	Pasian sapna ngaha makai sem na hiam
e35411	zd:19139	lungkiatna pan lungkhauhna ngaha a gualzo mi tampi i za ngei hi
e35412	zd:14519	lungtang natna ki ngahbaih thei
e35413	zd:22203	Volunteer a semsa te in nasep ngahbaih pah uhhi
e35414	zd:21869	Natna khat peuhpeuh i ngahciangin
e35415	zd:11117	Tuabangin laikhak aki ngahciangin
e35416	zd:17551	liamna pawlkhat ngahciat uh a
e35417	zd:21815	panmun zui-in hamphatna ngahciat uh hi
e35418	pk:126	Kawlgam in suahtakna ih ngahciil 1949 kum a
e35419	zd:19624	sawlna ngahdan atuamtuam hikhading a
e35420	zd:15264	Tulai leitung thusuak ngahdan
e35421	zd:11117	Parliament sungah laikhak tuamtuam ki ngahden hi
e35422	zd:12166	thathak ngahden nuntakna
e35423	zd:24276	damna na ngahding hi
e35424	zd:17437	tua inn leh lo kua in ngahding
e35425	zd:18189	Hydro Power ngahding vaihawmna om
e35426	zd:12302	sangnaupang te ngahdingbek in kipia a
e35427	zd:13020	akhatna maw anihna maw ngahdingin lametna kinei hi
e35428	zd:16031	Zomi Innkuan makaite ngahdingin ong kikhak tading hi
e35429	zd:19648	Coffee dawndawn te Skin Cancer natna ngahhak ci
e35430	zd:12244	Episode khat akizaih ciangin $58,000 sumlut ngahhi
e35431	zd:11566	amahpen silo liamna ngahhi
e35432	zd:21876	Koipan a ngahhiam cih a theihloh sepngamna
e35433	zd:16259	pasal te banghangin Breast Cancer ngahhiam cihpen
e35434	zd:14767	Award ngah zong, ngahkei zong
e35435	zd:19677	tunai in Green Card na ngahkha hiam
e35436	zd:13117	natna atuamdiak khat ngahkha in
e35437	zd:20841	zongsatna hoihlo khat ngahkha thei hi
e35438	zd:16259	pasal tezong Breast Cancer ngahkhakding kidop huai
e35439	zd:14928	kum 23 aphakhin numei khatin akhatna ngahkhia hi
e35440	zd:11244	Mikang kumpi tung panin suahtakna ngahkhia hi
e35441	ts:4309	Thau nam tuamtuam lawng 55, zong ngahkhia zo uh hi
e35442	zd:11076	kumpi tung pan ngahkhiat nadingin
e35443	ts:5309	SAC Camp a ngahkhiat kuan dong
e35444	zd:11504	Kawlgamsung muntuamtuam ahzong ki ngahkhinta hi
e35445	zd:15435	Aki ngetsakzah sangin atamzawtham ngahkhinta a
e35446	zd:16998	sum RM1500 ki ngahkikthei hi
e35447	zd:12190	5% panin 10% khawngbek ki ngahkikthei cihi
e35448	zd:12712	Atate a ngahkiktheih nadingin
e35449	zd:15471	amanlang in aki ngahkiktheih nading
e35450	zd:26092	Khuahun hong hoih dingkal ih ngahlah mahmah
e35451	zd:24030	bei hun ding i ngahlah peuhmah hi
e35452	zd:23902	Minphatna na ngahleh ki-angtang sak lua lei in
e35453	zd:24276	natna dang ngahleh thuakzolo phadeuh uh hi
e35454	zd:11548	Tui leh mei pen deih bangin ngahlo uh hi
e35455	zd:20979	Degree ngahlo in tawpsak peuhmahkei in
e35456	zd:16061	Pulau Tikus cihteng ah tui ngahloding cihi
e35457	zd:12355	naupangno huihsiangtho hoihtak ngahloding cih thei uh ahih manin
e35458	zd:23873	natna na ngahloh nadingin kidawm kikem in
e35459	zd:24082	natna ngahloh na ding kidal kholhna thupi mahmah hi
e35460	zd:16331	Ngah leh ngahloh tawh kisailo
e35461	zd:21461	Thunget ngahlohna ahang
e35462	zd:22586	Ih ngahlohna ahang pen
e35463	zd:23494	hong sap ciang contact ngahloin om leng
e35464	zd:22827	amau hun ngahlua uh ahih manin
e35465	zd:19991	Night Club sungah tha ngahlua in
e35466	zd:21608	A zuak kik te in sum tawmkhat ngahmah ding hi
e35467	zd:19239	a vekpi in ngahmah leh zong MP 6- ding ahi hi
e35468	zd:24276	Cisa natna a ngahmi in an duhlo hi
e35469	zd:20997	hamsiatna a ngahmi tungah
e35470	zd:11314	Sum ngahnading ahih nakleh
e35471	zd:15431	Mawtaw Parking ngahnading in
e35472	zd:11416	ngahnai lo cihna ahihi
e35473	zd:12867	Degree ngahnai lo
e35474	zd:13190	E-card a ngahnailo te kuamah na lunghimawh kei un
e35475	zd:12142	Report pen ngahnailo ahih manin
e35476	ts:838	thapiakna leh panpihna a ngahnate thupi kisa mahmah uh hi
e35477	zd:22774	Zomite ading kisam Budget tampi ngahnate
e35478	zd:17645	inn 600 val ahzong Electric Power ngahnawnlo uhhi
e35479	zd:14301	Electric Power zong khua pawlkhat ah ki ngahnawnlo
e35480	zd:11348	Myanmar Academy a ngahngei Actor khat
e35481	zd:21876	Pasal te itna a ngahngeilo numei khat om hi
e35482	zd:22116	tai kidemna ah a khatna ngahngeilo ding hi
e35483	zd:21989	lungnop nading a ngahnuam pong bek hilel hi
e35484	zd:11943	Hamphatna aomcianglah ngahnuam
e35485	pk:126	Zogam in zong a kibang a ngahpah nang
e35486	zd:14734	alut masa 2te in VISA ngahpah uh hi
e35487	zd:12504	alutphet in Protection Visa ngahpah hi
e35488	zd:12196	Singlamteh tunga kikhai pa hopih in gupna ngahpah hi
e35489	zd:22282	Sumlut tam pi i ngahpen a piangsak hilo
e35490	zd:23737	Coronavirus na ngahphial zongin nasi keiding hi
e35491	zd:25917	ameet na ngahphial zong in sawtkidaih ngeituan lo
e35492	zd:20695	na deihna te hong ngahpih ding hi
e35493	zd:16331	hong ngahpih peuh leh thupi zaw hi
e35494	zd:21389	lawhcinna lianpi hong ngahpih taktak ding hi
e35495	zd:20979	degree ngahsate kikhemzo nonlo hi
e35496	zd:21075	mite lungsim leh lawpna ngahsawm pah limlim in
e35497	zd:25673	Kamgen tawh gualzawhna a ngahsawm
e35498	zd:22474	Hun na ngahsim in khualzin in
e35499	zd:22983	a hun ngahsim in naumilim bawl hong sem hi
e35500	zd:21918	sun hun awng na ngahsim in tua kammal mah pulak den in
e35501	zd:10777	khat veivei ki ngahsun kha thei mah hi
e35502	zd:25221	a luahsuk hiding in, ka ngahsun hi
e35503	zd:8667	minamlian pi te lungsim ngahsut zia hong guan nuam hi
e35504	zd:24224	amah leh amah kithupi ngahsut lua
e35505	zd:26658	I ngahsutna ciat sungkhawm dih ni
e35506	zd:18204	ngahsutna maan lo
e35507	zd:11011	kumpi zato ah 50% Discount ngahtading
e35508	zd:16809	numeite'n mawtaw hawlkhuan ngahtading uhhi
e35509	zd:20164	atuangkha khempeuh liamna ngahtek uh a
e35510	zd:25102	tualo adang 166 tepen liamna ngahtek in
e35511	zd:20300	Amahpen hih panmun a ngahthak khat ahihi
e35512	zd:24458	COVID-19 natna ngahthak mimal 317 nikhat sungin om
e35513	zd:11766	Kawlgam sung TV Channel ngahtheiding Company 10 kiteelkhia
e35514	zd:11438	sunthapai nitang ki ngahtheiding cihi
e35515	zd:18183	hih naupang in thaupen koipan ngahtheihiam
e35516	zd:15968	atawpna lampanin a 4 na ngahto hi
e35517	zd:12416	President dinmun hong ngahto hi
e35518	pk:144	asungkua namkim leh aphukka ngahtuak lai hi
e35519	zd:21989	Lawhcinlohna leh lungkimlohna vive ngahuh hi
e35520	zd:24564	mimal 108 in gualzawhna ngahuh hi
e35521	zd:19734	adeihzah uh $951 million ngahzolo in
e35522	zd:16302	Singapore numei khatin lawmngaih ngahzolo ahih manin
e35523	zd:24277	meetang 1000 ciang ngahzolo te
e35524	pk:109	nono zong ih ngai thei ding hi
e35525	zd:23037	Topa ka kikona uh hong ngai in
e35526	zd:23513	Senators mi 100 in thu ngai ding uh hi
e35527	18.15.17	tu-in ka thutheihte na ngai in
e35528	20.4.20	ka thugente don in la ka kammalte ngai in
e35529	1.37.6	Keima' mat hih mang ngai un
e35530	26.34.9	keima thugen ngai un
e35531	66.13.9	bil a neih leh, ngai ta hen
e35532	24.10.1	note hong hopihna Topa’ kammal ngai dih un
e35533	20.7.24	ka thugente hong ngai un
e35534	18.33.31	tu-in ka thugen hong ngai in la
e35535	pk:93	Hong ngai lua
e35536	ts:301	Ka nu ka ngai mahmah a
e35537	zd:24119	Nu aw, kong ngai lua hi
e35538	zd:16695	ki-it in ki ngai phadeuh hi
e35539	zd:21463	Khialhna a om leh ngaidam
e35540	zd:14820	Gelh khialh a om leh hong ngaidam un
e35541	zd:16779	I ngaih pen mah teen'pih takpi ding hoih hi
e35542	zd:22203	ngaihbang, ithuai, etlawm cihna a hihi
e35543	zd:11425	amel zong hoih in ngaihbang a
e35544	zd:24677	a kibang lo a om leh ngaihdam bawmah maw
e35545	zd:24174	ngaihdam bawm ah na khiatsak un
e35546	zd:17685	I gen ciangin ngaihdan tuamtuam om hi
e35547	zd:12177	theologiante'n ngaihdan tuamtuam nei uh hi
e35548	pk:93	Nang nong ngaihia
e35549	zd:16779	mai-a tuah peuh ban ngaihloh ding hoih hi
e35550	zd:15377	ngaih leh ngaihloh tawh kisailoin
e35551	zd:23977	eilam pan lungluttak a, ih ngaihloh man in
e35552	zd:15884	agin ngaihmahmah kici hi
e35553	zd:15368	agin ngaihmahmah khat kaza hi
e35554	zd:11133	apualam ah agin ngaihmahmahkhat kazakciang kapusuakpah cihi
e35555	zd:20215	Tualaitak in agin ngaihmahmahkhat zakha in
e35556	zd:21458	lung muanna leh ngaihmuanna a neihna ding
e35557	zd:23670	ngaihmuanna ka hihi
e35558	zd:21461	Pasian' thu mah lung ngaihngaih kul hi
e35559	zd:26947	tangval khat a lawm ngaihnu tawh kikhen ahih manin
e35560	zd:15416	na ngaihnu sangin a hoihzaw numei
e35561	zd:20092	Na lawm ngaihpa in hong it ingh
e35562	zd:12512	Hih alawm ngaihpa tawh akiteenni akipan
e35563	zd:9228	hih la zong la ngaihpen khat ahi hi
e35564	zd:22962	ka it ka ngaihpen zong, ka nu, nangmah na hihi
e35565	zd:15396	La teng lakah Zola mah ngaihpen
e35566	zd:10673	i innkuanpihte hong ngaihpih ding diam
e35567	zd:21673	a aw uh ngaihsak semsem uh hi
e35568	pk:94	limtak ngaihsun a, zat ding ahi hi
e35569	zd:24356	Na lampi ding hoih tak ngaihsun in
e35570	zd:23616	A tawpna ah sangtawp ding ka ngaihsun hi
e35571	zd:20043	Hoihtak khat vei ngaihsun kik ni
e35572	45.13.14	note in na ngaihsun kei un
e35573	37.1.5	Tu laitak-a na omzia uh lim takin ngaihsun un
e35574	19.77.5	Hunluite ka ngaihsun a
e35575	23.43.18	a beisa nate ngaihsun kei un
e35576	9.9.5	ka pa in late ngaihsun nawn loin
e35577	50.4.8	na lungsim sung uhah na ngaihsun un
e35578	18.13.24	gal bangin hong ngaihsun na hi hiam
e35579	19.119.59	Ka gamtatnate ka ngaihsun a
e35580	18.37.14	Pasian’ bawl na lamdangte ngaihsun in
e35581	zd:20697	na sepsa thuhoih te ngaihsunkik in
e35582	zd:24217	hih thute ngaihsunkik leng hong manpha sem ding hi
e35583	zd:25215	Siatna bangmah ngaihsunlo in om hithiat uh a
e35584	zd:23087	Amau buaihuai in ngaihsunlo uh hiding hi
e35585	zd:12876	lungkiatding in ngaihsunlo in
e35586	zd:25687	theihna, muhna, telna and ngaihsunna te ki kumsak uh hi
e35587	ts:11162	amau sungah muhdaan le ngaihsunna kibanglo om ahih manin
e35588	zd:25221	bangdan hiding' cihzong ka ngaihsunthei kei hi
e35589	zd:14885	Constructive Feedback in ngaihsunthei uh a
e35590	zd:19239	Tua thu tuciangin ka ngaihsut kikkik leh
e35591	zd:10823	Ka ngaihsut kikkik leh hisa peuhmah ing
e35592	zd:21279	ka ngaihsut kikkik leh, a thupitna ka telzaw
e35593	zd:11281	I gamtatzia tampi ngaihsut phat huai mahmah hi
e35594	zd:21049	Limtak kantel a ngaihsut phat huai thu ahi hi
e35595	zd:17488	cih ngaihsut phat ding ki sam ding hi
e35596	zd:24011	mite adingin ngaihsut piakna khat kong nei nuam hi
e35597	zd:20200	tua dawnna leh ngaihsut piakna tetawh lungkim theilo hi
e35598	zd:24418	sawlna le ngaihsut piakna bekbek hi zaw hi
e35599	zd:20798	ngaihsut theihna khempeuh lutang sungah a om
e35600	zd:20334	ngaihsut theihna zong nei lo-in
e35601	zd:20060	I thu ngaihsut theihna tampi takin nawngkaisak hi
e35602	zd:22896	Nang ngaihsutdan hong gen kik dih ve
e35603	zd:11831	i ngaihsutdan zong hong kilamdang hi
e35604	zd:20796	Zomi te ngaihsutding thu
e35605	zd:11440	mimal in a lauhuaidiam cih ngaihsutding hizaw hi
e35606	zd:25866	thukin in, ngaihsutding thu a hihi
e35607	zd:9424	cih pen ngaihsuthuai mahmah hi
e35608	zd:10721	a thupi leh ngaihsuthuai dotna ahi hi
e35609	zd:24214	College kah khangno tadingin a ngaihsuthuai thu om hi
e35610	zd:16343	tuni tuhun a ka ngaihsutkik teh
e35611	zd:22650	thupi ngaihsutkik huai thu ahi hi
e35612	zd:20490	thupi ngaihsutlo in bangmah Action laksawmlo uhhi
e35613	zd:12942	anu apa te'n zum ngaihsutlo in
e35614	zd:16803	ngaihsutloh kaalin hunle nile kumte na paipai ahih manin
e35615	zd:19139	Laisimna in ngaihsutna khuak hatsak hi
e35616	zd:20975	ngaihsutna khuak lam bek zangin gamta uh hi
e35617	zd:21159	tuate ngaihsutpiakna bangin khensat uh hi
e35618	zd:25132	atheinai lo khat le nih ading ngaihsutpiakna bek ahihi
e35619	zd:25354	Sum le pai, thulela, ngaihsutpiakna tuamtuam
e35620	zd:9451	ka sep nading hong ngaihsutpih a
e35621	zd:20716	pasal in a zi thu bang zahin ngaihsutpih hiam
e35622	zd:20313	athuak ziading ngaihsutpih ciangin lainat huai mahmah hi
e35623	zd:20329	Thu a ngaihsutsut kawm in a lungkham semsem mi om thei hi
e35624	zd:19661	Tu ni aa na ngaihsutsut thu pen
e35625	zd:22757	Midangte lungsim le ngaihsutziate thupi loin
e35626	zd:23074	i thu ngaihsutziate ka muh dan
e35627	zd:15874	Zomi it leh ngaihteng
e35628	zd:13320	khangno te'n Motorcycle agin ngaihtheithei dingin
e35629	zd:11256	biakpiakna Sound System agin ngaihtheithei athupi mah ahidiam?
e35630	zd:13072	Aki ngaihzawh uh kum 6 bang phakhin a
e35631	zd:12676	Aki ngaihzawh uhpen kum 3 bang sawtkhinta a
e35632	zd:2072	FM pan ngaikha lai ingh
e35633	zd:12544	Mi-thugen ngailo in, nang gennop bek na ngaihsutsut leh
e35634	zd:22095	ama'n amaute kammalte ngailo ahihkeh
e35635	zd:22059	Kei ong ngailo kei ong deihlo a om hi
e35636	zd:25768	itlo ngailo ding ihihiam
e35637	zd:23887	Numei melhoih tha hoih , ngaina mahmah in
e35638	zd:12341	Lai leh ngaina Kihual Ding Kisam
e35639	zd:21461	Pasian' thu lung ngaingai leng Pasian' hopihna kiza hi
e35640	zd:19108	lam tawntungah ka lung ngaingai a
e35641	zd:19683	I natlaitak mahin damna thu lung ngaingai ni
e35642	zd:19239	Zomite in ih Ngaingngaanzee tawh kisai ih khialhna
e35643	zd:19239	Zogam tualsuak Ngaingngaanzee party khat in
e35644	zd:25919	Ih ngaisut leh ngaihsut loh hi lel hi
e35645	zd:16035	etkik leh ngaisut kik hun mahmahta kasa hi
e35646	zd:21869	Tuabang ngaisutna te koipan hongpai cih na thei hiam
e35647	zd:12544	Na ngaisutna na genciang
e35648	zd:18121	ngimna hoih nei ngait in
e35649	zd:18958	cidam a sep le damlo a sep kibang ngait lo hi
e35650	ts:9846	a it a ngaite khempeuh Kha siangtho in hehnem ta hen
e35651	zd:11150	kamit hongla mahmah in, ka ngaitheipah cihi
e35652	zd:19676	ngaitsut kibat lohna leh ngaihsut behna tampi
e35653	zd:25866	ngaitsut huai thu ah
e35654	zd:21886	omkhawm zaw uh ahih manin taten zong Ngaizaw uh hi
e35655	zd:15105	Zomi Mah Ngaizaw Ing
e35656	zd:20304	Tua mun ah ngak in
e35657	zd:12882	June 8 ni result ngak dih ni
e35658	zd:23148	Nang khensatna hong ngak hi
e35659	1.49.18	Na hotkhiatna ka ngak hi
e35660	19.27.14	Topa ngak in; tha khauh in la
e35661	19.33.20	Topa i ngak hi
e35662	51.4.2	hong hehpihna phatin ngak un
e35663	40.25.13	thei lo na hih uh ciangin ngak ta un
e35664	41.13.33	kikem un la, thu ngenin ngak un
e35665	zd:9261	A khan tawn phial lupna ngaka dam lo ahih hangin
e35666	zd:9254	vantungah min a kisap ding ngaka pai khol
e35667	zd:17442	ci in ka ngakbawl hi
e35668	zd:16876	tawmvei alungsim adaihdong ki ngakbawl photding a
e35669	zd:13133	Police te'nzong limtak in ngakcip uhhi
e35670	zd:12835	Result angahdong ngakcip uhhi
e35671	zd:23700	Hun ngakding kisam hi
e35672	zd:17152	a Pasal in sauveipi a ngakding zong
e35673	zd:13110	lupna ngakin aomcipden uh ahihi
e35674	zd:19396	papi damtheilokhat lupna ngakin kumzawn'a
e35675	zd:10986	kum 15 sung ui bangin inn ngakin om a
e35676	zd:15861	mawtaw bawl ngakkawm in kanu leh ka u tawh
e35677	zd:11409	Tua munte ah nai 1 dekdek ngakkul thei hi
e35678	zd:21616	a ihmut nading minutes 7 ngakkul hi
e35679	zd:12280	bangtanvei ngakkulding cih gencianna omlianlo a
e35680	zd:18054	kum 48 taktak ngakkulding in ummawhlo in
e35681	zd:12101	bangciciang zingvai hong hawmkhawmthei uhdiam ngaklahhuai veve hi
e35682	zd:21072	ong makaih ziau theih ding hun ngaklahhuai
e35683	zd:23487	ngaklahna leh phunna kam ahi hi
e35684	zd:16431	Court Approval aki ngaklaitak ahihi
e35685	pk:90	Ngakna in ngaklang sangin sauvei kikhawl zawdeuh hi
e35686	pk:93	husanna koih loin ngaklang
e35687	zd:21358	Ong ngaklo ding a, ong kileh kik nawnlo ding hi
e35688	zd:25678	thatang beidong ngaklo in
e35689	zd:20966	Kota Damansara vengsung aom Bus ngakna
e35690	pk:90	ngakna in Ngaklang sangin sauvei kikhawl zawdeuh hi
e35691	pk:91	ciapteh nadingin ngakna kikoih phot a
e35692	zd:25893	Nitum ngeilo British Empire a kici ngakngak
e35693	zd:16348	namdang pau tawh ih kiho ngakngak a kul sese ciangin
e35694	zd:19197	kumpipa paiding ngakngeungau uh cihi
e35695	zd:16334	Sentul Station mai ah Bus ki ngaksak cih kiza hi
e35696	zd:18939	sawt khop tak hong ngaksak pawl
e35697	zd:22686	sumbuk ngakte in Mikang pau zang thei tek lel uh hi
e35698	zd:22185	Thaman pia in ngakzawh ding kisam
e35699	zd:19166	tawlpi khatmah ka ngakzawh ciangin
e35700	zd:21843	kha khat taangbang aki ngakzawh hangin
e35701	zd:13242	ngakzawhna in Pasian tawh kikholhna piang sak hi
e35702	zd:10680	na ngakzawhna hangin lungdamna ngahin
e35703	zd:15031	ngakzolo uh a, khetawh paingeingai uhhi
e35704	zd:23890	A ngakzote in thupha ngah ding hi
e35705	zd:23554	Tha le ngal tawh ki huh ciat ni
e35706	zd:23993	tha leh ngal sitlo in mapang ciatni
e35707	zd:16340	na sum leh na tha na ngal beisak kei in
e35708	zd:16385	biakna tawh kisai vai cih loh ngal thudang khempeuh
e35709	zd:22136	cih ding lo ngal a dang kammal zat ding om peuhmah lo
e35710	zd:10731	hoih mahmah cih ding lo ngal
e35711	zd:23554	ngalkhaat banga tangtatnate nusia-in
e35712	pk:172	ngalkhuai lal bang
e35713	zd:12352	ih Zogam ading ih ngalliam Kua
e35714	zd:25268	Zomi ngalliam Zuapa Pu Cin Sian Thang tangthu
e35715	zd:23394	Nuailam ngalo a, tunglam nate bek delh ding hi
e35716	zd:23006	Hansanna pen thahatna tung ki ngalo
e35717	zd:15730	sakhi man lo ngaltang tum
e35718	pk:130	Tuunpi, Ngaltuun, ngalthen, Khuaithuum leh Khuaimu
e35719	zd:15996	zo ngalthen aw, nang kong dong e
e35720	zd:25393	leh ngaltun, ngalthen, khuaimul leh khuai thumte khuaibu kila pen hi
e35721	zd:15996	ngalthen, ngaltun, khuaithuum cihbang
e35722	zd:22171	a thei te tungah dot ngamding kisam hi
e35723	zd:25923	Ih ngaihsut na tung ah ih dinkip ngamding thupi
e35724	zd:18071	bangmah kagen ngamkei hi
e35725	zd:20545	zawh ding ka lamen ngamkei hi
e35726	zd:22709	pawlpi khat ih ap ngamlel ding
e35727	zd:17215	thusung giap ngamlel hi hangh
e35728	zd:19262	Aman tua sazian sim ngamlo hi
e35729	zd:10860	bangmah cih ngamlo hi
e35730	zd:15082	kuamah kiangah genkhia ngamlo hi
e35731	zd:12196	Kuama tunga nagen ngamloh hamsatna khempeuh
e35732	zd:24231	Kuamah kumpi lang ah kampau ngamloh hun lai tak in
e35733	zd:16340	lamet ngamloh lawhcinna na ngah ding hi
e35734	zd:20780	Pai ngamlohna mun, painoplohna mun
e35735	zd:15770	A si ngamlote zong si lel ding hi
e35736	zd:21293	A kigen ngamlote kidot ngam ding zong kisam hi
e35737	zd:14981	mipi muhtangmah in luhsuk ngammawk uhhi
e35738	zd:20629	suntangpi mahin kisut ngammawk uh
e35739	zd:14587	mimai ahzong nuikhia ngamta hi
e35740	zd:19814	vuk lak ah zong kidiang ngamta ding
e35741	zd:22435	Galkapte hong bangci ngamtat uh diam
e35742	zd:17448	na ngamtat loh nading un
e35743	zd:20092	A laulo aa ngamtatna
e35744	zd:20959	khuai te ngamtatna nuam in
e35745	zd:20202	nganhing tuamtuam te inzongh khut le khe
e35746	zd:19683	huihlak vasate tung, nganhing te tung
e35747	pk:150	Ni ngani
e35748	zd:11182	Ngapali Beach Hotel khat Licence neilopi in kihong
e35749	zd:19447	ngapik pen Kawlte atamzaw in limnek mahmah
e35750	zd:23797	khat veivei ngapik hong nam viauviau lai
e35751	pk:137	utkeng ngapkeng a bang mawk om theilo hi
e35752	zd:23928	gik mahmah dinga, puak ngaplo hi kha ding hi
e35753	zd:12267	Phone tawh hopihpih dingzong ngaplo khading uh a
e35754	zd:22582	ngaploh hun ciangin kimawhsak pah loin
e35755	zd:16302	na ngaploh cianginzong
e35756	zd:9435	a gen zozo leh a gen ngapngap
e35757	pk:7	ngasa a ne hi
e35758	pk:13	Ngen tawh ngasa a khuh hi
e35759	zd:21298	tuipi ngasa nek ding hoih mahmah hi
e35760	zd:24276	ngasa nekna in khuak hoihsak hi
e35761	ts:3375	ngasa matna dingin ngawi kidawh a
e35762	43.21.13	khomun leh ngasa a lak khit ciangin
e35763	40.7.10	ngasa ngen leh, gul a pia ding
e35764	43.21.10	Tu-a na mat uh ngasa kimkhat hong paipih un
e35765	42.5.6	ngasa tam mahmah khuh kha a
e35766	pk:123	Ngatan dung zui-in galkah uh a
e35767	zd:16387	Solas ngate hih bang hi
e35768	zd:21257	Hih nambat sawm le ngate pen
e35769	zd:12628	pasalpa in temta ngatin numeinu ii avan manphaneih teng suhsak hi
e35770	zd:13005	Passenger khat temta ngatin Uber mawtaw sungah
e35771	pk:16	ngau mei a sau hi
e35772	pk:164	Zawng nek ngau in thalpu
e35773	zd:25666	nek ngau in thuak lawh
e35774	zd:24072	Zawng nek ngau in thal puk lawh
e35775	pk:136	zawn leh ngau ding
e35776	zd:16424	Ih zawn, i ngau, i tagah teng mah
e35777	zd:16254	Zawnna ngauna hangin thusia lasia tampi ong piang hi
e35778	zd:20922	na zawnna na ngauna pen midangte hang hi lo hi
e35779	zd:21908	zawn le ngauna sungah om lai uh hi
e35780	zd:25218	hong makaih lai ding i lunggulh ngaungau hi
e35781	zd:17961	a khasiatna gen ngaungau hi
e35782	zd:24327	Mipi in alunggulh ngaungau lai
e35783	ts:5530	Camp buppi lakhiazo ngaw ngaw uh
e35784	zd:19244	Tua ngaw-ngaw ciangin Valjean zong lungdam mahmahin
e35785	zd:15498	North Korea te'n tua ngawhbawlna pen diksalo in nial uhhi
e35786	zd:24000	army in nih that uh hi cih ngawhna om hi
e35787	zd:10924	Amnesty-te' ngawhna nial hi
e35788	zd:11475	mi dang li zong amah bangin ngawhna tuak uh a
e35789	zd:11475	ngawhnate man hi cih lah theihna ding teci om lo hi
e35790	pk:9	Kapa in ngawi a dawh hi
e35791	ts:3375	Ngasa matna dingin ngawi kidawh a
e35792	zd:11941	inn nasemnu an ngawlhcip in agihna 20kg kiamliang
e35793	zd:23590	Pasian in thumaan mite an ngawlsak ngeilo hi
e35794	zd:20764	zateep khawlsakthei, ngawlsak theiding in lamen uhhi
e35795	zd:11600	ki tankhialo ahih manin a ngawng tansak takpi uhhi
e35796	zd:12222	migilo te'n a ngawng tansak uhhi
e35797	ts:2320	tutung bekin a ciah thei ngawngaw suak hi
e35798	zd:23137	Piancil 6 ngawngaw ciangin bel
e35799	ts:5848	ngawngkai sa lua mahmah ing
e35800	zd:11581	ngawngkai hong salel ing
e35801	pk:142	a ngawngsa, ahuai, asin
e35802	zd:20310	Sa ngawngsau akaplup tawh Photo akizaih
e35803	zd:21040	1535 kum in ngawngtan in thahna thuak hi
e35804	ts:3168	a pailo peuhpeuh ngawngtan a hi hi
e35805	zd:11501	mawhneilo mihing khat hong ngawngtansak leuleu uhpen
e35806	zd:23112	leh Taiwan te ngawnin, Kawlgam zat tawitehna
e35807	zd:20545	Ih galmuh bekbek na ngawnin akha nam bang
e35808	zd:25919	Tua na ngawnzong lawhcin ding cihkitel lo lai hi
e35809	zd:21006	a teh te khang ngawp aa a gah limci thei lo hi
e35810	zd:24231	Khuavak in khuamial hawl khia den aa, zocip ngawp hi
e35811	zd:22065	naupai sung pen ngeekbawl mai ding
e35812	zd:24234	a lungsim uh anau loh nangin ngeekbawl uh a
e35813	zd:19381	khe tawh kapai ngeekngeek hi
e35814	zd:20176	thuak cihtakin ka thuak ngeekngeek uh hi
e35815	zd:24132	piakkhiattheih ding nahau ngeel vele
e35816	zd:18200	zingsang teh lutolte an dong in kigual ngeetngaat uh hi
e35817	zd:22784	Ka muh ngei nailoh paak hoihte zong ka mu a
e35818	zd:20944	a mel ka muh ngei nailoh hangin a min ka za ngei hi
e35819	zd:25106	i theih ngei nailoh leh i lametloh na tampi-in
e35820	zd:23896	Tua Tuikhuk pen kang ngei nawn lo ding hi
e35821	zd:25506	a sih dongin ngah ngei nawn lo ding hi
e35822	zd:11346	Tuacih ngeiding hi peuhmahlo hi
e35823	zd:21918	a ngaihbanglo nungak na mu ngeiding hi
e35824	zd:21588	abeisa inzong thuthang kiza ngeihi
e35825	zd:18154	ni 2 sungbang khuaphawklo in lumcip ngeihi
e35826	zd:14609	sungah thau 40 val kimankhia ngeihi
e35827	zd:10735	bangci bangin hih thau kizang ngeihiam cih
e35828	zd:19581	Parliament sunga miteng kap ngeiingaii uhi
e35829	zd:16291	ci in phun ngeiingaii uhi
e35830	zd:19381	thu nangen ngeiingaii uhe
e35831	zd:19332	Siamsin Makai ngeikhat hihna tawh
e35832	zd:21649	Member khatin akihel ngeikhat ahihi
e35833	zd:12477	abeisa in Audio Engineer asem ngeikhat ahihi
e35834	zd:19495	China gamsung ah kiza ngeikhin hi
e35835	zd:12963	galkap 10 si ngeikhin hi
e35836	zd:20234	lungno kihel cih kiza ngeikhin hi
e35837	zd:20703	zin khatvei aling ngeikhinsa hi a
e35838	zd:16109	kha 3 sung thong akia ngeikhinsa ahihi
e35839	zd:13326	abeisa in meikang pen kilimzak ngeikhollo himahleh
e35840	zd:15913	hunlai in kiza ngeikhollo himahleh
e35841	pk:24	neite guaksuak ngeilo hi
e35842	zd:22415	I Pasian kikhel ngeilo hi
e35843	zd:15700	Kua a khial ngeilo om?
e35844	14.30.26	hih bang om ngeilo ahih manin
e35845	42.23.29	a kine ngeilo nawite in thupha a ngah ding
e35846	40.21.42	khatvei beek sim ngeilo na hi uh hiam
e35847	19.127.5	Amah guallel-in zahhuai ngeilo ding hi
e35848	zd:22757	a theih ngeilohte nangawn tawh kitawng thei
e35849	zd:21042	Zolai in ka simkhak ngeilohte
e35850	zd:15361	akah ngeilote leh Pasian kimuhna ding haksa hi
e35851	zd:24276	a nui ngeilote sangin
e35852	zd:12115	Yangon ah Bomb puakkham ngeimawk a
e35853	zd:12691	Motorcycle akigawm in 15 meitawh kihalsak ngeimawk hi
e35854	pk:130	ih Zo ngeina ih manthansak khak ding
e35855	pk:131	zuihding thu pen ngeina kici hi
e35856	pk:131	Biakna sungah zong Biakna ngeina mah na om pah hi
e35857	pk:131	ngeina ih cih pen mun khempeuh ah kisam hi
e35858	pk:136	hih ih Zo ngeina in
e35859	pk:136	Hih bang ngeina in leitungah a hoihpen pawl hi-in
e35860	pk:139	ngeina hoih neite ih hi hi
e35861	pk:146	ngeina bangin ngah tuak uh hi
e35862	zd:23394	ngeina pen a tuamtuam om hi
e35863	zd:24217	I ngeina hoihte kan a kepcing kisam hi
e35864	zd:23533	Hih in Kawlgam ngeina hi
e35865	48.1.14	ka pu ka pate’ khut tung pan ka ngah ngeina
e35866	44.16.21	i zuih dinga kilawm lo ngeina thute hong hilh
e35867	41.7.3	tanglai upate’ ngeina zui-in
e35868	40.15.6	Na tanglai ngeina uh zui-in
e35869	41.7.9	note in na ngeina uh na zuih theih nadingun
e35870	41.7.8	na ngah uh ngeina na zui uh hi
e35871	42.2.42	ngeina bangin Paisan pawikhamna-ah a paito uh hi
e35872	43.19.40	Judah mite’ kivui ngeina bangin paknamtui tawh
e35873	40.27.15	a khah khiat nading ngeina khat a om hi
e35874	2.12.24	biakna ngeina kip-in na nei tawntung ding uh hi
e35875	3.7.1	Hih in mawhna hanga biakna ngeina ahi hi
e35876	3.14.54	phak natna khatpeuh peuh tawh kisai-in ngeina ahi hi
e35877	zd:22019	i pankhop ngeina bangmah in tutung zong
e35878	zd:23533	Zato ngeina bangmah in Admission ahih uh hi
e35879	zd:10742	Zomi hihna le Ngeina Dante kepcing na'ng
e35880	zd:13207	Thukhunpi leh Ngeina Dante puahphatna bangin
e35881	zd:15622	I ngeina van leh nate lahna leh genna zong om ding hi
e35882	zd:22200	Zomi ngeina van leh kizep ziate lak in
e35883	zd:20050	Tua inn ngeinai ah aom Pensioner khatin
e35884	zd:22545	KL vanlengtual ngeinai ah Bus tuahsia
e35885	zd:12972	UK gamsung ah kamukha ngeinai keihi
e35886	zd:11150	zi leh pasal anei ngeinai vetlo hilai sawnsawn uhhi
e35887	zd:21034	Leitungah lawm haulua cih om ngeinailo hi
e35888	zd:12581	gampualam zinkhia ngeinailo hi
e35889	zd:21232	Pawipi ah ngeinalaam a tuamtuam
e35890	zd:14738	numei honkhat kibuan ngeingaina Video Clip
e35891	zd:17974	Department adangdangte sepkhop ngeingaina tawh
e35892	zd:22802	English zong tua bang ngeingei ahi hi
e35893	zd:19239	ahong phal ngeingei kei ding hi
e35894	zd:24697	I vote ngeingei leh
e35895	zd:23653	ama'n na thukkik ngeise lo lel hi
e35896	zd:25923	kham nengnang ngeise lo uhhi
e35897	ts:3375	taaksing, ngeisok kung leh gua tuamtuam tam mahmah hi
e35898	zd:17162	Neisok atuam ngeisok atuam hi
e35899	zd:9448	ahih hangin ngekbawl kha kei un
e35900	zd:17049	hong hehpih zaw in ngekbawl zaw hi
e35901	zd:12933	Facebook thuneite tungah ngekna nei uh
e35902	zd:19442	thu akibawlloh nadingin ngekna neihsak uhhi
e35903	zd:11805	White House vai thuthang hongkizom ngekngek hi
e35904	zd:15257	Thursday zanlam akipan guahzu ngekngek ahih manin
e35905	ts:3641	Vanlam tawh kap ngekngek uh himah leh
e35906	zd:22331	ih zak theihzelte tawh kibanglo kha ngelding hi
e35907	zd:12754	ciahhiathiat le uh metzaw ngelding uhhi
e35908	zd:25624	News zong ka ngelh khawm zel uh aa
e35909	zd:24091	kician tak in ngelh kul hi
e35910	zd:26385	Laisiangtho in a gensa vive a tangtung ngelhngelh hi lel zaw hi
e35911	zd:9220	hih lamalte laidal tungah ka gelhkhia ngelhngelh hi
e35912	zd:18918	Tua a tak ngelhngelh sisan in ka mawhna khempeuh hong sawpsak hi
e35913	zd:21876	Ngaihsutna ngelna khempeuh pualam pilna tawh kisem
e35914	zd:22116	nangpen na lungsim ngelna hoih mahmah hi
e35915	zd:23937	Pasian ngeina leh deihna khat om ngelngel ding hi
e35916	zd:20120	Tua thampi in valhhi ngelngelding cihtawh
e35917	zd:12063	gamdangmi tebel hong kihta hetlo ngelngelding uhhi
e35918	pk:85	Pa alah nading a ngen hi
e35919	zd:24126	Death Certificate ngen pah in
e35920	zd:23037	Gamlapi panin hehpihna ngen uh hi
e35921	zd:23437	Hong ngen peuhpeuh piakloh omlo hi
e35922	7.5.25	tui ngen a, tua nu in bawngnawi pia
e35923	2.12.35	ngun leh kham kizepnate leh puante ngen uh hi
e35924	9.1.27	Hih naupang ka ngen hi
e35925	42.23.52	Zeisu’ luang a ngen hi
e35926	41.5.17	Zeisu paikhia dingin a ngen uh hi
e35927	20.30.7	Pasian aw, thu nam nih kong ngen hi
e35928	zd:11350	khuasung mite kiangah huhna ngending in azi taisak hi
e35929	zd:14931	huhna ngending in vazuan hi
e35930	zd:24029	Lai Siangtho sim in, thu ngengen lel hi
e35931	zd:23022	thu ngengen a, sanginn maiah giak hi
e35932	zd:11677	meikhuzong vandawn ah khuto ngengngang hi
e35933	zd:11750	vanging tawh mau ngengngang hi
e35934	zd:20215	naungek nong puaksakthei uhdiam ci'n huhna ngenhi
e35935	zd:11283	Receptionist khatkiang ah genin huhna ngenhi
e35936	zd:15647	zato khatkhitkhat zuankawikawi in, huhna ngenkawikawi uhhi
e35937	zd:20257	na mipihte tungah huhna ngenkawikawi unla
e35938	zd:15913	Bank nasem te kiangah kasumkoih teng ngenkik in
e35939	zd:23252	British hun lai aa hong khensakna teng ngenkik ding
e35940	zd:23245	Zomite ading man ngenlo in nasep kizon sak den hi
e35941	zd:12550	Sum pek khat zong ngenlo in
e35942	zd:23388	Zomite ading man ngenloin nasep kizon sak den hi
e35943	zd:18234	ZAM zum ah man ngenloin
e35944	zd:21559	1959 kum in Ngennung khua Tedim Township ah suak hi
e35945	zd:14681	Partners te tungah huhna ngenta uhhi
e35946	zd:19676	ih khuahun in hong ngenta hi
e35947	zd:12307	UNHCR zumpi ah pai in, huhna ngenthei uh cihi
e35948	zd:23569	amah le amah ngenthei hi
e35949	zd:20176	a ngetbang linnliann uh angah tuak a hilel hi
e35950	zd:14549	E-card bawltheih hunding ngetbeh sakding kici hi
e35951	zd:19685	Reimbursement ngetkikna tawh ki piakik dinghi
e35952	zd:16686	Tangmi Ngetna Laipi puakna ding
e35953	zd:14543	kumpi te tungah ngetna nei uhhi
e35954	zd:25622	Gal vanleng puak ding ngetna nei uh hi
e35955	zd:12144	a nek mah bangin lungdam ngetngut ding uh hi
e35956	zd:22560	nongpaihsak nawnloh nading un kong thum ngetngut uh hi
e35957	zd:16204	Thu kong ngetpih ding na ut leh
e35958	zd:26708	thu ngetpih ding ka lunggulh uh hi
e35959	zd:17398	Christian ten thu I ngetpih ding kisam hi
e35960	zd:15994	sum ngetsawm in azonzel hangin kimu theilo uh cihi
e35961	zd:14919	Myanmar kumpi tungah ngetsawm uh ahih manin
e35962	zd:11118	TV Channel vaitawh kisai ngettheihna akihon ciangin
e35963	zd:24977	kipiakkhiatna hi ngeu hi
e35964	zd:25470	innteekte suksiat ding bek hi ngeu mawk hi
e35965	zd:25616	Pasian' tungah kap ngeungeu in ka kiko hi
e35966	zd:20026	ciam peello in hong khuang ngeungeu ta hi
e35967	zd:21605	ci in ngiahsun uh hi
e35968	zd:23129	thupi ngiahsun in biakpiaknate awlmawh nawn lo uh hi
e35969	zd:20520	Hih pen kei mimal ngiahsutna hi a
e35970	zd:20568	Tua ngiahsutna leh khensatna bangbangin
e35971	zd:25687	Laihilhte leh thuneite thubek hita ngial hi
e35972	zd:23754	America gam dongah ki zeel man ta ngial hi
e35973	zd:20071	Na kampha ngiat ding hi
e35974	zd:21929	Mapai in lawhcing ngiat ta in
e35975	zd:13282	Malaysia Home Minister ngiat inzong E-card bawltheihhun Deadline
e35976	zd:11604	Company te ngiat inzong a website tungah
e35977	zd:19125	President Trump ngiat inzong meikuang pen ki phelhsiang khinta hi
e35978	zd:25768	Pate a it zo ngiatding in thupha ongpia ta hen
e35979	zd:20595	innsaapsak ngiatding in aki vaihawm hi
e35980	zd:21321	thungetna aneihpih ngiatdingin lunggulhna tawh
e35981	zd:13195	Amah ngiatin singkungno leh gampa te tuipuak ngiat hi
e35982	ts:3284	Tua ading ngiatin US State Department budget 50% sehsa in koih den
e35983	zd:12785	AirAsia Company aneipa ngiatin vanleng sungah nasem te huhin
e35984	zd:22116	Tua bang hithei ngiatlo hi
e35985	zd:19898	Zahpihna, nenniamna thuak nuam ngiatlo hi
e35986	zd:19816	leitungah vasa khatbek nangawn om nai ngiatlo hi
e35987	zd:11783	Samsung Company te bawlkhiat ngiatmah tawh zatding hoihzaw hi
e35988	zd:15301	kahal ngiatmah uhhi ci'n genkhiakhin uhhi
e35989	zd:19779	na ngah ngiatna ding in thu kangen hi
e35990	zd:22371	sisan tawh leitang na lei ngiatngait uh hi
e35991	zd:23240	Ka zum ah ong khak ong kidawn ngiatngait mawk ahih manin
e35992	zd:22046	Khe tawh kipai ngiatngiat hi
e35993	zd:25616	Khat khit khat ban lah ngiatngiat kul hi
e35994	zd:23830	Nisim in BP akiteh ngiatngiat ahi hi
e35995	zd:24847	kimuanna ngiattawh a kizang hi aa
e35996	zd:20293	khe ngiattawh khuapisung ah kileh kawikawi
e35997	zd:11057	athuak ngiatte ahi uhhi
e35998	zd:26310	a cial ngiatte uh ahih leh
e35999	zd:21803	mahin Pasian bia ngiatzen hi
e36000	zd:21780	a Thahatpen Pasian hi ngiatzen hi
e36001	zd:19966	Home Minister ngiatzong kihel ciliang hi
e36002	zd:17668	tuisik ngiatzong kicingzo nailo hi
e36003	zd:11934	Police Officers te ngiatzong akicial ahihi
e36004	zd:20334	lai khat hong om ngiau hi
e36005	zd:21908	luah theilo ngiau uh hi
e36006	zd:21509	ci ngiau uh hi
e36007	zd:21780	Laisiangtho pen Pasian' kammal hi lo hi, ci ngiaumawk hi
e36008	zd:21803	a biak nadingin na sawl ngiaumawk hi
e36009	zd:25863	mual le guamte nawkgawp ngiengei thei hi
e36010	zd:21567	i ngiim i tup, i lam-et
e36011	zd:22571	ngiim banga taangtunzawhna
e36012	zd:22334	Zomite cimang sak ding ngiimna bulpi ahih lam
e36013	zd:21037	ngiimna leh mungtup kibat kul aa
e36014	zd:21108	A guallelh ngiingeii khit ciang gualzawhna hong ngah hi
e36015	zd:10882	cih pen mang ngilh ngei ken
e36016	zd:23453	Pasian pen sumlutna nak hi cih I mang ngilh ciang
e36017	zd:22691	ka ngilhmawh ding thu khat hong suak hi
e36018	zd:11387	ngilhmawh ding Zomi Nam Ni
e36019	zd:16970	khangno te mitsuan, ngimbawl in puantuamtuam abawlkhia Clothing Company khat ahihi
e36020	zd:19667	nupi naupang tawh akithuah cihkhawngpen ngimbawl phadiak uhhi
e36021	zd:12803	mipi ngimin akap hilo a
e36022	zd:13061	tuapa pen thautawh ngimin khawlsak cihi
e36023	zd:24069	ama ngimna bulpi ahihi
e36024	zd:25461	i ngimna bulpi khat om gige hi
e36025	zd:16150	ngimna bulpi te a nuai aa bangin ki nei hi
e36026	zd:23306	Party Ngimna Bulpite lawhcingbaih zaw hi
e36027	ts:5729	Daikaih ding a Ngimna Bulpite pen India kumpi in
e36028	zd:19447	sanginn khatah Durian ngimnam akizak ciangin
e36029	zd:25109	Tutung i ngimnapi pen ahih leh Israel gam nuaizan ding hi
e36030	ts:2349	India Railway Project ii ngimnapi khat ahi hi
e36031	pk:24	ngimnasang neite guaksuak ngeilo hi
e36032	zd:14687	Amah ngimngiat in akikap mahhiam
e36033	zd:19369	mipi te ngimngiat in anawkpheigawp tawh kibanghi
e36034	zd:26976	ciangkan neu khat tawh gam ui te ngimngim hi
e36035	zd:13061	Police Officer khatin thautawh ngimsa in koih hi
e36036	zd:13145	mikhat in thautawh saisungah nasem khat ngimsa in koih
e36037	zd:12097	Shayrat Airbase pen ngimsa in koihkhin uh cihi
e36038	zd:20798	Na nunglam pan in a nging khat na za hi
e36039	zd:21989	a aw te nging zolo hi
e36040	zd:20778	Suaktatak leh a ngingkhia aa nuihna in
e36041	zd:21876	A sungpan in a ngingkhia lawpna awnging in
e36042	zd:24574	lai sim in tu ngiungeu den hi
e36043	zd:16254	kikhel ngei loin kip ngiungeu hi
e36044	zd:24214	A um ngiungeu zote tungah
e36045	zd:12550	AAM pen International ngo khat hi a
e36046	zd:20403	ngo Project zong tu kum in a bei hi ta hi
e36047	zd:18208	ngo leh munkhat peuhpeuh ah nasep siau nuamte
e36048	zd:12829	London khuasung ngongtat te buaisakna
e36049	ts:2097	kua ngongtat pawl hi ding hiam cih kitheizo nailo
e36050	ts:4775	Israel in Hamas ngongtat pawlte akizawh siang dong khawllo a do dingin
e36051	zd:10767	Kawlgam ah ngongtatding in apaisawm IS tekhat Malaysia ah kiman
e36052	zd:18231	bangci ngongtatding cih ageel avaihawm cihi
e36053	zd:22178	amatdan uh ngongtatlua hi
e36054	zd:16916	migilo te ngongtatnuam phadiak ahih manin
e36055	zd:12307	Migilo, mihoihlo, mi ngongtatnuam khawng
e36056	zd:18231	a ngongtatsawm mi 7 kiman
e36057	zd:12860	a ngongtatsawm zong mi 60 val kimankhin cihi
e36058	zd:15073	Singapore gamsung ah ngongtatsawmna vai hangin
e36059	zd:15188	Tua a ngongtatsawmpa pen Kawlgam sungah
e36060	zd:16932	Tua a gitloh ngongtatsawmpa pen California, Modesto ah aom hi
e36061	zd:11735	ngontat ka kisa lua mahmah hi
e36062	zd:20131	Ci zong ngosak in aw zong hoih sak
e36063	zd:12611	Hih mainuh pen Online panin kizuak a, ci ngosak bekthamlo
e36064	zd:19783	Topa'n hong ngualzawh pi ding hi
e36065	zd:19731	na ngualzawh khit taktak ciangin
e36066	zd:19663	ma tutna, ngualzawhna, maitaina a om theih nadingin
e36067	zd:19731	lawhcinna leh ngualzawhna ding thusim
e36068	zd:19731	a lawhcing a ngualzo mi na hihna
e36069	zd:20271	Mi ngualzo te in a sunglam vangliatna thei in
e36070	zd:22282	na khat peuhpeuh sepnopna lungsim hong nguan hiam
e36071	pk:12	Nipipak a ngum ta hi
e36072	zd:24574	amau tangval ngumngek lai vive ahih man un
e36073	zd:17822	athak bawlsakding cih NHK pan kiza hi
e36074	zd:19476	NHK News te genkhiatna ah
e36075	ts:8850	a ni vekpi 55 bang sawt khin ta hi
e36076	ts:12506	Tua ni mahin gal tembaw 2 kisusia thei hi
e36077	44.28.12	ni thum ka taam uh hi
e36078	1.7.17	tuiciin ni sawmli sung om den hi
e36079	1.8.10	Amah in ni sagih sung ngakin
e36080	2.16.26	Note in ni guk sung na khawm ding uh hi
e36081	pk:32	Gang pen ni a kici peuhmah pasal hi a
e36082	pk:5	ahih lam phawk ciat ni
e36083	pk:14	Zateep leh zudawn kideek ni
e36084	zd:26956	hanciam ciat ni
e36085	ts:3280	Thu haksate kidong kei ni
e36086	zd:25136	LUNGSIM TAKPI TAWH PASIAN BIA ni
e36087	pk:90	Tu ni'n ken a man takpi kong cih in
e36088	pk:90	tu ni'n nang tawh Paradise ah ih
e36089	zd:12856	khuasungteng meikhu tawh kidim niainuai cihi
e36090	zd:19801	bangmah khialhna kaneikei hi ci'n Najib in nialcipden hi
e36091	zd:25909	Innkuan sung ah thu nialden
e36092	zd:19671	tuabangin ka gamta keihi ci'n nialkik hi
e36093	zd:12302	hi ci'n nialkik hi
e36094	zd:21028	A Pa cihbangbang niallo in a thumang hi
e36095	zd:20829	hong niallo in a pulak bangbangin kipsak pahpah hi
e36096	zd:22873	Aluingeina te niallo in
e36097	zd:20569	a diklo kasak khat ka nialpah
e36098	zd:23977	vathal nialpah lo in
e36099	zd:14922	kimawk nialthei nawnlo hi
e36100	zd:16713	bangmah nialthei nawnlo hi
e36101	zd:20850	Myanmar National taktak ahihleh nialtheih omlo a
e36102	zd:19239	kuamah a nialzawh ding thu ahi kei hi
e36103	zd:14927	na pumpi deihna nialzo a na kalsuan teiteina
e36104	zd:24214	gualnopnate na nialzo diam
e36105	zd:21978	A nuntakna a niamkiat hangin
e36106	zd:21049	mihaite kiniamkhiat lo napi niamkiat den uh hi
e36107	zd:24749	tu a dinmun sang in ih niamkiat suk tektek zawlai ding hi
e36108	zd:21049	niamkiatna pan ong lamto in
e36109	zd:9426	khua vengte sanga i niamkiatna lai
e36110	zd:21306	khe gawng teng leh khe a niamlam tengah kimuthei hi
e36111	zd:24320	a niamlam zuanin pai den a
e36112	zd:22775	niangphan tuilum dawn in
e36113	zd:21032	niangphan hai khat bang tawh ne-in
e36114	zd:23249	niangteh hoih takin huan tangtang in
e36115	zd:22856	niangteh leh a vot tui te zingsang bekin dawn in
e36116	pk:135	niangtui kizat na-ah Niangtui awmin
e36117	zd:23249	niangtui thum vei kidawn hi
e36118	zd:21323	niangtui, Coffee cihte leh a khumnam tamnek nawnlo ding hi
e36119	zd:14946	niangtui bawl dan
e36120	zd:25915	Genteh na in ah niangtuisai nih om hi
e36121	zd:11078	Kawlgam phadiak ah niangtuisai khatpeuh ah ihtutciang in
e36122	zd:21605	a kibanglo vive a kigawm nianua hi a
e36123	zd:25927	ih zat na ninteng om nianua thei hi
e36124	zd:20905	Na khempeuh huamgawp nianua hilo in
e36125	zd:25433	niapnuap puantungsilh sung ah laidal pawlkhat hong guang-in
e36126	zd:22557	Nadam sung in nibang zah na sim zo ding hiam?
e36127	zd:15865	Khuado pawi pen banghun in kibawl a nibang zah sung kibawl hiam?
e36128	zd:25305	nibup in nipi sim in class kinei den hi
e36129	zd:22830	mihing tha tawh nibup a kisemte
e36130	zd:9239	AD 325 kuma Asia Minor-a kibawl Council of Nicaea
e36131	zd:11771	Nice City panin 44km
e36132	zd:25347	UNHCR niciam piaknate
e36133	zd:25262	sut ding niciam
e36134	zd:23528	Piakkhiatna pen October 15, 2020 niciang hiding hi
e36135	zd:19805	Thursday niciang thusitna omkikding
e36136	zd:13270	Deadline pen June 30 niciangbek ahihi
e36137	zd:24452	Nikhat niciangin hih natnate hongveng ding aa
e36138	zd:20387	Monday niciangin nai 2 manlangzaw in
e36139	zd:23943	Hihtawh kisai in a tom in gen nicileng
e36140	zd:10682	Kammal dangtawh gen nicileng
e36141	zd:22595	Zogam ah zong Gullu nickel vai so lihlih hi
e36142	zd:20403	Gullu nickel project vai
e36143	zd:18056	Video akhahkhia numeinu ii Nickname pen
e36144	zd:10761	Na zin dingte nidang ciangin hong tung kik thei
e36145	zd:9257	A nidang ciangin tua company-a nasem dingin kisam hi
e36146	zd:20280	nidang pek pan in Zomite in hih thu kibuaipih hi
e36147	zd:13305	Pasian' nasemten nidang pek pan kipanin
e36148	zd:25611	nidang pek a kipan i gam kumpi mahmah in zong
e36149	zd:26097	Thangpu pen nidang sangin thalawp zaw hi
e36150	zd:21156	nidang sangin kithupi ngaihsut in kizui zaw hi
e36151	zd:25909	nidangciang in kizang thei mahmah hi
e36152	zd:20892	nidangciang hong huhning nacihdenleh
e36153	ts:301	nidanglai pekpekin Khul leh Ciim kici gam khat om hi
e36154	zd:21059	nidanglai bang nawnlo in
e36155	zd:20410	nidanglai Rom kumpi leh tuhun Communist kumpi ten
e36156	zd:11540	thusitkik niding pen April 13 ni hi a
e36157	zd:19166	Tedim pan a ciah niding zingsangin
e36158	zd:15111	GZA panin Khuado niding hong kipsakna
e36159	zd:12336	April 13 ni akipan 30 May nidong
e36160	zd:11081	Thursday nidong kikhakcip hi
e36161	zd:11062	Nigeria gamah zihau in aminthang
e36162	zd:20145	Crotia leh Nigeria te tawh group-D ah omkhawm kha uh hi
e36163	zd:13326	Meikatna munpen Nightclub khat tawhzong kinai mahmah kici hi
e36164	zd:14763	Germany gamsung aom Nightclub khatah thau kikap
e36165	zd:9430	Mi nih le thum omkhopnaah ngaihsutzia a kibang lo om thei hi
e36166	zd:23987	Midang nih le thum tawh biakna pen
e36167	zd:24338	Mi nih le thum paikhawmin
e36168	zd:9134	Innkuan khat sungah mo nih leh thum a kemkhawm thei
e36169	zd:11452	master nih leh thum i neih pen kiphattuam zaw
e36170	zd:22686	Zomite' Biakinn nihah kikhom kha thei
e36171	zd:21843	a mailam leh a panglam mun nihah na ki suangin
e36172	zd:21989	nihlak pan khat zuihloh a phamawh ci ni
e36173	zd:21918	Mi a kibang mahmah nihlak ah khat in
e36174	zd:11044	atate nihleh azi tawh Zoo ah ahawh uh
e36175	zd:11271	Coast Guard Boats nihleh Navy Vessel khattawh
e36176	zd:16976	maitang nih anei ahih manin, akamzong nihmah phahi
e36177	zd:20142	tua gam te nihmah hi phadiak hi
e36178	pk:5	nambat nihna-a
e36179	pk:150	Ni nihni
e36180	zd:11752	asite lakah nihpen unau cisawnsawn hi
e36181	zd:15123	atate nihpen avaknading lungkhamhuai hi
e36182	pk:141	anaakbul nihsuah
e36183	pk:142	Anaak nihsuahin, tanupi leh thalloh hawmsak hi
e36184	zd:11504	Jubal Band leh Falcon Band nihtak in atumsak ahihi
e36185	zd:17514	meiphelh mawtaw Fire Engine zong nihtak in aphual ah delhpah uhhi
e36186	zd:12456	tui bel nihtawh puakpheipah in
e36187	zd:11545	Ambulance nihtawh kidelhpah cihi
e36188	zd:14848	akapte Motorcycle nihtawh taikhia uh cihi
e36189	zd:14899	tua Bus nihtepen Bukit Jalil Stadium zuanin hongpaikhia uh ahihi
e36190	zd:16584	Tua Professor nihtepen Chou Kun-hsuan leh Liu Ching-huang kici a
e36191	zd:14965	tua Doctors nihtezong nasepna panin ki khawlsakphot
e36192	zd:15994	Atanu nihtezong amasung tektek panin apiang ahih hangin
e36193	zd:22495	A nihtuak un a ngimna bel a kibang hi
e36194	zd:23590	A nihtuak mahin thupi tuak hi
e36195	zd:26953	a nihtuak in enkhawm ni
e36196	zd:12955	London khuasung ahzong nihveibang buaina piangkhin ahih manin
e36197	zd:15283	anei te innpan in nihveibang kipaikhiakhin himahleh
e36198	zd:11285	kalkhat sungin meikang nihveitak ommawk a
e36199	zd:13260	nihveitak pasal anei ngeikhin cisawnsawn hi
e36200	zd:11234	Mawtaw hawl Drivers te nihzong limliam mahmah uhhi
e36201	zd:15577	adang khuasung mite nihzong aciahsawm uh hi a
e36202	zd:15255	Gas Canister nihzong kimu a
e36203	zd:24496	nii a tum ngeilo Zomi Empire
e36204	zd:22470	1827 kum November 26 nii-in
e36205	zd:9254	tua nu' silh ding niik leh puan
e36206	zd:24123	ka nu le ka pa puanteen leh niik khat tuak
e36207	zd:23910	annek tuidawn le puansilh niikteen na leina company
e36208	zd:21003	Kizepna lamsang niikteen puansilh peuhmah
e36209	zd:14767	niikten puansilh ut bangbang kingah aa
e36210	zd:23131	a niikten naleng a sawp nuamlo om mawk hi
e36211	zd:23551	tua luitui pen niin den hi
e36212	zd:21174	ko naupang te niin lua ung
e36213	zd:22650	a niin khempeuh uh lui, ciktui leh bual sungah paai
e36214	zd:21013	a sum muh bangbang nik leh puan kizepna in bei sak hi
e36215	zd:22303	design kihel nik leh puan ong silh ong ten ding hoih hi
e36216	zd:10823	numeite bangin nikbawk peuh teengin
e36217	zd:19707	Na Jean nikbawk pen tomlua mahmah a
e36218	zd:20501	nikbawk atom mahmah
e36219	zd:16717	numeite nikbawknuai panin Video
e36220	zd:19798	Ei zong nikhat niteh hih bangin Siavuan a siam ih nei thei dinga
e36221	zd:19621	nikhat niteh mithupi khat suak ding hi
e36222	zd:14730	Peelloh bel nikhat niteh kizangh nawnlo veve ding
e36223	zd:18089	Tua khutdawhngen te'n nikhatin RM300 bang ngahthei uh
e36224	zd:19734	Rohingya te nikhatin naungek suakthak 60 bang omden
e36225	zd:19213	Practice Session pen nikhatin nai 5 sungta
e36226	zd:21876	Ahizongin nikhatni ciangin company lianpi a makaih dingin kisam mawk hi
e36227	zd:20218	nikhatni-in Topa Jesu hong pai kik ding thu kikum uh a
e36228	zd:10729	Kumthak nikhatni ahih keileh January 1 nipen
e36229	zd:17917	Yangon Region sungah nikhatsung in mei 7 veitak kang
e36230	zd:19786	Thai gamsung ah nikhatsung in Bomb 20 vei puakkham
e36231	zd:14865	Penang ah nikhatsung in mun 3 ah mawtaw meikang kawikawi
e36232	zd:12117	niklehpuan zong bangmah silhlo cihi
e36233	zd:11207	Tembaw sungah nektheih tuamtuam, zatui leh niklehpuan
e36234	zd:22650	inn lamna, niklepuan sawpna, anhuanna, inn puahna
e36235	zd:15851	azanlup niklepuan tawh omngeingai uhhi
e36236	zd:23419	A sin a lung teng zan niknek hi
e36237	zd:21463	anui niknek laite pen lauhuai khia mahmah hi
e36238	zd:10698	Nepal gamah kum 15 niknin nei numeikhat
e36239	pk:158	a nikpi hong veii dial dial
e36240	pk:65	Numeite' nikte
e36241	zd:16621	sangnaupang te ii aneihsa nikteen puansilh
e36242	zd:19936	nikteen puansilh zuakna
e36243	zd:26097	nikten puansilh tawh buai hetlo hi
e36244	zd:23385	nikten puansilh hoih nono i lei hunin
e36245	zd:24117	Nile gunpang tuilak phai kawm ah koih hi
e36246	zd:21547	nileh Kha, kum cihte zong omlo hi
e36247	zd:17521	Ka nileh ka hun te
e36248	zd:10662	pasalkhat Christmas nilian in suak ahih manin
e36249	zd:21279	thu a ngaihsun ngeuu-ngauu nilohte nam ahi hi
e36250	zd:18026	sing kung lopaa hong nim kik aa
e36251	zd:24276	sung nim, luak suak thei hi
e36252	zd:10745	Sihvui nima nitak sim nai 7:00PM hunin
e36253	zd:13069	a sumte July 15, 2017 nima in
e36254	zd:19646	West Bengal sungahzong Sunday nimah in
e36255	zd:11384	Saturday nimah in Yangon aom French Embassy ah
e36256	pk:106	Nimin na gelh ciangin
e36257	pk:89	nimit gelhna-ah kizang hi
e36258	pk:106	tungthuh teng leh nimit gelh in
e36259	zd:23246	nimit: October 2, 2019
e36260	zd:25311	vai thupi tangkona nimit : Aug.27,2021
e36261	pk:12	A sam a nimvom hi
e36262	zd:23512	Nak, kam leh mit te khut nin tawh sawk lo hamtang ding
e36263	zd:20959	A hoih lo leh a nin teng hem khia in
e36264	4.19.15	a kihong beel peuhmah a nin ahi hi
e36265	4.19.11	ni sagih sung a nin hi ding hi
e36266	19.106.39	amaute a nin suak uh a
e36267	44.10.14	a siangtho lo na leh a nin na
e36268	3.18.25	leitang a nin suak ahih ciangin
e36269	3.13.46	a natna a neih lai teng a nin hi
e36270	3.15.32	tua tawh mi nin a suakpa
e36271	44.11.9	a nin na ci kei ding hi
e36272	3.7.18	Tua sa a nin hi ding a
e36273	44.10.28	a nin hi, kuamah ka cih loh nadingin
e36274	zd:16862	Inn sim in nin koi-ah khol ding
e36275	zd:20131	nin paihtheih nading nindum khat ki bawl hi
e36276	zd:22444	nin thaang' paih kei ni
e36277	zd:16680	munkhat khat te-ah ninbua theilo ding
e36278	zd:16790	ninbua mawtaw in nin hong khawm ding ahih man in
e36279	zd:12373	Tua leh ninbung sung thakhat in hong en hi
e36280	zd:23727	na zat khit ciangin ninbung sung pai pah in
e36281	zd:21239	ninbung sungah pai pahpah kei zaw in
e36282	zd:10725	Tu ni nuam sa ning ei
e36283	zd:21305	Ka min hangin lunghi mawh nawnkei mah ning ei
e36284	zd:23957	Hun lem khatah lai hong khak kik sawm ning maw
e36285	zd:17663	Ong gen lai ning maw
e36286	zd:20280	Hih a nuai gual pan in dawnna hong pia ning maw
e36287	zd:23797	ninga ni or Nipi ni pen
e36288	zd:16940	Sipin mawtaw ten ningani sim
e36289	zd:11044	Ningbo Company ah 2000 kum akipan
e36290	zd:20513	Ong that kei ningin sila-in ong khawi ning
e36291	zd:23037	ken lai hong sim toto ningin
e36292	zd:24648	vanleng tawh khualzin pen ningkum sang tampi kiam zaw
e36293	zd:20646	a vul ningniang thei uh hi
e36294	zd:22683	sual tung ah kia ningniang hi
e36295	zd:22653	Mel hoih ningtui ki dawn thei lo
e36296	zd:24234	mawtaw sungah ningtui zong bua non lo hi
e36297	pk:129	ningzu khum leh aisa aw e
e36298	zd:20131	ningzu aisa ne in lawm leh gual tawh gualnuam in
e36299	zd:25393	ningzu khum lai aisa aw e
e36300	zd:11221	Saturday leh Sunday ninihsung zong guahzuzu laiding cih tangko uhhi
e36301	zd:13303	Sunday leh Monday ninihsung kibawlding
e36302	zd:14969	guahtui ninihsung akizom in azukna hangin
e36303	zd:13311	asisa in innkicim ninkawmlak panin aki mukhia cihi
e36304	zd:11240	innnunglam ninkipaihna ninkawmlak ah sun 2pm hunpawl in akimu
e36305	zd:20089	ni sialsial in ninkhawm in hong pai tawntung hi
e36306	zd:16790	Tedim Municipal pan ninkhawm Mawtaw vai gencianna
e36307	zd:12785	vanleng sungah nasem te huhin ninkhawm buambuam
e36308	zd:13129	azaihkhit uhciangin ninlak ah paaikhiapah uhhi
e36309	zd:16695	ninlak a a om lungnote
e36310	zd:16037	holiday leh nasep manhun Nipi nino peuh a
e36311	zd:24133	Nipi, Nilai, nino
e36312	zd:24253	nuntakna zing nino thak hong suah ding kal
e36313	zd:11360	a mawtaw pen ninpaihna gei ah akhawlsak khitciangin
e36314	zd:17311	ninpaihna hoihtak kibawllo hi
e36315	zd:17603	Virginia ah ninpuakna mawtaw
e36316	zd:12157	Singapore gamsung ah ninpuakna mawtaw
e36317	zd:20131	ngaihsutna picing tak tawh i ninte mawk paih kei ni
e36318	zd:19408	na ninte uh tawh Kamhau lampi leh Tedim lampi tungah
e36319	zd:19176	Khuasung lamzikpi te tungah ninthem tawh kidim in
e36320	zd:18145	ninthem akihal hidingin ka ummawh hi
e36321	zd:20652	Tua nipan kipan sakol leh bawngtal ki lawmta thei nawnlo
e36322	zd:12115	April 13 nipan in kipanding a
e36323	zd:21817	Tua nipan kipan tua mipa hong moisuah zawpah hi
e36324	zd:12587	May 14 nipek panin akipan uh hi a
e36325	zd:15609	September 26 nipek akipan inn ah ciahlo ahih manin
e36326	zd:15007	Tuesday nipen Birthday ahihi
e36327	zd:12231	maikal Monday nipen Myanmar Embassy kikhakding
e36328	pk:72	Nung nipi a kipan
e36329	zd:23249	nipi khat in khat vei bazaar pai hi
e36330	zd:21703	Adventus hun sung pen nipi kal 4 sawt hi
e36331	zd:23240	nipi nih val deuh ka tam hi
e36332	zd:21013	nipi kaal khat sungah a noppen
e36333	zd:21174	nipi kaal tamlo sungin naupang 100 kahthei uh a
e36334	ts:10554	nung nipi kaal sung guah tam luatna hangin
e36335	zd:9430	nipi sang thusinna ah bang thu kisin hiam
e36336	zd:17437	nipi sang kahsak uh aa
e36337	pk:98	nipi-kal nite laimalpi tawh kipan hi
e36338	zd:23022	nipikal nih sung luttheihna ngah zo loin
e36339	zd:20977	nipikal tawmcik khit ciangin
e36340	zd:9230	nipikal khat-in khatvei mun khat-ah kimukhawm uh-a
e36341	27.10.2	nipikal thum sung khakunin dahin ka om
e36342	5.16.9	nipikal sagih na simto ding uh hi
e36343	44.28.14	nipikal khat sung hong taam un
e36344	27.10.3	nipikal thum a bei mateng
e36345	zd:10743	Nipini biak kikhop hun sungah
e36346	ts:3375	Nipini a silh ding leh nasepna a silh ding puan
e36347	zd:23539	Nipini nitak simin Vineyard Fellowship ah ka kikhawm thei tawntung uh hi
e36348	pk:12	nipipak a ngum ta hi
e36349	zd:23191	Nipisang leh leitung sang gensia ngei kei-in
e36350	zd:21174	Nipisang athupitzia a tom in
e36351	zd:23283	Khamtung gam teng Nipon
e36352	zd:14844	leh Nipon Foundation makaipi
e36353	zd:20329	Ih nisim nuntakna sungah i tuahkhak haksatna tampi om thei hi
e36354	zd:22719	nisim nuntakna ah ngaihsutna hoih tawh nasep ding kipan in
e36355	ts:6697	nisim phial in Inn hal behbeh lai uh ci hi
e36356	zd:11386	nisim phial in buhcim be tawh hi zel
e36357	zd:12093	nisimphial in azi vuaden ahihman in
e36358	zd:19543	nisimphial inzong tuahsiatna omthei zelzel a
e36359	zd:11342	Tua Nissan Almera mawtaw ahawlpen numeikhat hi a
e36360	zd:18691	lamzikpi tungah Nissan mawtaw khat puakkham
e36361	ts:12042	nitumna lam le nisuah lam ah
e36362	zd:25312	nisuah nalam pen Byzantine gam uk hi-in
e36363	zd:23843	nisuah na, nitumna, sakleh khangci lo in
e36364	zd:19141	nisuahnalam aom Odisha State zuanin
e36365	zd:19514	Hawaii Island ii nisuahnalam Leilani Estates
e36366	zd:12698	nisuhgah sungah innlawi leh sialkum namkhat ahi
e36367	zd:24234	Nipi nisun cih kikhophunte ah
e36368	zd:19431	sizanhah nisun pen
e36369	zd:19166	Tua nitaak ciangin a tanute nihin
e36370	zd:20172	nitaak zong lumbaih nuam
e36371	zd:17860	13-ni nitaak nai 9-in
e36372	zd:11110	nitaak nai 6 kiim-in Yangon pan-in ka-dingkhia uhhi
e36373	zd:23797	nitak sim in lai kasim zel hi
e36374	zd:12168	nitak kikhopna omding
e36375	zd:10892	Nasep hun zingsang nai 8 pan nitak nai 8
e36376	19.104.23	nitak mateng na sem uh hi
e36377	19.90.6	nitak ciangin vulin keu uh hi
e36378	3.11.25	a puan sawpin, nitak mateng a nin hi ding hi
e36379	40.20.9	nitak nai nga lai takin a cialte
e36380	zd:19371	nitak an khuazang bup in kine khawm hi
e36381	zd:20946	nitak an nekkhit phetin lumpah lo ding hi
e36382	zd:25736	in nitak an nuamtakin ki ne hi
e36383	zd:23539	Tua nitak lamin Sanginn mawtaw tawh zato ah
e36384	ts:3882	nitak lamin SAC te'n Drone tawh hong kap uh
e36385	zd:23240	nitak lup kuan ciangin innlim ah innkuan in kihona khat ong om hi
e36386	zd:20822	nitak lup hun, zan ihmut hun leh sun nasep buai mahmah hun in
e36387	zd:19654	nitak nai 6 ah ki muding in
e36388	pk:72	Tua ui zan nitaka kipan
e36389	zd:23616	nitakkhat mawtaw omlo a hihmanin
e36390	zd:24276	nitakkhat bekbek na sin lecin
e36391	zd:25280	nitaklam nai 2 pan kipan ding
e36392	zd:15307	Saturday nitaklam 5:10pm hunin thupiang ahihi
e36393	zd:11897	nitaklam in thupiang ahihi
e36394	zd:14919	Friday nitaklamdong in khuasung ah
e36395	zd:24276	a dam ma dong nitaksim hih zel ding hi
e36396	zd:15941	nitaksim lupma in hunzang khawm
e36397	zd:20920	Dawng khat bek zong nitampi zan tampi kibuaipih hi
e36398	zd:19176	nitampi hunlak kulding hi
e36399	zd:12941	nitampi pan kaal khat cihbangdong sawt thei hi
e36400	zd:11441	nitang tawh aki vakthei lalcin ahihi
e36401	zd:20747	nitang hoihtak a ngahna mun
e36402	zd:11438	sunthapai nitang ki ngahtheiding cihi
e36403	zd:14730	nikhat niteh kizangh nawnlo veve ding
e36404	zd:21271	ni khat niteh, Federalism kizangh ding hi
e36405	zd:11431	suangsat bek le uh zong nitha tung mahmah hi
e36406	zd:25532	nasep kuan leng nitha tungzaw ahih man in
e36407	zd:25300	gualzawhna nithak hong suak pelmawh ding hi
e36408	zd:10725	Pasian hong piak nithak hunthak ah
e36409	zd:14937	nithumsung bekbek in Myanmar pan Bangladesh gamsung zuanin
e36410	zd:15554	ci'n nithumsung akibawl Concert pen
e36411	zd:19662	Kawl biakna nithupi te bek kikhak in
e36412	zd:24330	ni pen nithupi in ii ciam teh aa
e36413	zd:23729	A manpha mahmah nitrogen dat zong kem lai hi
e36414	zd:21006	nitrogen dat tam a ngahluat leh
e36415	zd:17622	Tuani nitumkuan ciangin Runway te ki hongkik theipan hi
e36416	zd:19697	nitumkuan huihvot ah kidiah kawmin
e36417	zd:18952	Sente kiamsukna leh nitumna gamte khantohna pan pilna
e36418	zd:24283	Hih pulnatna hangin nitumna gamte le Japan te' company lianpite
e36419	ts:3284	nitumna lam Israel in uk a
e36420	zd:23038	nitumna lam gam teng ah
e36421	zd:16651	Jerusalem i nitumna lam ngah a
e36422	zd:14577	Asia gamsung ahzong nitumna lamte gamtat hoihlo teng
e36423	zd:18952	Tua hun in nitumna lamte in tua bang dinmun
e36424	zd:16433	Lungdambawl nizan hisawnsawnh hi
e36425	zd:19579	Thursday leh Friday nizong Public Holiday in ki pulakkhia hi
e36426	zd:18042	Saturday leh Sunday nizong thuakteta kullaiding
e36427	zd:15606	Sangsia te'nlah satkhuan, khut ngakkhuan omlo cimawk
e36428	zd:21978	2015 kiteelpi ah NLD in zo hi
e36429	zd:17344	Chin state ah NLD kumpi hi
e36430	zd:24932	NLD in khat zong manglo hi
e36431	zd:9441	Bangzahta in nna sem cih kithei zo lo
e36432	zd:9440	Nikhat nna sem
e36433	zd:20968	Hih anuai a phone no
e36434	ts:9093	Monyua District battalion no
e36435	pk:163	a pi san a no san
e36436	zd:21978	Nobel Peace Prize a kipan degree le Award tampi ngah hi
e36437	zd:24310	ka zi in na nohset pah a
e36438	zd:20935	amah nohset kawmin a mai-ah kun a
e36439	zd:17854	khut ki nohset hi
e36440	zd:20475	Hih Greater Noida kicihna vengsung ah
e36441	zd:23843	Huntom nokhat sungin
e36442	zd:11506	Nokia te Mobile Handset bawl kipan kikta
e36443	zd:17442	Ka Nokia phone leh kanai
e36444	zd:20795	mi kilawm nominate masa
e36445	zd:23343	aki nominate leh a qualify man hihenla
e36446	zd:23513	Democrat Presidential nominee a ngah peuh kidem ding
e36447	pk:21	Zatang a nomvalh hi
e36448	zd:11986	Python gulpi khatin mikhat nomvalh ahih manin
e36449	zd:18093	ganhing asialin a nomvalh leh
e36450	zd:15662	Ka dawng kik non kei hi
e36451	zd:15324	Nasep laih laih non kei in
e36452	zd:25357	kimanna om non lo ding hi
e36453	zd:16302	nongkhak kawikawi kullo a
e36454	zd:10964	teng 7 nongkhak kulding hi
e36455	zd:17965	hun nongpiak lungdam mahmah ung
e36456	zd:15874	Na sisan nongpiak leh suahtakna kong pia ding hi
e36457	zd:15109	Agentte in ahun lap in ZYA Zum ah nongpuak kimciat nadingun
e36458	zd:16813	nongpuak dinguh a kisam information teng
e36459	zd:14791	Kei nongsap leh kong dawng kik ding a
e36460	zd:16813	nongsap laitak kongdawn mankeileh Text Message ongkhak un
e36461	zd:22981	Lai nongsim sak lungdam
e36462	zd:15489	Lai nongsimsak lungdam
e36463	zd:20999	Zongeina theih leh zat nei nonlo uh hi
e36464	zd:24234	biakinn kikhop ding hong kiphal nonlo hi
e36465	zd:20902	nasep nei nonlo in om hi
e36466	zd:23901	Hih Covid-19 amasot nonloh nading in
e36467	zd:17326	ih khialh nonloh nang cihna hi
e36468	zd:11803	Bangkok City tawh aki gamlalualo Nonthaburi Province sung
e36469	zd:17200	Nonthaburi ah mawtaw tuahsia
e36470	zd:11364	Customer pa in Noodle kuang 3 vaikhak cihi
e36471	zd:21384	Lametbei cih pen kiliatsak nop man hithei a
e36472	zd:25139	mite kiang pan like ngah nop man bek a gamta
e36473	zd:26238	Khuado te nopcitak leh thupitak in kibawl den hi
e36474	zd:12259	Thingyan tuibuahpawi nopcitak in kibawl kawikawi hi
e36475	pk:155	nopla, dahla, lunglen khuangaih la
e36476	pk:85	a pai noplam a gen hi
e36477	zd:19898	Na dahsak nopleh oltak in na dahsak thei hi
e36478	zd:15602	Lungphona aneih nopleh adang ah lungpho hen
e36479	zd:25924	Na khatpeuhpeuh ihsep noploh ciang in
e36480	zd:22415	dawnkik noploh ding thungetna om ngeilo hi
e36481	zd:25100	Israel mite in a up noplohna pen
e36482	zd:20841	Hong kithuahpih noplohna pen hong engluatman hi zaw hi
e36483	zd:21633	pumpi tungah noplohna tuamtuam hong ki hil pan hi
e36484	zd:22959	noplohna tuamtuam piangsak hi
e36485	zd:25917	Thakhat thu in hauh nopluat man in
e36486	zd:19671	Prime Minister panin ahawlkhiat nopluat manun
e36487	zd:25225	i lasak nopluatna
e36488	zd:26495	gamdang bekbek zinkhiat nopluatna
e36489	zd:13127	Facebook tungah minthan nopman in
e36490	zd:20800	omkhop tawntung nopman hi zaw hi
e36491	zd:13314	Midang te maiah kavun hangin nopmawh kasa mahmah hi
e36492	zd:19856	Phamawh lua khollo napi, nopmawh thei peuhmah hi
e36493	zd:10929	agei aom te ading inzong nopmawh mahmah hi
e36494	zd:19468	tua agim namsia hangin nopmawhsa uh cihi
e36495	zd:16947	nopmawhsa mahmah uh a, maizumhuai kisa mahmah hi
e36496	zd:21033	Myanmar ki-ukzia a nopmawhsak pen GAD department vai
e36497	zd:12337	nopna dahna ah niangtui tang in zu zangh uh hi
e36498	zd:19139	nopna dahna ah lungsim puak zia hong siamsak thei hi
e36499	zd:19139	nopna dahna ah lungsim puak zia hong siamsak thei hi
e36500	zd:12337	nopna dahna ah niangtui tang in zu zangh uh hi
e36501	zd:25489	leitung bup ah nopna daihna hong pian kum hita hen
e36502	zd:20786	leitung ah nopna daihna piangsak in
e36503	zd:24079	Nang zong sanleen nopna lungsim na neih ding kisam hi
e36504	zd:23989	Midangte ading phattuamna neih nopna lungsim
e36505	zd:10842	Thai te'nzong hong nopneh mahmah veve uhhi
e36506	zd:23394	Kha tawh a kidimlote Satan in nopneh hi
e36507	zd:19637	ong ki nopneh mahmah ta hi
e36508	zd:12794	Accident hilo in nopnehbawl hi cih atheih ciangin
e36509	zd:16865	hihbangdan ki nopnehna, ki nawngkaisakna aomleh
e36510	zd:23419	I gam ong nopnehna hi
e36511	zd:25165	a deihdeih a nopnop in
e36512	zd:15894	na thapiak nopnop nangma' thuthu ahi hi
e36513	zd:11860	Hih bangin noptak in lei theihna pen
e36514	zd:12210	mikim in noptak in leizo a
e36515	zd:19714	mitampi in noptuam pih hi
e36516	zd:25624	ka noptuam pih mahmah ve leh
e36517	zd:15558	abeisa sangin tampi noptuam zawtham khading hi
e36518	zd:17607	hangin tampi noptuamding hi ci'n
e36519	zd:25569	Mimal leh mipawlkhat noptuamding deihna
e36520	zd:12359	akibawlbawl hangin noptuamlo, phatuamlo hi
e36521	zd:11382	Zato ah noptuamlo in suksemsem ahih man
e36522	zd:21918	mi tampi tak in noptuampih khin uh hi
e36523	zd:22922	amah mah in zong, a noptuampih ngeikei ding hi
e36524	zd:14858	adangte bel noptuamta cihi
e36525	zd:12450	a inn ah ki ciahpih a, noptuamta cihi
e36526	zd:18200	kawl zia leh kawl pau nopzat mahmah uh hi
e36527	zd:15976	Malaysia gamsung ahzong thau nopzat mahmah uhhi
e36528	zd:25932	Ei guakbek om hithiat pen nopzaw theikha mah ding hi
e36529	zd:11734	Company dangdang ah sepsangin nopzaw khading hi
e36530	zd:22116	normal mihingte a gen i hihi
e36531	zd:20367	Diplomatic Passport leh normal Passport ahihi
e36532	zd:9221	Moody' omna Northfield, Massachusetts lam zuanin pai pah vingveng hi
e36533	zd:26566	Norway gam tawh kisai tawm na gen masa ni
e36534	zd:20513	Norway kumpi-in nakpi-in panpihin
e36535	zd:20195	Na lungsim na pumpi hong nosuah pah ding hi
e36536	zd:19245	Tua in nosuah sak tuam mahmah hi
e36537	zd:20747	Pumpi nosuahna leh lungsim
e36538	zd:20778	na pumpi sungkhempeuh ah nosuahna hong tungsak hi
e36539	zd:21148	Pasian in cidamna le nosuahna thupha pia beh lai ding hi
e36540	zd:20778	Tua in pumpi nasepna hong nosuaksak hi
e36541	zd:24276	Pumpi hong nosuaksak hi
e36542	10.11.23	amaute ka not kik uh hi
e36543	23.36.9	bangci-in not zo ding na hi uh hiam
e36544	zd:8667	hih teng kei ma mun hi, notawh kisai kei
e36545	zd:24038	notawh na kinai na penpen phualpi
e36546	pk:54	Zanin, note koi-ah om na hi vua
e36547	pk:57	note in, kua liamsuah na hi uh hiam
e36548	pk:71	note in, Zopau na pau uh hi
e36549	zd:10952	Tu ni pen note ni ahi hi
e36550	zd:23037	note ZONG NA PAI NUAM UH HIAM?
e36551	zd:25473	note adingin thungen den
e36552		na khempeuh note tungah kong pia hi
e36553	31.1.2	minamte lakah note kong neusak ding a
e36554	5.29.14	Hih kiciamna note bek tawh a bawl hi lo
e36555	42.12.32	note kiangah Gam a hong pia nuam hi
e36556	pk:46	Pasal note'n, a tukpeng uh mansuah uh hi
e36557	zd:11452	thu hoih i sim khakte pen notebook ah tei khia zel leng
e36558	zd:17666	Ka notebook ah zanni a ka ciapteh teng
e36559	zd:24004	a lem bangin notebook sungah ciamteh in la
e36560	zd:26531	laibu thak khat ta sim kawm in Notes ka la hi
e36561	zd:24244	google sheet tawh tuadan in Notes ka zang hi
e36562	zd:11553	cih Notice golpi kisuang biabua hi
e36563	zd:19215	Notice sungah akikhakna ahangpen Company in bangmah gencianna neilo uhhi
e36564	zd:17618	average in Notification ging bekbek pen 63.5 vei bang ngah hi
e36565	zd:9244	novel pawlkhat zong gelh-a
e36566	zd:9265	Susan' gelh novel Say and Seal kici laibu
e36567	zd:15874	nozong Zomi Nationalist hi uh leh
e36568	zd:20257	Tua ahih manin nozong gamthumna ah atungsa na mipihte tungah
e36569	zd:19721	cih NST pan kiza hi
e36570	zd:13078	hi ci'n NST te'n genkhia uhhi
e36571	zd:16337	eimi sungah haksa lai hi'nteh
e36572	zd:19108	sem-a pai hi'nteh kaci hi
e36573	ts:261	Na nu na pa kua?
e36574	zd:21529	A nu thu a mang mi hi ding hi
e36575	zd:24119	nu aw, kong ngai lua hi
e36576		ka nu tawh lam paikhawm
e36577	20.31.1	a nu in a thuhilhna
e36578	19.27.10	ka nu leh ka pa in hong nusiat hangin
e36579	1.2.24	a nu leh a pa nusia-in a zi beel
e36580	zd:18234	Pa Gin Khan Suan leh nu Dim Buah te tapa
e36581	zd:17409	nu Mangte' inn nambat
e36582	zd:24176	a pasal' nu leh pa leh sanggam innkuonpihte zong itpah hi
e36583	zd:26943	nu leh pa leh tate' kizopna
e36584	zd:24119	nu leh pa-te' thunget hat dan lamdang ka sa hi
e36585	pk:95	Ka nu'n hong it hi
e36586	pk:13	Ka nu-in khi a ok hi
e36587	zd:24086	Na tuunnu a pham nua ciang kisik kik in
e36588	zd:24176	Ka nua ciangah mim leh sawmtang huai hen aw
e36589	zd:20786	a nuai aa bangin na khen hi
e36590	zd:25925	a nuai aa link ah kisiau thei ta hi
e36591	zd:23733	A nuai aa bangin kong kup pih nuam hi
e36592	pk:65	a nuai-abangin, i genthei hi
e36593	pk:61	Tua laibu in, singkuang nuai-ah a om hi
e36594	zd:22065	Tuate lakah nam sagih a nuaia bang ahi hi
e36595	zd:16813	a sumkhak nadingpen a nuaia bang hiding hi
e36596	zd:22975	a nuaia hong belh thuah ung
e36597	zd:22065	Tuate lakah nam sagih a nuaia bang ahi hi
e36598	zd:16813	a sumkhak nadingpen a nuaia bang hiding hi
e36599	zd:23832	a nuaia bangin hong piangding hi
e36600	zd:24530	thu khentatna a nuaia bangin kinei hi
e36601	zd:23556	a nuaia bangin thu thum kikum leng
e36602	zd:11251	tua laidal zong nuaicip in paiziau hi
e36603	ts:4850	a vekpi un lutin nuaicip mang uh hi
e36604	zd:19953	Malaysia hong pai, nuailam hong zuite
e36605	ts:10538	Kalaymyo a om nuailam simtham nasem pawl
e36606	zd:17132	midangte' nuainet simmawhna cihte a lungdam kuamah omlo hi
e36607	zd:24164	Tungsiah nuaisiah tawh aki zom siammi tel ding
e36608	zd:21925	Kum 40 nuaisiahte in instant messaging zang deuh hi
e36609	zd:24276	Khatpen kum 35 nuaisiahte tungah piangthei hi
e36610	zd:25109	van lam gal khempeuh nuaizan zo pah uh hi
e36611	zd:17395	geilekiang bekah nuakkhuan
e36612	zd:26252	alangpang teng in nuaksan hi
e36613	pk:83	Kei in, sang ka kah nuam hi
e36614	ts:3508	Kei zong thei nuam ing
e36615	zd:23554	Hong mapii un, khangto nuam ungh
e36616	40.22.3	a hawh nuam kei uh hi
e36617	41.6.19	a that nuam hangin that zo lo hi
e36618	4.22.14	Balaam in kote hong zui nuam lo hi
e36619	18.22.7	a gilkialte an na pia nuam kei hi
e36620	zd:23985	Mun nuam ah paipih in
e36621	zd:24610	inn ah nuam takin kitawlnga hi
e36622	zd:21110	Innkuan nuam i cih te
e36623	43.13.17	na lung uh nuam mahmah ding hi
e36624	44.26.2	gen thei ding ka hih ciangin ka nuam hi
e36625	19.97.8	Zion in za-in nuam a
e36626	20.23.16	Thuman na gen ciangin, ka nuam mahmah ding hi
e36627	42.1.47	Topa Pasian hangin ka kha a nuam hi
e36628	19.16.6	Kei-a’ pen mun nuam sung hong tu
e36629	21.11.7	i mit in nitaang a muh ciangin nuam mahmah hi
e36630	22.7.6	na meel muh, nuam zungzung hi
e36631	40.2.10	aksi a muh uh ciangin nuam mahmah uh a
e36632	zd:22941	Amote in zong it in nuam kisa mahmah uhi
e36633	zd:18194	hun ki man in nuam kisa mah mah hi
e36634	zd:17448	kua in thuak nuamding hiam
e36635	zd:12050	alung zong nuamding in ka lamen hi
e36636	zd:20263	kalung uh nuamhetlo hi
e36637	zd:14561	ahih manin Driver pa nuamhetlo
e36638	zd:11557	Malaysia kumpi thunei te nuamhetlo uhhi
e36639	zd:23022	Topa in nang hong sui nuamhi
e36640	zd:20905	kong phawksak kik phapha nuamhi
e36641	zd:14579	cih kong pulaak nuamhi
e36642	zd:13088	Na Pa' Thupha na sang nuamhiam
e36643	zd:24276	Khukna a damna na thei nuamhiam
e36644	zd:20334	mite in mu nuamin nakpi takin a na dawn uh hi
e36645	zd:24673	lawhcing nuamin hanciam ciat uh hi
e36646	zd:23803	gualzawhna i ngah ngei a, nuamin i kipak hi
e36647	zd:20942	Ka lung nuamin, ka ankam lim a
e36648	zd:14927	Pai nuamkei taleng pai kul hi
e36649	zd:19166	Khalkha bang munte ah ka sem nuamkei hi
e36650	zd:22364	a gamta hiathiatte' tawh kikhawlh nuamkisa zaw hi
e36651	zd:24289	ei tawh paukibat pihte mah nuamkisa a
e36652	zd:17804	mapang nuamlai na om uh leh
e36653	zd:24955	tuni nungta nuamlai kahihteh
e36654	zd:19662	Croatia gamkhen kumpi in pia nuamlo hi
e36655	zd:22586	Sangnaupang khat lai sim nuamlo
e36656	zd:12928	A lung nuamlo ahih manin
e36657	zd:11571	Laisim thei napi-in laisim nuamlote
e36658	zd:25206	A hilhsawn nuamlote adingin
e36659	zd:16424	Ka ngaih mahmah laitaka hong phawk nuamlote
e36660	ts:3125	Mawtaw puahna ah sem nuamlua ka hih manin
e36661	zd:22827	thupha pia nuamlua ahih manin
e36662	zd:23773	a sihma in ata musak nuamlua uh hi
e36663	zd:19166	hong ki theipah hanhanin, hong nuammahmah hi
e36664	zd:23745	nasep neilo nasem nuammahmah napi
e36665	zd:14883	Leitung ah nuntata nuamnawn keng
e36666	zd:21974	bek ki en nuamnawn loin
e36667	zd:11457	kuamah in tawitawi nuamnawnlo uh a
e36668	zd:12021	a phone pen suhsak in piakik nuamnawnlo hi
e36669	zd:12504	Zineiding in ciahkik nuampah ahih manin
e36670	zd:21115	na omdan ong nuampah ding hi
e36671	zd:25212	Akihel nuampeuh mah ki welcome ding hi
e36672	zd:14826	Angai nuampeuh mah in hih contact ah la kingen thei hi
e36673	zd:16625	a mel ah nuamsakna mel tawh vaak hi
e36674	ts:11162	tawntung nuamsakna vangam ah napito ahihi
e36675	zd:20979	anasep nuamsalo thei uh hi
e36676	zd:15748	innkuante tawh kimu kin nuamta uh ahih manin
e36677	zd:26238	ZIOK Khuado 2023 nuamtak kizo
e36678	zd:21127	Zomi PESTEL Talk nuamtak kizo
e36679	zd:19826	nuamtaka ihmu in zingsang khuavak dong ka tawldam uh hi
e36680	zd:16078	nuamtaka a zangthei dingin deihsakna i kipuak hi
e36681	zd:23005	atel nuamtein a tungaa siate kiang ah kidong thei ding hi
e36682	zd:11199	khualzinmi te ading inzong etdan nuamzawding kici hi
e36683	zd:20236	azat nuamzawding in 1400 sq feet in ki behlapto dinga
e36684	zd:22868	nuapang 6 le a ni
e36685	zd:19606	nuapang,nausuaktung a kipan damlo tampitak zong kihel uhhi
e36686	pk:136	nubel leh pabel a sihkhit ciangin
e36687	zd:10988	nuclear galvan pua thei hi
e36688	zd:10788	nuclear galvan tawh kisai thu tomkim
e36689	zd:10788	nuclear galvan tawh kisai thu tomkim
e36690	zd:17990	nuclear galvan a tam nei zozo kidem uh hi
e36691	zd:10988	nuclear galvan pua thei hi
e36692	zd:25488	NUG galkap PDF te zong ong hat tektek uh hi
e36693	ts:6525	NUG tawh zong kipawl hi
e36694	pk:147	nuhkaa ni abangin, lawm kihawm hi
e36695	pk:9	Neino a nui hi
e36696	pk:52	Amah nuamin nui kauhkauh hi
e36697	zd:23367	Sang naupangte nui ngeingai uh hi
e36698	zd:22968	Kap zaw loin nui zaw ta ni
e36699	zd:22065	Naungek mitsi in nui thei hi
e36700	1.18.15	Ka nui kei hi
e36701	1.17.17	Abraham mai kun sukin nui a
e36702	19.126.2	Lungdamin i nui a
e36703	42.6.21	na nui ding uh hi
e36704	zd:22691	nuihciam lel khawm kik-in gualnuam takin
e36705	zd:19600	Kiho ciang nuihciam lelpih in
e36706	zd:21075	nui kei inla nuihmai in
e36707	zd:22040	nuihmai kawmin a khut a lapsan hi
e36708	zd:20697	nuihmai inla mi phatsiam in
e36709	zd:20778	na moisuah zawk nopleh nuihsawm taktak in
e36710	zd:25139	Kei lah ka nuihza lua
e36711	zd:14591	Amah zong nuihza mahmah bilbel hi
e36712	zd:15528	na pa ka nuihza het lo hi
e36713	zd:21661	nuihzak huai i sak hoihkhop mah om ding a
e36714	zd:21886	Pasal leh pasal kiteeng cih lawm lawm pen nuihzak huai liang sam hi
e36715	zd:25342	amun amual lak in a nuihzak huai dan gen un ka um hi
e36716	zd:16245	nuikawm sa in ka dawngkik hi
e36717	zd:15491	tua sangnaupang te lungkimtak in nuikawm
e36718	zd:19174	innkuan kim in nuikhawm lingling
e36719	zd:20358	nuikhawm lingling kik thei
e36720	zd:20942	ka hihmanin ka nuikhia hi
e36721	zd:14587	mimai ahzong nuikhia ngamta hi
e36722	zd:25734	ci-in mipi nuisak zaizai ngei hi
e36723	zd:25808	hehnep ding leh nuisak den ding a kisam mite
e36724	zd:11366	tawh unau, pakibang nukibanglo uh ahihi
e36725	zd:13076	nule pa pawlkhat te in
e36726	zd:15941	ih nule ihpa tetawh kikhen in
e36727	zd:20572	nuleh pa adingin inn lamah hilhbeh kuul lo
e36728	zd:15644	a nuleh pate khensatna tawh
e36729	zd:23616	Ka nulehpa in hong it mahmah hi
e36730	zd:23888	A hun omlai in nulehpa itna phawksiam ni
e36731	zd:20972	nulehpate in innkuan a zat dingin
e36732	zd:15361	nulehpate aa dingin khasiat huai mahmah hi
e36733	zd:25281	Na nulehpate, na pu na pate ngawh kei in
e36734	zd:14652	Tate tawh nikhat khatvei akimulo nulepa pawlkhat ommawk hi
e36735	zd:16508	Pian'na nulepa in bel, tate' tungah itna nei hi
e36736	zd:20039	nulepa te'n ngaihsut huai hi
e36737	zd:24069	nulepate itna I kisam hi
e36738	zd:21991	nulepate in i hilh cian theih ding kisam mahmah hi
e36739	zd:24320	nulepate' thupha pen leitung-thupha hidiak hi
e36740	zd:24276	Na mai phiatsiang inla nulkeu sitset in
e36741	zd:19330	tuivottawh namaiphiat inla, nulkeu in
e36742	zd:17055	Kum lui sungin na sepkhialh khempeuh nulmang theih leh
e36743	zd:24713	Zomite' dahna khitui teng hong nulmang sak ding
e36744	zd:23848	Na kam le na nak nulna tissue
e36745	zd:13217	dah in a kap mite khituite nulna in nei zaw ni
e36746	zd:17468	numai te zong tua dan mah a hi pah hi
e36747	zd:23870	ahih leh Phone numbat la'uhi
e36748	zd:19679	Laisiangtho mundangte a numbat khempeuh
e36749	zd:16799	Hih thukhun numbat 200,201 te ah
e36750	zd:16660	Phone number 2 VEI gelh in
e36751	zd:15772	kum simna number ki neilo ahih man in
e36752	zd:22975	a nuaia phone number te ah
e36753	zd:16022	numei Khat in President ngah
e36754	zd:20716	numei in pasal uk thei lua hi
e36755	zd:15425	numei leh Pasal alawhna kibanglo hi
e36756	42.20.32	A nung ciangin numei zong a si hi
e36757	43.8.4	hih numei a khialh laitak kimu hi
e36758	19.48.6	numei nausuak na a sa bangin
e36759	26.23.2	unau numei nih om hi
e36760	42.24.22	Ko pawlpi numei kimkhatte zingtungin hanah pai uh a
e36761	zd:17575	gamdangmi te'n numei kizuak atam mahmahna gamkhat
e36762	zd:23297	numei kizuak tenpih lo ding
e36763	zd:19145	zawhthawh thutawh numei kizuakna ah kipuak
e36764	zd:12470	utlopi in Johor Baru aom numei kizuakna
e36765	zd:16157	Mawhneilo numei naupang tungah ngongtatna
e36766	ts:1885	Galtai numei naupang akipan nial theih loin
e36767	zd:20930	Human Rights in numei pasal liangko kikim ding ci hi
e36768	zd:24948	numei pasal cih omlo amupeuh in
e36769	pk:163	numei-in ama nawt
e36770	zd:14756	mithat, numeibuan cihbang khatpeuh aomleh
e36771	zd:16504	atanu pen numeidang khattawh kitawng in
e36772	zd:16085	A pasal pen numeidang khattawh
e36773	zd:21015	Nikhat numeikhat in datsi sai ah datsi thun hi
e36774	zd:17536	US ah numeikhat utong tawh vanleng tuansawm in kiphallo
e36775	zd:11769	Atatsak pen numeinih hi a
e36776	zd:11283	numeinih hiding in ki ummawh hi
e36777	pk:108	numeino khatin a lawmnu kikhopna ah a sapna
e36778	zd:15562	Tua naupangno pen numeino khat cihi
e36779	zd:19871	kum 3 aphapan numeino khat ahihi
e36780	zd:14533	pasalno 2 leh numeino 1 ahihi
e36781	41.6.28	tua numeino a piak khit ciangin
e36782	12.5.2	Israel panin numeino khat ciahpih uh a
e36783	2.2.8	numeino pai-in naupang’ nu va sam hi
e36784	41.5.41	Tua ciangin numeino’ khut lenin
e36785	41.5.42	Thakhatin numeino tho pah a, kalsuan hi
e36786	22.8.8	Sanggam numeino khat ka nei uh a
e36787	ts:3137	Numeite leh numeinote dinmun mawk koih loin
e36788	zd:22446	naupangno numeinote zol bawl in khemna athuak tampi
e36789	zd:16365	Video sungah numeipen inzong oBike Bicycle khat domphei in
e36790	zd:22422	Indonesian gammi numeipen ahihi
e36791	zd:24411	numeisan khat lau in Elijah hong taii mawk hi
e36792	zd:25609	numeisan khat in angah khak ngeiloh Pasian' kamciam tampi
e36793	zd:25110	numeiten vote a piak theih nadingun
e36794	zd:18920	hanhawh numeiten tua sungtum liik zolo ding uh hi
e36795	zd:12392	a numeivan apualam ah apusuahlam theilo
e36796	zd:19906	Tualakah numeizong mi 4 kihel hi
e36797	zd:15745	Akiman gamdangmi te lakah numeizong pawlkhat kihel uh a
e36798	zd:16928	A kisam teng : Numin, Phone, Full address kician khat
e36799	zd:21013	E.G.White nun zia
e36800	zd:23989	nun nuam uh hi
e36801	zd:10783	nung kum June kha-in sitna a neih ahi hi
e36802	zd:12869	nung Monday ni in thupiang ahihi
e36803	pk:28	Huih a nung hi
e36804	pk:29	a nung hi
e36805	zd:17530	huih zong nung hiauhiau ta ahihman in
e36806	zd:17527	khualkhal huih nung hiauhiau ciang
e36807	pk:53	nungak hoih khat ahi hi
e36808	pk:72	Kimnu in a nungak tuunga kipan
e36809	pk:128	nungak tangvalte in, khuado sunga vak ding, meilah a sat uh hi
e36810	zd:16820	Cing Cing pen nungak khat hi
e36811	zd:21918	Hih nungak nihte kilamdanna bang hiam
e36812	zd:19474	Tangval ten nungak mah Zi hong neiun la
e36813	3.21.13	a zi dingin nungak la ding hi
e36814	5.22.23	A kidongsa nungak khat om a
e36815	18.31.1	Lunggulhna tawh nungak khatpeuh ka et ngei loh nading
e36816	17.2.4	kumpipa’deih pen nungak in Vashti’ tangin kumpinu suak hen
e36817	14.36.17	tangval ahi a, nungak ahi a
e36818	7.19.24	hih lai-ah ka ta nungak leh zinpa’ zineu om hi
e36819	7.14.1	Timnah-ah Filistia mi nungak khat mu hi
e36820	22.6.8	sim zawh lohin nungak om kha mah ding a
e36821	11.1.3	gamsung khempeuh ah nungak mel hoih khat zong uh a
e36822	44.12.13	Roda min nei nungak khat in
e36823	44.16.16	dawi-lut sila nungak khat in kote hong dawn hi
e36824	20.30.19	nungak leh tangval a kingaihna zia
e36825	ts:3375	nungak leh tangval kingaite bangin nuam a sak mahmah uh hi
e36826	zd:24605	nungak leh tangval khat nupa suakin
e36827	zd:23792	a om khawm ngeilo nungak siangtho khat ahi hi
e36828	zd:21978	India gamah RC nungak siangtho sem hi
e36829	zd:17023	Zomi nungak tangval tuailai te'n Internet zatsiamni
e36830	zd:20794	nungak tangval omkhopna pen mawhna khialhna bangin mu lo uh hi
e36831	zd:19593	nungaklai mah bang in hoihtak kizep ding thupi hi
e36832	zd:20725	a nungaklai, a mel hoihlai, a thahat lai
e36833	zd:24542	Ahi zongin a nungciang kumpi lam in suhmitsak pah hi
e36834	zd:21898	na nungciang hun dingte na lunghihmawhleh
e36835	zd:15894	Kha lam thu, nungciang thu, sihkhit thute lungngaihna om lo
e36836	zd:10860	nungciangin Construction Corporation in hong lam kik hi
e36837	zd:25183	a nungciangin hong kisuaksak kik ding hi
e36838	47.8.14	a nungciangin amaute hauhna in note’ zawn’na hong huhin
e36839	66.8.5	Tua nungciangin vantungmi in kuang la-in
e36840	zd:11924	nungdeuh mahmah inzong Yangon Tamwe ah
e36841	zd:23784	asawtlo nungdeuh in pulak uhhi
e36842	zd:15784	nungdeuh a kilimgen thuno khat
e36843	zd:11150	nungdiak in hihte nupa pen kiteeng taktakta uhhi
e36844	zd:18067	nungdiak in Smartphone khat leithak cihi
e36845	zd:12033	nungdiak in bel Kawlgam zawnna 34 percent hi
e36846	zd:11175	nungdiakin aki tangko ahi US Resettlement thuthang
e36847	zd:11679	Tuaban ah nungdiakin ak 15 bang asi in
e36848	zd:14547	huihpi khauhmahmah in nunggawp hi
e36849	zd:19960	Tuesday ni in huihpi khauhtak in nunggawp ahih manin
e36850	pk:78	nunghun, a beisa hun genna ahi hi
e36851	zd:11279	Tua khit kum thum khit nungin
e36852	zd:16245	vuk huihpi nungin lampi te vukin tuamcip
e36853	zd:19577	Tuan ate khempeuh abawl nungin bangmah bawlbeh nawnlo hi
e36854	zd:17175	Tharmanya khuasung ah nungkal Saturday ni in thupiang ahihi
e36855	zd:15535	Brisbane City ah nungkal Tuesday ni in thupiang ahihi
e36856	zd:19385	SmugMug te'n Flickr alei pen nungkal hi a
e36857	zd:12309	Southwest China ah nungkalsung in thupiang ahihi
e36858	zd:19860	nungkalsung in Cuba gamsung ah
e36859	zd:15374	nungkalsung in muntuamtek pan amatkhiat uh ahihi
e36860	zd:11864	nungkha in Chicago atungpan ahihi
e36861	zd:18058	nungkha panin akankhiat uh hi a
e36862	zd:12807	nungkha May khakhatsung bekbek in
e36863	zd:18110	Hih thupiangpen nungkhasung in apiang hi a
e36864	zd:14648	nungkhasung in Ding'an County sungah mopawi abawl uh cihi
e36865	zd:15679	nungkhasung inzong Los Angeles sungah meikanggawp in
e36866	zd:12259	nungkum sangin tukumpen buaina tamzaw
e36867	zd:22046	nungkum le tukum sumpi koi tamzaw hiam
e36868	zd:16239	nungkum October khasung inzong
e36869	zd:21563	nungkumsung inzong Natural Disaster hangin
e36870	zd:18028	Abeisa nungkumsung April leh December khasung inzong
e36871	zd:21081	Lungsim thanemte in nunglam thu sutsut uh a
e36872	zd:23045	A nunglam sang in a mailam thupi sak zaw
e36873	zd:17055	nunglam i nuntakna bangzah ngai leng zong
e36874	zd:9216	Erfurt ah pilna sin-a, a nunglam ciangin Augustinian monk
e36875	zd:20010	A nunglam ah tua dan kamciam piakna zatnawnloh ding
e36876	zd:19182	nunglamdeuh inzong khatvei hihbangin
e36877	zd:15272	Mizo gamahzong nunglamdeuh pasal khat
e36878	zd:20234	nunglamdiak inzong hihbangdan ngabung sungah lungno kihel cih kiza ngeikhin hi
e36879	zd:11099	nunglamdiak khatinzong Malaysia, Sabah State sung aom Shopping Mall maiah
e36880	pk:76	nunglamhun a, a piangsa thu genna
e36881	pk:77	tuhun hita leh nunglamhun hita leh
e36882	pk:77	nunglamhuna a sep khit hinapi-in
e36883	zd:22695	a nungleh ding gamte-in kiciamteh hi
e36884	zd:9251	Pasian in nungngatsan kha ding cih
e36885	zd:21803	nungngatsan dek lo hi
e36886	zd:14921	September 18 ni a nungnung pen in piak ding ahihi
e36887	zd:21876	sabuai nungpan in genkik hi
e36888	zd:12974	Trailer mawtawpi nungpan ataihsukkha Proton Exora sungah
e36889	zd:22807	A nungsang lam ciangin International Mensa Society kipawlna ii makaipipa hong suak
e36890	zd:24176	Tua nungsang a innkuan nuamsa a suak uh hi
e36891	zd:21044	a nungsang ding kikhual zaw in
e36892	zd:20646	a nungsangah kiniamkhiatna mah hoih ka sa zaw hi
e36893	zd:23882	A nungsangah a san zawhloh uh hangin
e36894	zd:17628	Indonesia gamsung ah nungsungteng guahtui tammahmah in
e36895	zd:14566	Tua Video Clip pen nungsungteng Social Media ah ki thehzakin
e36896	zd:11652	nungsungteng zong muntuamtuam ah Operasi lut cih kiza kawikawi a
e36897	zd:21110	Ahizongin ki nungta veve hi
e36898	zd:12192	anuzong kum 91 nungta cihi
e36899	zd:20902	Bang ci dan in na nungta uh a
e36900	44.20.12	tangvalnopa a nungta-in innah a paipih uh
e36901	46.15.22	Khazih sungah mi khempeuh a nungta uh hi
e36902	66.1.18	a tawntungin ka nungta a
e36903	1.43.28	amah nungta lai hi
e36904	44.25.19	Tua Zeisu a nungta hi
e36905	1.9.28	Noah kum zathum leh kum sawmnga nungta hi
e36906	47.5.7	upna tawh ka nungta uh hi
e36907	48.5.25	Kha Siangtho hangah nungta i hih leh
e36908	5.8.3	a pusuak thu khempeuh tawh a nungta hi
e36909	zd:23394	pute in a nungta pasian theilo hi
e36910	zd:20786	a nungta pasian bia ciat uh hi
e36911	zd:25414	Sisan in nungtaakna a piangsak a hih man-in
e36912	zd:25394	pilna leh nungtaakna tampi hong guanthei hi
e36913	zd:16254	manpha takin I nungtak ding kisam hi
e36914	zd:19783	nungtak ngamna mah kiplet in
e36915	zd:23367	Mihingte i nungtakna sungah
e36916	zd:24336	Ih nisim nungtakna leh hekzia tatziate
e36917	zd:14965	naungek zong nungtalo hi ci'n kigen hi
e36918	zd:23394	Dawi kihtakna tawh nungtalo a
e36919	zd:12571	nekledawn sumtampi beilo in nungtathei uhhi
e36920	zd:15505	midang tetawh kibang in nungtathei veve
e36921	zd:17060	pia ci'n ka nungtheih hi
e36922	zd:25322	ong pai khinkhian ahih lam ki nungtheih hi
e36923	zd:9258	A kiphuahna nungthu a tuamtuam hi a
e36924	zd:9221	a nungthu lian tampi kithei lo hi
e36925	zd:20999	A nungthuap makaite in dal zolo, hu zolo, kem zolo
e36926	zd:20649	Beh le phung te a mau nungthuap ding a gelna lampi khat
e36927	pk:100	Mathuap leh nungthuap Thuahzia Bulphuhna
e36928	pk:101	nungthuap a kithuah kammalte kimat ding hi
e36929	zd:25056	khantohna nei loin nungtolh ding bek
e36930	zd:25273	CDM lutte kuamah nungtolh kei ni
e36931	zd:19662	sawt kimang lo in na nungtolh veve uh hi
e36932	ts:3369	Anau neih nungun zong
e36933	zd:11153	thukimna a neih khit nungun
e36934	zd:14797	Yangon YBS mawtaw nungzui numei khatin
e36935	zd:23936	nungzuihna pen singlamteh pua nuntakna hi
e36936	zd:17329	Khris nungzuihna pen leitung ciang bek tawh hi thei lo hi
e36937	zd:23928	Jesu I upna le nungzuihna ah ciampel lo ding hihang
e36938	zd:21939	nungzuipi 12 te zong pilna nei lua om lo uh hi
e36939	zd:16765	nungzuipi te in Laisiangtho thuciam thak na sim kha lo uh hi
e36940	zd:25751	Jesuh in a nungzuipite a vaikhak bulpi pen
e36941	zd:21530	nungzuipite a kipan tuni dong
e36942	zd:15324	tu aa ka nunna dan ka deih kei
e36943	zd:17535	A mau nunna lui nutsiat ding ut khol lo uh hi
e36944	zd:22557	Mihing nunna cih pen alianzaw, asah zaw laibu khat ahi hi
e36945	zd:19166	mi nunneem mahmah khat ahi aa
e36946	zd:25397	a lungduai, a nunneem, a it huai
e36947	zd:23887	mi nunnem teelzaw uhhi
e36948	zd:21013	A nunnem, awnem bek a zangh den nupi khat hi
e36949	zd:21659	Kong zahtak mahmah nuno le pano
e36950	zd:9258	Los Angeles a teng a nuno
e36951	43.19.25	ama nu; ama nuno ahi
e36952	zd:23865	ka inn lak nunote khat hong hawh
e36953	zd:11994	tua bangin nunta khuasa hi
e36954	zd:17271	kum bang zah bang ka nunta zo lai tam
e36955	zd:15528	a nunta khat zong omlo hi
e36956	zd:25414	Mihing khat a nuntaak theih nading in
e36957	zd:23770	Nisim nuntaak na ah ki zangh nawn lo
e36958	zd:23148	Tawntung nuntaakna hong ngahsak nuam hi
e36959	zd:25414	sisan a tawmzawk leh nuntaakna lauhuaita hi
e36960	zd:16428	Catholics te nuntaakna kibang ngeinawn lo ding hi
e36961	zd:16428	Catholics hihna tawh Lungdamna Gospel nuntaakpih in
e36962	zd:25893	nuntaaksung a taanghthu atnate hang in
e36963	zd:21498	khangthak te ngeina, nuntaakzia khat in hong omta hi
e36964	zd:23770	a nuntaakzia uh hong ki khel pahpah ding hi
e36965	zd:22944	Hun kikhel zui in nuntak khuasak
e36966	zd:25749	Kum zakhat khit ih nuntak khuasak ziading
e36967	zd:15234	siate bangkua sungah nuntak khuasakzia khantohna a om hiam
e36968	zd:20800	i nuntak nading i zon kul ding hi
e36969	zd:17313	Coffee pen nuntak nading akisam penpen hi hetlo hi
e36970	zd:21978	A nuntak sungin gam 39 ah khualzin hi
e36971	zd:25222	Ama' nuntak sungin pahtawina ngah ngei hi
e36972	zd:23806	Tua in nuntak tawntungna ahi hi
e36973	zd:23394	Ahi zongin nuntak tawntungna lampi theilo hi
e36974	zd:20848	Hong tung ding hunah zong nuntak tawntungna ngahlai ding uh hi
e36975	zd:17437	Pasian' zatte tawh nuntakkhop zong nuam kasa aa
e36976	ts:7296	galhang khatin a nuntakna bei lawh cih kiza hi
e36977	zd:17990	mimal 60-80million bangin nuntakna bei lawh hi
e36978	zd:15644	Alawmpa a itna hang in a nuntakna beilawh hi
e36979	zd:14696	2014 kum in mi 207400 in nuntakna beilawh hi
e36980	zd:20908	natna nasia semsem dinga nuntakna beilawh thei lai hi
e36981	ts:11537	gam leh minam suahtakna ding a nuntakna piakhia cih kiza hi
e36982	zd:15114	Piteek kum 70 khatin ama nuntakna piakhia in apasal honkhia
e36983	zd:15894	Siangthona, thumanna, dikna a nuntakpih hi
e36984	zd:21097	Na nuntakpih ding kammal 20
e36985	zd:21607	tudong ka nuntakpih thute ahi hi
e36986	zd:17087	2018 nuntakpihding KA THUBULPHUH
e36987	zd:24396	i theihluat thute mah hoihtaka ana nuntakpihte hi zaw hi
e36988	zd:24055	a nuntakpihte ii thuakna sisan
e36989	zd:11758	nisim nuntakzonna, neekzonna ah
e36990	zd:19222	na masak dingte nunun keizaw in
e36991	zd:23725	nunun ding leh masak ding khentel diudeu hi
e36992	zd:20972	Tua pen ko nunzia hi
e36993	zd:11571	Laisim na tawh a nunzia lumlet hi
e36994	zd:12121	Tokyo khuapi aom mite nunzia tawmkhat enkhawm dih ni
e36995	zd:21948	Pasian deih nunziate zong Pasian thukham tungtawn in zakhin zo uh hi
e36996	zd:21673	Innkuan sung nupa kaal sungah awnem awkhum tawh kiho siam ding
e36997	zd:19287	bang thuteng in nupa kaal ki-itna selcip thei hiam
e36998	zd:24087	Hih nupa kaal zahmawh kizopna thu
e36999	zd:20761	Tua in nupa kikhen ding baihsak mahmah hi
e37000	zd:22329	nupa kikhen tam zaw hi
e37001	zd:20492	innkuansung nupakal buaina aneikhat hi
e37002	zd:16047	Hih nupakal buainavai apa in azak ciangin
e37003	zd:12091	Tua nupakop tepen apasal Kuwait gammi hi a
e37004	zd:12567	nupa lamdang mahmah in akiciamteh nupakop khat omhi
e37005	zd:22312	Kitenna a piaksa nupakop tampite
e37006	zd:12555	Nurse nupen liam ahih manin
e37007	zd:12701	hih Siavuan nupen nadam ciangin zongkik inla
e37008	pk:139	nuphal leh Zawl dongin
e37009	pk:147	Zawl leh nuphal kilawm hi
e37010	zd:24119	a sungh teng leh a nuphal teng
e37011	pk:135	nuphal ih cih pen, zi ki unaute
e37012	pk:136	Tuamah bangin nuphal leh zawl zong khanglui tenga bei-in
e37013	pk:135	Sial nuphalta, sihkuangah kiliak'a
e37014	pk:136	nuphalte tawh lawmta bangin mapang khawm uh hi
e37015	zd:11337	nupi naupaai te leh naupang te'n hih vante zat huai hetlo hi
e37016	zd:16853	Aliam te lakah nupi naupaai laitak khatzong kihel citciat hi
e37017	zd:26566	nupi papi, nungak tangval ki-ap omte Topa in thei
e37018	zd:21406	nupi papi te'nzong Selfie kizaihding ciangin
e37019	zd:19871	India gamsung ah nupikhat alup laitak in gul in tukha hi
e37020	zd:15048	Vanleiding in apailaitak nupikhat lampi tungah nausuakziau
e37021	zd:19676	Inn ngak nupikhat in zing meh leh ni tak meh bangci bawlding
e37022	zd:16600	nupinu pen abeisa in pasal neingeikhin a
e37023	zd:13024	anu asihkhit ciangin hih nupinu in akep kici hi
e37024	zd:15943	Tua nupinu minpen Emma Morano kici a
e37025	zd:13072	ta 3 bang aneikhin nupisa khat
e37026	zd:15485	nupisa, ta neikhinsa hinapi in
e37027	zd:12466	Nurse numei pen bangmah liamna omlo hi
e37028	zd:15724	Nurse nu in banghang hongman nahiam
e37029	zd:12290	Apa inzong hong nusiakhin hi a
e37030	zd:12674	Malaysia gam nusiakhin himahleh
e37031	zd:24673	hong nusialo in hong ompih ding hi
e37032	zd:19619	hih Party pen nusialo in ka panpih tawntung dinghi
e37033	zd:23301	Apple Computer phuanpa, hong nusiasa Steve Jobs
e37034	ts:11162	Amah pen hong nusiasa ahihmanin
e37035	zd:9217	president sawtpi a sem hong nusiasa Dr
e37036	zd:22540	gamnuamzaw zuan-in Kawlgam ih nusiata hi
e37037	zd:19098	ka nu'n ong nusiata hi
e37038	zd:10970	athuneihna a nusiatma in State Fund Million tampi gu
e37039	zd:19098	ka nu ong nusiatma kha khat hun lai pawlin
e37040	zd:23709	I sanggampa hong nusiatna hang in a dah akap
e37041	zd:25258	Ama' hong nusiatna pen minam bup ading dahna
e37042	zd:22590	Sanggam nu hong nusiatna hangin a dah akap khempeuh
e37043	zd:21550	Sanggam pa hong nusiatna hangin adah akap khem peuh
e37044	zd:22685	Ih sanggampa hong nusiatna hangin adah akap khempeuh
e37045	zd:24899	President Trump in a nusiatsa World Health Organization tawh kizom kik ding
e37046	zd:17264	Zosuan tampite nusiatsa Kawlgam nangawn ah
e37047	zd:11157	Washington khuapi nusiatsan pahpah uh hi
e37048	zd:11279	1999 kum ma-in a sepna nusiatsan in
e37049	zd:14931	Nau apaailam atheih ciangin alawmpa in nusiaziau hi
e37050	zd:14523	thuahsukziau in, nusiaziau uhhi
e37051	zd:26974	Tawntung nutakna mun Vantunggam
e37052	zd:20304	nutakna thak i lut na ding mun hi
e37053	zd:13336	Abeisa in Nurse nutawh kingai uh himahleh
e37054	zd:11492	numeino nutawh kihoho leh kilawm kici hi
e37055	zd:22140	nute pate zahtakna in minam itna ahi hi
e37056	zd:23803	nute pate in hih thu-ah ki-etphat a kul hi
e37057	zd:11159	nuteek pateek ten lupna tungpan damna ngah uh hi
e37058	zd:12289	hih Laibu nasim hamtang un, kisik kei nuteh
e37059	zd:20956	no telzaw nuteh
e37060	zd:21013	nuten hun tampi tate tawh om khop hun ngah hi
e37061	zd:22683	Cingbawi nuten Cingbawi ading a sum khak uh
e37062	pk:157	nutha lah khek zo keng e
e37063	zd:23297	nuthawi tenpih lo ding
e37064	zd:23382	nuthawi melhoih nu in sangzo lo-in na nawlh hi
e37065	zd:25178	Covid hangin innkuan pihte in hong nutsiat khitteh
e37066	zd:18955	abeisa te I nutsiatna ahihi
e37067	zd:12013	Siapa in ahong nutsiatna hang a idah kawmkawm in
e37068	zd:24079	A nuu in a muk ah singkeu khat pet a
e37069	zd:19396	amau tawh NUUPAA ihikei hi
e37070	zd:19396	Tanungakte leh apa zong NUUPAA hilo hi
e37071	zd:23077	Nyipitaw khawng ah zong ka lut den uh hi
e37072	ts:6954	ni 3, 4 sung Nyipyidaw ah a khawl khit teh
e37073	zd:24595	Tu-in Nyipyidaw ah ki-ukna zumpi ah lai-at sem hi
e37074	zd:20959	Magway, Sagaing, Mandalay leh Nyipyitaw gamsung tengah
e37075	zd:11418	Nyipyitaw ah Feb 24-25 Kumpi lamte
e37076	zd:24271	nylon kultal kizut lamzikpi hi ding a
e37077	zd:19345	lampi pen nylon kuntal hi peuh leh
e37078	zd:12727	Mipi te'nzong ih zatsiamding thupi hi
e37079	zd:13100	Police te'nzong Terrorist Attack hiding ci uhhi
e37080	zd:20225	Khuasung mipi te'nzong acihnading theipaklo uh
e37081	pk:30	Pusuak O
e37082	zd:25357	Nang na dawng mai O
e37083	zd:24116	Nang muhna hong sung dih O
e37084	zd:17181	Ong ki leh kik O
e37085	zd:15089	Oaxaca State sung aom Juchitan Town kici khuasung ah
e37086	zd:24800	objection abawl te in minutes 5 sung thu sung dinguh aa
e37087	zd:19536	India, Odisha State, Nabarangpur District sung ahihi
e37088	zd:15958	Odisha aom khuaneu khatah asuak uh ahihi
e37089	zd:11011	Nipi ni off nuamte a dingin zong nasep om hi
e37090	zd:17327	Kal khat khat vei ta off ding hi
e37091	zd:10794	Kha khat 4 vei off
e37092	zd:16799	Offday – Kha khat 4vei
e37093	zd:17978	Offday- Kal1 Khatvei Off
e37094	zd:17327	Office ah sem ding
e37095	zd:12437	kuamah Office sungpanin pusuak khiakei un
e37096	ts:7051	Office nasem ding
e37097	zd:19745	Tualak ah Police Officer khatzong liamhi
e37098	zd:14814	Visa Officer te'n muanmawhna khat nei hi ngelngel ding hi
e37099	zd:15952	Officer te hong kipuak kik ahihi
e37100	zd:20252	Officers te'n Building sungteng hoihtak in sitcianna neikhin uhhi
e37101	zd:15012	Embassy Gate ngakin aom Police Officers te zasakpah hi
e37102	zd:20252	official te'n Associated Press te tungah genkhia uhhi
e37103	zd:15803	Police official te genkhiatna ah
e37104	zd:24414	Hih ka thuzakte official hilo ahimaw
e37105	zd:15237	tuni ciangciang official in koimah ah aki khamciplian omnailo hi
e37106	ts:2513	hih thu tawh kisai official pulakna nei nailo ci hi
e37107	zd:17675	veng thak khat officially in kibehlap thei kha ding hi
e37108	zd:13268	Leitungbup te mai ah officially in akilak thei taktak ding
e37109	zd:24058	officially ciaptehna ih ngah zo kei hi
e37110	zd:15101	School Officials te'n sangnaupang khempeuh amuanhuaina munah hemkhiapah uh cihi
e37111	zd:11725	Emergency Services Officials te genna ah
e37112	zd:23680	leh offline ah sim ding tampi om
e37113	zd:20565	banghang in offline a le
e37114	zd:15101	Ohio State sung aom sanginn sungah
e37115	zd:19166	Ohkathah pa tawh bangci ki muhtheih ding
e37116	zd:24236	Hluttaw Ohkathah panin kikhawlsak lo ding ahi hi
e37117	zd:24736	ohsuh or khua 50 val om a
e37118	zd:24124	ohsuh behlap ding vai
e37119	ts:4885	Oi, puteek in puan pho ei
e37120	zd:20176	Nahtahlah Okkathah pa tawh aki muhma un
e37121	zd:20176	Kaaptelte leh Mawahtah Okkathah mahmah aa kipan pawlkhatte in
e37122	zd:22004	USA gam, Oklahoma State, Tulsa khua a teng
e37123	zd:24453	Oklahoma ah natna khang
e37124	ts:3160	thu tampi ciapteh zawh nang ollo hi
e37125	zd:21369	kumpi thum tawh kizom ahihman in ollo ding hi
e37126	zd:24279	olmawh in kikoih lo lel in mu ingh
e37127	zd:16799	bangmah na olmawh khakloh khat hangin
e37128	zd:19536	tua vompi in bangmah olmawhlo in
e37129	zd:19939	olmawhlo in aomhi ci'n pulakkhia uhhi
e37130	zd:19166	olnotak in a do zothei hi
e37131	zd:12093	Ama deihna olnotak in kigawmthei ding hiam
e37132	zd:21918	olsa in na manlang zawtham hi
e37133	zd:21032	gilpi in gawizanna olsa hi
e37134	zd:23780	Tua banah Olympic zong kidemna nam mah hi a
e37135	zd:19578	Olympic hun ciangin tai 20 tunglam tai kidemna
e37136	zd:24119	Sun kaal zan kaal-in ka kiang-ah om den hi
e37137	zd:25240	S.Korea ah om lai uh hi
e37138	zd:24129	Inn tek ah om lai ding
e37139	1.6.3	Mihingte sungah ka Kha om paisuak nawn lo ding hi
e37140	43.15.4	Kei sungah om un
e37141	43.15.9	ka itna sungah om un
e37142	51.3.16	note sungah om ta hen
e37143	zd:22563	Lungnuam takin om hithiat lel in
e37144	zd:20329	A om hithiat laitak in thu ngaihsunsun uh hi
e37145	zd:25932	Gamtat gamtang tam ding, om hithiat lo ding
e37146	zd:14751	Tutung in kidemna nam tuamtuam oma
e37147	zd:9251	Tua labu sungah la dawng 349 oma
e37148	zd:17911	zanni Sunday ni in apuakkham khat oma
e37149	zd:20829	sunglammi leh pualammi omaa tuate in nasem hi
e37150	zd:24242	nam nih omaa tua te-in
e37151	zd:14785	Nepal, Indonesia, Myanmar, Oman, Yemen, Uzbekistan
e37152	zd:25111	MCO thukhun ombang in kizui phot ding hi
e37153	zd:14797	thukhun ombang in legal action lakding hi
e37154	zd:22813	Kumpi thukhun ombangin thu kibawlding hi
e37155	zd:19805	kumpi thukhun ombangin kisemding hi
e37156	zd:25488	Thautawi pawl tampi hong ombeh lai ahih man in
e37157	zd:24595	Tagah sang thum leh li bang ombeh lai hi
e37158	zd:21745	Rome ah ih omciang Roman te bangin gamta ding kici hi
e37159	zd:12596	akiim apaam ah ih omciang kidop huai mahmah
e37160	zd:19676	honghilh khatpeuh a omciang in kithei thei panhi
e37161	zd:19912	vanleng sungah Bomb omcih akigen ciangin
e37162	zd:20518	38 Degrees Celsius tuangsiah ah omcipden cimawk hi
e37163	zd:11623	Ready sa in omcipden uh ci a
e37164	zd:24452	innsung ah omcipna, thungetna cihte tawh
e37165	zd:17097	ka omcipna munkhat ahihi
e37166	zd:15833	Building sungah ki omcipsak in
e37167	zd:11970	Secret Service te'n pusuaksaklo in asungah omcipsak uh
e37168	zd:11943	zuihding in akibawl thukhun omcitciat a
e37169	zd:15647	sabawk lianmahmah khatzong omcitciat hi
e37170	zd:20926	omdaan noplohna om khollo ahih man in
e37171	zd:21308	omdaan siamin ngeina hoih tawh
e37172	zd:19990	omdan khawldan tampi ki lamdang mawk hi
e37173	zd:22138	omdan khawldan leh vak dan i siam ding
e37174	zd:17152	na seplehbawl, leh omdante ciamteh lecin
e37175	pk:70	Hih lai-ah zing ciangin, kapa omding hi
e37176	zd:12168	Nitak kikhopna omding
e37177	zd:24024	inn ah omding mah ahi hi
e37178	zd:24604	anungzuite'n zong zahtakleh kithutuakna omdinga
e37179	zd:25431	Pawlpi mite thupitna leh manphatna te zong tempi omdinga
e37180	zd:17897	326 Parlours bang omdinghi
e37181	zd:22171	a ziakaaiden hamtangh zong omdinghi
e37182	zd:20468	tulaitak in Johor lamah omdingin ki ummawh hi
e37183	zd:13020	asawtlo in khuapi 50 ah omdingin lametna inei hi
e37184	zd:20287	munkhempeuh ah Pasian omgige cih
e37185	zd:20430	Phone saptheihding omgige hi
e37186	zd:24955	data le information kician a omhang ahi hi
e37187	zd:13186	kidopsiamleng supna omhetlo dinghi
e37188	zd:13203	Freedom of Expression omhetlo hi
e37189	zd:14751	Akisam omhetlo in
e37190	zd:20720	Ei Zomi a sem pawlkhat zong omhi
e37191	zd:17919	akizuak tampi omhi
e37192	zd:20860	Zingciang sungah bangteng omhiam cih
e37193	zd:21085	A lungsim tawng ah bangthu omhiam cih
e37194	zd:20574	thumaan gelhngam, genngam omhiam
e37195	zd:19445	akinawkkha omhiding in ka ummawh cihi
e37196	zd:12285	Asung ah sikhal omhiding ci'n anu in genkhia hi
e37197	zd:14952	avengpa tawh Chess kimawl in omhithiat uh cihi
e37198	zd:19465	kisiktuak hetlo in omhithiat cihi
e37199	zd:16365	leitung ah omhuai nawnlo hi
e37200	zd:20041	project a omhuai hi ci in ngaihsun uh hi
e37201	zd:14650	Township khempeuh phial ah Dengue Fever omkawikawi kici hi
e37202	zd:16926	innpualam ah palik tampi omkawikawi in
e37203	zd:20012	cimawh dongtuak tampi omkawikawi veve uhhi
e37204	zd:25173	A utlo khatzong ka omkei uh hi
e37205	zd:20971	Vision omkei leh minam te kiamsuk duaiduai hi
e37206	zd:20971	Vision omkei leh minam te kiamsuk duaiduai hi
e37207	zd:20481	Vanzat a zangding mi omkeileh vanzathoihte a mawkna hilel hi
e37208	zd:11980	numei te omkeileh pasal tezong koipan suakkhiathei tuanding
e37209	zd:15305	pumpi Organ apiakhia omkeileh asihlawh tampi omding
e37210	zd:14581	ngaihsut huai thutampi omkhading hi
e37211	zd:13266	dantatzia atuamtuam omkhading hi
e37212	zd:15245	aki mungei pakpaklo tampi omkhading hi
e37213	zd:15054	khuasung ah Zomi te ih omkhahiam
e37214	zd:16649	hih thuthang azakha ih omkhahiam
e37215	zd:10743	buaina khatpeuh omkhaleh hoih kei inteh
e37216	zd:12304	Ih khutma khawng omkhaleh thunawngkai tawh kizomthei hi
e37217	zd:14545	mihing asi aliam kuamah omkhalo hi
e37218	zd:13140	Pedestrian Bridge tungah kuamah omkhalo ahih manin
e37219	zd:15205	hong sutsiatsak sawmsawm omkhathei hi
e37220	zd:16782	hunsung ah gamsung buaina omkhathei
e37221	zd:12571	mikim tawh kilemtak in omkhawmthei uhhi
e37222	zd:12645	numei tawh omkhawmthei tading ci uhhi
e37223	zd:14531	7600 valbang omkhinta hi
e37224	zd:25470	a kithuaklawhna zong tampi omkhinzo hi
e37225	zd:25712	gaal kikapna tampi omkhinzo aa
e37226	zd:20142	a ci ding mi omkhollo ding hi
e37227	zd:12281	liamna zong bangmah omkhollo
e37228	zd:22614	nupa omkhop hun cianga anop mahmah nadinga
e37229	zd:24476	A ngeina bang manin omkhop theih a
e37230	zd:15689	pasal tawh omkhopding alungsim sungah suakzolo in
e37231	zd:21293	Nupa kaal sungah omkhopna pen siangtaka kigen ding kisam hi
e37232	zd:19953	suakta takin omkhuan hong pia hi
e37233	zd:15054	kuamah omkhuan kipiatheilo dinghi
e37234	zd:19143	agamsung ah omkhuan omnawnlo a
e37235	zd:13127	Zomi sungahzong pawlkhat omkiaukiau ta hi
e37236	zd:18286	liau atuak omkiaukiau hi
e37237	zd:19624	Court ah thusitna omkikding cih kiza hi
e37238	zd:15828	Philippines gamsung ah mi 5 bang omlaiding hi
e37239	zd:19543	mi tampi omlaiding hi
e37240	zd:20401	Tuaban ah mimangcip honkhat omlaimawk ahih manin
e37241	zd:10821	cihbek aneihsa omlaimawk hi
e37242	zd:17256	Lobby sungteng ah ka omlaitak hi
e37243	zd:11759	Innpualam ah na omlaitak ahihleh
e37244	zd:20035	A dangtampi omlak pan in
e37245	zd:21370	dawn theih cih bang tampi a omlak ah
e37246	zd:20795	Majority cing party a omle tua sung pan
e37247	zd:25248	dotnop a omle
e37248	zd:15726	akipiakhia nuam i omle kilungdam mahmah ding hi
e37249	zd:22773	Na kisap a omleh ong gen in
e37250	zd:20004	A zungkhak nading munah suang omleh hoihlo hi
e37251	zd:11759	Mawtaw sungah na omleh aman khakcipding
e37252	zd:10821	Supermarket zong omlel ahih manin
e37253	zd:25573	minamni a neilozong a omlel hi
e37254	zd:23935	ei inn sungah omleng kilawh lo pen hi
e37255	zd:12715	innkuan sungah Doctor omleng hoihding
e37256	zd:17252	Myanmar gamsung muntuamtuam ah zinling 7 veimah omleuleu hi
e37257	zd:15629	Mid Valley Shopping Mall sungah meikang omleuleu
e37258	zd:15274	akhangto mahmah saptuam zong omleuleu hi
e37259	ts:2549	Official takin pulakna omlian nailo
e37260	zd:12917	Deadline ciangtanna omlian nailo hi
e37261	zd:15539	Koimunsan ah omlian cihpen kitheilo ahih manin
e37262	zd:12280	bangtanvei ngakkulding cih gencianna omlianlo a
e37263	zd:17132	Tate a itlo omlo hi
e37264	ts:11162	Tua zawh kihona mel omlo hi
e37265	ts:9829	asi aliam kua mah omlo ci hi
e37266	zd:21032	Zomite leitung bup itunlohna gam omloding hi
e37267	zd:11371	pen atheilo omloding hi
e37268	zd:11956	kuamah atuahsia omloding in lamen hang
e37269	zd:22654	Buaina a omloh nadingin bang kisam
e37270	zd:24276	Na gilsungah an a omloh laitak
e37271	zd:14734	Mipi tamna lak ah omloh ding thupi hi
e37272	zd:14941	Zomi te khantohpihding athupizaw omlohiam ci'n
e37273	zd:18069	Pawlkhat in athupizaw omlohiam ci'n
e37274	zd:23130	kipawlna theihpih cih bang omloin
e37275	zd:23670	phattuamna pialo cih omloin
e37276	zd:12645	Adang omlomawk ahih manin
e37277	zd:19357	a innsungah azi na omlomawk hi
e37278	zd:13316	mihing asi aliam zong kuamah omlopah hi
e37279	zd:12042	ki ginkholhna zong omlopah hi
e37280	zd:24420	Zogam sungah omlote in
e37281	zd:16813	Report na a omlote sum ongkhak nailo in kingaihsun ding hi
e37282	zd:11378	North Korea gamsung ah tam omlozaw uhhi
e37283	zd:11314	leipen khialh omlozaw khading hi
e37284	zd:20297	mawtaw lampi omlua hi
e37285	zd:14941	thuhoih Article zong tampitak omlua hi
e37286	zd:26017	kisapna hoihlohna tampi omlua ding
e37287	zd:17565	Hydro omma ameivakding Petromax
e37288	zd:16765	Carthage Pawlpi khawmpi omma AD 397 ciang dong
e37289	zd:21198	A hoihna a ommah bang in a siatna
e37290	zd:25673	thuhoih thupha a ommah bang in, thusia lasia inzong tuamcip thei hi
e37291	zd:17022	atate ommai kimawlin diangdiang uh ahih manin
e37292	zd:13320	hih numeino pen akibuan hiding acipeuh ommai hi
e37293	zd:14728	youtube ah tawlkhat omman hi
e37294	zd:19927	meikuang zong tawmvei omman
e37295	zd:16799	Boarder omman : RM 100
e37296	zd:19465	Tua naupangno pen Bus sungah ommawh mahmah in
e37297	zd:9451	ommawh lo dingin ka hilhhilh hiven
e37298	zd:21168	naupangte nosuah, ommawh sak ahih manin
e37299	zd:15639	Taxi hawl te miginalo tampitak ommawk hi
e37300	zd:14879	atate Red Bull adawn saksaklel ommawk hi
e37301	zd:12159	Adang Mangpau asiamzong ommello cisawnsawn hi
e37302	zd:12099	hoihtak geelkholhna ommello hihtuak hi
e37303	zd:17094	lamzikpi Highways tepen Safety ommello ahih manin
e37304	zd:23332	Hihteng pen ommuan in ka lungngaih khak teng hi
e37305	zd:22639	ommuan mun pan thu theihna leh pilna kingah thei kawikawi hi
e37306	zd:21458	ka ommuanin ka ngaihsun khathei zelzel hi
e37307	zd:19320	omna neilo te panpihna
e37308	zd:12122	i omna ciat ah gamta ni
e37309	zd:25042	Topan Zomite i omna ciat ah hong kem ta hen
e37310	zd:22451	Ih omna inn te thatang mahtawh hong kibawl a hihi
e37311	zd:14650	omna inn siangtho sak den ding
e37312	zd:8667	A omna inn sung ah neihsa lamsa khang hi
e37313	zd:12196	I omna mun leh i omdan Zeisu in theinuam den hi
e37314	zd:23928	Pilat in ama omna mun ah Jesu paipih
e37315	zd:11215	Syria ah IS te omna mun Turkey in Russia hilh
e37316	zd:12695	omna pia, ann pia
e37317	zd:12024	omna pia, An vak
e37318	zd:18104	omnading akicianzong neilo in
e37319	zd:18012	tuate ii omnading huhna tampi kisam cihi
e37320	zd:11553	bangmah danpiakna cihte omnailo hi
e37321	zd:21032	Sum ngahna ding nasep kician tudong omnailo hi
e37322	zd:15454	mipi omnalam ah nawkphei leuleu hi
e37323	zd:12579	palik te omnalam ah manawh in taiphei a
e37324	zd:10793	Gualzawhna le vangliatna omnapi in
e37325	zd:22586	A mihing omnapi hang in
e37326	zd:15103	kuamah in tua Escalator omnateng umcipding
e37327	zd:11801	sum omnateng umcihzaw uh a
e37328	zd:13222	laktheihding bangmah omnawnlo hi
e37329	zd:22584	Tedim khua kiim ah singkung omnawnlo ahih man in
e37330	zd:11485	guza vai bangmah lauhuaina omnawnlo
e37331	zd:20084	tuakhitzawh UN Card tawikhuan omnawnloding
e37332	zd:19721	cihte omnawnloding cihi
e37333	zd:20014	abeisa 2017 May khasung inzong thuthang omngeikhin hi
e37334	zd:17729	London, Grenfell khuasung ah omngeikhin cihi
e37335	zd:15751	abeisa kum 84 sungah omngeilo hi
e37336	zd:15609	midangtawh bangmah kitotna, buaina omngeilo ci uhhi
e37337	zd:16463	Prussia Kings te omngeina khuapi khatzong ahihi
e37338	zd:24731	hazatna le elna a omngeina leitung hilel hi
e37339	zd:20663	khuasung mipi te lunghimawh in omngeingai uhhi
e37340	zd:15851	azanlup niklepuan tawh omngeingai uhhi
e37341	zd:16584	Rainbow pen guahzuk khitdeuh ni asat ciangin omnuam phadeuh hi
e37342	zd:17999	Construction Site limlim tuahsiatna omnuam phadiak ahih manin
e37343	zd:19088	meiipi pen tubanghun te ah omnuam phadiak hi
e37344	zd:15529	Kawlgammi khempeuh ih omomna ah kidop siamding thupi mahmah
e37345	zd:25686	na omomna ah na lamdang piang ding hi
e37346	zd:23893	Tuni i omomna panin Pasian kammal mah tawh tha la khawm dingin
e37347	zd:13243	bangmah Statement genkhiattheih ompak kei
e37348	zd:12933	daihnabel ompak nawnkeileh kilawm hi
e37349	zd:14954	thunei te'n puahsaklo, Maintenance Check ompakpaklo cihi
e37350	zd:14942	Hibang hamsatna peen USA gam ah ompakpaklo
e37351	zd:24420	te lakah numei khatbek ompan hi
e37352	zd:20647	vahlua lah hilo aa ompen a hoihpen hi
e37353	zd:22709	a naii ompen pawlpi khat
e37354	zd:16442	pawi ompeuh leh la sapahpah ing
e37355	zd:25687	makaai gina ompeuh leh
e37356	zd:11177	Stunt akineihbang asa omphial hi
e37357	zd:22391	nulepate sumtawh a huhzo bang na omphial thei hi
e37358	zd:11219	akibawltawmpak Shelter Areas te ah omphot uh cihi
e37359	zd:12283	buhciinna lozausung khawngah belhbukding lamtawm in omphot uhhi
e37360	zd:20116	unau sungah buaina hong omsak hi
e37361	zd:21908	Amaule amau kimuanna omsak lo hi
e37362	zd:20466	Anunung ah Cancer Risk tampi omsak cimawk hi
e37363	zd:22151	An neknoploh cihbang omsaklo ding hi
e37364	zd:23138	u le nau deidanna omsaklo ding
e37365	zd:18157	bangmah nawngkaina omsaklo in kizomthei cihi
e37366	zd:24955	A hoihna tampi a omsam hang
e37367	zd:25923	Akamtam ngiat mibel omsam hi
e37368	zd:19464	lung himawh luatna ding omsam kei
e37369	zd:20966	Asibel kuamah omsamlo cih kiza hi
e37370	zd:12982	Tourist Bus sungpan asibel omsamlo hi
e37371	zd:17104	kuamah asi leh aliam omsamlo hi
e37372	zd:25025	a thei siamlo bangin omsan kei in
e37373	zd:19790	atheilo bangin omsan hithiat lel hi
e37374	zd:16083	tuihual lianpipi omsawnsawn ahih manin munkhempeuh tuitawh kidim hi
e37375	zd:11617	kialpi atun kawmkal ah sungpai natna omsawnsawn
e37376	zd:21817	Tawl luat omselo aa nasep dan
e37377	zd:15671	Zozum pen akitaih cibang omselo in
e37378	zd:21588	patau linglawnggawp cih omseselo hi
e37379	zd:13155	tangkona cihbangzong omseselo ahih manin
e37380	zd:20012	Visa beikhin himahleh kum 2 sungbang omsuaksuak uh cihi
e37381	zd:20012	alutkhit uhciangin omsuaksuak uh a
e37382	zd:16665	na hoihna omsun teng ki sutsutding hi
e37383	zd:20537	Ih gamlei ah omsun leeng zong enneu in
e37384	zd:12174	nasep omsunsun ngahhamsa mahmah hi
e37385	zd:24168	a omsunsun ten hong na ngai mahmah uh
e37386	zd:11099	Awle khat na omtakpi hi
e37387	zd:20046	anakvang sungah liit ahinglaikhat omtakpi cih mukhia uhhi
e37388	zd:17868	omtaktak hileh Police Chief in theihpih hamtang samding hi
e37389	zd:11278	nuntakna bucing a omtaktak mah diam
e37390	zd:23488	gambup-in thongsung ah a omtawh kibang hi
e37391	zd:20801	leitungpua lam ah a omtawh a kibang na hihi
e37392	zd:24234	natna nei hong omteh, Inn kilam thakte sung ah kikem hi
e37393	zd:24339	Thukhunpi Khawmpi bawl ding vai a omteh
e37394	zd:22922	a suahpih a omtei hangin
e37395	zd:20979	A piltuam a omtei hang
e37396	zd:25923	kizepdan ahoihbek na omtek aa tuapen thupi mahmah hi
e37397	zd:22581	Chin Party te, NUP cih bang omtek hi
e37398	zd:20345	mencim leitolh cihtezong omtheiding
e37399	zd:15811	ahuntaktak ciangin akigingsa in ki omtheiding cihi
e37400	zd:20850	US gamsung ah omtheihna aneikhinsa hi a
e37401	zd:15037	US gamsung omtheihna leh naseptheihna permit
e37402	zd:22818	Paletwa MP pa meeting ah omtheilo hi
e37403	zd:17450	tuabang omtheilo hi
e37404	zd:24604	Pasian biakna kip omtheilo zelhi
e37405	zd:12257	akapkap cihkhawng peuhzong omtheimawk hi
e37406	zd:18033	atuak miphengtat pawlkhat omtheimawk a
e37407	zd:12888	alen laitak in kizopna omtheinawnlo in
e37408	zd:19964	ki gawtbawldeuh cihbang omtheinawnlo in
e37409	zd:17062	asi leh aliam zong tampipi omtheizel hi
e37410	zd:15221	Kuala Lumpur khuasung ah meikang pen omtheizel
e37411	zd:20932	Na sungtawng a omthu a hun a cinciangin
e37412	zd:11924	akemnuam zong omtuak
e37413	zd:15968	puahphatding tampitak omtuak laimawk hi
e37414	zd:21369	Kawlgam ukna sunga omtuak leh Christian upna neituak ihih man in
e37415	zd:15417	Kachin State sungzong daihhun cihbang omtuaklo hi
e37416	zd:15065	khutma Fingerprints zong laktheih omtuaklo hi
e37417	zd:11761	piang theilo ding cih zong bel omtuan sam kei
e37418	zd:13149	amanzawding in septheih omtuan nawnlo cihi
e37419	zd:15184	Confirm theih omtuan nailo hi
e37420	zd:12349	bangmah kizakbehna omtuanlo hi
e37421	zd:14611	kuamah asuakta omtuanlo cisawnsawn hi
e37422	zd:15023	bangmah ki lamdanna omtuanlo ahih manin
e37423	zd:17060	lungdam lua kisa un, pautheilo liangin a omuh hi
e37424	zd:21279	pawl bel, TBA Bawda ah a omuh hi
e37425	zd:22953	lampi tawh kisai buaina omvet lo hi
e37426	zd:21458	aki tehpih theih ding nangawn zong a omvet kei hi
e37427	zd:11617	guahzulo gamkeucip in nekding omvetlo
e37428	zd:11587	Interview bangmah omvetlo in, koihcip uhhi
e37429	zd:17655	Zomite lakah zong a sia omveve
e37430	zd:11251	hunkhat ciangin agah omveve hi
e37431	zd:14686	akiman tampi mah omveve hi
e37432	zd:25394	phamawh a salo zong omzeel kawikawi hi
e37433	zd:21853	ci-in lungngai-in ka omzeel hi
e37434	zd:12723	khuasung lampitung ahzong kikapna omzel ahih manin
e37435	zd:11283	Singapore ahzong omzel kici a
e37436	zd:13094	vanleng pen tuahsiatna omzelzel ahih manin
e37437	zd:13303	KLCC kuamsung ah palik tampi omzihziah khinta cihi
e37438	zd:19197	sum ahawmding angak in omzihziah uhhi
e37439	zd:25390	ka khua uh ah tuihaksatna a na omzo pek ahi hi
e37440	zd:19166	nisan lai pek aa ana tuaci omzo uh na hi hi
e37441	zd:24731	tuisung ah sawtpi omzolo hi
e37442	zd:17637	Doctor pen akicing in omzolo ahih manin
e37443	zd:24054	asatna ah lungno te omzolo uh hi
e37444	pk:97	tansawm ka ong hi
e37445	zd:22595	ong nusiatna ka zak ciangin katha nem mahmah a
e37446	zd:13178	hicibanga ong nusiatna hangin Zomi Innkuan USA Kipawlna in
e37447	zd:16031	update na cihte ongbawl toto ding hi
e37448	zd:26444	Mihing a ongbawl masa leh ongnei pen Pasian hi a
e37449	zd:25768	biakna lam ahaatpawl hi ongci sawnsawn hi
e37450	zd:15192	ongci leuleu hi
e37451	zd:17181	keizong ongcih bang lian in ka pai hi
e37452	zd:24354	Ami in thu onggen tading hi
e37453	zd:26444	atangpi a kilamzia onggen nuammasa ing
e37454	zd:16813	Text Message ongkhak un
e37455	zd:12371	inn address a nuaiah ongkhak ungh
e37456	zd:11797	sum ongkhak nailo in kingaihsun ding hi
e37457	zd:17955	atuamtuam tawh ongki ze-et hi
e37458	zd:19900	pau le ham in i hihna onglak ahi hi
e37459	zd:24026	Tua in dam taktak cih onglak, ong kipsak ding ahihman ahi hi
e37460	zd:16900	a onglo pipi ong sak lel ahihmanin
e37461	zd:16152	Drug Test a onglo mi 7
e37462	zd:19983	A onglo te zong
e37463	zd:21139	Pasian kammal tawh hanthotna leh hehnep na ongneih dinga
e37464	zd:21699	ongnusia cihthu izaakmanin ZIUSA kipawlna mintawh nakpitakin kidahpih kilainatpih hi
e37465	zd:22703	leitung nun tak napan ongnusia cihthu izaakmanin
e37466	zd:15933	Mundang pan ongpai ding zin mi 500
e37467	zd:17723	ka Siapa ka lupna khan ah ongpai in
e37468	zd:17181	tha ongpia in, ong zawhpih ding hi
e37469	zd:25768	thupha ongpia ta hen
e37470	zd:20016	dawilam sep theihna vangliatna ongpia hi
e37471	zd:19257	Pasian in panmun le za ongpiak pen
e37472	zd:23872	Pasian ongpiak thupha
e37473	zd:25275	Khamtung Pasian thu ongpuak masa pen
e37474	zd:23737	lungnopnading ci in zato ongpuak uhhi
e37475	zd:19779	Ka sianu in zong lamdang ongsa mahmah hi
e37476	zd:16376	Mite'n hoih ongsa kei zong in
e37477	zd:23782	mailam ah Civilian Career pikhat ongsuak ding hi
e37478	zd:19834	thu kicing zaw, manlang zaw ongsuak hi
e37479	zd:23014	a ongte pen character hoihlo omlo hi
e37480	zd:17786	I vekpi tungah ongtun kul hi
e37481	zd:12432	Nute Ni ongtun sialin
e37482	zd:22664	Pasian lamhonsakna tawh USA ongtung ahihi
e37483	zd:10688	abeisa 2008 kumin USA, ongtung uh ahihi
e37484	zd:15190	ongtungding September 13,2017 Ni Ciang UN Khawmpi sung ah
e37485	zd:11832	hunzatkhopding pen ongtungding March 22, 2017
e37486	zd:21042	online pan zong khia uh hi
e37487	zd:24393	I zawh ciangin online ah kong koih ding uh hi
e37488	zd:26411	Mun tuamtuam panin zong online tawnin hong kidong ciat hi
e37489	zd:21583	Canadan gamsung aom Ontario leh Quebec Province sungpan
e37490	zd:17607	Ooredoo cihzongpen Myanmar gamsung ah Telecoms Operator lianpikhat ahihi
e37491	zd:25332	Mytel, MPT, Ooredoo, Telenor koi zangding
e37492	zd:13291	Tulai tak a munmun ah Oparasi om kawikawi ahih man in
e37493	zd:23629	Mun tampi ah Oparasi lut kawikawi ahih manin
e37494	zd:23629	Mun tampi ah oparasi lut kawikawi ahih manin
e37495	zd:14836	Tutung Operasi ah Kawlgammi akiman kigen khalo hi
e37496	zd:21552	Kota Kinabalu ah Operasi kibawl in mi 19 kiman
e37497	zd:15739	Kuching ah Operasi lutin gamdangmi 108 kiman
e37498	zd:15745	Pudu vengsung ah operasi lut in mi 40 val kiman
e37499	zd:12464	Puchong vengsung ah operasi lut, gamdangmi 66 kiman
e37500	zd:15187	Taiping khuasung ah operasi lutin gamdangmi 45 kiman
e37501	zd:16197	Jalan Alor sungah operasi lutin mi 440 kiman
e37502	zd:24029	prostate cancer ngah in Operation bawl hi
e37503	zd:12285	Friday ni in akhe Operation kibawl a
e37504	zd:11043	Russia in Chechnya ah Operation abawlna pan
e37505	zd:13082	Operation abawl palik te'n sulzuihpah uhhi
e37506	zd:15639	Taxi Operator tezong thudotna kineiding cihi
e37507	zd:11637	thongcing palik khatin Opium vankham zuak ahih manin kiman
e37508	zd:24978	Hi zah a opportunity hoih
e37509	zd:14755	Gamdang ah pilna sinnang opportunity hau zaw uh hi
e37510	zd:24699	a dang khempeuh opposition vive hong suak hi
e37511	zd:24677	opposition party tawh kum tampi a ding uh hi a
e37512	zd:19320	Oprasi ten hong mat leh
e37513	zd:17442	Oprasi pan Topa' hongkepna anihveina hi
e37514	zd:22138	Option 1 leh Option 2 mah hi pen hi
e37515	zd:21664	UN vai Option koi teelzawding
e37516	zd:9252	Tua oratorio a zawh nadingin ni 24 sawt hi
e37517	zd:11292	orbit ah gamdangte satellite li kap toh sak hi
e37518	zd:10917	Japan in orbit kimkot dingin
e37519	zd:24714	vanleng tawh antaang a khiat nadingin order pia hi
e37520	zd:24111	lockdown order masa pen koih uh hi
e37521	zd:17168	1913 kumin ordination kipia hi
e37522	zd:9237	ordination a ngah khit ciangin
e37523	zd:25265	Zogam a Pastor ordination ngah masa pen
e37524	zd:9233	Baptist pawlpi ah ordination kipia hi
e37525	zd:17168	1913 kumin ordination kipia hi
e37526	zd:25157	Oregon State pen singkung tamna gam hi a
e37527	zd:9249	Oregon ah teng den uh hi
e37528	zd:9260	organ tum siampen khat-a kiciamteh ahi hi
e37529	zd:9245	organ tumin lasa-a, la-aw zong tampi phuak hi
e37530	zd:10702	organ guksak theih teng gu-in
e37531	zd:15527	Mikang gamah organic ahih leh mantam a
e37532	zd:15527	Zogamah organic bekbek ne ihih lam
e37533	zd:9246	choir director leh organist in om ngei a
e37534	zd:9241	a kizahtaak mahmah organist leh la-aw phuaksiam ahi hi
e37535	zd:21369	A original kammal pen Chin hilo hi
e37536	zd:25111	original ki pia loding a, copy ki pia phot ding hi
e37537	zd:17634	original tune pan pialo ding hi
e37538	zd:12843	Orlando khuasung aom Warehouse ah
e37539	zd:24453	Florida state sung pan Miami, Orlando leh Tampa kiim
e37540	zd:21027	Tuate pen Catholic leh Orthodox te hizaw diak uh hi
e37541	zd:21723	2016 kum in Catholic le Orthodox
e37542	zd:19476	Japan, Osaka City sung aom Rollercoaster khat
e37543	ts:4661	USA a khualzinna pan Oslo khuapi a paisuak ahi hi
e37544	zd:19812	Oslo vanlengtual Gardermoen ka tu uh hi
e37545	zd:11587	Nasep hun-8am-5pm ot omlai
e37546	zd:15622	8am to 5pm ot om
e37547	zd:21850	A honding misam in a otot hangin
e37548	zd:16024	i otot hang i aw kiza zolo hiven
e37549	zd:20808	thonginn sung pan a otot hang phawng zolo hi
e37550	zd:15443	hongpia in ci'n atapa in otsangawp hi
e37551	zd:12761	te'n hong otsangawp keile uh keizong asiding kahihi
e37552	zd:25099	Ottoman ukna nuai ah om hun
e37553	zd:16651	Ottoman empire akiat kuan teh British empire ong hat mahmah
e37554	pk:30	Tu ou
e37555	pk:63	Kong tun dong na om ou
e37556	pk:128	Gamdawi sia ciah ou
e37557	zd:11368	Comment dih ou lawm
e37558	zd:25288	hun na ngah ciang damin na sim lel ou maw
e37559	zd:19648	Yangon International Airport ahzong Outlet 2 neikhin uhhi
e37560	zd:15370	Malaysia gamsung ah Oldtown Outlet tampi aom mahbangin
e37561	zd:15370	Restaurant Outlets atampen inzong aki ciamteh ahihi
e37562	zd:20576	thulu tawh kizui-in outline bawl masa limlim in
e37563	zd:21083	Topic khat a'ding outline 4-5 val hisak kei in
e37564	zd:20576	outline teng paikhia lel lecin zong phamawh lo hi
e37565	zd:25165	outpost neukhat a omlam bek ka thei hi
e37566	ts:4569	Kumpite in Police outpost tuamtuam hongin
e37567	zd:10682	thungetna leh outreach paina
e37568	zd:11762	Singapore gamsung ah Overstay in aom te
e37569	zd:12534	Overstay vive mi tampitak om cihi
e37570	zd:20012	Kumkhatsung bekbek inzong Overstay atampenpen
e37571	zd:15165	Malaysia gamsung ah overstaying in aomsuak uh cihi
e37572	zd:17060	overtime tawh zaan 10:00pm dongmah ka sempah ciattciatt uh hi
e37573	zd:13291	Khasum : RM 1000 + overtime 3 hours
e37574	zd:12119	Bowling Green leh Owensboro khuapite ah ateng
e37575	zd:23329	Oxford University ah Professor khat zong hi
e37576	zd:21288	Oxford ah sangzom hi
e37577	zd:25184	Pawlpi khat in oxygen bung 1000 bang lei ding hi lel hi
e37578	zd:25134	India bangin oxygen kicing lo buaina tawh kinai mahmah ta hihang
e37579	zd:22584	Hydrogen molecule 2 leh oxygen molecule 1 kigawmin tui piang hi
e37580	zd:25184	Pawlpi khat in oxygen bung 1000 bang lei ding hi lel hi
e37581	zd:18186	Tedim zatopi ah oxygen bung thum piakhia
e37582	zd:13057	tua huihnin in ozone Dalpi te vang sak hi
e37583	zd:24119	ozone pen lei tawh kinai om nawn lo hi
e37584	zd:2072	A pa in a tanu hong dong hi
e37585	zd:24119	ci-in ka pa ka dong hi
e37586	1.2.24	a nu leh a pa nusia-in
e37587	8.4.21	Salmon in Boaz’ pa
e37588	20.15.20	Ta pilte in a pa lungdam sak a
e37589	1.37.10	a pa leh a sanggamte' kiangah a gen ciangin
e37590	ts:3737	pa Thang Sian Mung
e37591	zd:23993	pa Dam Khua Zam
e37592	pk:144	A thalloh pa'n zupatsa atel anihin ngah hi
e37593	zd:15501	Oxygen paa lo a kahto theih
e37594	zd:18081	Karen te paa lo hi
e37595	pk:136	a nuntakna paai a
e37596	zd:17021	Pasian in ei Zomite hong paai lo ding hi
e37597	24.51.63	Eufrates gun sungah paai in
e37598	40.7.6	Vok mai-ah suangmanphate na paai kei un
e37599	40.5.30	sat tan inla, paai in
e37600	40.5.29	khelkhia inla paai in
e37601	14.30.14	la khia-in Kidron kuamah paai uh hi
e37602	41.1.16	tui sungah ngen paai a om uh a mu hi
e37603	40.27.5	Judas in biakna innpi sungah dangka paai a
e37604	24.41.7	a luang uh tuikhuk sung khatah a paai uh hi
e37605	zd:22479	Sum leh paai zong akisam zahzah kingah hi
e37606	zd:24313	Sum leh paai a lunggulh lo mi hiding
e37607	zd:22019	sum leh paai tampi mah kisam a
e37608	zd:16844	sumbawl paaibawlna zong thuneite tawh kisawhkhalo in
e37609	zd:24496	Gamdang ah, sumbawl paaibawlna masuan-in
e37610	zd:15689	Tu'n nau paaikik in
e37611	zd:20545	olno takmah in ih paaikik zothei hi
e37612	zd:25193	Pasian upna leh biak le paaina tung ah
e37613	ts:3508	Pasian paaina tawh damna taktak angah ciangin
e37614	zd:10902	sumzon paaizonna a nuamzawding lunggulhna tawh
e37615	zd:21001	Lokhawhna, sumzon paaizonna, sepna bawlna khat peuhah
e37616	zd:17021	biakna le sumzon paaizonna
e37617	zd:21822	zan khuamial lak bek ah paak in
e37618	zd:24649	Numei naupangte kimawlna ding paakhuan gelkhia ding
e37619	zd:16777	sang huang sunga paakhuan sung tutphah tung khatah
e37620	zd:22680	hotel leh paakhuan khawngah laisimnang hunla uh hi
e37621	zd:10908	paakkual khat mah tawh Hanmual a ki kha ding hi
e37622	zd:24183	paakkual $150 man khat tawh mangpha khakna kinei ding hi
e37623	zd:23823	Leitung nuntakna paakpalh bang, tuikhu bang a hih lam
e37624	zd:19681	Ling lakpan a namtui viauviau paakpalh
e37625	zd:21279	diksa in a paakta mahmahtek uh hi
e37626	zd:17858	Nang hong paakta honpi khat om dinga
e37627	zd:19166	Tuabangte paaktaak huai ka sa mahmah hi
e37628	ts:301	Paakzang khua, Sianzang khua khawngah lal kawikawi-a
e37629	zd:23896	USA gam zong paal lun ding hi
e37630	zd:21690	Sing bang paal kik lo ding cihna om lo hi
e37631	zd:23531	Zomi a it mahmah a paal lai khangno khat hi
e37632	zd:23554	I paallai nite kua mahin hong zatpih theilo hi
e37633	zd:23554	Zogam hong paallun ding hi
e37634	zd:22464	Pasian le pilna tawh Zogam paallun sak ni
e37635	zd:11571	gam leh minam hong paallun taktak ding hi
e37636	zd:15501	Oxygen paalo a akahto masak kumin
e37637	ts:479	Tonzang khua leh a kiim a paama khua ten
e37638	ts:3280	a kim a paama amah a langpan teng
e37639	zd:21432	a manpha na khitui malte paammaih lua hi
e37640	zd:25624	paammaih sa mahmah ing
e37641	zd:19239	hong ki nawlkhiin hong ki paampaih ta hi
e37642	zd:17021	suksiat nopna leh paampaih nopna hikei tahen
e37643	zd:19066	khanglui biaknate uh paampaih pah lo uh
e37644	zd:21850	a veng a paamte inn
e37645	zd:21862	ih veeng ih paamte in
e37646	zd:18187	March 13 ni panin Paangpi SDA Biakinn ah
e37647	zd:22686	Hih bazar pen Pabedan township
e37648	zd:21410	26th Street, Pabedan Township tawh kisai
e37649	zd:16828	Atamzaw pen Pacific tuipipan in anawkphei ahihi
e37650	zd:19262	Ih Pacific galkap tembaw te zong lauhuaina tuak hi
e37651	zd:15475	Chinese Tea packet sungah aki selsim ahihi
e37652	zd:18876	ahentoh vankham packet 3 kimuhbeh a
e37653	zd:17495	padenpauh beekah hong dakkhialeh
e37654	zd:12901	padenpauk Window panin innsung alut uh hi a
e37655	ts:9299	ama Social media Page ag pulakkhia hi
e37656	zd:22688	ZAM Page pan
e37657	zd:16101	Bagan ah zinling in Pagoda honkhat kicim
e37658	zd:20982	apailaitak Pagoh Toll Plaza gei ah
e37659	zd:14790	Pagu Region ah tampenin Chin State ah bel om samlo
e37660	zd:12337	ka awk toto pah malam uh hi
e37661	zd:22873	France te'n tembaw sungah gawtna napia pah malam uhhi
e37662	zd:20935	a inn lam zuanin a ciah pah vingveng hi
e37663	zd:25625	Azing ciang in vapai pah vingveng hi
e37664	zd:24594	Tua zato kadelh pah vingveng uh hi
e37665	zd:17777	Malaysia, Pahang sung aom Hotel khat kicim
e37666	zd:14628	Pahang State ii Capital khuapi ahi Kuantan ah
e37667	zd:10960	PDF Version tawh ki simthei pahding hi
e37668	zd:19676	zalian mun kingahlo pahding hi
e37669	zd:14523	akehloding in bawlphat pahding ahihi
e37670	zd:11140	Tuapa pen Jempol Hospital ah kipuaksuak pahhi
e37671	zd:16259	zatui ahunlap in kibawlthei pahhi
e37672	zd:21340	a siam deuh zong om pahhi
e37673	zd:21898	Lai Siangtho gen bangin na zuih pahleh
e37674	zd:23112	eitual theihna bektawh ihlak pahleh buaina omthei
e37675	pk:69	kicing khin pahlel ahih manin
e37676	zd:20176	aki cing mahmah pahlel hi
e37677	zd:24276	huntomno sungin hong beikik pahlel ding hi
e37678	pk:4	a kim pahlian dinga
e37679	zd:12370	na tel pahlian uh hi
e37680	zd:23733	Azak bangin um pahlian hi leh kilawm hi
e37681	zd:20926	Sabawk khempeuh zong cancer hi khin pahlo hi
e37682	zd:8668	vekpi in kibangkim cihna hi pahlo hi
e37683	zd:24244	i manghilh pahloh na dingin hong huh mahmah hi
e37684	zd:25928	koihtuam ihneih pahloh man ahihi
e37685	zd:12715	8 pen Doctor suakzo pahmawk uhhi
e37686	zd:14908	leitungbup in theihpih, muhpih pahmawk uhhi
e37687	ts:9570	nau suak peuh mah US gammi suah pahna
e37688	zd:22238	a nu' nawipiak pahna in
e37689	zd:12072	Hong huhsawm khempeuh muanluat pahpahding hihetlo hi
e37690	zd:12115	guihtheih khamtheih zangte kiman pahpahding cihi
e37691	zd:16442	simmawhna ihtuahleh lungkia pahpahlo in
e37692	zd:18112	cina tepen ahunlap in kibawl pahpahlo a
e37693	zd:22778	I phone ih khel pahpahna hangin
e37694	zd:22923	Naupaai laitak heh pahpahna le lunggimna in
e37695	zd:18099	Adiakdiak in vanleng aneute tuahsia pahpahthei hi
e37696	zd:15822	athaanghuai mun suak pahpahthei hi
e37697	zd:16994	Lai Siangtho laimal gual masa pen hi pahphot
e37698	zd:11394	NLD te'n suahtakna neilo pahphot uh ahih man in
e37699	zd:14751	tha pia in pahpih den hi
e37700	zd:25560	nakpi tak in hong pahpih uh hi
e37701	zd:21050	Zomi Movement na pahpih zawh kei leh zong
e37702	zd:24149	I pahtaak khol lohte tawh koici pankhop theih ding
e37703	zd:21925	mi khempeuh in a pahtaak Christian singer lasa siam khat
e37704	zd:21013	thalawpna tak tawh tate pahtah ni
e37705	zd:21886	Naupang pahtah pen kitangsam mah mah
e37706	zd:21282	thunei te in pahtawi piakna hong neih sak uhhi
e37707	zd:15622	kimawlsiampen te pahtawi piakna zong om ding hi
e37708	zd:11135	Pasian pahtawia khut bet
e37709	zd:23897	Jesu pahtawia a om ni in
e37710	zd:19295	Kal khat khit ciangin meiphelhpa pahtawina kipia hi
e37711	zd:24112	Pi te zong pahtawina kipia hi
e37712	zd:15892	pahtawina laipi ki pia in mi 22 in Pahtawina ngah uh hi
e37713	zd:13252	pahtawina piakna hun ah anuai teng kihel thei ding hi
e37714	zd:12044	amasa pen MP khempeuh pahtawina piakna hi
e37715	zd:11459	Police te zasa pahuh cih kiza hi
e37716	zd:14678	palik te'n mankhia pahuh cih
e37717	zd:11789	phetun nalaiteng tawh hongpai pahun
e37718	pk:70	Tua lai-ah ni simin, ka pai hi
e37719	pk:74	Kote in, ka pai ding uh hi
e37720	ts:261	Koi lai ah pai na hiam
e37721	ts:2189	Tua ni pen Phungzi sang pai mang uh hi
e37722	43.8.1	Oliv Mual ah a pai hi
e37723	40.10.6	tuute kiangah na pai zaw un
e37724	26.1.17	a utna lam peuhpeuh ah pai thei uh hi
e37725	4.16.43	Kikhopna buk mai lamah Moses leh Aaron pai a
e37726	pk:41	Kei hong pai ning
e37727	pk:100	Hong pai in
e37728	zd:23896	Mite in tui dawn ding in hong pai uhhi
e37729	zd:23487	Hibang dan in lawhcin na hong pai ding hi
e37730	40.8.7	Hong pai-in ka damsak ding hi
e37731	55.4.9	a manlangin na hong pai nading hahkat in
e37732	40.8.19	Tua lai takin laitheipa khat hong pai a
e37733	23.5.26	lei mong panin hong pai nadingin a sam hi
e37734	pk:50	Taang, hong paibaih ding hi
e37735	zd:25228	I gam paizia, sumbawl paibawlna, cidamna le kikep kikhoina
e37736	ts:3372	sumbawl paibawlna te ah khangto mahmah uhhi
e37737	zd:11965	numei te khasim anin paiciang ni 3 sung
e37738	zd:22238	ta a neihphet in a paicil a nawizu
e37739	zd:23830	Tua pen zum paidan hi
e37740	zd:17655	i lungsim paidan i ki theihsa hi
e37741	zd:21904	Nidangin khetawh paiden taleh
e37742	zd:10743	nisim in sisan kisam li le nga hong paiden hi
e37743	zd:24248	Bicycle khat zangin tai 17 paiden hi
e37744	zd:10892	Zomi te paidiakna ansai Restaurants tuamtuam ah
e37745	pk:70	Tua lai-ah ni simin, ka paiding hi
e37746	zd:25318	Kawlgam mite gamdang paiding hamsa mahmah hi
e37747	zd:25046	misokte'n zan sung paiding phallo uh hi
e37748	zd:19518	nang sang paiding hilo maw
e37749	zd:10881	Shopping Mall paidingin Taxi asaap cihi
e37750	zd:16757	anupa uh'n Honeymoon paidingin hongki thawi uh hi
e37751	zd:22815	ci-in thupha kong paih hi
e37752	zd:23481	GZA panin thupha kong paih uh hi
e37753	zd:21070	ci'n thupha paih mawk hi
e37754	zd:23972	paihding a kisam te paikhia lel in
e37755	zd:25926	lungsim ih neihte paihding kisam hi
e37756	zd:15207	datsi thunsak in paihi
e37757	zd:20046	Hospital khatah akilakding in paihi
e37758	zd:24807	GZA pan lungdambawl thupha paihna
e37759	zd:21811	Khrismas thupha paihna
e37760	zd:22875	niin amawk paihte liau sum
e37761	zd:17387	nin kimawk paihte koici leh kimawk paihlo ding aa
e37762	zd:20131	nin paihtheih nading nindum khat ki bawl hi
e37763	zd:11367	i paai nuam zongin paihtheih ding hilo hi
e37764	zd:25156	sum leh paii, tha leh ngal tawh i kihuh a
e37765	zd:20798	Sum le paii leh nasepna khempeuh
e37766	ts:1498	Sum lee paii haksa khuamite
e37767	zd:15384	Abraham in paiin Tuutal kai a
e37768	zd:22784	Saikel tawh a kipai theihna ciang paiin
e37769	zd:12827	atuahsia zato lumte avehding in zato ah paikawikawi in
e37770	zd:14716	China gamsung muntuamtuam ah nasem in paikawikawi in
e37771	zd:15122	Zangkong om pawl koimah paikei leng hoih pen ding hi
e37772	zd:25126	telkhial thei a, paikei leh
e37773	zd:16885	amanphet in avek un paikhiakik vingveng uhhi
e37774	zd:20410	Tua in paikhialhna pan hong keem ding hi
e37775	zd:11798	Kawlgam gamvai vaipuak neite paikhialhna hang hi zaw
e37776	zd:19614	Malaysia gamsung pan koimah paikhialo in
e37777	zd:14708	paikhia hiam paikhialo hiam en phot in
e37778	zd:18289	diksa hetlo in paikhiapah a
e37779	zd:17645	nasepna te a endingin paikhiapah hi
e37780	zd:17632	Banghun ciangin hihphual panin ka paikhiathei uhdiam
e37781	zd:19719	ahunlap in paikhiathei nawnlo in
e37782	zd:9428	i nuntak nadingin leitung nate i paikhiatsan kisam hi
e37783	zd:14917	kongkhak khakkik mengmeng in paikhiatsan hi
e37784	zd:19320	tua ma in paikhol zaw ni
e37785	zd:14619	amau kiangah appointment paikhol lecin hoih pen hi
e37786	zd:11936	Trucks mawtawpi tezong lamzik tungah paikhuan kipiakik cihi
e37787	zd:11271	tembaw tungpan Volunteers 25 bek paikhuan pia uh ahih manin
e37788	zd:24155	missionary te' inn lam ah paikik hi
e37789	zd:12928	Zingciang zingsang in ka zum ah hong paikik in
e37790	zd:20169	kawlgam pan Malaysia paikik thei hi
e37791	38.1.3	kei zong note kiangah kong paikik ding hi
e37792	19.78.39	hong paikik nawn lo huih nung bang
e37793	38.4.1	Kei tawh a kiho vantungmi mah hong paikik a
e37794	11.13.19	amah in zui-in hong paikik a
e37795	1.44.24	ka pa' kiangah ka paikik uh ciangin
e37796	42.22.45	a nungzuite kiangah a paikik ciangin
e37797	43.4.16	na pasal sam in la, hong paikik in
e37798	43.14.3	no kiangah kong paikik ding a
e37799	44.18.21	khatvei kong paikik ding hi
e37800	zd:14927	Gim taleng paikul hi, tawl taleng sep kul hi
e37801	zd:11775	nang leh nang in vaipuak la-in na paikul ding hi
e37802	zd:16216	Bawltheih nading lampi omsunpen Kawlgam paikul cihteng hi
e37803	zd:12287	Ipoh ah mawtaw pailai singkung in dengkha in
e37804	zd:21876	Hong pailai tak in upmawh hetlohna munkhat ah
e37805	zd:17560	Shanghai khuasung ah mawtaw pailaikhat meikuanggawp
e37806	zd:17289	mawtaw pailaikhat puakkham in meikuang ziahziah
e37807	zd:20932	na paileh kuamah in hong khaktan zolo ding hi
e37808	zd:16900	tua nasempa sum thoh dingin a paileh
e37809	zd:23935	Mi tamna ah pailo ding hi
e37810	ts:2731	ZRA lamte hong pailo uh hi
e37811	zd:22877	pailo in na om thei hi
e37812	pk:54	hua takah a pailoh nang' gen in
e37813	zd:9429	Tua pen i pailoh nading muna pai i hi hi
e37814	zd:15583	Nitumna lam te hong pailoh hang in
e37815	zd:15384	Nineveh lam ah pailoin Tarshish lam zuanin
e37816	zd:22967	khat kia bek pailoin
e37817	zd:19520	ih paima in phone set khol leng hoih pen ding hi
e37818	zd:11908	UN na paima a thei dingte kiangah kuppih masa in
e37819	zd:23037	Note zong na paimang nuam uh hiam
e37820	zd:23037	Nang zong paimang na ut hiam
e37821	zd:17560	khetawh painading in akibawl Sidewalk ah
e37822	zd:11666	Meileng painading akibawl sikzawn tungah
e37823	zd:17645	inn 40,000 bangah tui painawnlo in
e37824	zd:17876	pawlkhat te'n Myanmar Embassy ah painawnlo in
e37825	zd:25346	tualam ki paingamlo hi
e37826	zd:25322	zong Kawlgam hong paingei khin hi
e37827	zd:12094	munteng ah paingei nawnloding
e37828	zd:19971	meeting painuamlo thei uh hi
e37829	zd:12548	painuamlo ahih manin kitawng uhhi
e37830	zd:16949	sang painuamlo cihkhawngzong omtheiliang hi
e37831	zd:23446	appointment na lak khitciang-un hong paipan un
e37832	zd:22736	sang paipan a, kum 9 sung tawntung
e37833	zd:25461	I ngimna paipi kibang vive hi hang
e37834	zd:24320	a thu paipi a kibang ahihi
e37835	zd:16748	a thu paipi leh a om thu en nawnlo in
e37836	zd:12487	Anu mahmah in hong paipih hi
e37837	zd:17060	MD pa zumah ka paipih pah hi
e37838	40.14.18	khomun leh ngasa hong paipih un
e37839	42.18.40	Tua pa hong paipih un
e37840	43.9.13	tua mittawpa Farisaite kiangah a paipih uh hi
e37841	1.4.3	lei pan-a piang gah piakna Topa tungah paipih a
e37842	1.43.17	mite Josef' innah paipih hi
e37843	4.20.25	Hor Mual ah amaute paipih in
e37844	22.2.4	An nekna phual-ah hong paipih in la
e37845	19.23.2	tui kiangah kei hong paipih hi
e37846	19.107.7	amah in lampi man-ah amaute paipih hi
e37847	40.27.2	Pilat mangpa kiangah a paipih uh hi
e37848	zd:16170	Stroller tawh sawnciatciat in paipihden uh a
e37849	zd:15067	amanlang in zato paipihding thupi hi
e37850	zd:16998	anaipenpen Police Station ah hongki paipihding hi
e37851	zd:17694	zato ah alawmte'n paipihpah uhhi
e37852	zd:21793	Hospital khatah amanlang in paipihpah hi
e37853	zd:24276	Zato paipihpah ding hi
e37854	zd:16332	amanlang in zato ah paipihsuak uh a
e37855	zd:14776	naungek leh anu Hospital ah paipihsuak theihi
e37856	zd:10785	Russia in a teembaw paipihte lakah
e37857	zd:24939	Hun paisa thute mangngilhin
e37858	zd:24029	A paisa i pa, i nu leh i nau
e37859	zd:12280	Volley Ball a ding min sazian hong paisa teng
e37860	zd:19719	Myitkyina zuanin Bus tawh ki paisakding hi
e37861	zd:17632	damtak in ki paisakding hi
e37862	zd:17250	kuamah paisaklo in khakcipphot uhhi
e37863	zd:17860	tuabang munte paisaklo uhhi
e37864	zd:13098	Ambulance honkhat ki paisakpah ci uhhi
e37865	zd:16137	Firefigher bekbek akigawm in mi 30 paisakpah uhhi
e37866	zd:20958	Hun paisate kisam kik theilo a
e37867	ts:3375	tua ah a paisate kituah khawm kik ding
e37868	pk:123	Chin minpuate paisuak lai uh a
e37869	zd:16745	Naypyidaw dong Sia Tual Hau Khupte mawtaw tawh paisuak ung
e37870	zd:22479	a zintunna uhah paisuak pah uhhi
e37871	zd:17152	a nasepna ah paisuak hi
e37872	zd:20117	kum tampi paita hi
e37873	zd:23317	kum 30 bang paita hi
e37874	zd:17685	I sum leh paite zong 100 a 100 Topa' a ahi
e37875	zd:22941	ama neihsa sum le paite itsit het loin piakhia den hi
e37876	zd:24366	nungak tangval akuamahpeuh paitek ni
e37877	zd:11325	Kanpalet leh Paletwa panin mi paitek uh hi
e37878	zd:19166	ahong paiteng khempeuh moh leh niangtui tawh ki vaak hi
e37879	zd:10743	no hong paiteng lakah
e37880	zd:20399	engine om keileh paitheilo cihna ahihi
e37881	zd:14521	mawtaw 100 valbang paitheilo in khawlcip ngeingai uh cihi
e37882	ts:11162	Hibang teng tawh hun hong paito zel a
e37883	zd:19332	Hun hong paito in
e37884	zd:24965	Hih gamsung buaina pen hong paitoto leh
e37885	zd:25221	Hun hong paitoto in 1988 Kawlgam buaina
e37886	zd:23389	Kawlgam ah paitoto lai in
e37887	pk:135	sihna nopna ah mi paizah lengla sazian khempeuh
e37888	zd:20264	nasep paizai hangin
e37889	zd:10732	biakna thukhun leh paizai
e37890	zd:10743	Sangmang Robert Cope hong paizawh kumzacin phawkna
e37891	zd:25893	Christ hong paizawh kumzalom10 kiim pawl pan
e37892	zd:12630	Minute 20 khawngbek paiziau theihna ah aom
e37893	zd:17876	Malaysia Immigration ah paiziau uhhi
e37894	zd:12733	mun awng khatah tuapa pen paiziau uhhi
e37895	zd:23079	Ngaihsun khawm pak leng ut ing
e37896	zd:25177	thuman gentehna khat gen pak leng
e37897	pk:139	pakbang hong tawi ding hi
e37898	zd:13077	amasa thumte ensuk pakding hihang
e37899	zd:20997	thutawmcik ngaihsun pakding hihang
e37900	zd:15941	pakhat pan' apiang laiguizom hinapi in
e37901	pk:109	mai-ah pakhuan khat ka nei uh a
e37902	zd:16254	Zingsang khat a pakhuan sungah apaileh
e37903	zd:17092	Mipi tawlngak theihna ding pakhuan hoih mahmah
e37904	zd:11366	unau, pakibang nukibanglo uh ahihi
e37905	zd:23670	i leitung ah hong hawh pakin
e37906	zd:10687	Gentehna pakin enleng
e37907	zd:24630	khat-ah tawlnga pakin kilaihna om den hi
e37908	zd:11263	Pakistan gam ah Bomb puak
e37909	zd:14846	Tualak ah Pakistan gammi 3 kihel cihzong kiza hi
e37910	zd:21400	Pakistani gammi khat hi a
e37911	zd:21030	Indian ahih keileh Pakistani gammi hiding in
e37912	zd:11016	Guangzhou ah Pakistante kipia khia hi
e37913	zd:22444	pakkung hoih nono ih suan kim ciat ding hi
e37914	zd:14652	pakkung zong nam 5 suanding in hongkisawl
e37915	zd:26097	Thangpu kap thei paklo hi
e37916	ts:5635	taikhiatna ding baih paklo hi
e37917	zd:11384	cih kithei paklo in, kizong kawikawi hi
e37918	zd:18924	hih atamman paknam tui
e37919	zd:20889	Meikuang a tawmlai in, sumit pakni
e37920	zd:20158	hih bangin naci hi simkhawm pakni
e37921	zd:14537	tuahsiatna kiza pakpaklo hi
e37922	zd:16200	meileng kiphukha cihpen kiza pakpaklo a
e37923	zd:18248	mihing khe 3 nei cihpen aom pakpaklo hi a
e37924	zd:12876	ka innkuan un kaki pakpih mahmah uh cihi
e37925	zd:20131	i khuapi hi ci'n i ki pakpih mahmah
e37926	pk:10	Unok a pakta hi
e37927	ts:3341	Tedim gam huam Pakzang khua mi hi-in
e37928	zd:25233	Pakzang leh Tuikhiang cihte akipan khua tuamtuam ah
e37929	zd:22786	palaai thak te adingin thupha piakna kinei hi
e37930	zd:21717	Pawlpi leh Khua kipawlna pan palaai Delegate 1 ciat
e37931	zd:19659	Jerusalem Khuapi ah palaai Zumpi official in
e37932	pk:126	Paliman palai ding telna kikhoppi
e37933	zd:22362	agualzo party te pan palai 32
e37934	zd:21550	ZSM ah palai sem ding volunteer kideih hi
e37935	zd:22688	palai te tawh zong kiho thei khin ta hi
e37936	ts:3102	Conference palaite in kipsakna nei ci hi
e37937	zd:13287	UNHCR, Malaysia Home Ministry leh gambel palaite ki muhkhopna
e37938	zd:23048	ZAM palaite hong ko pah in
e37939	zd:23486	hong tam semsem leh lungsim palang sak a
e37940	zd:23006	hormone ki khel le ih lungsim palang thei
e37941	zd:25105	Palaung minam, Pa-oh minam cihte
e37942	ts:5848	ci-in Pale khuapi ateng khuami numei khat in gen hi
e37943	ts:2256	ci-in Pale khuamiten gen uh hi
e37944	zd:21739	Palestine gam ah tuu kicin hun pen
e37945	zd:16914	Palestine te zong tampitak mah Christian om uh hi
e37946	zd:11697	Jews mite alomlom in Palestine gam lutpih hi
e37947	zd:21027	A zomah Muslim Arab Palestinian te ahi uh hi
e37948	ts:3992	Gaza min pua in Palestinian gam piang hi
e37949	zd:12876	Arab gamkhempeuh lakah Palestinians pen laitheilo atawmpen khat ahihi
e37950	zd:16637	Palestinians te hong gawtbawl nawnkei in
e37951	zd:21626	Matupi, Mindat leh Paletwah
e37952	zd:22685	Palewa galtai te ading huhna hong piasa teng
e37953	zd:22608	Malaysia a om Palewa makai te khut tungah
e37954	zd:24303	tu hun ciangin Kawlte nangawn Pali thanem ta uh ahih manin
e37955	ts:11378	Trump in Israel Paliament ah thugenna a neih khit ciangin
e37956	zd:14941	Penang ah palik kineih pasal khatin
e37957	zd:12816	palik kineih minih te'n asumpuak uh laksak cihi
e37958	ts:4390	Khampat SAC palik phualpi sim uh a
e37959	ts:4683	TNLA in Nansan palik phualpi a busimna ah
e37960	zd:16205	palik thunei te genkhiatna ah
e37961	zd:11897	palik thunei khatin genkhia uhhi
e37962	zd:18102	palik thuneipa in Monday ni in genkhia hi
e37963	zd:18038	Ampang vengsung palik thuneipa in genkhia hi
e37964	zd:19674	Tuaban ah palik ulian honkhatzong apanmun kilaih uh
e37965	zd:11130	Petaling Jaya OCPD palik ulian te'nzong
e37966	zd:23427	Besi palik zum pan kila khia thei
e37967	zd:21215	palik zum ah lakding
e37968	ts:4379	palik zumpi kikapna zongah alangte nung kik uh hi
e37969	zd:19674	Malaysia palik zumpi ahi Bukit Aman panin
e37970	zd:16245	palikbu pa zong thukim pah hi
e37971	zd:22858	palikbu pa le singneipa
e37972	pk:73	palikpa in, gutapa a matkhit laitak ahi hi
e37973	zd:15674	Tua palikpa pen khuasung encikding in avak kawikawi
e37974	pk:126	paliman palai ding telna kikhoppi
e37975	zd:23676	Vukkhalpi khat a palkha na hita hi
e37976	zd:22915	a khe palkha in tuk citciat ahih manin
e37977	zd:25120	Zogam hong pallun ding hi
e37978	zd:11409	ih pallun peelmawh ding hi
e37979	zd:24471	Zogam pallun ta dinghi
e37980	zd:14599	Immigration Laws palsak uh ahih manin amat uh cihi
e37981	zd:24542	amah guakin koibangin palsuak thei ding hiam
e37982	zd:9451	ka hun haksapi uh nuamzaw deuhin ka palsuak thei uh hi
e37983	zd:10680	lawhsapna leh gentheihna tampi palsuak a lawhcingte ahi uh hi
e37984	zd:23554	paltan khat hong tung leh zong
e37985	zd:24029	Gal ven ciangin paltan pan tawpin sumbawl hong kipan hi
e37986	pk:161	a kiim a pam-aten noptuamna ngah
e37987	zd:12231	lamsaap mawkbeiding pamaih hi
e37988	zd:17889	20,000,000 manneiding cimawk ahih manin, pamaih mahmahmawk hi
e37989	zd:11941	Kisilding zong tuiman pamaihsa himawk hiam
e37990	zd:11658	azonkawikawi pen hun pamaihsa uhhi
e37991	zd:12314	A Pamin, behmin, khuamin cihteng bek hong genthei in
e37992	zd:22873	Pamin Tapamin, Khasiangtho min tawh natuiphum un
e37993	zd:15681	a hunbei lawhna te pammaihsa in kisik kik mahmah hi
e37994	zd:13178	lamdangsa, pammaihsa leh Ki Khasiatpih mahmah hi
e37995	zd:9433	pampaihna zong thuak kha ding hi teh
e37996	zd:24376	Kum 10 sung pampaihna
e37997	ts:4823	pampaihna le gentheihna tampi mah kithuak veve lai hi
e37998	pk:106	ci-in pan in
e37999	pk:156	khat pepeuh tawh pan thei
e38000	pk:156	a deihdeih in pan thei
e38001	zd:24810	kum khat sung $75,000 pan anuai siah ngah in
e38002	zd:25925	a sum thalawh $125,000 pan anuai siah angahte
e38003	zd:25280	nitaklam nai 2 pan kipan ding
e38004	zd:20406	Tedim pan kipan ahih manin
e38005	zd:22362	Thukhun chapter 1 pan kipan pah ding ci hi
e38006	zd:17772	Tua ni pan kipanin Pasian' thu a um pah hi
e38007	ts:479	apu apa khang pan kipanin kem toto ciat uh hi
e38008	zd:19612	Tangtawn pan kipanin ZOMI a kicite ka hi uh hi
e38009	zd:19602	cih Malay Mail pan kiza hi
e38010	ts:7016	PDF Zoland makaite' tung pan kiza hi
e38011	zd:22267	Myanmar gammi 6 kiman cih Bernama pan kiza hi
e38012	zd:9240	Artexerxes pana kila ahi hi
e38013	zd:23057	American Idol pana kila hi ding ci in
e38014	zd:9211	folk melody khat pana kila ahi hi
e38015	zd:20545	Kaaptel khua panaa ana laal uh
e38016	zd:21862	Tedim gam panaa aki ngah
e38017	zd:11441	Panasonic Company te'n Kawlgam ah nasep behlapding
e38018	zd:14767	Khua kipawlna leh Pawlpi panbek hilo in
e38019	zd:24658	Zomi-te khuttung panbek in
e38020	zd:22459	Shalom ZCWC Pandan Indah pawlpi RM300
e38021	zd:25294	Abeisa Covid-19 pandemic sungin
e38022	zd:24691	Covid-19 pandemic sung Pu Trump ii gualzawhna lianpi khat
e38023	zd:11011	ni ciangin kihongkik panding hi
e38024	zd:20363	Tuzawh kum 5 khitciangin ih lungkhawm panding hongci hi
e38025	zd:10722	ni ciangin thukhenzum ah thusitna kineikik panding cihi
e38026	zd:14985	Zogam ah Solar panel khat neizoleng
e38027	zd:19692	State Government in panel khat phuankhinta uhhi
e38028	zd:24563	Kithutuak takin pang khawm toto lai ni
e38029	zd:25461	I hih theihna mun ciat ah pang ciat ni
e38030	zd:26092	Thautawi a pang zong tampi mah om hi
e38031	zd:10952	I vek in pang khawmin America i hatsak kik ding a
e38032	zd:24003	makaite tawh pang khawmin a lawhcing hi zaw ding
e38033	zd:13272	Tanjong Karang Hospital ah pangka
e38034	zd:19912	vanleng ataklam pangka tungah mi tampi dingngeingai uhhi
e38035	zd:23767	a pangka zong sing ahi hi
e38036	zd:24455	Panglong vai zong bangmah tangtun lo ding uh hi
e38037	zd:23602	Kawlgam ah Panglong Agreement zui In
e38038	zd:22291	Panglong Thuciam hong tangtung ngei nawn lo in
e38039	ts:3168	Panglong Conference ni February 12, 1947 pen Union Day in, ki ciamteh hi
e38040	zd:25094	21st Century Panglong Conference kah dingin kithawi mah le uh
e38041	zd:16049	21 panglong khawmpi ah mualmi thautawi tetawh
e38042	zd:11274	panglong khawmpi ah Governor of Burma Executive Council Member te kihelin
e38043	zd:11456	Tupanin 2019 dong 21st Century panglong khawmpi
e38044	zd:24847	Hih panglong thukimna siksak in
e38045	zd:25020	a kip penpen panglong thukimna tungah zong
e38046	ts:4885	Haiciin Kawl kimah Haiciin khua, Pangmual khua, Kawlnuai khua
e38047	zd:25360	I pangpa in i thaneem hi
e38048	zd:22585	alungsim neu in pangpa kisa mahmah phot hi
e38049	zd:17152	khangham te pangpaa kisa thei aa
e38050	zd:25339	a pangpaa khualzin pa bang i hi hi
e38051	zd:19427	teci pangpang nuam uhhi
e38052	zd:24055	i nisim nuntakna ah Teci a pangpang kihi zaw hi
e38053	zd:21547	WA gam khuapi Pangsang ah
e38054	zd:21547	Pangsang a kici WA khuapi sungah
e38055	zd:15103	Security Guard khat hong kuadawk panhi
e38056	zd:19676	honghilh khatpeuh a omciang in kithei thei panhi
e38057	zd:14858	adang khatpen Magwe Region panhi
e38058	zd:11081	Runway panin pialkhia in, meikuanggawp ngei hi
e38059	zd:11472	lamzikpi panin pialkhia in lamgei aom singkung khat phuphei hi
e38060	zd:12267	Nakam paninzong lungno kilawhthei hi
e38061	zd:12488	Ampang Hospital paninzong Ambulance ki zasakpah hi
e38062	zd:20250	ASEAN gamsung paninzong Terrorist migilo tampi omhi
e38063	zd:21886	nu leh pa pankhawm siam kuul peuh mah hi
e38064	zd:12074	Laa vai a pankhawm theihna diing khat
e38065	zd:11679	hihpen koipan hongki pankhiahiam cih hoihtak kankhiatding genkhia hi
e38066	zd:15751	gamsung meikatna bangci bangin hongki pankhiahiam cihpen
e38067	zd:14696	Hih bang nasep a pankhiate in
e38068	zd:23394	Khuado a pankhiate in dawi a kihtak hangin
e38069	zd:10938	Kihuh a, pankhop ding ahi hi
e38070	zd:19302	pankhop kul mahmah zaw ding hi
e38071	zd:23725	nasemte tawh pankhop siam hi
e38072	zd:26411	I pankhopna Topa in thupha hong pia mahmah hi
e38073	zd:23528	Zomi Nam Ni ading pankhopna hong piasa te
e38074	zd:23629	Hi bangin I pankhopnate hangin tuni dong a kalsuanzo
e38075	ts:12347	mipi tawh pankhopnate thupi takin zat theihna dingin
e38076	ts:7798	lakkhiat dingin nasiatak panla uh hi
e38077	zd:24750	hong om tetek nading panla toto lai ding hihang
e38078	zd:14867	ih Gam ih Minam ading lunghimawh in panla tek ih hihman in
e38079	zd:21429	bangci bang a panlak kul a
e38080	zd:23657	en zong ahuh lam-in panlak ding ahihi
e38081	zd:24458	cidamna lam nasemte panlakna zong thupi mahmah hi
e38082	zd:17951	Bang mah panlakna lah omlo
e38083	ts:8872	vaipuakna, panlakna a neih ding kisam hi
e38084	zd:21579	Hih kipawlna leh panlaknate langpan bawl theih hilo hi
e38085	zd:15739	adangkhat India panleh acianlai khatpen Bangladesh gammi
e38086	zd:17745	Tua teng bulphuh in Panlong Thukimna kibawl ahi hi
e38087	zd:16003	Panlong Thukimna tawh kituak penpen hi
e38088	zd:17745	Tua teng bulphuh in panlong thukimna kibawl ahi hi
e38089	zd:16003	policy pen panlong thukimna tawh kituak penpen hi
e38090	zd:19499	mikhat asi akicipen zong California panmah ahihi
e38091	zd:12299	a Company taktak panmah ahiam cih theihcianhuai hi
e38092	zd:16001	Kum 5 cin panmunlen thak kitelna Yangon khuapi ah kinei
e38093	zd:24339	Vice President panmunlen dingin kiteel hi
e38094	pk:110	a pano kiangah lungdam a kohna
e38095	zd:21853	Tahan ah a pano-te innkuan tawh
e38096	zd:25097	Ka pa nau ka pano
e38097	9.14.50	Saul’ pano Ner’ tapa ahi hi
e38098	9.10.14	Saul’ pano in amah leh a nasempa kiangah
e38099	9.10.16	Saul in a pano kiangah
e38100	13.27.32	David’ pano Jonathan in thu thei mi
e38101	zd:20545	thubuai ahong ki panpah ahi hi
e38102	zd:23479	Kha 3 ciangin a thei panpan zong om hi
e38103	zd:14824	Ka khua a dam mahmah lam ka kiphawk kik panpan hi
e38104	zd:17745	ki ukna a ngah kik dingin kipan panpan ta ahi hi
e38105	zd:17668	Pyigyitagon Township sungah aki panpanta ahihi
e38106	zd:20595	gamdang mite hawlkhiat ki panpanta
e38107	zd:24594	Thum vei vilvel ki panpha ngiat hi
e38108	zd:8375	tuapan ki panpha kik in zokik hi
e38109	zd:25053	Mualmi pawlkhat in zong panpih hi
e38110	zd:25109	USA in zong panpih ding sawm lo hi
e38111	zd:20865	Thungetsak in hong panpih thei hi ung
e38112	44.24.9	Jew mite in zong panpih uh a
e38113	19.124.1	Topa in hong panpih lo hileh
e38114	11.1.8	David’ mi a thahatte in Adonijah panpih lo uh hi
e38115	44.14.4	pawlkhat in sawltakte a panpih uh hi
e38116	11.1.7	Amaute in Adonijah zui-in amah panpih uh hi
e38117	17.9.3	kumpi ulian khempeuh in Jew mite panpih uh hi
e38118	19.20.2	Zion panin nang hong panpih ta hen
e38119	18.34.19	amah in uliante panpih tuan lo a
e38120	15.10.15	Shabbethai bek in tua a nialte panpih uh hi
e38121	20.22.23	Topa in amaute panpih ding a
e38122	zd:15615	ahithei bangbang in ka panpihding uhhi
e38123	zd:13044	sumtawh ki panpihding hi ci'n genkhia hi
e38124	zd:11972	ahithei bangin galtai te kong panpihding
e38125	zd:20394	Myanmar kumpi in bangmah panpihlo ahih manin
e38126	zd:24641	Ahi zongin kua mah in panpihlo
e38127	zd:23528	ZSM ading panpihna hong piate
e38128	zd:25120	Cikha kual Covid panpihna kipia theilai
e38129	zd:17899	Medical Official te panpihna tawh
e38130	ts:2669	thapiakna leh panpihnate hangin tha kingah mahmah hi
e38131	ts:2452	Huhna le panpihnate zong kipia ding hi
e38132	zd:26026	Pasian' nasep a panpihte zong ahi uh hi
e38133	zd:24464	a panpihte bek hilo-in
e38134	zd:20263	Malaysia gampen tampitak panpihthei hi
e38135	zd:12023	cih paunakte pansan in kikum ni
e38136	zd:10952	i thumanna leh muanhuaina i pansan ding hi
e38137	ts:4298	SAC pawlin pansan in a neih mahmahna munpi khat ahi hi
e38138	zd:11416	Kumpi lampan khantohna ding nasia tak in pansan hong la ta uhhi
e38139	zd:24598	biakinnpi pansanin kiseem thei lo hi
e38140	zd:25052	Yangon khuapi laizang Pansodan lampi a om MOB bank ah
e38141	zd:19518	class te zong hong ki panta
e38142	zd:20458	pan in ki panta ding hi
e38143	zd:20952	hoih takin pantahin, sang a kah sak uh hi
e38144	zd:21013	numei in atate pantahin
e38145	zd:24117	hong kepna, hong pantahna mangngilh ngeikei in
e38146	zd:10938	naupang kepna leh pantahna ahi hi
e38147	zd:24123	Nute hong pantahna ahoih te zuisiam in
e38148	zd:21178	Pantanaw khua pan a khangkhia Kawlmi ahi hi
e38149	zd:15763	ih pantheihna mun ciat pan ih pan tekna ding in
e38150	zd:25332	pantheihna bangciat ah mipi tawh pangkhawm ni
e38151	zd:17060	hun bawl dingin hong ki panuh aa
e38152	zd:22827	Amau zingsang aak-masa-khuan bangin hong ki panuh aa
e38153	zd:20315	Tedim leh Tonzang panzong zumngak naseppih hon khat om lai veve hi
e38154	zd:24126	creditkarma.com panzong kien thei hi
e38155	zd:24068	Shan state sung a om Pao minam
e38156	ts:6055	Pao Region sunga om khuaneute
e38157	zd:23006	papa bang na cih na ahia
e38158	zd:24204	Tate in papa tungah hong maisak in
e38159	zd:20039	Malaysia, Sabah State, Papar District sungah
e38160	zd:14503	Bus Driver papen bangmah liamna omlo
e38161	zd:15667	Hih Lorry Driver papen kum 58 aphakhin khat hi
e38162	zd:14716	sisan 200 vei apiakhia a ettehhuai papikhat
e38163	zd:20363	Tua papikhinsa pen kum 41 aphakhinsa khat hi a
e38164	zd:21047	Minute 5 khitciangin papipa in kongkhak honpan hi
e38165	zd:22683	papipa in Thangboih khut sunga om laibu en hi
e38166	zd:19468	Tua papipa pen British gammikhat kici hi
e38167	zd:20461	Indonesia, Papua Province sungah thupiang ahihi
e38168	zd:20734	Papua kicihna munzong
e38169	zd:12093	Papua New Guinea ah vakuan uh a
e38170	zd:21557	paracetamol a hihleh a nau a lian a'dingin ki zangthei hi
e38171	zd:19054	Parachute tawh lengkhia himahleh liamna honkhat ngahhi
e38172	zd:17591	vandawn panin Parachute tawh lengkhia cihi
e38173	zd:25222	pumpi thak tawh a nuam mahmah Paradise ah tawldam ta
e38174	zd:11150	akhut aveilam pen Paralysis ngahkha
e38175	zd:19810	Paramedic te atun ciangin athu adot hangin
e38176	zd:15307	Ambulance tawh nasem Paramedics te atun ciangin
e38177	zd:17483	Zatuisiam Paramedics te atunzawh asawtlo in
e38178	zd:26097	US direct in parcel tawh khak ding in
e38179	zd:21540	Tua parcel pen Bayan Lepas tungkhinta a
e38180	zd:21908	Tua khitteh parcel cih kammal hong lang mahmah a
e38181	zd:14509	innpualam ah Parking akikoih mawtaw 4 tezong siagawp cihi
e38182	zd:12691	Tualaimun pen Motorcycle Parking kikoihna hi a
e38183	zd:17075	Sang huang sungah cycle Parking khat bawl sak thei leng
e38184	zd:17750	Tua sanginn pen Florida, Parkland khuasung aom
e38185	zd:11117	Parliament sungah laikhak tuamtuam ki ngahden hi
e38186	zd:23013	Kawlgam Parliament kikup ding hun tawh hong kituak hi
e38187	zd:25178	prayer partner nei ka hih manin ka lungdam hi
e38188	zd:15554	Housemate leh partner zong kici hi
e38189	zd:25305	partner zong atuamtuam
e38190	ts:3125	parttime semin hong kuan zel uh hi
e38191	zd:20176	parttime tawh asem anuai aa tengin
e38192	zd:24682	Zogam ah party tam mahmah hi
e38193	zd:22989	minam party kul nawnlo hi
e38194	zd:22701	ei deih le ei huat partyte kikal panpihna le demna ahi hi
e38195	pk:132	pusa pasa thoihna ahi
e38196	zd:16022	Ih Gam ah pasal sang numei tamzaw hi
e38197	ts:2913	Shwebo khuaneu pan zong pasal khat liam hi
e38198	zd:15425	Numei leh pasal alawhna kibanglo hi
e38199	41.10.7	pasal in a nu a pa nusia-in
e38200	1.17.17	Kum za a pha pasal khat
e38201	46.11.8	numei in pasal pan piang ahi hi
e38202	pk:32	Ni a kici peuhmah pasal hi a
e38203	pk:97	pasal nei hi
e38204	zd:16779	Zi leh pasal ding kigingkhol ni
e38205	zd:24176	Sarah in a pasal Abraham
e38206	zd:19854	tuageinai anawkkha pasaldang thaupua khatin
e38207	zd:11938	nidangin pasaldang lawmngaih khat nei ngei hi
e38208	zd:18056	Hotel sungah pasalhon bekbek dimletgawp ahih manin
e38209	zd:20611	tua pasalhon te ahehsa in kuankik leuleu uh a
e38210	zd:21251	pasalna hi hetlo a, haina hizaw hi
e38211	zd:9429	zu le sa, numei-pasalna, sum le pai tawh i zong uh a
e38212	zd:9425	numei pasalna-ah a thangtat, a zulhzau mite
e38213	zd:11150	Zineih pasalneih cihpen ziakailua cihbang omlo hi
e38214	zd:12630	Tutung ka pasalneih, ka mopawi uh ahihleh
e38215	zd:12748	Penang State sungah Kawlgammi pasalnih kitawng in
e38216	zd:12634	kum 20 leh kum 23 aphakhin pasalnih in
e38217	zd:12014	Naungek suakcil pen pasalno ahihi
e38218	zd:13163	kum 12 aphakhin pasalno khat ahihi
e38219	zd:15317	khatpen pasalno hi a, kum 3 bek phapan hi
e38220	40.2.16	kum nih nuaisiah pasalno khempeuh a thatsak hi
e38221	pk:65	tua laibu pen, tua pasalno'neihsa hi
e38222	zd:17426	ta pasalnokhat hong lakkhiatsak hi
e38223	zd:16321	pasalnokhat ahi keipen
e38224	zd:23896	Tua pasian bawlsa te sung pan in
e38225	zd:23877	Eite' hangin pasian bawlsa nate kisia
e38226	zd:23394	Ci leh sa deihna nusia a pasian deihna zuih ding hi
e38227	zd:23629	A kisam khat I panpihna in pasian deihna zong ahi hi
e38228	zd:16442	Dam ingei pasian hehpihna tawh
e38229	zd:20699	pasian hehpihna tawh a veilam ah khemeng neu khat nei sam hi
e38230	zd:23394	Ngeina sangin pasian kammal zuih ding hizaw hi
e38231	zd:24064	pasian kammal limtak in kan lecin
e38232	zd:21013	pasian kihtakna leh itna tawh anasep sem ta hen
e38233	zd:15942	pasian kihtakna i lungsim ah a om takpi mah hiam
e38234	zd:19201	mi minthang leh pasian mizatte thu zong thei zo
e38235	zd:15941	Hih atunga pasian mizatte tuni ciangdongin
e38236	zd:23057	Zomi Idol makaipite bang pasian nasem vive hiphial hi
e38237	zd:20971	Mikim in hunbit pasian nasem ni ka cihna hilo hi
e38238	zd:25291	pasian nasemte manphatna kitel semsem hi
e38239	ts:4564	Zomi pasian nasemte Topan hong makaih ngiat ta hen
e38240	zd:25464	pasian nasemte i khitui a luang ngei hiam
e38241	zd:23556	pasian phatna tawh gualzo hi
e38242	zd:9249	pasian phatna labu tampi khenkhia-in hawmkhia uh hi
e38243	zd:15572	pasian phatna leh pahtawina tawh kipan lianmawk hi
e38244	ts:9862	Eite hong huh, honghilh pasian thubu a hihi
e38245	zd:23896	pasian thubu sung aa tangthu te tawh
e38246	zd:19093	Hih pasian thuthuk sinna Sangpipen 2002 kum in kipan khia hi
e38247	zd:25891	Moses pen pasian thuthuk a thei masa pen
e38248	zd:10966	pasian thuthuk sin na kinei aa
e38249	zd:23551	Hih pen pasian zahtak lohna hang ahi hi
e38250	zd:8667	pasian zahtak te omna peuh ah thusia veng hi
e38251	zd:24480	Biakna hahkat pasian zahtak mi
e38252	zd:9434	Leitung nuntakna-ah pasian zahtakna tam nawn lo hi
e38253	zd:17639	Tate pattahna a hoih khempeuh pen pasian zahtakna pan kipan hi
e38254	zd:11409	pasian zahtakna tawh ki hoihlamh ahih leh hoih hi
e38255	zd:22415	Pasianin na khualzinna hong tunpih ding hi
e38256	zd:19850	Na vekpi un, Pasianin hong it hi
e38257	zd:12134	Pasianin thupha hong piakim ciat tahen
e38258	ts:261	mawhpuak cih kammal pen Pasianthu tawh kisai
e38259	zd:20999	Pasianthu atheihna ding uh
e38260	zd:24176	i Topa Pasien in thupha hong pia tek ta hen
e38261	zd:18890	ih bieh Pasien in nang thuhkia ciat
e38262	zd:23808	Senate ah a pass theih nangun vote 60 kisam hi
e38263	zd:25351	House ah pass zo lo hi
e38264	zd:19210	ka nget leh, hong pass lo hi
e38265	zd:18054	Passcode koihnading munah amanlo in mekkha ahih manin
e38266	zd:19445	Bus sungah Passenger kuamah omlo ahih manin
e38267	zd:16598	Aliam Passenger tepen pasal 3 leh numei 9 ahi uhhi
e38268	zd:10670	Vanleng tungah Passenger avekpi in mi 154 atuang uh ahihi
e38269	zd:17677	Bus sungah Passengers te ki thehzak gawp uhhi
e38270	zd:12124	Passengers leh Crew tezong kuamah aliam omlo cihi
e38271	zd:16216	Ka vekpi un Passport nei khatzong omlo
e38272	zd:23641	Passport zum lam kapai leh
e38273	zd:16216	Passport leh Visa hang hi
e38274	zd:12470	atate Passports leh Birth Certificates tezong
e38275	zd:11612	International Passports tuamtuam honkhat
e38276	zd:12096	ka Password pen piak sawmlo hi ing
e38277	zd:23843	ih computer Password te
e38278	zd:14728	Tua Pastor pa ka meltheih ahih man in
e38279	zd:24186	Munlai Tuiphum pawlpi ah Pastor ka sem uhhi
e38280	zd:24933	Pastor tampi hong kibehlap hi
e38281	zd:19108	pastorpa in a thugen mah hong zom toto hi
e38282	zd:19193	a pastorpa a en sak hi
e38283	zd:18920	Hih pastorpa in a uppa tellua ahih manin
e38284	zd:23956	Tua hileh Pastors te bang danin ih mu hiam
e38285	zd:23215	Pastorte leh Evangelistte khut kilenin na kisem khawm
e38286	zd:21737	i Pastorte hilo, i pawlpi upate hilo hi
e38287	ts:1180	Pawlpi kem Pastorte i ki-etphat mahmah kul hi
e38288	pk:169	pat hual khat
e38289	ts:3375	Tua pan pat kikhek in puan kibawl hi
e38290	zd:22087	Hih patate hanciamna thupi kisa in
e38291	zd:22087	nek tawm zong patate ahi uh hi
e38292	zd:22639	patau meikang khat om leh kuama hanthot kul lo in
e38293	zd:14865	patau meikang aom ciangin Firefighter te kizasakpah a
e38294	zd:12130	Christian aom sunsun tepen patauden mahmah uhhi
e38295	zd:16926	guta damiah kilau in ki patauden hi
e38296	zd:15489	mipi te pataugawp uhhi
e38297	zd:16137	nasempa zong pataugawp hi
e38298	zd:11660	pataugawp pahlo in khuakzatding thupi mahmah
e38299	zd:11897	Bomb Alarm agin ciangin Embassy nasem tezong patauman uhhi
e38300	zd:20013	vanleng Hijack kisa in ki patauman mahmah hi
e38301	zd:19991	mipite'nzong lamdangsa in ki patauman hi
e38302	zd:20023	vutkhu in atuamcipgawp ciangin patautek mahmah uh a
e38303	zd:11625	ki patautek ahih manin
e38304	zd:16806	Specialist patawh akimuding in
e38305	zd:15814	Hih Agent patawh akisawhkha te
e38306	zd:19166	Aki patcil in Khai Kam College, tuciang in Kalay University
e38307	zd:20803	a ki patcil aa kipan thu le Pasian na omkhawm hi
e38308	zd:15280	Nakhat peuhpeuh ihki patcil pen ki patau veve
e38309	pk:98	Laigual patcilna leh, laigual thakkhat a kipat sialsial in
e38310	pk:160	Ih pate'tate pen ih tate pate hi a, ei ih hi hi
e38311	pk:160	Ih pate'tute pen, ih tute' pate hi a, ih ta ahi hi
e38312	zd:20562	gamsung ah pateh peuh zongin akivak uh ahihi
e38313	zd:20775	Zogam le pateh
e38314	zd:21978	A nu le a paten mittaw sangah kahsak a
e38315	zd:20572	inn lamah a nu leh paten tuition a laksak uh
e38316	pk:157	patha lah khek zo keng e
e38317	zd:14859	Pathein General Hospital ah kipuak cihi
e38318	zd:24963	Tung Pathian itna vangin
e38319	zd:22922	degree a ngah hangin, nasep aki patin
e38320	zd:20850	US gampan aki patkhiatna gamah aki puakkik
e38321	zd:11945	Aceh People te hongki patkhiatna abulpi khat kici hi
e38322	zd:23127	Tu-in ZAM' Patron Thupi mahmah khat ahi
e38323	zd:23554	kua'n hong patsak ding hiam
e38324	zd:21155	Nu leh Pa mahin pattah ding hi
e38325	ts:3375	Sawm upa in khangnote pattah in thuhilhna nei zel hi
e38326	zd:23191	Tate pattah ziading
e38327	zd:13121	Tate pattahdan asiamding in
e38328	zd:9453	pattahdan kisam lo hi kha ding a
e38329	zd:20955	khangthak pattahna kisam hi
e38330	zd:21886	Tate pattahna ah numei ten mawhpuakna lianpi nei uh hi
e38331	zd:23591	nu leh pate' pattahna dandan in tate hong khangkhia uh ahi hi
e38332	zd:24079	Muvanlai in a note a pattahzia
e38333	zd:13266	Tate pattahzia leh deihbang in agamtatloh ciangin
e38334	zd:12405	Thailand gamsung Pattani khuasung ah Bomb nihvei puakkham in mi 51 liam
e38335	zd:12420	tulaitak Thailand, Pattaya City sungahzong
e38336	zd:16093	Pattaya khuasung aom Condo innsang mahmahsung khatah
e38337	pk:60	Gamdangah ei pau kizang lo hi
e38338	zd:17509	Hebrew te pau in Olive thau pen SHEMEN kici hi
e38339	zd:22802	A pau uh zong atuam ciat ahi hi
e38340	zd:17204	Zo pau in na pau thei lai hiam
e38341	1.10.20	a innkuan, a kam pau, a leitang
e38342	1.10.5	amau’ kam pau ciat zangin
e38343	46.13.1	vantung mite’ pau nangawn ka pautheih hangin
e38344	46.14.2	Amaute’ pau kuamah in thei lo a
e38345	40.26.73	Na pau in hong kitheisak hi
e38346	20.13.3	pau a ki-ip zo mi
e38347	20.10.19	pau ip theite mipil hi
e38348	pk:71	Ken' Zopau ka pau hi
e38349	pk:71	Nang' Zopau na pau hi
e38350	pk:71	Amaute in, Zopau a pau uh hi
e38351	zd:24310	ahizongin Zopau in pau thei lo hi
e38352	zd:12932	Hih lai-ah tu inla pau kei in
e38353	zd:22746	Tu hunin pau kei leng
e38354	zd:19159	Paucinhau Lai tawh Zomi ki atna hiah kong lak hi
e38355	zd:19159	Paucinhau Lai in lai kikhakin thu kiza uh hi
e38356	zd:17599	Aungbali pauh te leh lampi a kia sumbawm mu te
e38357	zd:22803	pauhlap ding om lopi in
e38358	zd:16606	pauhlap kizong thei lo in
e38359	zd:20787	Computer paukam-te pen, programming language kici hi
e38360	zd:24569	awsuah paukam tawh a kigelh
e38361	zd:21761	Na tate paulam kei in
e38362	zd:23717	Census peuh paulam in i minam sung khenthang kei ni
e38363	zd:22159	Pasian min mah paulam in a mite hanthawn
e38364	zd:25186	Pasian peuh paulap kei ni
e38365	zd:20667	Biakna paulap in, upna kibat pih lo Muslim tawh
e38366	zd:19316	sangnaupangte mah paulapin na kizangh toto hi
e38367	zd:23476	gamkikhelna bawl ding cih paulapin hong makaih leuleu uhhi
e38368	zd:10984	Russia in NATOte' paulapna pen kingakna a nei lo
e38369	zd:22683	Nangpu paulo in hong dai dide hi
e38370	zd:22780	Meeting sung ah a pauloh bang in
e38371	zd:21085	kam na pauloh a phamawh a hihi
e38372	zd:14804	To tam a neih manin paunakin
e38373	zd:23761	kilungtuah lohna a om thei lua hi aa, paunakin
e38374	zd:21085	Kam a paunuam mi na hihding kisam hi
e38375	zd:20116	Abner paupih in Abner heh mahmah a
e38376	zd:19707	apuansilh tawh kisai in paupih ahih manin
e38377	zd:16900	paupih sese lo-in athuakthuak hi
e38378	zd:22789	pautang nampi thum kizangh phadeuh hi
e38379	zd:24157	pautang ah buaina om lo
e38380	zd:8667	hong bawlsiat ding uh ki pautau lo hi
e38381	zd:23597	gamsung buaina hong pian khak ding a pautau zong ahi hi
e38382	zd:20676	Court Interpreter khatin Malay pautawh asimkhiat ciangin
e38383	zd:15125	Hokkien pautawh kogawp in
e38384	zd:17060	lungdam lua kisa un, pautheilo liangin a omuh hi
e38385	zd:21119	A pautheilo te pauthei, lampai theilo te lampai thei
e38386	zd:21876	A pauzong awk thei lai hi
e38387	zd:12117	Hih numeino pen pauzong mahbang theinawnlo hi
e38388	pk:122	Bangmah paw khang e
e38389	pk:44	Mi tawmkha in, pawi en uh hi
e38390	pk:127	ih kaihkhop khit ciangin ih bawl pawi hi
e38391	zd:23394	pawi tuamtuam zong om hi
e38392	ts:479	Tua pen KHUADO pawi kici hi
e38393	zd:15794	Annlak pawi zong kici hi
e38394	2.23.14	keimah adingin pawi na bawl ding uh hi
e38395	14.5.3	a kha sagihna-a pawi hun sung
e38396	19.81.3	Kha-det, kha-liik, i pawi ni-in pengkul tum un
e38397	1.29.22	mi khempeuh kaikhawmin pawi khat bawl hi
e38398	1.26.30	amaute’ adingin pawi khat bawl a
e38399	43.7.11	pawi sungah a zong uh hi
e38400	zd:23083	Zomi Khuado pawi muakna in Table Tennis kimawlna zong om ding a
e38401	zd:21156	Malaysia gam ah Khuado pawi muakna Zomi League
e38402	pk:9	pawi-ah a pai hi
e38403	zd:13149	Aidilfitri pawihun ciangin khualzinmi pen atamdiak theimah hi
e38404	zd:16173	thungetna tawh pawihun kipan hi
e38405	zd:14846	Malaysia SEA Games pawihunsung Security mi 7000 in mawhpuak lading
e38406	zd:21471	Deepavali Celebration pawihunsung in gambup muntuamtuam ah
e38407	zd:16389	Sente biakna pawikhat ah
e38408	zd:11024	Mopawi ahizong pawikhat peuhah
e38409	zd:15884	Deepavali pawini Fireworks lawnpa hangin
e38410	zd:18036	India ah mopawi pawisiimding apai mawtaw khat
e38411	zd:21232	Khuado pawisim khempeuh minam puan silh ding
e38412	zd:15592	khuatuamtuam paninzong pawisim mipi tammahmah den hi
e38413	zd:13124	Hari Raya pawisung ninih kikhakding hi
e38414	zd:11482	New Orleans Parade pawisung mawtaw khatin nawkgawp in
e38415	zd:17062	kumsim in hihbangdan pawithupi aom ciangin
e38416	zd:14881	hizah pawithupi SEA Games ah
e38417	pk:119	a sau ciangtawn pawkawm sain, a laam
e38418	ts:301	Kawllai le Manglai tawh pawl 4 a zo hi
e38419	zd:23810	Hih 1975 kum pawl mahin
e38420	zd:9237	France gam Paris ah 1510 kum pawla suak
e38421	zd:9238	nisuahna leilu lam tai 50 pawla om ahi hi
e38422	ts:5635	Tai 10 kim pawlah om uh
e38423	zd:17428	zingsang nai 2am pawlah
e38424	zd:18872	Tuaphual panin Meter 100 pawlah
e38425	zd:23476	gamkhangto mawhlo pawlah kiciamteh hi
e38426	zd:21626	tua debate aa aki helte pawlah
e38427	zd:22941	pawlhuai mahmah in lawm le gual hau mahmah hi
e38428	zd:22868	Amah pen lungsim siangtho in pawlhuai mahmah khai
e38429	zd:10742	Kum 12-45 ciang ZYA pawlhuam in kiciamteh ding
e38430	zd:16031	Zomi Innkuan USA kipawlna sunga om pawlhuam Zomi Innkuan kipawlna teng
e38431	ts:4734	SAC pawlin bel vanleng tawh kap ziahziah uh hi
e38432	ts:8784	AA pawlin thuthak suahkhiatna nei nailo uh hi
e38433	ts:6741	PDF pawlin luahzo lai phot uh cih kiza hi
e38434	pk:123	A dang pawlkhat paisuk lai uh a
e38435	pk:155	Naupang la pawlkhat en dih ni
e38436	zd:20412	Gentehna pawlkhat en pak dih ni
e38437	zd:21042	pawlkhat in bel dong zong dong vetlo uh hi
e38438	ts:3654	Khua sung zongah kikapna pawlkhat om lai
e38439	41.6.40	pawlkhat za, pawlkhat sawmnga, a pawlpawlin a tu
e38440	10.2.25	amaute pawlkhat suakin mual dawn khatah a pang
e38441	17.3.8	amau a tuam om mi pawlkhat om hi
e38442	44.17.18	Stoik thu ngaihsutzia a um mite pawlkhat
e38443	16.11.36	Levi mite pawlkhat Benjamin gamah kigawm hi
e38444	24.26.17	Gamsung upa pawlkhat in zong
e38445	43.3.25	Jew mi pawlkhat thu kiseel uh hi
e38446	ts:479	pawlkhat leuleu in hih pawi pen LAWM ANNEEK ci uh hi
e38447	zd:17685	pawlkhat leuleu in piak hamtang ding ciin nakpitakin tangkopih uh hi
e38448	zd:9422	Mun pawlkhatah lampi a omna hangin
e38449	zd:17879	American gam khuapi pawlkhatah
e38450	zd:9437	Tulai pawlpi pawlkhatah mi pawlkhat in
e38451	zd:14638	Luidung aom khua pawlkhatbang akhuabup in
e38452	zd:15292	Photo pawlkhatbek khahkhia uhhi
e38453	zd:19906	innkuan meltheih leh alawmte pawlkhatbek in zui uhhi
e38454	zd:12040	Household Items pawlkhatbek om ci'n
e38455	zd:12900	liamna pawlkhatbel ngahveve hi
e38456	zd:12259	Minor Case pawlkhatbel om in
e38457	zd:23554	Ei mi pawlkhate bangin
e38458	zd:20816	pawlkhate innkuan sung en lehang
e38459	zd:22746	Hausa pawlkhatin lai zong ngah nai lo lai uh hi
e38460	zd:22334	mi pawlkhatin ahih zawh zah un hanciam uh hi
e38461	zd:23551	pawlkhatin biakpiak hun sungin phone peuh na khoih
e38462	zd:13190	angah nailozong pawlkhatmah omlai cihi
e38463	zd:15840	Delaware sungahzong mi pawlkhatmah thautawh kapleuleu cihi
e38464	zd:17974	Tuate lakah pawlkhatpen zato kilumsak uhhi
e38465	zd:16937	pawlkhatpen akhedap Shoes sungah aselsim cihi
e38466	zd:11814	adang Kawlgammi pawlkhattawh akigawm in mi 8
e38467	zd:19667	Nupi honkhat naupang pawlkhattawh lamgei ah adinlaitak
e38468	zd:11625	Inn pawlkhatzong kisia cih kiza hi
e38469	zd:15370	Zomi pawlkhatzong Oldtown Outlet ah asem om uhhi
e38470	zd:25221	kumpisang kahpih lawmte pawlkhatzong a om hi
e38471	zd:20250	gamkhempeuh ki pawlkhawm in ihsepding kisam hi
e38472	zd:19220	France leh United States tawh ki pawlkhawm in
e38473	zd:16442	Bangkum a hih Band tawh ki pawlkhawm in
e38474	zd:19671	Mahathir leh Anwar Ibrahim te hongki pawlkhawmthei uh ahihi
e38475	zd:16336	AA te pen Northern Alliance ah pawllut
e38476	zd:13069	ZIUSA Genvai pawllutthak kisangkik tadinghi
e38477	zd:20076	apiangthak, pawllutthak te tui aphum laitak in
e38478	pk:97	pawlmi 15,000 ka pha uh hi
e38479	zd:15407	pawlmi khat in sihna atuak aom leh
e38480	ts:4909	CJDC pawlmi sung pan
e38481	zd:15772	ki pawlna tuamtuam a om te
e38482	zd:22282	ki pawlna tawh na semkhawm
e38483	zd:23929	tua ki pawlna te phalna bek tawh zuak ding
e38484	zd:12425	Muslim leh Buddhist pawlnih kikal buaina hongpiangin
e38485	zd:25360	Zomi min in pawlnih khennih phalo in
e38486	zd:19219	pawlnih tuak in ding thei uh hi
e38487	zd:16640	Khuado hunin a pawlpawl, a vengveng in lawm ann nekhawm uh hi
e38488	zd:16150	A pawlpawl aa thu kikhupna
e38489	zd:21042	AG pawlpi 1 om hi
e38490	zd:22059	pawlpi vai ahih nakleh lawptakin ma ka pang hi
e38491	49.5.25	Khazih in pawlpi a it mah bangin
e38492	44.20.17	pawlpi upate a sam hi
e38493	47.11.28	pawlpi khempeuh lunghihmawhna tawh
e38494	44.15.41	Amaute in pawlpi omsate kipsakin
e38495	42.24.22	Ko pawlpi numei kimkhatte zingtungin hanah pai uh a
e38496	zd:23205	KL ah pawlpi kem sia asem
e38497	zd:25080	ka khua pawlpi kem kawm dingin tavuan hong pia uhi
e38498	zd:25080	pawlpibup itna gah ahih manin thupi mahmah ka sa diak hi
e38499	zd:24807	pawlpibup in ahi zongin, innkuankim in ahi zongin
e38500	zd:22159	a pawlpih a zong kawmkawm a hi hi
e38501	zd:20218	a mah leh a mah a pawlpih teng
e38502	ts:6880	CNA leh a pawlpihte'n nakpitak hong dona hangin
e38503	ts:4491	pawlpikem siapa zong liamna ngah cih kiza hi
e38504	zd:11587	Malaysia gamsung aom pawlpikem sia, makai, Pastor te'nzong
e38505	zd:21939	Ka pawlpimi 100 khawng bek hi
e38506	zd:25751	leitungah pawlpimi a tam pen hi a
e38507	zd:21326	biakna pawlpisung, veengsung, khuasung
e38508	zd:19419	Tapidaw pawlpisung omnapi'n apiangthaklote
e38509	zd:22019	biakna Pawlpitepan in RM 300 tawh
e38510	zd:23958	pawlsum tam akhia pen gam hi a
e38511	zd:10983	ZIUSA Kipawlna pawlsum panin
e38512	ts:3227	Chin Human Right Organization pawlten gen uh hi
e38513	ts:6923	CNA leh a pawlten lakhiazo uh hi
e38514	zd:20319	Pawlu a zat bangin hong zang thei Pasian ahi hi
e38515	zd:23113	Pawlu laikhak bu 13 sung pan
e38516	zd:22411	a zo Party ten pawlzawn in Cabinet bawl thei ding hi
e38517	zd:12891	pasal 10 khawng pawlzawn in
e38518	zd:25790	te pawlzong mitawh kipawlkhop loh
e38519	zd:22935	innvakna leh pawlzotna hialbawl ta hi
e38520	zd:22187	niin kang baih leh guh zong pawm baih pah hi
e38521	zd:22187	kum 50 cingkhit hun guh hong pawm ciang
e38522	zd:22187	guh pawm natna ngah thei hi
e38523	zd:24068	Kuki Chin Baptist Association, te in hong pawmlo lai
e38524	zd:16862	Pawnpi lui pan tui gallon bang zah kila
e38525	zd:15590	Pawnpi tuilakna pen 2014-2015 Fiscal Year aa kisem ahi hi
e38526	zd:24559	i nasepna paycheck pan nasem mipi te khut sung
e38527	zd:24566	i nasepna paycheck pan social security
e38528	zd:20806	PayPal cih bang Company-te a neipa
e38529	zd:23843	Italy kumpi pazong mipi mai-ah kap hi
e38530	zd:16459	Pazundaung Township sung aom lampi 15 te
e38531	zd:12441	PDF tawh na simnop leh
e38532	zd:17776	Aki cingzaw in PDF File ah
e38533	ts:9564	PDF galkap khat zong si hi
e38534	ts:9312	PDF lamte a si aliam omlo hi
e38535	ts:1195	KNLA le PDF pawlte 1 si-in, 1 liam
e38536	ts:3307	PDF Zoland pan thuneiten gen hi
e38537	ts:6977	Hih kidona ah PDF Zoland pan
e38538	ts:11323	Bahmaw khuapibup phial pen KIA leh PDFs te mahin
e38539	ts:6525	PDFs kipawlnate te tawh zong kipawlna neilo hi
e38540	pk:121	Va pe mah ning ei
e38541	pk:152	pe 2
e38542	pk:75	Taang in, tui a na peekpeek khinzo tading hi
e38543	zd:16651	peello galpi thumna piang hamtang ding hi
e38544	zd:24847	Kamciam peello te
e38545	zd:19451	Suakta peelmawh ding hi
e38546	zd:16204	Hong ki lamdang peelmawh ding hi
e38547	zd:11274	hamphatna bulpite ngah peelmawh ding uh hi
e38548	zd:17860	thuneihna-tawh hong gawtkiik peelmawhding cihthu akithei ahihi
e38549	zd:23546	Immigrant visa peen nam-4 in kingetsak thei hi
e38550	zd:15380	Hih meimual peen 1963 kum in khatvei puakkham khin
e38551	zd:25333	Unau peeng nih nu' gilsung pan kihona
e38552	22.7.3	a takhawm helhel sakhi peeng
e38553	22.4.5	a takhawm hialhial sakhi peeng tawh
e38554	zd:22833	azat pau pen a common peenpeen hipah hi
e38555	zd:24119	lah den ding hoih peenpeen hi
e38556	zd:23013	August kha hong hi peetmah ta hi
e38557	zd:16844	2018 hong tung peetmah ta ding hi
e38558	zd:26097	Lungdam bawl hong tung peetpeet ding hita hi
e38559	zd:21498	kumza hong cing peetpeet ta hi
e38560	pk:77	pai laitak, peh laitak, dawn laitak
e38561	zd:23268	a kam sung a a peh sagguhpi tui sungah kiatsuah hi
e38562	zd:11044	Sahang peh athuakpa pen
e38563	zd:25393	misite pen dawite peh hi
e38564	zd:15385	Ui pehna hangin asi tampitak luangkhiagawp in
e38565	zd:12941	Lungno apua Aedes tho pehna panin
e38566	zd:20461	Awle in akhe pehsak masa in
e38567	zd:16389	Circus Tiger khat an apiaksawm laitak in, akhut pehsak cimawk hi
e38568	zd:12053	Bawngtal in kimawlna limneu khatbangin peigawp cihi
e38569	zd:11354	tamveipi aki peigawp khitciangin
e38570	zd:23823	Nuntakna pen a ki peipei hi a
e38571	zd:25020	galkapte in deih bangin peipei thei ding
e38572	zd:24205	ama ut bangin tu-in peipuang ta hi
e38573	zd:16139	cycle le peithum ciangciang kipai thei hi
e38574	zd:11347	peithum Cylcle te tui tawi in buai thei mahmah uh a
e38575	pk:152	pek khat
e38576	pk:152	pek sawm
e38577	zd:12963	abeisa kumtampi pek akipan aki beelpawl
e38578	ts:5440	Abeisa December kha sung pek akipan etcikna om khin hi
e38579	zd:18258	taanglai pek akipan ihpu ihpa khang
e38580	zd:20555	tuapa pen Pekan Hospital ah zatui akibawlding in kipuak hi
e38581	pk:137	a golzaw pekha phial leng zong
e38582	zd:21520	pekkhat peknih tek tawh mapang khawm ni
e38583	zd:14742	Gamdang pan pekkhat zong panailo in
e38584	zd:21520	Pekkhat peknih tek tawh mapang khawm ni
e38585	zd:22649	pawlpi sungah pekkhat peknih kizangzo zawdeuh hi
e38586	zd:14559	agamlapi pekpan inzong meikuang pampam ki galmuh hi
e38587	zd:16101	Pagoda tepen tangtawn pekpan in akilam hi
e38588	zd:12217	abeisa kum 2 pekpan in akithei uh
e38589	zd:19392	Saturday ni pekpanin meikuang akipan hi a
e38590	zd:16741	abeisa kum 10 hunlai pekpanin akilam hi a
e38591	zd:17949	abeisa November pekpanin adamlo
e38592	pk:80	pekpeek khinzo
e38593	ts:301	nidanglai pekpekin Khul leh Ciim kici gam khat om hi
e38594	zd:19159	Tangtawng muiciai lai pekpekin Tibet gam ah zong
e38595	zd:21122	Malaysia leitang tung a om Zomite khempeuh khatzong pelemlo a
e38596	zd:23977	zuihding leh pelhding thu manpha te ahihi
e38597	zd:14818	pelhtheih aomleh pelhding hoihzaw hi
e38598	zd:24252	hih pen pelhhuai hi
e38599	zd:22416	pelhhuai hetlo hi
e38600	zd:19117	nikhat zong pelhlo a kuanzo te zong pahtawina pia uh hi
e38601	zd:17841	Appointment hongpiakni in pelhlo in napaiding hoihzaw hi
e38602	ts:1278	Ahih theih lai teng vaikuan pelhlo ding
e38603	zd:25567	supna leh dongtuahna pelhtheih hilo hi
e38604	zd:25927	lutsese lo aa pelhtheih ding thupi hi
e38605	zd:20538	hih laibu pen pello a sim dingun
e38606	zd:13165	pello in hong zonsak pah ding uhhi
e38607	zd:22336	pelloin na theihding thu pawl khat
e38608	zd:22778	interview napai ciangin pelloin na theih ding thu
e38609	zd:25268	Zampi khua ah pem uh hi
e38610	zd:24227	a pem kawikawi dan tawh kisai-in tangthu tampi om hi
e38611	ts:301	Mawngbang ka pemna peuhah
e38612	zd:21690	zong kisil khol lo uh aa, nam pempam thei uh hi
e38613	zd:16148	mi na ki um pempam lai a
e38614	ts:3271	Illegal, pemta dan in ngaihsun lai uh hi
e38615	zd:15941	Zomite zogam pualam ah pemta in
e38616	zd:26660	inntek pemta deidan lo hi
e38617	zd:23893	Jerusalem a om Judah-te ban ah gamdang a pemte zong
e38618	ts:3168	1937 kum a kipanin khual khua a pemte in
e38619	pk:68	Mungno a hat pen ahi hi
e38620	ts:3164	leh a hau pen hong suak uhhi
e38621	ts:7016	Mipi a tawm pen 5000 val galtai uh
e38622	ts:10085	USA gammi Pope ngah masa pen zong hipah hi
e38623	zd:23857	interest leh penalty cih te om thei lo ding hi
e38624	zd:20730	Tua penalty pen Sinapore te in khumlo
e38625	zd:12226	penalty tawh thu ki khen aa
e38626	zd:15257	Penang khuasung ah guahtui tamluatna hangin tuikhanggawp
e38627	zd:14865	Penang ah nikhatsung in mun 3 ah mawtaw meikang kawikawi
e38628	zd:17554	Kuala Lumpur atuding vanleng pawlkhat Penang ah kitusak
e38629	zd:25433	Akhedap veilam penbang kikeek lua kisa
e38630	zd:21586	penbel Kawlgam lam ah kitamtheih lo hi
e38631	zd:16442	azuak penbel muzo nailo
e38632	zd:9441	Tate pencil lei nading sum om lo napi
e38633	zd:21102	laidal leh colour pencil khut lom khat
e38634	zd:11479	Alor Setar, Kedah panin Pendang lam zuanin apai laitak
e38635	zd:21538	Kedah State sung aom Pendang District sungah thupiang ahihi
e38636	zd:21130	Nang ading kua thupi pending hiam
e38637	zd:19676	cileng kinai pending in ka um hi
e38638	zd:22873	Christian upna tawh kituakthei pendingin azat ahihi
e38639	zd:14751	kipawlna tuamtuam tawh akituak lo thei pendingin
e38640	zd:12948	Hih Penglam thuleng na sim khit ciang
e38641	pk:124	laipi bawl dingin Shangam Penglong
e38642	zd:8375	pengpelek pen man ding in umum le cin lengleng den hi
e38643	zd:24276	Ih muttheih nading zatui hoih penkhat ahihi
e38644	ts:4564	Korea leitungah gamhoih penkhat in kiciamteh in
e38645	zd:21083	Na lungsim hong sukha penmah gen in
e38646	zd:23784	building hoih penmah hipah hi
e38647	zd:9262	New Castle, Pennsylvania ah lal uh a
e38648	zd:9223	Pennsylvania ah July 9, 1838 ni-in suak hi
e38649	zd:23356	politic pen leitung ah lauhuai penpawl hi
e38650	zd:21351	ka nasep thupi penpawl ahi hi
e38651	zd:15647	anuntakna asawtthei penpending in kakemding uhhi
e38652	zd:19178	leitung ah pasal akum atam penpending
e38653	zd:14869	Amuanhuai leh sauvei akizangthei penpending aki telkhia ahihi
e38654	zd:24957	kum thum sung a kizomin ahau penpenin kiciamteh hi
e38655	zd:22802	Khumi pau pen atam penpenin
e38656	zd:16997	a tam penpenna Lithuania gam hi
e38657	zd:25609	ih utloh penpenna mun
e38658	zd:19476	Asan penpenna munpen leilak panin
e38659	zd:17055	galkap pensen bangzah hiam om uh hi
e38660	zd:14703	a sepna a pensen khit ciangin
e38661	zd:25678	Kumpi nasem te zong a kumcin teh pension kipia a hihi
e38662	zd:16356	pension la khinte bang thupi I sa kei semsem hi
e38663	zd:18086	a khat in Pentagon susia hi
e38664	zd:11014	Pentagon in F-35 vanleng man akhiam manin
e38665	zd:19772	Pentecost ni hong tun ciangin Jesu a ummite khempeuh
e38666	zd:25454	Shavuot ahih kei leh Pentecost tawh kituaka
e38667	zd:21547	Pentecostal upna nei gammial na semte pai uh hi
e38668	zd:14927	Pentecostal nipi pen Lungdambawl, Thawhkik Nipi cihte zah in
e38669	pk:137	a neih bangbang siit loin, penuam hi
e38670	zd:16600	Apasal aneihthak penzong Myanmar gammi mah kici hi
e38671	zd:18122	penzong Myanmar gammi khatmah kici hi
e38672	zd:25130	driver, peon tampi kisam ciat lai
e38673	zd:15453	YMCA peon kicial hi
e38674	zd:17208	Nasep khat pepeuh maizumpih neilo hi
e38675	zd:19997	Kimawlna khat pepeuh ah akimawl dingte
e38676	zd:21102	Minam khat pepeuhin minam puan, national dress neih ding thupi
e38677	zd:11400	aci pepeuhin gap tuak hi
e38678	zd:15232	State 3 tepen Perak, Selangor, Melaka cihteng ahihi
e38679	zd:20164	Malaysia, Perak sungah Express Bus khat kilumlet
e38680	zd:12033	Kawlgam zawnna 34 percent hi
e38681	zd:10972	Note tawh 1,000 percent ka om khawm hi
e38682	zd:24319	percentage in en leng atamzaw dam kik uh hi
e38683	zd:19662	minam percentage zui in inn zong hawm uh hi
e38684	ts:12490	Nek le dawn pen 25 percentage bek kingah zo pan
e38685	zd:17398	Jesuh bang a mi perfect hi lo mah hi
e38686	zd:12096	adang khempeuh ah bel perfect ngiat teh
e38687	zd:11771	perfume aki limbawlkhiat mahmahna khuakhat hi a
e38688	zd:12267	perfume khawngtawh nau ending in paikei in
e38689	zd:17287	Malaysia, Perlis State sung aom Kangar khuasung ah
e38690	zd:11984	Malaysia, Perlis ah golhgukne palik nih kiman
e38691	zd:19442	Permit neilo gamdangmi nasem khempeuh
e38692	zd:14993	work Permit tawh hong pai thei le uh hoih pen
e38693	zd:19953	UNHCR leh Permit neite pen hong man nuam samlo uh hi
e38694	zd:14626	Perodua, Kia, Proton cih mawtaw nam 3 ahihi
e38695	zd:17138	Perodua Myvi mawtaw khattawh hi a
e38696	zd:12096	Ama personal vante amah bek tawh kisai sak in
e38697	zd:23973	personal information pawlkhat zong kisam ding hi
e38698	zd:23430	kei ma personal ah lai hong khak un
e38699	zd:13215	Factory sungah nasem 70 Personnel zong kiman uhhi
e38700	zd:16998	tualak ah Police Personnel 3 tak kihel uhhi
e38701	zd:20416	Perth Airport atung ciangin
e38702	zd:20181	Western Australia ii khuapi ahi Perth City ah
e38703	zd:17844	Peru gamsung ah Bus khat tuahsia
e38704	zd:17094	Peru gamah Passenger Bus khat tuahsia in
e38705	zd:23400	Petaling Jaya mah hi ding hi
e38706	zd:11750	Kuala Lumpur leh Petaling Jaya kikal
e38707	zd:12051	Saint Petersburg khuasung atai meileng tungah
e38708	zd:9261	America gam Petersburg, New York ah
e38709	zd:22334	CNF deih lohna mi tul tampi minthuh petition pen
e38710	zd:11382	Ui petna panin agu teng
e38711	zd:19295	hong petna a nat luat leh khah khia ziau in
e38712	ts:5513	Tutung petpet ah nungkin nawnlo ding hita ung
e38713	zd:13102	Zanni Sunday ni petpet ciangin
e38714	ts:3125	ka nasepna mihau pa in hong it petpet ta hi
e38715	zd:16901	Tua Petronas Twin Towers ii asangna pen Meter 451.9 hi
e38716	zd:15456	zusa in akhe petsak ci a
e38717	zd:19295	a khut petsak maita hi
e38718	zd:21033	Gam khat peuha mipi a uk taktak pen
e38719	zd:21011	Pasian' sawlna peuha pai ding
e38720	zd:23977	limtak in kisinsawm peuhleeng
e38721	zd:25573	A mite thupi in gina peuhleeng
e38722	zd:22095	Itna om peuhleh suang banga sak lungtang zong neem dikdek thei hi
e38723	zd:21605	sem nuam peuhleh Leitungah a piang theilo bangmah om lo hi
e38724	zd:19166	Sum om peuhleh, Shwe inn nangawn ki lamthei
e38725	zd:24320	kikemzo, kiselzo peuhleng piang thei hi
e38726	zd:19826	a hun lap peuhleng nuntak tawldam mahmah, nuam mahmah hi
e38727	zd:26385	Pai peuhmah lo uh hi
e38728	zd:19654	Kamciam pel nuam peuhmah lo hi
e38729	zd:25180	Lungkia peuhmah kei un u leh nau aw
e38730	zd:15358	khe uih gimnam azak peuhmahleh
e38731	zd:18112	aki muhkhiat peuhmahleh khauhtak in thu kibawlding hi
e38732	zd:24481	Thusia lasia om peuhmahlo ding hi
e38733	zd:24132	nang pen azawng hi peuhmahlo nahi
e38734	zd:21279	Hihbang thu in thusia hi peuhmahlo hi
e38735	zd:23972	puannin leh buan peuhtawh ki mawlnawn kei in
e38736	zd:12395	Games peuhtawh nusiacip nawnkei ni
e38737	zd:15732	vok golpi peuhtawh kibang hi
e38738	zd:12752	ihki imcipman peuhzong hitheimawk hi
e38739	zd:17653	cihbangdan a umkhawng peuhzong omthei uhhi
e38740	zd:25749	Hih pen taksa vai hi peumah lo hi
e38741	zd:15107	Mang kang khempeuh a sia hi peumah lo hi
e38742	ts:301	a zawh peupeuh khuate ama gam suakin
e38743	zd:20902	amuh peupeuh a khut lap in
e38744	zd:24691	Pfizer in Phase 3 clinical trial abawlna ah
e38745	ts:3375	Khuapang a san leh khua pha ding
e38746		pha sa ing
e38747	1.2.9	a pha leh a sia theihna singkung
e38748	45.7.16	Thukham in a pha hi ka ci hi
e38749	45.7.19	A pha ka gamtat nop ka hih thei kei hi
e38750	pk:44	kum sawmnih a pha hi
e38751	pk:71	i cih pen nam li pha hi
e38752	zd:23810	Tu-in kum 37 vilvel pha ta hi
e38753	zd:24119	Ka vokpi suak-in 9 pha hi
e38754	zd:22744	IQ 50 kiim ciang bek pha thei hi
e38755	zd:19260	ava phaak koikoina khuate lungdam thei
e38756	zd:24731	laibu tampi ka phaak zawh tantan ka sim den hi
e38757	zd:23037	phaak natna hanga kikhawl zong himai ding hi
e38758	zd:19798	a phacia ding sangin azah khat bang golzaw ta hi
e38759	zd:19245	a meel, a phacia, a sahna
e38760	pk:43	Hih phacia lak pianzia in
e38761	zd:16241	Ka naseppih te kuamah aliam omlo ahih manin phadawm hi
e38762	zd:15795	meikuang pen phadawm zawdeuhta a
e38763	zd:20060	I supna phadawm mahmah ding hi
e38764	zd:19495	Vanleng alenkhiatma vive ahih manin phadawmlai hi
e38765	zd:12000	Vandawn ah aki phukha hilo ahih manin, phadawmlai hi
e38766	zd:18943	Hihzah sangin meikuang aki lawhgawploh phadawmlai hi
e38767	zd:20760	Zosiam team pen mi 20 kimta phaden hi
e38768	zd:21042	Kikhawm mi 40,000 val phaden ci hi
e38769	zd:17110	mawtaw pen 20,000 tabang phaden hi
e38770	zd:20787	scientist te zat hi phadeuh hi
e38771	zd:16695	Hi bang mite pen ki-it in ki ngai phadeuh hi
e38772	zd:21340	A phadeuh in naupang te in khialhna a bawl ding
e38773	zd:21061	criticism a thuaklah phadeuhte ahih leh
e38774	zd:15541	a kithupi ngaihsut phadeuhte ahi uhi
e38775	zd:20056	Motorcycle tuanciangin kidop phadiakding thupi hi
e38776	zd:12016	vanlengte pen limsit phadiakding uhhi
e38777	zd:22639	ei leh ei ki-ngai phadiakin midang kuamah tawh
e38778	zd:11504	Album pen leitak phadiakleh kilawm hi
e38779	zd:21613	kidop huai phadiakleh kilawm hi
e38780	zd:13350	atam phadiakna pen Uttar Pradesh sungah
e38781	zd:17355	Zogam khuadam phadiakna khuate ah
e38782	zd:20769	a ki-it phadiakte ih hi-uh hi
e38783	zd:11594	ih omna kinaipih phadiakte nahi sawnsawn uhhi
e38784	zd:17649	Beach anopci, aminthang phadiakteng hoihtak kepcingding in
e38785	zd:19745	Abeisa US History ah thaukikapna ahuaisia phadiakteng
e38786	zd:16442	La dawng bangzah phading a hia
e38787	zd:20582	innsia zong tultampi phading kici hi
e38788	zd:12519	Kg 11 bang phading kici hi
e38789	zd:19164	aliamzong mi 30 bang phahi ci'n Police te'n genkhia hi
e38790	zd:17790	Aliam bekbekzong mi 15 phahi
e38791	zd:19239	Adang khat in TEYMEE PHAHSAHPAHLAH hi in
e38792	zd:21182	Phaileeng, Lunmual, Philnak khua 3
e38793	ts:261	leh Phaileeng mi etc
e38794	zd:14804	meltheih teng samin phaitam lamah kamkumna khat nei uh hi
e38795	zd:24240	phaitam lam pan lut zual thei ding
e38796	zd:17341	phaitamlam ah va kikum uh
e38797	zd:24806	Phaiza khua satna thu
e38798	zd:24320	Kum 9 a phaka a piangthak hi-a
e38799	zd:9214	kum 40 a phaka kipan gospel lamal bek phuak-a
e38800	zd:23616	Ka nu in kum 40 a phakciangin hong neih
e38801	zd:21817	kum 60 ka phakciangin midangte mahbangin tawlding
e38802	zd:21817	kum 60 a phakdong thatangsan in
e38803	zd:23616	kum 3 ka phakdong ka nunawi
e38804	zd:24749	vuanzi lam et ngam huai phakei
e38805	zd:14730	acihnopna taktak dawk phakei in
e38806	zd:12553	Motorcycle 12 bang phakhinding cihi
e38807	zd:14859	sai aki thatlum 30 bang phakhinding cih kiza hi
e38808	zd:17049	Ko ka kiten zawh uh tu in kum 58 phakhinta hi
e38809	zd:12618	Tua numeino pen tu'n kum 13 phakhinta hi
e38810	zd:14770	H1N1 Flu natna tawh asi mi 13 phakhinta
e38811	zd:9222	Kum 43 a phakin si hi
e38812	zd:23138	Kum 16 a phakin piangthak a
e38813	zd:11279	Kum 33 a phakin computer lei zo pan hi
e38814	pk:161	Bui a phakkuan a tawp
e38815	zd:23972	Kum 18 na phakleh na puansilh zong
e38816	zd:24248	Kum 50-60 na phakleh
e38817	zd:22713	mite i phak leh phakloh ding hong kidang
e38818	zd:24963	Theih phakloh selungmawlte i hi
e38819	zd:20736	Kum 25 na phakma in hihlai sim hamtang in
e38820	zd:22159	kum 40 a phakma in
e38821	zd:20176	Tua panin Phalaam adelh leuleu uhhi
e38822	zd:19166	Phalaam, Chin State ah ahong semngei pa ahi hi
e38823	zd:20401	amangcipzong mi 60 bang phalai
e38824	zd:14740	Myanmar gammi limlim mi 133,725 bang phalai uhhi
e38825	zd:14628	hih Building thuneite'n hoihtak in encian phalaiding uh a
e38826	zd:20466	mipi theihdingin hong tangkokhia phalaiding uh cihi
e38827	zd:20176	Phalam panin Bo Vungh Khai tawh ki tuakkha zenzen
e38828	pk:13	phalbi lai-in vuk a khal hi
e38829	zd:25863	Khal ciangin khuahun sa lua a, phalbi ciangin votlua hi
e38830	zd:20484	phalbi ciang a mau kiang ah guah zu hi
e38831	zd:19875	phalbi aa ki ciingte ni 100-120 sungin kila thei hi
e38832	1.8.22	khuakhal leh phalbi, sun leh zan bei lo ding hi
e38833	43.10.22	a om lai takin phalbi lai hi a
e38834	41.13.18	Tua hun in phalbi laitak a
e38835	20.31.21	phalbi tun’ ding lunghimawh lo hi
e38836	40.24.20	a hun ding in phalbi laitak leh
e38837	pk:140	A gilpi phalkhat
e38838	zd:12487	Sen kumpi in phallo hi
e38839	zd:19455	A ta te phallo hi
e38840	zd:14767	lasak ki phallo hi
e38841	zd:20930	Biakna in a phalloh hangin Human Rights in khaam lo
e38842	zd:23784	Nakhempeuh Pasian phalloh in pianglo hi
e38843	zd:19427	ama phalloh nate etna pan kipan hi
e38844	zd:23008	a phallohna zong om tuanlo hi
e38845	zd:13255	naseptheih nadingin phalna kician neilo uh ahih manin
e38846	zd:20912	gamdangmi phalna kician aneilo mi 29,177 te kimansuak uhhi
e38847	zd:24297	phalna kician omlo in
e38848	zd:20909	Malaysia gamsung ah phalna omlo in guk omte mat kipan kikding
e38849	zd:18952	kumpi' phalna omlo in tembaw tawh khual a zinte zong man uh hi
e38850	zd:11649	Kawlgam sungah phalna omlopi in honglut uhhi
e38851	zd:11594	phalna omlopi in sazuk kaplup pen
e38852	zd:11698	aminpen Polie te'n genkhiatding phalnailo uhhi
e38853	zd:19614	gampualam ah ataikhiatding aki phalnailo ahihi
e38854	zd:11833	tua Herbal Tea pen zuakding phalnawnlo uh a
e38855	zd:11854	zatding phallo in zuakdingzong phalnawnlo uhhi
e38856	zd:22278	kum 10 a phalo om hi
e38857	zd:17634	kisa nawn phalo hi
e38858	zd:11159	phaltak in mawtaw hongzangsak khempeuh te tungah
e38859	zd:21559	SangInn phaltak le nuamtak aa hong zangsak
e38860	zd:17685	it pipi in pia kei in la, phaltakin pia in
e38861	zd:22938	phaltakin hong zangsak uh hi
e38862	zd:20315	Phaltang khuathak Bulphet a kicihna mun ah
e38863	zd:13151	Mobile Phone zatding phalvetlo uhhi
e38864	zd:12676	alupna inndei sungah alutding phalvetlo hi
e38865	zd:24086	Na tuunnu a pham nua ciang
e38866	zd:9421	a pham ding uh ciangin a lawmte kiang uah
e38867	zd:15809	pham sate' kiang ki-ut
e38868	zd:15274	a omngeilohna munte ah hongkizelh phamahmah hi
e38869	zd:12688	mailam kalsuanna ding in kizangthei phamahmah a hihi
e38870	pk:132	Hih phamawh, panmunte hong piankhiatna in
e38871	zd:19662	gam nih in kikhen loh phamawh dinmun hong tung hi
e38872	zd:15971	Tua ahih man in leitang leiloh phamawh dinmun hita hi
e38873	zd:11908	kipawlloh phamawh dinmun kitung hi
e38874	zd:11487	hoihtak ki gelhcian peuhleh phamawhlo hi
e38875	zd:17841	Voluntary laimal khatguak hileh phamawhlo khamahding hi
e38876	zd:25288	khawl loh a phamawhna mun
e38877	zd:24733	neihloh phamawhna thu ih gennopna a hihi
e38878	zd:9451	Johnny in phamawhsak tuak het loin
e38879	zd:12998	gal a tailoh phamawhta hi
e38880	zd:15280	gencianna neihkhiatloh phamawhta hi
e38881	zd:12567	azipen Pi 2 leh letmat 4 bek phamawk hi
e38882	zd:12854	aliamzong mi 58 takbang phamawk hi
e38883	zd:25277	Guitarist Kimpu7 phamna tungtanga leitungbup Zomite' tunga lungdam kohna
e38884	ts:301	Pham in, pham in nong cih hang phamna bang lo e
e38885	zd:12024	ZSM pan phamsa te phawkna Volleyball
e38886	zd:23388	ZSM KUM 10 CIN LEH phamsa TE PHAWKNA KIBAWL DING
e38887	ts:3375	ciang leh lawhte phan uh hi
e38888	zd:15941	gamdang ah sumzongin zinkhia phangphang hi
e38889	zd:21908	gamdang ah kitung phangphang hi
e38890	zd:25181	naupangte lampial phangphang uh hi
e38891	zd:12112	A mun a phanuam te a ding
e38892	zd:16713	amahpen kum 15 bek phapan hi
e38893	zd:12087	Atanu uhpen khakhat bek phapan hi
e38894	zd:11484	Numeino pen tu in kum 15 phapan hi
e38895	zd:22539	thungen khawm dingin ih kizasak phapha hi
e38896	zd:22590	ZSM ih lut tangtang ding zong kong zawn phapha uh hi
e38897	zd:21510	Thu khat kong telsak nuam phapha hi
e38898	zd:16897	Israel mite Pharaoh khutsungpan
e38899	zd:22275	Zogam leh Zomi Pharaoh le David
e38900	zd:17883	Pharisee khat zong ahihi
e38901	zd:11256	Laisiangtho sunga Pharisee te thungetdan
e38902	zd:21137	Pharoah in amang gen a
e38903	zd:11769	avekin nam 8 bang phasak uhhi
e38904	zd:16302	akigawm in mai 6 phasak a
e38905	ts:3375	phek thum phasak uh a
e38906	zd:11846	Tuapen inndawl 5 phasakding uh a
e38907	zd:12420	Taxi Stop pen mun 8 ki phasakding hi
e38908	zd:25176	Covid 19 hong laang phasan hi
e38909	zd:9220	mi tampitak a hehnep lam phawk phasan hi
e38910	zd:13026	golhguk apia tezong lauhuai phasem cih
e38911	zd:22238	naungek a'dingin tampiang sak phasem hi
e38912	zd:25136	cih kisit phat ciat ding ahi hi
e38913	zd:21049	Limtak kantel a ngaihsut phat huai thu ahi hi
e38914	zd:21690	Tu-in kum 60 phata hi
e38915	zd:11619	Tua numei nihte pen kum 11 leh kum 13 phata uhhi
e38916	zd:19080	mimal le kipawlna gawm 474 phata hi
e38917	zd:19371	Hoihtak phatak in zin hong do hi
e38918	zd:22334	phatak ngaihsun dih ni
e38919	zd:11670	limtak phatak a tuat ngiatngiat a
e38920	zd:12436	lungsim nopna dingin hopih a, phatbawl ding hoih hi
e38921	zd:15496	hongki phatbawl khempeuh lungdamluat pahpahding hihetlo
e38922	zd:15822	khualzinmi atam phatdiak hun
e38923	zd:11253	mawtaw atam phatdiak hunte nangawn ah
e38924	zd:20877	Hih LSTho mun pen a bulphuh phatdiak uh hi
e38925	zd:24446	Zomite i kidot phatding thu namthum
e38926	zd:17677	kumpi thunei te'n hoihtak in etcian phatding hi
e38927	zd:11342	Khatveivei mi 30, 40 cihbang phathei uh cihi
e38928	zd:15407	Lungsim kikhat in Pasian phatkhop theihna ding
e38929	zd:11135	ei tawh Pasian phatkhop nuamsa pan uh hi
e38930	zd:21869	Ih ci a dam phatloh ciangin sihding ki lau thei hi
e38931	zd:20790	ama thu a theite theih ngei phatloh thu pawlkhat
e38932	zd:12029	hih Campaign pen thupisa in phatmahmah uhhi
e38933	zd:16817	hoihmahmah hi ci'n phatmahmah uhhi
e38934	zd:25891	A nihin sep ding a phatmawh sam hangin
e38935	zd:25126	a tonpih loh a phatmawh hun om thei hi
e38936	zd:23019	phatna la na sa thei ding hi
e38937	zd:16661	Zola awi in Pasian phatna la na sak zong
e38938	zd:23057	a la kisate Pasian phatna la hi peuhmah lo hi
e38939	zd:19269	Na mit tawh midangte hoihna phatnate na mu thei hi
e38940	zd:21898	na hoih na phatnate phawkkha lo-a
e38941	zd:12194	asi pen azahthum dektakbang phatota hi
e38942	zd:14858	asi kibehlap in mi 25 phatota
e38943	zd:20023	puakkhapna hangin misi 109 phatota
e38944	zd:10672	A et phatphat leh
e38945	zd:13302	ka ngaih phatphat leh zopau na hi mawk hi
e38946	zd:20176	aki sim phatphat ciangin, tuabang ahi hetkei hi
e38947	zd:15794	ihihna ki phatsak pih ngam in
e38948	zd:17521	kipah huai, angtan huai leh ki phatsak huai thu khat
e38949	zd:16442	hongki pahtawi ciangzong ki phatsak pihgawp pahpah keini
e38950	zd:19124	Ki hihsakna ki phatsakna te om vet lo in
e38951	zd:23301	I hauhna ki phatsakpih lo ding ci hi
e38952	zd:20728	I pilna-te ki-phatsakpih lo in
e38953	zd:20697	Nuihmai inla mi phatsiam in
e38954	zd:21340	phatsiam ding zong kisam hi
e38955	zd:21876	na phattuam nading na nasep sak ding kisam hi
e38956	zd:21224	mite phattuam nading sem toto ni
e38957	zd:16340	Midangte phattuam nadingin na sem in
e38958	zd:22650	amau phattuam nadingin kumpite tawh
e38959	zd:20538	ama theih pilnate minam phattuam nadingin
e38960	zd:21259	sing phatuam mahmah ding hi
e38961	zd:11658	mipi adingin hunbei phatuam mahmah khading hi
e38962	zd:11308	Booking lecin sumbei 30% phatuamding
e38963	zd:15067	ahunbei phatuamding hi ci'n vaikhak hi
e38964	zd:20104	ahunbei pen tampitak phatuamding hi
e38965	zd:10722	phatuamlo ahih manin
e38966	zd:16433	lawmin nei leeng phatuamlo a
e38967	zd:12359	Local Hospital ah akibawlbawl hangin noptuamlo, phatuamlo hi
e38968	zd:23332	phatuamna, hamphatna tampitak hong om kha dingin ka lamen hi
e38969	zd:16588	a mau aituam phatuamna in a zat na muhleh
e38970	zd:11167	Siing pen sungnim phatuamsak theihi
e38971	zd:14816	guhpa natna phatuamsak thei hi
e38972	zd:21239	Gim namsia zong phatuamsak hi
e38973	pk:5	lam phawk ciat ni
e38974	pk:56	ci a zat ding ahih lam phawk gige ni
e38975	pk:108	innkuanpih teng zong ka phawk mahmah hi
e38976	pk:110	Hong phawk den
e38977	zd:24944	Thungetna ah phawk ciat ni
e38978	zd:22459	MALAYSIA PEN ZOGAM A HIH LOH LAM phawk IN
e38979	19.105.42	ama nasem Abraham a phawk hi
e38980	2.20.8	Sabbath ni a siangtho-a zat ding phawk in
e38981	23.44.21	Jakob aw, hih thu phawk in
e38982	zd:24238	Na phawka, na phawk kha kei zongin
e38983	zd:15565	Thungetna ah hong phawkciat un
e38984	zd:14967	Thungetna ah phawkciat ni
e38985	zd:11259	thungetna ah phawkciatni
e38986	zd:12290	thanem mahmahding uh ahih manin thungetna ah phawkciatni
e38987	zd:10687	Language pikhat ahicih phawkden ni
e38988	zd:23602	ibawlsial in phawkden ding kisam hi
e38989	zd:16365	Pasian in hongmu gige cih phawkdenleng
e38990	zd:14709	Tua phawkdenleng aginalo in ki gamta ngamloding hipah hi
e38991	zd:15300	tetawh akibang hizenzenlo cih phawkdet huaihi
e38992	zd:14581	thukhenzum kitungthei cih phawkdet huaihi
e38993	zd:17355	meihol khupen lauhuai mahmah cih phawkding kisam hi
e38994	zd:22019	cikhumdat tampi a omlam phawkding thupi hi
e38995	zd:19092	phawkding thu pawlkhat
e38996	zd:23394	I khut sunga om Laisiangtho thupina phawkhuai hi
e38997	zd:24375	Amau totsa lampi a tawn i hih lam phawkhuai hi
e38998	zd:22754	A phawkhuai gige thu khat ah
e38999	zd:16442	Pasian phawkkawm in, Pasian mah masa sakden leng
e39000	zd:21134	ahih lam phawkkawm in, ei zong i kikhel kul hi
e39001	zd:12304	bangmah phawkkhalo in taisuak vingveng hi
e39002	zd:11780	meileng nih apailam phawkkhalo hi
e39003	zd:19871	gul in atuklam phawkkhalo ahih manin
e39004	zd:14824	damdam in khua ka phawkkik a
e39005	zd:12304	tuakhit ciangin khua hong phawkkik cihi
e39006	zd:17547	khua phawkkik nawnlo in sisuak hi
e39007	zd:12290	bangmah phawklo uh cihi
e39008	zd:12784	i phawkloh kal in
e39009	zd:20568	na phawkloh kal nangawnin
e39010	zd:24370	hong phawkloh hang khasiat ding hilo hi
e39011	zd:9240	Isaacs Watts phawkna mualsuang khat kiphut hi
e39012	zd:9421	Zomi la phuaksiam mi 23te phawkna mualsuang a kibawl banah
e39013	zd:12733	tuakhitzawh khua phawknawnlo hi
e39014	zd:14635	alu tatkhagawp in khua phawknawnlo cihi
e39015	zd:12304	Akiatkhit lianin khua phawknawnlo in omcip himahleh
e39016	zd:19080	Cidam in hong tungkik nading in Thungetna tawh phawkni
e39017	zd:11827	ih zattheihding thupi cih phawkni
e39018	zd:15834	ka phawkpak teng kong gelh pak ahi hi
e39019	zd:14579	I phawkpak teng agelh ihi
e39020	zd:12669	tuaciang in apa in inn aciahlohlam phawkpan hi
e39021	zd:18128	mawtaw sungah atanu anutsiatlam phawkpan hi
e39022	zd:20917	hong kilamdangsak thei a hihlam phawktawntung in
e39023	zd:14722	phawktawntung in omding hi ci'n genbeh hi
e39024	zd:14709	hih Video tungtawn in phawkthak huaihi
e39025	zd:12596	kidop huai mahmah cih phawkthak zelzelni
e39026	zd:12746	Na zatkhakleh phawkthakna in nei inla
e39027	zd:14720	eileh ei ki phawkthakna
e39028	pk:37	kammal phawlkhat kibehlap hi
e39029	zd:16315	dotna khat in ka ngaihsutna ong phawng zelzel hi
e39030	zd:25265	Zomibup lungsim hong phawng mahmah Lasiam Sia Tuatuang
e39031	zd:15767	ka lungsim ong phawng laklak thei den thu khat
e39032	pk:92	Hih phawnna pen, kilat a, lamdang sakna genna laigual
e39033	pk:89	Dotna leh phawnnate ah husanna kikoih ngei lo hi
e39034	zd:15069	Tua khit-ah ciah san phawt a
e39035	zd:24370	Pasian in hong phawk peuh leh phazo lel hi
e39036	zd:17971	Sum kangah nak leh phazo
e39037	42.22.38	Tua ahihleh phazo hi
e39038	10.24.16	phazo hi; tu-in khawl ta in
e39039	1.45.28	phazo hi. Ka tapa Josef nungta lai hi
e39040	54.6.8	nikten puansilh i neih nakleh a phazo ahi hi
e39041	41.14.41	phazo hi. A hun hong tungta hi
e39042	35.2.5	hankhuk mah bangin, phazo, cih omsak thei lo uh a
e39043	zd:12337	kum khat sumpi teng 4 phazolo hi
e39044	zd:22873	hang 1000 phazolo ahihman in kiam mahmah cihding ahihi
e39045	43.5.8	na lupna pheek pua-in pai in
e39046	41.2.11	na lupna pheek la inla, na inn-ah ciah in
e39047	43.5.9	a lupna pheek la-in a paipah hi
e39048	41.6.55	cinate a lupna pheek uh tawh hong pua uh hi
e39049	zd:16243	ka omna khan ah hong hawh phei in
e39050	zd:22040	Counter lamah hong pai phei uh hi
e39051	zd:9228	Tua lamalte a lawmpa Webster pia phei hi
e39052	pk:141	a pheimal a hoih pen teelsak
e39053	zd:21218	a bei dek dong mah i en pheiphei ding hi
e39054	zd:19826	compartment tuamtuam ah ka lut pheiphei uh hi
e39055	zd:13043	pheiphung suankhawm lehang
e39056	pk:141	a pheisa taangin thallohte apheimal pia hi
e39057	zd:15286	innsung kawmzawl, phek, innsung vanzat, puankawm cihte ah
e39058	ts:3375	Numeite in a sam uh phek in
e39059	zd:15329	tawh minthang, phekap siam
e39060	ts:4418	Phekong pan 50 vei mah kap uh hi
e39061	ts:4298	Mobye, Phekong Area sung a om
e39062	zd:13092	mi 700 bangin meikuang phelhhuan cih kiza hi
e39063	zd:12736	tualai ah nasemte'n phelhhuan ngeingai uh
e39064	zd:19125	Firefighter te'n phelhkhinta uh hileh kilawm hi
e39065	zd:13352	khuasung mipi te hanciamna tawh meikuang naki phelhkhinta
e39066	zd:12750	meikuang pen asawtlo in ki phelhkik theipah a
e39067	zd:15669	amanlang in ki phelhkik theipah cihi
e39068	zd:15461	Firefighters te'n meikuang pen phelhpah ngeingai uh a
e39069	zd:19394	meikuang phelhpah ngeingai uh a
e39070	zd:17289	meikuangteng ki phelhsiang khinta hi
e39071	zd:16239	tawmveisung in meikuang phelhsiang zopah uhhi
e39072	zd:15686	meikuang pen avek in phelhsiang theipah uhhi
e39073	zd:14865	naikhat sawtlo in phelhsiangthei uh a
e39074	zd:14575	meiphelh Firefighters mi 69 te'n meikuang phelhsiangthei uhhi
e39075	zd:17729	meikuang pen Minute 30 sungin ki phelhsiangzo hi
e39076	zd:17917	tawmveisung in meikuang phelhsiangzo uhhi
e39077	zd:20335	tudongmah meikuang aki phelhsiangzo nailo cimawk hi
e39078	zd:14545	zingsang 7:23am hunciang in ki phelhsiangzopan cih kiza hi
e39079	zd:21164	nai 4 sungtak aphelh uhciangin meikuang phelhsiangzopan uhhi
e39080	zd:24276	Na anneksim in sing phelkhat neden theilecin
e39081	pk:142	angawng phelkhatta hawmsak hi
e39082	zd:19508	Myanmar Convention Centre pen susia in phelkhiading uh a
e39083	zd:17097	Aki phelkhiat khitciangin hihmun ah
e39084	zd:24280	Tua a phelkhiat suangtumte tu in a nuai pan
e39085	zd:18159	na gen te bek hong phen sak ding thupi ding hi
e39086	zd:15953	khatin mawtaw hattak in phenghawlgawp
e39087	zd:15201	Bus Driver khat mawtaw a phenghawlgawp laitak
e39088	zd:17526	kumin pawlpi sum phengzatna
e39089	zd:23989	Zing sanga i khanlawh pheta i lungsim puak danin
e39090	zd:21664	Interview na phi dingciangin hoihtak kiging khol in
e39091	zd:22074	kawlgam ciah ding interview phi khin
e39092	zd:15107	ka naupangte pen biak inn kikhopna ah phia ziazua uh hi
e39093	zd:17060	khuasungah mi phia kheokho in
e39094	pk:26	zawngkhuh teek khat tu phiaiphuai hi
e39095	zd:17162	Tuni kawlgambup phial ah guah zu hi
e39096	ts:6697	Nisim phial in Inn hal behbeh lai uh
e39097	zd:21326	khuazang dektak phiala
e39098	zd:14498	Provinces khempeuh phialah IS te omding in ki ummawh
e39099	zd:20850	mi 30 phialbang Myanmar gamah puakkikding in
e39100	zd:20369	gunkuang 40 phialbang mei kanggawp
e39101	zd:13188	tuapa pen Pi 20 phialbang kilawnpheiding ci a
e39102	zd:12105	avekin sikhin phialding in kigen hi
e39103	zd:25188	kua mah omlo phialding in kingaih sun hi
e39104	zd:12803	thautawi khatin Automatic Rifle tawh phialkapgawp ahih manin
e39105	zd:17461	ngimmel neilo in phialkapgawp
e39106	zd:21796	Tuabang mi na hihkhak phialleh zongh lunghimawh naikei in
e39107	zd:12693	Hihpa pen Mangpau zong theivetkei phialleh kilawm
e39108	zd:9231	hih la bek phialmah a kitheipen hi a
e39109	zd:21458	kei ka ki suan kei phialmah leh zong
e39110	zd:17208	Kawlte pawlkhat sangh siam zaw phialmawk hi
e39111	zd:11130	na nungtakna nangawn lauhuai phialmawk hi
e39112	zd:25165	a thau puak uh tawh kikim phialphial
e39113	zd:14804	kilawm lo phialphial a ngen zong om thei a
e39114	zd:22272	Mangngilh phialta ka hihman-in kanungkan kik hi
e39115	zd:23653	i hat phialta zongin kikhalna i neih kei leh
e39116	zd:14709	Video Record aomkei phialzong in Pasian in hongmu gige
e39117	zd:24641	biakna a neikei phialzong in
e39118	zd:25790	Innsung ah a kitawngtawng phialzong un
e39119	zd:20725	A en nuam kei phialzongin muden hi
e39120	zd:20162	i thadah phialzongin an nek ding ki thadah ngam samlo hi
e39121	zd:24276	Tuaciangin tuisiang tawh na mai phiat in
e39122	zd:21918	Zingsang na thawhtoh ciangin na mai na phiat hi
e39123	zd:23036	Zingsang thophet mai zong phiat nailo in
e39124	zd:25323	TEXAS STATE IN NAU phiat VAI KHAM TA
e39125	zd:21309	Mizo minam pan phiatding hiilo hi
e39126	zd:21876	liahding leh phiatding tammahmah aa
e39127	zd:16580	Facebook Video tepen Monday ni in ki phiatkhia khinta hi
e39128	ts:4831	khanglui ngeina a ginalo tuamtuam phiatkhia zo-in
e39129	zd:25078	Pawl nih kideina phiatkhia in
e39130	zd:20287	ahi zongin phiatkik hi
e39131	zd:23008	i neih khitsa tattoo-te i phiatkik diam
e39132	zd:20697	thukhat peuhpeuh ki phiatkik theilo
e39133	zd:19674	GST phiatmaiding ki hanciam suakding
e39134	zd:19685	Mahathir in GST phiatmaiding vaitawh kisai in
e39135	zd:25323	Nau phiatna aa azat uh
e39136	zd:9124	phiatna, nasep khaktanna kinei lo ding hi
e39137	zd:19843	phiatna ahoihpen in, kipumsil
e39138	zd:21826	Amai zingsang leh nitak phiatsak in
e39139	zd:21796	na sungaa om thu hoihlo te zongh hong phiatsak thei hi
e39140	zd:19917	atapa minpen phiatsak kikding
e39141	zd:14597	azi kumkhatsung in nau 4 veitak phiatsak ahih manin
e39142	zd:17649	ih innsung ah zatep phiauphiau laiding maw
e39143	zd:25064	kisuanglo tak in nget phiauphiau ding ahi hi
e39144	zd:25248	Form phih ziading dotnop a omle
e39145	zd:23973	Hih i phih khit ciang asawt lo in
e39146	zd:24006	IRS website pai in form phih
e39147	pk:105	Guah phiin hi
e39148	pk:15	phiit a muut hi
e39149	pk:159	phiit la pawlkhat endih ni
e39150	zd:15495	sitlo a deihsakna tawh phiit hong mutsak
e39151	pk:159	phiitmut pen, a aw a tam pawl ahi hi
e39152	zd:22040	America gam Philadelphia khuapi
e39153	zd:23776	Ka nasepna Philadelphia International Airport ah
e39154	zd:11901	Philadelphia khuagei ah Amtrak meileng tuahsia, mi 2 si
e39155	zd:15422	Philipi pawlpi mite zong
e39156	zd:16929	Philipi 2:5-10 na ah
e39157	zd:16906	Philippine gam ah Tembaw kibung
e39158	zd:16944	Philippine gam ah Huihpi leh guahpi hang in Mi tampi si
e39159	zd:11219	Philippines gamsung ah zinling in van tampi sia
e39160	zd:13104	Indonesia, Malaysia, Philippines gam 3 te'n tuipi tungah galvilna neikhawm
e39161	zd:10785	Russia in Philippines ah Tembaw nih hawhsak
e39162	zd:25281	Samson pen Philistine te lauh ngiat dingin
e39163	zd:25142	Philistine te kiang ah Thukham Singkuang a tun ciang
e39164	zd:23204	kumlui in Phillipines mite in 1 billion khak uh hi
e39165	zd:16916	Tuapazong Phillippines gamsung ah gitloh gamtatna
e39166	zd:25562	Phillippines pan kaciah teh kei hong kiman ta
e39167	zd:8668	Greek philosopher khat in leivuitung ah limsuia hi
e39168	zd:23893	Athen philosopher Aristotle nuai ah pilna na sin ngei hi
e39169	zd:9216	University of Wittenburg ah philosophy leh theology hilh hi
e39170	zd:21288	Glasgow university ah Moral philosophy sim kipan hi
e39171	zd:17675	tungtawn in Philtun gunlei kilamthakkik ta hi
e39172	zd:15642	Philtun Tuithang gunlei ah khuakim Hausa 30 kim
e39173	zd:14824	guah tam nawn loin phin seuhseuh ta hi
e39174	zd:25630	guah phin nelhnelh se ahih man in
e39175	zd:25918	an nezolo in a thabei in gawng phinphian hi
e39176	zd:21869	Ih haksatna te i phisian theih nading hizaw hi
e39177	zd:17976	Na buaina te atungtham pan phisian sawm ken la
e39178	pk:128	phit mutin
e39179	zd:13328	Conductor pa'n phit mutsan in
e39180	zd:18125	kumpi thunei te'nzong phit mutsan uha
e39181	ts:3375	khuang, zam, dak, pengkul, gosem, phit, sialki
e39182	zd:23113	a sawtna ciangin hong phitkhia thei hi
e39183	zd:17411	vutsa bekbek ki phitkhia ziahziah hi
e39184	zd:17411	naikhatval bang ki phitkhia ziahziah hi
e39185	zd:19514	phitkhiat, apusuahkhiat laitak Video zaihkha in
e39186	zd:11375	Inntung innnuai dim phitphet in mipite'n Zomi Nam Ni muak hi
e39187	zd:12790	Diesel bekbek Liter 41,000 tak adim phitphet in akipua
e39188	zd:17375	RM50 Notes vive tawh adim phitphet in kiguang hi
e39189	zd:19826	A puante uh vuk bang, puang phiupheu in
e39190	zd:17527	Gawmual nuai tengah vuk kang phiupheu teng
e39191	pk:26	ka pupi a tu phiuphiau hi
e39192	zd:15805	15- Phoenix Zomi te
e39193	zd:21421	Lamka khuasung mahmah ah lampite phok zihziah hi
e39194	zd:11415	i pholaak khiat loh aphamawh ahi hi
e39195	zd:23670	aki elpuakna pholaak kul hi
e39196	zd:10859	thu a hoih lohna pholakkhia uh hi
e39197	zd:10975	The Sunday Times in a lawhsapna thu pholakkhia hi
e39198	zd:10859	DNCte thusim pen WikiLeaks in a pholakkhiat ahi hi
e39199	zd:19958	Hygiene aomlo te hongki pholakkhiat laitak
e39200	zd:22815	ka ngaihsutna pawl khat hong pholh khia in
e39201	zd:15758	ih mawhna teng hong pholh khia ta leu leu hi
e39202	ts:11162	atello tamsim ahihman in hong pholhkhia ing
e39203	zd:23670	thukhunpite aki pholhkhia ahi hi
e39204	zd:19206	kammal laigil honkhat pholhkhiatna
e39205	zd:20822	na phone silent sak ding mangngilh kei in
e39206	zd:12441	UN pan phone hong pai ciangin
e39207	zd:21257	Na phone nambat zangin na minsiat nading
e39208	ts:3125	ka phone nambat hong la zel-in
e39209	zd:17499	ka u te'n hong phong
e39210	zd:17723	ka lupna khan ah ongpai in a hong phong hi
e39211	zd:15965	nai nih hal ta bangin phong in la, nawi pia in
e39212	40.8.25	A nungzuite in Zeisu a phong uh a
e39213	43.11.11	A phong dingin ka pai ding hi
e39214	44.12.7	Peter’ liangko lokin phong a
e39215	23.50.4	zingsang simin hong phong hi
e39216	19.108.2	Zingsang khuavak hong phong ning
e39217	1.49.9	kua in amah phong ngam ding ahi hiam
e39218	22.8.5	apple kung nuai panin nang kong phong hi
e39219	4.24.9	kua in amaute phong ngam ding ahi hiam
e39220	zd:23869	Kawl phonggyi sangte ah kizang in
e39221	zd:20834	phonggyi pa in a lupna pangkhat tuak ah tu sak in
e39222	zd:19338	Destination atun ciangin ki phongkhia zolo cihi
e39223	zd:12277	Naungek pen ningkawmlak panin ki phongkhia a
e39224	zd:17877	mipi lungsim hong phonglo mahmah hi
e39225	zd:22116	Na sunglam hatna leh pilna khat vei phonglo kik in
e39226	zd:19338	apainading atunciang ki phongzo vetlo
e39227	zd:10893	A lu ong phongzo pah uh a
e39228	zd:22550	Mawtaw tung ah phosphate vui ip tampi pua hi
e39229	zd:22550	Hih phosphate te pen nasepna aa zat ding ahi hi
e39230	zd:23198	phosphate pen eklei a zat dingin ahoih mahmah
e39231	zd:17305	tulaitak kawlgambup khuhcip phot tadih hi
e39232	zd:11394	buainapi ding aveng phot tadih suak hi
e39233	zd:13302	A pau zom zo loin ong kap phot zawzen hi
e39234	zd:19264	asa dang te nusia phot zawzen uh hi
e39235	zd:16786	Police te'n ni 7 sung kemcip photding uh a
e39236	zd:20295	Lock-up ah zankhat kikhumcip photding cih kiza hi
e39237	zd:19108	Ni thum sung khawl photni
e39238	zd:20845	kicing takeileh, kicing sak photni
e39239	zd:21365	A mel hoih lai Photo teel in
e39240	zd:17983	Photo sungah palik puan asilhpen apa hi a
e39241	zd:26163	a Photo te peuh muhnop kisa hizaw pian hi
e39242	zd:11780	Photo azaih Photographer inzong meileng nih apailam phawkkhalo hi
e39243	zd:13293	Photographer numeinu zong naupaai hisawnsawn in
e39244	ts:5326	Gal kikapna Photote ah
e39245	ts:2438	ataktak Photote pen mipite'n kimuthei nailo ci hi
e39246	zd:22474	Nuam nasakna mun ah pai photphot in
e39247	zd:21598	Milak ah hong pai photphot in
e39248	zd:22473	Ama thu mang photphot lel in
e39249	zd:9226	a taang nihna leh a taang thumna phuahbeh hi
e39250	zd:9240	taang khat phuahbeh lai hi
e39251	zd:9254	hih la a phuahna thu a cingin gen hi
e39252	zd:12269	amanlo in genna, zuau phuahna, khemna ahihi
e39253	zd:25620	Pasian mahmah in hong phuahphat ciang bekin
e39254	zd:9240	ama' phuahsa la dawng 210
e39255	zd:9238	a phuahsa hih la
e39256	zd:9221	ama' phuahsa late sa kawikawi-a
e39257	zd:9220	a sakkik zong hong phuahsak hi
e39258	zd:17446	Tua gulpen aminzong phuahsak in
e39259	zd:9261	a la-aw ding phuahsak hi
e39260	zd:9214	A la phuahte zong thulu tuamtuam hi a
e39261	zd:9220	newspapers tuamtuamte ah a poem phuahte kikhen ta hi
e39262	zd:9231	A la phuahte lakah hih la bek phialmah a kitheipen hi
e39263	zd:19536	akhutpan vompi in mancip, lehkaihzel in phuaigawp hi
e39264	zd:15385	tua naupangpen petgawp, phuaigawp uhhi
e39265	zd:19536	pasalkhat vompi in phuailum
e39266	ts:301	Phuaizang, Hiangzung le Losau khuate a uk sak
e39267	zd:20584	Phuaizang hausa Guite Mangkam tanu
e39268	ts:301	A ta min Sukzo a phuak hi
e39269	zd:20334	Ta numei khat hong piangin, a min Aina a phuak hi
e39270	ts:4569	veng min dingin New Lamka phuak uh hi
e39271		naumin phuak ding
e39272	1.38.3	amah in a min Er phuak hi
e39273	42.1.31	Tua tapa’ min Zeisu na phuak ding hi
e39274	4.32.42	ama min tamin Nobah phuak hi
e39275	1.30.21	a min Dinah phuak hi
e39276	58.5.10	Pasian in a min a phuak hi
e39277	1.30.24	amah in a min Josef phuak a
e39278	40.1.25	Tua a tapa a min Zeisu a phuak hi
e39279	1.38.4	tua nu in a min Onan phuak hi
e39280	zd:9224	La tampi phuaka
e39281	zd:9255	hymn dawng nih bek phuaka
e39282	zd:9257	la-aw dawng tampi phuaka
e39283	zd:23556	haksatna a tuak ciang la phuakin
e39284	zd:19255	zuau phuakin BFF tawh mi tampi khem uh hi
e39285	zd:9260	Hih la a phuaknu Emily Elliott pen
e39286	zd:9220	Hih la a phuaknu Annie Hawks in
e39287	zd:9245	la-aw phuakpa ahi hi
e39288	zd:9244	Hih la a phuakpa Russell Kelso Carter pen America gam
e39289	zd:9224	mi nih tungah khakin a aw ding phuaksak hi
e39290	zd:24852	la hong phuaksak nuam zong hong tawmin
e39291	zd:9223	mi minthang mahmah gospel la phuaksiam ahi hi
e39292	zd:9241	a kizahtaak mahmah organist leh la-aw phuaksiam ahi hi
e39293	zd:25475	a phuakte in phuak thei mahmah uh hi
e39294	zd:25580	tua zuau phuakte hangin
e39295	zd:20926	Nawi ah a phual nono hong po leh
e39296	ts:3446	Shweku khuapi sung a phualsatna pan Thaupi tawh kap uh
e39297	ts:4653	SAC galkap pawlin nasia tak phualsatna mun thupi khat ahi hi
e39298	ts:9033	galkapte'n phualsatna in nei uh a
e39299	zd:16942	tuahsiatna phualteng ah lampi meikhuam te hoihlo in
e39300	zd:12293	tua phualteng ah mencim leitolh aomkik khakding
e39301	zd:20800	Nikhat Phualva nupa te hong kiho leuleu uh hi
e39302	zd:20078	Laxman Lailetkhia: Phualva Lungtuak Media
e39303	zd:20464	A Kaikhawm le Lailetkhia: Phualva Lungtuak Pawl
e39304	zd:21040	committee khat hong phuangkhia hi
e39305	zd:17060	vai lianpi a phuangkhia pa ahi hi
e39306	zd:9253	music a kisin nadingin a phuangkhiapa ahi hi
e39307	zd:24595	Tagah Sang Committee khat phuanin
e39308	ts:6945	Commitee phuanin kizopna neihto semsem ding hi
e39309	zd:21720	kipawlna thak ong phuankhia sak hi
e39310	zd:14531	1987 kum in Shenzhen ah aki phuankhia ahihi
e39311	zd:25447	Apple Company phuankhia pa Steve Jobs
e39312	zd:9257	Asbury College and Theological Seminary a phuankhiapa ahi hi
e39313	zd:24957	Amazon company phuankhiapa
e39314	zd:17577	Chritianity a phuankhiapa Topa Jesu
e39315	zd:19860	Ministry of Transport te'n Commision khat phuanpah uh
e39316	zd:12337	Pawlpi phuat zawh kum 40 kiim bang hita
e39317	zd:25562	2006 kum in thautawi kipawlna khat phuat ding
e39318	zd:20116	phuba laknop na lungsim hong neisak hi
e39319	zd:9124	phuba lakkikna pan zong vengbit ding hi
e39320	ts:4823	pawlpi thak phuhkhiat ding
e39321	ts:7820	phuhkhiat ding thukimna kinei hi
e39322	zd:25020	federal gampi hong phuhkhiat ding pen
e39323	ts:3307	Gam thak phuhkhiatna zongah
e39324	zd:25026	Federal gampi phuhkhiatna ah a kisam bulpi
e39325	ts:3375	Siampi in phuisam in
e39326	zd:23394	zu phih in phuisam phot hi
e39327	zd:21141	ci-in phuisam in deih ngetna aneih hun uh
e39328	zd:15772	phuisamna tawh dawi leh kaute kihawl khia hi
e39329	zd:19166	Gatha phuisamna tawh nasep apna a bawluh hi
e39330	zd:22873	dawibiakna a sagawhna leh phuisamna
e39331	pk:19	phuitong pak a etlawm hi
e39332	zd:11400	i Zogam ah phuitong pak a etlawm hun
e39333	zd:24276	a dam nadingin phuitong gah
e39334	pk:169	bi phuk nih
e39335	pk:169	phuk khat
e39336	zd:17239	Phuket aom Hospital ah ki puaksawn
e39337	zd:14869	Bangkok, Phuket, Yangon cih khuapi te
e39338	zd:15613	mawtaw 12 tak ki phukhagawp in mi 7 liam
e39339	zd:20353	mawtaw 5 ki phukhagawp, mi 1 si, 3 liam
e39340	zd:22736	Haksatna phul ngam zaw uh hi
e39341	zd:23835	Ne khawm ni, phul khawm ni, nawk khawm ni maw
e39342	zd:11470	mawtaw khatin mipi ommuang laitak phulgawp in
e39343	zd:13061	mawtaw tawh phulgawp cizel
e39344	zd:17100	adang mawtaw tampi phulkhagawp ahih manin
e39345	zd:17560	khetawh apai mipite phulkhagawp ahih manin
e39346	zd:14781	mawtaw akigawm in 6 tak ki phulkhagawp cihi
e39347	zd:21037	ngaihsutna hoihnono hong phulkhia zuahzuah zawdeuh aa
e39348	zd:16415	lungsim tawng pan phulkhia thei bek hi
e39349	zd:24119	pilna cih pen itna sung pan hong phulkhia hi lo hiam
e39350	zd:24609	Covid-19 phulna mun
e39351	zd:24453	COVID-19 lungno phulna mun
e39352	zd:11691	Christmas Market khat mawtawpi in phulphei
e39353	zd:12955	mawtaw khatin mipi omna phulpheigawp ahih manin mi 8 liam
e39354	zd:12559	mawtaw tawh phulpheigawp cihbangdan gamtatna
e39355	zd:11024	a sang aa a leng phulum a kimuh ciangin
e39356	zd:24688	phulum phulna dingin leikha in petlet a cih bangin
e39357	zd:10855	Lorry Driver khatin Israel galkap 4 phulum
e39358	zd:25908	amau innkuan bek in leisungah phumna nei ding uh a
e39359	ts:3179	Suang phumna hunah
e39360	zd:12277	Naungek khat leisung ah aki phumzawh ni 3 ciangin
e39361	zd:17335	tutadih ih phumzawh kei leh zong
e39362	pk:134	Beh leh phung sung panin muan zawk deuhte mah kiseh hi
e39363	zd:21605	beh le phung siksan in thugen nuam diak hi
e39364	4.1.16	amau’ phung sung panin a makaite
e39365	15.2.59	amau’ beh leh phung a kan thei lo mite
e39366	23.22.24	a beh a phung, a suan a khakte khempeuh
e39367	17.2.10	ama nam leh phung gen khia lo hi
e39368	42.14.12	na beh na phung ahi zongin
e39369	54.5.8	a beh a phung, a diakdiakin a innkuansung mite
e39370	zd:23936	Jesu singlamteh phung va zuan in
e39371	zd:9451	ka tapa in phungam a, zo hi
e39372	zd:21908	hangsan tak-in paungam, phungam, sepngam kul hi
e39373	zd:26310	Pawlpi phungcing mahmah pawlkhat lamet lohpi-in hong kikhen ciangin
e39374	zd:19676	mi phungcing kisuak zolo ding aa
e39375	pk:131	minam khat, bekkhat phungkhat
e39376	zd:24176	bal pen phungpha in a pigol a
e39377	zd:12166	suanlehkhak phungpha nuntakna ah hong tun tahen
e39378	zd:23343	phungpha semsem lehcih ka lunggulh man ahihi
e39379	zd:25573	British Empire phungpi England in zong
e39380	zd:25094	KIA pen a phungpi leh a bulpi hi
e39381	zd:20125	Tu laitak Middle East buaina phungpi
e39382	zd:25172	Topa in pawlpi phungvuh semsem ta hen
e39383	zd:24003	Zomite in phungvuh ding hi mah hi
e39384	zd:24381	a talent uh hoihtak phungvuh in khangtosak le uh
e39385	zd:25628	Zongeina phungvuhna-tawh lak in
e39386	zd:21544	akisam minam phungvuhna
e39387	zd:23113	1505 kum in phungzi suak hi
e39388	ts:2189	Tua ni pen phungzi sang pai mang uh hi
e39389	ts:1657	Khatvei zong phungzi khat leh midang khat mang ngei uh hi
e39390	ts:10764	phungzi sang huang sungah Vanleng kia ahih manin
e39391	ts:2189	Tua ni pen phungzi sang pai mang uh hi
e39392	ts:9564	tua sungah Kanan phungzipa zong kihel hi
e39393	zd:10743	phungzipa in hong vaihawmsak zolo mawk hi
e39394	zd:21258	lutol phungzite zong a pai kim ciat dingin thupia hi
e39395	zd:15859	a pasian uh sang a lutol phungzite uh thupi zaw
e39396	zd:24673	bawlsiatna a thuak uh hangin phunlo in thuakzo uh hi
e39397	zd:20941	pa in zong phunlo paulo in tua suangtum la-in a paikhia hi
e39398	zd:15384	phunlo-in sepngam sawm hi
e39399	zd:12151	Social Media tungah mipi te phunpah ngeingai uhhi
e39400	zd:15362	Thai Netizens te phunpah ngeingai uhhi
e39401	zd:14941	ci'n phunphunthei sese uhhi
e39402	pk:135	saang dingte phunthei ahih manin
e39403	zd:11472	lamgei aom singkung khat phuphei hi
e39404	zd:12974	Toyota Vios khat phuphei khapah hi
e39405	zd:20767	awlmawh neilo in phupheigawp ahih manin mawtaw 2 nawkkha masa hi
e39406	zd:15531	tuapa'n mawtaw tawh phupheigawp hi
e39407	zd:13159	mawtaw khat phupheikha in
e39408	zd:11201	numeinu hawl mawtaw phupheikha ahih manin
e39409	zd:23767	hahkattakin, talo-in phuphu uh ahih ciangin, nasep kizom kik hi
e39410	zd:19166	kiangah na ngen na phuphu uh hi
e39411	zd:21462	Malaysia gam sungah ih phut khak ham satna te
e39412	zd:23791	Ka phut khakte khempeuh
e39413	zd:22293	Kawlte tawh gamkhat phutding na thukim uh hiam
e39414	zd:15824	ISIS Province khat phutding hihang
e39415	zd:20589	Container Truck tawh aki phutkhak ciangin
e39416	zd:16731	Mawtaw aki phutkhak laitakpen guah tamlua mahmah in
e39417	zd:12569	Mawtaw phutkhakna hangin aliam
e39418	zd:11666	meileng leh bus ki phutkhakna munpen
e39419	zd:15429	Aki phutkhakpih pen Honda Accord namte khat hi a
e39420	zd:12105	Aki phutkhakpih setli gunkuang pen suangpua gunkuang khat hi a
e39421	zd:20673	1993 kum in Kachin gam pan in ki phutkhia hi
e39422	ts:3289	Emergency Governent a phutkhia uh ahi hi
e39423	zd:23994	phuttheih na tuamtuam pan phutkhiat ding zong ki gelkhia hi
e39424	zd:25105	gam phutkhiat asawm Kachin te
e39425	ts:3168	phutphut a ki ci motorcycle te
e39426	zd:17748	mikhatin mawtaw khattawh NSA Gate phutsawm cihi
e39427	zd:14601	manneiding Artworks honkhat phutukkha
e39428	zd:23754	nikhat in siluang 5000 ta bang phuum uh a
e39429	zd:22470	Methodist Pastor khat in, tui sungah phuum hi
e39430	zd:21517	Hih thute i phuut khop
e39431	zd:22334	Hihin i phuut khak thu
e39432	zd:22556	Germamy Physics lam mipil Wilhelm Conrad Roentgen
e39433	zd:17202	Myanmar, Phyu khua ah 6.0 Magnitude thahatna tawh zinling
e39434	ts:3369	Na pi Cing Khup koi-ah om a hiam
e39435	26.19.5	A pi’ lametna teng bei ta hi
e39436	5.22.7	a pi na khah ding a
e39437	3.22.27	a pi tawh ni sagih sung omkhawm ding hi
e39438	55.1.5	Na pi Lois le na nu Eunis
e39439	2.22.30	ni sagih sung a pi tawh om ding hi
e39440	5.22.6	a pi in a no tawh a om
e39441	3.22.28	a pi leh a no ni khat sungin
e39442	12.2.24	gamlak panin vom a pi nih hong pai-in
e39443	18.42.12	la a pi tulkhat nei hi
e39444	29.1.6	humpinelkai pi ha bangin gupha hi
e39445	11.15.13	a pi Ma-akah zong khinkhia hi
e39446	11.15.10	Ama pi’ min in Ma-akah hi a
e39447	2.23.19	a pi’ nawizu tawh keelno
e39448	ts:3168	pi Ciin Khaw Man in la phuak a
e39449	zd:24806	pi Man pen Pasian lamhon sakna tawh July 2011 in USA atung
e39450	zd:22019	Gilsungah antha omlo pi in zu dawnlo ding hi
e39451	zd:22495	Itna omlo pi in deihsakna na lam-en ngam hiam
e39452	pk:7	Zi a pi zo hi
e39453	pk:7	Mo ka pi zo hi
e39454	pk:163	Sakhi a pi san a no san
e39455	pk:54	laikung khat kei hong pia hi
e39456	pk:121	Lai va pia in
e39457	pk:143	Ahuai tuitawite pia hi
e39458	zd:20207	Hun tampi pia uh hi
e39459	zd:24563	Vote pia kim ciat ni
e39460	ts:7044	400000 ciat pia ding ci hi
e39461	66.2.28	Zingsol zong amah ka pia ding hi
e39462	5.3.15	Makhir tungah Gilead ka pia a
e39463	40.7.9	A ta in khomun ngen leh, suang a pia ding
e39464	40.6.11	ka khamkhop ding uh an hong pia in
e39465	9.1.27	Topa in keima ngetna bangin amah hong pia hi
e39466	19.85.7	na hotkhiatna kote hong pia in
e39467	18.13.20	Thu nih kong ngen hi, hong pia in
e39468	pk:152	pia 100
e39469	pk:152	pia 1000
e39470	zd:20007	hanthawn in tha piaciat ni
e39471	zd:20446	kapkawmkawm in zahtakna piaciat uhhi
e39472	zd:21826	singgah nek pakpak theih ding piaden in
e39473	zd:22774	Sum atawmzaw hong piaden uh
e39474	zd:19249	Sisan piading mi kisam mahmah
e39475	zd:22704	kha sum piading baih hetlo hi
e39476	zd:24331	Vote kua piading nahiam sanggam
e39477	zd:15571	ka phawk sunsun ciang a piadingin pai leng
e39478	zd:17609	Lawmngaihnu paak piadingin
e39479	zd:14812	Discount 65% bang piagiap lel cihi
e39480	zd:23602	ci In kamciam piahi
e39481	zd:21409	ahun kha 18 sung hongki piahi
e39482	zd:12327	10,000 piakbeh kulding ci uhhi
e39483	zd:22448	sum tam hong piakbeh nawnlo uh hi
e39484	zd:20670	A neipa tungah hong piakbeh ding ahihi
e39485	zd:22376	Visa hongki piakciang in
e39486	zd:23590	a piakciang in Solomon in gam-uk siamna
e39487	zd:15637	piakdan ding om cihna hi
e39488	zd:20576	Laibu min piakdan
e39489	zd:15571	Sum ka piakding a ngak gige na hi hi
e39490	zd:24370	Zogam ah bel piakding dang om kei
e39491	zd:20263	Tuazahzah mihonpi UN Card piakei un
e39492	zd:23733	Kei hileng zong Tedim District piakei ning
e39493	zd:11441	Solar Lantern bekbek 2400 piakhiakhin uhhi
e39494	zd:25572	Hong piakhiate' tungah ka lungdam mahmah hi
e39495	zd:22408	Pasian' nasem dingin tate a piakhiate
e39496	zd:23439	ZYA makai ten piakhiatna kipan pah ziahziah a
e39497	zd:20839	a mau mimal hih theih zah tawh piakhiatna kinei aa
e39498	zd:19018	te phalna piakhinta uhhi
e39499	zd:21330	limtak kancian nading in thu piakhinta uhhi
e39500	zd:22463	pahtawina, minphatna bang piakhuai tham uh hi
e39501	zd:19523	nikhat sehin zahtak na piakhuai hi
e39502	zd:11289	RSD Interview ding Appointment piakikding uh cihi
e39503	zd:12134	Pasianin thupha hong piakim ciat tahen
e39504	zd:21228	akigawm khempeuh in phattuamna piakim tuanlo hi
e39505	zd:20558	keima leitang ka piakkhak hampha kisa mahmah ingh
e39506	zd:12708	bangmah nekledawn piakkhak lohdingzong thupi hi
e39507	zd:25206	A piakkhia nuamlote adingin hauhna amawknapi
e39508	zd:15902	sum sang ta le uh piakkhia se lo in
e39509	zd:19400	piakkhiatding sangin ngahding, olnotaka angahnuamte ihizaw gige hi
e39510	zd:14740	Details piakkhiatding pen Mutual Agreement aom hangin
e39511	zd:24119	Ka Nu, piakkhiatna ah cingh mahmah hi
e39512	zd:21561	piakkhiatna hatte kisik ngeilo uh hi
e39513	zd:18107	piakkhiatna ih cih pen nusiatna khat hi
e39514	zd:22090	I piakkhiatte mah a kingah kik ahi hi
e39515	zd:25176	nong piakkhiatte uh a kisam taktak mite tungah
e39516	zd:24132	piakkhiattheih ding bangmah neilo hiveng
e39517	zd:11397	Aluanghawm piakkhiattheih nadingin
e39518	zd:21843	sum piakkholh ding bang ahong kunhkunh uh hi
e39519	zd:15275	lutman sum te piakkim pah ding kisam hi
e39520	zd:25165	thupha hong piakkim ciatding ka thunget na hi
e39521	zd:23863	penalty piakkul lo dinghi
e39522	zd:25824	khakhat in US$11.99 ta piakkul zel hi
e39523	zd:22581	Hun piakkul khaicii tuhkul hi
e39524	zd:19373	kum 19 leh kum 58 kikal tebekin piakkulding uhhi
e39525	zd:19563	Toll Charge piakkullo dinghi
e39526	zd:20197	khasum zong tamluapi piakkullo in
e39527	zd:17017	gentheih nadingin ahun piaklai kisam hi
e39528	zd:20035	Na piaklai tak, na hopih laitak
e39529	zd:21044	thupha na piakleh thupha na ngah ding a
e39530	zd:17481	lungdamkohna a piakleh a sang nuam kei hi
e39531	zd:23437	Hong ngen peuhpeuh piakloh omlo hi
e39532	zd:21370	zatui bangmah piakloh hoih zaw hi
e39533	zd:23591	pawlpi sungah khangnote mun piaklohna hang hi
e39534	zd:17634	Tua ni ciangin prize piakna zong kinei pah ding hi
e39535	zd:24361	Tuition honna, Letsong piakna leh Pilsin saang sinna
e39536	zd:19249	Sisan piakna tawh kisai
e39537	zd:19174	mite thuhilhna ngaihsut piaknate a sang thei
e39538	zd:22464	Tua ngaihsut piaknate zong
e39539	zd:25347	UNHCR ah niciam piaknate omlopi in
e39540	zd:20384	Special Weather Warning piaknazong neikhin uhhi
e39541	zd:11325	Pasian hong piakngiat khat ahi hi
e39542	zd:23311	amau mahmah in hong piakngiat uh pen thupi kasa hi
e39543	zd:23676	thupha hong piakpiak sung mahin amah zuan mai in
e39544	zd:11674	an a piakpiak laite eng kei in
e39545	zd:17409	Topa'n thupha hong piaksak tahen
e39546	zd:15379	Topa'n thupha hong piaksak semsem tahen
e39547	zd:10892	Comment, Feedback, Suggestion na piaksak inmaw
e39548	zd:20543	sumbei akisamteng piaksakding in genkhia uhhi
e39549	zd:11427	abeisumte piaksakding cih Sputnik pan kiza hi
e39550	zd:19430	Topa'n thupha hong piaksakin hong zang semsem lai tahen
e39551	zd:16797	laibu piaksakna kinei hi
e39552	zd:19552	Malaysian gammi ahilo midang khatpeuh Vote piaksakna ahihi
e39553	zd:14701	palik te RM10,000 golhguk piaksawm ahih manin kiman
e39554	zd:19814	ama neihsa om hileh hong piaksawm lai hi
e39555	zd:15579	Pasal khat Hotel saap piaksawmlo in
e39556	zd:13260	akiteending phallo, thupha piaksawmlo ahih manin
e39557	zd:21943	piaksawn dinga hong piak ahi hi
e39558	zd:9435	gensawn ding, piaksawn ding ahi hi
e39559	zd:26444	credit bel piaktak veve hi
e39560	zd:22159	piaktak lel leh ki lawm hi
e39561	zd:21117	Kong pua nangawn aki pial ngamlo ding zahdongin
e39562	ts:7876	Gam pua pial theihna
e39563	pk:141	hoih asak cia pialai hi
e39564	zd:23136	Zu hong pialai un
e39565	zd:21590	tampi tak zong ka pialai hi
e39566	zd:20587	All-D ngah te teng 10 ta pialai ding
e39567	zd:20577	Omna pia in ann pialo hi
e39568	zd:12336	Omna pia- An pialo
e39569	zd:14899	Motorcycle khat amasapen Bus mai ah pialphei ahih manin
e39570	zd:17952	alang lamzikpi lamah pialphei khavat cihi
e39571	zd:18927	Apa zong a dipkua pian hi
e39572	zd:15474	2007 kum hi zaw pian hi
e39573	zd:25222	Amah zong khasia pian man hi
e39574	zd:11587	March 01 ni akipan Card pianawnlo in
e39575	zd:17097	Power Supply zong ki pianawnlo in
e39576	zd:19191	Tua Pension pen asihkhit ciangin ki pianawnloding ahih manin
e39577	zd:11587	Card pianawnloding, UCL laidal bek tawisakding ahih manin
e39578	zd:25020	Union of Burma kici gampi hong piancil lai a kizang
e39579	zd:23057	Zomi Idol cih hong piancil in
e39580	zd:11549	Piancit pai kum 100 Cinh Phawkna Pawipi Tedim ah
e39581	zd:18086	Piancit a pailo sanggam dangte sangin
e39582	zd:11549	piancit pai kum 100 Cinh Phawkna Pawipi
e39583	zd:16678	Zomi piancit pai pupa te phawkna laibu
e39584	zd:23298	piandang deuh khat in ki ciamteh hi
e39585	zd:25094	tumdang diak piandang diak uh hi
e39586	zd:19193	a gam sungah buaina hong pianga
e39587	zd:21605	mei tawh kimu leh meikuang pianga
e39588	zd:11135	pawlpi sungah kitelkhialhna pianga
e39589	zd:25203	mun leh mual piangam nawnlo hi
e39590	zd:20964	Khensatna kician a piangam
e39591	zd:12264	a uphuai lolo tampi piangden hi
e39592	zd:17110	nisim in Average Accident 7 veibang piangden hi
e39593	zd:20355	supna bangzah piangding cihpen ki pulakkhia nailo hi
e39594	zd:23832	a nuaia bangin hong piangding hi
e39595	zd:15937	nawimekmek khatpa hangin kitotna pianggawp
e39596	zd:16225	Christmas Market akicihna munah buaina pianggawp hi
e39597	zd:13330	mawtaw khat tuanphei in Accident pianggawp
e39598	zd:19816	Vasa pianghen bek a cihziau ahihi
e39599	zd:19816	Pasian in huihlak vasate pianghen a cihciangin
e39600	zd:17848	Toll-road Construction khatah tuahsiatna pianghi
e39601	zd:19562	themkha ki nawkkha in buaina pianghi
e39602	zd:21323	Zu dawnna hangin Gout pianghi ci in a um mi om
e39603	zd:14738	banghang in hih buaina pianghiam cihpen
e39604	zd:15535	Bangci bangin Accident pianghiam cihpen
e39605	zd:21096	sungkhat pana a piangkhawm unau-laiguizomte zong kibanglothei hi
e39606	zd:21458	mihingte tawh, a piangkhawm pah hiaa
e39607	ts:11162	hong piangkhiatna ih gen ciang in
e39608	zd:16593	laigelhsiam te hong piangkhiatna ding
e39609	zd:19662	Tua hangin tualgal kum 70 sung piangkhin ta hi
e39610	zd:11715	Muslim Rohingya tevai hangin buaina tampi piangkhin hi
e39611	zd:20682	Tua te pen tuni in piangkhin ahihmanin ki khelthei lo hi
e39612	zd:21869	a piangkhinsa thute in hong lungnuamlosak hi
e39613	zd:21876	Hihbang a piangkhinsa thu te kong gen ciangin
e39614	pk:77	a hong pianglai ding thu genpakna hi a
e39615	zd:19943	Tua bangin hong piangleh ka lungkim in
e39616	zd:20195	Na nuntakna sungah hong piangleh na ut te ngaihsun in
e39617	zd:15292	Yishun vengsung ah piangleuleu hi
e39618	zd:20023	2015 kumsung inzong khatveimah buaina piangleuleu in
e39619	zd:12337	Hih bang tawh pianglo ding hi
e39620	zd:22140	minam siatna pianglo ding hi
e39621	zd:21050	Piang thei pianglo thei hilel hi
e39622	zd:19571	Na piangna nu thu manga na it takpi leh
e39623	zd:21426	Adang khatin piangna vangkhua ahihi
e39624	zd:20892	Kei ma tungah hong piangngei thukhat kong gen ding hi
e39625	zd:15431	hihbangdan buaina khat piangngei khin hi
e39626	zd:19981	Passenger te kitawngin buaina piangngei hi
e39627	zd:24276	khe tung, khut tung ah piangnuam mahmah hi
e39628	zd:15679	gammeikang piangnuam mahmah hi
e39629	zd:21110	lutang natna, hehna cihte piangpah hi
e39630	zd:12136	thau kikaptuahna piangpah hi
e39631	zd:15201	ahih manin, buaina piangpah hi
e39632	zd:22046	thusia tuamtuam nisim in piangpiang ta hi
e39633	zd:23810	thupiang dingte hong piangpiang takpi ta hi
e39634	zd:20999	Ngiimin sempeuh lehang piangpiang lel hi
e39635	zd:12362	buaina tuamtuam piangsakden uhhi
e39636	zd:13236	buaina piangsakden uhhi
e39637	zd:14589	Airport sungah awngbaba in, buaina piangsakgawp hi
e39638	zd:12172	zukham kopkhat in buaina piangsakgawp
e39639	zd:14826	Cikhum in hih natnate piangsaklo hi
e39640	zd:13230	vanlengtual ah bangmah nawngkaina piangsaklo hi
e39641	zd:13332	mawtaw lampizong Traffic Congetion piangsakpah cihi
e39642	zd:18028	Traffic Jam piangsakpah zihziah hi
e39643	zd:11115	Muslim gam te adingin hamsatna tampi piangsaktuam hi
e39644	zd:15498	ki telkhialhna, buaina tampi piangsaktuam hi
e39645	pk:77	a piang a piangsan, a piang laitak thu a gen ahi hi
e39646	zd:21974	kikhelna honpi khat hong piangta hi
e39647	zd:9139	thu piangte hih mun ah i gelh kik kei ding hi
e39648	zd:24119	Thu piangte ka gen leh
e39649	zd:20454	Hih a tunga thu piangte pen
e39650	zd:20218	A sanggampa zong a piangthak pah hi
e39651	zd:8667	Mi piangthak te tawh kikhawlh nuam hi
e39652	zd:23676	Na piangthak nai hiam?
e39653	zd:9261	High School a kah laitakin piangthaka
e39654	zd:9222	Sarah a sih kuanin piangthaka
e39655	zd:22470	1840 kumin, piangthakin, 1842 June 26 ni-in
e39656	zd:17015	Naupang khat piangthakin a innkuan-un kipak mahmah uh hi
e39657	zd:23394	A piangthakte a dingin zu dawn ding kilawmlo hi
e39658	zd:23740	tua hun lai a khangno piangthakte Pastor tampi om ta uh a
e39659	zd:22784	Hua pen piangthakte phuh hi
e39660	zd:15403	banghang in hihbang piangtheihiam cih ka kankhiading uhhi
e39661	zd:17727	bangci bangin Accident piangtheihiam cihpen
e39662	zd:17297	Hihbangdan munlak ah nasepding piangtheilo hi
e39663	zd:19816	kamtawh thupia keileh piangtheilo kha ding hi
e39664	zd:11833	Hihbang sihtheihna piangtheimawk ahih manin
e39665	zd:14711	migilo militants te leh apanpih te hangin buaina tuamtuam piangtheizel hi
e39666	zd:16225	hun ciangin buaina piangtheizel a
e39667	zd:24276	A piangthu khempeuh a hoihlam pan muhtheih ding hanciam in
e39668	zd:20682	A hoihlo a piangthu zongh
e39669	zd:26049	It Luatna, hong piangto hi
e39670	zd:22116	a maizum baih mi in hong piangto pahlel hi
e39671	zd:19875	a piang dingzah piangzolo hi
e39672	pk:79	a piang ding thute a pianhun cianga
e39673	zd:11653	Ciamnuih dan pianin a nget hina pi-in
e39674	zd:15571	Manlah pianin zum ah ka om laitak
e39675	zd:17055	kaih bang pianin paithei bek hi
e39676	zd:17634	pianist khat om ding a
e39677	zd:17634	a mau deih pianist sam thei ding hi
e39678	zd:24381	Music ukna pen pianken ahi hi
e39679	zd:10743	motor ahoih piankhat na lei un
e39680	zd:17568	asam avom, aci avom piankhat hiding kici hi
e39681	zd:22278	A piankum 40 pha napi
e39682	zd:21092	Tuabang natna hong pianleh
e39683	zd:23443	Ka gelkholh dan in hong pianleh lawhcing ding
e39684	zd:20004	Gilpi sungah natna a pianloh nadingin huh hi
e39685	zd:23487	Na lametna bangin hong pianloh hangin semzomsuak in
e39686	zd:19875	Cancer a pianloh nadingin dal hi
e39687	zd:19571	Na pianna nu na it takpi le
e39688	zd:24117	a pianna nu mah kila hi
e39689	zd:26953	no pianna nu leh pa na it mah bangun
e39690	zd:17011	December 29 ni pen ZYA- Saizang Pianni hi a
e39691	zd:20917	Na piannop bangin pulak khia in
e39692	zd:20725	i piannop bangin i piantheih nadingin
e39693	zd:19731	Na piannop dan pulak in
e39694	zd:20725	Na piannopdan lim te enen in
e39695	zd:22116	na mailam aa na piannopdan lungngaisa in lum in
e39696	zd:23653	laisim hun, piano tum hun, thunget hun nei hi
e39697	zd:9248	piano siam mahmah khat zong hi lai hi
e39698	zd:9214	hih la-aw piano ah tum hi
e39699	zd:22928	kipawlna tuamtuam zong ong om pianpian ta hi
e39700	zd:15234	ong hamsa pianpian hi
e39701	zd:19154	khua hong lum pianpian hangin
e39702	zd:13314	kum 7 aphakkhawng in kithei pianpianta a
e39703	zd:15454	Asia gamsung hong lawhphei pianpianta hileh kilawm hi
e39704	zd:9231	Kei' pianpih in rhythm siam ka hi kei hi
e39705	zd:25573	pianpih kampau a hihloh man-in, kamphen kisam mawk hi
e39706	zd:12925	Mizo pau cih te sangin na pianpih kampau mah telzaw in
e39707	zd:23645	Na pianpih sanggam ten nang bang zah in hong it hiam
e39708	zd:21853	pianpih sanggam pasal neilo sawnsawn a hih man-in
e39709	pk:78	na khat peuhpeuh a piansaan laitak
e39710	zd:23975	Tua piansaknate leh khanghun
e39711	zd:15035	piansaknate le mihing kizopzia cih dan thute
e39712	zd:21869	A taktak in na piansaknop thu ngaihsun in
e39713	zd:21876	na piansaknop nahoihkhat ngaihsun in
e39714	zd:23890	ka ngaih zawh sawt pianta hi inteh
e39715	zd:23014	Industry lam ah kihei pianta uh hi
e39716	zd:23603	a kigenkhiat masak sawt pianta hi napi
e39717	zd:21978	Laibu hoih a sak piante a bu bupbupin lot-ngah hi
e39718	zd:11177	Kumtam khinsa piante leh adiakdiak in numei te
e39719	zd:23394	Mi khat a pianthak ciangin
e39720	zd:20281	Siapa hoih leh sianu zong a pianthak loh phamawh ding hi
e39721	zd:26664	tulaitak mahin pianthak sawm ni
e39722	zd:25288	Ka pianthakna mun Singgial khua
e39723	zd:21052	pianthakna le Kha Siangtho sunga kiphumna
e39724	zd:25712	Deal hoih khat a piantheihna ding in
e39725	zd:21279	Hihbang a piantheihna ka ngaihsut kikkik ciangin
e39726	zd:17437	Piantit pai zawh kum 100 khit ciang
e39727	zd:21978	Piantit lai, Latin lai, German lai le Greek laite sin a
e39728	zd:19571	Napoeleon in Piantit gam ii kitangsap pen
e39729	zd:11454	Visa angetleh pianuamlo in na nawlh uh
e39730	zd:11182	bangmah Comment pianuamlo uh cihi
e39731	pk:42	pianzia Namte
e39732	pk:46	pianzia tehpih kammalte kimat ding hi
e39733	pk:46	pianzia a zemthuah kammalte kimat ding hi
e39734	zd:11648	khempeuh amau' hihna, pianzil
e39735	zd:24069	Ngen ahih manin a pa'n piapah hi
e39736	zd:12304	akisam bangin huhna piapah ahih manin
e39737	zd:20176	a bawlpah na dingin thu piapah hi
e39738	zd:10793	Banghangin huhna piapahding na hiam
e39739	zd:11587	RSD Interview Appointment phiniding piapahding ci ahih manin
e39740	zd:11587	Appointment piapahpah dinguh cihi
e39741	zd:11289	Refugee Card taktak piapan tading uhhi
e39742	pk:74	Lia in, zatui kei hong na piapia khinzota hi
e39743	zd:14992	Sazian hong ki piapia ta hi
e39744	zd:24231	thupha piapia leng ka ut hi
e39745	zd:21168	Naupangte Coffee ih piapia laidiam
e39746	zd:11011	Zomi Namni mapan khopna hong piasa teng
e39747	zd:19143	liausum 100,000 baht ki piasakding hi
e39748	zd:22376	Tuazawh kalnih khitciangin liausum hong piasakding uh a
e39749	zd:14609	liausum zong tampi ki piasakthei hi
e39750	zd:17262	RM15,000 tabang liausum ki piasakthei cih kiza hi
e39751	zd:22107	phalna pen tukhasung in piatading uhhi
e39752	zd:11587	Renew ciangin laidal bek piatading ci uhhi
e39753	zd:12023	Thupha hong piatek ta hen aw
e39754	zd:10743	a kamciam bangin hong piatek uha
e39755	zd:14985	tua Solar te panin Electric meitha piatheiding ahih manin
e39756	zd:25710	sihdaan ki piatheiding cih Straits Times pan kiza hi
e39757	zd:17649	tuipinawl piaudung 24 te ah zatep kikham cipta
e39758	zd:12066	piaudung aom Tourist Resorts te'n nawksiagawp hi
e39759	zd:17649	Thailand gambup ah tuipi piaunawl bekbek akigawm in 357 tak nei uhhi
e39760	zd:18110	Waimarama Beach kici tuipi piaunawl khatah
e39761	ts:4831	Gandhi in a khut tawh piaunel buannawng lak sawksukin
e39762	zd:25115	luipi gei piaunel a kivui
e39763	zd:14877	Kumkhat dekphial khasum piavetlo ahih manin
e39764	zd:11978	tawlngakni cihbang piavetlo cihi
e39765	zd:21826	A zattawm dinguh sum, letsong piazel in
e39766	zd:17478	Pasianin meigongte kisap hong piazel hi
e39767	zd:22922	bangmah phattuamna ahong piazo kei ding hi
e39768	zd:21379	Mei zong hunbit in hong piazo nawnlo uh
e39769	zd:23301	Avekpi in piazo pah leng hoih pen hi
e39770	zd:23466	Jesuh suahna pibawl mahmah uh ahihna hong phawksak hi
e39771	zd:20264	a pute it thei pibawl thei buang uh hi
e39772	ts:301	galdo makaipi-in zang a, na pibawl mahmah hi
e39773	zd:22157	zawnna tehna piciang nam tampi om lai hi
e39774	zd:21908	zawnna piciang nuai-ah kiom lai hi
e39775	zd:20158	bang piciang tawh ih teh hiam
e39776	pk:36	a khiatna a picin theih nadingin
e39777	pk:80	a picin hun khat ding dong
e39778	zd:21285	picin ding kisinna hi
e39779	zd:24115	a picin mateng a Nu nusia lo hi
e39780	zd:23929	a picin taktak ma ciangbek kisam ding hi
e39781	pk:37	ii a khiatna a picin theih nadingin
e39782	pk:39	khiatna hong picing ta hi
e39783	pk:39	a picing theilo kammal
e39784	pk:80	tu-in picing khinta ahihna thu
e39785	pk:79	a picing khinsa banga
e39786	zd:21706	tua bangin gamta hetlo in picing takin gamta uh hi
e39787	zd:17327	Zomi khangno sungah kilawmtatna picing takin i neikhin zo hi
e39788	zd:21989	a picinglo ngaihsutna, gamtatna leh lawhcinlohna te
e39789	zd:10777	Hih pen lungsim picingna nam khat hi-in
e39790	zd:19185	Tua in picingna hi zaw hi
e39791	zd:15416	A picingsa kua mah om lo-in
e39792	zd:24630	lungsim picingsa gamte ah
e39793	zd:22563	Lai simna in na lungsim hong picingsak dinga
e39794	zd:20359	a picingsak leh a kipsak pen laigelhte ahi hi
e39795	zd:26565	picingtak in, a kilam a hihi
e39796	zd:22810	picingtak in hun ki zangkhawm thei hi
e39797	zd:11011	tukum zong thupitak leh picingtakin bawl theihna dingin
e39798	zd:22757	Mi picingte in a lungsim kikem uhi
e39799	zd:21081	Makai picingte in a nuai-ate tai
e39800	zd:10938	nu leh pa leh picingte in nuntakzia
e39801	zd:17329	Topa lamah i picingzaw hiam?
e39802	zd:25127	thukhensatna lah picingzaw baanah
e39803	zd:21285	Thuakna a om ciangin picinna om thei pan hi
e39804	zd:16379	midangte tungah picinna ka lak nuam hi
e39805	pk:80	a beisa hun khat ah a picinna genna ahi hi
e39806	pk:79	nakhat a picinna, hong gen hi
e39807	zd:26643	midangte picinsak nadingin hong kipia hi a
e39808	zd:23989	kisuk picinsak ding i siam tek hi
e39809	zd:15724	na nasepzia pen picinvai hetlo
e39810	zd:11992	Pickup Truck tungah ahawlpa bek atuang ahihi
e39811	zd:15974	Pickup mawtaw Driver pazong bangmah liamna omlo cihi
e39812	pk:110	picnic zong ih kuankhawm ding hi
e39813	zd:26097	Khatvei khangnote picnic pai uh hi
e39814	zd:19518	picnic pai hun hong tung ahih man in
e39815	zd:23037	picnic khawng zong paikhawm hi ung
e39816	zd:23767	pidan peek khat tung ah letmat 5-6 asau
e39817	zd:12370	neu tehna pidan ruler, hi lo hi
e39818	zd:24176	kilemna a piengsak ding
e39819	zd:24167	siatna piengsak hi
e39820	zd:25461	Na Zomi pih khat tawh
e39821	zd:22023	A innkuan pih lobuang kuamah muanglo
e39822	zd:19676	Kiho pihding om khollo pipi
e39823	zd:15588	damsung nuntaak pihding in ka ngaihsut mi ahi hi
e39824	zd:17421	akisam bangbang in ka vaihawm pihding uhhi
e39825	zd:12634	mipi maiah ki pusuahkhiat pihhi
e39826	zd:20125	Israel gam aom ding thukim pihlo uh hi
e39827	zd:22938	a kisailote tawhzong vaihawm pihlo hi
e39828	zd:22926	2008 Constitution pen kuama thukim pihloh in
e39829	zd:23833	Hih nasep na ah apan pihnuam i om leh
e39830	zd:24320	Jacob kilai pihpen Vantung mi zong kici
e39831	zd:12992	kikhamsawm in kiho pihpih hi
e39832	zd:17070	galong do pihpih na hihi
e39833	zd:15570	Rakhine gam a mivomte abuai pihpih kawmkal in
e39834	zd:14652	innkuan pihteng kiho zelzelding zong thupi mahmah hi
e39835	zd:22203	I innkuan pihteng damdam in kisam thei hi
e39836	zd:22203	A liatna pen pii 5,300,000 feet in lian mahmah hi
e39837	zd:25221	lungsim leh ngaihsutna piicing vive a suaksakzo uh hi
e39838	zd:25394	lungsim piicing pua in, khut kilet hun hi
e39839	zd:20537	Sanggam unau, piilehpu, behlehphung kibang citciat
e39840	zd:11395	thei mel lo piin mi ki makaih thei lo hi
e39841	zd:23432	Christian sungah issue pikhat hongsuak hi
e39842	zd:11662	Mobile Industry te ki muhkhopna Conference pikhat ahihi
e39843	zd:10687	Language pikhat ahicih phawkden ni
e39844	zd:12264	pikhat leh alangval
e39845	zd:11870	Bawngtal pen hehsakkhin ahih manin akhut pikkha masa a
e39846	zd:11927	11 thukin pikkha himahleh lungkianai tuanlo
e39847	zd:16777	Pontius Pilate mangpa kiangah puak uh
e39848	zd:23943	Herod, Pilate leh Rom galkapte
e39849	zd:20997	ih tu ih tate a pilding
e39850	zd:18081	ei pileh pu te'n Ava Mangpa in thei zaw hi
e39851	zd:20997	ih pilepu, nulepa te in thupha hongpia leh
e39852	zd:24649	Khangham pilepu te lungnopna phualpi
e39853	zd:21661	a pillo zawte in thu ong theihbeh in
e39854	zd:23780	a hatlo zawte leh a pillo zawte ukin
e39855	zd:19166	Russia Doctor hi'n, pilmahmah kasa hi
e39856	zd:25054	pilmahmah napi lungsim kikem zolo zong ki om aa
e39857	pk:108	pilna hoih tampi ka sin uh hi
e39858	zd:20572	a practical in pilna sin uh hi
e39859	zd:21042	pilna lam thupi sak mahmah uh
e39860	zd:22278	a pilna sin kum vekpi kum 25 bang a pha
e39861	zd:24281	Zogam sungah pilna saang sinna ah suahtakna
e39862	zd:11571	Lai tampi sim in pilna sangpi nei leng
e39863	zd:10725	Ka tate pilna sangpi hong zawh khit uh ciang
e39864	zd:21120	Pasian in amau tungah pilna siamna pia hi
e39865	zd:20979	pilna siamna pen na sih dong na gamh hi ding hi
e39866	zd:9250	University of Dublin ah pilna sin hi
e39867	zd:11163	Lungkia ngei vetlo in pilna sin ni
e39868	zd:16779	i khuak hat lai mahin pilna sin ni
e39869	zd:23590	pilna sinna ah a thupi pen in hanciamna a hi hi
e39870	zd:24252	Naupangte adingin zong a kibawl pilna sinna tampi om hi
e39871	zd:21780	pilna sinna kician nei lo uh hi
e39872	zd:16641	I nasepna, pilna zonna leh kizatnate
e39873	zd:24283	pilna zonna sangte le univeristy te inzong
e39874	zd:18128	Tua nupinu pen mimawkmawk hilo, pilnanei khat
e39875	zd:11438	Architect pilnanei aminthang mahmah David Fisher ahihi
e39876	zd:16297	Leitung mi khempeuh pilnuam uh a
e39877	zd:20680	2008 kumin Pilot sep kipan hi
e39878	zd:20248	vanlenghawl Pilot khat leh adang mi 3
e39879	zd:17846	Pilot inzong cihnading theilo in
e39880	zd:23554	A hausa leh a pilsa a asuak mi tawm mahmah hi
e39881	zd:24303	a pilsa uh ahih manin
e39882	zd:16245	kei kiangah pilsin in hong pai uhi
e39883	zd:16457	na pilsin sung mahin geel to gige in
e39884	zd:20443	Sangkah, pilsin na ii manphat na leh thupi na
e39885	zd:22341	pilsinna lamah zong amau ut bangin
e39886	zd:16245	hahkat in, pilsinna thukanna in zang uhi
e39887	zd:12778	Sang pilsinna leh kivakna
e39888	zd:25107	Gam buaina le pilsinna sanginn kisai lo in kamu hi
e39889	zd:25790	pilsinna sanginn leh kiimlehpaam pan ki-sin ki-etteh hi
e39890	zd:21939	Pasian in a kulna tawh kizui-in piltawmsak a
e39891	zd:23551	a pillote piltawmsak thei lel a
e39892	zd:19897	pilthei mahmah siamthei mahmah napi
e39893	zd:17951	pilvaang takin nasep panlaak hun hi
e39894	zd:20045	mipite pilvaang ciat ni
e39895	zd:25165	Hangsanna pen pilvaang tak-in, a kizatsiam ciang
e39896	zd:25924	ih hunneih te mawkbeisak ding pen pilvai lo lua hi
e39897	zd:23090	pilvai, thutheih vai mahmah ahih manin
e39898	zd:9425	pilvan mahmah ding kisam hi
e39899	zd:24217	La teelzia ah pilvan kisam a
e39900	zd:20172	teci panna khawngah pilvan huai mahmah hi
e39901	zd:15608	hongkimat lehzong kitat ciangin pilvangding thupi mahmah khading hi
e39902	zd:15529	Myanmar Embassy ihpai lehzong pilvangding kisam khading hi
e39903	zd:11117	hoihtak etcianding leh pilvangding thupi hi
e39904	zd:12444	zintunna dailenbuk cihte ah pilvanghuai phadiak hi
e39905	zd:17301	Zatep theite'n pilvanghuai a
e39906	ts:11223	Ei leh ei ciat pilvangna tawh kikemsiam ding
e39907	zd:22639	teina leh pilvangna ding tampi hong guan mahmah hi
e39908	zd:23629	kidawmtak, pilvangtak in om ding hanciam ni
e39909	zd:20875	Khuahun zui a pilvangtak a kikhel ding
e39910	zd:24248	Na hunte pilvangtakin zangin
e39911	zd:20406	thu limtak pilvangtakin i ngaighsut masa ciat ding hi
e39912	zd:20060	Tuhun i Cell Phone leh Social Media zatzia pilvanhuai
e39913	zd:11135	hih mipai bat khak loh nadingin pilvanhuai hi
e39914	zd:15818	i-kizoppihte' dandan theihpihna pen pilvanna hi
e39915	pk:134	gilkial dangtak pimahin gamtang niloh hi
e39916	zd:16139	companyte le Pimpih khua pan makaite tuni kimu in
e39917	zd:25189	pianna khua Pimpih ah zong positive 45 bang om khin
e39918	zd:23257	Mite' pimuh leh zahtakna a ngah ihi hi
e39919	zd:23830	Kawl kumpi tuazah a pimuh ding hisamlo hi
e39920	zd:24202	mi khat pimuh a zahtak cih
e39921	zd:22441	ann huan puansawp ding thei na pin
e39922	ts:7051	fulltime nasem omlo pin Zogam vaihawm ding
e39923	pk:154	Pingpong sabuai
e39924	zd:21302	Pingpong sat vaihawm committee
e39925	pk:129	Khuado a pini zingsang tungin
e39926	pk:129	A pini bang mah in nungak tangvalte lam ziahziah in
e39927	zd:24336	Tua thuciam in Pinlong thuciamna a hi hi
e39928	zd:17215	pipe kisia pen 1:00-3:30Pm kikal kibawl hi
e39929	zd:15855	Sialtang tui pipe hoih kikta
e39930	zd:17335	Tuilakna pipeline khempeuh lei sungah phum ding
e39931	zd:16391	innsungah Gas pipeline cihtezong aom hilo
e39932	zd:15493	Tua mahmah hi hong lauhna pipen uh
e39933	zd:12177	misiangthote thokik uh hi cih i gennop pipen ahi hi
e39934	zd:24354	Tonzang ah ZCD leh NLD mah akidem ding pipen ahi hi
e39935	zd:15586	a pipete laih zo in hoihtak bawl leng
e39936	zd:17215	khuadamlua a hihman in pipete ton velval uh hi
e39937	zd:10761	Neilo pipi mah in na sum neihsun teng na zangh hi
e39938	zd:16376	Ih hoih loh pipi mah ong it ahi hi
e39939	zd:25932	ut lo pipi mah in gamtat khiat ding kisam
e39940	zd:21102	Lau pipi mahin kisem tantan hi
e39941	ts:479	kikhen nuamlo pipi mahin lo lam hong zuan ta uh hi
e39942	zd:9453	Leitung mi minthang pipite nu leh pate thumang
e39943	zd:25174	leitung a College minthang pipite ah gualzo in
e39944	zd:21052	vangliatna tawh na lian pipite a sep zawh nadingin
e39945	ts:301	a zi dingin a pisak uh
e39946	zd:24119	maizum ngam lo-in zi hong pisak hi
e39947	zd:12603	A palik vanzat Pistol thau leh thautang tezong
e39948	zd:11698	Cheras vengsungah Pistol tawh mikhat kikaplum
e39949	zd:19427	misiangtho tam pitak te
e39950	zd:16687	Mitam pitak lak ah na kihel ciang
e39951	zd:21369	Chin Hills sung ah sawtvei pitak
e39952	zd:22544	Thuciamthak sungah Pitazuh min 156 vei bang om a
e39953	zd:21939	Pitazuh pen pilna nei lo, ngabeng khat lel hi napi
e39954	zd:19850	aci pen, Pitazuh hi
e39955	zd:20218	Pitcairn tuikulh a tung uh hi
e39956	zd:25461	makai pite tungah vaipuak lian mahmah hi
e39957	zd:19390	highway, lamlian pite minciplohnang ahihi
e39958	zd:19676	nasep lian, nasep thupi, company pite
e39959	zd:15114	hih piteek puteek te tuahsiatzia akizak ciangin
e39960	zd:19178	Zogam sungah piteek puteek kum 100 aval bangzah
e39961	zd:17551	Japan gam aom piteek puteek kepna innkhat meikang
e39962	zd:17943	Kum 77 aphakhin piteekkhat
e39963	zd:18009	kum 79 tak aphakhin piteekkhat ahihi
e39964	zd:15114	piteeknu pen kum 70 ahihi
e39965	zd:12698	akiciamteh kum 117 apha piteeknu sita
e39966	zd:22474	pitek putek te nangawn in minamdangte' pau sinlai uh hi
e39967	zd:17075	Mihing bang hi leh pitek putek hun hita a
e39968	zd:17049	piteknu ii kammal azak ciang in
e39969	zd:21667	Ataktak in piteknu gen pen aman ahi hi
e39970	zd:24902	Pizza sai ki ding zo nawnlo ding hi
e39971	zd:18952	Plague natna te ong om kik zelzel himah leh
e39972	zd:23791	Black Plague a tun lai-in mi tul tampi si uh hi
e39973	zd:24446	NLD party plan A, B leh C neih kha ding uh hi
e39974	zd:17651	Research plan khat khakkul hi
e39975	zd:22586	taihinn leh mawtaw khat ciat neihzawh nading plan ahihi
e39976	zd:11909	Ih omna leitung Planet kepbittheih nading ngimna tawh
e39977	zd:26385	aksite, Planet-te' kiheiina zui-in mailam thu khawng gen uh a
e39978	zd:16862	Hih thute tu'n planning ih bawl kholh kei leh
e39979	zd:25937	short term leh long term planning zong kasuai uh hi
e39980	zd:15186	Limbang khuasung aom Plantation khatah nasem ahihi
e39981	zd:17505	Oil Palm Plantation sungah nasem te ii atate vive
e39982	zd:20775	Akeu khit ciangin Plastic sungah bit takin koih in
e39983	zd:20747	Plastic sungah lei koih ding hi
e39984	zd:21221	Politics platform pen pulpit hilo hi
e39985	ts:9846	Digital platform tawh kihawmkhia in
e39986	zd:12357	platform khempeuh ah ki zangtheilo hi
e39987	ts:4569	galkap platoon khat ciat koih hi
e39988	zd:20145	Tu in playground 30 leh indoor stadium 150 kiim nei ta
e39989	pk:91	PM kici hi
e39990	zd:9254	pneumonia natna nasia khin lua ta
e39991	zd:11538	York Hospital ah tua namsia pehna tawh pneumonia ngahin simawk hi
e39992	ts:10592	PNO galkapte Major level ciang dong kimankha ngei hi
e39993	zd:23014	PaO gam pen nidang PNO galkap nei uh a
e39994	zd:20752	Radio Podcast tawh Rohingya Program ki pan thei ta hi
e39995	zd:20395	Hih program pen Podcast tawh hi phot maw
e39996	zd:9235	Tua poem pen khen nih kisuah thei hi
e39997	zd:9242	phuah poem sim kik hi
e39998	zd:11110	scan taleh poikei, kumpi' deihloh sil khatbeek keng kei-ung
e39999	zd:17860	Lung nuamlo kei-aw, poikei
