id	source	text
e70000	zd:21925	hunte i khut sung ah om kei
e70001	55.3.1	a haksa hunte a hong piang ding hi
e70002	19.31.15	Ka hunte na khut sungah om hi
e70003	28.9.5	A kiseh pawi hunte
e70004	23.33.6	amah pen nangma hunte a kipna
e70005	48.4.10	nite, khate, hunte, kumte na tang ta uh hi
e70006	19.74.17	phalbi hun leh khuakhal hunte na bawl khin hi
e70007	44.24.25	hong tung ding Thukhenna Hunte a gen tohtoh ciangin
e70008	5.16.6	Izipt panin na paikhiat hunun
e70009	4.28.26	Na nipi-kal pawi hunun
e70010	7.10.14	Na lungkham hunun amaute kihonkhia sak un
e70011	zd:14650	tua pan sisan hup khia hi
e70012	zd:19875	tui a hup sehnel hawllei deih hi
e70013	zd:23729	Singkungte in nisim-a piang huihniinte hup in
e70014	5.32.13	suangpi panin amaute khuaizu hup sakin
e70015	1.4.11	na sanggampa’ sisan a hup dingin
e70016	40.27.48	Jesuh’ hup dingin a tahto hi
e70017	41.15.36	Jesuh’ hup dingin tahto a
e70018	19.119.114	keima bukna mun le kei hong hupa na hi hi
e70019	19.54.4	Topa, kei hong hupa ahi hi
e70020	19.68.5	Pa nei lote’ pa leh meigong numeite a hupa
e70021	23.59.20	Note a hupa Jerusalem ah kong pia ding a
e70022	19.7.10	Pasian in kei hong hupa hi a
e70023	19.115.9	note hong huhpa leh hong hupa ahi hi
e70024	19.84.11	Topa Pasian in eite hong hupa
e70025	44.23.9	kitotna awging hupha semsem a
e70026	58.6.7	a kia guahtuite hupin
e70027	12.2.12	Israel mite a hupipa
e70028	66.12.16	a kam tawh na hupkang hi
e70029	40.27.48	tui hupna la-in tuithuk sungah a diah
e70030	41.15.36	tui hupna la a, tuithuk sungah a diah
e70031	5.32.13	Suangpi panin amaute khuaizu hupsakin
e70032	13.2.20	Hur in Uri’ pa hi a
e70033	13.5.14	a tapa Huri’ tapa Abihail’ suante
e70034	zd:19108	Innsungah a husa ka zak theihloh ciangin
e70035	24.6.23	a husa uh tuipi ging tawh kibang hi
e70036	33.2.12	mi tampite’ husa tawh kidim kik ding hi
e70037	24.50.42	A husa uh tuipi ging bang hi
e70038	zd:22658	gimlua in husam liang aa pau tawh kibang hi
e70039	zd:11285	meikhu tawh huih dikzolo in, husam in sibup uhhi
e70040	24.4.31	Zion’ tanu husam liang-a a kikona aw
e70041	25.2.11	dahin husamin ka bah gawp hi
e70042	zd:17521	Pasian mai ah husan khat zah in tom
e70043	zd:18206	ei zong i husan laiteng lametna bei sak lo ding
e70044	18.41.21	A husan’ in mei tawhkuang a
e70045	19.144.4	Mi pen husan’ khat tawh kibang a
e70046	19.90.9	ka kumte uh husan’ khat bangin a bei hi
e70047	6.11.11	husang khat zong om nawn lo
e70048	6.11.14	husang khat beek nusia lo uh hi
e70049	6.10.40	husang khempeuh susia mang hi
e70050	52.3.8	tu-in ka husang theita uh hi
e70051	18.41.21	Ama husanna in mei tawhkuang a
e70052	18.37.10	Pasian’ husanna in tuite khalsak a
e70053	19.146.4	A husanna a bei ciangin
e70054	18.4.9	Pasian’ husanna tawh tua bang mite sia a
e70055	19.18.8	a kam panin mei husia pusuak hi
e70056	18.31.12	a kangtum mei husia tawh a kibang ahi hi
e70057	26.14.17	a husia galhiamte kizang leh
e70058	44.23.10	Amaute’ kitotna hong husia semsem ahih manin
e70059	19.50.3	ama mai-ah mei husia om a
e70060	66.16.18	Zinling khempeuh lakah a husia pen ahih manin
e70061	19.124.5	tuipi husiate in hong tummang khin ding hi
e70062	19.55.8	huihpi leh huih husiate panin
e70063	19.90.11	na hehna’ husiatna kua in thei ahi hiam
e70064	40.27.64	hong husiazaw lai kha ding hi
e70065	pk:125	ihgam ihlei hut ciat ding
e70066	zd:17271	anau-nu nuntakna hut sawm ahi hi
e70067	zd:20577	kikepna leh ki hut nading hamphatna ngah hi
e70068	zd:21815	puah ding, kep ding, hut ding
e70069	1.19.8	ka hut ding kisam hi
e70070	23.1.8	kuama’ hut lohin kinusia a
e70071	20.18.11	Khuapi kim-a kulhpi in amah a hut bangin
e70072	18.29.4	Pasian in ka innkuan hong hut laitak
e70073	20.21.22	mi thahatte’ hut khuapi la zo a
e70074	26.30.8	a gam a hute khempeuh a bei khit ciangin
e70075	26.30.6	Izipt gam a hute khempeuh gal sungah si mang
e70076	24.5.8	nehin a tau huthut uh hi
e70077	zd:22439	Chin State Refugee te hutna kisamlai
e70078	zd:25191	gammite hutna ding leh dalna dingin galkap tha kisam mah hi
e70079	23.30.3	Faro’ hutna pen na maizumna uh hi ding a
e70080	23.27.5	keima hutna sungah amaute om hen la
e70081	26.34.30	Israel mite ka hutna leh amaute pen keima mi ahihna
e70082	19.63.7	nangma hutna sungah lungdamin la ka sa hi
e70083	19.61.4	Nangma khate’ hutna sungah
e70084	50.1.7	Lungdamna Thu lamah hutna leh kipsakna-ah
e70085	47.7.7	kei na hong hutnopna thu
e70086	7.6.31	ama tupna hutpih ding na hi uh hiam
e70087	20.15.25	meigongte’ neihsa hutpih hi
e70088	19.127.1	Topa in khuapi hutpih kei leh
e70089	23.26.1	i panmun kipte hong hutsak hi
e70090	26.14.20	nuntakna ciat bek a hutzawh cih loh
e70091	zd:21078	ka huu ka kem ding uh hi
e70092	23.1.17	pa nei lote huu un la
e70093	21.9.15	ama pilna tawh tua khua a huzo hi
e70094	20.14.25	Thutak a gen teci in nuntakna huzo a
e70095	41.8.35	suplawhte in a nuntakna bulpi huzo ding hi
e70096	42.17.33	a nuntakna bulpi huzo ding hi
e70097	28.14.3	sakol galkapte in zong hong huzo ngei lo ding
e70098	pk:45	Hua in, i sanginn ahi hi
e70099	pk:59	Hih in, i sanginn ahi hi
e70100	ts:3125	i kilem ding hamsa hi
e70101	ts:12490	Hih pen i vek a kidop mahmah ding hun hi
e70102	58.6.3	tua bang i bawl ding hi
e70103	1.24.57	A numei sam-in amah i dong ding hi
e70104	19.81.3	i pawi ni-in pengkul tum un
e70105	19.116.5	i Pasian in hehpihna nei hi
e70106	5.5.2	Topa i Pasian in Horeb ah
e70107	13.24.27	Zakkur, leh Ibri ahi hi
e70108	13.7.2	Jeriel, Jahmai, Ibsam, leh Shemuel-te hi a
e70109	4.26.30	Iezer pan Iezer behte ahi uh hi
e70110	zd:24807	Pasian zat minam ihi hi
e70111	zd:22746	Bang ngak lai ihi hiam
e70112	zd:21690	Unaukhat sanggam khat ihi hi
e70113	62.1.8	eite a thutak lo ihi hi
e70114	12.6.15	Bang cih ding ihi hiam
e70115	2.15.24	Bang dawn ding ihi hiam
e70116	62.1.6	zuauthu a gen ihi hi
e70117	zd:21224	Makai ihih manin
e70118	zd:20877	Pasian a umte ihih manin
e70119	zd:17161	Hilh nading siamna anei ihih leh hilhni
e70120	45.5.8	mawhna nei ihih laitakin eite a dingin
e70121	15.10.13	mawhna lianpi hih kha ihih manin
e70122	19.33.21	Ama min siangtho eite in muang ihih manin
e70123	7.13.22	Pasian mu khin ihih manin i si taktak ding hi
e70124	zd:21149	Sangpen Pasian' tate ihihlam kilangsak hi
e70125	zd:19427	eitepen athanemte ihihlam honghilh hi
e70126	zd:23784	akisia ziauthei ihihlam hong phawksak hi
e70127	62.5.2	Pasian tate a it ihihlam i kithei ding hi
e70128	45.6.3	a sikhawm ihihlam thei lo na hi uh hiam
e70129	zd:24090	mawhnei mi ihihna ki-up kul hi
e70130	zd:11917	Kawlte ukna nuai ah omlo ihihna ong kilang sak mahmah hi
e70131	zd:21369	Zomi ihihna tawh nasem leng
e70132	49.4.25	Khrih pumpi nate ihihna hangin
e70133	19.103.14	eite pen leivui ihihna a phawk hi
e70134	62.2.3	amah a thei taktak ihihna hong kilang hi
e70135	44.19.25	a hau ihihna thu na thei uh hi
e70136	40.26.43	a nungzuite ihmu a, om uh a mu hi
e70137	41.13.36	note ihmu-in hong mu kha ding hi
e70138	19.76.5	amaute ihmucip suak uh hi
e70139	7.4.21	ihmucip-in a om lai takin
e70140	7.4.21	ihmucipin a om laitakin
e70141	20.6.4	ihmumu kei inla
e70142	20.6.4	Ihmumu kei inla, om mawkmawk kei in
e70143	7.16.19	a phei tungah Samson ihmusak hi
e70144	44.20.9	a sawtna ciangin ihmusip kha-in
e70145	pk:72	Ui in, a ihmut laitak ahi hi
e70146	zd:11452	Na ihmut theih kei leh sim ding
e70147	zd:23972	Nai 8 sung ihmut sawm den in
e70148	zd:24276	Zan i ihmut laitak a
e70149	43.11.12	a ihmut leh, a nuamtuam ding hi
e70150	40.28.13	ka ihmut kal-un a nungzuite hong pai-in
e70151	20.6.22	zan-in na ihmut kalin nang hong cing ding a
e70152	19.68.13	Meiphual gei-ah na ihmut laitak nangawn un
e70153	18.33.15	Zan-in mite a ihmut hun ciangin
e70154	52.5.6	adang mite a ihmut bangun
e70155	11.3.20	na nasemnu ka ihmut lai takin
e70156	zd:20647	ihmutna pen cidam nading hoih mah hi
e70157	zd:21616	An sangin ihmutna thupi zaw hi
e70158	zd:15756	a ihmutna panin athawh ciangin
e70159	20.24.33	Tawmkhat ihmutna, tawmkhat lusukna
e70160	7.16.20	A ihmutna panin amah khanglo-in
e70161	18.14.12	a ihmutna panun khanglo ngei lo
e70162	18.4.13	Mi a ihsip hun zankim laitak
e70163	pk:145	A uzawte'n a iik ngah hi
e70164	3.7.31	a iik pen Aaron leh a suante
e70165	3.8.29	Moses in a iik la-in veii a
e70166	3.7.30	a iik a kiveii theih nadingin
e70167	3.7.34	a kiveii a iik leh a kipia a phei
e70168	3.10.14	a kiveii a iik leh a kipia a pheite pen
e70169	3.9.20	amaute in a iikte tungah koihin
e70170	3.10.15	kipia a phei leh a kiveii a iikte
e70171	18.31.33	Midangte in a mawhna uh iim a
e70172	23.3.9	amaute in iim lo uh hi
e70173	9.3.17	Kei kiangah hong iim kei in
e70174	6.7.19	kei tungah hong iim kei in
e70175	5.13.8	amah khahkhong loin, amah na iim kei ding hi
e70176	1.37.26	i thahna iim lehang bang metna om ahi hiam
e70177	26.22.28	hih bang mawhnate iimcip uh hi
e70178	zd:22433	Zun na iip pahpah leh
e70179	ts:397	nai 2-6 dong iip zo ci hi
e70180	19.78.38	amah in a hehna iip zelzel a
e70181	17.5.10	Haman ki-iip tentanin innah ciah hi
e70182	18.20.2	kei ka ki-iip zo nawn kei hi
e70183	18.32.18	ka kam ka ki-iip zo kei hi
e70184	20.12.16	mipilte in a hehna uh iip zo hi
e70185	4.11.20	na ikkhiat dong uh
e70186	13.11.29	Ahoah-te beh Ilai
e70187	zd:19245	hong dot peuhpeuh a hi bangin im lo-in gen ding ahi hi
e70188	zd:20646	hong kidong phial zongin ka im nuam zel hi
e70189	zd:24492	Thu a im den North Korea in
e70190	18.13.20	nang tungah bangmah kong im kei ding hi
e70191	19.78.4	i tate tungah eite in im loin
e70192	10.14.18	Nang kong dot peuhpeuh hong im kei in
e70193	20.28.13	A khialhna a im mipa
e70194	19.40.10	na thumanna mi honpi tungah ka im kei hi
e70195	24.50.2	dial khai un la, im kei un
e70196	9.20.2	ka pa in kei tungah hih thu hong im ding
e70197	18.15.18	a pu a pate un bangmah im loin
e70198	41.8.32	Tua thu im loin a gen khin hi
e70199	20.12.23	Mipilte in a theihna uh im khinkhian a
e70200	zd:20635	amawhna gen lohna tawh amawhna imcip hi
e70201	zd:24319	genkhia ngam lo in ki imcip ahih manin
e70202	66.10.4	tua van sagih a gingte’ thugen imcip in
e70203	27.8.26	imcip phot in
e70204	49.3.9	a beisa hunah hih thu khempeuh a imcip hi
e70205	51.1.26	a beisa hunah a ki-imcip thu hi a
e70206	45.16.25	tanglai-in a ki-imcip, tu-in a kipholak thu-ah
e70207	18.31.33	a mawhnate uh pulak loin imcip uh a
e70208	42.12.2	A kithei lo ding a ki-imcip bangmah om lo hi
e70209	54.5.25	ki-imcip suak thei lo hi
e70210	13.7.35	Zofah, Imna, Shelesh, leh Amal ahi uh hi
e70211	16.3.2	Amaute’ zomah Imri’ tapa Zakkur in sem hi
e70212	ts:12506	September 2, ni-in
e70213	ts:11247	October 8, 2025 ni-in vuina kinei ta
e70214	ts:8105	hun khat lai-in ngaihsun uh hi
e70215		a kipat cil in
e70216	43.5.9	Tua ni in Sabbath ni ahi hi
e70217	20.7.9	tua hun in, nitak nitum khit zawh
e70218	42.23.54	Tua ni in Kigin ni hi a
e70219	40.27.37	HIH PA IN JUDAHTE’ KUMPIPA ZEISU HI
e70220	zd:20334	a mantakpi kong cih inah, taang tangkhat in lei-ah kia a
e70221	zd:23022	ken Assam gam khawngah ka cih inah
e70222	40.5.2	a nungzuite thu a hilh inah
e70223	24.5.11	Topa in ka cih-inah
e70224	44.11.4	Piter in a kizom a kizomin a gen-inah
e70225	24.33.2	Topa in kong gen-inah
e70226	zd:9429	Tu-in hong ciah ing
e70227	zd:23361	Pawl khat in zadah thei ding hi cih thei ing
e70228	18.11.5	hong dawngkik leh ut mahmah ing
e70229	1.46.2	Hiah om ing
e70230	2.4.13	hong thum ing, mi dang khat sawl zaw in
e70231	9.3.4	Hih lai-ah om ing
e70232	zd:20117	Pasian muang inla sem in
e70233	zd:20697	Sim kei inla tuate en kei in
e70234	40.8.4	siampi kiangah pai inla, va kilak in
e70235	40.9.5	Tho inla, pai in
e70236	40.5.24	na biakna koih phot inla
e70237	18.40.7	Kipasalsakin dingto inla, ka thudotnate hong dawng in
e70238	40.5.24	pai kik inla, biakna na pia in
e70239	26.37.4	Hih guhte tungah thu hilh inla
e70240	44.7.47	Solomon in Pasian ading inn a lam hi
e70241	9.5.5	Dagon inn ah a tumte khempeuh
e70242	16.3.16	a kibawltawm bual leh Galkap Inn ciang dong puah hi
e70243	11.7.2	Amah in Lebanon Tulak ah Inn lam hi
e70244	14.9.20	Tulak Inn sunga umlebeelte khempeuh zong kham citak ahi hi
e70245	11.10.17	Lebanon Tulak Inn sungah tuate koih hi
e70246	23.22.8	Tulak Inn sunga kikoih galhiamte
e70247	11.10.21	Lebanon Tulak Inn sung haite khempeuh kham citak ahi hi
e70248	pk:72	ka laibu innah ka na nusia khinzo hi
e70249	zd:24310	ka it mahmah ka zi tawh innah ka ciah uh hi
e70250	zd:23799	Damlohna na neih leh innah OM in
e70251	zd:23872	Covid-19 hunsung innah naupangte bangci kepding
e70252	40.9.7	a innah a ciah pah hi
e70253	43.7.53	mi khempeuh amau innah a ciah uh hi
e70254	42.1.23	Siampi nasepna a bei ciangin Zekhariah innah a ciah hi
e70255	11.13.19	ama innah an ne-in tui dawn hi
e70256	14.31.14	Levi mi Innah tapa Kore in
e70257	44.16.26	thong innbul zong liing a
e70258	24.51.26	innbul suangnuai phahin kizang lo ding hi
e70259	11.14.28	inncin'na inndei sungah tuate koihkik zel
e70260	1.40.3	inncing mangpa’ inn sungah
e70261	14.12.10	inncing a ukte’ khut sungah tuate ap hi
e70262	11.14.27	inn kongkhak a cing inncing uliante’ khut sungah
e70263	1.37.36	Izipt gamsunga inncing mang
e70264	50.1.13	inncing galkapte a kipanin mi khempeuh in
e70265	1.41.10	kei leh an huanpipa inncing mangpa’ inn sungah hong khum
e70266	1.39.1	Izipt mi, inncing mangpa, Faro’ nuai-a mangpa Potifar
e70267	11.14.28	inncingte in tuate pua-in
e70268	11.14.28	inncinna inndei sungah tuate koihkik zel
e70269	11.6.15	inn sual panin inndap innsunte dongin
e70270	11.6.9	taamtaak peekte tawh inndap bawl hi
e70271	12.4.10	kawm a nei inndeineu khat bawlin
e70272	26.41.26	Hih inndeipi sung kawmte tungah
e70273	26.41.15	inndei, leh a inndeipi, leh Siangthopen Mun sungte
e70274	26.46.8	inndeipi kongpi mah-ah pusuak ding hi
e70275	26.44.3	Amah hong pai ciangin inndeipi tawnin
e70276	26.42.5	A cial tungnung-a om inndeite pen
e70277	14.31.11	inndeite a bawl nading uh Hezekiah in thupia hi
e70278	26.42.11	hih inndeite mai-ah zong lampi khat om hi
e70279	13.28.12	a kimkot a, inndeite khempeuh
e70280	13.23.28	inntualte leh inndeite kemin
e70281	26.46.19	siampite’ zat ding a siangtho inndeite ahi hi
e70282	16.13.4	inn sung vankoihna inndeite a uk dingin
e70283	16.10.39	biakinn um-le-beelte a kikoihna inndeite
e70284	16.10.38	Pasian’ inn sunga vankoihna a kilawm mun inndeite ah
e70285	26.42.2	hih inndung tong za khat hi a
e70286	26.42.7	tua inngualte tawh a paikhawm
e70287	3.11.29	savokphual, zusa, innhikpi nam khempeuh
e70288	20.30.28	Innhikte: khut sunga tawi zawh ganhing
e70289	11.6.9	innkalte leh taamtaak peekte tawh inndap bawl
e70290	11.7.2	taamtaak innkam kikhung tungah kilam hi
e70291	11.6.6	inn kawm sungah innkam nan’na a lut loh nadingin
e70292	15.6.11	a innkam khat kidawh khiatsakin
e70293	14.34.11	inn lam nadingin innkamte lei nadingin
e70294	11.6.9	innkamte khungin taamtak peekte tawh inndap a bawl hi
e70295	35.2.11	innkamte in zong kikopih ding uh hi
e70296	24.22.8	a innsak a innkhangte’ kiangah
e70297	26.26.11	innkhuam lianpipite leilak kiden’ nading hi
e70298	22.1.17	taamtaak kungte, i innkhuam hi-in
e70299	46.3.11	Zeisu Khazih longal innkhuam dang kuamah in
e70300	49.2.20	kamsangte in a phuhsa innkhuam tungah
e70301	20.9.1	a innkhuampi sagih a phut hi
e70302	11.10.12	Topa’ biakinn le kumpipa’ innkhuamte
e70303	40.10.27	innkhumdawn zangah na taangko un
e70304	20.21.9	innkhumzang kiu khat-a tang teen’ hoihzaw
e70305	6.2.8	innkhumzang amaute kiangah amah paito a
e70306	23.15.3	innkhumzang leh kongzing lampi kituahnate ah
e70307	12.19.26	innkhumzang a, lopate bangin a om lai tak
e70308	19.129.6	a khan’ khit ma-a a vul, innkhumzang-a lopa
e70309	9.9.25	innkhumzang-ah Saul adingin lupna khat na kiphah a
e70310	9.9.26	Samuel in innkhumzanga Saul samin
e70311	19.129.6	a khan khit ma-a a vul, innkhumzanga lopa
e70312	12.19.26	innkhumzanga lopate bangin a om laitak
e70313	10.16.22	innkhumzangah Absalom’ adingin puanbuk khat lam uh hi
e70314	9.9.25	innkhumzangah Saul a dingin lupna khat na kiphah a
e70315	11.17.19	ama giahna innkhumzangah puato-in
e70316	44.10.9	innkhumzangah Peter a kahto hi
e70317	23.22.1	note khempeuh, innkhumzangah na kah toh uh
e70318	10.11.2	kumpi innkhumzangah a pai leh
e70319	7.20.5	kote’ omna innkiim-ah hong pang uh hi
e70320	zd:10866	innkim innpaam dum sak ding
e70321	14.23.10	biakna tau leh innkim ah koih hi
e70322	pk:16	innkiu ah kawlgit a bu hi
e70323	zd:24139	Thopi khat zong tua innkiu ah ateeng hi
e70324	zd:21121	amah in innkiu suangpi hong suak hi
e70325	19.118.22	innkiu suang bulpi suak khin ta hi
e70326	19.144.12	kumpi inn lam nadinga kisui innkiu khuampite bang
e70327	24.51.26	Na suangte innkiu suangin kiciang lo ding a
e70328	38.10.4	Amaute sung panin innkiu suang
e70329	49.2.20	Khazih in tua innkiunuai suang ahi hi
e70330	3.14.38	innsung panin innkongah siampipa paikhia ding a
e70331	zd:20860	innkuan sung damna thak om thei hi
e70332	zd:22775	innkuan sung thu khawng sunkhiat ding hi zenzen lo hi
e70333	zd:25909	innkuan ading hun pia khia ding
e70334	1.30.30	innkuan ading cik ciangin
e70335	20.31.27	a innkuan sung kisapna teng sem a
e70336	18.16.7	ka innkuan teng na si sak khin hi
e70337	20.11.29	A innkuan sung a uk khial mite
e70338	6.7.14	a innkuan innkuanin hong pai ding hi
e70339	4.11.10	Mite a innkuankuan-un, a milip-in a puanbuk kongah
e70340	4.2.34	a beh tawh kizui-in a innkuankuan-in
e70341	4.4.29	Merari mite zong amau’ innkuankuan leh a beh beh-in
e70342	4.4.42	a innkuankuan leh a beh beh-in
e70343	4.4.22	amau’ innkuankuan leh a beh beh-in sim in
e70344	4.4.38	Gershon mite a innkuankuan leh a beh beh-in
e70345	4.4.40	a innkuankuan leh a beh beh-in tulnih leh zaguk
e70346	4.3.15	Levi mite, a behbeh, a innkuankuanin
e70347	38.12.12	Gam sung khempeuhah a innkuankuanin dahin kap ding uh
e70348	6.7.14	beh sung panin a innkuankuanin hong pai ding hi
e70349	4.2.34	a beh tawh kizui-in a innkuankuanin
e70350	13.26.13	innkuankuanin amau’ kongpi cin ding ai san uh hi
e70351	13.5.7	khangsimna a kiciamteh ciangin a innkuankuanin ama behte
e70352	4.3.39	Topa’ thupiakna tawh a innkuankuanun a sim Levi mi
e70353	4.11.10	Mite a innkuankuanun a milipin
e70354	2.12.4	a ne ding innkuanmi a tawmluat leh
e70355	pk:108	Ka nu leh innkuanpih teng zong ka phawk mahmah hi
e70356	zd:22897	Ahih kei leh ka innkuanpih te bangci ding hiam
e70357	zd:17152	Na innkuanpih leh lawm leh gual te tawh hun zang khawm
e70358	42.12.52	tu-a kipanin innkuanpih nga a om
e70359	10.2.3	mi khempeuh a innkuanpih ciat tawh paipih to hi
e70360	9.22.22	Na pa’ innkuanpih mite khempeuh’ sihna
e70361	zd:11866	Hong sihsan te leh a innkuanpih te naphawk un
e70362	zd:25624	A innkuanpih te tawh kibangin dah mahmah ing
e70363	26.17.13	kumpipa’ innkuanpih mite khat la-in
e70364	40.10.36	ama innkuanpih mite mah hong hi ding hi
e70365	zd:22897	Ka innkuanpihte in Durable Solution ngak lai uh hi
e70366	zd:15324	ka innkuanpihte hun ka pia man kei hi
e70367	zd:23037	I innkuanpihte bek it hang
e70368	1.45.18	i pa leh na innkuanpihte uh la un
e70369	5.12.7	note leh na innkuanpihte na lungdam ding uh hi
e70370	4.18.31	nang leh na innkuanpihte in na ne thei
e70371	40.10.36	ama innkuanpihte mah a gal hong suak ding hi
e70372	24.12.6	na sanggamte leh na innkuanpihte nangawn in
e70373	4.16.32	a innkuanpihte uh leh a neihsa khempeuh uh
e70374	1.12.17	Faro leh a innkuanpihte gimna lianpi thuaksak hi
e70375	44.16.34	a innkuanpihte khempeuh tawh a lungdam uh hi
e70376	44.16.31	na innkuanpihte tawh gupna na ngah ding uh hi
e70377	19.69.8	ka innkuanpihte lakah khualmi ka suak hi
e70378	6.6.25	Rahab, leh a pa innkuanpite
e70379	1.46.31	a sanggamte leh a pa’ innkuanpite kiangah
e70380	5.14.26	note leh na innkuanpite na lungdam ding uh hi
e70381	1.45.11	nang leh na innkuanpite leh na neih khempeuh
e70382	5.26.11	note leh na innkuanpite uh tungah hong piak
e70383	zd:11872	Sum in innkuansung toksia mahmah mawk hi
e70384	zd:12194	kitawngleh innkuansung nopngei loding hi
e70385	zd:15816	innkuansung nuntakna ahamsatzia athei
e70386	54.3.12	a tate le a innkuansung hoihtakin a ukzote
e70387	20.31.27	a innkuansung kisapna teng sem a
e70388	54.5.14	amau innkuansung ukin a om ding uh
e70389	44.7.13	Faro in zong Josef innkuansung thu na thei hi
e70390	8.2.1	a pasal’ tanaute, Elimelek innkuansung mi
e70391	11.11.14	Edom kumpi innkuansung mi khat ahi hi
e70392	zd:9429	Na innkuante a lungkim hiam
e70393	zd:15748	amau zong innkuante tawh kimu kin nuamta uh
e70394	zd:25136	kei le ka innkuante bek gim hong pia in
e70395	1.45.2	Faro’ innkuante in zong za hi
e70396	9.22.16	na pa’ innkuante na si taktak ding uh hi
e70397	5.15.20	nang leh na innkuante in an ne ding uh
e70398	9.1.21	Elkanah leh a innkuante khempeuh
e70399	19.118.3	Aaron innkuante in ci ta uh hen
e70400	19.135.19	Aaron’ innkuante aw, Topa phat un
e70401	19.122.5	David innkuante’ kumpi tokhom ahi
e70402	ts:3125	ka innlak sanggam khat
e70403	24.32.12	ka innlak sanggampa Hanamel tawh
e70404	3.25.49	a innlak sanggampa in tanh thei ding hi
e70405	3.18.14	tua nu in nangma innlak nu ahi hi
e70406	17.2.15	a innlak pa Abihail’ tanu Esther
e70407	46.3.10	tua khuam phuhsa tungah innlam a zom hi
e70408	38.6.15	Topa’ innlam nasep hong huh ding uh hi
e70409	12.22.6	khutsiamte, innlamte, le leilesuang innlam siamte tungah
e70410	10.5.11	lei-le-suang innlam siamte zong puak hi
e70411	12.12.12	le leilesuang innlam siamte le suangseekte tungah
e70412	26.27.9	Nang hong lem innlam siamte in
e70413	13.14.1	leilesuang innlam a siamte, le khutsiamte zong a puak
e70414	zd:23896	Lammang mite in innlam zuan thei uhhi
e70415	zd:22758	A ngah zahzah tawh innlam ciah pih hi
e70416	zd:16934	Anu apa te innlam atunkikciang
e70417	21.10.15	a innlam zon’na in gim ding uh
e70418	zd:14895	innlamna in akizang Cement apua ahihi
e70419	zd:11431	innlamna khawng leh construction tuamtuam ah nasep ngah uh hi
e70420	zd:24595	innlamna khem peuh Pu La Cin Khup in maakaih hi
e70421	26.11.3	innlamna panin a meet i ngah ding
e70422	14.34.11	khutsiamte leh innlamte tungah pia uh hi
e70423	44.4.11	No innlamte in na nilkhiat uh suangtum
e70424	11.5.18	Solomon’ mi innlamte, Hiram’ mi innlamte leh Gebal mite
e70425	19.127.1	innlamte’ sepna a mawkna ahi hi
e70426	zd:15795	meikatna hangin innlelo nusia in ataikhia tezong
e70427	zd:15820	innlelo tampitak zong meikuang in kangtumkhin hi
e70428	zd:20582	innlelo tampitak asusiathei zahdingin akhauh mahmah ahihi
e70429	25.3.19	innlelo nei loin ka omna
e70430	19.68.6	a tenna ding innlelo guan a
e70431	11.7.6	A mai lamah khuampite a nei innliim om a
e70432	14.29.7	innliim kongkhakte zong khakin meivakte sumit uh a
e70433	11.6.3	Biakinn mai-ah a innliim pen biakinn zaina zahin
e70434	14.3.4	Inn mai-a innliim in inn vai tawh
e70435	26.8.16	biakna taute le innliim kikal sanah
e70436	29.2.17	biakinn sung innliim le biakna tau kikalah
e70437	43.10.23	Solomon’ innliim ah a kawi pai hi
e70438	11.6.3	Biakinn mai-a innlim in inn zaina zahin
e70439	11.7.19	innlim-a om khuampi dawnah
e70440	11.7.21	a khuampite biakinn innlim-ah phut hi
e70441	14.29.7	innlim kongkhakte zong khakin
e70442	11.7.6	a mai lamah khuampite a nei innlim om a
e70443	26.8.16	biaknatau leh innlim kikal san-ah
e70444	11.7.21	biakinn innlimah khuampite a phut hi
e70445	14.29.17	Topa’ innlimah amaute hong pai uh hi
e70446	48.4.30	tapa tawh innluah khawm thei lo ding hi
e70447	48.3.29	thuciamna bangin innluah mi na hi uh hi
e70448	10.14.7	amaute in innluah pa zong susia ding uh hi
e70449	58.12.16	annek khat tawh innluah za a zuak mi
e70450	48.3.18	innluahna in thukham tawh kipawl ahih leh
e70451	48.4.7	Pasian hangin innluahpa zong na hi uh hi
e70452	48.4.1	innluahpa in sum khempeuh a ukpa ahih hangin
e70453	10.14.7	amaute in innluahpa zong susia ding uh hi
e70454	1.25.31	Na innluahza hong pia lecin
e70455	13.5.2	innluahza pen Josef’ aa ahi hi
e70456	1.25.33	Jakob' tungah a innluahza zuak hi
e70457	1.25.32	kei’ adingin innluahza bang-a kimang ahi hiam
e70458	13.5.1	ama innluahza pen Israel’ tapa Josef tungah kipia a
e70459	1.25.34	Esau in a innluahza tua bang ciang bekin ngaihsun hi
e70460	1.27.36	Amah in ka innluahza hong sut hi
e70461	16.3.21	Eliashib’ innmong ciang dong
e70462	zd:14301	damdam in hih innpi pen tuisungah apuksuk ahihi
e70463	zd:15392	Tua kong leh sang innpi aki zom pah ahihi
e70464	zd:25572	Tua pen thong innpi ahi hi
e70465	42.23.45	Biakna innpi dalna puan
e70466	40.23.17	Tua kham a siangthosak biakna innpi
e70467	42.19.45	Zeisu biakna innpi sungah a lut ciangin
e70468	11.7.8	hih innpi tawh a kibang inn khat zong bawl hi
e70469	14.3.5	taaksan tawh a innpi kawm dapin
e70470	14.3.13	khe-in ding-in innpi sung lam nga uh hi
e70471	44.19.9	Tirannas in thugenna-in a neih innpi sungah
e70472	58.10.21	Pasian’ innpi a uk siampi ukpa
e70473	19.45.8	Saiha tawh kibawl innpite panin
e70474	7.16.26	innpite a do khuampite hong lawngsak in
e70475	42.8.20	innpua-ah om uh hi
e70476	ts:479	innsa nih leh thum tawh aai uh a
e70477	zd:18097	innsa gamsa leh a bokvak ganhing khempeuh
e70478	zd:20849	Gamsa, innsa a mat, agawh ciang
e70479	1.1.24	innsa, gamsa, leh a bokvak ganhingte
e70480	1.7.14	innsa khempeuh amau’ nam ciat
e70481	24.22.8	a innsak a innkhangte’ kiangah
e70482	1.7.21	vasate, innsate, gamsate
e70483	1.8.1	a om gamsate leh innsate khempeuh phawk hi
e70484	1.9.10	vasate, innsate, note tawh a om leitung gamsa peuhmah
e70485	19.148.10	Gamsate leh innsate khempeuh
e70486	pk:133	a innsia a losia a puah zawh kei leh
e70487	zd:14301	guahtui tamlua ahih manin innsia losia tampi omkhin
e70488	zd:19002	Innlui innsia tampi om in
e70489	zd:20401	innsia losia kawmlak ah
e70490	26.13.4	innsia lakah a om ngiate tawh
e70491	24.51.37	Babilon khuapi pen innsia losia suak ding a
e70492	11.6.30	inndei sung innsualte amah in kham tawh
e70493	pk:26	Liangzawl tungah innsun kinga hi
e70494	11.6.16	Amah in sual panin innsun dong
e70495	11.7.7	a sual panin a innsun ciang dong
e70496	zd:22159	ka innsunga om khempeuh mu uh hi
e70497	zd:18071	innsunga om van le na te
e70498	zd:24030	i innsunga i ompih innkuanpihte'n hong muh ding
e70499	19.52.8	Pasian’ innsunga a om oliv kung
e70500	12.20.17	na innsunga om khempeuh
e70501	33.6.10	migilote’ innsunga van omte
e70502	44.16.15	a innsunga om mi khempeuh tui kiphum
e70503	44.18.8	Krispas le a innsunga om mi khempeuh in
e70504	44.16.32	amah le a innsunga om mi khempeuh tungah
e70505	42.4.28	kikhopna innsunga om mi khempeuh a heh mahmah uh
e70506	zd:23191	Innsungah aw sang zangsak kei-in
e70507	zd:22473	Innsungah lung nuam taka om ding thupi hi
e70508	zd:23552	Innsungah Pasian liansak pen ni
e70509	40.17.25	Innsungah Peter a lut ciangin
e70510	41.10.10	Innsungah a tumkhit uh ciangin nungzuite in
e70511	42.11.33	Innsungah a lut mi khempeuh in
e70512	41.9.28	Innsungah Jesuh a tumkhit ciangin
e70513	42.8.16	Innsungah a lut uh ciangin mite in
e70514	40.24.26	Innsungah Khrih bu hi
e70515	27.1.3	innsungmang lian pen Ashpenaz thu a pia hi
e70516	27.1.8	Amah in innsungmang lianpen Ashpenaz kiangah
e70517	17.2.3	kumpipa’ innsungmang Hegai’ kep dingin
e70518	17.2.14	kumpipa’ innsungmang Shaashgaz in kem hi
e70519	23.39.7	Babylon kumpipa’ inn sungah innsungmang nasep kisemsak ding hi
e70520	17.6.2	kongcingte sung panin innsungmang Bigthana le Teresh in
e70521	17.1.10	ama na a sem innsungmang sagihte
e70522	24.29.2	kumpi Jehoiakhin le a nu, a kumpi innsungmangte
e70523	24.34.18	Judah gam kumpi uliante, kumpi innsungmangte, siampite
e70524	17.2.21	kongcing ahi kumpipa’ innsungmangte Bigthana le Teresh
e70525	17.6.14	kumpipa’ innsungmangte hong pai a
e70526	17.1.12	Vashti in innsungmangte’ thupuak kumpipa’ sapna a nial hi
e70527	17.4.5	kumpipa innsungmangte lak panin Hathak a kici mipa samin
e70528	17.7.9	kumpipa’ na a sem innsungmangte lakah Harbona in
e70529	17.4.4	Esther’ nasem numeite le a innsungmangte hong pai-in
e70530	11.6.15	inn sual panin inndap innsunte dongin
e70531	14.3.7	a innsunte, a sangkilte, a kawmte
e70532	zd:20703	innte pen hoihtak in kilamlo, kiplo hi
e70533	zd:21259	Nitak teh innte ah mei apai loh hang
e70534	zd:12337	innte gol in asingte zong hoih thei mahmah hi
e70535	23.22.10	kulhpi siate puah nadingin innte na phel hi
e70536	16.7.4	innte a kilam om nai lo hi
e70537	13.15.1	David khuapi sungah innte lam hi
e70538	41.13.2	Hih a lian mahmah innte na mu uh hiam
e70539	41.13.1	bangzah lamdang innte ahi uh hiam
e70540	13.28.11	biakinn innlim, leh a innte, a van manpha koihnate
e70541	zd:10746	Lamdang sa-in innteek pa hong dot leh
e70542	zd:14877	innteek te'n Domestic Worker te ii khasum pen kepsak theilo hi
e70543	42.22.11	a innteek pa kiangah
e70544	42.14.21	innteek pa a heh suak a
e70545	44.17.6	a innteek pa Jason le midang pawlkhat kaikhia-in
e70546	41.14.14	ama tumna innteek pa kiangah
e70547	42.14.12	Tua ciangin Jesuh in a innteek pa kiangah
e70548	42.15.15	innteek pa in vokcing dingin ama lo-ah a sawl
e70549	pk:26	inntual songpi phungah ka pupi a tu phiuphiau hi
e70550	ts:479	Innmaia zaang inntual kici hi
e70551	zd:9451	A lawmpa tawh ka inntual uhah kimawl uh a
e70552	zd:17295	putek khat inntual singlim nuai ah lum
e70553	42.22.55	inntual lai zangah mei cih uh a
e70554	41.14.54	Piter in siampi ukpa’ inntual dongin
e70555	12.20.4	inntual laita panin Isaiah a paikhiat ma-in
e70556	17.5.1	kumpipa’ inntual sung nungah ding-in
e70557	40.26.69	Piter inntualah a tut lai takin
e70558	41.15.16	galkapte in gam ukpa’ inntualah Jesuh paipih uh a
e70559	41.1.33	Tua khuami khempeuh a inntualah hong kikhawm uh hi
e70560	41.14.66	A nuai-a inntualah Peter a om laitakin
e70561	40.26.58	hih thu a tawpna a theih nadingin inntualah lut a
e70562	13.28.6	Ka inn leh ka inntualte a bawl dingpa
e70563	13.23.28	inntualte leh inndeite kemin
e70564	42.12.13	kei hong inntuan nadingin hong gensak in
e70565	zd:25115	ka innvengte uh Muslim vive hi
e70566	zd:22742	innvengte, naseppih te, lawmte tungah
e70567	zd:15234	innvengte tate in nik hoih puanhoih a neih ni
e70568	24.29.23	a innvengte’ zite mawhpih uh a
e70569	24.9.5	Mi khempeuh in a innvengte uh khem ciat uh
e70570	24.19.9	a innvengte’ sa a ne ding uh hi
e70571	24.9.8	a innvengte’ kiangah a awzol uh hangin
e70572	2.12.4	amau’ innzom a vengte tawh
e70573	5.14.19	Kha a nei insek ganhing khempeuh
e70574	5.14.20	Kha a nei insek ganhing a siangte khempeuh
e70575	zd:20747	plastic ip sungah koih ding hi
e70576	zd:22550	Mawtaw tung ah phosphate vui ip tampi pua hi
e70577	zd:25272	Tutungin Tuitum tawh kigawmin ip 176 kihawm hi
e70578	5.25.13	Na ip sung uhah tawisuang nam nih
e70579	12.12.10	sumte amaute in simin ip tawh tun uh hi
e70580	9.17.40	a ip sungah tuate koih hi
e70581	40.10.9	sum peuhmah na ip sung uhah keng kei un
e70582	42.12.33	A lui thei lo dangka-ip na bawl un
e70583	43.12.6	dangka-ip tawi ahih ciangin
e70584	6.9.4	a paatsa ip leh a paatsa leenggahzu um
e70585	41.6.8	An ahi a, ip ahi a, sum ahi zongin
e70586	zd:19859	ip theih dan kisin leng
e70587	zd:14586	Na awnghawh a suak nak leh ip kei in
e70588	20.10.19	pau ip theite mipil hi
e70589	19.78.50	Amah in, a sin sona ip lo a
e70590	23.64.12	hih nate ah nangmah ki-ip cip ding na hi hiam
e70591	19.78.38	Amah in a hehna ip zelzel a
e70592	17.5.10	Haman ki-ip tentanin inn-ah a ciah hi
e70593	20.29.11	mipilpa ahih leh ki-ip-in a hehna dam sak hi
e70594	18.4.2	Kua in a kam ip zo nawn ding
e70595	20.21.23	Kampau a ki-ip zote, lungkhamna tawh kipelh hi
e70596	20.13.3	Pau a ki-ip zo mi in
e70597	20.25.2	Pasian in thu a ip manin minthang a
e70598	20.26.26	Ama hoih lohna a ip nop hangin
e70599	43.1.20	na ipbawl loin a siangtakin na genkhia
e70600	46.2.7	Pasian in a ipcip Pasian’ pilna thusim
e70601	46.4.5	a lungsim sung uhah a ipcip uh thute
e70602	23.64.12	nangmah ki-ipcip niloh ding na hi hiam
e70603	27.12.9	selcipin ipcip ding ahi hi
e70604	46.14.25	a ipcipte uh kipholak ding a
e70605	zd:21258	phungzi-te nangawn in zong iplah mahmah uh hi
e70606	zd:24289	mitampi in iplah in zatnuam kisa hi
e70607	20.5.20	numei dangte’ ngaihban’na iplah ding na hi hiam
e70608	6.7.21	tuate ka iplah a, ka la hi
e70609	20.6.25	Amau’ meel hoihna iplah kha kei in
e70610	zd:15681	A pil asiamna ki iplah ahih manin
e70611	23.30.14	iplah loin a kidengkham beel
e70612	6.6.18	nate khat peuhpeuh iplahin la kha-in
e70613	6.7.21	tuate iplahin ka lakha hi
e70614	20.6.25	Amau’ melhoihna iplahkha kei inla
e70615	24.20.9	ka ki-ip ipna-in ka gim lua a
e70616	zd:24142	ippi tawh alu hong pua ciat un
e70617	zd:16790	Tualo a dangte ippi khat 200ks
e70618	zd:22159	A puante balkek-in ippi puan silh-a
e70619	24.4.8	ahih manin ippi puan silh un la
e70620	32.3.6	ippi puan silhin vut lakah a tu hi
e70621	24.48.37	a kawng uhah ippi puan a teeng uh hi
e70622	32.3.5	a neupen dongin ippi puan a silh uh hi
e70623	3.11.32	sing nazat, puan, savun ippi
e70624	zd:22178	ipsung ah guangin puakhia uhhi
e70625	zd:15764	ipsung khatah apuaklian laitak in kiman hi
e70626	5.25.13	Na ipsung uhah tawisuang nam nih
e70627	1.42.25	Amau' ipte antang tawh dipsakin
e70628	23.3.22	puanza neute, puanpite leh khutkhai ipte
e70629	20.10.19	pau iptheite mipil hi
e70630	20.12.16	mipilte in a hehna uh ipzo hi
e70631	20.13.3	Pau a ki-ipzo mi in a nuntakna a hu hi
e70632	1.45.1	Josef ki-ipzo nawn lo a
e70633	18.4.2	Kua in a kam ipzo nawn ding ahi hiam
e70634	24.15.6	Ka hehna ka ki-ipzo nawn kei hi
e70635	24.15.6	ka ki-ipzo nawn kei hi
e70636	18.32.18	ka kam ka ki-ipzo nawn het kei hi
e70637	10.20.26	Jair mi Ira in zong
e70638	13.7.7	Uzziel, Jerimoth, leh Iri, nga pha uh a
e70639	zd:20841	pumpi sungah iron dat ngah nading
e70640	zd:22499	iron dat tam a kihel
e70641	zd:19875	iron leh antioxidants tampi kihel hi
e70642	6.19.38	Iron, Migdalel, Horem
e70643	13.4.3	Jezre-el, Ishma, leh Idbash ahi hi
e70644	42.3.34	Jakob in Issak’ ta hi
e70645	52.5.13	amaute nakpitakin itbawlin zahtak un
e70646	43.13.23	a itdiak a nungzuite khat
e70647	13.11.31	Gibeah khuami Ribai’ tapa Ithai
e70648	13.11.46	Jeribai leh Joshaviah, leh Moab mi Ithmah
e70649	10.17.25	Ishmael mi ahi Ithra min nei mi khat’ tapa
e70650	10.23.38	Ithri mi Ira, Ithri mi Gareb
e70651	pk:117	a thupi, a ithuai mahmah khat ahi hi
e70652	zd:19943	a ithuai mahmah tanu khat zong a nei hi
e70653	zd:25169	Tua pen na mel a ithuai man maw
e70654	zd:20723	Mikhat in ithuai tak in hong nuihmai hangin
e70655	66.20.9	a ithuai khuapi a uum uh ciangin
e70656	zd:23893	miten in itin zahtak uh hi
e70657	zd:20979	aminam itin kihuh kideihsak uh hi
e70658	zd:24320	Khrih in pawlpi itin a pumpi a piak mah bangin
e70659	20.5.15	amah bek itin nei in
e70660	5.10.18	mi peemte itin an leh puan a pia hi
e70661	5.4.37	Amah in na pate uh itin
e70662	5.21.15	khat itin a khat mudah a
e70663	1.34.3	amah in tua numei itin
e70664	47.2.8	Amah na itkik ding uh
e70665	22.2.10	hong zui in, itluat aw
e70666	22.4.1	itluat aw, na ngaihbaang a
e70667	22.2.10	ngaihno aw, hong zui in, itluat aw
e70668	22.2.17	itluat aw, hong paikik in
e70669	38.8.2	hih banga ka itluatna in
e70670	38.8.2	Jerusalem mite ka itluatna hangin
e70671	19.33.18	a itnakip sungah lametna a neite
e70672	10.13.15	amah a itnasa sangin lianzaw hi
e70673	14.6.42	Na nasempa David na itnasa hong phawk in
e70674	45.2.4	lungduaina leh itnate don lo na hi hiam
e70675	45.12.9	Na ki-itnate uh lungsim takpi tawh hi sak unla
e70676	19.41.9	Ka muan’, ka lawm itpa, keima an a nepa
e70677	19.47.4	Ama itpa Jakob’ angtan’pih ahi
e70678	23.5.1	Ka lawm itpa’ tangin
e70679	43.11.3	na itpa cina-in a om hi
e70680	zd:24275	minam itpa ahihlam thei-in thupisa mahmah-ing
e70681	zd:17060	a minam a itpa ahih baanah
e70682	zd:24686	kalsuan khiatna-tawh minam itpa na' hihi
e70683	45.8.37	Ei hong itpa hangin
e70684	20.7.4	na lawm itpen dingin nei in
e70685	22.6.9	a nu’ ta itpen khat ahi hi
e70686	zd:25489	i itte adingin oxygen zongin i tai ngeingai hi
e70687	zd:9439	I itte phattuam nadinga nuntak
e70688	61.3.1	Ka itte aw, hih nih veina lai
e70689	62.4.7	Ka itte aw, eite khat leh khat ki-it ni
e70690	58.6.9	Ka itte aw, tua bang ka cih hangin
e70691	19.83.3	na itte lang pangin thu kikum uh hi
e70692	26.16.37	na itte hita leh, na mudahte hita leh
e70693	50.4.1	Topa sungah kipin om un, ka itte aw
e70694	46.10.14	Ka itte aw, milim biakna na taisan un
e70695	61.3.14	ka itte aw, note in hih nate lamenin
e70696	46.10.14	Tua ahih ciangin ka itte aw
e70697	zd:16327	Ong itte mah in ong lainat a
e70698	zd:22140	Pasian a itte in minam zong a it ding hi
e70699	zd:24677	gam le lei itte mun hong pia ta un
e70700	20.8.17	Kei hong itte ka it a
e70701	19.145.20	Topa in amah a itte khempeuh kem a
e70702	10.19.6	nang hong itte na mudah hi
e70703	44.10.24	le a lawm itteng a inn-ah
e70704	60.1.22	lungsim tak tawh itthei khinta
e70705	zd:23037	Hih na lawm teng sangin kei nong itzaw hiam
e70706	zd:15941	Rebecca in Jacob itzaw in Isaac in Esau it hi
e70707	zd:9425	minamdang peuh itzaw mawk uh hi
e70708	43.21.15	nang hong itzaw na hi hiam
e70709	19.87.2	Zion kulh kongpi itzaw hi
e70710	1.25.28	Rebekah in Jakob itzaw hi
e70711	14.11.21	Absalom’ tanu Ma-akah itzaw hi
e70712	26.16.32	A pasal itzaw loin
e70713	1.37.4	amah a itzawkna a sanggamte in
e70714	40.10.37	a tanu a itzawte kei tawh kilawm lo hi
e70715	40.10.37	Kei sangin a nu a pa a itzawte
e70716	11.8.51	amaute pen Izip panin na paikhiatpih
e70717	13.27.8	Izrah-te beh Shamhuth ahi hi
e70718	16.7.58	Ja-ala’ suante, Darkon’ suante, Giddel’ suante
e70719	15.2.56	Ja-alah suante, Darkon suante, Giddel suante
e70720	10.21.19	Bethelem mi Ja-areoregim’ tapa Elhanan in
e70721	13.27.21	Benjamin adingin Abner’ tapa Ja-asiel ahi hi
e70722	12.25.23	leh Ma-akath mi Ja-azaniah ahi uh hi
e70723	13.24.26	Mahli, Mushi, leh Ja-aziah ahi hi
e70724	6.10.13	Hih in Ja-shar’ Laibu sungah kigelh
e70725	16.7.58	Jaala suante, Darkon suante, Giddel suante
e70726	19.132.6	Jaar gam sungah ka mu uh hi
e70727	9.31.13	Jabesh khua sunga makeng kung nuai-ah
e70728	12.15.10	Jabesh’ tapa Shallum in amah sawmsim a
e70729	6.19.33	leh Jabne-el panin Lakkum ciang dong pai hi
e70730	1.46.14	Sered, Elon leh Jahle-el
e70731	1.46.24	Jahze-el, Guni, Jezer, leh Shillem
e70732	2.28.19	a gual thumna in jakinth suang
e70733	66.21.20	a sawm-le-khatna in jakinth suangmanpha
e70734	2.28.19	A gual thumna-ah jakinth suang
e70735	2.39.12	Jakinth suang, agate suang leh amethist suang
e70736	13.4.17	Jether, Mered, Efer, leh Jalon ahi uh hi
e70737	66.21.18	khuapi kulh pen jasper suangmanpha tawh kibawl hi
e70738	2.28.20	onik suang leh jasper suang hi ding hi
e70739	66.21.11	kristal bangin jasper suangmanpha bangin a om hi
e70740	66.21.19	masa bel nuaiphah in jasper suangmanpha
e70741	66.21.11	Jasper suangmanpha bangin taang a
e70742	66.4.3	a tupa pen Jasper le Karnelian suangmanpha bangin taang
e70743	26.28.13	leh Jasper, Khisolait, Beril, leh Onik
e70744	6.15.10	tua panin paisuakin Jearim Mual
e70745	12.14.23	Jehosh’ tapa Jeroboam in Samaria ah
e70746	16.11.25	Jekabze-el leh a khuaneute
e70747	28.2.21	keima mi Jezre-elte’ thungetna ka pia ding a
e70748	13.11.45	Tiz khuami a sanggampa Joha
e70749	12.14.7	a min ahi Jokthe-el a phuak hi
e70750	3.25.13	Hih jubilee kum sungin note khempeuh in
e70751	3.25.40	jubilee kum mateng nangma na hong sem ding a
e70752	3.27.21	jubilee huna piak khiat ciangin
e70753	4.36.4	Israel mite’ Jubilee hong tun ciangin
e70754	3.25.28	Jubilee kum ciangin tua leitang kipiakhia ding a
e70755	3.27.24	Jubilee kum ciangin a lo pen
e70756	3.25.40	Amah in jubili kum mateng nang tawh
e70757	3.25.12	tua in jubili ahi hi
e70758	3.25.31	jubili ciangin tuate kipiakhia ding hi
e70759	3.25.10	note adingin jubili hi ding hi
e70760	3.25.13	Hih Jubili kum sungin note khempeuh in
e70761	3.27.24	Jubili kum ciangin a lo pen
e70762	3.25.15	Jubili khit ciangin a kum pha zah tawh kituakin
e70763	65.1.1	Jeim’ sanggampa keimah Juda in
e70764	45.16.15	Filologas, Julia, Nereas leh a sanggamnu
e70765	18.32.20	Ka thuak zo nawn kei a
e70766	58.1.13	na khe nuai-ah Ka koih matengin
e70767	58.1.13	Ka ziat lamah na tu in
e70768	44.2.35	Ka taklam ah tu in
e70769	62.5.21	Ka ta neute aw, milimte na tang un
e70770	zd:25227	Meei hong kaai in, van hong ging a
e70771	zd:24079	guah zu-in meivom a kaai laitakin
e70772	zd:23767	Mei kaai leh vanlenghawlte-in atual limtak mu theih lo uh
e70773	40.17.5	meiingo hong kaai vatin amaute hong khuh a
e70774	28.13.3	amaute pen zingsang a kaai meiilum
e70775	10.23.4	meii kaai loh ni zingsang-a nitaang khia
e70776	19.105.39	a liah dingin meiipi kaaisak a
e70777	1.2.6	leitung panin meiilum kaaito-in
e70778	zd:21989	Na kaam in hongkhak hilo in
e70779	zd:21876	kaam hangmaw a hihkeileh
e70780	1.30.11	Kaam pha
e70781	19.71.18	teek-a ka sam a kaan’ hun
e70782	pk:48	Tua sakol pen, a kaang ahi hi
e70783	pk:65	Tua kumpipa ii sakol pen, a kaang hi
e70784	zd:14804	puan kaang mawkmawk bek kizang thei a
e70785	66.19.14	sakol kaang tungah tuangin
e70786	23.1.18	tuumul bangin hong kaang ding hi
e70787	9.12.2	keimah teekin ka sam kaang ta hi
e70788	12.5.27	vuk bangin kaangin a phakin paikhia hi
e70789	1.30.37	a ciangkang kaangte kidawksak hi
e70790	4.23.24	humpinelkai bangin kaangto hi
e70791	1.19.24	kaat leh meikuang zusak hi
e70792	23.34.9	leitang pen kaat suak ding hi
e70793	19.11.6	migilote tungah mei-am le kaat zusak ding a
e70794	42.17.29	van panin kaat leh meikuang hong kiasuk a
e70795	26.38.22	meikuang leh kaat kuang, ka zusak ding hi
e70796	5.29.23	a gambup in kaat leh ci
e70797	23.30.33	Topa in kaat kuang hu sang khia ding a
e70798	2.39.10	leh kabankel suang gual khat
e70799	26.38.12	a kituahna lam kabom san-a teeng mite
e70800	24.6.16	Lam kabomah ding unla khuadak un
e70801	10.23.20	Kabze-el khuami Benaiah in gal a hang
e70802	pk:77	lei laitak, kah laitak
e70803	zd:21925	kah hun om-a, nuih hun om hi
e70804	zd:26643	Tutung pen kah cih takin ka kap hi
e70805	19.78.64	amau zite in kah zo lo uh hi
e70806	1.43.30	a kah nading mun zong hi
e70807	5.34.8	Moses hangin a kah khit uh ciangin
e70808	24.48.17	Moab gam kah un
e70809	24.15.5	kua in nang hong kah ding hiam
e70810	26.27.2	tamlawhna kah la khat sa in
e70811	10.3.33	Abner hangin kumpipa in kah la-in
e70812	24.9.20	na inn vengte ciat uh kah la hilh un
e70813	21.3.4	Kah hun om a, nuih hun om hi
e70814	14.35.25	Kah La sungah tuate kikhum hi
e70815	38.9.6	Ashdod khuapi-ah kahbia mite teeng ding a
e70816	24.9.20	na tanute uh kahdan hilh un la
e70817	ts:3369	singkung peuhah kahin la asa zel hi
e70818	35.2.1	Ka khuadakna tausang tungah kahin
e70819	43.10.1	a mun dang panin kahin a lut mite
e70820	43.21.11	Simon Peter zong gunkuang tungah va kahin
e70821	41.4.36	Jesuh a na tuannasa gunkuang tungah kahin
e70822	12.9.16	a leeng tungah kahin Jezre-el ah pai hi
e70823	14.21.4	A pa’ kumpi tokhom ah Jehoram kahin a kip ciangin
e70824	42.23.27	Jesuh kahin a tamlawh numei pawlkhat
e70825	25.2.11	Ka kahkahna-in ka mit paatgawp ta a
e70826	19.6.6	kahkahna-in ka lupna kawt dikdek hi
e70827	18.16.16	Ka kahkahna-in ka mai khempeuh san gawp a
e70828	43.20.11	a kahkawmin hankhuk sung lamah
e70829	44.9.39	a kahkawmun Peter kiangah a lak uh hi
e70830	24.48.44	Dum sung panin a hong kahkhiato mite
e70831	zd:23641	leh Israel te' kahla
e70832	10.1.18	hih kahla a kihilh nading thu pia hi
e70833	10.1.17	hih kahla tawh David kap a
e70834	zd:15103	kahlei ah khetawh kahciatciat sangin Escalator tepen tawldam mahmah hi
e70835	zd:24234	kahlei hoihtak kibawl a, Step 800 val pha hi
e70836	zd:23386	Tua innte gel kikal ah kahlei khat kidawhto hi
e70837	16.9.4	Levi mite’ kahlei tungah
e70838	44.21.40	Paul in kahlei tungah ding-in
e70839	12.9.13	ama din’ nadingin kahlei tungah koih uh a
e70840	2.20.26	ka biakna tau tung kahtoh nading kahlei
e70841	11.6.8	a dawl laita-ah kahlei zui-in kipai-in
e70842	1.28.12	leitungah kahlei khat kiphutin
e70843	26.41.7	inndei neute sungah kahlei om to a
e70844	zd:24117	Topa aw, ka kahna aw hong za in
e70845	zd:19915	A beisa dahna, kahna leh khasiatna te nusiat ding
e70846	zd:11477	kahna khitui luanna in amawkna hi
e70847	19.6.8	Topa in ka kahna aw a za zo hi
e70848	23.65.19	tua khua sungah kahna aw
e70849	5.34.8	Moses hangin kahna leh thuumna veng hi
e70850	18.30.31	thuumna leh kahna aw bek ka za
e70851	24.48.4	a kahna aw uh Zoar khua dongin kiza hi
e70852	9.5.12	khuapi sunga kahna in vantung dongah kiza to hi
e70853	30.5.17	leenggui lo khempeuh ah kahna aw ging ding hi
e70854	2.11.6	kahna lianpi Izipt leitang tung khempeuhah om ding hi
e70855	4.11.10	a puanbuk kongah a kahna uh Moses in za hi
e70856	24.31.13	kahnate lungdamna ka suaksak ding a
e70857	42.5.19	innkhum zangah kahpihto-in innkhum hong let uh a
e70858	24.9.17	a kahsiam tata vaikhak un
e70859	43.1.51	Mihing Tapa tungah kahsuk kahto a
e70860	24.16.7	Misi kahte hehnem dingin
e70861	zd:21301	thuap thumna ah kahtoh ding hiding hi
e70862	zd:15474	sangnaupang teng hong kahtoh ciang
e70863	zd:18086	Kawlzang pan in khamtung lam a kahtoh pen
e70864	42.8.27	Zeisu lei tungah a kahtoh ciangin
e70865	66.20.9	zanglei tungah a kahtoh khit uh ciangin
e70866	44.8.39	Tui sung pan a kahtoh khit ciangin
e70867	40.14.32	Gunkuang tungah a kahtoh ciangin
e70868	30.9.2	vantungah a kahtoh uh hangin zong
e70869	23.22.1	note khempeuh, innkhum zangah na kahtoh uh
e70870	49.4.8	A sang munah amah a kahtoh ciangin
e70871	24.51.53	Babilon khua vantung-ah a kahtoh theih a
e70872	44.2.34	David pen vantungah a kahtoh loh hangin
e70873	44.3.1	biakna innpi-ah a kahtoh lai takun
e70874	ts:12506	Bamaw hong kahtohna lampi ah
e70875	zd:25433	Atung kahtohna kahlei ah
e70876	zd:14954	Innsangdawn kahtohna Lift pen inndawl 25 leh 26 kikal ah
e70877	7.1.36	Amor mite’ gamgi in Akrabbim kahtohna
e70878	10.15.30	Oliv Mual tung kahtohna-ah David paito-in
e70879	16.12.37	kulh kahtohna David khuapi kahlei ah paito-in
e70880	24.48.5	Luhith mual kahtohna lampi-ah
e70881	6.18.17	Adummim kahtohna galkhat, Geliloth-ah pai hi
e70882	12.9.27	Gur kahtohna san a leeng sungah amah kap uh hi
e70883	14.20.16	Ziz kahtohna lampi tawnin amaute hong kuanto ding uh hi
e70884	6.15.3	leitaw lam Akrabbim kahtohna-ah paikhia-in
e70885	42.4.9	a sangpenna munah a kahtohpih khit ciangin
e70886	40.4.5	a sangpen munah a kahtohpih khit ciangin
e70887	44.9.25	khuakulh tungah kahtohpihin kulh pualamah
e70888	21.3.21	Mihingte’ kha van-ah kahtoin
e70889	43.6.62	ama omna ngeiah a kahtokik
e70890	11.20.33	ama kiangah Benhadad kahtosak hi
e70891	24.48.32	nang a dingin ka nak kahzaw hi
e70892	18.27.15	misite kahzo nawn lo ding uh hi
e70893	pk:9	Daitui a kai hi
e70894	zd:17955	I khua ul kai in
e70895	26.10.4	biakinn sungah meiipi hong kai a
e70896	42.12.54	ni tumna lamah meii kai khat na muh uh ciangin
e70897	26.1.28	meii lakah sakhituihup kai-in
e70898	26.10.3	biakinntual sungnung teng dimin meiipi kai hi
e70899	29.2.2	Mual tungah meiipi a kai bangin
e70900	36.1.15	meiipi kai-in huihpi nun’ ni
e70901	42.9.34	thu a gen laitakin meii hong kai a
e70902	41.9.7	Meii hong kai-in a liim in amaute hong liah a
e70903	27.4.15	Hi mipa tungah daitui kai hen
e70904	18.37.17	na puan sungah khua-ul kai-in na om hi
e70905	43.18.24	siampi ukpa Kai-afas kiangah
e70906	40.9.16	a lui kaigawmin a vang a gol semsem
e70907	42.12.58	zuma thukhente mai-ah hong kaigawpin
e70908	3.10.13	nang leh na tapate’ kaih ding ahih manin
e70909	4.18.8	na suan na khakte’ kaih ahi tawntung dingin
e70910	3.24.9	a siangtho pen ama kaih ahih manin
e70911	3.10.15	a tawntungin na kaih ding uh ahi hi
e70912	4.18.11	nang leh na tapate leh na tanute kaih tawntung dingin
e70913	5.18.1	a kaih ngeite uh ne ding uh hi
e70914	5.18.3	siampite’ kaih hi ding hi
e70915	3.10.14	nang leh na tapate’ kaih dinga hong kipia ahi hi
e70916	2.29.28	Israel mite’ tung panin a kaih tawntung ding uh
e70917	zd:14565	a bil-a kaih tawh kibang ding hi
e70918	38.6.6	Sakol vomte in a kaih leeng pen
e70919	20.24.11	sih nading mun a zuan mipa leh kaih in
e70920	43.6.44	Kei hong sawl Pa in a kaih loh mite
e70921	6.8.6	khuapi panin amaute ka kaih khiat khit uh matengin
e70922	23.5.18	ganhing kaih bangin khauzen tawh
e70923	58.8.9	ka khut tawh ka kaih lai a
e70924	24.31.32	a khut uh tawh ka kaih khiat huna
e70925	zd:23670	A Piangsakpa' kiangpanin kaihkhiat sawmin
e70926	zd:15467	Tua kaihkhiat athuakpa pen Asian gammi khat
e70927	24.38.11	tuikhuk sung pan Jeremiah khau tawh a kaihkhiat nading uh
e70928	27.6.23	khuk sung pan Daniel kaihkhiat dingin thu a pia hi
e70929	44.21.30	innpi sung pan a kaihkhiat khit uh ciangin
e70930	30.4.2	sikkawi tawh note hong kaihkhiat hun ding
e70931	30.4.3	ganhing sisa kaihkhiat bangin
e70932	24.31.32	a khut uh tawh ka kaihkhiat huna
e70933	44.17.5	amaute mite mai-ah kaihkhiat nading a zong uh hi
e70934	24.38.11	khau tawh kei hong kaihkhiatna ding uh
e70935	5.25.9	a khe panin a khedap kaihkhiatsakin
e70936	9.2.14	Sikkeuka in a kaihkhiattoh khempeuh
e70937	pk:127	ih ngahte ih kaihkhop khit ciangin
e70938	zd:23138	Van a kisap leh a kaihkhop kul a
e70939	zd:24073	Sum kaihkhop zia ding pen
e70940	zd:19159	Mipil dangte-in a zonsa uh thute i kaihkhop khit ciangin
e70941	33.4.6	ka kaihkhop kik hun hong tung ding hi
e70942	26.20.41	note kong kaihkhop khit ciangin
e70943	13.22.2	Israel gam sunga om gamdang mite a kaihkhop nadingun
e70944	10.2.30	Amah in mi khempeuh a kaihkhop khit ciangin
e70945	26.38.15	minam tampite kiang panin na kaihkhop a thahat galkap hon
e70946	9.11.8	Bezek-ah amaute a kaihkhop ciangin
e70947	33.2.12	gankhawk sunga tuuhon kaihkhop bangin
e70948	26.20.34	note kong thehthangna panin kong kaihkhopkik ciangin
e70949	2.23.16	kum bei ciangin kaihkhopna pawi na bawl ding uh hi
e70950	7.8.2	Efraim leenggah sang kaihkhopna in
e70951	40.12.30	kei hong kaihkhoppih lo peuhmah
e70952	42.11.23	tuute hong kaihkhoppih lo peuhmah
e70953	1.12.5	amau’ kaihkhopsa neihsa khempeuh
e70954	18.39.12	Lo-a na an piangte hong kaihkhopsakin
e70955	23.57.13	na milim kaihkhopte kihonsak in
e70956	51.1.20	ama kiangah a kaihkik ding
e70957	9.14.14	lo kaihna kuak dung
e70958	26.2.6	Amaute in nang ling hong kaihnelh ding a
e70959	28.2.6	ling ka kaihnelh ding a
e70960	20.26.17	a bil-a kaihsak tawh kibang hi
e70961	20.16.7	galte nangawn lawma kaihzawhna ahi hi
e70962	59.4.14	Meiilum tawlkhat sung kaii-in a mangthang pak
e70963	zd:25947	nungzui sawm le nihte kaikhawm a
e70964	zd:11262	athahat semsem nading in galkap bekbek kaikhawm hi
e70965	19.147.2	amah in a kinilkhia Israelte kaikhawm hi
e70966	33.4.6	gimna ka thuaksak mite ka kaikhawm ding hi
e70967	24.23.3	ka hawl khiatna gamte panin ka kaikhawm kik ding a
e70968	20.6.8	tuk sungin kaikhawm khol uh hi
e70969	2.23.10	khai tuhin a piangte na kaikhawm ding uh hi
e70970	2.4.29	Israel mite’ upate khempeuh kaikhawm uh hi
e70971	27.11.10	galkap ding mi tampi a kaikhawm ding uh hi
e70972	10.3.21	kumpipa kiangah Israelte khempeuh ka kaikhawm ding hi
e70973	23.11.12	Judah mi a kikhenthangte kaikhawm ding hi
e70974	14.34.29	Judah leh Jerusalem upa khempeuh kaikhawm hi
e70975	12.11.19	tua gammi khempeuh kaikhawm hi
e70976	zd:9243	La ngaih tampi kaikhawmin khenkhia hi
e70977	zd:23385	mihau khatin naupangte kaikhawmin an vakna khat va nei hi
e70978	zd:18171	tangthu le paunakte kaikhawmin laibu bawl ding
e70979	4.21.16	Mite kaikhawmin, amaute tui ka pia ding hi
e70980	28.8.10	keimah in amaute kaikhawmin daan ka pia ding hi
e70981	23.17.5	ankung a ding laite kaikhawmin
e70982	6.24.1	Joshua in Israel minam khempeuh Shekhem-ah kaikhawmin
e70983	2.3.16	Pai in la, Israel upate kaikhawmin
e70984	36.3.8	Minamte leh kumpi gamte kaikhawmin
e70985	1.29.22	mi khempeuh kaikhawmin pawi khat bawl hi
e70986	4.11.24	mite a makai mi sawmsagih kaikhawmin
e70987	4.20.10	suangpi mai-ah mihonte kaikhawmin
e70988	10.12.29	David in mi khempeuh kaikhawmin Rabbah-ah pai a
e70989	26.29.13	Egypt mite ka kaikhawmkik ding a
e70990	24.23.3	gamte panin ka kaikhawmkik ding a
e70991	19.106.47	lak panin kote hong kaikhawmkik in
e70992	2.16.18	a tam a kaikhawmpa aa dim val lo a
e70993	2.16.18	tawm a kaikhawmpa’ aa dim lah lo hi
e70994	40.24.31	a teelsa mite a kaikhawmsak ding hi
e70995	41.13.27	a teel mite khempeuh a kaikhawmsak ding hi
e70996	23.62.9	a kaikhawmte in keima biakinn huang sungah
e70997	2.16.18	a tam a kaikhawmte-a’ dimval lo a
e70998	2.16.18	a tawm a kaikhawmte-a’ dimlah tuan lo hi
e70999	16.10.37	sehsawm suah sehkhat a kaikhawmte in Levi mite
e71000	2.2.10	Tui sung panin amah ka kaikhia hi
e71001	zd:23394	A thupi zawdeuh teng kaikhia in kigelh hi
e71002	65.1.23	Mi kimkhat mei sung pan kaikhia-in na gum un
e71003	26.29.4	Nail gun sung panin nang kong kaikhia ding hi
e71004	10.22.17	tui thukpi panin kei hong kaikhia hi
e71005	44.21.30	Paul man uh a, biakinn pualamah kaikhia-in
e71006	44.8.3	pasal leh numeite kaikhia a
e71007	44.14.19	khua nawlah a kaikhia uh hi
e71008	24.12.3	gawh dinga kikoih tuu bangin kaikhia in la
e71009	44.17.6	Jason le midang pawlkhat kaikhia-in uliante kiangah paipih uh a
e71010	66.12.4	vantung aksi sehthum suah sehkhat kaikhia a
e71011	24.38.13	khau tawh kei a hong kaikhiato uh hi
e71012	27.6.23	Tua ahih ciangin Daniel kaikhiato uh a
e71013	40.12.11	tua tuu va lenin kaikhiato ding
e71014	44.27.13	teembaw khihna sikkawipi kaikhiato uh a
e71015	10.2.30	mi khempeuh a kaikhop khit ciangin
e71016	48.4.9	kihei kikin sila kaikik nuam
e71017	41.11.3	hih lai mahah kong kaikikpah ding uh hi
e71018	zd:24276	Hih gamtatna in na khua- ul hong kaisak ding hi
e71019	19.105.39	amah in meiipi kaisak a
e71020	1.9.14	Leitung’ tungah meii kong kaisak ciangin
e71021	1.9.13	Meii sungah ka sakhituihup ka kaisak a
e71022	zd:20652	lokhawhna leng sakol kaisak in
e71023	28.10.11	Lo khawhna leeng, Judah ka kaisak a
e71024	28.10.11	lei kalhkhapna singka, Israel ka kaisak hi
e71025	18.39.10	na lokhawhna leng kaisak zo ding na hi hiam
e71026	26.32.3	tui gei-ah kong kaisak ding hi
e71027	17.6.9	na ulian penpa kaisak in la
e71028	19.135.7	leimong panin meiipi kaisakin
e71029	38.10.1	Meii kaisakin, guah zusak a
e71030	18.39.10	na lokhawhna leeng kaisakzo ding na hi hiam
e71031	42.20.22	Kaisar kumpipa kiangah siah piak tuak
e71032	2.26.12	biakbuk nungah kaisuk ding hi
e71033	2.26.13	hua lam pangte-ah kaisuk ding hi
e71034	22.1.10	Na biang tuakah a kaisuk na samphekte
e71035	19.133.2	Aaron’ khamul kaisuk zui-a a taaksuk
e71036	9.21.13	a khamul tungah a cilphuan kaisuksak hi
e71037	22.1.10	na samphek kaisukte ngaih baang a
e71038	18.7.9	Meiilum kaite bei-in a man’than’ bangin
e71039	zd:12319	atanu pen akhau tawh kaito kikin
e71040	zd:22643	a bah mite kaito in
e71041	zd:17930	abombi Zip kaito a
e71042	44.11.10	tua khempeuh vantungah a kaito kik hi
e71043	44.3.7	a taklam khutin lenin kaito a
e71044	43.21.11	a dim ngen lei ah a kaito hi
e71045	19.30.1	kei nong kaito khin a
e71046	19.94.18	na itna kip in kei hong kaito hi
e71047	44.10.26	Peter in amah kaito a
e71048	19.69.29	Pasian aw, kei hong kaito-in hong honkhia ta in
e71049	23.14.27	kua in kaiton kik zo ding ahi hiam
e71050	43.21.6	a ngen uh a kaizo kei uh hi
e71051	47.10.12	Amaute khatlekhat ki-en kakin thupi kisa mahmah
e71052	zd:23886	Tua in na kal kisiasak thei hi
e71053	3.3.4	a kawng-a om a kal nihte
e71054	3.8.16	a sintuamte leh a kal nihte a thau tawh
e71055	2.29.13	a sin tunga autok leh a kal nihte
e71056	zd:21703	Adventus hun sung pen nipi kal 4 sawt hi
e71057	zd:11908	kal khat khat vei off
e71058	26.44.26	nipi kal khat khit ciang bekin
e71059	5.16.9	Nipi kal sagih na simto ding uh hi
e71060	3.12.5	nipi kal nih sung a nin hi ding hi
e71061	5.16.10	nipi kal pawi na bawl ding uh hi
e71062	zd:26945	lampi maan totsak nading kal masa ahi hi
e71063	12.20.10	liim kal sawm nungkik sak zaw in
e71064	10.6.13	a puate kal guk a suan khit ciangin
e71065	12.20.11	a liim kal sawm lehkaih hi
e71066	5.23.21	hong kal teekteek ding a
e71067	12.18.14	ngun talen zathum leh kham talen sawmthum kal hi
e71068	16.5.12	bangmah ka kal nawn kei ding uh hi
e71069	46.1.22	Jew mite in nalamdang kal uh a
e71070	1.43.9	kei’ khut sung panin amah nong kal ding hi
e71071	5.10.13	no tung panin bang dang hong kal ahi hiam
e71072	16.5.18	an leh tui ka kal kei hi
e71073	pk:27	kala-oh in sehnel tembaw ahi hi
e71074	41.1.6	Johan in kala-oh mul kigan puan silh a
e71075	zd:26708	lam kalah haksatna om lo in
e71076	ts:9672	A ciahna lam kalah ZRA-EC te tawh kituak in
e71077	4.21.4	lam kalah mite lungkia uh hi
e71078	44.23.15	hong tun’ ma-in lam kalah that dingin
e71079	5.1.19	mualtung gam zuatna lam kalah
e71080	11.18.7	Obadiah lam kalah a om lai takin
e71081	1.10.12	Nineveh leh Kalah kikal-a om Resen khuapite
e71082	zd:25937	kalai ken bang semthei peuhmah ding
e71083	zd:16442	kalai, mawk aw mete
e71084	29.1.15	kalai! A hun hong nai ta
e71085	10.14.5	Kalai, meigong numei khat ka hi hi
e71086	29.1.15	Kalai! A hun hong nai ta
e71087	1.24.64	kalaoh tung panin amah kumin
e71088	1.32.15	kalaoh nawi-suk sawmthum leh a note
e71089	23.21.7	kalaoh tungah a tuangte a muh ciangin
e71090	16.7.69	a kalaoh uh za li leh sawmthum-le-nga
e71091	40.3.4	Johan in kalaoh mul kigan puan silh a
e71092	24.50.39	kalaoh-vasapi zong a teeng ding hi
e71093	23.60.6	Midian mite leh Ephah mite’ kalaohnote
e71094	1.37.25	Ishmael mite a kalaohte uh tawh
e71095	1.31.17	a zite kalaohte’ tungah tuangsak hi
e71096	1.24.63	en in, kalaohte hong pai hi
e71097	11.10.2	a namtui nate a pua kalaohte
e71098	13.12.40	late leh kalaote leh la-sakolte
e71099	zd:24075	kongkhak ka kalh loh zawh kum sawm val
e71100	zd:22824	a sung lam pan a kalh nading
e71101	7.3.23	kongkhakte amah khaknelhin tuate kalh hi
e71102	10.13.18	ama nungah kongkhak kalh hi
e71103	10.13.17	ama nungah kongkhak kalh in
e71104	16.7.3	kongte khak sakin kalh sak un
e71105	zd:22159	Pasian tungah na lomdang i kalh leh
e71106	zd:25571	Thukham le Itna in a kalh uh thu
e71107	zd:23466	lamet leh kalh bangmah om loin
e71108	11.20.9	Na nasempa’ tung panin nong kalh masak
e71109	57.1.14	nangma nasep hoihna pen keima hong kalh hi loin
e71110	19.95.8	ka lah ding hong kalh hun lai bangin
e71111	33.6.8	note tung panin hong kalh nate in
e71112	zd:17117	inndei pen asunglam panin kongkhak kalhcip cihi
e71113	zd:12553	tuatawh aki kalhcip Motorcycle tepen hongthei ziauziau in
e71114	14.28.24	biakinn kongkhakte kalhcip hi
e71115	66.20.3	a tawh kalhin a ciamteh hi
e71116	28.10.11	lei kalhkhapna singka, Israel ka kaisak hi
e71117	42.11.7	Kong ka kalhkhin uh a
e71118	zd:22932	apualam panin innkong kalhkhum
e71119	zd:15059	Kongkhak asunglam panin kalhkhum uh himahleh
e71120	25.3.5	thonginn sungah a hong kalhkhum hi
e71121	16.3.14	a kongkhakte a kalhna a bulh hi
e71122	24.49.31	a kalhna siktawn lah neilo uh a
e71123	24.51.30	a khua kongpi kalhna siktawnte uh a kitan hi
e71124	16.3.3	a kongkhakte a kalhna tawh bulh uh hi
e71125	16.3.3	a zawlte khungin a kongkhakte a kalhna bulh uh hi
e71126	16.3.13	tua kongpi bawlpha-in a kongkhakte a kalhna bulh uh a
e71127	19.78.18	Amau’ duh mahmah an kalhna tawh
e71128	23.43.23	paknamtui piak nading kalhna tawh
e71129	16.3.14	bawl pha-in a kongkhakte a kalhnate tawh bulh hi
e71130	16.3.13	a kongkhakte a kalhnate tawh bulh uh a
e71131	16.3.14	tua kongpi bawl pha-in a kongkhakte a kalhnate
e71132	16.3.6	a kongkhakte a kalhnate tawh bulh uh hi
e71133	16.7.3	kongte khaksakin kalhsak un
e71134	zd:20264	Theihloh kalin hunte hong pai in
e71135	zd:21121	i neihte zong mitphiat kalin mangthei
e71136	zd:9432	ka ihmut kalin tua khedap bulhin
e71137	1.2.21	ihmut kalin a nakguhte khat la-in
e71138	11.20.40	manlahin a om kalin amah na mang hi
e71139	23.57.1	a theih loh kalin thuman mite si uh hi
e71140	20.6.22	zan-in na ihmut kalin nang hong cing ding a
e71141	40.24.50	a theih loh kalin a topa hong tung ding a
e71142	20.23.5	mitphiat kalin bei mang thei a
e71143	66.10.5	tuipi le leitung kalkakin a ding
e71144	66.10.8	kalkakin a ding vantungmi’ khut sungah
e71145	22.7.2	Na kalkawm pen leenggahzu lim tawh
e71146	28.10.12	lo thak lei kalkham un
e71147	23.28.24	lei kalkhamin git niloh ahi hiam
e71148	ts:11679	i khantohna ding thusim le thubulpite kalkhia
e71149	18.12.22	khuamial sung panin thuthukte kalkhia a
e71150	27.12.4	A kallakah mi tampite in
e71151	23.10.9	Kalno khuapi pen Karkhemish khuapi tawh kibang
e71152	1.24.11	amah in a kalohte boksak hi
e71153	1.24.46	na kalohte zong tui ka dawnsak ding hi
e71154	27.9.25	nipi kalsagih leh nipi kal sawmguk
e71155	23.38.8	ni-nai tungah kalsawm nungkik hi
e71156	12.20.9	a liim kalsawm mai pai ding hiam
e71157	12.20.9	ahih kei leh kalsawm nungkik ding ahi hiam
e71158	zd:23394	Pasian deihna tawh kituak a kalsuanna in sianthona hi
e71159	zd:21429	Zomi mailam kalsuanna ah theihhuai
e71160	zd:24814	tuate hangin kalsuanna bah thei hi
e71161	18.31.4	ka kalsuanna khempeuh hong mu hi
e71162	18.18.11	a kalsuanna khempeuh ah sulzuih hi
e71163	18.34.21	i kalsuanna themno dongin hong mu khin hi
e71164	19.56.6	ka kalsuanna hong encik uh hi
e71165	47.12.18	ka kalsuanna zia uh zong a kibang
e71166	18.13.27	ka kalsuanna khempeuh leh ka khekhap nangawn na entel hi
e71167	18.23.10	Pasian in ka kalsuanna khempeuh thei a
e71168	zd:10983	Kipawlna maban kalsuannate etkikna
e71169	zd:25516	Zomite gamtatna, vaihawmna, kipawlna leh kalsuannate ah
e71170	19.37.23	Mi khat’ kalsuannate Topa ’ kiang pan hi a
e71171	19.17.5	Ka kalsuannate in nangma lampi-ah kip khin a
e71172	19.37.31	a kalsuante taal lo hi
e71173	19.19.13	Mawh kaltangnate panin zong na nasempa
e71174	3.3.4	a kalte tawh a lakkhiat khop ding
e71175	3.9.19	leh a gilpi tuam, leh a kalte, leh a sintuamte
e71176	3.9.10	a thau leh a kalte leh a sintuamte
e71177	2.34.22	Nipi kalte’ pawi
e71178	16.6.3	ka om loh kalteng nasep kitawlnga ding hi
e71179	23.34.6	tuutalte’ kalthau tawh a zol bang ding
e71180	zd:25202	sutkhit nipi kalthum khit ciang
e71181	zd:13005	Abeisa kalthum hunpawl in
e71182	zd:16078	Nipi kalthum khitciangin zongh
e71183	27.10.2	nipi kalthum sung khakunin dahin ka om hi
e71184	4.23.15	Topa tawh ka va kituah kalun
e71185	40.28.13	zanin ka ihmut kalun hong pai-in
e71186	16.4.11	Amau’ phawk loh kalun amaute lakah pai-in
e71187	40.13.25	Mite ihmut kalun a galpa pai a
e71188	zd:20869	Na kam tawh a gingkhia-in gen in
e71189	zd:22065	A khut leh a kam banah a lu zong
e71190	zd:20798	kam in gennop nei hi
e71191	19.37.30	kam in pilna gen a
e71192	18.41.19	Ama kam panin mei kuangkhia a
e71193	19.78.30	amau kam sungah an om laipi mahin
e71194	66.3.16	nang ka kam sungpan ka hong siakhia ding hi
e71195	19.66.13	ka kama ka thuciamte nangma tungah
e71196	19.59.12	Amau’ kama a mawhna
e71197	23.6.5	ka kama ka thugen khempeuh a mawkna vive hi
e71198	20.29.19	kama hilh lel tawh silate pil zo lo
e71199	60.1.8	kama genzawh loh zah dongin
e71200	4.23.5	Topa in Balaam’ kamah thu guang a
e71201	20.24.13	I kamah khuailuzu khum mahmah hi
e71202	23.37.29	na kamah kamkaih hong bulhin
e71203	zd:17444	Kua Pasian in eite hong kamciam ngei ahi hiam?
e71204	38.2.5	Topa in kamciam zo hi
e71205	44.1.4	ka Pa’ hong kamciam thu na ngak un
e71206	23.55.3	David tungah ka kamciam mah bangin
e71207	10.3.18	Topa in David tungah kamciamin
e71208	20.22.26	Midangte’ leiba lohsak dingin kamciamin
e71209	4.30.10	kiciamna khat tawh kamciamin amah a kikhih tawmna
e71210	zd:20032	Na lawp laitakin kamciamna pia kha kei in
e71211	zd:16245	ka kamciamna, ka kipsaksa thu ahih manin ka pai veve hi
e71212	ts:3271	Abraham kianga Pasian kamciamna om mah bangin
e71213	58.11.39	kamciamna thu a ngah kei uh hi
e71214	44.1.4	Pa’ kamciamna letsong na ngak un
e71215	26.16.8	Kong kamciamna tangtung sakin
e71216	58.10.36	ama kamciamna na ngah nadingun
e71217	4.30.3	kamciamna tawh amah kikhih tawm a
e71218	26.16.59	i kamciamna leh i thuciamna don lo na hih manin
e71219	30.4.2	amah in kamciamna khat bawl khin a
e71220	19.18.30	kamciamna a manna kilang hi
e71221	61.3.9	a kamciamna a hong tungsak hak hi zenzen lo hi
e71222	24.29.10	kong kamciamnasa hong tangtung sakin
e71223	4.30.4	thuciamna leh kamciamnate a pa in za napi-in
e71224	4.30.5	kamciamnate khat zong kip lo ding hi
e71225	47.9.5	piak dingin na kamciamsa uh huhna sumte
e71226	42.1.72	A siangtho ama kamciamsa thu
e71227	39.1.14	a kamciamsa bangin kei tungah hong piak ciangin
e71228	zd:22868	Kim le pam pan kamdawn tuamtuam za kawikawi
e71229	zd:21458	kamdawn tawh ka zaakkik thu in
e71230	24.51.46	Gam sungah kamdawn a kigen sawnte hangin
e71231	12.19.7	amah in kamdawn khat za-in
e71232	12.5.14	Pasian mipa’ kamgen bangin
e71233	12.4.44	kamgen bangin pawlkhat val lai hi
e71234	13.15.15	Topa’ kamgenna tawh kizui-in
e71235	10.24.4	kumpipa’ kamgente in Joab leh galkap ukte
e71236	18.6.26	kamging mawkmawk hehtaak sa a
e71237	18.6.26	Kamging mawkmawk hehtaak sa a
e71238	18.33.8	na genna kamgingte ka za khin hi
e71239	49.4.29	Na kiho uh ciangin kamguh zang kei unla
e71240	19.106.32	Thakhatin kamguh a paukha Moses
e71241	7.9.38	Tu-in na kamhanna koi-ah om ahi hiam
e71242	20.12.14	kamhoih pauna hangin thaman ngah a
e71243	11.12.7	amaute na dawn ciangin kamhoih pau lecin
e71244	56.2.8	mawhmat theih loh ding kamhoihte na zang in
e71245	zd:24303	Greek kamin sawmsagih a cihna
e71246	zd:22686	midangte in zong amau kamin letsawmin
e71247	zd:23907	khua a mial ding dan kamin gen zolo hi
e71248	66.16.16	Hebru kamin Armageddon a kici munah
e71249	44.26.14	Hebru kamin a hong ci aw khat ka za hi
e71250	43.20.16	Mari kihei a, Hebru kamin
e71251	42.7.7	Na kamin thu pia leteh
e71252	20.27.2	nangma kamin kiphattawm kei in
e71253	45.10.10	i kamin i genna hangin hotkhiatna a kingah
e71254	44.4.26	ka pa uh David’ kamin na cih mah bangin
e71255	zd:20730	a cihna ding theilo in kamka bek uh hi
e71256	23.9.12	kamka-in Israel netum uh hi
e71257	27.10.16	kamka-in thugen dingin ka kisa hi
e71258	18.6.20	cih nading thei loin kamka lel uh hi
e71259	20.26.3	Late kamkaih bulh ding kisam a
e71260	66.14.20	sakol kamkaih banin a luang hi
e71261	19.32.9	A kamkaih tawh uk lohin a phamawh
e71262	59.3.3	Sakol uk nading kamkaih bulh leeng
e71263	12.19.28	na kam ah kamkaih kong bulh ding a
e71264	23.30.28	amah in lamkhialsak kamkaihna pen
e71265	19.22.13	amaute in kei hong kamkat beba uh hi
e71266	zd:23008	Sahang kamkei peuh, gulpi peuh, zawng peuh
e71267	zd:15543	Sa kamkei bang ih hang
e71268	28.13.7	kamkei bangin na pai nading uh lampi-ah
e71269	23.11.6	kamkei gialbem pen keelno tawh lum khawm ding hi
e71270	35.1.8	A sakolte uh, kamkei sangin tai hatzaw a
e71271	24.13.23	kamkei in a gial khek thei ahi hiam
e71272	22.4.8	Humpinelkaite leh kamkeite a ten’na
e71273	24.11.15	Nong kamkhapte uh leh na kithoihna sate un
e71274	zd:24310	ka nu in kamkhat zong pau loin
e71275	zd:22159	thugen kamkhat beek dawnglo hi
e71276	zd:22967	kamkhat pau kha leng
e71277	40.27.12	Zeisu in kamkhat beek a dawng kei hi
e71278	40.22.46	kuamah in kamkhat beek dawng kik thei lo a
e71279	41.1.34	kamkhat beek gen lo dingin a kham hi
e71280	40.27.14	Zeisu in kamkhat beek a dawn’ kik loh
e71281	43.19.9	a dot ciangin, Zeisu in kamkhat beek a dawng
e71282	zd:12541	An kamkhat nek tawh kisai thei
e71283	43.13.30	khomun kamkhat a san’ khit ciangin
e71284	43.13.26	khomun kamkhat diah a
e71285	zd:19898	Hehna leh kamkhauh tawh thuhilhna
e71286	zd:20930	kamkhauh tawh thuhilh lo ding
e71287	zd:24297	kamkhauh leh kammal hoihlo pawlkhat
e71288	20.15.1	kamkhauh in hehna piangsak hi
e71289	19.106.32	thakhat-a kamkhauh a pau kha Moses
e71290	45.3.14	hangsan’na leh kamkhauh tawh a dim hi
e71291	zd:22171	kamkhum kamneem zatding hanciam ni
e71292	zd:23680	Kamsiam leh kamkhum zaknop ih sak mahmah hangin
e71293	zd:21463	Pasal kamsiam kamkhum dakdak khawng atamzaw muanhuai lo hi
e71294	20.7.21	kamkhum kamneel tawh amah zol a
e71295	20.26.23	Tungtham bek-a kamkhum pauna in
e71296	20.2.16	kamkhum mahmah tawh nang zol ding a hanciam
e71297	1.34.3	ama' tungah kamkhum takin pau hi
e71298	20.15.4	kamkhum in nuntakna piangsak a
e71299	20.6.24	kamkhum zanga hong zol numei ginalote
e71300	45.16.18	kamkhum nono zang uh ahih manin
e71301	20.7.5	kamkhum tawh hong zol numeite
e71302	25.3.62	kamkumin vai a hawm tawntung uh hi
e71303	23.37.7	amah in kamlengsawn khat za-in
e71304	zd:21780	Hih kammalte a vekin thupi kim khin hi
e71305	zd:24200	mite in nisim in Pasian kammalte sim den ding tavuan nei hi
e71306	zd:22090	I zakkik nop kammalte mah pau ta ni
e71307	14.34.19	Kumpipa in thukham kammalte a zak ciangin
e71308	20.4.20	ka thugente don in la ka kammalte ngai in
e71309	9.3.19	ama kammalte khat zong lei-ah kia sak lo hi
e71310	10.22.1	David in hih la kammalte Topa tungah gen hi
e71311	20.7.21	kamkhum kamneel tawh amah zol a
e71312	10.19.7	na nasemte tungah kamneem pau in
e71313	20.25.15	kamnem-a pauna tawh aana neite kizo thei
e71314	zd:20803	Tua pen kampauna tawh nasepna hipah hi
e71315	zd:19938	kampauna in mizia lahtelna khat ahi hi
e71316	20.15.7	Mipilte’ kampauna in pilna khang sak a
e71317	54.4.12	kampauna, gamtatna, itna, upna, le sianthona-ah
e71318	20.12.18	mipilte’ kampauna in tua bang liamna damsak thei hi
e71319	20.6.2	Na kampauna hangin nang hong kimanin
e71320	20.12.18	Ngaihsun lo-a kampauna in temhiam bangin mi liamsak thei
e71321	40.12.36	mite in mawkna kampauna khempeuh hangin
e71322	54.1.6	a mawkna kampauna lamah a pialkhia uh hi
e71323	21.10.12	mihaite’ kampauna in amau mah siasak hi
e71324	49.5.4	A kilawm lo-a kampauna, le ciamnuih hoih lo
e71325	20.15.26	midikte’ kampaunate hoih sa hi
e71326	19.64.8	Amau’ kampaunate hangin amaute siatna thuaksak ding a
e71327	23.30.27	ama kampaunate, mei bangin a kuang hi
e71328	20.5.2	na kampaunate in na pil lam tak
e71329	20.16.27	kampaunate uh na a kangtum thei meikuang tawh kibang hi
e71330	26.2.6	amaute’ kampaunate hangin lau tuan kei in
e71331	zd:21308	a Nu kampaute zathei hi
e71332	19.54.2	ka kampaute hong ngai in
e71333	20.10.11	Mihoihte’ kampaute in nuntakna tuinak bang a
e71334	9.17.31	David’ kampaute a kizak ciangin
e71335	18.6.3	ka kampaute thakhauh mahmah hi
e71336	4.12.8	a kitel lo kampaute tawh hi loin
e71337	18.15.3	bangmah-a kimang lo kampaute
e71338	22.5.16	A kampaute, khum zungzung a
e71339	18.11.3	Na simmawh kampaute hong kidawng mawh ding
e71340	zd:25573	Pianpih kampau a hihloh man-in, kamphen kisam mawk hi
e71341	zd:17524	Airport Customs Officer te'n kamphen zangin thusitna nei uhhi
e71342	zd:14765	kamphen kullo in cina ten anatna gen thei hi
e71343	1.42.23	Amaute’ kikalah kamphen khat om ahih manin
e71344	46.14.28	kamphen a om kei leh, tua mipa in
e71345	zd:24064	kampi bek tawh a it ka hi hiam
e71346	zd:21149	kampi bek tawh thugengen na sangin
e71347	20.26.24	a kampi bek tawh thuhoih gen a
e71348	40.15.8	a kampi bek uh tawh kei hong zahtak bawl
e71349	41.7.6	a kampi bek uh tawh kei hong zahtakbawl uh a
e71350	19.78.36	a kampi bek uh tawh amah phatkhem uh a
e71351	19.62.4	Amaute in a kampi uh tawh phat khem uh a
e71352	62.3.18	i kampi bek tawh ki-it loin
e71353	46.4.20	kampi bek tawh genna hi lo a
e71354	23.57.8	na hukna teng na kamsak hi
e71355	46.14.39	kamsan’ ding na ut takpi ta un
e71356	46.14.31	kamsan’na na nei thei uh hi
e71357	9.18.10	ama inn sung tengah kamsan’na nei hi
e71358	42.1.67	Kha Siangtho tawh kidim a, kamsan’na tawh
e71359	46.12.10	mi khat kiangah kamsan’na thu
e71360	46.14.29	thum ahi zongin kamsang uh hen la
e71361	29.2.28	na tapate un kamsang ding uh a
e71362	45.12.6	upna zah bangin kamsang na sem ni
e71363	14.13.22	Kamsang Iddo’ Tangthu sungah kigelh hi
e71364	35.3.1	Kamsang Habakkuk in hih bangin thu ngen hi
e71365	40.24.11	Kamsang zuautheite hong piang ding uh a
e71366	38.13.5	Kamsang ka hi kei hi
e71367	46.14.4	Kamsang mi in pawlpi a kipsak hi
e71368	30.7.12	Kamsanga kineipa aw
e71369	9.3.20	kamsangin Samuel a kikipsakna thei uh hi
e71370	40.14.5	mite in kamsangin ngaihsun uh ahih manin
e71371	66.11.6	kamsangin a om uh hun lai takin
e71372	46.14.24	Mi khempeuhte in kamsangin a om lai takin
e71373	12.22.14	kamsangnu Huldah kiangah pai uh hi
e71374	23.8.3	kamsangnu tawh ka lumkhawm a
e71375	42.2.38	hih kamsangnu hong pai-in Pasian tungah lungdamna ko a
e71376	14.34.22	Shallum’ zi ahi kamsangnu Huldah kiangah pai-in
e71377	zd:24320	kamsangpa Nathan in a mawhna a phawksak ciangin
e71378	zd:23492	Daniel kamsangpa pianna gam
e71379	zd:23215	kamsangpa Joel cih bangin
e71380	1.20.7	amah in kamsangpa khat hi a
e71381	44.2.16	kamsangpa Joel in a hilh ngeisa thu ahi hi
e71382	24.28.17	kamsangpa Hananiah a si ta hi
e71383	44.13.20	kamsangpa Samuel dongin thukhen mangte a pia hi
e71384	43.7.40	Hih pa pen Kamsangpa taktak hi
e71385	42.4.17	Kamsangpa Isaiah’ Lai Siangtho a kipiak ciangin
e71386	43.4.44	Kamsangpa in ama omna gamah minthan’na ngah lo hi
e71387	zd:12333	kamsangte in Pasian' kiang pan a ngah uh thu
e71388	zd:17509	kumpite leh kamsangte bek tungah ki nilh hi
e71389	zd:20410	Pasian in mihingte a kamsangte tungtawn in hopih hi
e71390	12.21.10	Topa in kamsangte ahi a nasemte’ tung tawnin
e71391	13.16.22	ka kamsangte tungah siatna hih kei un
e71392	42.16.29	Moses leh Pasian’ kamsangte a nei uh hi
e71393	44.15.15	tua thu in kamsangte thu tawh kibang hi
e71394	24.14.13	Kamsangte in amaute kiangah
e71395	42.24.25	Kamsangte hong genkholh thu khempeuh
e71396	25.4.13	Kamsangte leh siampite in mawhna a bawl manun
e71397	33.3.7	kamsanngte in maizumna thuak ding uh a
e71398	33.3.7	Kamsanngte in maizumna thuak ding uh a
e71399	zd:21308	kamsia a paute milak ah
e71400	20.15.4	kamsia in lung gimsak hi
e71401	60.3.10	kamsia pau kei uh hen la
e71402	27.7.20	kiphatsakna kamsia pauna ding kam a nei hi
e71403	27.7.11	kiphatsakna kamsia a pau ka za hi
e71404	zd:11831	kamsia kisa-in phunphun nawn kei ni
e71405	zd:11373	hih Telephone in hong kamsia sakthei
e71406	zd:13110	Amahzong kamsia in apasal tawh kikhen a
e71407	33.7.1	Kei a kamsia hi’ng
e71408	zd:22686	Mite pen a tangpi-in kamsiam thei mahmah uh hi
e71409	zd:15514	Ih mel a hoih hangin kamsiam kei leng
e71410	zd:12337	Ka kamsiam loh man hizaw
e71411	45.16.18	kamsiam leh kamzol tawh a pha mite
e71412	20.23.8	na kamsiam ngah teng maimang ta ding hi
e71413	40.5.47	Na sanggamte tung bekah na kamsiam uh leh
e71414	zd:16441	Maitaina leh kamsiamna tawh ki-itna
e71415	zd:24593	thugenna, kamsiamna, lai-at nate in
e71416	46.2.1	kamsiamna leh pilna tawh Pasian’ teci thu
e71417	20.22.11	kamsiamna in kumpipa’ lawm hong suaksak hi
e71418	20.13.2	Mihoihte in a kamsiamna bangun thaman sang a
e71419	zd:15376	Lawmta cih pen kamsiat hun ah a ki nusia lote ahi hi
e71420	zd:16490	hihvai pen kamsiat huai mahmah hi
e71421	19.18.18	Amaute in ka kamsiat ni-in kei hong neh uh hangin
e71422	10.22.19	Ka kamsiat ni-in amaute in kei hong simgawp a
e71423	49.5.4	amawkna kamsiate zong paaikhia un la
e71424	zd:20264	Nang hangin kamsiatna khempeuh hong tung hi
e71425	zd:16412	kamsiatna le guallelhna bek hong tun ding hi
e71426	zd:24003	kamsiatna leh haksatna om kha ding hi
e71427	21.9.11	Mi khempeuh tungah kamsiatna vive tung hi
e71428	19.35.26	Kei’ kamsiatna-ah a lungdamte maizumsak in
e71429	24.48.10	a sem lopa in kamsiatna thuak tahen
e71430	4.20.14	Kote’ tuah khak kamsiatna khempeuh na thei hi
e71431	19.10.6	khang tawntungin kamsiatna tuak kei ning
e71432	19.31.7	ka kamsiatna-ah na hong don khin hi
e71433	19.31.7	ka kamsiatnate nong don khin a
e71434	zd:23268	Ui in a kamsung ah saguh pet
e71435	zd:23388	kamsung pan in gilpi ah lut thei hi
e71436	zd:24079	gawl cancer leh kamsung cancer tam mahmah hi
e71437	27.6.20	humpinelkai kamsung panin a hong honkhia thei hiam
e71438	10.22.9	a kamsung panin a kangtum mei pusuak a
e71439	5.30.14	na kamsung uh le na lungsim sung uhah om
e71440	27.4.31	Tua thute a kamsung pan a pusuah ma-in
e71441	34.3.12	a gah na kamsung a hong tu
e71442	zd:24224	David kiangah kamtai hong tung hi
e71443	zd:22046	kithuzakna dingin kamtai kizang hi
e71444	ts:3168	Tun Yin kamtai dingin sawl a, lai pua sak hi
e71445	18.1.14	kamtai khat Job kiangah hong tungin
e71446	19.104.4	Huihte nangma kamtai dingin na bawl a
e71447	26.23.16	Babilon gamah kamtai paisak pah hi
e71448	31.1.1	Minamte lakah kamtai khat kisawl zo a
e71449	20.26.6	Mihai khat kamtai-a a zangpa in
e71450	zd:25947	Pasian hong pai nadingin kamtaipa ka hi hi
e71451	zd:22159	kuamah in tua kamtaipa dawng peuhmahlo uh hi
e71452	10.11.19	amah in kamtaipa thuhilhin
e71453	10.11.22	Tua ahih ciangin kamtaipa pai a
e71454	23.42.19	keima sawl ka kamtaipa bangin kua a bil ngong
e71455	4.21.21	Sihon kiangah kamtaite sawl a
e71456	1.32.3	a sanggampa Esau' kiangah kamtaite ma sawl a
e71457	23.14.32	Filistia mite’ hong sawl kamtaite
e71458	10.5.11	Tai-ar kumpipa Hiram in kamtaite leh taamtak singte
e71459	12.17.4	Izipt kumpipa So kiangah kamtaite sawl a
e71460	pk:12	Mipilte kamtam lo hi
e71461	zd:25063	na kamtam se kei un
e71462	zd:25923	kamtam cih zong amun leh ahun theih kul veve hi
e71463	zd:19166	mi nunneem mahmah khat ahi aa, kamtam hetlo
e71464	20.20.1	Leenggahzu in mi kamtam sakin
e71465	20.9.13	a kamtam, zumna meel thei lo numei tawh kibang
e71466	52.4.11	kamtam nuam se loin hoihtakin om hithiatna
e71467	zd:23990	Amau' thadah nading kamte pau kha kei ni
e71468	zd:23990	Amau' lungdam nading leh thalawp nading kamte bek mah pau ni
e71469	19.109.3	muhdahna kamte pau-in kei hong gensia uh a
e71470	49.5.4	Pasian’ hehpihna phatna kamte zang un
e71471	46.2.13	mihingte’ hong hilh pilna kamte a zang hi loin
e71472	55.2.16	a mawkna kamte na tang in
e71473	54.6.20	pilna thu tawh kipawl hi lo a, mawkna kamte
e71474	zd:9231	Greek, Hebrew, Latin kamte sin ngiat hi
e71475	zd:19772	Grik leh Hebru kamte ah
e71476	66.17.15	mipawl, mihon, gam, kamte ahi uh hi
e71477	66.10.11	mipawlte, gamte, kamte, kumpi tampite thu tawh kizomin
e71478	46.12.30	tua kamte a khiatna gen theite
e71479	41.16.17	kamthakin a pau ding uh hi
e71480	zd:15527	kamtuam pauna zong om thei hi
e71481	zd:25477	kamtuam bekbek tawh ka ho thei ciat uh hi
e71482	zd:14805	kamtuam pau azanglote sangin azangte tung ah
e71483	46.14.4	kamtuam tawh a gen mi in
e71484	44.10.46	tua mite in kamtuam tawh pau-in
e71485	44.19.6	amaute in kamtuam pau thei-in
e71486	46.14.39	kamtuam tawh pau ding na khaam kei un
e71487	46.14.5	Note khempeuh in kamtuam tawh gen thei le-uh teh
e71488	26.33.31	Amaute a kamun hoih khem napi-in
e71489	45.16.18	kamsiam leh kamzol tawh
e71490	19.12.2	phat khemna kamzol leh lungsim nam nih tawh pau
e71491	zd:26958	na muhdah ma-in ahang kan masa in
e71492	zd:21843	A thu limpha takin kan
e71493	26.34.6	ding kan dingin ngaihsun lo uh hi
e71494	44.10.17	Simon’ inn hong kan kawikawi uh a
e71495	24.2.10	limtak kan dih un
e71496	41.1.37	Mi khempeuh in nang hong kan uh hi
e71497	zd:19174	A kan ding asin ding tam lua lai hi
e71498	21.1.13	a thu kan ding ka ngaihsun hi
e71499	21.7.27	Thu ka kan ciangin, a banbanin thu ka phawkkhia hi
e71500	18.34.24	Amah in thu kan kul loin
e71501	14.32.31	gam sung omzia lim a kan dingin
e71502	1.25.22	thu kan dingin amah pai hi
e71503	5.4.32	hun beisa thu tu-in kan un la
e71504	45.10.20	Kei thu hong kan lo mite tungah
e71505	2.18.15	Pasian’ deihna kan dingin
e71506	9.17.56	Tangvalpa kua tapa ahi hiam kan in
e71507	43.4.46	Galile gam Kana khua-ah a paikik hi
e71508	6.17.9	Kanah lui-ah gamgi paisuk hi
e71509	10.22.6	Leinuai khaute in kei hong kancip a
e71510	19.18.5	Leinuai sihna khaute in hong kancip a
e71511	zd:23276	Tungzang ah Sang innpi kang
e71512	zd:22658	Tua pan Japan mipi 26,000 mei in kang hi
e71513	3.10.2	mei hong paikhia-in amaute kang a
e71514	20.6.27	na puan kang loin om ding ahi hiam
e71515	4.16.39	mei tawh a kang tum mite’ piak paknamtui sumngo beelte
e71516	20.6.28	na khe kang loin om ding ahi hiam
e71517	23.9.19	meikuang bangin gamsung kang a
e71518	27.3.27	a puan uh zong kang loin
e71519	4.21.28	Arnon mual sang a ukte kang tum hi
e71520	2.22.6	Mei kuang in gam kang a
e71521	19.106.9	San Tuipi thuhilh a, tua tuipi kang hi
e71522	23.15.6	Nimrim lui tuite kang hi
e71523	11.17.7	tawl khat khit ciangin a lui kang hi
e71524	25.3.49	Ka khitui kang thei loin
e71525	24.14.17	khitui luangluang hen la, kang ngei kei ta hen
e71526	42.8.44	thakhatin a si suahna a kang hi
e71527	24.18.14	a vot kilkel luite kang ngei ahi hiam
e71528	29.1.20	Lui tui khempeuh kangcip khin a
e71529	34.1.4	tuipi kangcip pah a
e71530	38.10.11	Nail gun tuithukte kangcip ding hi
e71531	66.16.12	a tuite hong kangcip hi
e71532	11.18.38	hawklam sunga om tui nangawn kangcip hi
e71533	23.19.5	gun pen kangcip-in keu ding hi
e71534	23.19.5	guntui kangcipin keu ding hi
e71535	34.1.4	gunpite zong kangcipsak hi
e71536	zd:18145	Motorcycle khempeuh mei kanggawp khinta cihi
e71537	zd:13220	200 bang kanggawp in ki siagawp hi
e71538	zd:20369	vanpuakna Cargo Ship pawlkhatzong mei kanggawp hi
e71539	66.16.8	a satna tawh mite a kanggawp hi
e71540	66.16.9	Nisa in mite kanggawp ahih manin
e71541	27.3.27	mei in kanghul lo a
e71542	26.15.5	kangin a vom khit ciangin
e71543	5.9.15	mei in mual kangin na kuang hi
e71544	29.2.5	gamlaka lopa omte kangin a puak ziazua
e71545	66.8.8	mei in kangin a kuang zuazua khat
e71546	5.4.11	Mei in mual kangin van laizang dong banto-in
e71547	12.5.27	vuk bangin kangin a phakin a paikhia hi
e71548	66.1.14	A samte tuumul bangin kangin, khuavak bangin pak a
e71549	3.13.25	Tua mun a om a multe kangin
e71550	21.12.5	na samte hong kangin
e71551	3.13.3	A natna munah a om a multe kangin
e71552	26.1.19	van lamah kangin a kahtoh ciangin
e71553	66.7.16	a sa in zong kangkha nawn lo
e71554	19.78.63	Mei in a tangvalte kanglum a
e71555	42.8.44	thakhatin a siluang a kangpah hi
e71556	40.5.36	a kangsa vomsak thei loin
e71557	pk:119	a tui kangsak in
e71558	26.30.12	Nail Gun a tui ka kangsak ding a
e71559	28.9.14	a nawizu uh kangsak in
e71560	24.51.36	a ciktui ka kangsak ding hi
e71561	6.4.23	Jordan tuite note a dingin kangsak hi
e71562	2.22.6	mei a kangsak pa in
e71563	30.1.7	Gaza khuapi kulh ka kangsak ding a
e71564	30.1.12	Teman gamsung ka kangsak ding a
e71565	30.1.10	Tai-ar khuapi kulh ka kangsak ding a
e71566	30.2.5	Judah gamsung ka kangsak ding a
e71567	30.2.2	Moab gamsung ka kangsak ding a
e71568	3.13.10	tua in a multe kangsakin a bawk sungah
e71569	2.22.6	mei a kangsakpa in a cing takin
e71570	5.32.25	sam kangsate tawh susia khawm ding
e71571	zd:24276	si kangte leh natna lungno te a ki do ciang in
e71572	zd:9426	tal kolhte, sam kangte, piteek puteek leh mittawte
e71573	38.6.6	sakol kangte nitumna lam
e71574	66.19.14	sakol kangte tungah tuangin amah a zui uh hi
e71575	1.30.37	a ciangkang kangte kidawksak hi
e71576	4.11.5	lo-uih sante, leh lo-uih kangte i phawk hi
e71577	1.44.29	dahna tawh ka sam kangte Leinuai-ah na paipih suk
e71578	3.19.32	sam kangte mai-ah na kun ding uh a
e71579	1.44.31	ka pa uh’ sam kangte dahna tawh Leinuai-ah
e71580	26.1.19	a leengpeite tawh zong kangto khawm hi
e71581	zd:15507	Tua meikuang tawh inn 18 tak kangtum a
e71582	zd:22162	Communal Garage ah akikoih Motorcycle khatzong kangtum hi
e71583	zd:20410	Lai Siangtho kangtum cih om ngeilo hi
e71584	19.106.18	meikuang in migilote kangtum hi
e71585	19.97.3	a kimkot-a om ama langpangte kangtum hi
e71586	19.78.63	Mei in amau tangvalte kangtum a
e71587	2.3.3	Bang hangin sawlpang kangtum lo hiam
e71588	30.1.10	a mun muanhuai teng kangtum ding hi
e71589	18.31.12	Ka neih khempeuh a kangtum mei
e71590	61.3.12	vantungte mei in kangtumin
e71591	11.18.38	a sing, a suangte, leh a leivui kangtumin
e71592	26.24.11	a kang-op nin teng kangtumin hong siang kik ding
e71593	34.3.15	mei in hong kangtumin, galte in hong vatlum ding
e71594	30.5.6	tua mei in Bethel-a om mite kangtumin
e71595	61.3.10	vantung nate mei in kangtumin maimang ding a
e71596	30.1.10	a munmuanhuai teng kangtummang ding hi
e71597	26.28.18	a vekpi-in kangtummang hi
e71598	26.20.47	A taw panin a khung dongin kangtummang ding hi
e71599	26.19.14	a hiang a gah kangtummang hi
e71600	30.1.7	a munmuanhuai teng a kangtummang ding hi
e71601	16.4.2	a kangtumsa nin bulomtang panin
e71602	26.5.4	meikuang sungah lawnin kangtumsak in
e71603	30.1.12	Teman gam sung khempeuh ka kangtumsak ding a
e71604	26.24.10	A saguhte kangtumsak un
e71605	28.8.14	a inn lianpite uh ka kangtumsak ding hi
e71606	42.9.54	vantung panin meikuang ngenin amaute kangtumsak le ung
e71607	24.21.14	a kimkot khempeuh ka kangtumsak ding hi
e71608	39.3.3	A ninte kangtumsakin, ngunte a siangsakpa bangin
e71609	20.16.27	na a kangtumthei meikuang tawh kibang hi
e71610	58.9.13	bawngnuno’ kangvute in a nin mite
e71611	zd:20979	Na sin ding major subject kanin a theite dong in
e71612	zd:21066	Tuate kanin, simin, zang ni
e71613	zd:15794	i Pu i Pa upna tangthu tuamtuam te kanin, theihsawm ding
e71614	30.8.12	Topa’ thu kanin vak kawikawi ding uh a
e71615	60.1.10	hih hotkhiatna thu mah kanin ngaihsut belin nei uh
e71616	7.6.29	a thu kanin a dot khit uh ciangin
e71617	49.5.10	bang ahi hiam ci-in kanin
e71618	zd:22650	a kankan uh ciangin hih thute na mukhia uh hi
e71619	zd:21085	A hang ka kankan leh
e71620	zd:9434	kankan ding, lungngaihngaih ding kisam hi
e71621	60.1.11	bang hun ciang hi ding hiam, ci-in a kankan
e71622	21.7.27	Thu ka kankan ciangin
e71623	19.111.2	hoih a sa mi khempeuh in tuate kankan uh
e71624	27.10.10	liing kankan kawmin ka ding to hi
e71625	27.10.11	liing kankan kawmin ka ding hi
e71626	zd:21747	i haksatnate a hang kankhia in
e71627	zd:19134	hoihtak kankhia in pulak khiading uh cihi
e71628	zd:12481	UN Card tawi mi bangzahpha cih ki kankhia theihi
e71629	46.2.10	Tua Kha Siangtho in na khempeuh kankhia a
e71630	46.2.10	a thutawng dongtakin a kankhia hi
e71631	19.64.6	Eite’ mawhna kua in hong kankhia zo ding
e71632	zd:25928	Ih sum zatkhiat na ih kankhiat loh hang ahihi
e71633	zd:15429	Athu aki kankhiat ciangin
e71634	zd:21581	abanban in aki kankhiat laitak hi
e71635	9.20.12	ka pa’ ngaihsutna tawng ka kankhiat khit ciangin
e71636	zd:24346	Hih thu kankhiatna pan in thu muhkhiatte
e71637	zd:17483	Palik leh thunei te kankhiatna ah
e71638	zd:24361	Hih kankhiatna hangin a kimu khia thu te
e71639	44.25.20	Hih bang thu ka kankhiatna dingzia
e71640	zd:24217	I ngeinate tu'n kankik leng
e71641	24.27.22	ka kankik mateng tua lai-ah
e71642	zd:23496	mihing tha zong kisam kanlai hi
e71643	zd:25470	angsung ngaihluatna in, lauhuaizaw kanlai hi
e71644	zd:22369	ong kiphunsan kanlai ding hi
e71645	20.21.27	a piakte uh deih lo kanlai hi
e71646	28.7.9	a sam uh a kanlam nangawn
e71647	ts:7392	SAC galkap ulian pawlkhat in thu kanna nei uh
e71648	zd:11197	Scientists te kanna tungtawn in
e71649	zd:20060	thu thuk kanna lamah zong kithadah ta hi
e71650	15.10.17	mite thu a kanna uh zo uh hi
e71651	62.3.4	Khialhna in thukham kanna ahi hi
e71652	6.4.23	Topa na Pasian un a kansak San Tuipi
e71653	10.11.3	tua numei’ thu kansak hi
e71654	6.5.1	Topa in a kansakna thu a zak uh ciangin
e71655	6.2.10	note’ mai-ah San Tuipi a kansakna
e71656	7.1.23	thu kansim dingin Beth-el ah mi sawl
e71657	6.6.22	tua gam thu a va kansim mi nihte
e71658	4.21.32	Jazer khua thu a kansim ding a sawl hi
e71659	10.10.3	khuapi sung a en ding, thu kansim ding
e71660	6.14.7	A gamsung thu kansim dingin
e71661	6.6.23	thu kansim tangvalte va tum uh a
e71662	7.1.24	Thu kansimte in khuapi panin hong paikhia
e71663	pk:123	Thuamvum akicihna munah Thangmual kantan uha
e71664	zd:14709	Lamzikpi kantan dingciang kidop huai mahmah
e71665	ts:5871	India gamah gamgi kantan in taimang uh hi
e71666	zd:24165	Ocean kantan a galsim ding
e71667	10.17.24	Israel mite khempeuh tawh Jordan kantan hi
e71668	5.2.13	Tua ahih ciangin Zered lui i kantan hi
e71669	19.66.6	i pu i pate in khe tawh tuipi kantan uh hi
e71670	46.10.1	San Tuipi laizang a kantan uh ahi zongin
e71671	26.33.28	kuamah in kantan ngam lo ding uh hi
e71672	25.3.9	suang kulhpite ka kantan zo kei hi
e71673	10.2.29	amaute in Jordan kantan uh a
e71674	1.32.22	Jabbok ngahmun kantan hi
e71675	19.104.9	amaute’ kantan loh ding gamgi khat na phut hi
e71676	zd:12089	khetawh lamzikpi kantanin anawl langkhat atun madiak in
e71677	zd:24227	kantanin khamtung lut uh hi
e71678	22.2.8	mualte kantanin kei hong zuan hi
e71679	2.14.29	tuipi kantanin leikeu tungah Israel mite pai uh a
e71680	44.27.5	tuipi kantanin ka pai uh a
e71681	23.10.29	Amaute in mualciang kantanin Geba khua-ah
e71682	10.10.17	Jordan kantanin Helam tung hi
e71683	23.43.2	mei kantanin na pai ciangin na kang kei ding
e71684	zd:18920	a mong le a mong kantanin khau kikhungin
e71685	11.6.21	biakinn sungnung mai kantanin kham khainiang khung a
e71686	1.1.20	vantung kantanin leitungah vasate leeng ta hen
e71687	4.21.22	Na gam hong kantansak in
e71688	4.21.23	Sihon in Israel mite ama gam kantansak lo hi
e71689	4.20.17	Tu-in kote na gam hong kantansak in
e71690	19.78.13	tuipi khenkhia-in amaute kantansak a
e71691	25.3.9	suang kulhpite ka kantanzo kei hi
e71692	24.5.22	a gin’ zuazua uh hangin kantanzo tuan lo uh
e71693	46.10.1	nuamtakin San Tuipi na kantanzo uh hi
e71694	zd:20262	ci in tangthu kante in na ciamteh uh hi
e71695	zd:21815	Tangthu kante in Zogam hong uk mang pen
e71696	42.20.20	thusim kante a kiangah a sawl uh hi
e71697	8.2.14	tuapa in an kante tua nu khak hi
e71698	pk:48	Hih a tunga laigualte i kantel ciangin
e71699	zd:18958	limtaka kantel ding kisam hi
e71700	zd:11702	Na kantel nop leh
e71701	18.5.27	Hih thu khempeuh ka kantel uh a
e71702	62.4.1	Pasian kiang pan mah ahi hiam, ci-in kantel un
e71703	3.27.33	pha hiam sia hiam ci-in kantel lo ding a
e71704	18.10.6	ka khialhna khempeuh kantel na hi hiam
e71705	66.2.23	mihingte’ ngaihsutna le lungsim a kantel pa
e71706	18.8.8	Khangluite thu kantel in la
e71707	5.17.4	note in lim takin na kantel ding uh a
e71708	42.1.3	limtakin kantel khin ka hih manin
e71709	51.2.18	a muh loh thute kantelin
e71710	9.20.19	nang hong kiphawk kanzaw lai ding hi
e71711	27.5.12	Amah in a kanzaw siamna nei a
e71712	19.18.29	khuakulh khat ka kanzo hi
e71713	10.22.30	ka Pasian’ hangin khuakulh khat ka kanzo hi
e71714	ts:1957	Tua munah SAC ten hong kap uh hi
e71715	ts:5962	Thaupi tawh hong kap ziahziah lai
e71716	ts:301	a thau uh a kap ciat uh hi
e71717	1.49.23	amah thal tawh kap a, nasia takin gimsak hi
e71718	19.64.7	a thaltang tawh amaute kap ding hi
e71719	14.35.23	thaltawite in Kumpi Josiah kap hi
e71720	18.16.13	a thaltangte tawh hong kap hi
e71721	zd:11677	Ka lawmte thautawh kapgawp in
e71722	zd:19745	thautawi khatin Sunday kikhawm mipi te kapgawp
e71723	zd:17058	100 veibang Rifle thautawh kapgawp hi
e71724	19.64.7	a thaltang tawh amaute kapgawp ding a
e71725	4.36.4	minamte’ tungah kapia beh ding hi
e71726	zd:12319	Atanu pen tawmcik kapin tuaciangin daicip hi
e71727	zd:20440	tua naupangpen kapin awng ahih manin
e71728	66.18.11	amah hangin kapin a kiko uh hi
e71729	10.19.1	Absalom’ hangin kumpipa kapin thuum hi
e71730	41.5.39	gamlum a, kapin om na hi uh hiam
e71731	59.4.9	Lunggimna thuakin, thuumin, kapin, om un
e71732	10.19.4	awging pha tawh kumpipa kapin
e71733	23.15.3	mi khempeuh nakpi-in kapin khitui tawh kawt uh
e71734	24.7.16	Amau adingin kapin kei’ tungah hong thuumsak kei in
e71735	40.13.50	Tua lai-ah kapin a hagawi ding uh hi
e71736	36.1.11	hih bang gamlumna na zak uh ciangin kapin thuum un
e71737	26.32.18	Izipt mi tampite’ hangin kapin thuum in
e71738	19.38.6	sunthapai-in kapin ka vak kawikawi hi
e71739	zd:25075	Nu ngai lua-in ka kapkap a
e71740	zd:19931	tawp in, kapkap nawn ken
e71741	zd:12277	naungek kapkap za uh ahih manin
e71742	19.137.1	eite tusukin i kapkap hi
e71743	24.9.1	a sun a zanin kapkap mai ning
e71744	23.22.4	khitui tampi luangin hong kapkap sak un
e71745	38.7.2	biakinn siatna hangin kapkap lai-in
e71746	25.2.12	Gilkial dangtaakin nu aw, ci-in kapkap uh a
e71747	24.30.15	Bang hangin na sa-in kapkap na hi uh hiam
e71748	26.5.16	thaltang’ kapkhak bangin na na sa
e71749	35.3.9	na keek in leitung kapkham hi
e71750	zd:15125	nakpi in kapkhia hi
e71751	zd:16020	Ka nu ong kapkhia ngaungau ahih manin
e71752	zd:20942	ki-ip zolo-in a kapkhia hi
e71753	9.11.4	mi khempeuh a gingin kapkhia uh hi
e71754	1.29.11	Jakob in Rachel nam a, a gingin kapkhia hi
e71755	18.2.12	amaute a gingin kapkhia uh a
e71756	24.48.36	misi vuina tamngai kitum bangin ka kapkhia hi
e71757	10.19.4	Kumpipa in a mai khuh a, nakpitakin kapkhia-in
e71758	10.15.23	gamsung mi khempeuh a gingin kapkhia uh a
e71759	1.45.2	Amah a gingin kapkhia ahih manin
e71760	4.24.8	a thaltang uh tawh amaute kaplet ding uh hi
e71761	35.3.14	na thal tawh, a galkapmangpa na kaplet hi
e71762	zd:18073	Police te'n damiah khat kaplum
e71763	zd:13136	Kawlgalkap te'n Rakhine State sungah migilo 3 kaplum
e71764	zd:11213	Russia te'n Syria ah Turkey galkapte thum kaplum
e71765	24.5.16	a kap uh teh kaplum lianlian uh a
e71766	ts:3110	Thaupi tawh a kapna hangin mipite inn 1 kisiazan hi
e71767	zd:25611	gamsa kapna a i zat hi
e71768	ts:2773	vanleng tawh kapna cihte zong nasiatak nei uh hi
e71769	49.6.16	dawimangpa’ hong kapna thaltang kuangte
e71770	49.6.16	Dawimangpa hong kapna mei-thaltang a dal zo upna lum
e71771	20.26.19	thaltang tawh a kappa tawh kibang hi
e71772	23.15.5	amaute kapsa-in paito uh hi
e71773	1.37.35	a kapsa-in ka tapa' kiang Leinuai-ah ka pai ding
e71774	zd:16020	bang hang ka nu kapsak na hiam ka ci hi
e71775	18.34.28	mizawngte kapsak gawp uh a
e71776	23.22.4	khitui tampi luangin nakpi-in hong kapsak un
e71777	24.13.17	na kisaktheihna uh hangin ka kapsim ding a
e71778	32.4.8	ni in zong Jonah lu zang kapsuk veva
e71779	zd:14530	mi a kapte khawng en in
e71780	zd:25354	a dah a kapte hehnem in
e71781	45.12.15	A kapte tawh na kap khawm un
e71782	46.7.30	a kapte in a kap lo mah bang ding
e71783	23.57.18	a dah a kapte muk panin phatna
e71784	24.16.7	Misi hangin a kapte hehnep nadingin
e71785	24.9.17	numei kapte hong pai dingin va sam un
e71786	19.64.4	mawh baang lo mi a kapte
e71787	19.64.4	lau het loin thakhatin amah a kapte
e71788	zd:13082	palik te'n kaptuk masa uhhi
e71789	zd:14848	Motorcycle tungpanin aki kaptuk ahihi
e71790	zd:16811	temtawi migilo khat palik te'n thautawh kaptuk uh
e71791	18.20.24	sumngo thal in kaptuk ding hi
e71792	24.22.10	Shallum hangin nakpitakin kapzaw un
e71793	12.11.4	Kar mite leh kumpi inncing a ukte
e71794	2.39.10	topaz suang, le karbankal suang gual khat
e71795	2.28.17	topaz suang leh karbankel suang gual khat
e71796	26.28.13	onik, sapfaia, karbankel, le emerald suangmanphate
e71797	26.28.13	Safeiros, Karbankel, leh Emerald suangmanphate
e71798	66.21.20	a gukna-ah karnelian suangmanpha
e71799	19.11.6	mei-am leh kat zusak ding a
e71800	66.9.18	mei, meikhu leh kat ahi gimna pawl thum
e71801	42.17.29	mei leh kat guah bangin hong zu a
e71802	66.9.17	mei leh meikhu leh kat a pusuak hi
e71803	66.21.8	kat leh mei lipi sungah
e71804	66.14.10	mei leh kat tawh bawlsiatna a thuak ding hi
e71805	zd:22597	amawk kat hilo ding hi cih upmawhna nei uh hi
e71806	zd:20297	Inn hong kat tat ciang inn katnamun ah kipai in
e71807	5.5.23	Mei in mual a kat lai takin
e71808	27.3.27	mei in a kat loh mite a en uh hi
e71809	46.7.9	A kat sangin kiteeng leh a phazaw hi
e71810	26.22.31	mei in a kat bangin
e71811	2.22.6	lo ahi zongin a kat leh
e71812	42.9.54	tua mite a kat nading na awi hiam
e71813	3.11.7	a khecin a kat hangin
e71814	5.14.8	a khecin a kat hangin eknel hai lo ahih manin
e71815	3.11.4	khecin kate lak pan hita leh
e71816	3.10.6	Topa’ mei in a katlup mite’ hangin
e71817	66.18.18	a khuapi katna khu a muh uh ciangin
e71818	66.19.3	Tua khuapi a katna khu tatsat loin
e71819	3.10.6	tawhkuangsa mei katna hangin thuum thei ding uh hi
e71820	66.18.9	mei katna pan a pusuak meikhu
e71821	46.3.15	ama pumpi mei katna tawh a kipelh mah bangin
e71822	26.21.19	Tua lampi a katna munah ciamtehna khat phut
e71823	66.16.8	ni in mite mei a katsak nading
e71824	38.11.1	kungte a kattheih nadingin na kongpite
e71825	46.3.15	Mikhat a nasepna a kattum leh
e71826	3.6.10	meihal biakna mei in a kattum vutte la-in
e71827	24.36.23	laizial buppi a kattum dong meikhuk sungah
e71828	29.1.19	mei in a kattum tawh kibangin
e71829	59.5.3	mei in a kattum bangin na sa uh hong netum
e71830	39.4.1	buhtu bangin a kattum ding hun hong tung ding
e71831	4.26.10	Mei in mihing zanih le sawmnga a kattum lai-in
e71832	29.1.20	mei kattum bangin lonona khempeuh keucip
e71833	23.5.24	meikuang sungah lopa keute a kattum bangin
e71834	16.1.3	kulhkongpite mei in a kattumna thu
e71835	16.2.13	mei in a kattumsa a kongpite ka en hi
e71836	18.15.30	a hiangte mei in a kattumsak
e71837	zd:9432	a pai uh ciangin tua pen ging kauhkauh hi
e71838	27.5.6	a khut a liing kauhkauh hi
e71839	25.1.2	a khitui a biang tungah a tak kauhkauh hi
e71840	zd:24469	hun a om ngei nailo kauphe pawlkhat kimu ci hi
e71841	zd:25678	miiksi leh kauphe taangthu
e71842	zd:22618	kauphe bangin tuanlaulau liangin
e71843	19.78.46	amau sepna gahte kauphe pia hi
e71844	19.109.23	kauphe bangin kei hong kisingkhia hi
e71845	5.28.38	kauphe in nemang ding hi
e71846	4.13.33	kote pen kauphe bang lelin ka kingaihsun uh a
e71847	23.40.22	Leitung-a teeng mite kauphe tawh kibang
e71848	30.7.1	Topa in kauphe honpi piangsak hi
e71849	5.28.42	a gahte khempeuh kauphete in tang ding
e71850	19.105.34	kauphete leh tangngolte, sim zawh lohin hong pai uh a
e71851	2.10.4	na gam sungah kauphete kong paipih ding a
e71852	66.9.3	leitungah kauphete hong piangkhia a
e71853	34.1.4	Bashan gam keu gawpin, Karmel Mual kausan a
e71854	30.1.2	Karmel mual dawn dum dide teng kausan ta hi
e71855	37.2.17	cingteek sakin ka kausansak a
e71856	zd:23330	Tupeek leh kawbia tawh
e71857	zd:20461	temta, namsau leh kawbia cihte tawisa in
e71858	23.30.24	kawbia leh tu-ka tawh a kitoksa an
e71859	4.4.14	a tu-ka, a kawbia, leh a kuang
e71860	14.4.11	beelte, kawbiate, leh kuangte zong bawl hi
e71861	2.38.3	beelte, kawbiate, kuangte, sikkate leh vut luahna peekte bawl
e71862	2.27.3	vut koihna ding beelte leh kawbiate, kuangte
e71863	12.25.14	beelte, kawbiate, taitehte leh paknamtui adingin pakante
e71864	zd:24064	Kong kawciik, lamneu hiven
e71865	zd:12541	ngeina sangin kawciik zaw a
e71866	zd:24814	lampi kawciik leh mi tawmcik bek lut uh
e71867	40.7.13	Kong kawciik ah lut un
e71868	40.7.14	nuntakna mun tun’ nading kong kawciik a
e71869	42.13.24	Kong kawciik ah na lut zawh nadingun hahkat un
e71870	zd:22557	Lam tang, lam kawi, lam kawcik
e71871	zd:20780	na pai nading mun kawcik tektek kha ding hi
e71872	zd:24748	i lungsim ngaihsutna na kawcik mahmah lai
e71873	4.22.26	mun kawcik khatah na ding leuleu hi
e71874	4.22.24	a pang tuakah phung a omna lam kawcik ah
e71875	23.49.20	Kote’ adingin mun kawcik lua hi
e71876	47.6.12	ki-itna hehpihna-ah na kawcik uh hi
e71877	4.22.24	a omna lam kawcikah vantungmi
e71878	40.7.14	tun nading kong kawcikin a lampi haksa
e71879	zd:9451	A khutah lenin, ka angah ka kawi hi
e71880	22.2.6	a taklam khut-in kei hong kawi hi
e71881	1.48.10	amah in amaute nam-in kawi hi
e71882	44.20.10	ama tungah lum a, a kawi khit ciangin
e71883	44.20.37	Paul’ ngawng kawi-in a nam uh hi
e71884	1.45.14	a sanggampa Benjamin ngawng kawi-in a kap hi
e71885	1.46.29	a pa a muh phetin ngawng kawi-in
e71886	1.33.4	amah ngawng kawi a, pom cipin nam a
e71887	zd:22780	Lungsim kawi, lehtat ding ngim gige
e71888	zd:21803	kawi lo, kihuiheek lo, cihna hi
e71889	5.32.5	a lampial, lungsim kawi khang mite
e71890	21.7.13	Pasian in a kawi-a a bawlsate
e71891	20.28.6	Hau napi-a mi lungsim kawi hihna sangin
e71892	20.2.15	mi lungsim kawi, muan’ theih loh ding mite
e71893	23.59.8	Na lungsim uh kawi mahmah a
e71894	50.2.15	a lungsim kawi, a hoih lo leitung mite lakah
e71895	zd:23554	nang guak na kawi vak ciang
e71896	6.19.13	Rimmon-ah pai lai-in Neah lamah kawi hi
e71897	4.34.5	gamgi in Azmon panin Izipt Lui lamah kawi-in
e71898	4.34.4	Akrabbin mual leitaw lamah kawi-in Zin dong banin
e71899	6.18.17	leilu lam manawhin kawi-in, Enshemesh-ah paisuak a
e71900	44.28.13	kawi pai-in, Regium khua ka tung uh a
e71901	6.15.11	Shikkeron-ah gamgi kawi kualin, Baalah Mual-ah paisuak a
e71902	18.6.18	gamsung tengah kawi pai-in a mangthang uh hi
e71903	43.10.23	Solomon’ innliim ah a kawi pai hi
e71904	61.3.16	thu a ututun a kawihei uh bangin
e71905	pk:123	Tibetgam nawkin, a pai kawikawi khit uh ciangin
e71906	zd:21822	mun khempeuh ah om kawikawi hi
e71907	zd:21978	Gam tuamtuamah zin kawikawi a
e71908	zd:10743	mun dangdang-ah zong vak kawikawi uh a
e71909	41.3.34	a kimkot ah a tu mite en kawikawi a
e71910	19.38.6	sunthapai-in kapin ka vak kawikawi hi
e71911	24.37.4	mi lakah a vak kawikawi hi
e71912	19.105.13	gam khatah a vak kawikawi lai takun
e71913	42.6.10	Amaute khempeuh en kawikawi a
e71914	38.1.10	pai kawikawi-in leitung a en dingin
e71915	12.4.35	inn sungah khatvei vak kawikawi a
e71916	24.5.1	Jerusalem khua sungah kileh kawikawi un
e71917	ts:3125	Ka pai kawikawina ah
e71918	zd:20998	Khatvei UN in leitungbup ah thudot kawikawina bawl hi
e71919	zd:20896	gamdang muntuamtuam a vazin kawikawina pan hongciahkik
e71920	26.39.15	Gam sung teng a zon’ kawikawina uhah
e71921	24.23.27	a mangmat uh a gen kawikawina uh tawh
e71922	24.3.13	khualmite tawh na khialh kawikawina
e71923	1.37.15	Gamlakah a vak kawikawina mi khat in mu a
e71924	24.13.27	pasian peuh na biak kawikawinate ka mu zo hi
e71925	66.2.1	laizangah a pai kawikawipa’ thupiakna in
e71926	4.32.13	gamlakah amaute vak kawikawisak hi
e71927	zd:16312	Tua dan aa mi tehkak kawikawite
e71928	zd:11078	sumgen in avak kawikawite zong kikhamcipding cihi
e71929	20.20.19	Mi a gensia kawikawite muanhuai thei lo hi
e71930	22.3.3	Khuasung cing a, pai kawikawite ka tuak a
e71931	19.101.4	Lungsim kawina ka deih het kei a
e71932	21.7.26	ama hong kawina khut in sikkhau bangin
e71933	20.27.6	i galte’ hong ngawng kawina in
e71934	21.1.15	A kawisate kimamsak thei lo a
e71935	42.3.5	Lam kawite kitangsak ding a
e71936	23.59.8	Na lungsim uh lampi kawite bang a
e71937	58.11.37	tuuvun keelvun silhin a kawivak uh hi
e71938	10.15.20	kote tawh a kawivak dingin nang hong bawl ding
e71939	41.11.27	biakna innpi tual ah a kawivak lai takin
e71940	44.9.32	mun khempeuh ah a kawivak lai takin
e71941	25.5.18	se-alte a kawivak uh hi
e71942	41.11.11	na khempeuh a kawivel khit ciangin
e71943	zd:20304	Siapa in, mual tung khat kawk in
e71944	zd:17755	alaite khutme tawh kawk kawm sa in
e71945	40.12.49	a khut zanin a nungzuite kawk a
e71946	26.46.19	inndeite omna nitumna lam pang mong hong kawk a
e71947	23.58.9	mi simmawhna khutme tawh kawk in
e71948	27.8.8	vantung kiu lite a kawk hi
e71949	zd:9236	Ama' nuntakna pen kawk bang lo-a a siangtho mahmah khat hi
e71950	10.22.24	Ama mai-ah kawk ka baang kei a
e71951	10.22.26	a kawk baang lo mi tungah
e71952	19.19.13	Tua ciangin kawk ka baang kei ding a
e71953	22.4.7	kawk baan’ nading na nei kei hi
e71954	19.18.23	Ama mai-ah kawkbaang hetloin ka om a
e71955	10.22.26	a kawkbaang lo mi tungah
e71956	19.19.13	Tua ciangin kei ka kawkbaang kei ding a
e71957	22.4.7	kawkbaanna ding na nei kei hi
e71958	19.18.23	Ama mai-ah kawkbang loin
e71959	19.18.25	kawkbang lo mi tungah na diktat hi
e71960	1.31.32	a om leh kawkkhia in la, la in
e71961	3.15.29	kawl vakhu no nih la-in
e71962	3.14.30	vakhu hita leh kawl vakhu no hita leh
e71963	1.15.9	vakhu khat leh kawl vakhu khang lai khat
e71964	24.48.28	khuapite nusia un la, kawl lakah teeng un
e71965	19.84.3	kawlgit nangawn in a inn ding mu a
e71966	2.39.26	mang kawlsing gah khat
e71967	5.8.8	thei kung leh mang kawlsing a omna leitang
e71968	2.39.24	puan hoih tawh mang kawlsing gahte bawl uh hi
e71969	29.1.12	Mang kawlsingte, nisuhte, epel kungte
e71970	12.25.17	simsiam le mang kawlsingte khuamluzepna kimkotah om hi
e71971	zd:21083	Na tupna en kawm in thugen in
e71972	7.7.25	Midiante a delh kawm-un Oreb suangpi-ah Oreb that uh
e71973	11.17.11	Anlum neu khat zong hong tawi kawm in
e71974	21.10.3	lampi-ah a pai kawm nangawnin haitat uh a
e71975	1.32.31	amah bai kawm-in Peniel a kantan lai takin
e71976	9.9.27	khuapi nawl-ah a paisuk kawm-un Samuel in Saul kiangah
e71977	22.2.14	Suangheeng kawma vasa bangin
e71978	18.38.13	a kawma bu migilote a sinkhiat ding
e71979	zd:9226	auto-harp khat tum kawma gospel la sasa
e71980	zd:25580	kawlte kalsuandan en kawma kalsuan mah kisam ding hi
e71981	40.25.1	a meivak tawi kawma paikhia nungak sawm
e71982	zd:22683	Laibu kawmah a lu phum in
e71983	zd:16617	inntung Ceiling kawmah gul mu ahih manin
e71984	41.5.27	mihonte kawmah Jesuh’ nung a zui hi
e71985	27.4.21	vasate in a hiang kawmah bu a bawl uh
e71986	27.4.12	vasate in a hiang kawmah bu bawl uh a
e71987	10.18.14	tawsaw hiang kawmah Absalom a hing lai-in
e71988	19.10.8	munbu kawmah mawhnei lote a that hi
e71989	20.26.14	Kongkhak in kawmheek tungah a kiheihei
e71990	20.26.14	Kongkhak pen kawmhek tungah a kiheihei
e71991	zd:22040	nuihmai kawmin a khut a lapsan hi
e71992	zd:20069	a Siapa en kawmin, a khitui hong luang hi
e71993	zd:21105	Ngaihsutna nam tampi nei kawmin kalsuan ni
e71994	19.100.2	la sa kawmin hong pai un
e71995	44.10.27	a kiho kawmin Peter zong inn sungah tum a
e71996	20.16.23	Mipilte in thu ngaihsun kawmin kam pau uh a
e71997	10.16.13	a pai kawmin samsia-in suangte tawh amah dengin
e71998	zd:15759	pasalkhat Phone kiho kawmkawm in paiphei hi
e71999	zd:24682	Thu ong gen kawmkawm in ong kap hiau hi
e72000	zd:25131	Na dawn kawmkawm in tawmvei sungta muamkawm zel in
e72001	12.2.11	amaute a pai kawmkawm a kiho
e72002	zd:17583	thu ngen kawmkawmin a pai hi
e72003	zd:17055	damdamin a khe kai kawmkawmin hong tai hi
e72004	zd:21136	a tai kawmkawmin ham zaza lai hi
e72005	20.17.1	Kitawng kawmkawmin pawipi sungah an nekna
e72006	zd:15839	mual kawmlak ka paipai uh leh kawhawm khat ka tung uh hi
e72007	zd:20401	Innsia losia kawmlak ah aomkha aomhiam
e72008	zd:16878	a hih khiat zawh loh kawmlak a teng kai khia hi
e72009	9.13.6	leihawm sung, suang kawmlak, han lak
e72010	9.10.22	amahmah van kawmlakah bu hi
e72011	24.13.27	na ang kawmna, na hukna leh gamlak
e72012	65.1.23	kidop kawmna tawh na huh unla
e72013	17.4.2	Puanhampi silh kawmpi-in kongpi-ah kuamah kilutsak lo
e72014	26.12.18	a liing kawmsa-in an ne-in tui dawn in
e72015	25.1.11	Amaute in thuum kawmsa-in annek zong dingin
e72016	26.40.36	kawmsung lam tung kizemte
e72017	26.41.3	a pang tuaka om kawmte tong sagih
e72018	26.41.17	Biakinn sung lam kawmte pen
e72019	14.3.7	a kawmte tungah kherubte bawl hi
e72020	15.5.8	a kawmte sing tawh kibawl hi
e72021	26.40.10	a kikal-a kawmte zong a sahna kikim hi
e72022	26.40.48	a pang tuaka kawmte tong thum tuak sah hi
e72023	26.40.16	inndei kikal-a kawmte tungah nisuh kung lim kibawl hi
e72024	18.39.28	suangheng kawmte phualpi-in nei uh hi
e72025	23.7.19	lingkung kawmte leh ganhing tatna mun khempeuh
e72026	12.3.24	a pai kawmun Moab mite that uh hi
e72027	66.18.19	a thum kawmun a lu tung uhah leivui thehin
e72028	42.21.26	bang hong piang ding, ci-in a ngaihsut kawmun mite lau-in
e72029	16.4.18	Kulh ciangte in na a sep kawmun
e72030	41.9.9	Mualtung panin a paisuk kawmun Jesuh in
e72031	10.15.30	a pai kawmun kap uh hi
e72032	22.2.9	kawmvang panin hong en giau hi
e72033	zd:14816	taina panin kawng natna kingah thei hi
e72034	zd:24276	Pasalte kawng kimkot pen 102cm
e72035	zd:16665	lampai ciangin, na kawng tangsak in
e72036	23.11.5	thumanna dial a kawng ah thuah ding hi
e72037	27.10.5	kham kawnggak tawh a kawng a gak mi khat
e72038	41.1.6	savun kawnggak in a kawng a gak hi
e72039	1.37.34	a kawng-ah puanhampi teng a
e72040	3.4.9	a kawng-a om a kal nihte a thau tawh
e72041	11.18.46	amah in a kawng gakin Jezre-el lutna dongah
e72042	3.3.4	a kawnga om a kal nihte
e72043	3.4.9	a kawnga om a kal nihte a thau tawh
e72044	1.37.34	a kawngah puanhampi teng a
e72045	12.1.8	a kawngah savun kawnggak gak hi
e72046	11.20.31	puanhampi i kawngah tengin
e72047	43.13.4	a kawngah a mainulpi a teeng hi
e72048	13.19.4	a kawngciang uhah a puante at
e72049	pk:115	kawnggak tawh ka kawng gak ing
e72050	zd:19774	Company khat in kawnggak bawl aa
e72051	zd:22341	kawnggak zang nuam khol lo uh a
e72052	zd:17262	naupang khedap leh kawnggak cihte kihel hi
e72053	27.10.5	kham kawnggak tawh a kawng a gak mi
e72054	49.6.14	thuman thutak kawnggak na gak un la
e72055	40.10.9	na kawnggak sung uh ah na vom kei un
e72056	2.28.39	a kizem kawnggak khat na bawl ding hi
e72057	23.3.24	kawnggak tangin khauhualpi
e72058	23.22.21	nangma kawnggak tawh amah ka gak ding a
e72059	66.1.13	a awmah kham kawnggak gakin
e72060	3.8.7	a kawnggak tawh gakin, a puantualpi silh sak a
e72061	3.16.4	saihadial kawnggak tawh kigakin
e72062	40.3.4	savun kawnggakin a kawng a gak hi
e72063	23.11.5	Amah in dikna tawh a kawnggakin
e72064	2.28.40	puantungsilhte, kawnggakte, lukhute na bawl ding hi
e72065	2.29.9	kawnggakte tawh amaute gakin amau' tungah a lukhute uh
e72066	3.8.13	kawnggakte tawh amaute gakin
e72067	20.31.24	kawnggakte zong bawl a
e72068	9.9.24	a khe leh a kawngsa la-in
e72069	19.69.23	amau kawngte uh linglingsak in
e72070	19.69.23	a kawngte uh zawcipsak in
e72071	26.23.14	a kawngten puan leh a dialkhip kaite tawh
e72072	23.3.20	lukhute, banbulhte, kawngtente, paknamtui bungte
e72073	18.24.8	guahtui in amaute kawtciimsak a
e72074	zd:19330	Nakhut kawtsak inla, cikhum tawh nuai in
e72075	zd:11020	Tui hong, khutte kawtsak in
e72076	zd:20172	kisilna tui in kisilna room teng kawtsak mang ding hi
e72077	22.5.2	meiilum in ka sam kawtsak hi
e72078	42.7.44	ka khe khitui tawh kawtsak a
e72079	24.13.1	na lei khit ciangin kawtsak loin teng in
e72080	1.2.10	Huan sung a kawtsak dingin
e72081	28.6.3	lei a kawtsak khuapi guah
e72082	29.3.18	Shittim kuam khempeuh kawtsak ding hi
e72083	26.32.6	Na sisan tawh leitung khempeuh ka kawtsak ding a
e72084	23.16.9	ka khitui tawh note kong kawtsak hi
e72085	39.2.13	khitui tawh na kawtsak uh a
e72086	42.7.38	a khe khitui tawh kawtsakin
e72087	23.55.10	amaute ciahkik loin leitung kawtsakin
e72088	23.22.14	Topa in kazakna ah thu hong gen
e72089	43.4.17	ke’n pasal ka nei kei hi
e72090	45.16.8	Pasian hangah ke’n ka it Amflias
e72091	42.20.3	Note zong ke’n kam khat kong dong ding hi
e72092	20.30.20	Bangmah khialhna gamta ke'ng
e72093	zd:16832	coffee hai zong hong ling keei hi
e72094	zd:20264	Marie tungah lungdam lua in pahtawi keei uh hi
e72095	zd:20845	a na buai keei hi
e72096	24.6.4	i liimte sau keei ta hi
e72097	24.6.14	hoihna om keei lopi
e72098	24.2.19	nuam hetlo-a kha keei hi
e72099	zd:23670	Amah in thuak keeikaai hi
e72100	zd:25275	athuak keeikaai laitak Topa lungdam mahmah hi
e72101	zd:16989	athuak keeikaai te ahihi
e72102	46.13.7	na khempeuh a thuak keeikaai hi
e72103	zd:13076	a tapa in zong keek zo in
e72104	10.22.35	thal khauh pente keek zo hi
e72105	19.37.14	a thal uh a keek hi
e72106	19.18.34	sumngo thal nangawn a keek zo hi
e72107	12.13.16	Thal keek in
e72108	14.14.8	lumneu pua-in thal a keek
e72109	25.3.12	Amah in a thalpi keek a
e72110	zd:25227	guah hong zu in keek hong kia a
e72111	18.36.32	Amah in keek thu pia a
e72112	18.1.16	Vantung panin keek hong kia a
e72113	2.9.23	leitungah keek kia suk hi
e72114	19.78.48	a gankhawite uh keek tawh denglum hi
e72115	18.38.25	keek’ lampi ding sialsak ahi hiam
e72116	2.9.24	khua phia-in keek ging om tawntung hi
e72117	zd:11891	England kumpite in gam keek kawikawi uh a
e72118	zd:13340	kigi hong keek den hi
e72119	zd:21105	Chin state huang keek sawm masa leng
e72120	2.34.24	na gamgite uh nomau’ adingin ka keek ding hi
e72121	20.23.10	leitang va keek kei in
e72122	21.9.12	Lam-et loh hun laitak keekin
e72123	46.3.15	meikat nading panin a suakta bang keekin
e72124	38.4.1	a kiphong bang keekin kei hong khanglosak hi
e72125	23.58.2	a nusia lo minam bang keekin
e72126	38.10.6	ka nial ngei loh bang keekin
e72127	41.15.18	A zahtakbawl bang keekin hopih uh a
e72128	58.11.29	Lei keu tunga pai bang keekin
e72129	12.9.24	a thal keekin a liangko nih kikal
e72130	38.9.13	Judah, thal bangin keekin, Israel thaltangin ka zang ding a
e72131	42.10.18	Vantung panin keekkia bangin Satan
e72132	15.9.5	ka puan keekpi mah silh kawmin
e72133	13.4.10	ka gamgi hong keeksak in
e72134	23.26.15	gamgi khempeuh na keeksak khin hi
e72135	28.5.10	midangte’ leitang keeksak uh ahih manin
e72136	5.19.8	na gamgite uh hong keeksakin
e72137	41.2.21	puanthak in puanlui keeksakin a vang gol thei hi
e72138	59.5.3	ngunte uh zong a keekseu khin hi
e72139	59.5.3	Tuate keekseuna in note lang khatah
e72140	3.13.45	miphakpa in puan keekte silhin
e72141	19.18.34	sumngo thal nangawn a keekzo hi
e72142	10.22.35	sumngo thal khauhpente ka keekzo hi
e72143	zd:15996	vok, keel, ak cih bang kigo thei hi
e72144	zd:15730	ui le keel khawi daan
e72145	zd:15637	ni khat keel khat ta kigo
e72146	58.10.4	bawngtal’ si leh keel’ si
e72147	23.34.14	keeldawi in a lawmte sam ding hi
e72148	23.13.21	tua munah keeldawite laam ding uh hi
e72149	22.6.5	Gilead mual tunga keelhon diang leklek bangin
e72150	11.20.27	keelhon neu nih bangin giahphual sat uh a
e72151	3.5.6	tuuhon pan ahi a, keelhon pan ahi zongin
e72152	1.27.9	keelhon lakah va pai in la
e72153	1.38.17	keelhon panin keelno khat hong puak ning
e72154	3.3.6	tuu leh keelhonte sung panin
e72155	3.16.21	amah in keellu tungah tuate suan-in
e72156	2.36.14	keelmul tawh kibawl puante zong bawl hi
e72157	2.35.26	numei khempeuh in keelmul khuk uh hi
e72158	9.19.13	keelmul lukham khat a lu-ah koihin
e72159	20.27.27	Na keelnawite ahih leh, na innkuan an nek ding
e72160	7.13.15	nang adingin keelno khat hong bawl nung
e72161	9.16.20	leenggahzu savun thawl khat leh keelno khat
e72162	2.23.19	nawizu tawh keelno na huan kei ding uh hi
e72163	1.27.9	keelno a hoih nih hong paipih in
e72164	42.15.29	keelno khat zong khatvei beek nong pia ngei kei hi
e72165	23.11.6	kamkei gialbem pen keelno tawh lum khawm ding hi
e72166	14.35.7	tuunote leh keelnote tul sawmthum ciang dong
e72167	1.27.13	pai-in keelnote kei’ kiangah hong puak in
e72168	1.27.16	keelnote’ vun ama' khut tung
e72169	1.27.14	pai-in keelnote va la-in a nu kiangah paipih a
e72170	23.5.17	keelnote in a siasa khuapi sungah gamta ding uh hi
e72171	4.15.27	kum khat a pha keelnu khat pia ding hi
e72172	1.15.9	kum thum a pha keelnu khat
e72173	1.30.35	keelpi a puang leh a gialte
e72174	1.32.14	keelpi za nih leh keeltal sawmnih
e72175	1.31.38	na tuupi leh na keelpite ta-tolh nai lo a
e72176	1.32.14	keelpi za nih leh keeltal sawmnih
e72177	3.16.5	khialhna hanga biak nadingin keeltal nih
e72178	26.43.22	pauban’na a om lo keeltal khat la-in
e72179	27.8.8	Tua keeltal a thahatna hong khangto semsem a
e72180	24.51.40	tuutal leh keeltal bangin ahi zongin
e72181	14.29.23	khialhna hanga biak nading keeltal sagihte
e72182	26.27.21	tuuno, tuutal leh keeltal tawh
e72183	19.50.9	na ganbuk pan uh-a keeltal
e72184	40.25.33	Tuute a ziatlam, keelte a veilam a koih ding hi
e72185	19.50.13	keelte’ si dawn ding ka hi hiam
e72186	40.25.32	tuu leh keelte a tuam khen mah bangin
e72187	58.11.37	tuuvun keelvun silhin a kawivak uh hi
e72188	2.36.19	tuutal vunte leh keelvunte tawh khuhna khat
e72189	2.25.5	a kisansak tuutal vunte, keelvunte, singkha sing
e72190	2.26.14	tuutal vunte le keelvunte tawh puanbuk khuhna khat
e72191	zd:23990	i ngeina lim takin keem ni
e72192	zd:12402	na file sungah na keem pan in
e72193	ts:3375	limtak in na khoi in na keem uh hi
e72194	55.4.7	upna thu ka keem zo hi
e72195	59.3.2	ama pumpi khempeuh a keem thei mi
e72196	66.16.15	ama puante a keem mi
e72197	50.4.7	na ngaihsutnate uh hong keem ding hi
e72198	61.2.5	Noah leh mi sagihte keem a
e72199	59.1.27	a en a keem thei a
e72200	9.25.42	ama nasem numei nga in amah keem hi
e72201	40.25.44	hong keem hong khoi lo ka hi uh hiam
e72202	60.5.7	Pasian in note hong keem ahih ciangin
e72203	9.17.20	a keem ding mi khat tawh a tuute nusia a
e72204	38.10.3	amaute lim takin keemin
e72205	40.25.28	talen nga keempa pia un
e72206	46.4.2	sumpi keempa in lungsim dik a nei ding hi
e72207	54.1.12	Tua thu kei hong keemsak ahih ciangin
e72208	54.1.20	Satan ka keemsak zo hi
e72209	40.25.14	sum a keemsakpa tawh kibang hi
e72210	48.4.2	a cingte leh a keemte’ khut nuai-ah
e72211	zd:13148	tua mawtaw pen keen na kia in, mi 6 na si
e72212	zd:23591	keen lakpi-ah khau tawh luai-in a kikahto ahih manin
e72213	zd:17635	A lauhuai keen laizanga pak ahih manin
e72214	40.8.32	vok hon in keen sang tung pan
e72215	14.25.12	tua keen dawn panin amaute lawnsuk uh a
e72216	23.2.20	suang hawmpite sung leh keen hawmte sungah
e72217	42.8.33	tui gei keen tung khawngah tuaksuk gawpin
e72218	21.12.5	keen sangte-ah pai ngam nawn loin
e72219	14.26.9	a Keen Kulh san-ah tausangte lam a
e72220	42.4.29	khuanawl keenah a bungbu sawnkhiat dingin
e72221	18.30.6	leihawm leh keenhawm sung peuhah
e72222	23.7.19	keenhawmte sung leh suangpi heengte sung
e72223	23.2.20	suanghawmpite sung le keenhawmte sungah
e72224	26.38.20	Mualte pukin, keente cimin
e72225	20.30.31	a kihihsak pai gangan keetal
e72226	pk:14	A inn keh a, a phop hi
e72227	21.10.18	a inn keh ding a
e72228	24.2.13	tuikhuk keh-in tui a vung thei kei hi
e72229	5.14.1	hangin note ki-at keh loin
e72230	20.17.14	tui lipi cin’na phung kehsak khak tawh
e72231	20.17.14	tui lipi cinna phung kehsakkhak tawh kibang hi
e72232	19.56.3	Kei ka lau ciangin nangmah ka hong muang hi
e72233	43.18.8	Kei tua pa ka hi hi
e72234	46.4.18	Kei hong pai lo ding ci-in
e72235	5.32.39	Kei sim loh pasian dang om lo hi
e72236	43.15.23	Kei hong mudah mi
e72237	43.14.14	Kei min suangin na nget peuhmah uh
e72238	zd:25749	Pasian ading ahih nak leh ih thuak keikai ding kisam hi
e72239	zd:20809	Minute 5 sung khawng thuak keikai zo leng
e72240	35.2.3	ahi zongin ngak keikai in
e72241	20.5.13	amau’ hong hilhnate ka don keikha hi
e72242	13.17.13	amah in Keima tapa hi ding hi
e72243	42.1.46	Keima lungsim in Topa a pahtawi hi
e72244	42.21.17	Keima min hangin mi khempeuh in
e72245	18.33.8	Keima zakin thu na gen khin a
e72246	zd:20218	Tua pa pen keimah ka hi hi
e72247	zd:25281	Ka gaal lian penin keimah ka hihi
e72248	zd:15942	keimah in ka thukkik ding hi
e72249	1.4.13	keimah gim hong kipiakna, ka thuak zawh ding hi lo hi.
e72250	23.43.11	keimah in Topa ka hi a
e72251	45.7.17	gamtatna a hoih lo keimah in ka hih kei hi
e72252	18.32.7	ci-in keimah in ka ngaihsun hi
e72253	19.35.2	keimah hong huh in
e72254	48.1.24	keimah hangin Pasian’ min a phat uh hi
e72255	19.16.1	nangmah hong bel ka hih ciangin keimah hong kem in
e72256	24.32.27	Keimah in Topa ka hi a
e72257	43.6.20	Keimah ka hi hi, lau kei un
e72258	46.16.21	Keimah Paul in kihopih nading ka khut tawh kong gelh
e72259	3.26.32	Keimah in leitang ka siasak ding a
e72260	44.10.26	Keimah zong mi ka hi hi
e72261	18.13.14	Keimah in ka nuntakna pia ngamin
e72262	zd:20058	keimahmah hanciam in ka sem ding hi
e72263	zd:24181	uliante tangin keimahmah in zong hong gen nuam hi ing
e72264	zd:25168	Natna ngah lakah zong keimahmah ka kihel kha hi
e72265	26.34.11	keimahmah in ka tuute ka zong ding
e72266	1.31.39	tua supna keimahmah in ka thuak hi
e72267	11.18.15	ama kiangah keimahmah ka kilak taktak ding hi
e72268	5.18.19	keimahmah in ka thuk ding hi
e72269	23.34.15	Tua munah keising in bu tomin
e72270	5.14.16	keising leh simbu
e72271	36.2.14	kongvangneu-ah keising khuang-in
e72272	1.4.10	leilak panin keitungah hong kiko hi
e72273	1.49.27	Benjamin in a ne bakbak keivom hi a
e72274	24.5.6	sehnel gam panin keivom khat in a petgawp ding hi
e72275	36.3.3	a thukhente, keivom gilkial bang uh hi
e72276	35.1.8	keivom gilkial sangin kihtakhuai zaw hi
e72277	25.4.3	keivompi nangawn in zong a note a nawi
e72278	25.4.3	Keivompi nangawn in zong a note
e72279	24.15.3	a keizan gawp dingin ui
e72280	25.3.12	Amah in a thalpi kek a
e72281	zd:19105	hawl kek mang ding hi hang
e72282	24.41.5	a puan uh bal kek-in
e72283	25.3.66	Amaute delh kek in la
e72284	24.48.37	A khutte uh kui kek uh a
e72285	24.46.21	nungkikin a tai kek uh hi
e72286	zd:24130	kek in hong kha kei zongin
e72287	zd:14790	Phone zatna panin zong kek in kha hi ci uh hi
e72288	18.38.25	kek’ lampi ding sialsak ahi hiam
e72289	44.19.16	puan keksa-in tua mipa’ inn panin a taikhia
e72290	40.6.19	Na sum na paite uh kekseu thei
e72291	40.6.20	a kekseu theih lohna
e72292	59.5.3	Na ngun le na khamte uh kekseu khinta hi
e72293	40.6.20	kekseu thei lo, nget in ne thei lo
e72294	59.5.3	Hih kekseuna pen note langah teci suak
e72295	ts:3168	sial 75, bawng 50 leh Kel 100 go uh hi
e72296	zd:15767	a gui zong Kel an dingin kazang uh hi
e72297	zd:21006	bawng ek, Kel ek te pia ding hi
e72298	24.50.8	Kel hon laka keltal bangin
e72299	26.7.17	a khuk uh liing kelkel ding hi
e72300	22.4.1	a ngaih baang na mit hong tee kelkel hi
e72301	34.2.10	khukte liing kelkel a
e72302	26.32.10	lau-in liing kelkel ding uh hi
e72303	26.21.7	a khuk uh a lin’ kelkelna ding
e72304	23.66.2	lau-in a liing kelkelpa pen keima deih
e72305	27.4.33	a sam kelmul bangin sau a
e72306	24.50.8	Kel hon laka keltal bangin
e72307	27.8.21	keltal in Grik kumpi gam hi a
e72308	23.1.11	keltalte’ sisan-ah kei ka lungkim kei
e72309	zd:24123	A ci anat ciang limtak kem ding
e72310	zd:25176	TOPA IN HONG kem CIAT TA HEN
e72311	zd:23204	India te in zong a pau uh na kem uh hi
e72312	19.16.1	keimah hong kem in
e72313	19.34.13	zuau genna panin na muk kem in
e72314	1.28.15	na paina peuhah kong kem ding a
e72315	19.1.6	Topa in midikte’ lampi kem a
e72316	19.145.20	Topa in amah a itte khempeuh kem a
e72317	24.39.12	Limtak-in kem un la, bawlsia kei un
e72318	20.27.23	na bawnghonte hoih takin kem in
e72319	2.3.1	a sungpa Jethro’ tuuhon kem hi
e72320	1.29.9	amah in tuate kem hi
e72321	26.34.23	amaute hoih takin an vakin kem ding hi
e72322	1.30.31	na tuuhonte vak kikin ka kem ding hi
e72323	19.64.1	gal launa panin kei hong kem in
e72324	19.116.6	Topa in thu thei lo mi hong kem a
e72325	pk:12	Tawhbom a kem hi
e72326	zd:17025	Sawt vei ki kem thei lo
e72327	1.33.9	nang’ neihte nangma adingin kem in
e72328	2.12.6	ni sawm-le-li dong na kem ding uh hi
e72329	16.13.13	tua vankoihna innte a kem dingin
e72330	60.2.25	hong Cingin hong Kem pa a zui dingin
e72331	zd:10842	Hand Phone zong palik te'n kemcip uh a
e72332	zd:20635	sum pawl khat kemcip ngiimna tawh
e72333	zd:15496	vankepna Storage sungah ki kemcip photding hi
e72334	3.19.13	zan tawntung na kemcip kei ding uh hi
e72335	24.4.14	gitlohna lungsim bang tanvei kemcip ding na hi hiam
e72336	zd:20069	a Pa in kemin khansuah hi
e72337	zd:22341	tate lim tak kemin pantah uh hi
e72338	zd:17107	nisim in Cobra te anpia in, kemin, akhoiden himawk hi
e72339	19.119.34	Nangma thute kemin ka lungsim khempeuh tawh
e72340	65.1.21	Pasian’ itna sungah na pumpi uh kemin om un
e72341	19.32.7	haksatna panin kei hong kemin
e72342	9.25.16	tuute kemin amaute tawh ka om
e72343	44.13.18	gampa lakah naungeek bangin kemin a vaak hi
e72344	59.1.27	a haksatna uhah hoihtakin kemin
e72345	13.23.32	kikhopna puanbuk leh biakinn kemin
e72346	11.1.2	amah a kemnu hi ta hen
e72347	11.1.4	kumpipa a kemnu suakin ama na sem hi
e72348	zd:22095	thonginn kempa Lewis lah nasep hong kuan nawnlo mawk hi
e72349	zd:11999	Siapa pen Tauleng Peniel AG Pawlpi kempa hi
e72350	1.4.9	ka sanggam a kempa ka hi hiam
e72351	1.4.2	Abel in tuu kempa hi a
e72352	1.39.23	thong kempa in don lo hi
e72353	19.121.4	Israel a kempa pen lusu lo a
e72354	19.121.3	kei hong kempa lusu lo ding hi
e72355	20.27.18	a topa a kempa in pahtakna ngah hi
e72356	1.39.21	thong kempa’ muhna-ah amah maipha pia hi
e72357	28.13.5	note a hong kempa in keimah ka hi hi
e72358	zd:13194	na meltheih te kiangah kemsak hamtang in
e72359	zd:17731	thunei te'n atate pen apa kiangah kemsak uhhi
e72360	42.16.11	sum taktak kua in no hong kemsak ding hiam
e72361	42.16.12	kua in note sum hong kemsak ding hiam
e72362	1.41.35	antangte kholin, amaute kemsak in
e72363	1.40.4	Inncing mangpa in amaute Josef kemsak a
e72364	44.12.4	galkap pawl li kemsak a, thong sungah a khia hi
e72365	19.91.11	ama vantungmi nang hong kemsak ding hi
e72366	26.18.12	a piak nate piakik loin kemsuak hi
e72367	zd:22868	amaute pen ei ong kemte hi zaw uhi
e72368	zd:23729	singkung nam tampi a kemte ahi uh hi
e72369	zd:25178	a kemte zong lungsim pumpi a gimsa ahi hi
e72370	13.27.31	Kumpi David’ neihsa a kemte ahi uh hi
e72371	1.46.32	tuucing ahih manin gan kemte ahi uh hi
e72372	12.10.5	upate leh a kemte tawh kigawmin
e72373	12.10.1	leh Ahab’ suan-le-khak a kemte
e72374	44.20.28	a pawlpi hoihtakin a kemte na hi ta un
e72375	46.4.1	thuthuk a kemte bangin midangte in
e72376	13.28.1	kumpipa’ ganhingte leh a tapate a kemte pen
e72377	1.15.19	Ken mite, Kenaz mite, Kadmon mite
e72378	24.48.28	Ken pang-a vakhu bu bawl bangin
e72379	1.36.11	Zefo, Gatam, leh Kenaz ahi hi
e72380	zd:17861	a neih a lamh uh hong kengin
e72381	zd:10742	uliante kiangah khuttawi limci kengin kithumsak hi
e72382	12.8.8	Letsong khat kengin Pasian’ mipa dawn dingin
e72383	9.23.6	siampipuan khat kengin paisuk hi
e72384	14.17.9	thukham laibu kengin Judah sungah hilh uh hi
e72385	19.96.8	biakpiakna hong kengin ama huang sungah hong pai un
e72386	26.23.24	leeng galkap leh vanpua leeng tampi hong kengin
e72387	4.31.6	Eleazar’ tapa Finehas kengsakin gal sungah
e72388	42.9.3	puan-ak zong a valin kengthuah kei un
e72389	40.10.10	puanak zong a val kengthuah kei un
e72390	zd:20809	A tawpdong mah ngak kenkan zo leng
e72391	25.3.26	thuakzawhna tawh ngak kenkan zo leng
e72392	27.12.12	a ngak zo kenkante in thupha a ngah
e72393	25.3.26	thuakzawhna tawh ngak kenkanzo lehang
e72394	44.13.18	amaute na ompih kenkon hi
e72395	41.5.13	vok honpite kensang tung pan taisukin
e72396	42.8.33	kensang tung pan taisuk uh a
e72397	zd:13088	na Nu teek na Pa teek hoihtak in na kep ding ahihi
e72398	zd:24786	A kep theih bangin kem hi
e72399	zd:23729	India gamah kimlepaam kep nading hanthotna
e72400	2.22.10	ganhing khat peuhpeuh kep dingin a piak a
e72401	57.1.13	kei hong kep nadingin ka koih nop hangin
e72402	2.16.34	Aaron in kep dingin Tecipan’na mai-ah koih hi
e72403	54.3.5	a bangci kep theih ding hiam
e72404	17.2.8	Hegai’ kep dingin ap dingin
e72405	1.30.35	ama' tapate’ kep dingin tuate koih hi
e72406	26.34.12	Tuucingte in a kithehthang tuute kaikhawmin a kep bangin
e72407	49.5.29	Khazih in pawlpi a vaak a kep mah bangin
e72408	5.11.12	Topa na Pasian un a kep leitang ahi hi
e72409	46.12.24	limtakin i kepdiak ding a kisamin
e72410	zd:23191	Nadang sangin tate kepna thupi sak zaw in
e72411	zd:22773	A lamdang Pasian ong kepna ahi hi
e72412	zd:16621	tagah kepna sanginn khat
e72413	18.10.12	nangma hong kepna hangin ka nungta hi
e72414	13.26.28	Shelomoth leh a sanggamte’ kepna sungah om hi
e72415	44.24.2	nong kepna leh na thumuhkholhna tawh
e72416	9.25.29	Topa na Pasian kepna sung a hing mite lakah
e72417	19.119.9	Nangma thu mah bangin kepna tawh
e72418	65.1.1	Jesuh Khrih kepna sungah Pasian itna tawh
e72419	13.29.8	Gershon mi Jehiel’ kepna sung
e72420	23.49.6	ka kepsa Israel mite
e72421	42.19.15	a sum a kepsak nasemte in
e72422	54.1.11	Pasian in kei hong kepsak Lungdamna Thu
e72423	zd:11891	Tua in i pau hong kepsak a
e72424	zd:21937	atate pen api in kepsak kici hi
e72425	zd:23729	Leitung ii khuasatna hong kepsak pen
e72426	60.1.5	Pasian in ama vangliatna tawh a hong kepsak ahi hi
e72427	23.61.5	na tuuhonte uh hong kepsak ding a
e72428	44.22.20	a thatte’ puante nangawn ka kepsak hi
e72429	3.6.2	na kepsakna thu-ah ahi zongin
e72430	30.2.8	a puan kepsakte uh phah uh hi
e72431	55.1.12	tua Ni dong hong kepsakzo ding hi
e72432	66.18.16	kham, suangmanpha, le kepte tawh a kizem
e72433	66.18.12	a suangmanphate, a kepte, a puanpakte
e72434	1.39.9	amah in a keptuam bangmah om lo
e72435	24.48.24	Kerioth khua leh Bozrah khua-a kipan Moab gam
e72436	23.19.6	Nail gun hiangte kiamin keucip ding a
e72437	29.1.20	lonona khempeuh keucip ahih manin
e72438	19.32.4	khuakhal nisa’ kat bangin ka thahatna a keucip hi
e72439	24.12.4	Ka gam sung bang tanvei keucip ding ahi hiam
e72440	23.19.7	Nail gun kianga kituh khempeuh keucip-in
e72441	11.13.4	a zankhiat a khut keucip ahih manin
e72442	29.1.17	khai kituhte lei sungah keucip a
e72443	23.19.7	a kituh khempeuh keucipin huih in leenkhia-in
e72444	zd:19998	a golma in keugaw ding hi
e72445	zd:23729	Singkung om loh mun pen keugaw gam hong suak
e72446	zd:22584	Tedim kiim teng keugaw gam suak ta hi
e72447	25.4.8	a vun uh sing bangin keugaw-in
e72448	23.24.4	Leitung vulin keugaw a
e72449	29.1.10	oliv kungte keugaw ahih manin
e72450	59.1.11	lopa kung in keugaw a
e72451	18.12.15	guah a khaktan ciangin leitung keugaw a
e72452	23.35.7	a keugaw leitang pen ciktui tawh hong kidim ding hi
e72453	19.68.6	mi lehdote ahih leh keugaw gamah teeng uh hi
e72454	5.1.19	a lian a lipkhaphuai keugawgam i nawk hi
e72455	24.14.4	guahzu lo ahih manin lei a keugawp hi
e72456	30.1.2	lonona gam teng keugawp a
e72457	29.2.3	a kinusia a keugawp gam tawh kibang hi
e72458	34.1.4	Bashan gam keugawpin Karmel Mual kausan a
e72459	pk:23	Akno a keuh hi
e72460	pk:168	Aktui a keuh thei lote
e72461	zd:24176	A keuh ciangin a note la in
e72462	zd:21426	Atui te hong keuh takciang
e72463	23.34.15	tua lai-ah tui-in keuh ding a
e72464	23.34.15	bu tomin, tui-in, keuhin, ama kha liimah
e72465	zd:23081	Pa Eng lau lua ling keuhkeuh
e72466	zd:20587	lungdamna luankhite luang keuhkeuh in
e72467	zd:22040	tangvalno pa liangko beeng kawm keuhkeuh in
e72468	35.2.7	Galte in note hong liingsak keuhkeuh ding
e72469	18.20.25	thaltang muk-ah si taak keuhkeuh a
e72470	24.17.11	ama’ tui lopi keuhsak dinga a op
e72471	29.1.12	epel kungte a kipan singkung khempeuh keumang khin hi
e72472	29.1.19	singkung khempeuh keumang khinta hi
e72473	24.23.10	gamlak lonona munte a keumang hi
e72474	24.14.1	khua keuna tawh kisai-in
e72475	37.1.11	mite’ nasepna khempeuh ah keuna ka tungsak hi
e72476	23.35.1	Gamlak leh lei keuna gam lungdam ding a
e72477	19.84.6	Kuam keuna mun kantanin a pai laitakin
e72478	19.126.4	lei keuna mun-ah guah in tui a puak bangin
e72479	42.11.24	mun keuna-ah vakin khawl nading a zong hi
e72480	23.25.5	mun keuna a, nisa tawh kibang hi
e72481	23.41.18	lei keuna mun pen ciktui ka suaksak ding hi
e72482	18.24.5	gam keuna sungah a an ding zong
e72483	28.13.5	Sehnel gam keuna sungah
e72484	24.52.19	Biakpiakna a kizang keuneute, mei-am luahna kuangdaite
e72485	zd:23799	Paper towel a'ihke'h hand dryer tawh keusak in
e72486	ts:479	sing phuuk uh a, a singte keusak uh hi
e72487	zd:24054	Dang keusak lo-in tuilum dawn zel ding
e72488	23.42.15	a po kungte khempeuh ka keusak ding hi
e72489	24.51.36	A bual ka keusak ding a
e72490	7.6.39	Tuumul tung bek keusak inla
e72491	12.19.24	ka khe nuai tawh Izipt luite khempeuh ka keusak hi
e72492	6.4.23	Jordan tuite note adingin keusak hi
e72493	1.41.23	nisuahna huihpi in a keusak, a hawm
e72494	26.17.24	singkung hingte keusakin, singkung keute
e72495	19.69.3	ka gim a, ka dang keuta hi
e72496	24.35.5	hai leh keute ka pia a
e72497	23.22.24	um-le-beel, kuang leh keute
e72498	24.52.19	tui buah nadinga kizang keute zong a la uh hi
e72499	23.5.24	meikuang sungah lopa keute a kattum bangin
e72500	23.5.24	mei in buhkung keute kangtum a
e72501	26.17.24	singkung keute a hingsak kik
e72502	19.102.4	lopa bangin ka keutum a
e72503	19.37.2	lokung hingte bangin keutum ding uh hi
e72504	26.31.15	gamlak sing khempeuh keutum ding hi
e72505	29.1.10	leengguite keutum a, oliv kungte keugaw ahih manin
e72506	30.4.7	a zuk lohna lote keutum hi
e72507	26.17.10	Tua a kisuanna munah keutum lel ding hilo ahi hiam
e72508	42.12.28	zing ciangin keutumin meikhuk sungah a kikhultum lopa kungte
e72509	23.24.7	Leengguite keutumin leenggahzu tawm semsem a
e72510	5.28.22	leh keutumna, leh huihpi mutgawpna
e72511	41.4.6	a kat ciangin a keutumpah uh hi
e72512	19.58.7	lopa bangin amaute kituancil-in keutumsak in
e72513	26.17.9	a hiangte kuaitanin, keutumsak ding hilo ahi hiam
e72514	26.19.12	a gah teng keutumsak hi
e72515	pk:137	ih pu ih pate kha, nungta lai hi
e72516	42.1.47	Topa Pasian hangin ka kha a nuam hi
e72517	10.23.2	Topa’ kha in kei tungtawnin thu hong gen a
e72518	9.10.6	Topa’ kha in khauhtakin nang hong uk ding a
e72519	40.22.37	na kha khempeuh, na pilna khempeuh tawh
e72520	24.32.41	ka lungsim khempeuh leh ka kha khempeuh tawh
e72521	41.12.30	na kha khempeuh, na pilna khempeuh, na hatna khempeuh
e72522	ts:3375	Ni leh kha zong bia lo uh hi
e72523	29.3.15	Ni leh kha mial a
e72524	19.74.16	nangmah in ni leh kha na bawl hi
e72525	19.136.9	zan pen kha leh aksite a uksakpa tungah
e72526	ts:11162	CNA te vapai kha uh a
e72527	ts:3125	na ka sem kha hi
e72528		nek kha, dawnkha, hihkha pen hoih lo hi
e72529	1.38.11	amah si kha ding ci-in lau hi
e72530	1.42.4	ama' tungah siatna tung kha ding ci-in lau hi
e72531	1.26.8	Rebekah a noh laitak mu kha hi
e72532	1.27.12	Ka pa in kei hong lawng kha leh
e72533	zd:24253	Kua mahin nang hong khaam lo hi
e72534	zd:24086	a lut ding phal nawnlo in a khaam uh hi
e72535	zd:21066	India gam sunga state-te in zong laibu a khaam uh
e72536	46.14.39	Kamtuam tawh pau ding na khaam kei un
e72537	42.6.29	na puan ak lak ding na khaam kei un
e72538	52.2.16	kote thuhilh hong khaam uh hi
e72539	47.11.10	kuamah in hong khaam zo kei ding hi
e72540	50.1.12	Lungdamna Thu khaam lo tham loin
e72541	24.2.24	A huk lai-in kua in khaam zo ding hiam
e72542	51.2.23	pumpi deihna zuih loh nading, khaam nadingin
e72543	17.2.10	Mordekai in khaam ahih manin
e72544	zd:25173	a inn vuah pawipi khat khaam uh hi
e72545	51.2.15	singlamteh hangin zawhna pawi a khaam hi
e72546	6.6.26	A tacil luang khaamin tua khuapi bulpi
e72547	19.60.2	lei na khaangkham sak khin hi
e72548	23.40.12	ama khaap tawh vantungte teh
e72549	7.8.21	khade lim tawh a kibang kizepnate
e72550	7.8.26	Midian kumpite in a zat khade lim tawh
e72551	23.3.18	khebuh hoihte, lutuam leh khade lim tawh a kibang
e72552	23.1.14	khadet nite leh na pawite uh ka mudah hi
e72553	13.23.31	sabbath nite, khadet nite, leh pawi nite-in
e72554	15.3.5	khadet sim-a biakna
e72555	23.24.9	zu khempeuh kisia-in khagawp ta hi
e72556	9.16.23	ama kiang panin khagilo kihemkhia hi
e72557	9.18.10	Pasian kiang panin khagilo in Saul hong bawhin
e72558	7.9.23	Abimelek leh Shekhem mite kikalah khagilo sawlin
e72559	26.1.24	amaute’ leenna a khaging uh ka za hi
e72560	26.1.24	Tua a khaging in tuipi ging
e72561	7.15.17	a la khaguh paai khia hi
e72562	7.15.16	La khaguh khat tawh mihing tulkhat ka that
e72563	18.41.2	sikkawi tawh a khaguh sunlet zo ding
e72564	23.30.28	kamkaihna pen mite’ khaguh ah a thuah hi
e72565	26.29.4	Na khaguh-ah sikkawi ka bulh ding a
e72566	59.5.17	kumthum leh khaguk tawntung leitungah guah
e72567	zd:24189	Tua khit ciangin sawltakte a khah uh hi
e72568	zd:24598	thuman leh upna khah suah kei in
e72569	42.23.20	Pilat in Zeisu khah nuamin amaute kiangah
e72570	41.15.9	Judah Kumpipa khah leeng na ut uh hiam
e72571	41.15.6	thong sungah a kikhum mi khat a khah leng hi
e72572	19.105.20	mihingte a ukpa in amah khah hi
e72573	44.26.32	ci hi kei leh, a khah tuak hi
e72574	43.19.12	Zeisu a khah nading a zong zaw hi
e72575	40.18.27	a leiba khempeuh maisakin a khah hi
e72576	41.11.6	tua mite in a khah uh hi
e72577	44.16.35	Tua mite na khah un
e72578	1.18.26	amaute’ hangin tua mun buppi ka khah ding hi
e72579	1.18.24	sawmngate’ hangin khah loin tua mun susia teitei ding
e72580	12.5.20	ka topa in Siria mi hih Na-aman khah hi
e72581	12.17.25	humpinelkaite amaute lakah khah hi
e72582	18.12.15	tui a khah ciangin tui hong khang hi
e72583	24.8.17	no lakah gul kong khah ding hi
e72584	1.8.10	teembaw panin vakhu khah leuleu hi
e72585	24.16.16	nga beng tampi ka khah ding a
e72586	26.24.4	Sa a phei, a liang, a limcipente khah in la
e72587	5.25.1	a dikpa khahin a mawhpa lelsak a
e72588	40.27.20	Barabbas khahin Jesuh a thah nadingin
e72589	45.5.18	mi khempeuh khahin nungtasak hi
e72590	18.39.5	Kua in khahin a ut utin vaksak
e72591	3.26.22	note lakah gamsate hong khahin
e72592	2.22.5	a ganhing khahin midang khat’ lo-ah a tat leh
e72593	26.22.31	amaute tungah ka hehna khahin
e72594	zd:23703	America ah missionary masa bel hong khahkhia zo ta uh hi
e72595	26.14.15	gamsa kihtakhuaite khahkhia-in
e72596	2.15.7	Na hehna na khahkhia a
e72597	23.1.24	note tungah ka hehna kong khahkhia ding a
e72598	19.146.7	Topa in thongkiate khahkhia hi
e72599	2.6.6	amau’ sal hih na panin note kong khahkhia ding hi
e72600	23.58.6	a kinengniam mite khahkhia-in
e72601	3.14.53	khuapi pua lam gam lakah khahkhia ding hi
e72602	24.40.1	galkapmang Nebuzaradan in a khahkhia kik hi
e72603	66.9.14	a kihencip vantungmi lite khahkhia in
e72604	1.32.11	Esau’ khut sung pan, kei hong khahkhia in
e72605	2.18.10	Faro' khut sung panin note hong khahkhia Topa
e72606	10.19.9	i galte’ khut sung panin hong khahkhia-in
e72607	ts:301	galmatte khahkhiat ding
e72608	ts:11378	a galmat Israelte a khahkhiat khit ciangin
e72609	44.3.14	mi that khat a khahkhiat nadingin Pilat kiangah
e72610	43.18.39	note a dingin mi khat ka khahkhiat a ngeina
e72611	48.5.1	Khrih in eite hong khahkhiat khitna hangin
e72612	42.13.16	hih numei khahkhiat ding kilawm hi lo ahi hiam
e72613	24.34.16	amau’ utna banga na khahkhiat sa uh sila numei
e72614	zd:25589	tua mite khempeuh khahkhiatna
e72615	zd:16247	Statement aki khahkhiatna ah
e72616	ts:5871	Media te'n Photo a khahkhiatna ah
e72617	23.51.6	keima khahkhiatna bei ngei lo ding hi
e72618	23.51.8	keima khahkhiatna om tawntung ding a
e72619	23.50.2	note khahkhiatna ding thahatna nei lo
e72620	2.18.9	Izipt mite’ khut sung panin amah in amaute a khahkhiatna
e72621	38.5.4	hih samsiatna a khahkhiatna ding thu gen a
e72622	24.34.16	na khahkhiatsa uh sila numei le pasalte
e72623	24.34.11	a khahkhiatsa uh numei le pasal silate
e72624	29.3.20	a mawhte ka khahkhong kei ding hi
e72625	5.13.8	amah khahkhong loin, amah na iim kei
e72626	61.2.4	Pasian in khahkhong loin hell khuk sungah khia a
e72627	61.2.5	Pasian in tanglai mite khahkhong loin
e72628	17.3.8	hih mite na hici khahkhong ding kilawm lo hi
e72629	20.6.16	Topa in a muhdah, a khahkhong ngei loh ding
e72630	34.1.3	ahih hangin mimawhte khahkhong ngei lo hi
e72631	45.1.24	a gamtat theih nadingun Pasian in khahkhong vet a
e72632	20.17.15	Migilote khahkhongna, leh thuman mite mawhsakna
e72633	zd:15732	ageinai aom luisung ah khahkik uh
e72634	zd:17930	tawlkhat khitciangin khahkik uh kici hi
e72635	zd:12837	bail tawh khahkik phot uh
e72636	24.20.3	kol bulhna panin Jeremiah a khahkik ciangin
e72637	19.100.3	ama gan khahna sunga a tuute i hi hi
e72638	23.14.30	keima gan khahna sungah an ne ding a
e72639	23.7.25	tua munte pen bawng khahna leh tuute’ gamtatna mun
e72640	18.41.3	Amah in na khahna ding hong thum ding a
e72641	42.23.20	Pilat in Jesuh khahnuam ahih manin
e72642	42.23.18	Barabbas hong khahsak in
e72643	41.15.11	Barabbas hong khahsak zaw in
e72644	19.81.6	na khut uh-a na ciangkhaite uh kong khahsak hi
e72645	44.16.37	kote hong khahsim nuam ahi uh hiam
e72646	zd:19595	Thumanna leh cihtakna khahsuah ngei kei in
e72647	zd:11172	akhutpan khahsuah dekdekta hi
e72648	zd:19098	amah na upna uh khahsuah kei un
e72649	20.3.3	Thumanna leh cihtakna khahsuah ngei kei in la
e72650	20.4.13	Hong kihilhnate lencip in la khahsuah kha kei in
e72651	45.4.20	a upna khahsuah het lo hi
e72652	20.3.21	cik mah ciangin khahsuah ngei kei in
e72653	43.6.39	a hong piak mi khempeuh khat zong khahsuah loin
e72654	58.10.35	na lungsim hanna uh na khahsuah kei un
e72655	12.10.24	kong piakte khat peuhpeuh a khahsuah pa
e72656	58.2.1	thutakte i khahsuahkhak loh nadingin
e72657	54.6.21	upna thu bulpi khahsuahna-in a nei uh hi
e72658	20.19.4	a neihsun teng nangawn khahsuahsuah uh hi
e72659	24.43.12	a puan uh tung-a khahte paai
e72660	43.19.12	Jesuh a khahtheih nading lampi zongin
e72661	43.19.10	Nang thahtheih nading le khahtheih nading thu
e72662	19.137.2	kungte tungah i laiza lasaknate i khai hi
e72663	4.21.9	khuam khat tungah khai hi
e72664	6.10.26	singkung nga tungah amaute khai hi
e72665	43.19.18	Zeisu singlamteh tungah a khai uh hi
e72666	18.26.7	bangmah in len lopi-in leitung khai lingleng hi
e72667	zd:24003	khaici hoih vawh khawm ni
e72668	zd:20004	Acre 1 a'ding khaici 2 kg bei ding hi
e72669	zd:15874	Sehnel gam ah khaici namcin ciing thei ungh
e72670	41.4.14	khaici vawhpa in thu a vawh hi
e72671	40.13.24	khaici hoih a vawh mi tawh kibang hi
e72672	41.4.26	mi khat in lei tungah khaici a vawh
e72673	21.11.6	Zingsang-a kipan khaici tuh in la
e72674	zd:23554	Guahtui in nu leitang pahtawi in khaicite posak a
e72675	ts:479	khaicite zong vawh-in tuh khin uh hi
e72676	zd:19441	Tua akiteel khaicite pen
e72677	40.13.19	lampi dung a tu khaicite tawh kibang hi
e72678	40.13.20	Suang kitawphah leilak a tu khaicite
e72679	40.13.23	Lei hoihna munah a tu khaicite
e72680	pk:20	Vuttui a khaih hi
e72681	40.23.24	thovai om loh nadingin tui na khaih uh hangin
e72682	20.9.2	sa go-in leenggahzu khaih a
e72683	40.23.24	thovai khaih napi-in kalaoh a nawmvalhkha
e72684	20.9.2	leenggahzu khaihin, an nek nading sabuai bawl
e72685	40.27.38	singlamteh tungah a khaikhawm uh hi
e72686	41.4.32	khaikung khempeuh lakah a golpen pawl
e72687	zd:23928	mawhna lian mahmah neite khailum uhi
e72688	1.40.22	mah bangin an huanpipa khailum hi
e72689	17.7.10	Tua tungah amah khailum un
e72690	17.7.10	Mordekai khailup nadingin a phuh khuam
e72691	zd:23936	Hih singlamteh tunga khailupna pen
e72692	17.6.4	khuam tungah Mordekai khailupna ding thu
e72693	zd:25672	Pasian tawi khaina ah a lek zo om lo hi
e72694	3.19.36	tawi khaina maan, tawisuang maan
e72695	24.32.10	tawi khaina-ah sum ka teh hi
e72696	30.8.5	tawi khaina man lo zangin
e72697	33.6.11	Tawi khaina man lo leh tawisuang man lo
e72698	zd:21377	puan khaina kician nei lo
e72699	21.12.6	I ngun meivak khaina khau kitatin
e72700	23.22.24	van khaina-ah a kikhai bangin
e72701	10.21.12	Filistite in amaute a khaina mun
e72702	2.39.15	a kihual kham citak khainiang bawl uh hi
e72703	2.28.14	kham citak khainiang nih na bawl ding hi
e72704	1.41.42	a ngawng-ah kham khainiang khat oksak hi
e72705	26.16.11	khainiang kong oksak hi
e72706	19.73.6	kiphatsakna khainiang bangin ok uh a
e72707	14.3.16	mangkawlsing zakhat bawlin khainiangte tungah koih hi
e72708	2.28.14	a kihual khainiangte pen a kiphutte' tungah na bulh
e72709	23.40.19	tua milim’ adingin ngun khainiangte sun’sak hi
e72710	17.9.13	luanghawm khuam tungah khaisak in
e72711	24.10.20	ka kongkhak puante hong khaisak ding kuamah om nawn lo
e72712	6.2.15	khau khat tawh amaute khaisuk hi
e72713	44.9.25	kulh pualamah bawm tawh a khaisuk uh hi
e72714	42.5.19	a lupna pheek tawh a khaisuk uh hi
e72715	6.2.18	kote nong khaisukna hih tawlet-ah
e72716	2.38.15	a puan khaisukte pi sawmnih le nih
e72717	24.4.20	ka puan khaite hong kek gawp hi
e72718	5.18.14	khong khaite leh ai saante’ thu ngai uh hi
e72719	2.40.8	buktual kongpi dingin kongpuankhai na khaito ding hi
e72720	23.62.10	mite’ muh dingin lim khat khaito un
e72721	43.8.28	Mihing Tapa na khaitoh khit uh ciangin
e72722	43.4.36	Khaituh pa le anla pa a lungdam
e72723	23.37.30	khaituhin an na la ding uh a
e72724	23.55.10	khaivawhpa khaici pia-in a nepa tungah
e72725	zd:25686	Joseph dan namuh khak leh zuipah lel in
e72726	zd:20973	Ei tuadan in i gamtat khak loh ding kidawn ni
e72727	zd:19249	Apia nuam ih om khak le
e72728		nek khak, dawnkhak, hihkhak hoih lo hi
e72729	1.4.15	a tuak peuh in a thah khak loh nadingin
e72730	2.30.21	A sih khak loh nadingun
e72731	2.22.26	na vengpa’ puansilh na lak ngei khak leh
e72732	44.19.40	mawhsakna i thuak khak ding lunghihmawhhuai hi
e72733	46.15.26	A khakbel a gal ahi sihna
e72734	zd:12658	Rostrevor College zong ki khakcip cihi
e72735	zd:17913	Crane tuksuk in lamzikpi khakcip
e72736	ts:5729	gamgi dung khempeuh khakcip dingin India kumpi in khensatna nei hi
e72737	5.11.17	amah in vantungte khakcip kha ding hi
e72738	23.66.9	keimah in naugil khakcip ding ka hi hiam
e72739	18.3.10	kei hong kipaaina naugil na khakcip lo a
e72740	3.14.38	ni sagih sung inn khakcip ding hi
e72741	27.12.4	laibu khakcip in la, a tungah ciamtehna koih in
e72742	7.3.22	a thau in a namsau khakcip hi
e72743	12.3.19	tuinak khempeuh na khakcip ding a
e72744	40.23.13	a lut theih loh nadingin kong na khakcip uh hi
e72745	42.19.43	mun khempeuh panin hong khakcip ding uh hi
e72746	14.32.4	a luang tuinak leh lui khempeuh khakcipin
e72747	14.7.13	Keimah in vantungte khakcipin guah a zuk
e72748	1.20.18	naubu khempeuh khakcipsak khin hi
e72749	24.15.9	nupi khakham vei-in a sibup hi
e72750	zd:20218	a pawlpih teng a khakhia uh hi
e72751	1.12.20	neih khempeuh tawh lampi-ah a khakhia uh hi
e72752	zd:23659	Police ten lampi khakin test ciatciat uh hi
e72753	zd:18952	a kongkhakte khakin amau bek ii tha tawh
e72754	14.29.7	innlim kongkhakte zong khakin meivakte sumit uh a
e72755	23.22.22	Amah in khakin, kuamah in hong zo lo ding
e72756	43.20.19	kongkhakte khakin a om uh a
e72757	zd:9224	mi nih tungah khakin a aw ding phuaksak hi
e72758	ts:4831	India gam-ukpa lai khakin
e72759	47.2.13	amaute mangpha khakin Makedonia gamah ka pai hi
e72760	12.10.1	Jezreel uliante’ tungah tua laite khakin
e72761	9.30.26	a na lakte pawlkhat khakin
e72762	24.29.28	Babilon khua-ate lai hong khakin
e72763	19.44.20	ka khutte uh a khakkhin hi le ung
e72764	zd:13340	A hilo pi khat up khakna pen kua' mawhna hi ding
e72765	46.8.9	upna neute puk khakna a suah loh nadingin
e72766	18.10.14	Ka khialh khakna hong ensim niloh na hih manin
e72767	47.7.9	Note ka hong dahsak khakna hangin
e72768	zd:24150	mangpha khakna kinei ding hi
e72769	zd:24413	WHO tung zong lai khakna nei khin uh
e72770	45.15.24	tua gamah note hong khakna thupha ka ngah ding hi
e72771	47.1.16	note’ hong khakna thupha ka ngah ding ka geel hi
e72772	12.16.11	kumpi Ahaz in Damaskas panin a khakna tawh kizui-in
e72773	1.31.28	ka tanute mangpha khakna hong namsak lo
e72774	1.7.16	Topa in amah kong khaknelh hi
e72775	18.3.23	a kimkotah Pasian in dai a khaknelh mipa
e72776	18.6.16	nin a khaknelh vuk leh tuikhal bangin
e72777	12.4.21	amah kong khaknelhin paikhia hi
e72778	7.3.23	innkhum zang inndei kongkhakte amah khaknelhin tuate kalh hi
e72779	19.69.15	keima tungah hong khaknelhsak kei in
e72780	41.13.34	kong khakpa kiangah
e72781	44.21.30	biakinn kongkhakte a khakpah uh hi
e72782	66.3.7	ama khaksa kong kuamah in a hon zawh loh
e72783	zd:16820	lupna kongkhak damdam in khaksak kik in nusia kik hi
e72784	zd:23492	mipi te agawtna in internet ni5 sung khaksak hi
e72785	zd:22650	Tuisiah a pia zo lote tui khaksak ziau hi
e72786	23.44.18	a lungsim uh khaksak hi
e72787	16.7.3	kongte khaksakin kalhsak un
e72788	49.3.3	Lai ka hong khaksate sungah
e72789	zd:17346	Tuate in i nasepna tampi hong khaktan hi
e72790	zd:24253	Kua mahin nang hong khaktan lo hi
e72791	zd:12876	paulap in pilsinna pen khaktan theilo hi
e72792	18.11.10	amah a khaktan ding kua om ahi hiam
e72793	42.18.16	Naupangte hong pai ding khaktan kei un
e72794	46.9.12	Khazih’ Lungdamna Thu ka khaktan khak loh nadingun
e72795	18.9.12	kua in khaktan zo ding hiam
e72796	56.1.11	thu a gen nawn loh nadingun khaktan ding ahi hi
e72797	6.22.25	na tate un khaktan kha ding uh hi
e72798	18.19.8	Pasian in ka lampi khaktan a
e72799	52.2.18	kong pai ding uh Satan in hong khaktan hi
e72800	26.39.11	khualzin mite’ lampi khaktan ding a
e72801	14.32.30	Gihon tui tungnungte khaktanin
e72802	24.47.4	Taia le Sidon panin huhnate khaktanin
e72803	18.9.12	a khaktanzo ding kua om ahi hiam
e72804	44.11.17	Pasian’ nasepna a khaktanzo dingin kei kua ka hi hiam
e72805	23.43.13	a kua in hong khaktanzo ding ahi hiam
e72806	ts:301	a suan a khakte tawh simin inn 30 a pha uhi
e72807	zd:25477	suan leh khakte tuin thupha sang mahmah uh hi
e72808	zd:20979	Zomi suan leh khakte kipanpih kihuai kideihsak ni
e72809	23.2.5	Jakob’ suan leh khakte aw, hong pai un
e72810	13.6.50	Aaron’ suan leh khakte in
e72811	19.109.13	Ama suan-le-khakte bei hen la
e72812	18.21.8	a suan a khakte uh a pun’na
e72813	23.44.3	na suan leh khakte tungah ka Kha ka pia ding
e72814	2.1.5	Jakob’ suan-le-khakte khempeuh mihing sawmsagih ahi hi
e72815	48.3.29	Abraham suan leh khakte na hi uh a
e72816	23.45.25	Israel suan leh khakte khempeuh in
e72817	19.102.28	amau suan-le-khakte nangma mai-ah kip ding uh hi
e72818	27.10.2	nipi kalthum sung khakunin dahin ka om hi
e72819	19.42.5	Bang hangin khakunkun ka hi hiam
e72820	19.42.5	khakunkun ka hi hiam, bang hangin lunghimawh ka hi hiam
e72821	19.42.5	Bang hangin khakunkun ka hi hiam, bang hangin lunghimawh
e72822	zd:17992	luituite zong a khal dekdek hi
e72823	zd:24046	bawk sak, sisan khal sak hi
e72824	2.15.8	tuipi sungah tui thukpi khal hi
e72825	23.7.15	bawngnawi thau khal leh khuaizu ne ding hi
e72826	7.5.25	tua nu in bawngnawi thau-khal paipih hi
e72827	5.4.36	Amah in note hong khal theih nadingin
e72828	5.8.5	mi khatin a tapa a khal bangin
e72829	58.12.9	khalam-a i Pa’ ukna thuakin
e72830	18.38.30	tuipi tui teng khalcip hi
e72831	18.38.37	Leivuite khalcipin, leitang a sak ciangin
e72832	24.21.9	note a hong do Khalde mite kianga
e72833	zd:16148	kisapna khat peuh om khaleh ci in
e72834	zd:23676	sihna tuipi hong lian khaleh, bang na ciding hiam
e72835	zd:13242	a pau ding a kilawm zaw om khaleh
e72836	1.24.5	hong zui nuam kei khaleh
e72837	24.5.24	tukguah khalguah hong pia a
e72838	18.6.16	nin a khalhnelh vuk le tuikhal bangin
e72839	zd:15111	October khalik ni dingin i kikip sak hi
e72840	ts:3375	khabei, khalik, khadete in hun na ciamteh uh a
e72841	19.81.3	Khadet, khalik, i pawi ni-in
e72842	18.37.10	tui lianpite khalin sik bangin
e72843	zd:20043	kician tak-a ki khalna zawhna
e72844	5.8.5	Topa na Pasian un note hong khalna thu
e72845	20.6.23	khalna leh hilhnate in nuntak nading lampi
e72846	47.8.2	a zawn’ khalna hanga ze-etna tampi
e72847	47.12.8	Tua zawn’khalna tawh kipelh nadingin
e72848	zd:22650	mite kiangah tui zuak theih nadingin khalsak in
e72849	zd:21850	si san khalsak, khuakbu ngaihsutna susia
e72850	18.37.10	in tui khalsak a, tui lianpite
e72851	66.21.19	a thumna in khalsidoni suangmanpha
e72852	pk:13	kham leh Ngun a manpha mahmah hi
e72853	pk:19	ngun leh kham sangin manpha zaw hi
e72854	zd:16124	kham leh savunsit tawh akibawl dailenbuk khat
e72855	zd:21359	kham leh suangmanpha sangin a manphazaw
e72856	11.6.28	Amah in kham tawh tua kherubte zut hi
e72857	23.2.7	Amau gam in ngun leh kham tawh kidim a
e72858	2.36.36	tua khuampite kham tawh zut hi
e72859	66.5.8	paknamtui tawh a dim kham haite
e72860	ts:301	ne-in dawn-in a kham piikpeek uh hi
e72861	zd:17437	An nangawn a kham a ngahloh ni uh
e72862	5.6.11	note in ne-in na kham uh ciangin
e72863	20.25.16	kham lua-in na lua ding hi
e72864	19.132.15	a mizawngte, an ka vak kham ding hi
e72865	3.25.19	note in na kham takun ne-in
e72866	19.59.15	an a kham uh ngah kei leh
e72867	41.8.8	a ne uh a, a kham khit uh ciangin
e72868	41.8.4	Hih mite an kham ding
e72869	40.15.33	Mi hih zahpi kham ding khomun
e72870	41.6.42	Amaute khempeuh in ne-in a kham uh hi
e72871	33.6.14	An na nek hangun na kham kei ding uh
e72872	5.8.12	an ne-in na kham uh ciang
e72873	1.9.21	amah in leenggahzu ne-in kham a
e72874	9.25.36	amah in zu kham mahmah hi
e72875	10.13.28	Ammon in zu a kham hun phawk unla
e72876	9.1.14	Bang tanvei zu kham ding na hi hiam
e72877	54.3.3	zu a kham lo mi
e72878	21.10.17	zu a kham lo makai a nei
e72879	24.23.9	Zu tam ne lua-a a kham mipa tawh
e72880	23.28.7	Kamsangte in zu kham lua ahih manin
e72881	66.17.2	ama nu leh pa mawhna leenggahzu a kham uh hi
e72882	24.52.19	Kham tawh a kibawl nate kham dingin
e72883	2.25.24	Kham citak tawh na zut ding a
e72884	20.16.16	Kham sangin pilna hoihzaw a
e72885	20.17.3	Kham leh ngunte, mei sungah kize-et a
e72886	zd:22193	Muslim te'n voksa nekding khamcip uhhi
e72887	zd:12708	Ramadan hunsung in annekding ki khamcip hi
e72888	zd:14957	Police te'n khamcip uhhi
e72889	18.38.15	siatna a gamtatna ding uh a khamcip hi
e72890	53.2.8	A khamcip pa a kilakkhiat khit ciangin
e72891	53.2.7	hih thu a pian ding a khamcip pa
e72892	44.5.40	thuhilh lo dingin a khamcip uh a
e72893	43.2.10	mite in a khamgawp khit uh ciangin
e72894	24.51.7	khut sunga khamhai tawh kibang a
e72895	27.5.3	Thakhatin khamhai leh kuangte hong paipih uh a
e72896	27.5.2	ngunhai, khamhai leh kuangte va la dingin
e72897	66.17.4	a dim khamhai a tawi hi
e72898	ts:8588	Nuntakna khamin mipite' cidamna ding akem
e72899	ts:1950	Malaysia gamah luang khamin paikhia uh hi
e72900	10.23.17	nuntakna khamin a pai
e72901	13.11.19	amaute in a nuntakna uh khamin kei kiangah hong paipih
e72902	9.28.21	ka luang khamin kei tungah nong gen bangin
e72903	16.5.4	a lote uh leh a leenggui lote uh khamin
e72904	11.16.34	tacil Abiram’ luang khamin a bulpi phut a
e72905	zd:22986	Zu nakpi tak a khamin
e72906	11.20.16	zu ne-in zu khamin a om laitak
e72907	11.16.9	Arza’ innah zu ne-in khamin Tirzah ah a om
e72908	23.28.7	siampite leh kamsangte nangawn zu khamin hoi uh hi
e72909	19.73.21	Ka lung khamin ka lungsim hong nat ciangin
e72910	46.2.13	kha thute khamite kiangah ka gen uh hi
e72911	27.5.29	minphatna khamkhi a ngawngah a oksak hi
e72912	27.5.16	minphatna khamkhi na ngawngah hong ok sakin
e72913	27.5.7	minphatna khamkhi a ngawngah ka ok sak ding a
e72914	42.9.17	Mi khempeuh in ne-in a khamkhit uh ciangin
e72915	41.8.8	Amaute in ne-in a khamkhit uh ciangin
e72916	43.6.12	Mi khempeuh in a khamkhit uh ciangin
e72917	40.6.11	Tu ni-a ka khamkhop ding uh an
e72918	40.6.11	ka khamkhop ding uh an hong pia in
e72919	27.4.12	leitung bup khamkhop ding gah a gah hi
e72920	2.16.4	ni khat khamkhop ding kaikhawm ding uh hi
e72921	20.13.23	mizawngte’ khamkhop ding an
e72922	37.1.6	a khamkhop ding uh thalawh zo lo uh hi
e72923	20.25.16	khamlua-in na lua ding hi
e72924	zd:11874	amauzong khamna neihding ngaihsutna nei uhhi
e72925	61.1.6	lungpilna tungah noptat khamna
e72926	48.5.23	lungnemna, pumpi’ deihna khamna te ahi uh
e72927	61.1.6	noptatna khamna tungah thuakna
e72928	5.2.37	Topa i Pasian in hong khamna munte
e72929	25.1.10	Gentailte pai nading a khamna munah
e72930	zd:9423	zu khamna pen haina hi
e72931	60.4.3	leenggahzu khamna, pawikhamna, tam dawn luatna
e72932	20.20.1	zu khamna in haina ahi hi
e72933	20.26.9	zu khampa in a khut-a ling om
e72934	1.19.32	i pa leenggahzu khamsak ni
e72935	24.51.57	uliante leh galkapte zu ka khamsak ding a
e72936	24.51.7	leitung buppi zu a khamsak hi
e72937	10.11.13	amah zu khamsak hi
e72938	49.5.18	Hong khamsak thei leenggahzu tangin
e72939	22.8.3	A veilam khut hong khamsak a
e72940	22.2.6	A veilam baan hong khamsak a
e72941	28.7.5	uliante zu khamsakin haisak uh a
e72942	23.40.19	khamseek pa khat in tua milim kham tawh
e72943	16.3.31	Ama zomah khamseek pa Malkhijah in
e72944	23.41.7	Khutsiam pa in khamseek pa hanthawnin
e72945	16.3.8	Tua zomah khamseek pa Harhaiah’ tapa Uzziel in puah
e72946	16.3.8	khamseekpa Harhaiah’ tapa Uzziel in puah hi
e72947	16.3.31	Ama zomah khamseekpa Malkhijah in
e72948	16.3.32	khamseekte leh sumbukte in a kiu-a
e72949	23.40.19	khamsekpa khat in tua pen kham tawh
e72950	3.25.19	note in na khamtakun ne-in
e72951	3.26.5	na khamtakun an na ne ding uh a
e72952	43.6.26	an na khamtakun na nek uh manin
e72953	28.9.2	leenggahzute na khamtakun na nekha kei ding uh
e72954	ts:3284	Rom galkapte'n khamte alaknop manin
e72955	zd:22650	tua kizepna ngun le khamte
e72956	4.31.51	na-a a kibawl khamte sang uh hi
e72957	20.27.21	Ngun leh khamte, meikhuk-ah kize-et a
e72958	18.22.24	na Ofir khamte gunsuang bang lelin ngaihsunin
e72959	zd:13320	guihtheih khamtheih zatui azangzong tam mahmah hi
e72960	20.20.1	khamtheih zu in kitawngsak a
e72961	3.10.9	leenggahzu hitaleh khamtheih zu hitaleh ne kei un
e72962	5.29.6	khamtheih zu ahi zongin na ne nai kei uh
e72963	23.5.22	khamtheih zunek a hatte
e72964	4.6.3	leenggahzu le khamtheihzu ne lo ding hi
e72965	20.31.6	A si dekdekte, khamtheihzu pia in la
e72966	23.56.12	leenggahzu nene ni; khamtheihzu dawndawn ni
e72967	42.1.15	khamtheihzu khat peuhpeuh ahi zongin ne lo ding hi
e72968	7.13.14	leenggahzu ahi a, khamtheihzu ahi zongin ne thei loin
e72969	5.14.26	leenggahzu ahi a, khamtheihzu ahi zongin, na duh peuhpeuh uh
e72970	20.31.4	mi ukte in khamtheihzu a duh ding
e72971	33.2.11	leenggahzu le khamtheihzu tampi tak hong om ding hi
e72972	9.1.15	Leenggahzu ahi a, khamtheihzu ahi zongin ka ne kei a
e72973	25.4.1	Khamtui tawh a kizut a tee daldalte
e72974	pk:40	khamtung gamin, Zomite tenna ahi hi
e72975	ts:3372	Tuingo dung zuito uh a, khamtung ki kah hi
e72976	zd:24227	khamtung mite laka kidona bei hi
e72977	zd:23797	khamtung tadingin lo hal hun ahihi
e72978	42.1.65	Judah gam khamtung khempeuh ah kizeel hi
e72979	42.3.2	khamtung a, om Zekhariah’ tapa Johan tungah
e72980	zd:24227	Mikangte ukna hangin khamtungah Khristian missionary-te lut thei hi
e72981	zd:25186	Kawlpi leh khamtungah eimite
e72982	42.1.39	khamtungah Judah khuapi khatah manlangin pai a
e72983	zd:17295	samkhang khamul khang putek khat
e72984	zd:23297	khamul heuhlo ding, sam heuh ding
e72985	zd:21239	khamul kiatna na zat ciangin
e72986	15.9.3	ka sam leh ka khamul botin
e72987	3.19.27	na khamul mongte uh zong na tan kei ding
e72988	10.10.5	khamul uh a khan’ mateng Jerikho ah om un
e72989	zd:15972	a khamval uh seng 12 bang ki kaikhawm kik
e72990	zd:10746	ka naute khamval te ne pan ning
e72991	18.20.21	a khamval om nawn lo a
e72992	40.14.20	khamval a neng a themte tawm uh a
e72993	43.6.13	an nete’ khamval a neng a themte
e72994	42.15.17	nasemte khamval bangzah tak a om hiam
e72995	43.6.12	khamval teng tawm kik un
e72996	41.8.8	a khamvalte uh khawm uh a
e72997	8.2.18	a an khamvalte zong la-in amah pia hi
e72998	40.14.20	a khamvalte uh khawmkik uh a
e72999	3.8.32	na khamvalte uh mei tawh na hal ding
e73000	43.6.13	a khamvalte uh kaikhawm uh a
e73001	41.7.28	sabuai nuai-a uite in naupangte’ khamvalteng ngahbuang
e73002	2.16.18	A milipin a khamzah ding khawm uh hi
e73003	4.11.22	Amaute’ khamzah dingin tuuhonte le bawnghonte
e73004	2.16.21	a khamzah ding ciat uh khawm uh hi
e73005	2.16.16	na khamzah ding uh khawm un
e73006	3.26.26	na khamzo kei ding uh hi
e73007	24.2.24	kua in khamzo ding ahi hiam
e73008	zd:23989	a khan uh sau tuam hi
e73009	1.5.4	Adam’ khan’ sung in kum zagiat ahi hi
e73010	7.2.7	Joshua sanga a khan’ sau zawte khempeuh
e73011	29.1.2	Note’ khan’ sung ahi a
e73012	19.61.6	Kumpipa’ khan’ to sak in
e73013	20.3.2	Kong thuhilhte in na khan’ hong sausak ding a
e73014	18.42.17	Tua khit ciangin khan’ khinin teek sih ta hi
e73015	6.24.29	a khan’ kum za leh kum sawmkhat pha hi
e73016	43.9.23	Amah a khan’ cing zo hi
e73017	1.15.15	nang pen khan’ kicingin hong kivui ding hi
e73018	2.20.12	na khan’ a sau theihna dingin
e73019	24.22.30	a khan’ tawntung a gualzo ngeilo pa
e73020	2.2.11	Moses a khan’ khit ciangin
e73021	1.25.27	Tua naupangte a khan’ ciangin
e73022	10.10.5	Na khamul uh a khan’ mateng
e73023	32.4.10	Nang in na gimpih lohpi, na khan’ sak lohpi
e73024	49.4.15	na khempeuh i khan’ nading ahi hi
e73025	5.6.3	tampi pha-in na khan’ theih nadingun
e73026	19.49.16	a innkuan minthan’na a khan’ ciang ahi zongin
e73027	45.3.7	Pasian’ thuman in a vangliatna a khan’sak leh
e73028	5.7.22	gamsate hong tam khan’ lua kha ding ahih manin
e73029	zd:23767	Gamgi sumbawlna khang semsem ding
e73030	zd:21379	Vanman ani ani in khang
e73031	zd:23797	Sikkang inn deihna bel hong khang mahmah hi
e73032	20.13.11	haksapi-a hauh tohna in khang semsem hi
e73033	1.30.43	a hauhna nakpi takin khang a
e73034	1.21.8	Naupang khang a, nawi tawh hong kikhen ta hi
e73035	7.16.22	a samte khang kik dingin hong kipan hi
e73036	19.92.12	taamtaak kung bangin a khang hi
e73037	1.7.18	Tui khang to-in leitungah tam mahmah hi
e73038	19.78.21	Israel tungah ama hehna khang hi
e73039	30.8.8	Nail Gunpi bangin leitung khempeuh khang toin kiamsuk ding hi
e73040	27.11.2	tua banah a lina a hong khang ding hi
e73041	45.15.12	Jessi’ suante khat hong khang ding a
e73042	42.1.80	a lungsim siamna hong khang a
e73043	42.2.52	Jesuh a pumpi le a pilna khang a
e73044	20.9.9	a thu theihna khang semsem ding hi
e73045	12.15.11	Israel Kumpite’ Khang Tangthu Laibu sungah kigelh hi
e73046	21.1.4	Khang khat bei-in khang khat hong khang a
e73047	19.102.24	Khang tawntungin a kip ka Pasian aw
e73048	1.15.16	Khang lina ciangin hih lai munah amaute hong paikik
e73049	zd:23367	Kimeltheihna khanga, kimeltheihna pan ki-itna piang hi
e73050	ts:3369	Himahleh tui na khanga
e73051	27.4.22	Nakpi takin khanga lian mahmah na hih manin
e73052	zd:24160	Ka pa khangah khuakhat nungak bek kihel uh a
e73053	zd:24003	na tate khangah thupha sang lel ding hi
e73054	1.6.9	ama khangah paubaang lo hi
e73055	56.3.9	leh khangciamtehna laite, kitotnate
e73056	zd:12507	Tuin khangcing khinta na hih manin
e73057	zd:17673	Tua ciangin ki khangcing thei pan ding hi
e73058	zd:25414	Mihing khangcing khat in
e73059	26.19.3	thuhilh a, hong khangcing hi
e73060	26.19.6	Amah hong khangcing a, adangte tawh kikhawl hi
e73061	19.144.12	a khangcing kungte bang ta hen la
e73062	26.19.5	a khangcing khat suah hi
e73063	49.4.13	eite a khangcing suakin
e73064	51.1.28	a milipin a khangcingin Pasian’ omna-ah
e73065	zd:21826	khangham te khasia sak, hehsak, dahsak kei-in
e73066	zd:25464	khangham leh naupangnote nangawnin zang ta hi
e73067	zd:15720	tungsiah pen khangham hun sungah lut ta hi
e73068	10.19.32	a khangham mahmah mi khat ahi hi
e73069	11.13.11	Tu-in kamsang khangham khat Beth-el ah teng hi
e73070	13.29.28	a khangham, a ni cing, hauhna leh minphatna tawh
e73071	23.47.6	a khangham mite tungah na hakkol na giksak mahmah
e73072	29.2.16	A khangham mite sam un la
e73073	29.1.2	Ngai un, no a khangham zawdiakte aw
e73074	14.10.13	khangham mite’ ngaihsut piakna nusia a
e73075	11.12.6	ama mai-ah a ding ngei khangham mite thu dongin
e73076	23.37.2	lai-atpa Shebna leh siampi khangham teng
e73077	58.5.14	a khangham khinsa mite a’ ding ahi hi
e73078	50.3.15	Kha thu-ah a khangham eite in
e73079	46.2.6	kha thu lamah a khangham mite tungah
e73080	28.12.3	a khangham ciangin zong Pasian tawh kilai hi
e73081	49.4.13	a khangham mi suahna i tun’ dongin
e73082	2.9.32	tuate khangham nai lo hi
e73083	1.25.8	a khanghamin si a, ama mite tawh
e73084	51.4.12	lungsim khanghamin kiptakin na omtheih nadingun
e73085	1.48.10	mitte a khanghamna hangin mang a
e73086	8.4.15	na khanghamna-ah hong vakpa hi ding hi
e73087	11.14.4	A khanghamna hangin a mitte mang ahih manin
e73088	11.13.25	kamsang khanghampa a ten’na khuapi sungah
e73089	20.8.5	na lungsim uh khanghamsak un
e73090	zd:21826	A khanghamte in an kipia kei leh
e73091	zd:17551	Hih khanghamte kikepna innpi
e73092	20.20.29	khanghamte’ sam kan’na in amau’ thupina lim ahi hi
e73093	25.2.21	Khangno leh khanghamte kongzing tengah si uh hi
e73094	2.10.9	ka khanghamte uh tawh ka paikhawm ding uh hi
e73095	14.10.8	khanghamte in a ngaihsutna a piak nusia-in
e73096	18.12.20	khanghamte’ pilna paihkhiatsak hi
e73097	60.5.5	khangnozaw deuhte in zong a khanghamte’ thu na mang un
e73098	56.2.2	Pasal khanghamte a kilawm a kituakin a omtheih nading
e73099	56.2.3	numei khanghamte zong a gamtat a khuahek uh
e73100	11.12.8	khanghamte in ama tungah ngaihsutna a piakte
e73101	18.32.7	No a khanghamzawte in thu a gen ding kilawm hi
e73102	zd:18915	khua muhna hong khangin picing semsem theihna ding
e73103	zd:20862	athu theihna uh nakpi tak in khangin
e73104	zd:25863	guahtui khangin khuahun hoih lam manawh
e73105	13.5.9	amau’ bawngte khangin tampi pha ahih manin
e73106	2.23.30	Note khangin tampi pha-in leitang na luah matengun
e73107	27.12.4	A kal lakah mi tampite’ pilna khangin
e73108	9.2.26	Tu-in naupang Samuel a pumpi khangin
e73109	18.39.4	A note gamlakah khangin, a nute kiangpan paikhia-in
e73110	42.13.19	Ankam tang khangin kung suak a
e73111	2.1.20	mite khangin a thahatna uh
e73112	44.9.31	a mi khangin a kibehlap uh hi
e73113	19.93.3	Topa aw, gunte hong khangin
e73114	6.24.9	Balak hong khangin Israel mite hong do hi
e73115	zd:11135	khang a khangin kikhelkhel ding hi
e73116	zd:21845	A khang a khangin tua Honpa' thu tawmtawmin, damdamin kipulaak hi
e73117	19.106.31	a khang a khangin ama thumanna-in
e73118	19.79.13	a khang a khangin nangmah phatnate ka gengen ding
e73119	19.100.5	ama thumanna a khang a khangin a kip hi
e73120	2.17.16	a khang khangin Amalek mite do ding hi
e73121	23.30.13	kulh sangpi khat khangkham-a lawtkhia-in a cim dektak
e73122	23.48.21	amah in suangpi khangkham sak a
e73123	23.24.19	Leitung khangkhamin kilokgawp ding a
e73124	23.48.21	Amah in suangpi khangkhamsak a, tui a phulkhia hi
e73125	19.60.2	lei na khangkhamsak khin hi
e73126	40.6.27	tong khat beek a khangkhan thei
e73127	zd:20071	Suangmanpha a man na khangkhang ahihmanin
e73128	zd:10743	a met tawh kila ahih manin na khangkhang hi
e73129	zd:20568	tua khaici khangkhang lel hi
e73130	1.7.19	Leitungah tui khangkhang ahih manin
e73131	27.4.20	Singkung sang mahmah na muh pen hong khangkhang a
e73132	27.2.35	tua suangtum hong khangkhang a, mual cia hong pha-in
e73133	27.2.35	tua suangtum hong khangkhanga mual cia hong phain
e73134	42.1.50	a khangkhangin hehpihna a lak hi
e73135	42.1.48	Tu a kipanin a khangkhangin mi khempeuh in
e73136	20.27.24	hauhna pen a khangkhangin kizom suak lo hi
e73137	29.3.20	Jerusalem-ah a khangkhangin mi om tawntung ding a
e73138	27.4.11	Tua singkung pen khangkhangin gol semsema
e73139	27.4.20	na muh pen hong khangkhangin khauh mahmah a
e73140	40.13.30	a nam nihin khangkhawm tadih hen
e73141	14.10.10	amah tawh a khangkhawm khangnote in ama kiangah
e73142	44.13.1	Herod tawh a khangkhawm Manean
e73143	10.12.3	amah le a tate tawh khangkhawm hi
e73144	11.12.8	amah tawh a khangkhawm ama mai-ah a ding khangnote
e73145	zd:23022	Khuata mahmah pan a khangkhia ka hi hi
e73146	zd:11581	a nu bek tawh hong khangkhia hi
e73147	23.11.1	a sel khat hong khangkhia ding a
e73148	38.10.4	gam ukte, hong khangkhia ding uh hi
e73149	27.7.17	leitung pana hong khangkhia ding kumpi gam li
e73150	37.1.10	leitang panin bangmah khangkhia zo lo hi
e73151	25.4.5	nuamsa a, khangkhia mite
e73152	43.9.34	Mawhna bulomtang sung panin suakin a khangkhia mipa
e73153	zd:25241	Covid-19 Delta Cases asang pen lamah khangkik
e73154	7.16.22	a samte khangkik dingin hong kipan hi
e73155	19.22.30	A hong khangkik mite in ama na sem ding
e73156	19.48.12	ci-a khangkikte tungah na gen theih nadingun
e73157	21.1.11	a khangkikte in phawk nawn lo ding hi
e73158	zd:15720	kum 18 pan 45 kikal pen khanglai hun ahi hi
e73159	zd:17022	Nupa khanglai cidam thahattuak te ahih bangmah uh'n
e73160	zd:11425	Zomi nungak khanglai khat I neihkhak manin
e73161	7.14.5	humpinelkai khanglai khat in, amah hawksan hi
e73162	1.4.23	khanglai mi khat ka that khin hi
e73163	23.40.30	khanglai mite a tha uh bei ding hi
e73164	23.5.29	humpinelkai khanglaite bangin amaute hawk uh hi
e73165	19.34.10	Humpinelkai khanglaite in kisapna le gilkialna thuak a
e73166	pk:125	Kawlgam khanglam teng 1824 kumin hong la hi
e73167	zd:23733	Chin State khanglam ah zong Mindat District om hi
e73168	zd:23022	khanglam pan a hong pai a om teh
e73169	zd:22620	Zogam khanglam ah galvai buaina hong nasia semsem
e73170	42.12.55	khanglam pan huih hong nung na muh
e73171	22.4.16	khanglam huih aw, hong nungto in
e73172	44.8.26	Gaza khua lam paina khanglam pai in
e73173	26.29.14	Izipt khanglam Pathros gamah ka teengsak ding hi
e73174	7.7.8	amau’ khanglam kuam sungah om hi
e73175	42.12.55	Khanglam pan huih hong nung
e73176	27.11.5	Khanglam kumpi a hong thahat ding hi
e73177	42.11.31	Khanglam gam kumpinu in
e73178	18.9.9	leh Khanglam aksite a bawlpa ahi hi
e73179	19.89.12	Saklam leh khanglamte nangma bawlsa hi
e73180	19.7.6	Khanglo in, ka Pasian aw
e73181	19.44.23	Khanglo in! Kote hong nilkhia suak kei in
e73182	23.51.9	Khanglo in, Khanglo in, thakhauh in
e73183	49.5.14	A ihmu mi aw, Khanglo in la
e73184	7.5.12	Khanglo in, Khanglo in, Deborah
e73185	38.4.1	keekin kei hong khanglosak hi
e73186	zd:22582	Hih thungaihsutna pen khanglui ngeina hi a
e73187	zd:15996	ci-in khanglui mite-in um uh hi
e73188	ts:3366	khanglui upna ah Misi Khua cihkhat om hi
e73189	41.7.3	khanglui ngeina zui-in khut silloin an
e73190	5.19.14	khanglui mite in a phuhsa na vengte’ gisuang
e73191	41.7.9	Na khanglui ngeina uh na zuihtheih nadingun
e73192	zd:22023	khanglui mi le khangthak mi kibatlohna
e73193	41.7.2	khanglui ngeina zui loin, khut silloin
e73194	zd:25392	khanglui lai in kum ciamteh na kinei lo
e73195	zd:21201	khanglui hun leh khangthak hun
e73196	41.7.5	khanglui laipek panin tuni dongin
e73197	zd:9426	khangluite kimawhsak thei lo ding a
e73198	zd:14804	khangluite in tau a cih pen
e73199	ts:3366	khangluite in Khuado hun in Dawi leh Kau hawlkhia a
e73200	18.8.8	khangluite thu kantel in la
e73201	18.8.8	Khangluite thu kantel in la
e73202	2.1.6	tua khangmi khempeuh si uh hi
e73203	4.32.13	siatna a gamta tua khangmi khempeuh a bei mateng
e73204	19.78.5	lungsim khauhin a lehdo khangmi
e73205	19.78.5	lungsim kip a nei lo khangmi
e73206	7.2.10	tua khangmite khempeuh zong si khin uh a
e73207	58.3.10	hih khangmite Ka deih kei a
e73208	5.2.14	galsim mi ahi tua khangmite khempeuh
e73209	zd:22779	A boss pa pen khangmoi mahmah lai ahih manin
e73210	zd:23590	i khangmoi lai, i khuak hat lai
e73211	zd:23727	khangmoi lai tampi in ngah thei zaw hi
e73212	9.1.24	a naupang khangmoi hi
e73213	24.51.22	khanghamte leh khangmoite, tangvalte leh nungakte
e73214	39.2.14	Na khangnolai uha na tenpih na zite uh
e73215	21.11.9	na khangnona uh nuamsa unla
e73216	1.43.33	a khangnona tawh kizui-in tu uh hi
e73217	19.110.3	zingsang ciangin na khangnona nangma tungah hong tung ding
e73218	43.8.9	a teekpen pan a khangnopen dongin
e73219	18.33.25	ama pumpi khangnosuak kikin
e73220	zd:15324	khangnote pen nang sangin thahat zaw uh hi
e73221	zd:23591	khangnote in lamnaih thei mahmah uh hi
e73222	20.20.29	khangnote’ thahatna in amau’ minthan’na hi a
e73223	20.1.4	khangnote in pilna leh thu ngaihsut theihna a ngah nading
e73224	23.3.5	khangnote pen uhamte tungah
e73225	27.1.18	Ashpenaz in khangnote khempeuh kumpipa kiangah a paipih hi
e73226	23.3.12	khangnote in bawlsia uh a
e73227	24.51.22	khanghamte le khangnote, tangvalte le nungakte
e73228	25.5.14	khangnote in la a sa nawn kei uh
e73229	18.29.8	khangnote in tutna hong awn uh a
e73230	27.1.13	kumpi’ an ne khangnote tawh hong enkak khawm in
e73231	60.5.5	no khangnozaw deuhte in zong
e73232	18.30.1	kei sanga a khangnozawte in hong ciamnuih bawlta uh hi
e73233	zd:21085	Na siamna hong khangsak hi
e73234	zd:20004	Sam khangsak thei lai hi
e73235	zd:22282	Koicibangin na sumlut khangsak ding
e73236	58.6.14	nang a man takin kong khangsak ding hi
e73237	5.17.16	amah in sakolte tampi-in khangsak lo ding hi
e73238	47.9.10	khaici hong pia a, a khangsak ding a
e73239	1.2.9	lei sung panin Topa Pasian in khangsak hi
e73240	46.3.6	a khangsak pa ahihleh Pasian ahi hi
e73241	23.44.14	taamtak kung khat suan a, guah in khangsak hi
e73242	42.17.5	upna khangsak ta in
e73243	3.25.16	a man na khangsak ding uh hi
e73244	23.40.29	thahatna a nei lo mi a thahatna khangsak hi
e73245	5.1.11	tu-a zah tul-in note hong khangsak hen la
e73246	7.2.16	thukhente Topa in khangsak hi
e73247	11.11.14	Edom mi Hadad khangsak hi
e73248	13.17.11	na tapate khat ka khangsak ding a
e73249	23.44.14	gamlak singte lakah khangsakin golsak hi
e73250	23.5.14	Leinuai in a duhna khangsakin
e73251	46.3.6	A kung a khangsakpa ahih leh, Pasian ahi hi
e73252	46.3.7	a khangsakpa Pasian in mi phamawh ahi hi
e73253	41.4.28	Leitang in ama thu-in na khangsaktawm a
e73254	4.32.14	Topa’ hehluatna a khangsakto lai dingin
e73255	zd:20125	a khangsawnte tungah ki hilhsawn toto uh hi
e73256	zd:22371	khangsawnte ong pil semsem dinga
e73257	zd:15874	khangsawnte ading in khangtohna lianpi hongsuak ding hi
e73258	29.1.3	amaute in a khangsawnte tungah
e73259	13.9.1	Israel khempeuh khangsimna ah kiciamteh hi
e73260	13.5.7	amau’ khangsimna a kiciamteh ciangin
e73261	13.7.40	khangsimna ah a kiciamteh amau a phazah
e73262	13.4.33	amaute in khangsimna ciamtehna nei uh hi
e73263	13.5.1	khangsimna ah amah kiciamteh lo hi
e73264	13.7.7	amau’ khangsimna a kiciamtehna-ah tul sawmnih leh tulnih
e73265	54.1.4	kizom deudau-a khangsimnate in upna tawh
e73266	zd:22922	tulai khangte in atel theikei dinguh hi
e73267	zd:22341	hih khangte sung pan President tampi khang uh hi
e73268	7.3.2	Israel mi tua khangte in gal dona
e73269	10.7.19	mai lam khangte zong kei nong lak khin hi
e73270	18.40.23	Amah in guntui khangte kihta lo a
e73271	24.22.8	a inn sak a inn khangte’ kiangah
e73272	pk:54	Hih pen tuhun khangthak te'n
e73273	zd:12389	Tulai khangthak te'n Technology pen zatsiamleng metna hi
e73274	zd:19971	Tulai khangthak te'n bang dan Meeting nuamsa
e73275	7.2.10	a thei lo khangthak hong piang uh hi
e73276	zd:14735	Zomi khangthakte in panlakding hun hi
e73277	zd:24386	khangthakte leh mipite pilvang ni
e73278	zd:24217	Hih thu ah khangthakte in mawhpuakna lianpi kinei
e73279	24.2.31	No khangthakte aw, Topa’ kammal limtak ngai dih un
e73280	19.78.5	hong piang kik khangthakte in a thute thei-in
e73281	19.78.4	hong piang ding khangthakte tungah
e73282	zd:19335	Ki itna khangto in kimuh khialhna kiam mahmah hi
e73283	zd:24682	alungsim leh apumpi khangto lo ding hi
e73284	41.4.27	a kung po a, hong khangto hi
e73285	26.16.7	Nang cidamin nong khangto a, nungak nong suak hi
e73286	20.13.11	haksapi-in hauhtohna khangto semsem hi
e73287	44.12.24	Pasian’ thu in khangto a
e73288	44.7.17	tua mite nasia takin a khangto uh a
e73289	44.9.22	Saul khangto-in siam semsem a
e73290	1.7.18	Tui khangto-in leitungah tam mahmah hi
e73291	30.8.8	Nail Gunpi bangin leitung khempeuh khangto-in kiamsuk ding hi
e73292	6.3.16	hong luangsuk tuite khawlin khangto a
e73293	zd:24963	Tua in Europe gambup khangtosak hi
e73294	zd:22496	Ciapteh theihna khuak hong khangtosak hi
e73295	zd:18208	biakna pawlpi sung khangtosak nuamte
e73296	26.16.7	Singkung hoih bangin nang kong khangtosak hi
e73297	24.24.6	Amaute ka khangtosak ding a
e73298	44.20.32	Amah in note hong khangtosak thei-in
e73299	42.1.52	mizawngte khangtosak zo hi
e73300	19.102.23	kei a khangtung kimlai ka thahatna
e73301	48.1.14	ka khangualte lakah Jew biakna lamah
e73302	44.22.1	Pate, ute, khangualte aw
e73303	19.45.7	na khangualte tungah a kikhai to-in
e73304	3.24.3	tua in na khang khangun thukham khat hi tawntung ding
e73305	26.17.9	Hih leenggui hingin hoihtakin khangzo ding ahi hiam
e73306	26.17.10	hingin khangzo ding ahi hiam
e73307	zd:16170	khanih aphak ciangin 10kg phatota hi
e73308	zd:13343	Form 1 leh Form 2 tepen khanih sungin zoziau hi
e73309	27.4.29	khasawm leh khanih khit ciangin
e73310	24.23.5	a diktat mi khat ka khankhiatsak ni
e73311	18.42.17	a khankhinin a teeksih ta hi
e73312	40.13.32	a khankhit ciangin ankung lakah a golpen
e73313	23.37.26	a khankhit ma-in a keutum lopate
e73314	46.15.37	hong po-in a khankhit ciangin
e73315	13.19.5	Na khamul uh a khankik mateng
e73316	24.17.11	A khanlai-in a neihsa teng taan ding a
e73317	zd:25019	TU ZINGSANG NA khanlawh CIANGIN
e73318	zd:17208	zinsang ka khanlawh maa un na ciah hi
e73319	zd:23680	Tua pen a khanlawh teh a taktak in omlo hi
e73320	40.1.24	Josef zong a khanlawh ciangin
e73321	45.13.11	khua phawkin na khanlawh ding uh hun hita hi
e73322	23.29.8	a khanlawh ciangin a gil a vah tuan lo
e73323	19.139.18	Ka khanlawh ciangin nang tawh ka omkhawm lai hi
e73324	19.73.20	zan a mangmat tawh kibang lel a, na khanlawh ciangin
e73325	24.31.26	Ka khanlawh nuam ka sa mahmah hi
e73326	18.27.19	ahih hangin a khanlawh uh ciangin
e73327	5.7.22	gamsate hong tam khanlua kha ding ahih manin
e73328	zd:23890	Ka suah ka khanna tualniamlua cilo in
e73329	42.4.16	ama khanna Nazareth khua-ah Jesuh pai a
e73330	4.4.20	tom khano sung bek nangawn
e73331	zd:24393	Pasian kumpi gam i khansak nading
e73332	zd:24458	cidamna lam nasemte khasum khansak dingin thukimna nei uh
e73333	zd:20481	na manphatna na khansak nading thute
e73334	32.4.10	na gimpih lohpi, na khansak lohpi
e73335	7.2.18	Topa in amaute a dingin thukhente a khansak sialin
e73336	49.4.12	Khrih pumpi a khansak theihna ding
e73337	17.5.11	a za a khansakna teng
e73338	zd:24276	na khansau zaw ding hi
e73339	zd:26385	Amah bel khansau mahmahin kum 105 a nungta khat ahi hi
e73340	11.1.39	Kumpi Solomon khansau hen
e73341	20.11.30	Midikte a khansau a, migilote khansih hi
e73342	9.10.24	Kumpipa khansau hen
e73343	20.19.16	Thukham a zuite a khansau ding a
e73344	20.9.6	Thu thei lote taisanin khansau unla
e73345	zd:24481	cidamna, khansauna leh matutna hong piaksak ngiat ta hen
e73346	zd:24244	tua in cidamna le khansauna hong pia hi
e73347	zd:20958	khansauna pen a zang dingte' tungah kinga a
e73348	20.22.4	hauhna, minthanna, le khansauna ahi hi
e73349	11.3.11	nangma a dingin khansauna ahi a
e73350	5.30.20	note-a’ dingin nuntakna le khansauna ahi hi
e73351	9.25.17	amah a khansia ahih manin
e73352	9.25.25	hih a khansia mipa Nabal ngaihsun kei in
e73353	zd:16897	Makai pawlkhat te khansih, khantom in hong nusia thei pahpah hi
e73354	zd:21773	Jesu pen a khansih ding hi cih lahna ahi hi
e73355	zd:16071	Ih pumpi i-keploh manin ei khansih ding
e73356	18.36.14	Amaute khansih uh a
e73357	21.8.13	niliim bangin beipak ding a, khansih ding uh hi
e73358	20.5.9	mite’ khutlum tawh na khansih ding uh hi
e73359	20.11.30	a khansau a, migilote khansih hi
e73360	20.10.27	Topa zahtakna in khan sausak a, migilote khansih hi
e73361	21.7.17	Bang hangin khansih laizang ding na hi hiam
e73362	7.11.39	pasal tawh a lumkhawm nai lo, nungakin khansih hi
e73363	23.65.20	a khansihin kingaihsun ding a
e73364	19.102.24	hong khansihsak kei in
e73365	28.9.12	suanlekhak a neihtheih ma-un ka khansihsak khin ding hi
e73366	zd:23635	Khangthakte Pasian thutawh khansuah ni
e73367	44.7.21	ama tapa bang teekteek mahin bawlin a khansuah hi
e73368	23.23.4	ta pasal zong ka khansuah ngei kei hi
e73369	54.5.10	a tate hoihtakin a khansuahsate
e73370	zd:15324	Ka khansung ka kisikna tampi tak om hi
e73371	zd:17208	ih khansung in asangpen ih tun' zawhna dingin
e73372	zd:11994	Na khansung in ciangkhut lo tawh lampai thei nawnkei niteh
e73373	1.11.32	Terah’ khansung kum zanih le kum nga hi a
e73374	1.35.28	Isaac’ khansung, kum za le kum sawmgiat ahi hi
e73375	29.1.2	na pu na pate uh khansung ahi zongin
e73376	29.1.2	Note’ khansung ahi a
e73377	zd:9227	tua natna hangin a khantawnin poilawh hi
e73378	zd:21605	a khantawnin a guta ding mah in ngaihsun hi
e73379	19.37.27	na khantawnin, na kip paisuak ding hi
e73380	4.22.30	Na khantawnin tuni ciang dong na tuanna
e73381	31.1.10	na khantawnin na mangthang ding hi
e73382	19.23.6	nong itna in ka khantawnin a hong zuih ding
e73383	5.23.6	na khantawnun na hanciam kei ding uh hi
e73384	54.1.5	ki-itna a khantheih nading deihna ahi hi
e73385	41.4.27	tua a khantheihna zia amah in
e73386	pk:125	ih gam khantoh nading
e73387	zd:16385	Leitungah khantoh theih nading lampi tam mahmah hi
e73388	zd:11510	I khantoh nop leh makaite cihcih mang phot ni
e73389	zd:21099	Zogam khantoh nadingin mimal in i hanciam ding kisam hi
e73390	50.1.25	note’ khantoh nading le upna hangin
e73391	27.11.20	kumpi gamsung khantoh nadingin
e73392	zd:23742	Zogam khantohna dingin ma apang Party hi
e73393	zd:22023	khantohna tawh kisai-in muhzia tampitak om hi
e73394	zd:16489	khantohna om ding hi ei
e73395	54.4.15	Mi khempeuh in na khantohna hong muhtheih nadingin
e73396	18.21.8	A tate uh nuamtakin a khantohna
e73397	17.10.3	a suanlekhakte uh a khantohna ding hanciam ahih manin
e73398	zd:11548	kum 10 khantom zaw uh hi
e73399	zd:21510	mihingte khansau thei khantom thei cihna ahi hi
e73400	zd:22928	lungkia in khantom thei mahmah
e73401	19.109.8	Amah khantom hen la
e73402	19.61.6	Kumpipa khantosak inla, khang tawntungin nungtasak in
e73403	18.21.7	Pasian in migilote khantosak a, hausakin liansak ahi hiam
e73404	zd:20513	Tedim gam leitang khap khat thu hi lo
e73405	2.28.16	a vai khap khat hi ding hi
e73406	2.39.9	a kikhep ciangin a dung khap khat
e73407	26.43.13	kimkotah khap khat a sangin geivial nei ding hi
e73408	23.40.12	ama khap tawh vantung teh a
e73409	2.36.21	a vai tong khat leh khap ciat ahi hi
e73410	2.25.10	a san’na tong khat leh khap hi ding hi
e73411	2.25.10	a dung tong nih leh khap
e73412	5.24.11	a na khap hong paipih ding hi
e73413	5.24.13	na khap ama kiangah na piakik ding uh hi
e73414	5.24.12	ama hong khap puan nuai-ah
e73415	6.20.6	mi that khapa ama khua ama inn
e73416	6.20.2	mi khat a that khapa a tai theih nadingin
e73417	5.19.6	phula nuampa in mi that khapa delhin
e73418	5.4.41	mi that khapa va tai-in
e73419	18.20.14	gulgu a khapen zahin kha deidai hi
e73420	24.37.10	bek na suaktasak khaphial ahi zongin
e73421	26.1.8	a khaphung nuai a pangpi uh panin
e73422	zd:23551	a hanciam uh hangin khapi tungah kah zolo uh hi
e73423	zd:23896	khapi sung ah zong tui om ding in
e73424	19.72.7	khapi a bei mateng nopna om ta hen
e73425	18.25.5	Ama mit-ah khapi nangawn taang sa zo lo a
e73426	23.24.23	Tua ciangin khapi mial ding a
e73427	5.24.10	ama hong khapna a la dingin
e73428	1.38.17	Nong puak mateng khapna khat nong pia ding hiam
e73429	1.38.20	a khapna a lakik dingin
e73430	5.24.6	khapna-in nuntakna a la hi ding hi
e73431	5.24.6	a tungnung ahi zongin khapna-in la lo ding hi
e73432	26.18.7	khapna van a apte zong pia kik hi
e73433	13.16.16	Isaak tungah kiciamin a khapna
e73434	24.32.42	amaute tunga ka khapsa hoihna khempeuh
e73435	24.33.14	Judah mite’ tunga ka khapsa ka tangtun’ sak hun
e73436	23.26.5	khapsakin leivui suah hi
e73437	19.43.3	na omna-ah kei hong paipih sakin, hong khasak in
e73438	19.36.11	kei hong sik khasak kei in
e73439	42.9.61	mangpha hong khasak masa in
e73440	27.4.29	Tua zawh khasawm leh khanih khit ciangin
e73441	zd:24072	Na Nu na Pa khasia sak kei in
e73442	zd:24155	Amah zong khasia in lutnawnlo hi
e73443	zd:11553	akemnu pen khasia mahmah hi
e73444	19.30.7	na maitang na seel a, kei ka khasia hi
e73445	19.104.29	na seel ciangin amaute khasia uh hi
e73446	23.16.7	a phawk khak uh ciangin khasia-in kap uh hi
e73447	zd:15880	Amah en in ka khasiat mahmah mai hi
e73448	26.20.17	Ahi zongin amaute ka khasiat a
e73449	14.36.15	A mite leh ama teen’na mun khasiat ahih manin
e73450	7.21.15	mite in Benjaminte khasiat uh hi
e73451	33.7.19	Kote nong khasiat kik ding a
e73452	14.36.17	a ham ahi zongin khasiat lo hi
e73453	26.9.10	kuamah ka khasiat kei ding hi
e73454	26.9.5	Kuamah hingkhawi kei un la, kuamah khasiat kei un
e73455	26.7.4	zong kong khasiat kei ding hi
e73456	zd:24542	tangthu lamdangtak leh a khasiathuai mahmah i enkhawm ding hi
e73457	zd:21925	nak khasiathuai lua hi
e73458	zd:24943	a khasiathuai a lunglenhuai dinmun I tung vat hi
e73459	40.18.27	Kumpipa in khasiathuai sa ahih manin
e73460	41.3.5	mite khasiathuai a sa zel hi
e73461	zd:16317	meltheih tanau te'n khasiatpih mahmah uhhi
e73462	zd:12904	Video amu khempeuh in numeinu khasiatpih mahmah uhhi
e73463	zd:24943	Leitung bup in zong ong khasiatpih in
e73464	19.106.46	mi khempeuhte in a khasiatpih zah dong dingin
e73465	18.42.11	a khasiatpihnate uh genin
e73466	52.4.6	le na khasiatsak loh nading uh
e73467	zd:11778	khasim in akisapna munte ah bawlbeh totoding uhhi
e73468	zd:16799	Zomi te ading khasim thungetna kinei den a
e73469	zd:16210	khasim in zong Caberra ah gamuk makaite tawh Meeting neiden ung
e73470	28.2.11	a kumsim pawite, a khasim pawite
e73471	4.29.6	a khasim meihal biakna leh an tawh a biakna
e73472	10.11.4	a khasim nitna panin a kisiansuah tung ahi hi
e73473	26.47.12	khasimin a gah thak gah tawntung ding uh hi
e73474	23.37.31	singkung bangin zung khasuk kikin
e73475	zd:21876	A nasemte khasum pia zo nawnlo hi
e73476	zd:15622	khasum RM1100 tawh kipan ding
e73477	zd:23680	Nasep lut nailo pi in khasum a kisang khol thei diam
e73478	42.3.14	Na khasum ngah zah uh tawh lungkim un
e73479	pk:47	Pa Thang in vanzuakpa khat ahi hi
e73480	pk:48	Kumpipa in, sakol khat tawh khual a zin hi
e73481	pk:67	Lia in, laikung khat nei hi
e73482	ts:4528	Tua mualtung ah SAC Camp khat om hi
e73483	ts:3992	Pasian in Mi khat teel
e73484	ts:4569	bii inn khat lamin teng masa hi
e73485	1.1.5	ni khat
e73486	40.22.35	amau laitheipa khat in Zeisu ze-et a
e73487	1.38.6	a ta masa Er’ adingin zi khat la a
e73488	1.1.5	ni khat ni
e73489	1.1.5	zingsang hong tung a, ni khat ni ahi hi
e73490	15.7.9	a kha masa a ni khat ni-in
e73491	45.3.12	Khat nangawn a om kei hi
e73492	43.15.17	Khat leh khat na ki-it un
e73493	42.22.50	Khat in siampi ukpa’ nasem khat a sat leh
e73494	1.25.29	Khat vei Jakob in meh huan hi
e73495	zd:9247	la makaih siampen khata kiciamteh ahi hi
e73496	ts:4885	mun minthang mahmah khata kigen ahi hi
e73497	zd:9433	pawlpi khata sumkempa in
e73498	13.12.37	Jordan gal khata om Reuben mite
e73499	6.1.14	Jordan gal khata note hong piak leitangah
e73500	1.30.23	Amah gai-in tapa khata nei a
e73501	21.12.2	nitaang, khataang, aksi taangte a dialh hun
e73502	66.21.23	nitaang le khataang cihte kisam lo hi
e73503	23.30.26	khataang pen nitaang bang ding a
e73504	zd:18244	Apa pen Hospital khatah kipuak himahleh
e73505	zd:19788	India gamsung aom Shopping Mall khatah thupiang kici hi
e73506	zd:25158	Khua khatah a cithei zawdeuh om ciat hi
e73507	13.17.5	omna khat pan omna khatah ka pai kawikawi hi
e73508	1.1.9	Vantung nuai-a om tuite mun khatah kikhawm hen
e73509	1.35.21	Eder tausang gal khatah a puanbuk lam hi
e73510	zd:13043	mihing min khatbeek omlo-hi
e73511	zd:9222	a nasepte khatbeek kihel lo ahih manin
e73512	zd:22425	i gente khatbeek in Kumpi leh President na semlo uh hi
e73513	6.21.44	a galte uh khatbeek in zong amaute nang zo lo
e73514	44.13.28	thu khatbeek a muh loh uh hangin
e73515	18.21.17	Amaute khatbeek in lungkhamna tuak ngei ahi uh hiam
e73516	6.6.10	na kam panun aw khatbeek ging khia lo ding
e73517	20.18.1	midangte’ cih khempeuh maan a sak khatbeek om lo hi
e73518	pk:92	tawpna nungah laimal khatciat mun awng ding hi
e73519	zd:21149	A simkha mimal khatciat adingin
e73520	zd:25569	kibawlphat ding khatciat mawhpuak a hihi
e73521	zd:14778	Police Officer khatciat tungpanin Statement kilapah
e73522	18.42.11	sum leh kham zungbuh khatciat tawh
e73523	10.22.11	huih khate tungah amah kimu hi
e73524	19.91.4	ama khate nuai-ah buk nading na mu ding hi
e73525	19.68.13	keima vakhu khate tawh na kibang ding uh hi
e73526	14.3.13	Hih kherubte’ khate in tong sawmnih huam hi
e73527	60.3.19	thong sungah a kikhum khate kiangah thu
e73528	58.1.14	sawltak nasem khate hilo ahi uh hiam
e73529	5.18.11	si khate tawh a kiho
e73530	66.6.9	thahna a thuak mite’ khate biakna tau nuai-ah
e73531	66.20.4	a nei lo mite nuntakna khate zong ka mu hi
e73532	zd:21848	A suahna mun leh hun ni le khate sangin
e73533	48.4.10	Note in nite, khate, hunte, kumte
e73534	20.11.30	nuntakna Khate a man mi in mipil
e73535	62.4.1	Khate in Pasian tawh kipawl hiam
e73536	zd:11553	Mawtaw sungah naupang khatguak cikmahin nutsiatding hilo hi
e73537	zd:22171	Mi khatguak in pumsep gawp sangin
e73538	zd:15756	anu in innah khatguak anutsiat
e73539	19.102.7	innkhum dawn-a vasa khatguak om tawh
e73540	zd:15031	hihpen khathum sungin nihvei asiatna hita hi
e73541	zd:20244	kumkhat leh khathum
e73542	zd:19695	tuzawh khathum khitciangin akibawlding ahihi
e73543	14.36.2	Jerusalem ah khathum sung uk hi
e73544	14.36.9	Jerusalem ah khathum leh nisawm sung uk hi
e73545	1.2.22	nakguh pen numei khatin bawl a
e73546	24.18.4	beel dang khatin a sek pha hi
e73547	26.37.19	ciangkhut nihte ciangkhut khatin ka bawl ding a
e73548	1.48.16	amaute mi honpi khatin khangsak in
e73549	ts:4885	nungak nu in vok an beelpi khatin huan hi
e73550	4.13.23	mi nih in zawl khatin a zawng uh hi
e73551	40.20.2	Ni khatin peek khat hong pia ning
e73552	6.3.13	hong luangsuk tuite lom khatin khawl ding hi
e73553	46.14.31	khatkhatin thu na ban gen ding uh hi
e73554	zd:25340	khatlekhat kizahtak siam ciat ding thupi penpen hi
e73555	zd:25228	khatlekhat zahtakna kipia siam ni
e73556	zd:16695	Mi khatlekhat kikal ki-itna, maitaina khangsak hi
e73557	47.13.12	tawh khatlekhat kihopihin na kinam un
e73558	11.7.4	a tawlet gual thumte khatlekhat kitang hi
e73559	52.5.13	Note khatlekhat kilem takin na om un
e73560	52.4.18	note khatlekhat hih thu tawh na kihehnem un
e73561	48.5.26	khatlekhat kiphin loin, kuamah i kihaza kei ding hi
e73562	43.15.12	note khatlekhat na ki-it un
e73563	pk:38	Laigual khatna ah
e73564	pk:104	A khatna, a sawm-leh-thumna
e73565	zd:25097	Galpi khatna lai in suak nai lo ka hih manin
e73566		ni khatna
e73567		kha khatna
e73568	1.8.13	kum khatna
e73569	66.9.12	Gimna khatna a bei zo hi
e73570	14.29.3	A uk a kum khatna, a kha masa sungin
e73571	13.24.12	a sawm-le-khatna Eliashib tung
e73572	zd:20935	Ahi zongin khatpa pen pau lo-in a ding niloh hi
e73573	zd:20058	A khatpa leuleu in a zi phone sam pah a
e73574	zd:15134	Hihte lakah khatpa pen Thai gamsung ah aomsa
e73575	10.14.6	khat in a khatpa satin that hi
e73576	13.1.19	khatpa’ min in Peleg ahi hi
e73577	5.25.11	a khatpa’ zi hong pai a
e73578	19.89.19	A vanglian khatpa tungah lukhu ka koih zo a
e73579	43.19.32	adang khatpa’ khe a kuaitan uh hi
e73580	zd:23727	Nek ding khatpeuh na bawlma in sil in
e73581	zd:23365	Zola khatpeuh saktheih hi
e73582	zd:24072	Hoih na sak khatpeuh kipakpih lua dah in
e73583	41.8.37	Mi khatpeuh in ama nuntakna
e73584	41.4.23	bil a nei mi khatpeuh a om leh
e73585	3.7.11	mi khatpeuh in Topa tungah a piak theih ding
e73586	4.19.11	A si mi khatpeuh’ pumpi a lawngpa
e73587	3.10.14	a siangtho mun khatpeuhah na ne ding
e73588	42.9.4	Khua khatpeuhah na lut uh ciangin
e73589	26.33.2	gam khatpeuhah gal ka tunsak ciangin
e73590	20.7.12	leh kongkiu khatpeuhah mi ngakin om niloh hi
e73591	10.17.12	amah i muhna mun khatpeuhah
e73592	40.24.50	a uploh ni hun khatpeuhin
e73593	zd:22474	Thu khatpeuhpeuh sin den in
e73594	zd:10892	hamsatna khatpeuhpeuh aomleh hehpihna tawh ong zasak kik in
e73595	zd:25926	Na khatpeuhpeuh ih sepding ciang in
e73596	7.19.13	hih munte khatpeuhpeuh va naih-in
e73597	21.7.18	khatpeuhpeuh na zuihna-ah na ma vang ding hi
e73598	zd:22446	Mi pawl khatte in e mail a khak ciangin
e73599	zd:24028	Laibu pawl khatte pen an bangin
e73600	zd:21027	Mun siangtho pawl khatte pen mi tam uh ahihmanin
e73601	26.22.10	Pawl khatte in a pa’ zi mawhpih uh a
e73602	26.16.16	Na puan pawl khatte
e73603	16.7.73	siampite, Levi mite, leh mi pawl khatte
e73604	13.9.29	Amau adang pawl khatte
e73605	44.1.26	sawltak sawm-le-khatte tawh a kisimkhawm hi
e73606	2.36.15	tua puan sawm-le-khatte kikim hi
e73607	1.32.22	a ta sawm-le-khatte la-in
e73608	2.38.27	Ngun talen za khatte
e73609	66.18.8	gimna in ni khatthu-in ban ding a
e73610	zd:17437	Khakhat khatvei bek a pusuak thei
e73611	zd:16506	khatvei hong genpha lai ning
e73612	zd:24117	khatvei a tapa khat cina gim mahmah in om hi
e73613	58.9.27	Mite in khatvei bek si-in
e73614	19.89.35	ka siangthona tawh khatvei ka kiciam khin hi
e73615	40.27.50	Zeisu in khatvei nakpi-in a kiko kik
e73616	56.3.10	khatvei, nihvei bang taai-in na hilh khit ciangin
e73617	40.26.44	amaute omsak a, khatvei va pai kikin
e73618	41.8.25	a khut khatvei a mittang ah nga kik a
e73619	43.8.8	khatvei kun kikin a khutme tawh
e73620	41.3.1	kikhopna inn sungah khatvei lut kik a
e73621	41.8.13	khatvei gunkuang tungah tuang kikin
e73622	zd:15881	Tutung ko ading a khatveina hipan in
e73623	zd:23022	khatveina hilo cihna hi
e73624	ts:2924	Norway gamah a khatveina alutna ci hi
e73625	44.7.12	tapate a khatveina na na paisak hi
e73626	ts:301	Khuasungah khatveivei mi mang thei hi
e73627	zd:12057	khuasung ah khatveivei Leopard te kimuthei zelzel cihi
e73628	zd:19462	khatveivei mun awng nawnlo pahpah mawk hi
e73629	21.8.14	khatveivei midikte’ in migilote’ daantuah ding teng tuak
e73630	zd:16216	Ka vekpi un Passport nei khatzong omlo
e73631	zd:25173	A utlo khatzong ka omkei uh hi
e73632	zd:19464	Gal hang in khantoh na khatzong ki ngah theilo hi
e73633	6.8.35	a simloh khatzong om lo hi
e73634	zd:11197	tua akikhihna khau pen akitat lua ding hi
e73635	zd:15577	puanphona khau kikhung bangin
e73636	zd:24280	Phim le khau hong lengin
e73637	19.119.61	Migilote’ khau in kei hong vialh hangin
e73638	18.41.2	A nakpheh-ah khau vawh zo ding a
e73639	20.31.19	Amah in khau kheek-in, a puan ding gan tawm hi
e73640	2.28.37	khaudum khat tawh dialpi tungah na gak ding
e73641	2.26.4	khaudum tawh a bilvangte na bawl ding hi
e73642	2.28.28	khaudum khatin a kual tawh gakkhawm ding uh hi
e73643	zd:19242	Huih khauh semsem in singkungte puk dekdek liang hi
e73644	zd:16860	A lungsim uh khauh thei hi
e73645	zd:21845	A khauh mahmah upna hi
e73646	2.7.13	Faro’ lungsim khauh lai a
e73647	18.40.18	a khete sikzawl bangin khauh hi
e73648	41.10.5	Note na lungsim uh khauh lua ahih ciangin
e73649	5.10.16	lung khauh nawn kei un
e73650	5.9.13	a lungsim khauh mite ahi hi
e73651	16.9.16	kote’ pute pate kihisakin lung khauh uh a
e73652	22.8.6	ngaihna in sihna zahin khauh hi
e73653	2.7.14	Faro’ lungsim khauh hi
e73654	11.19.11	a lian a khauh huihpi in mualte semkhamin
e73655	19.27.14	tha khauh in la, na lungsim hangsak in
e73656	22.8.4	Itna in Sihna Zahin Khauh
e73657	24.5.23	hih mite lungsim khauhin hong langpan’ zen uh
e73658	16.9.29	Lung khauhin phengphi-in amaute kiheikhia uh a
e73659	23.57.17	a lungsim khauhin, a gamtat ngei bangun gamta veve
e73660	26.2.4	Amaute a lungsim uh khauhin paupeng uh hi
e73661	65.1.3	lungsim khauhin na do nadingun
e73662	27.10.18	ka tha a hong khauhkik zawdeuh hi
e73663	zd:22187	Kum 50 val khit ciang guh khauhna hong nawh kiam mahmah
e73664	zd:24047	Lungsim khauhna leh hanciamna tungtawn in
e73665	27.2.41	sik bangin a hoih khop khat khauhna ciang a nei ding hi
e73666	19.81.12	amau lungsim khauhna bangin ka tasak hi
e73667	5.9.27	hih mihingte’ lungsim khauhna hita leh a gitlohna uh
e73668	5.29.19	Ka lungsim khauhna tawh ka gamta zongin
e73669	50.3.6	Lungsim khauhna pan ci leeng pawlpi bawlsiapa
e73670	23.49.24	thu khauhpa’ mat mite kihonkhia zo ding
e73671	23.49.25	thu khauhpa’ na kilakhia ding hi
e73672	44.3.7	a khe le a siakmitte hong khauhpah hi
e73673	10.22.35	sumngo thal khauhpente ka keekzo hi
e73674	zd:22046	Na tha hong khauhsak ding hi
e73675	zd:25223	i lungsim i khauhsak teitei ding kisam lua hi
e73676	zd:15592	Balloon pawipi ciangin Security khauhsak mahmahding
e73677	2.10.27	Topa in Faro’ lungsim khauhsak a
e73678	2.8.32	Faro in hih hunin zong a lungsim khauhsak lai a
e73679	2.7.3	keimah in Faro’ lungsim ka khauhsak ding a
e73680	23.35.3	A zaw khutte khauhsak un la
e73681	60.5.10	hong cingsak, hong kipsak, hong khauhsak ding hi
e73682	26.30.24	Babilon kumpipa’ khut ka khauhsak ding a
e73683	58.12.12	tha a nei lo khukte na khauhsak un
e73684	2.14.4	Keimah in Faro’ lungsim khauhsakin
e73685	5.2.30	na Pasian un a lungsim khauhsakin, amah paupeengsak hi
e73686	58.3.13	na lungsim uh na khauhsakkhak loh nadingun
e73687	18.4.3	ban khate na khauhsakna
e73688	zd:11798	thukhun khauhtakin zuihloh phamawh hi
e73689	zd:20853	siangtak leh khauhtakin hong hilh thu
e73690	18.15.26	amah in khauhtakin Pasian langpangin
e73691	46.7.37	zi nei lo dingin a lungsimah khauhtakin khentatin
e73692	47.13.3	hong dam hih hetloin khauhtakin hong hih ding hi
e73693	26.20.37	Note khauhtakin kong uk ding a
e73694	6.23.6	themkhat zong pial loin na omna dingun khauhtakin om un
e73695	19.60.12	Pasian tawh khauhtakin i hih ding hi
e73696	9.11.6	Pasian’ kha in khauhtakin amah hanthawn a
e73697	9.16.13	Topa’ kha in khauhtakin David hong uk hi
e73698	9.10.6	Topa’ kha in khauhtakin nang hong uk ding a
e73699	41.1.43	Jesuh in khauhtakin ama tungah thu genin
e73700	44.5.28	khauhtakin thu kong pia uh hi
e73701	47.2.5	tua bang mi tungah khauhtat lua nawn kei un
e73702	19.76.5	Lungsim khauhte’ neihsa nate kisutkhia a
e73703	47.10.4	Pasian’ galhiam khauhte ahi hi
e73704	30.2.9	tawsaw kung bangin a khauhtuak mahmah
e73705	zd:23554	Zang thum tawh a kiheek khauhual bawhsat hak hi
e73706	zd:22932	pawlkhat inndawn panin khauhual tawh kumsuk uhhi
e73707	ts:301	khauhual khat van le lei kikal ah kikhung a mu hi
e73708	26.3.25	khauhual tawh nang hong kikhih ding a
e73709	18.41.1	khauhual khat tawh a lei hen zo ding
e73710	26.4.8	Nang pen khauhual tawh kong hencip ding a
e73711	21.4.12	Zang thum-a kiheek khauhual bawhsat hak hi
e73712	6.2.21	amah in a khauhual san a kongvangneu-ah khih hi
e73713	6.2.18	hih khauhual san na khih ding hi
e73714	23.5.18	khauhualpi tawh khialhna kai uh ahih manin
e73715	23.3.24	kawnggak tangin khauhualpi
e73716	7.15.14	a baan tunga om khauhualte pen
e73717	zd:21616	Na guhpen steel sangin a zah 5 in khauhzaw hi
e73718	zd:17252	Tuani zinling pen abeisa sangin khauhzaw a
e73719	zd:15689	Midang te sangin sahzaw in, khauhzaw hi
e73720	59.3.1	a khauhzaw thukhenna thuak ding
e73721	44.4.21	uliante in a khauhzaw-in thu a gen khit uh ciangin
e73722	27.10.19	ka tha hong khauhzaw a
e73723	30.7.7	a khut sungah khaukhai khat tawi hi
e73724	30.7.8	hih khaukhai tawh ka en hi
e73725	12.21.13	Ahab’ innkuan khaukhai sikbawk ka khai ding hi
e73726	23.34.11	Edom gam tungah buaina a khaukhai khai sukin
e73727	1.22.13	khaumang lakah a ki-a a awk tuutal khat
e73728	19.150.4	khausai lasaknate leh tamngai tawh amah phat un
e73729	23.38.20	i nuntak sung tawntung khausai lasakna i tum ding hi
e73730	19.33.2	Laiza khausai lasakna tawh Topa phat un
e73731	19.45.8	khausai lasaknate in nang hong lungdamsak-in
e73732	19.144.9	harp zang sawm khausai lasakna nang kong tum ding
e73733	1.38.30	a khut tunga khausan tawh a sanggampa hong paikhia hi
e73734	1.38.28	naudomnu in khausan khat la-in
e73735	66.18.12	a nai puante, a khausante, a singnamtuite
e73736	66.11.3	amaute in khautang puan silhin
e73737	42.10.13	sawtpekin khautang puan silhin, vut tawh kibuakin
e73738	40.11.21	sawtpi pekin khautang puan silhin, vut tawh kibuakin
e73739	zd:9432	A khedap khaute lui lua mahmah ta ahih manin
e73740	zd:17232	Wire khaute ki attat cihi
e73741	zd:14791	Na khaute sausak inla, na khetphimte khenkip in
e73742	19.18.4	Sihna khaute in hong gakcip a
e73743	4.3.37	khetphimte leh khaute zong ahi hi
e73744	2.35.18	huang khetphimte, leh amau’ khaute
e73745	4.4.32	khetphimte, a khaute, a nazatte khempeuh
e73746	23.33.20	a khaute a tat ngei lo
e73747	2.28.33	a ausan khaute tawh a kizem mang kawlsing gah
e73748	2.35.23	A dum, a dupsan, a ausan khaute, puan hoih, keelmul
e73749	4.19.6	puknah leh a ausan khaute la-in
e73750	43.2.15	Amah in zong khauteep bawlin
e73751	43.2.15	a sat nading khautep a bawl khit ciangin
e73752	18.18.10	khauzak kitung a, a pai nading
e73753	zd:20000	khauzang cihzong zanglo in akhutguak in akahto ahihi
e73754	zd:22709	khauzang khat sangin a kihekkhawm namkhau botsat hak zaw hi
e73755	10.8.2	amaute khauzang khat tawh tehin
e73756	23.5.18	ganhing kaih bangin khauzen tawh mawhna kai-in
e73757	26.17.3	Tua muvanlai in khaveng hoih mahmah nei hi
e73758	25.4.17	khawdak zo nawn lo zah dongin
e73759	25.4.17	Huhna ngenin ka khawdakdak uh a
e73760	pk:127	ih khawh ih tuk
e73761	zd:24119	Lo khawh kin mahmah laitak-in
e73762	zd:20200	zanni in lo ka khawh laitak in
e73763	zd:21359	Lo khawh hun-a a kho nuam lo thadahpa in
e73764	1.4.12	Lo na khawh ciangin leitang in
e73765	13.27.26	Lo khawh nasep a sem mite tungah
e73766	1.45.6	lo khawh loh, an lak loh ding kum nga
e73767	2.34.21	lo khawh hun leh anlak hunin na tawlnga ding
e73768	zd:16641	kum khat I khawh annte kikaikhawm khinin
e73769	18.31.38	Ka khawh leitang ka guk ahih a
e73770	26.48.18	khuapi sungah a teengmite in a khawh ding leitang
e73771	43.4.38	Lo na khawh lohna uh ah buh at dingin
e73772	9.18.11	Kawm tawh David ka khawhcip ding hi
e73773	9.19.10	kawm tawh David khawhcip dingin khawh hi
e73774	9.26.8	lei tawh khatvei bek hong khawhcip sak in
e73775	9.26.8	khatvei bek hong khawhcipsak in
e73776	4.35.22	na khatpeuh tawh amah khawhin
e73777	9.20.33	amah a khawhkha dingin ama lamah
e73778	30.9.13	ma-in lo khawhkik hun tungin
e73779	40.21.41	lo khawhlawh dangte khosak ding hi
e73780	40.21.33	khawhlawh sakin gam dangah a pai hi
e73781	42.20.16	midangte khawhlawhsak ding hi
e73782	41.12.1	lo khawhlawhte khawhlawhsak a, amah gam dangah a pai
e73783	41.12.9	a lo, midangte a khawhlawhsak ding hi
e73784	42.20.9	lo khote khawhlawhsakin gamdang ah pai a
e73785	41.12.1	lo khote khawhlawhsakin gamdangah a pai hi
e73786	41.12.3	Tua lo khawhlawhte in a nasempa man uh a
e73787	40.21.35	Lo khawhlawhte in a nasemte na manin
e73788	42.20.14	lo khawhlawhte in a tapa a muh uh ciangin
e73789	41.12.2	lo khawhlawhte’ khut tung panin a gah ngah dingin
e73790	41.12.9	Amah hong pai-in, lo khawhlawhte sugawp a
e73791	42.20.15	lo khawhlawhte tungah bangci a bawl ding hiam
e73792	18.41.7	teipi lingnei tawh a lutang khawhlet zo ding
e73793	18.41.7	Ngasa khawhna teipi tawh a vun khawhlet zo ding
e73794	18.41.7	teipi lingnei tawh a lutang khawhletzo ding
e73795	zd:15772	Zogam ah lo khawhna leh annlak hun
e73796	zd:25918	lo khawhna tawh kivak ding
e73797	16.10.37	lo khawhna i khuaneute khempeuh ah
e73798	21.5.9	lo khawhna lamsang a lunghimawh kumpi khat
e73799	29.3.10	Lo khawhna tuute namsau-in seek un la
e73800	9.13.20	a lo khawhna tu, a tu-zum, a hei
e73801	9.13.21	lo khawhna tu leh tu-zum seek hiamna thaman
e73802	28.10.11	Lo khawhna leeng, Judah ka kaisak a
e73803	33.4.3	a namsaute uh lo khawhna tu-in seek ding uh a
e73804	18.41.7	Ngasa khawhna teipi tawh a vun khawhlet
e73805	zd:15996	Kum khatsung khawhsa ante kila khinin
e73806	zd:20769	neihsa, khawhsa leh khawisa
e73807	zd:16665	no' tukum khawhsa an nahau uhia
e73808	5.26.12	na khawhsa uh sehsawm suah sehkhat
e73809	19.40.6	khawhsa tawh biakna na deih kei hi
e73810	5.16.15	na khawhsa leh na khut tawh na sepna khempeuh
e73811	18.31.8	Ka khawhsa ante midangte’ nek suak hen la
e73812	58.10.5	Ganhing le khawhsa tawh biakna na deih kei a
e73813	58.10.9	ganhing le khawhsa tawh biakna luite na beisak phot hi
e73814	28.10.11	kol bulhin lo khawhsak ding ka ngaihsun hi
e73815	42.17.7	na lo uh hong khawhsak ahi a
e73816	59.5.4	Na lo uh a hong khawhsakte a thaman
e73817	16.13.15	a khawhsate uh khawmin
e73818	zd:23252	Gamlak ganhing thatlo in khawi ding
e73819	12.7.4	amaute in eite hong khawi leh eite i nungta
e73820	21.3.3	Gawh hun om a, khawi hun om hi
e73821	9.15.9	a hoih khempeuh khawi uh a
e73822	12.10.14	amaute khat zong hing khawi lo hi
e73823	4.31.15	Numei khempeuh hing khawi na hi uh hiam
e73824	1.32.30	ahi zongin kei hong kihing khawi lai hi
e73825	2.22.18	Numei aisannu na hing khawi kei ding uh
e73826	5.20.16	hu a diik khempeuh na hing khawi kei
e73827	zd:23394	Vok khawi in, go uhhi
e73828	zd:21347	bawngpi khat le vok khat khawi uh hi
e73829	zd:16588	ui khawi nawnlo uh hi
e73830	18.41.5	vasa khawi bangin bawl zong ding
e73831	24.34.8	a mipih Judah mite sila-in khawi thei lo ding
e73832	4.32.1	gan khawi nading munin hoihsa mahmah uh hi
e73833	12.3.4	Moab kumpipa Mesha pen tuu khawi pa ahi hi
e73834	4.6.5	amah in a sam a sau-in khawi ding hi
e73835	24.34.10	sila-in khawikik thei nawn lo ding hi
e73836	1.49.25	khawilevulh le tuletate
e73837	19.78.50	kuamah hin’ khawilo a
e73838	12.3.4	Mesha in tuu khawipa ahi hi
e73839	26.32.13	na gan khawite ka that khin ding hi
e73840	19.78.48	a gan khawite uh keek tawh a denglum hi
e73841	41.7.27	ui khawite piak masak ding kilawm lo hi
e73842	40.15.26	ui khawite piak ding kilawm lo hi
e73843	pk:55	A tunga khawk sungate
e73844	zd:9213	Ninth Symphony sunga a nunungpen khawk ahi hi
e73845	16.3.11	khawk dang khat sung puah uh hi
e73846	16.3.20	Eliashib’ inn kongkhak ciang dong khawk khat sung puah hi
e73847	16.3.19	galvan koihna kahtohna san khawk khat puah hi
e73848	40.27.7	beel seekpa’ lei khawk khat a lei uh hi
e73849	24.36.23	khawk thum khawk li bang a sim khit ciangin
e73850	11.7.28	tuate in a khawkte nei-in
e73851	11.7.32	leengpei lite in a khawkte’ nuai-ah om hi
e73852	4.32.36	tuute adingin tuu-khawkte bawl uh hi
e73853	zd:23904	Services tuamtuam khawlcip hi
e73854	zd:14944	mawtaw hawl tezong paitheilo in khawlcip uhhi
e73855	zd:14722	khuam aphutkhak ciangin avekin khawlcip a
e73856	6.10.12	Kha aw, Aijalon Kuam-ah khawlcip in
e73857	35.3.11	ni leh kha a omna san-ah khawlcip uh hi
e73858	15.4.24	kum nihna dong tua bangin khawlcip phot hi
e73859	7.5.7	Israel sunga lo khote khawlcip uh a
e73860	23.57.20	tuipi khawlcip thei lo a
e73861	19.76.6	sakol leh a tung tuangpa khawlcip uh hi
e73862	18.38.32	khawlei uikai a pai nading lampi
e73863	18.38.32	Khawlei uikai a pai nading lampi
e73864	zd:14604	ama utthu tawh nasep khawlin, sumbawl suangbawl kipan in
e73865	zd:12904	tua ataih mawtaw pen khawlin, ahawlte hong kumkhiapan uhhi
e73866	18.37.14	tawlkhat khawlin ngai in la
e73867	11.15.21	Ramah a lam khawlin Tirzah ah om hi
e73868	26.18.26	a gamtat hoih khawlin mawhna a bawl ciangin
e73869	41.4.39	Tua ciangin huihnung khawlin dai khipkhep pah hi
e73870	26.33.19	a gitlohna khawlin a man a hoih-in gamta leh
e73871	26.18.27	a gitlohna panin khawlin a hoih a manin gamta leh
e73872	26.33.14	a mawh gamtatna khawlin a man a hoihin
e73873	zd:13020	khawlmun dan hi in singkung vasa tuang ibang hi
e73874	1.49.13	amah in teembaw khawlmun suak ding a
e73875	44.27.8	Lasia khua tawh kinai Khawlmun Nuam kici mun
e73876	44.27.13	Khawlmun Nuam panin Krete tuikulh a kineh thei zahzahin
e73877	24.41.17	Khimham Khawlmun-ah a khawl uh hi
e73878	23.23.1	khawlmunte om nawn lo ahih manin
e73879	zd:17861	meileng khawlna ah a ui nusia in sang a zuan hi
e73880	zd:20334	tembaw khawlna mun a zuan hi
e73881	zd:15527	lungphu khawlna hangin a si
e73882	23.30.15	Kihei kikna leh khawlna bek tawh
e73883	66.14.13	nasepna bei-in khawlna tawlngakna thu a ngah ding uh hi
e73884	44.7.49	Ka khawlna mun in koi lai takah
e73885	24.9.2	Sehnel gamlakah khawlna ding bukno khat
e73886	44.27.12	Krete gam teembaw khawlna mun hi a
e73887	44.27.12	Tua teembaw khawlna munah phalbi sung tawntung om huai lo
e73888	1.49.13	Amah, teembaw khawlna mun suak ding a
e73889	44.27.29	teembaw khawlna sikkawi li a khia uh a
e73890	2.9.34	gialpi leh vanging a khawlna Faro in a muh ciangin
e73891	zd:13013	a kiphal kei leh khawlpah ding hi
e73892	zd:20668	lamzikpi tungah mawtaw khempeuh khawlpah ngeingai uhhi
e73893	zd:18116	mawtaw anawkkhak khitciangin khawlpah nailo in
e73894	41.5.29	a siluang khawlpah a
e73895	42.7.14	si puate zong a khawlpah uh hi
e73896	20.17.14	a nasiat ma-in kitot khawlpak in
e73897	zd:19915	Singkung singhiangte in khawlsak zo lo hi
e73898	zd:25218	Mandalay Airport ah tawlkhat hong khawlsak uh hi
e73899	44.8.38	Mangpa in leeng khawlsak a
e73900	18.37.7	Amah in mihingte’ nasep khawlsak a
e73901	61.2.16	kamsang Balaam’ haitatna a khawlsak hi
e73902	15.4.23	a nasep uh zawhthawh thu tawh khawlsak uh hi
e73903	42.7.14	a puate a khawlsak hi
e73904	27.12.11	Amaute in nisim biak piakna a khawlsak leh
e73905	7.13.16	Nong khawlsak zongin na an ka ne kei ding hi
e73906	41.6.53	gunkuang tui geiah a khawlsak uh hi
e73907	27.8.11	nisim biakna piaknate nangawn khawlsakin
e73908	10.6.13	amah in a puate tawlkhat khawlsakin
e73909	44.27.29	teembaw khawlsakna sikkawipi li khiasuk uh a
e73910	44.4.14	amaute tawh ding khawma om a muh uh ciangin
e73911	5.30.4	Topa na Pasian un tua lai panin note hong khawmin
e73912	14.29.15	Amaute in a sanggamte uh khawmin amau kisian’suah uh a
e73913	4.19.9	Mi a siang khat in bawngla vute khawmin
e73914	14.32.6	ama kiangah amaute khawmin amaute tungah hanthotna tawh thu genin
e73915	14.29.4	nisuahna lam mun awngah amaute khawmin
e73916	9.17.1	galsim dingin a galkapte uh khawmin
e73917	12.10.18	Jehu in mi khempeuh khawmin amaute kiangah
e73918	11.22.6	Israel kumpipa kamsangte mihing zali bang khawmin
e73919	14.18.5	Israel kumpipa in kamsangte mihing zali khawmin
e73920	zd:19223	A nu tawh thu ngen khawmin
e73921	zd:10952	I vek in pang khawmin America i hatsak kik ding
e73922	zd:15996	Meilah teng gawm khawmin mun khat ah
e73923	18.30.25	mite tawh kei kap khawmin
e73924	23.58.7	Na an uh a gilkialte tawh ne khawmin
e73925	7.1.17	Judah in a sanggampa Simeon tawh pai khawmin
e73926	5.25.5	Sanggam pasalte teng khawmin
e73927	40.12.30	Keimah tawh a khawmkhawm lote in
e73928	10.6.1	Israel-te a kiteelkhia mi tul sawmthum khawmkik hi
e73929	40.14.20	a khamvalte uh khawmkik uh a
e73930	26.11.17	Amaute ka thehthangna gam panin khawmkikin
e73931	14.4.12	lu dawnah a om khawmluzepna nihte
e73932	ts:9856	Kimuh khawmna nei den in
e73933	ts:11162	Mandalay siamsinte tawh limtak holim khawmna kinei thei ahihi
e73934	zd:11798	Singapore makaite in zong kipawl khawmna tawh a khantoh ding
e73935	44.2.42	kipawl khawmna, khomun balnenna leh thungetna
e73936	9.10.11	kamsangte tawh a gamtat khawmna
e73937	50.4.3	Lungdamna Thu ka hilh khawmna-ah hong huhin
e73938	58.10.25	eite in kikhop khawmnate pelh loin om ni
e73939	45.16.9	Kote tawh Khazih’ nasem khawmpa Urbanas
e73940	38.13.7	kei tawh nasem khawmpa lang pang in
e73941	40.26.23	Ankuang ka sawk khawmpih pa in
e73942	47.1.7	gimna na hong thuak khawmpih uh mah bangin
e73943	57.1.2	thu upna-ah galkap khawmpih Arkhippas-te tungah
e73944	51.1.7	ka it uh sila ka hih khawmpih uh Epafras
e73945	43.3.26	Jordan Gun galkhatah na om khawmpih ngei pa
e73946	41.14.20	kei tawh ankuang ka sawk khawmpihpa ahi hi
e73947	40.26.23	Kei tawh kuang sungah an ka sawk khawmpihpa in
e73948	41.6.26	sabuai ah a tut khawmpihte a zahtak manin
e73949	40.14.9	a tut khawmpihte a zahtak manin
e73950	40.14.9	sabuaiah a tut khawmpihte
e73951	7.21.11	pasal tawh a lum khawmsa numei khempeuh
e73952	1.41.35	an khempeuh amaute khawmsak in la
e73953	8.2.7	anlomte lakah a kiate hong khawmsak in
e73954	2.5.7	amau mah buhtu khawmsak tawm un
e73955	11.18.20	Israel mite leh kamsangte khawmsak hi
e73956	18.42.15	gamh luah khawmsak hi
e73957	4.11.16	tua lai-ah nang tawh ding khawmsak in
e73958	23.45.21	amaute kikum khawmsak un
e73959	44.15.22	Paul leh Barnabas tawh pai khawmsak leng a hoih hi
e73960	40.19.6	Pasian in a gawm khawmsate mite in
e73961	zd:21511	Tanu tapa a nei khawmte in theitel ding uh hi
e73962	zd:23554	anuam khawm adah khawmte ahi uh hi
e73963	ts:4390	Mipi galkap kipawl khawmte in
e73964	41.15.32	Zeisu tawh a kikhai khawmte in zong a zahko
e73965	42.9.32	amah tawh a ding khawmte a mu uh hi
e73966	6.6.17	ama inn sungah amah tawh a om khawmte khempeuh
e73967	42.7.49	Amah tawh an ne khawmte in
e73968	58.3.14	Khazih tawh a ngah khawmte i hi ding hi
e73969	ts:301	Mi 1000 khawng bek suakta-in inn a tung uh hi
e73970	zd:25130	tua in mi 50 khawng ong tonpih leh
e73971	zd:23037	Picnic khawng zong paikhawm hi ung
e73972	6.7.5	mi sawmthum-le-guk khawng thatin
e73973	44.24.11	ni sawm le ni nih khawng pha pan hi
e73974	7.19.2	tua lai-ah kha li sung khawng om hi
e73975	10.13.6	mohpheng nih khawng na bawlsak nading
e73976	11.17.12	singkang nih khawng a tom ka hi a
e73977	26.8.16	mihing sawmnih leh nga khawng na om a
e73978	16.13.20	khatvei nihvei khawng Jerusalem pua lamah giak uh hi
e73979	30.8.6	sum tampi i khawng nuam hi
e73980	zd:20410	smartphone khawngah a softcopy sim theih in om lai hi
e73981	zd:22779	tutna tung khawngah zong kilum ngeingai hi
e73982	zd:12352	net sung khawngah kamu ngei pan hi
e73983	29.2.9	kulh tung khawngah tai zaizai uh hi
e73984	29.2.9	Inn tung khawngah kahto ngeingai uh a
e73985	58.11.38	gamlak le mualtung khawngah vak kawikawi-in
e73986	42.8.27	han lak khawngah om tawntung hi
e73987	59.2.3	ka khe kiang khawngah hong tu in
e73988	10.13.20	Tamar lungzuang khawngai-in a om hi
e73989	19.35.12	ka khawngai mahmah hi
e73990	zd:10910	Tua hun lai khawngin amau tawh kimuh khak ding
e73991	zd:20859	nai 3 sung khawngin kimanzo mahmah hi
e73992	zd:22803	Lai sin kum kum 5 khawngin BE degree ngahsak uhhi
e73993	41.6.48	nai guk kikal khawngin a nungzuite kiang
e73994	zd:26385	Shopping mall khawng, super-market khawngte kizemin
e73995	zd:16983	mun ding cih khawngte ihgel kholh kul ding hi
e73996	zd:26700	Zotung, Zophei, Zokhua, cih khawngte na om hi
e73997	41.7.4	sumngo kibawl beellekuang khawngte sawp ding
e73998	pk:172	khawphelep bang
e73999	27.10.6	A maitang in khawphelep bangin tang a
e74000	26.10.5	Kherubte’ khazap ging pen
e74001	66.9.9	A khazap ging in
e74002	26.3.13	huihlakah a khazapna le leengpei gingte
e74003	zd:26049	Khatvei vei ka ngaihsun khazel hi
e74004	zd:25572	Ka ki-ip zawhloh teh bel ka paukhia khazel hi
e74005	zd:20895	Lupkuan in coffee dawn khial khazel in
e74006	20.30.9	min kong daisak khazel ding hi
e74007	1.42.38	siatna tung khazenzen leh
e74008	pk:44	Maimom in khe giat a nei hi
e74009	zd:24276	khe tawh lampai hanciam in
e74010	zd:20699	khut le khe nei loin hong khangkhia hi
e74011	zd:20942	Ka khe hong liah ciangin
e74012	3.21.19	khut hoih lo, khe hoih lo
e74013	3.11.23	khe li nei-in kha a nei ganhing
e74014	43.19.33	a khe a kuaitan kei uh hi
e74015	2.37.13	a khe lite-ah a kualte gak hi
e74016	40.21.14	mittawte leh khe-baite, biakna innpi sungah
e74017	5.15.21	a khebai a mittaw
e74018	44.3.2	a nu gil sung pan a khebai mi khat
e74019	23.35.6	khebai mipa pen sakhi bangin diangin lam ding a
e74020	44.8.7	khebai mi tampi in damna a ngah uh hi
e74021	39.1.8	A khebai a, a cina ganhingte tawh
e74022	20.25.19	ha na, ahih kei leh khebai tawh kibang hi
e74023	20.26.7	Khebaipa’ khe, kiman’na om loin
e74024	42.14.13	mipoite, khebaite leh mittawte na sam in
e74025	18.29.15	khebaite’ adingin khe ka hi hi
e74026	33.4.6	keimah in khebaite kaikhawmin
e74027	23.33.23	khebaite nangawnin van ngah ding uh hi
e74028	40.15.31	khezawte damin, khebaite hoihtakin lam paithei-in
e74029	36.3.19	a khebaite honkhia-in, a kipaikhiatpih mite ka ciahpih ding hi
e74030	3.11.27	amau’ khebom tawh a paite khempeuh
e74031	30.3.12	tuu khebom nih ahi a
e74032	23.3.18	khebuh hoihte, lutuam leh khade lim
e74033	41.9.46	khutbui khebui-in nuntakna sungah na tum leh
e74034	3.11.3	a khecin a ka
e74035	3.11.6	a khecin ka lo ahih ciangin
e74036	3.11.7	Vok pen a khecin a kat hangin
e74037	27.7.19	sumngo khecin a nei sapi lina
e74038	27.4.33	muvanlai’ khecin bangin a hong sau hi
e74039	23.5.28	amau sakolte’ khecinte pen meisuang bangin sak a
e74040	38.11.16	a khecinte nangawn hawkkhiatsak zawsop hi
e74041	19.69.31	a ki leh a khecinte tawh a kim
e74042	18.41.30	A khecinte, belpei kitam a hiamte tawh kibang a
e74043	14.28.15	khedapkaihte pia-in an leh tui vaak uh
e74044	pk:56	Huate in, khedapte ahi uh hi
e74045	pk:57	Hua khedapte in, a lui ahi uh hi
e74046	2.3.5	na khedapte suahkhia in
e74047	6.9.5	a paatsa, a kiphop khedapte bulhin
e74048	5.29.5	na khedapte uh sia nai lo hi
e74049	42.22.35	Dangka-ip, thung-ip, khedapte keng loin
e74050	6.9.13	ka khedapte uh khual gamlapi zinna-in paat gawp hi
e74051	2.12.11	na khedapte uh na khe uh-ah bulhin
e74052	40.10.10	puanak nih, khedapte, ciangkhut, tuate na keng kei un
e74053	1.14.4	kum sawm-le-nih sung Khedorla-omer’ khut nuai-ah om uh a
e74054	zd:12370	Minam min kheek nading khalna zong koimah ah om lo hi
e74055	zd:12370	Kawlgam zong BURMA panin Myanmar-in ki kheek hi
e74056	zd:23554	Christian biakna tawh kizom ngeinate tawh I kheek kul ding hi
e74057	1.35.2	na puante uh kheek un
e74058	19.102.26	amaute pen puan bangin na kheek a
e74059	3.27.10	laih lo, kheek lo ding hi
e74060	45.1.25	thuman thutak pen thuzuau tawh a kheek uh a
e74061	45.1.23	tuate a milim tawh a kheek uh hi
e74062	3.27.10	ganhing khat ganhing adang khat tawh a kheek leh
e74063	zd:21635	Amah in khau kheek-in, a puan ding gan tawm hi
e74064	40.6.28	na lah sem lo, khau lah kheek lo uh
e74065	40.6.28	khau lah kheek lo uh hi
e74066	20.31.19	Amah in khau kheek-in
e74067	20.31.19	Amah in khau kheekin a puan ding
e74068	3.27.10	tua ganhing leh a kheekna ganhing
e74069	40.21.12	dangka kheekte’ sabuaite leh vakhu zuakte’ tutphahte
e74070	zd:24221	A nuntakna a kheel manin lungdam hi
e74071	zd:17309	Nuntaakzia kheel in
e74072	zd:24283	sum meetbawlna te zong hong kheel dinghi
e74073	30.7.3	a lungsim hong kheel kik a
e74074	48.4.20	ka kam pauna ka kheel nuam hi
e74075	19.110.4	ama ngaihsutna kheel lo ding hi
e74076	27.2.21	Amah in hun leh khuahunte kheel
e74077	19.89.34	paikhia thute ka kheel kei ding hi
e74078	18.34.14	Pasian in a ngaihsutna kheel hen la
e74079	29.2.14	i Pasian in a lungsim kheelin
e74080	9.21.13	amaute’ mai-ah a gamtat kheelin
e74081	45.11.23	a lungsim uh kheelin Pasian a up uhleh
e74082	2.32.12	A kihtakhuai na hehna daisak inla, na lungsim kheelin
e74083	4.23.20	ke’n ka kheelkik thei kei hi
e74084	24.34.16	na lungsim uh na kheelkik leuleu uh a
e74085	24.4.28	ka lungsim zong ka kheelkik kei ding hi
e74086	30.7.3	Topa in zong a lungsim hong kheelkik a
e74087	24.26.3	ka ngaihsutsa ka kheelkik ding hi
e74088	24.26.13	a gensa thu a kheelkik ding hi
e74089	12.24.17	a min Zedekiah-in kheelsak hi
e74090	12.23.34	ama min Jehoiakim ci-in kheelsak hi
e74091	4.13.16	Joshua ci-in a min kheelsak hi
e74092	27.7.25	pawi bawlna hunte kheelsak ding hanciam ding a
e74093	50.3.21	a minthang pumpi tawh hong kheelsak ding hi
e74094	45.9.19	Pasian’ cihsa kua in kheelzo ding
e74095		kuamahpeuh kheem kei in
e74096	44.5.3	nang in Kha Siangtho kheem a
e74097	36.3.13	mi kheem ding zong ngaihsun nawn lo ding uh hi
e74098		midangte kheem kei in
e74099	53.2.3	Kuamah in note bangmah hangin hong kheem kei hen
e74100	48.6.3	tua mi in ama pumpi a kheem hi
e74101	42.4.2	ni sawmli tawntung dawimangpa in a kheem hi
e74102	47.6.6	it kheem lo it takpina
e74103	60.1.22	unau it kheem bang hi loin
e74104	63.1.7	mi kheem tampi
e74105	40.26.4	Zeisu bangci kheembawlin, a mat khit uh
e74106	45.7.11	thukhamna tawh hong kheemin hong that hi
e74107	55.3.13	midangte kheemin, amau mahmah zong a kikheem ding
e74108	66.13.14	leitungah a om mite kheemin
e74109	47.7.2	Kuamah kheemin a sum ka la kei uh hi
e74110	19.7.4	thu om lopi-in ka lawmte kheemin
e74111	25.1.2	A kipawl pihte khempeuh in kheemin
e74112	19.50.19	na leii un kheemna khang sak hi
e74113	43.1.47	ama sungah kheemna om lo Israel mi taktak
e74114	41.7.22	huaihamna, gitlohna, mi kheemna, kihhuai deihna
e74115	54.2.14	Adam in kheemna a thuak kei hi
e74116	54.2.14	numei in kheemna thuak a, a khial hi
e74117	52.2.3	zuauthu hilhna, kihuaina, kheemna tawh
e74118	47.12.16	kheemna tawh note hong man hi ta leng
e74119	44.13.10	Thuzuaute leh kheemna pawl khempeuh tawh a dim
e74120	51.2.4	kheemna kam tawh note hong kheem zawh loh nadingin
e74121	49.6.11	Dawimangpa’ kheemna na nan’ zawh nadingun
e74122	49.4.14	zol dingin, kheemna thu gen ahih ciangun
e74123	40.6.13	kheemna hong thuaksak kei in
e74124	40.26.41	kheemna tawh na kipelh theih nadingun thu ngen un
e74125	40.4.1	dawimangpa’ kheemna thuak nadingin
e74126	42.4.13	Dawimangpa in kheemna a vekpi-in ahih khit ciangin
e74127	43.7.12	mihonpite a kheempa ahi hi
e74128	19.43.1	mi kheemte leh thutang lote kiang panin
e74129	19.119.70	thu theithei loin kheengcip a
e74130	12.6.32	a topa’ kheging hong kiza hilo ahi hiam
e74131	11.14.6	kongkhak hong tun a kheging a zak ciangin
e74132	10.5.24	lam paina kheging na zak ciangin
e74133	34.3.2	sakol koplenna kheging
e74134	24.47.3	Sakol khegingte za-in, sakol leeng gingte
e74135	7.5.28	A leeng khegingte bang hangin hici zekai hiam
e74136	23.20.2	tangguak leh kheguak tawh lam pai hi
e74137	23.20.3	kheguak tawh kum thum sung lam a pai
e74138	pk:8	Be a kheh hi
e74139	1.30.37	a kang mun a om dingin kheh a
e74140	1.30.38	Amah in a khehsa ciangkangte
e74141	zd:22426	khei khia mai in
e74142	20.26.9	ling om a khei
e74143	pk:157	Nutha lah khek zo keng e
e74144	zd:24595	Tua min khek nuam te in
e74145	zd:21362	lungnopna thalawpna tawh khek thei uh hi
e74146	zd:20577	A diak in Diapers khek khit leh
e74147	1.41.14	a puan a khek khit ciangin
e74148	24.13.23	a vun uh a khek thei uh hiam
e74149	10.14.20	Na thu paizia khek nadingin
e74150	3.27.10	laih lo, khek lo ding hi
e74151	23.43.4	nangma nuntakna khek nadingin mihingte ka pia hi
e74152	19.106.20	lopa a ne bawngtal lim tawh a khek uh hi
e74153	3.27.33	a khek leh, tua leh a khekna pen a siangtho
e74154	23.43.3	nangmah khek nadingin Ethiopia leh Seba ka pia hi
e74155	zd:24574	zuih theih ding khekhap tampi hong nusiat hi
e74156	zd:21989	midangte khekhap a zuihloh nading
e74157	11.15.34	Jeroboam’ khekhap mah tawnin
e74158	60.2.21	ama khekhap na zuih nadingun
e74159	26.23.31	Na u nu’ khekhap teng mah tawn
e74160	18.13.27	ka khekhap nangawn na entel hi
e74161	12.21.21	a pa’ khekhap khempeuh tawn a
e74162	14.28.2	Israel kumpite’ khekhap zui hi
e74163	14.34.2	a pu David’ khekhap zui hi
e74164	19.77.19	na khekhapte kimu lo hi
e74165	26.23.31	Na unu’ khekhapteng mah tawn na hih manin
e74166	zd:19428	tawlet ah khekhat ka galmuh a
e74167	zd:22595	khutkhat tawi khekhat khai in kipangkhawm hi
e74168	16.8.1	mi khempeuh khekhat khai bangin hong kikhawmtuah
e74169	15.3.1	khekhat khai bangin Jerusalem-ah hong kituah diam uh hi
e74170	ts:3375	Zomite in ansuk khekna dingin Tui-annsu bawlkhia uh hi
e74171	zd:22203	leitung gam tuamtuam ah khekna haksa mahmah hi
e74172	ts:2891	US Dollar khekna vai ah
e74173	1.47.16	na ganhing khekna-in an kong pia ding hi
e74174	1.47.16	a ganhingte uh khekna-in
e74175	3.27.33	tua leh a khekna pen a siangtho hi ding
e74176	3.27.10	tua ganhing le a khekna ganhing
e74177	18.14.20	A meel kheksak gawpin na hawl mang hi
e74178	zd:12112	Na ngaihsut na te khel in
e74179	zd:21717	Malaysia in ka nuntakna tampi hong khel zo hi
e74180	zd:14525	i lungsim i khel theih nadingin pilna kisam phot hi
e74181	2.32.14	Topa in a lungsim khel a
e74182	24.26.13	na gamtatziate uh khel un la
e74183	24.2.36	Bang hangin na lungsim khel ziauziau na hi hiam
e74184	26.33.8	a gamtatna a khel nading na hilh kei leh
e74185	19.89.34	paikhia thute ka khel kei ding hi
e74186	4.32.38	a minte khel ding
e74187	1.32.32	a khel thagui tung a sukna hang
e74188	1.32.32	khel thagui ne lo uh hi
e74189	9.11.2	note’ taklam mittang khempeuh khel khia-in
e74190	4.16.14	Hih mite’ mit khel khia ding na hi hiam
e74191	20.30.17	va-ak in a mittang khel khiatsakin
e74192	zd:24320	Jacob a khelbai zo ci hi
e74193	3.21.18	poina a nei, mittaw, khelbai
e74194	24.31.8	Mittawte leh khelbaite zong hong kihel ding
e74195	41.15.20	Zeisu a khelbawl khit uh ciangin
e74196	44.7.19	I mipihte na khemgawpin na khelbawl a
e74197	13.10.4	kei hong khelbawl kha ding hi
e74198	48.5.10	Note hong khelbawl mi in kuakua ahih hangin
e74199	1.32.25	amah tawh a kilaina-in Jakob’ khelguh
e74200	2.32.12	na lungsim khelin na
e74201	7.16.21	a mitte khelkhia uh a
e74202	9.11.2	note’ taklam mittang khempeuh khelkhia-in
e74203	41.9.47	Na mittang in hong puksak leh, na khelkhia in
e74204	48.4.15	na mittang nangawn uh khelkhia-in kei a hong pianuamte
e74205	40.18.9	khelkhia in la, paai in
e74206	12.25.7	Zedekiah’ mitte khelkhia uh a
e74207	4.16.14	Hih mite’ mit khelkhia ding na hi hiam
e74208	20.30.17	va-ak in a mittang khelkhiat sakin
e74209	24.39.7	Zedekiah’ mittang a khelkhiat sak khit ciangin
e74210	24.39.7	Zedekiah’ mittangte a khelkhiatsak khit ciangin
e74211	1.31.7	ka thaman sawmvei khelkhin a
e74212	zd:24420	palai sepsawmna pan khelkik ding hoih kasa hi
e74213	24.4.28	ka lungsim zong ka khelkik kei ding hi
e74214	4.23.20	keimah in ka khelkik thei kei hi
e74215	24.26.13	a gensa pen a khelkik ding hi
e74216	24.26.3	ka ngaihsut sa ka khelkik ding hi
e74217	24.26.19	tun’sak dinga a gensa khelkik zaw hilo ahi hiam
e74218	24.34.11	a lungsim uh khelkikin a khahkhiatsa uh
e74219	24.26.19	tunsak dingin a gensa khelkikzaw hi lo ahi hiam
e74220	1.32.32	khelkom tunga a om khel thagui
e74221	1.32.25	amah in a khelkom sung suksak hi
e74222	44.6.14	ngeina khempeuh khelmang ding hi
e74223	1.32.31	A khelpi’ hangin amah bai
e74224	4.25.18	amaute in a khelpilna uh tawh note
e74225	zd:23022	Ama kammal in nuntakna hong ki khelsak hi
e74226	zd:17295	a paradigm khelsak zo pan ding hi
e74227	zd:21273	Lungkhamna kuampite lametna kongpi tawh hong khelsak in
e74228	14.36.4	ama min Jehoiakim-in khelsak hi
e74229	24.52.11	Zedekiah’ mittang a khelsak khit ciangin
e74230	zd:23792	a gamtat sia, lungsim kheltat, a ki ukzo lo mipa
e74231	zd:15433	tatsiatna, gitloh kheltat gamtatna
e74232	45.1.30	Pasian mudah mi, kheltat mi, kisathei mi
e74233	45.6.19	kihhuaina leh kheltatna’ sila-ah
e74234	13.4.11	Shuhah’ sanggampa Khelub in Mehir’ pa hi a
e74235	zd:20071	Ka pa'n hong khem ta hiam
e74236	zd:20817	Siavuan te khem kei in
e74237	zd:12998	Jacob in a khem hileh kilawm hi
e74238	1.3.13	Gulpi in kei hong khem a
e74239	1.31.20	Jakob in Aram mi Laban khem a
e74240	9.28.12	Bang hangin kei hong khem na hi hiam
e74241	40.24.4	Kuamah in hong khem zawh loh nadingin
e74242	31.1.3	kiphatsakna un note a hong khem zo hi
e74243	24.20.7	Topa aw, kei nong khem a
e74244	40.24.11	mi tampi a khem ding uh hi
e74245	20.26.18	A vengte a khem khit ciangin
e74246	19.52.4	Mi khem theipa aw
e74247	9.12.4	Nangmah in kote nong khem kei a
e74248	9.12.3	kua khem ka hi hiam
e74249	30.8.5	a hong leite i khem nuam hi
e74250	28.12.7	mi khem ding nuam a sa uh hi
e74251	41.10.19	mi khem kei in
e74252	44.5.3	Kha Siangtho khem na hi hiam
e74253	23.63.8	amaute in kei hong khem lo ding hi
e74254	36.3.13	mi khem ding zong ngaihsun nawn lo ding
e74255	19.78.36	a kam uh tawh amah phat khem uh a
e74256	26.13.6	ci khem uh hi
e74257	19.62.4	a kampi uh tawh phat khem uh a
e74258	47.4.2	Ka thuhilhna uhah mite khembawl loin
e74259	6.9.4	amaute in khembawl ding vaihawm uh a
e74260	10.21.20	a khe lang tuakah kheme guk
e74261	13.20.6	khe lang tuakah zong kheme guk mah a nei
e74262	27.2.41	A khepek leh a khemete khen khat sik
e74263	27.2.42	A khemete khenkhat sik hi a
e74264	44.7.19	I mipihte na khemgawpin na khelbawl a
e74265	24.9.4	sanggamte khempeuh khemhat ciat uh a
e74266	45.7.11	kei hong khemin tua thukham tawh a hong that hi
e74267	3.6.2	a vengpa khemin, ahih kei leh a na sutin
e74268	49.4.14	mite khemin a khialsak theite’ mutna hangin
e74269	1.31.7	na pa un kei hong khemin
e74270	42.19.8	Mi khatpeuh khemin a na ka laksak leh
e74271	26.22.29	mi khemin a na sut uh hi
e74272	zd:22578	mi pawlkhat in Zomi te mah ong na khemkhem hi
e74273	zd:22446	gen nop bangbang gen in hong khemkhem ding hi
e74274	23.24.16	mi khemte in khemkhem lai-in sia semsem uh a
e74275	55.3.13	amaute in mi khemkhemin, amaute mah in
e74276	zd:20817	Zuauthu leh khemna tawh nuntak sawm kei in
e74277	zd:20410	Satan khemna do zolo thei zel uh hi
e74278	zd:22495	khemna tawh i kipelh nading in thu ngen ni
e74279	19.32.2	a lungsim-ah khemna a om lo mi
e74280	1.27.35	Na sanggampa in khemna tawh hong pai-in
e74281	19.36.3	Ama kammalte in siatna leh khemna vive hi
e74282	19.12.2	phat khemna kamzol leh lungsim nam nih tawh
e74283	20.12.17	zuau tecite in khemna thu bek gen uh hi
e74284	41.4.19	sum leh pai khemna leh
e74285	42.20.23	Zeisu in amaute khemna a theih ciangin
e74286	47.12.16	ngian zangin khemna tawh
e74287	28.7.3	a khemnateng uh tawh a uliante uh
e74288	20.6.13	nang hong khemnop manin a mitheek hong pia-in
e74289	28.7.11	a khemnop kawl vakhu hai tawh kibang hi
e74290	52.2.3	ngimna hoih lo le khemnopna lungsim tawh
e74291	19.5.6	mi khemnopna lungsim a neite a mudah hi
e74292	40.27.63	tua mi khempa in
e74293	23.33.1	Kuamah in hong khem nai loh mi khempa aw
e74294	39.1.14	mi khempa in samsiatna thuak ta hen
e74295	15.10.16	tuate khempeh a minin a kilo khia
e74296	44.24.5	Mun khempeuha om Jew mite lakah
e74297	9.14.47	mun khempeuha ama galte khempeuh
e74298	44.17.30	tu-in mun khempeuha om mi khempeuhte
e74299	17.1.16	ukna gam sung khempeuha om uliante
e74300	17.9.2	Kumpipa Ahasueras’ ukna gam khempeuha amau’ khuapite sungah
e74301	27.1.20	ama gam sung khempeuha mitphial siamte
e74302	44.16.4	a paina uh khua khempeuha thu um mite kiangah
e74303	17.9.20	ukna gam sung khempeuha om Jew mite tungah
e74304	26.23.10	Mun khempeuha numeite in amah gentehna khatin nei uh a
e74305	zd:22719	Mun khempeuhah pilna kila thei hi
e74306	zd:9428	A gamsung khempeuhah daihna om a
e74307	zd:23298	leitung khempeuhah a omsak hi
e74308	10.24.8	gam khempeuhah amaute a pai khit uh
e74309	1.41.29	Izipt gamsung khempeuhah kum sagih sung
e74310	6.6.27	gam khempeuhah ama min a thang hi
e74311	1.41.46	Izipt gamsung khempeuhah pai hi
e74312	30.8.3	Mun khempeuhah mi siluang dim ding a
e74313	1.41.57	leitung khempeuhah kialpi nasia ahih manin
e74314	2.7.21	Izipt gamsung khempeuhah sisan om hi
e74315	19.8.9	leitung khempeuhah na min bangzahin lian
e74316	19.78.28	amau omna kiim khempeuhah tuate kiasak hi
e74317	zd:21001	Hun khempeuhah vantungmite' hong cinna kisam pelmawh hi
e74318	zd:20858	A thugenna khempeuhah
e74319	1.41.54	Gam dang khempeuhah kialpi om hi
e74320	1.11.8	leitung maitang khempeuhah amaute thehthang a
e74321	47.7.16	na khempeuhah note tawh kipawlin ka lungmuang semsem a
e74322	1.21.22	sepna khempeuhah Pasian in nang hong ompih hi
e74323	19.57.5	Leitung khempeuhah na minthan’na omsak in
e74324	19.83.18	leitung khempeuhah a Sang Penpa na hihna
e74325	1.24.1	Topa in na khempeuhah Abraham thupha pia hi
e74326	24.20.3	Mun Khempeuhah Launa
e74327	zd:22802	Zomi khempeuhin Zopau zang khin ahi hi
e74328	zd:21843	mi khempeuhin thumaan thutak tawh nuntakna ding thu ahi hi
e74329	zd:24242	Australia gamah nasem khempeuhin piakloh theihloh nam nih
e74330	12.23.22	Judah kumpite’ hun sung khempeuhin
e74331	1.14.7	gam khempeuhleh Hazazontamar gam-a a teng
e74332	zd:19245	A gen khempeuhte hoihtak ngaihsak ding ahi hi
e74333	zd:11135	Pasianmi khempeuhte zat ding ahi hi
e74334	zd:22928	a seppihte khempeuhte tungah
e74335	3.11.20	kha a nei ganhing khempeuhte note’ adingin a kihhuai
e74336	19.145.16	nuntakna a nei khempeuhte’ deihna na lungkim sak hi
e74337	50.2.9	Min khempeuhte sangin min a lianzaw a pia hi
e74338	42.2.31	Mipawl khempeuhte mai-ah na bawl gupna
e74339	2.39.36	sabuai leh a nazat khempeuhte
e74340	1.41.37	Faro leh a nasem khempeuhte in hoih sa uh hi
e74341	42.2.3	Mi khempeuhte in kisim dingin amau khua
e74342	42.2.47	Ama thu a za khempeuhte in
e74343	55.3.12	mi khempeuhte in zong bawlsiatna a thuak ding uh hi
e74344	14.29.29	amah tawh a om khempeuhte in kunin bia uh hi
e74345	12.18.29	Hezekiah’ khemsa-in om kei un
e74346	59.1.16	Sanggamte aw, mite’ khemsa-in om kei un
e74347	18.36.18	Sumgolh’ khemsa-in ta kei in la
e74348	42.21.8	mi’ khemsa-in ta kei un
e74349	19.105.25	ama nasemte, khemsiamna tawh a bawl dingin
e74350	19.119.118	amau’ khemsiamna in a mawkna ahi hi
e74351	19.43.1	Mi khemte le thutang lote kiang panin
e74352	63.1.7	Tua bang mite pen mi khemte hi a
e74353	19.55.23	mi thatte le mi khemte pen
e74354	18.12.16	mi khemte leh khemna a thuakte
e74355	23.24.16	mi khemte in khemkhem lai-in sia semsem uh a
e74356	66.20.3	minam tuamtuamte a khemtheih nawn loh nadingin
e74357	23.7.20	a sam leh a khemul mettol ding a
e74358	47.11.3	zuau ngian tawh Eve a khemzawh bangin
e74359	20.9.18	a khemzawh mite in phawkkha lo uh hi
e74360	41.13.6	mi tampi a khemzo ding uh hi
e74361	45.16.18	mihoih pawlkhat a khemzo uh hi
e74362	31.1.7	Na pawl teng in nang hong khemzo uh a
e74363	24.20.10	Amah i khemzo kha ding hi
e74364	19.89.22	Galte in amah khemzo ngei lo ding a
e74365	pk:96	Ih khen siam kei leh
e74366	pk:107	tawh khen ding kisam tuan lo hi
e74367	zd:25790	Inn leh gam khen uh hi
e74368	zd:25394	leitungmihing ganhing kuamah in khen kei ta hen
e74369	1.32.7	kalaohte pawl nih-in khen hi
e74370	1.33.1	numei-nasem nihte lakah naupangte khen hi
e74371	2.26.33	siangtho pen mun panin siangtho mun khen ding hi
e74372	1.1.7	van kuumpi nuai-a om tuite khen hi
e74373	1.1.14	Sun leh zan a khen dingin
e74374	12.2.11	mei sakolte in amaute nih khen hi
e74375	24.50.23	sekpi bang a, a khen Babilon khuapi
e74376	23.41.7	tua milim siktukkilh tawh khen kip uh hi
e74377	51.2.14	singlamteh tungah khen a
e74378	14.18.23	Khen-anah’ tapa Zedekiah a nai-ah hong pai-in
e74379	11.22.24	Tua ciangin Khena-anah’ tapa Zedekiah
e74380	16.9.4	Sherebiah, Bani, leh Khenani ding uh a
e74381	48.5.24	singlamteh tungah a khencip zo uh hi
e74382	11.22.11	Khene-anah’ tapa Zedekiah in ama adingin
e74383	zd:21803	Pasian' ciangtanna a kheng lo ciang bekin
e74384	zd:25178	nainih kaan kheng keileh hoih kasa hi
e74385	7.3.26	suang milimte kheng a
e74386	1.18.3	na nasempa hong kheng kei in
e74387	58.4.14	vantung kheng a, pai Siampi Ukpa lian
e74388	9.14.23	gal kidona in Beth-aven kheng hi
e74389	55.2.18	Misite’ thawhkikna a kheng zo hi
e74390	4.35.26	a taina bukna khuapi gamgi kheng in a pai a
e74391	47.10.13	ka sep ding uh kheng a
e74392	1.31.52	hih suangcian kheng-in nang' kiangah kong pai loh nading
e74393	13.28.2	i Pasian’ khengak nadingin tawlngakna
e74394	14.9.18	kham a kibawl khengakna khat nei-in
e74395	19.99.5	ama khengakna munah bia un
e74396	23.66.1	leitung pen keima khengakna ahi hi
e74397	40.5.35	Pasian’ khengakna mah hi veve hi
e74398	47.10.14	kote in khengin sem ka hi kei uh hi
e74399	1.31.52	hih suangcian khengin nang kiangah kong pai loh nading
e74400	16.12.37	David’ inn khengin nisuahna lam manawhin
e74401	44.12.10	mun khatna leh mun nihna khengin
e74402	7.19.14	amaute in khengin paisuak uh hi
e74403	30.5.27	Damaskas khengin gam khatah
e74404	3.15.25	ama nit hun sung khengin nin nei-in
e74405	10.20.5	a kisehsa hun khengin amah zekai hi
e74406	5.4.22	Jordan khengin ka pai thei kei ding hi
e74407	44.27.9	Ni hun nangawn khengkhin ahih manin
e74408	zd:26565	bumtuak bang in khenglah mahmah ta mawk uh hi
e74409	20.6.25	hong zawlmitna khenglah kei in
e74410	20.6.25	hong zawlmitna khenglahkha kei in
e74411	41.6.48	Amaute a khengsuak ding bangin pai a
e74412	23.31.5	amah in khengsuakin, suakta sak ding hi
e74413	23.42.9	nate in hong khengta a
e74414	49.4.10	a sangpen dawn nangawn khengto-in na paito hi
e74415	zd:25191	thu neihna a khengval a zatna
e74416	4.16.7	Levi’ tapate aw, khengval lua uh teh
e74417	5.17.12	man’ lohna tawh a khengval a, gamta mipa
e74418	5.17.12	man lohna tawh a khengvala a gamta mi
e74419	5.17.13	a khengvalin gamta ngam nawn lo ding
e74420	54.2.9	a khengvalin kizepna a tuamtuamte zang loin
e74421	46.4.6	A khengvalin gamta kei un
e74422	47.10.15	Pasian in kote a dingin a hong sehsaksa khengvalin
e74423	47.10.14	a ciangtan khengvalin a gamta ka hi kei uh hi
e74424	63.1.9	a khengvalin a pai mite
e74425	4.16.7	Levi’ tapate aw, khengvallua uh teh
e74426	ts:4569	Manipur singtang gam teng mun thumin khenin
e74427	zd:24394	gawm leh khenin a gennop kilamdangsak ahih manin
e74428	7.7.16	pawl thumin khenin, amaute khempeuh’ tungah
e74429	6.18.5	Amaute in seh sagihin khenin
e74430	1.14.15	amah leh a nasemte khenin amaute zo a
e74431	3.15.31	amau’ nitna panin khenin na kem ding uh
e74432	49.2.14	Hih minam nihte khenin gal a piangsak dalna
e74433	58.4.12	leh guhngeek ahi zongin, khenin pailet thei a
e74434	38.7.9	thu a tangin khenin, khat leh khat tungah
e74435	26.7.8	na gamtatnasate uh hangin thu hong khenin
e74436	19.82.2	bang tanvei amaan loin thu khenin
e74437	19.135.14	Topa in ama mite’ thu khenin
e74438	19.67.4	Mite thu a manin khenin
e74439	14.35.4	Note a khen khenin na beh uh tawh
e74440	14.31.17	a khen khenin amau’ panmun tawh kizui-in nasep kipia hi
e74441	14.31.15	a moi a ham a kibangin a khen khenin
e74442	14.31.16	a kipia hi tuan loin, a khen khenin
e74443	59.5.9	thu hong khenkhak loh nadingin khatlekhat
e74444	zd:20484	Tuipi in a lai zang pan khenkham in
e74445	zd:25451	Pawlpi khenkham ding nam hi
e74446	zd:19998	Ataktak in mipi a khenkham pen
e74447	2.14.16	tuipi tungah na khut zan-in khenkham in
e74448	19.74.13	vangliatna tawh tuipi na khenkham a
e74449	23.63.12	ama mite’ mai-ah tuite khenkhamin
e74450	zd:20410	Laibu khenkhat in mikim huam zolo hi
e74451	zd:9445	Pawlkhat te'n kumpi na semin, khenkhat te'n sum zongin
e74452	zd:26643	Pawlpi khenkhat in amau bek neih bangin ngaihsunkha thei uh hi
e74453	3.25.25	a neihsa leitang khenkhat a zuak leh
e74454	27.2.42	kumpi’ gam khenkhat thahatin khenkhat a thahat kei ding hi
e74455	27.2.33	khenkhat sik leh khenkhat tungman kigawm ahi hi
e74456	6.19.9	Judah minam’ gamsung khenkhat hong suak hi
e74457	10.18.2	khenkhat Joab’ ukna nuai-ah
e74458	43.8.16	le keimah in a khenkhawm ka hih manun
e74459	14.35.4	Note a khenkhenin na beh uh tawh
e74460	13.28.21	Levi mi a khenkhente om hi
e74461	zd:20568	a hoih leh a hoihlo ki khenkhia thei hi
e74462	zd:25917	atuam in khenkhia in la kemtuam den in
e74463	4.8.14	Levi mite na khenkhia ding a
e74464	1.1.4	Pasian in khuamial panin khuavak khenkhia hi
e74465	16.13.3	Israel mite lak panin gamdang suan peuhmah khenkhia uh hi
e74466	58.4.12	guh le guhngek dongin khenkhia thei hi
e74467	1.30.40	Jakob in tuunote khenkhia a
e74468	3.20.24	mite kiang panin note a hong khenkhia Topa
e74469	19.60.6	Sekhem gam khenkhia-in Sukkot gamkuam ka sehkhia ding hi
e74470	19.60.6	lungdamna tawh Shekhem gam khenkhia-in
e74471	19.78.13	Amah in tuipi khenkhia-in amaute kantansak a
e74472	1.30.32	le a puang khempeuh hong khenkhiasak in
e74473	zd:23297	neihsa sung pan a, khenkhiat ding ahi hi
e74474	zd:25917	Sawm ah khat Pasian ading in ih khenkhiat bang in
e74475	44.13.2	ka sapsa bangin hong khenkhiat un
e74476	15.8.25	a tuam khenkhiat uh ngun leh kham
e74477	12.10.32	Israel gam pawlkhat khenkhiat ding kipan hi
e74478	4.16.9	kiang panin hong khenkhiatna
e74479	44.27.1	thu a khenkhit uh ciangin
e74480	40.20.18	a si dingin thu a khenkhit uh ciangin
e74481	zd:15693	Taingen khua khenkhit, lamkawi ah akia cihi
e74482	44.14.24	Pisidia gam a khenkhit uh ciangin
e74483	44.12.10	a nihna a khenkhit uh ciangin
e74484	23.41.7	tua milim siktukkilh tawh a khenkip uh hi
e74485	23.22.23	vankhaina bangin ka khenkip ding a
e74486	23.54.2	na khetphimte khenkip in
e74487	zd:21125	Hih banga thu na khenna uh
e74488	zd:9125	thu khenna mai atun theihna ding
e74489	19.51.4	thu na hong khenna-ah pauna ding bangmah om lo hi
e74490	23.5.3	kei le ka leenggui lo kikalah thu nong khenna
e74491	45.2.1	midangte thu na khenna in
e74492	2.21.22	thukhente’ khenna bangin liau ding hi
e74493	45.8.3	mihingte sunga om mawhna tungah thu a khenna-in
e74494	19.140.12	thu a manin a khenna ka thei hi
e74495	pk:54	numei leh pasal khenna kammal
e74496	zd:12336	Group khenna zong kinei pah ding hi
e74497	zd:25392	kumlui leh kumthak khenna hunpi khat hi
e74498	zd:15275	Class khenna ah sangzawhna certificate a neilo te
e74499	13.26.19	kongcingte a kiseh khenna ahi hi
e74500	48.5.20	kithutuah lohna, kipawl khenna
e74501	26.22.26	a mawkmawk nate khenna mel nei lo uh a
e74502	26.42.20	a siangtho leh a mawkmawkte khenna ahi hi
e74503	26.39.21	thu a tangin ka khennate ka sep khiat theih nadingin
e74504	5.33.21	thupiakna leh thuman khennate a sem hi
e74505	13.26.1	Kongcingte a kiseh khennate in
e74506	pk:76	khensawm leh khennih pha hi
e74507	zd:22932	Emergency Service te khennih kisuak uh a
e74508	zd:18142	tualgal piangin khennih suak dektak in hi
e74509	zd:23038	nisuahna lam leh nitumna lam khennih asuak
e74510	4.31.27	gal sunga a kimante khennih suahin
e74511	12.11.7	biakinn a cing no a khennihte in
e74512	19.7.11	Pasian in a tang-a thu khenpa hi a
e74513	58.4.13	eite thu hong khenpa mai-ah
e74514	60.2.23	thuman a khenpa’ khut sungah
e74515	55.4.8	thuman tawh a khenpa in tua lukhu kei hong pia
e74516	19.75.7	thu a khenpa in Pasian ahi hi
e74517	60.1.17	mi khempeuh ahihna bang thu a khenpa kiangah
e74518	45.8.34	Mawhsakna thu a khenpa in kua ahi hiam
e74519	zd:21125	thu nong khensak zia mahmah lungdam lua ung
e74520	20.29.14	mizawngte’ thu a manin khensak leh
e74521	26.18.8	mite’ thu a manin khensak hi
e74522	2.18.22	Mite’ thu amaute khensak tawntung in
e74523	7.4.5	a khensak dingin ama kiangah Israel mite pai uh hi
e74524	44.24.22	na thu uh kong khensak ding hi
e74525	44.25.9	keimah in hih thu ka hong khensak ding
e74526	14.19.8	thu neite a khensak dingin
e74527	33.4.3	minam vangliante’ thu khensak ding hi
e74528	23.2.4	mi tampite’ thu khensak ding hi
e74529	5.25.1	thukhente in amau’ thu khensakin, a dikpa khahin
e74530	46.6.1	Pasian’ mi siangthote khensakzaw loin
e74531	pk:126	mipi vote tawh a khensat uh ciangin
e74532	zd:21473	Na khensat ma in tel mahmah sawm in
e74533	zd:25461	thu khensat pahpah kei ni
e74534	zd:24059	EU panin a pusuak dingin khensat uh hi
e74535	44.25.25	a pai nading thu ka khensat hi
e74536	24.4.28	ka gensa, ka khensat sa hi-a
e74537	10.15.15	kumpipa in na khensat peuhpeuh a sem dingin
e74538	24.44.12	lungsim a khensat khin Judah mi a om laite
e74539	47.2.1	ka hong pai loh nadingin ka lungsim ka khensat hi
e74540	19.119.112	a zui tawntung dingin ka lungsim ka khensat hi
e74541	24.21.10	siat nadingin ka lungsim ka khensat khin zo hi
e74542	27.1.8	a thanghuaisak loh nadingin a lungsim a khensat hi
e74543	36.3.8	ka thuaksak ding, ka lungsim ka khensat khin hi
e74544	44.21.25	ci-in thu khensatin lai ka khak khinzo
e74545	zd:23148	Nang khensatna hong ngak hi
e74546	zd:25078	piakkhiat ding khensatna nei hi
e74547	zd:10983	maban thupite vaihawmna leh khensatna kibawl hi
e74548	44.4.28	na vangliatna tawh na khensatsa thu khempeuh
e74549	24.4.28	ka gensa, ka khensatsa hi a
e74550	7.4.21	a paang-ah khensuk hi
e74551	27.1.13	nong muhna bangbangin thu khenta in
e74552	zd:18920	Zeisu nungzui dingin khentat uh hi
e74553	zd:23734	Kikumkum in Yangon pai ding ka khentat uhi
e74554	1.6.13	Mi khempeuh beisak ding ka khentat zo hi
e74555	23.65.6	amaute daan piak ding ka khentat khin a
e74556	14.11.16	zon’ ding a lungsim uhah a khentat khin mite
e74557	27.1.8	a lungsim a khentat hi
e74558	zd:23896	Mi kim in amau ngaihsut dandan aa khentat ding hi
e74559	zd:22755	ka thu uh ka khentat thei pah uhi
e74560	zd:16914	1947 kum in UN in khentat hi
e74561	23.11.3	a zakna tawh thu khentat lo ding hi
e74562	14.13.7	thu khentat thei nai loin
e74563	18.34.33	nangma lungsim khentat ding ahi hi
e74564	10.19.29	Ka lungsim ka khentat zo hi
e74565	36.3.8	ka lungsim ka khentat khin hi
e74566	26.20.32	na lungsim ngaihsutna uh khentat khinin
e74567	46.7.37	a lungsimah khauhtakin khentatin, a lungsim
e74568	zd:22755	khentatna taktak bangmah ka nei thei kei uhi
e74569	zd:21085	Hehlo dingcih khentatna a neisa in pai in
e74570	zd:15952	Thu hong sit officer te khentatna bangbang hong hi ding hi
e74571	8.1.18	zuih ding a lungsim a khentatna a muh ciangin
e74572	15.7.13	Ka lungsim khentatna in hih bang ahi hi
e74573	14.25.16	hong suksiat ding a lungsim a khentatna ka thei hi
e74574	10.14.13	hih bang lungsim khentatna na piakna-ah
e74575	21.10.17	A kumpipa in lungsim khentatna nei thei a
e74576	10.19.29	Ka lungsim ka khentatzo hi
e74577	44.18.15	nomau mah in khentawm un
e74578	11.20.40	nangmahmah in na khentawm hi
e74579	zd:23016	Geology subject i anam khente pen
e74580	13.28.13	siampite leh Levi mi a khente
e74581	13.28.1	kumpipa’ na a sem a khente sungah uliante
e74582	13.28.21	siampite le Levi mi a khente om hi
e74583	zd:19139	Ngaihsutna le lungkhamna i khentel theih ding thupi hi
e74584	zd:22680	A hoih leh a sia khentel theihna zong hong hilh hi
e74585	zd:21037	Ngeina leh Biakna-pawlpi zong khentel ding a hihi
e74586	23.27.11	Hih mite in khentel theihna nei lo
e74587	19.119.66	thu khentel theihna leh theihna hong hilh in
e74588	10.19.35	a nuam lo khentel thei nawn ka hi hiam
e74589	23.44.18	amaute in bangmah khentel thei lo uh hi
e74590	13.21.12	ka ciahpih ding dawn’ nading khentel in
e74591	3.20.25	a nin vasa leh a siang khentelna na bawl ding
e74592	27.11.35	leh mipha leh misia khentelna
e74593	ts:1734	Security nasemte'n mipi khenthang uh a
e74594	zd:12425	mipi khenthang nading in Warning thau nihvei lawnkhia uh cihi
e74595	zd:23717	i minam sung khenthang kei ni
e74596	1.49.7	amaute ka khenthang ding a
e74597	zd:15604	asia apha khenthei nawnlo in
e74598	zd:21268	tul tampi sung panin nang' aw khenthei hi
e74599	10.14.17	a pha le a sia a khenthei dingin
e74600	40.16.3	khua pha ding le khua sia ding khenthei napi-in
e74601	58.5.14	a sia le a pha a khenthei
e74602	45.2.18	a man lo na khenthei uh hi
e74603	18.34.3	pil kampau le hai kampau na khenthei uh hi
e74604	18.6.30	a sia le a pha a khenthei loin
e74605	9.26.17	Saul in David’ aw khenthei a
e74606	7.18.3	Levi mi tangval’ aw khat khenthei uh hi
e74607	32.4.11	a veilam khut nangawn a khenthei nai lo naupang
e74608	zd:11076	Minam puan le fashion puan khentheih ding hoih kisa hi
e74609	zd:21049	Pilna leh haina a kilamdanna i khentheih mateng
e74610	zd:18911	ami kua cih khentheih nadingin Experts kisam hi
e74611	43.5.27	thu khentheih nading aana ama tungah
e74612	46.6.3	thu neuneute leltak na khentheih zawk kan ding uh
e74613	62.4.2	adangte bangci khentheih ding na hi uh hiam
e74614	46.12.10	ahi leh ahi lo khentheih nading siamna
e74615	58.5.14	a lim le a lim lo a khentheita
e74616	zd:17120	ZAM in khentuam neilo ahi cih kamuhi
e74617	zd:11548	khentuam paih tuam neilo in mipi khantohna dingin
e74618	42.20.21	mi khentuam nei loin Pasian’ lampi
e74619	zd:24276	tuaciang khenuai ah ci nuh, zut ding hi
e74620	zd:20699	leitung pen a khenuai ah hong kun lel hi
e74621	zd:16433	Ka khenuai siktukilhin hong sunh
e74622	5.28.35	na khenuai panun na luzang dong uhah
e74623	12.19.24	Ka khenuai tawh Egypt lui khempeuh ka keusak hi
e74624	10.14.25	A khenuai a kipan a luzang dongin
e74625	5.28.56	a khenuai tawh lei sik ding
e74626	19.47.3	minamte i khenuai-ah amah in hong zawhsak hi
e74627	43.7.24	thu taktak siksanin thu khenzaw un
e74628	40.7.2	thu na khenzia uh tawh kizui-in
e74629	45.8.39	itna tawh hong khenzo het lo ding hi
e74630	45.8.35	sihnate khat peuhpeuh in hong khenzo ding ahi hiam
e74631	20.18.18	kiciamna bek in thu khenzo hi
e74632	36.2.5	Topa in nang tungah thu hong khenzo hi
e74633	27.9.26	Pasian in thu a khenzo hi
e74634	zd:25909	Zingsang thawhphet ciang lupna hoihtak khep ding
e74635	zd:26097	apuan silhding teng hoihtak khep in alukham nuai ah koih hi
e74636	zd:25932	puansawp, puan nawt, innphiat, laibu seng, puan khep
e74637	2.26.9	puanbuk mai-ah na khep ding hi
e74638	58.1.12	puan khep bangin na khep ding a
e74639	44.3.7	a khepeek leh a siakmit guh hat a
e74640	42.9.5	na khepeek nuai-a leivuite na singkhia un
e74641	42.10.11	Ka khepeek uh ah hong belh no khua leivui
e74642	40.10.14	na khepeek uhah leivuite na singkhia un
e74643	41.6.11	na khepeek nuai uh ah leivuite na singkhia un
e74644	44.13.51	a khepeek tungah leivui amau langkhatah sin’ khiatin
e74645	26.1.7	a khepeekte uh bawng khe tawh kibang hi
e74646	27.2.41	A khepek leh a khemete khen khat
e74647	3.11.21	a khepek uh tawh kizom ngaltak tawn a neite
e74648	26.1.7	a khepekte uh bawng khe tawh kibang hi
e74649	27.2.33	a khepekte khenkhat sik leh khenkhat tungman kigawm
e74650	zd:24117	Topa khephung ah thungetna tawh ngak hi
e74651	zd:25180	Topa khephung va zuan ngiat ding hihang
e74652	5.33.3	na khephung ah hong kun uh a
e74653	41.5.33	a khephungah hong bok a
e74654	3.14.14	a taklam khepi nuh ding hi
e74655	3.8.23	leh a taklam khepi nuh hi
e74656	2.29.20	amau’ taklam khepi dawnte nuhin
e74657	7.1.7	A khutpite leh a khepi a ki-attan kumpi sawmsagihte
e74658	3.8.24	amau’ taklam khutpite leh amau’ taklam khepite
e74659	3.14.28	taklam khutpi, leh a taklam khepite
e74660	7.1.6	a khutpite leh a khepite attan uh hi
e74661	2.25.19	Mong khatah kherub khat
e74662	2.37.8	kherub khat a mong lang khatah om hi
e74663	11.6.24	kherub kha lang dang khat in tong nga
e74664	11.6.23	oliv sing tawh kherub nih bawl a
e74665	2.25.18	kham tawh kherub nih na bawl ding hi
e74666	14.3.10	sing kherub nih bawlin kham tawh tuate zut hi
e74667	10.22.11	Amah Kherub khat tungah tuangin
e74668	19.18.10	Amah in Kherub khat tungah tuangin hong leeng a
e74669	11.6.25	Kherub adang khat zong tong sawm mah sau hi
e74670	26.10.9	Tua kherubte gei-ah leengpei khat ciat omin
e74671	11.6.25	kherubte gel asauna leh a pian’ lim kibang hi
e74672	26.10.14	Tua kherubte in maitang li ciat nei uh hi
e74673	2.25.19	a mong tuak-ah kherubte na bawl ding hi
e74674	26.10.8	Tua kherubte in a kha nuai ciat uhah
e74675	19.99.1	Kherubte tungah tu hi
e74676	19.80.1	Nang, Kherubte tunga tu-pa aw
e74677	9.4.4	Kherubte tungah a tu Vanglianpen Topa
e74678	19.40.2	ka khesikna mun a muanhuaisak hi
e74679	26.15.3	singzum khet dingin kimang thei ahi hiam
e74680	7.5.26	a taklam khutin nasemte’ khetbuk
e74681	zd:24276	nitak na lupma in na khete sathau nuh in mek in
e74682	zd:16245	Thadahna in na khete gik sak hi
e74683	zd:23489	kipawlna pen khut le khete ahi hi
e74684	19.73.2	ka khete kisuipuk dektak a
e74685	19.105.18	Ama khete pen kolte in nasak a
e74686	2.40.31	a khete uh tua tui tawh sil uh hi
e74687	27.2.33	A khete sik tawh kibawl a
e74688	3.9.14	a sungkuate leh a khete sawp a
e74689	9.17.6	a khete tungah sumngo ngaltuam nei a
e74690	pk:15	khetphim na kheen ve
e74691	7.4.21	puanbuk khetphim khat la a
e74692	7.5.26	Amah in puanbuk khetphim a khutin zam a
e74693	7.4.22	a paang-ah puanbuk khetphim tawh si-in na om hi
e74694	4.3.37	khetphimte leh khaute zong ahi hi
e74695	2.27.19	khetphimte khempeuh sumngo tawh a kibawl hi ding hi
e74696	4.4.32	khetphimte, a khaute, a nazatte khempeuh
e74697	2.35.18	biakbuk khetphimte leh huang khetphimte, leh amau’ khaute
e74698	2.38.20	kimkot ading khetphimte khempeuh in sumngo ahi hi
e74699	23.54.2	na khetphimte kip sak in
e74700	23.33.20	a khetphimte a tat ngei lo
e74701	zd:24204	a luzang pan a khetul dong
e74702	zd:20484	a khetul pan in a sisan tak 3,4,5 la khia in
e74703	zd:24276	phei pan tansa, khetul dong ah
e74704	18.18.9	Thang-ah a khetul-in awk a
e74705	1.25.26	ama' khut in Esau’ khetul len hi
e74706	1.49.17	sakol’ khetul petin a tuangpa nungkiat hi
e74707	19.41.9	a khetul tawh keimah hong peek hi
e74708	18.18.9	Thangah a khetulin awk a
e74709	23.27.10	lum a, a hiangte kheuh hi
e74710	33.3.2	a guh uh na hing kheuh uh hi
e74711	43.5.3	mittaw, khezaw, pum langkhat si akipan cina tampite
e74712	10.4.4	Jonathan in a khezaw tapa khat nei hi
e74713	44.8.7	khutzaw khezaw mite zong kidamsak hi
e74714	44.14.8	lam a pai thei lo khezaw mi khat
e74715	42.14.21	mizawng, khezaw, mittaw, le khebai mite hong paipih in
e74716	40.4.24	sibup mi, khutzaw khezaw mi a kipanin
e74717	42.14.13	mizawngte, khezawte, khebaite, le mittawte sam in
e74718	40.15.30	khezawte, mittawte, mi pautheilote, mi cingtak lote a kipan
e74719	40.15.31	khezawte in lam a pai thei uh hi
e74720	zd:23081	i khi, i bilbah, i taute piakhia ciat ni
e74721	zd:20629	khi asuhsawm khitcinagin guta tepen
e74722	22.4.9	na khi-awh in ka lungsim hong zo hi
e74723	20.1.9	kizepna lukhu leh kizepna khi bangin
e74724	zd:24635	Larry Hogan in taangko khia hi
e74725	1.8.18	Tua ahih ciangin Noah pai khia a
e74726	18.8.19	lei sung panin kung dangte hong po khia hi
e74727	23.42.2	Amah kiko loin, awng khia lo a
e74728	zd:25109	galte not khia zo uh hi
e74729	1.26.31	amaute lungnuam takin pai khia uh hi
e74730	1.21.14	naupang tawh suanin amah sawl khia hi
e74731	18.27.21	a inn panun gamlapi-ah len khia ding hi
e74732	20.24.11	Thah dinga a kikai khia mipa honkhia in
e74733	44.15.28	numei tawh khiahlna ahi zongin
e74734	zd:14928	Hih kidemna panin kikhaih khiakhia in
e74735	24.9.3	zuauthu bekbek a lawn khiakhia uh hi
e74736	41.12.44	a neih khempeuh a khiakhin ahi hi
e74737	30.7.8	gim ka piak ding ka khiakik nawn kei
e74738	12.6.6	amah in ciangkang khat khiakin tua munah lawn a
e74739	zd:16131	agamtatna khial kisa in
e74740	zd:16832	khial bel kisa sam keng
e74741	1.6.6	Topa khial kisa a, tua thu in
e74742	1.6.7	amaute ka bawl ka khial hi
e74743	zd:19898	khialh ding lau den lo hi
e74744	zd:11798	a khialh loh ding thupi mahmah ding hi
e74745	19.119.11	Nang tungah kong khialh loh nadingin
e74746	4.15.28	Mi khat in theih lohna hangin a khialh ciangin
e74747	43.8.4	hih numei a khialh laitak kimu hi
e74748	19.7.3	ka gamtat a siat a, ka khut a khialh leh
e74749	21.8.11	mihingte in khialh ding haksa sa lo uh hi
e74750	42.17.3	Na u na nau in a khialh leh
e74751	zd:21075	Na khialhkhak leh kipuahpha in
e74752	62.2.1	note na khialhkhak loh nading uh
e74753	20.7.5	midangte’ zi tungah na khialhkhak loh nading
e74754	19.125.3	Thuman mite a khialhkhak loh nadingun
e74755	18.10.14	Ka khialhkhaknate hong ensim niloh na hih manin
e74756	26.3.21	a khialhloh nadingin mihoih khat na hilh a
e74757	19.39.1	Ka leii tawh ka khialhloh nadingin
e74758	zd:21075	Na khialhna hangin lau kei inla lungkia kei in
e74759	zd:20224	Jesu pen khialhna nei lo ee
e74760	zd:25136	Hih mite in bang khialhna nei ahi uh hiam
e74761	19.85.2	amau khialhna khempeuh na maisak hi
e74762	18.13.23	Ka mawhna ka khialhna bangzah pha hiam
e74763	18.6.24	Ka khialhna hong theih telsak dih un
e74764	18.33.9	khialhna bangmah ka gamta kei hi
e74765	19.32.1	Ama khialhna kimaisak a
e74766	45.4.15	khialhna zong a om kei hi
e74767	19.107.17	amaute’ khialhna hangin, gimna thuak uh a
e74768	4.5.7	a khialhnapa tungah pia ding hi
e74769	9.12.19	ka khialhnasate uh banah kote
e74770	zd:16428	I mawhnate leh I khialhnate ki sawpsiang khin hi
e74771	zd:22883	Mite khialhnate na maisak uh leh
e74772	zd:26838	Pasian in i mawh i khialhnate nak theih lai lua
e74773	23.43.25	na khialhnate ka ciamteh kei ding hi
e74774	18.14.16	ka khialhnate nong sulzuih nawn kei ding hi
e74775	18.34.31	Pasian tungah na khialhnate pulakin
e74776	24.5.25	Na khialhnate un hih na hoihte khaktan a
e74777	26.36.31	na mawhna leh na khialhnate uh hangin
e74778	51.3.7	tua khialhnate na gamta uh hi
e74779	1.41.9	Tu ni-in ka khialhnate ka phawk hi
e74780	19.19.12	kua in ama khialhnate kimukhia thei hiam
e74781	33.1.13	Israel-te’ khialhnateng zuikha na hih manun
e74782	28.13.12	Israel mite’ mawhna le a khialhnateng uh limtakin kiciamteh a
e74783	24.23.32	ka mite a makaih khialhpih mite
e74784	43.7.12	Mi khemin a lam khialhpih ding pa ahih manin
e74785	23.19.13	Izipt mite lam khialhpih khin hi
e74786	11.16.12	a khialhsa uh ahi a tapa Elah’ khialhnate
e74787	41.9.45	Na khe in hong khialhsak leh sattan in
e74788	12.21.16	amah in Judah mite a khialhsak banah
e74789	41.9.47	Na mit in hong khialhsak leh khelkhia in
e74790	41.9.43	na khut in hong khialhsak leh sattan in
e74791	40.18.8	hong khialhsak leh sattan inla paikhia in
e74792	60.2.8	a khialhsak nading suangpi zong ahi hi
e74793	11.15.26	Israel a khialhsakna ama khialhna mah zui hi
e74794	11.14.16	Israelte a khialhsakna ahi Jeroboam’ khialhna hangin
e74795	12.15.28	Israel a khialhsakna, Nebat’ tapa Jeroboam’ khialhnate panin
e74796	zd:23666	cileng khialin kaki um kei hi
e74797	19.51.4	Nangma tung mahmah-ah khialin
e74798	3.6.4	mi khat khialin a mawh ciangin
e74799	20.30.20	Midang tawh khialin, tua ciangin kisilsiang a
e74800	11.8.31	Mi khat a vengpa tungah khialin
e74801	6.22.20	Akhan in a ki-ap nate-ah khialin
e74802	14.6.36	Amaute nang tungah hong khialin
e74803	23.19.14	Izipt gam mite’ hihna khempeuh khialin
e74804	4.15.22	Ahih hangin note khialin
e74805	zd:20853	Prosperity gospel in a khialin hong hilh thu
e74806	18.34.12	thutang kimlai a khialin heisak lo hi
e74807	33.3.9	thuman kimlai a khialin na hei uh hi
e74808	zd:21434	Kei a khialkha hi ingh
e74809	zd:17149	apai nading khialkha ahih manin
e74810	zd:21590	deihsak luatna man aa aki khialkha hi bek ding hi
e74811	49.4.26	tua hehna hangin khialkha kei unla
e74812	21.5.6	na kampauna hangin khialkha kei in
e74813	2.20.20	note khialkha loin amah na kihtak theih nadingun
e74814	26.45.20	theih lohna hangin a khialkha mite a dingin
e74815	47.13.7	note gamta khialkha loin
e74816	26.29.16	a suang khialkha ahih lamtak uh
e74817	20.7.25	tua bangte tawh khialkha kei un
e74818	54.5.22	Midang a khialte tawh khialkhawm kha kei inla
e74819	33.7.9	Topa tungah khialkhin ka hih manin
e74820	42.15.21	Pasian tung le nangma tungah ka khialkhin hi
e74821	16.1.7	Nangma tungah kong khialkhin uh a
e74822	zd:17269	khialna na bawl khak ciang in
e74823	zd:9446	ka mawhna ka khialna teng hong thei sak in
e74824	4.15.27	khialna hanga biak nadingin
e74825	11.8.34	na mi Israelte’ khialna maisak in la
e74826	1.50.17	Na sanggamte’ thupalsatna leh a khialna na maisak in
e74827	3.4.20	khialna hanga biakna bawngtal a hihsa mah bangin
e74828	11.8.33	Nangma tungah hong khialna hangin
e74829	19.19.12	Theih loh man-a khialnate panin hong siangsak in
e74830	3.20.10	a khialnu kithat khawm ding hi
e74831	10.24.17	a khialpa in kei ka hi hi
e74832	4.5.8	a khialpa’ adingin kilemna a kibawlsakna
e74833	3.4.3	a khialpa pen sathau a kinilh siampipa ahih a
e74834	3.20.10	a khialpa leh a khialnu kithat khawm
e74835	20.28.17	Mi that-a a khialpa in
e74836	19.51.5	a khialsa mahin kei ka
e74837	zd:24224	Ki thupi ngaihsut luatna in lam hong khialsak hi
e74838	12.3.3	Israelte a khialsak Nebat’ tapa Jeroboam’ khialhna
e74839	11.16.2	ka mi Israelte na khialsak a
e74840	2.23.33	note hong khialsak kha ding ahih ciangin
e74841	33.3.5	kamsangte in mite lam khialsak uh hi
e74842	62.3.7	lam hong khialsak thei dingin kuamah kizolsak kei un
e74843	20.14.8	mihaite a haina in lam khialsak hi
e74844	23.9.16	makaihte in lam khialsak a
e74845	23.36.18	lam hong khialsak kha ding ahih ciangin kidawm un
e74846	14.32.15	hih bangin kimakai khialsak kei un
e74847	42.23.2	Hih mipa in ka mipihte uh lam khialsakin
e74848	11.16.12	leh amaute in Israel khialsakin
e74849	23.63.17	bang hangin na lampite panin hong khialsakin
e74850	33.1.13	Jerusalem zong a khialsakte na hi uh hi
e74851	16.13.26	gamdang numeite in amah nangawn khialsakzo hi
e74852	54.1.13	a khialtat ngei mi ka hih hangin
e74853	zd:21107	eitungah hong khialte in hong thumin a kisik leh
e74854	zd:23896	Pasian letsong a zang khialte
e74855	19.73.27	nangma tunga hong khialte na beisak hi
e74856	40.13.41	a khialte leh a puksakte khempeuh
e74857	40.9.11	siahdongte le thukham khialte tawh an nekhawm ahi hiam
e74858	1.13.13	nakpi tak-a a khialte ahi uh hi
e74859	41.2.16	Hih thukham khialte le siahdongte tawh
e74860	45.2.12	Thukham thei lo-a khialte in
e74861	2.20.7	ama min a zang khialte gim pia ding hi
e74862	59.3.2	Eite khempeuh a khialthei zelzelte vive ihi hi
e74863	28.13.2	amaute khialthuah semsem uh a
e74864	18.33.12	nangmah na khialzaw hi
e74865	2.5.16	Hih thu-ah nangma mite khialzaw hi
e74866	19.41.4	nang tungah kong khialzo hi
e74867	24.50.14	Topa’ tungah a khialzo uh hi
e74868	zd:23594	A kisamlo te khiam ding
e74869	zd:24562	in mimal 30 in khiam suk hi
e74870	zd:21220	Na sumzatna hong khiam ziau ve
e74871	2.5.19	leiseek na seek zah uh khiam lo ding
e74872	2.5.8	bangbang hita leh na khiam kei ding uh hi
e74873	18.2.9	Na upna khiam tuan lo ding na hi hiam
e74874	2.21.10	lup khopna ding thu neihna khiam lo ding hi
e74875	38.8.14	ka lungsim ka khiam het kei hi
e74876	5.4.2	zong na khiam kei ding uh hi
e74877	19.89.33	amah ka itna ka khiam kei ding a
e74878	zd:21048	a aw khiamin zat ding ki sam hi
e74879	zd:17097	Discount tampipi khiamin niamzuak mahmah uhhi
e74880	16.6.9	ka hanciamna uh khiamin nasep a kizawh loh
e74881	30.7.8	daan ka piak ding ka khiamkik nawn kei
e74882	zd:19824	Cabinet Members khempeuh khasum khiamsak hi
e74883	12.4.24	a pai khiamsak kei in
e74884	zd:24561	kal khat $ 400.00 ah khiamsuk hi
e74885	19.107.39	haksatna le dahna tawh khiamsuk gawpin
e74886	18.4.12	thu khat hong tung khian a
e74887	26.34.4	na khiang kei uh a, a mangte
e74888	zd:23268	ui in saguhpi damtak in tawm khiankhian a taipih vingveng hi
e74889	zd:15816	Stretcher lamah damtak in paiphei khiankhian in
e74890	19.91.5	a vak khiankhian pulnatna
e74891	55.3.6	mite inn-ah va hawh khiankhianin, deihna nam
e74892	zd:25393	Hih khuaibu la khiapa
e74893	zd:24289	Amah pen dynamic equivalence mu khiapa hi-a
e74894	zd:23466	Leitungbuppi a hon khiapa Jesuh
e74895	26.7.13	A neihsa a zuak khiapa in
e74896	30.5.8	leitungah tui a bua khiapa
e74897	19.136.21	gamhluah dingin a pia khiapa tungah
e74898	zd:17526	makai mi 5 tezong thongkiat kum ki khiapsak tek hi
e74899	zd:12126	Thongkiat kumding aki khiapsak pen lamdang kisa mahmah in
e74900	19.102.23	ka hunte hong khiapsak khin hi
e74901	zd:14954	atate uh pusuak khiasak masa uhhi
e74902	zd:19109	innsung panin avek un kihem khiasak uhhi
e74903	zd:20492	Passenger khempeuh Jinzhu Station ah kituak khiasak in
e74904	2.18.27	Moses in a sungpa ciah khiasak a
e74905	1.24.59	Abraham’ nasempa leh a mihingte ciah khiasak uh hi
e74906	5.7.22	hih minamte tawm tawmin siang khiasak ding hi
e74907	7.11.38	kha nih sung amah pai khiasak in
e74908	30.5.24	tui bangin luang khiasak un la
e74909	24.48.33	leenggahtui ka luang khiasak nawn kei a
e74910	19.46.6	ama aw ging khiasak a
e74911	24.51.10	thuman ihihna hong kilang khiasakzo hi
e74912	zd:24079	A note vansang lamah pua to-in tua pan khiasuk hi
e74913	zd:17311	Inntung panin Steel Chair khat aki khiasuk in
e74914	zd:19962	Excavator mawtaw in damdam in anuai ah khiasuk hi
e74915	9.19.12	Mikhal in kongvangneu-ah David khiasuk hi
e74916	44.27.30	teembaw tung panin gunkuang khiasuk uh a
e74917	42.5.19	Zeisu mai-ah mite lai zangah a khiasuk uh hi
e74918	44.9.25	kulh tung pan amah a khiasuk uh hi
e74919	1.24.46	a liangko panin a beel hong khiasuk pahin
e74920	44.27.17	teembaw puanzaak khiasuk uh a
e74921	2.7.9	Faro’ mai-ah khiasuk in
e74922	2.7.12	a milip in a ciangkhut uh khiasuk ciat a
e74923	31.1.4	No kong khiasuk veve ding hi
e74924	66.20.15	tua mei li sungah a khiasuk hi
e74925	49.1.22	khe nuai-ah na khempeuh khiasukin, na khempeuh
e74926	zd:24333	WHO pan pai khiat ding genkhia hi
e74927	ts:3284	Jebusite te khut sung pan a ngah khiat khuapi ahihi
e74928	zd:24369	zatui million tampi bawl khiat zawh ding
e74929	4.16.31	Hih thute a gen khiat phetin
e74930	2.4.7	amah in a lak khiat ciangin
e74931	6.4.20	Jordan panin a lak khiat uh
e74932	18.14.19	guahtui in lei a nawt khiat bangin
e74933	10.7.15	nangma ma-a ka hep khiat Saul
e74934	28.4.19	Huihpi nung in a mut khiat bangin
e74935	ts:1498	SAC ten Vanlam tawh bomb khiat uh hi
e74936	ts:5264	bomb a khiat banah Machines gun tawh zong kap uh hi
e74937	32.1.15	tuipi sungah a khiat uh leh
e74938	27.6.24	humpinelkai koihna khuk sunga khiat dingin
e74939	25.3.53	Leihawm thukpi a kawt sungah hong hing khiat uh
e74940	42.21.2	dangka pai nih a khiat a muh ciangin
e74941	41.6.17	thong sungah a khiat nadingin
e74942	41.12.41	dangka sumkholna sungah a khiat uh a en hi
e74943	10.11.21	kulh tung pan ama tungah khiat sukin
e74944	42.21.1	sumkholna sungah sum a khiat uh a mu hi
e74945	61.2.4	hel khua sungah a khiat khit ciangin
e74946	66.12.4	leitungah a khiat khit ciangin
e74947	26.31.16	tua singkung ka khiat suk ciangin
e74948	1.40.22	Josef khiat mah bangin an huanpipa khailum hi
e74949	27.1.17	mang khiat siamna a pia hi
e74950	1.40.8	Mang khiat theihnate Pasian’ hong piak
e74951	zd:15180	Facebook tungah aki Post khiate kong hopsawn uh ahihi
e74952	zd:21426	eite ading in anuntakna hongpia khiate hi uhhi
e74953	41.7.20	Mihingte sung panin a pusuak khiate in
e74954	19.119.118	Nangma ngeina kipte panin a pial khiate khempeuh
e74955	26.44.29	keima adingin a kipia khiate khempeuh
e74956	zd:22827	namnih bangin ki khiathei hi
e74957	1.41.16	Kei’ pilna tawh mang a khiathei ka hi kei hi
e74958	1.40.8	tuate a khiathei ding om lo hi
e74959	38.10.2	Mang khiathei-a kineite in lam lakkhial uh a
e74960	42.12.5	hell khuk sungah a khiathuah theilai Pasian
e74961	zd:10793	Japan ten Pearl Harbor ah bomb khiatin asim
e74962	zd:10861	mee khiatin kidem ding
e74963	44.13.51	amau langkhatah sin’ khiatin
e74964	pk:28	khiatna cingtaak a nei hiam
e74965	pk:36	Laigual khat ii a khiatna a picin theih nadingin
e74966	pk:38	a khiatna kitel khinta hi
e74967	pk:85	a khiatna a kibang veve
e74968	pk:100	khiatna kicing khat anei
e74969	pk:101	khiatna tuamtuam aneih hangin, kimat veve hi
e74970	pk:103	a khiatna kicing zaw dinga
e74971	pk:116	a khiatna zong kilamdang hi
e74972	pk:116	a khiatna ngaihsun kawm gige a
e74973	pk:118	laimal kibang khiatna tampi a nei
e74974	pk:121	khiatna, cihnopna tuamtuam leh zatna tampi tak nei hi
e74975	zd:23780	Q in khiatna tampi nei hi
e74976	zd:23137	A khiatna kilamdang mahmah hi
e74977	zd:25393	Khua cih in khiatna a nam tuamtuam nei hi
e74978	46.14.10	khiatna a nei ciat hi
e74979	1.41.11	a mangte in a khiatna tuam ciat nei hi
e74980	1.40.18	Hih in a khiatna ahi hi
e74981	27.2.36	Tu-in a khiatna ka hong gen ding hi
e74982	27.4.24	a khiatna pen hi bang ahi hi
e74983	27.4.6	Ka mangmat a khiatna a hong hilh dingin
e74984	1.40.8	Khiatnate Pasian’ gen hilo ahi hiam
e74985	24.38.13	khau tawh Jeremiah a kai khiato uh hi
e74986	19.85.11	Leilak panin thutakna hong po khiato ding a
e74987	23.45.8	thumanna zong po khiato sak un
e74988	6.24.5	tua khit ciangin note kong pai khiatpih hi
e74989	6.10.22	tua kumpi ngate kei kiangah hong pai khiatpih un
e74990	4.17.9	ciangkhut khempeuh pai khiatpih hi
e74991	43.10.3	a tuute a pusuah khiatpih hi
e74992	7.5.12	na gal matte pai khiatpih in
e74993	24.23.8	Israel mite’ suan leh khakte pai khiatpih a
e74994	4.20.16	Izipt panin hong pai khiatpih hi
e74995	16.9.18	Izipt panin note hong pai khiatpih na Pasian uh
e74996	14.35.23	liam ka hih manin kei hong pai khiatpih un
e74997	10.5.2	Israel-te kuan khiatpihin a ciahpih pa
e74998	13.20.1	Joab in galkapte pai khiatpihin
e74999	18.36.16	lungkhamna panin nang hong pai khiatpihin
