id	source	text
e125000	12.10.3	a pa’ kumpi tokhom tungah tusak un la
e125001	14.6.23	ama lu tung mah-ah tusakin thuk in la
e125002	42.14.9	Hih lai-ah amah tusakzaw ni
e125003	zd:15943	Tu zong 6 nei in, tusawn pen 30 bang
e125004	zd:25060	tanu 2, tuu 7 le tusawn 2 nei hi
e125005	zd:21916	khangsawn, tusawn dongin khualin
e125006	24.36.14	Kushi’ tusawn ahi, Shelemiah’ tupa
e125007	zd:12402	tusawng teng kong laikhak te ah
e125008	zd:21783	tusawng Zomite buaina i etkik ciang
e125009	zd:21332	Malaysia gamsung ah tusawng thautawh kikapna
e125010	42.24.18	tusawng tenga tua lai-a thupiang
e125011	18.42.16	a tusawnte dong a mu hi
e125012	zd:9451	tutna-ah ka tusuk a, ka kap hi
e125013	8.4.1	Boaz paito-in tua mun-ah tusuk hi
e125014	8.4.2	tua ahih ciangin amaute tusuk uh hi
e125015	40.5.1	mualtung lamah kahto-in tusuk a
e125016	42.16.6	Tu mahmahin tusuk inla
e125017	23.47.1	tokhom om lohna lei lakah hong tusuk in
e125018	16.1.4	tusukin ka kap niloh a
e125019	19.137.1	Babilon luite gei-ah eite tusukin i kapkap hi
e125020	zd:24130	Na tut ding ciangin na nuai en inla
e125021	zd:17620	ka tut khit uh ciangin thu hilh ong ki pan hi
e125022	zd:23022	zum sungah tut hithiat kul ding hi
e125023	20.23.1	Mi liante tawh an nekhawm dingin na tut ciangin
e125024	11.13.20	Amaute sabuai-ah a tut lai takun
e125025	44.20.9	kongvangneu gei-ah a tut lai takin lusu-in
e125026	5.6.7	na inn sung uhah na tut ciang
e125027	11.16.11	kumpi tokhom tungah a tut khit phetin
e125028	40.13.1	tuili geiah a tut lai takin
e125029	40.26.69	Piter inntualah a tut lai takin
e125030	9.21.4	tutakin anlum mawkmawk ka nei kei hi
e125031	9.21.4	Tutakin anlum mawkmawk ka nei kei hi
e125032	40.20.23	ka veilama tutding pen
e125033	40.20.23	ka veilama tutding pen kei’ hong piaktheih hi lo
e125034	zd:24119	A tate, a tute a thawh uh ciang
e125035	zd:22442	Puteek khat le a tute thum mualdawn khat ah hong tukhawm
e125036	zd:19098	ka tute pen aneutung pan kipan Pasian na thei sak un
e125037	19.128.6	Na tute a mu dingin
e125038	1.31.55	a tute leh a tanute namin
e125039	2.10.1	na tate leh na tute’ zakna-ah
e125040	18.42.16	a tute ciang bek hi loin
e125041	zd:23957	Amai lam a tute pen VIP kici
e125042	zd:19779	amai gual a tute pen
e125043	40.4.16	Sihna liim gam sungah a tute tungah
e125044	42.24.30	Sabuai-ah amaute tawh a tutkhawm lai takin
e125045	42.22.55	a tutkhawm khit uh ciangin
e125046	19.133.1	sanggam bangin mite pumkhat suakin a tutkhawm ciangin
e125047	43.13.28	sabuai-ah a tutkhawmpih mite in
e125048	23.5.11	nitakin a tutkho mite in gimna
e125049	20.14.23	kam bek pau-in tutmawkna pen zawnna ahi hi
e125050	zd:23240	Amah tua tutna ah tu in
e125051	zd:24276	Hun sawtpitak tutna khat ah tutu
e125052	zd:20501	Skytrain meileng tutna tungah
e125053	40.23.6	Pawikhamna sungah tutna phabel leh
e125054	7.3.20	a tutna panin amah ding to hi
e125055	14.9.18	tutna pang tuakah ban ngaknate
e125056	9.20.25	ama tutna-ah kumpipa tu hi
e125057	3.15.4	ama tutna peuhpeuh a nin hi ding hi
e125058	19.33.14	a tutna mun panin amah hong dakkhia-in
e125059	44.2.2	amau tutna inn a dim sak hi
e125060	3.15.6	mipa’ tutnasa na khatpeuh peuh tungah a tu mi
e125061	43.13.12	annek sabuai-ah a tutnasa mun hong zuanin
e125062	40.21.12	Sumkhek nasemin a om mite’ sabuai le vakhu zuakte’ tutnate
e125063	40.21.12	vakhu zuakte’ tutnate a lumletsak gawp hi
e125064	42.14.7	munah a tutnopna uh a muh ciangin
e125065	zd:17079	tungah tuto in, zu dawnkawmkawm hi
e125066	42.7.15	Misi pa zong hong tuto-in hong paupah hi
e125067	20.25.7	hih lai-ah hong tuto in
e125068	44.9.40	Peter a muh ciangin a tuto hi
e125069	1.27.19	tu-in tuto inla, ka sa matsa ne in
e125070	41.11.15	dangka kheekte’ sabuaite leh vakhu zuakte’ tutphahte
e125071	3.15.9	a tutna tutphat khatpeuh peuh in
e125072	pk:135	sihhun ciangin sigui laitak a, innteekte a tutpih
e125073	zd:20264	A gei ah azi in tutpih hithiat in
e125074	zd:10761	nuamtak tutpih in limtak in bawl ta leng
e125075	zd:26643	kikhop sung nai thum sung hong tutpih teitei uh hi
e125076	42.14.15	An ne-a a tutpih mite khat in
e125077	44.26.30	Bernis le a tutpih midangte zong
e125078	20.23.1	na tutpih pa limtakin en un
e125079	20.23.1	na tutpihpa lim takin en in
e125080	49.1.18	ama taklamah a tutsak nadingin
e125081	12.19.27	na tutsukna leh na pusuahna leh
e125082	14.9.14	sumbawlte leh sumbukte’ tutte a kisim lo
e125083	23.60.11	minamte’ hauhna na kiang hong tuttheih nadingin
e125084	46.9.23	Lungdamna Thu ka tuttheih nading
e125085	20.19.24	a kam sungah a tuttohkik ding nangawn
e125086	zd:14530	innlim ah ka tutu hi
e125087	zd:23240	ka luppih puan teng tawh ka tutu lai hi
e125088	zd:24276	Hun sawtpitak tutna khat ah tutu
e125089	24.8.14	Bang hangin tutu lai i hi hiam
e125090	43.9.8	Ngettawm suangin a tutu mipa hi lo ahi hiam
e125091	zd:14751	Tutung in kidemna nam tuamtuam oma
e125092	zd:25045	Tutung kimuhna pen nak thupit khe mahmah hi
e125093	zd:25053	Tutung zong kua amet zel diam
e125094	24.16.21	Tutung peuhmahin Topa ka hihna thu
e125095	zd:15527	tutungin hih teng tawh khawl bawl phot ni
e125096	zd:21458	tutungin, tuate khempeuh ih gen zokei dingaa
e125097	zd:26310	tutungin gamdang mimal leh Pawlpi khat genna hi loin
e125098	44.1.6	Topa aw, tutungin Israel minamte tungah
e125099	11.2.26	tutungin nang kong that kei ding hi
e125100	38.11.15	tutungin kimanna a nei lo tuucing nasep sem in
e125101	zd:24199	Lai Siangtho sungah mihing pen tuu tawh hong kigenteh den hi
e125102	zd:21136	bawng le tuu in vokpi kiangah gen uh hi
e125103	zd:13076	Tuukempa in a tuu te limtak in akep mah bangin
e125104	14.29.33	bawngtal zaguk leh tuu tulthum ahi hi
e125105	5.14.4	bawng, tuu, keel
e125106	19.8.7	tuu leh bawng khempeuh
e125107	16.3.1	nasep kipanin Tuu Kongpi bawl uh hi
e125108	16.12.39	tua ciangin Tuu Kongpi-ah pai uh a
e125109	19.44.11	Tuu gawh ding bangin kote nang nong bawl a
e125110	33.2.12	Tuubuk sunga tuu khum bangin
e125111	19.78.70	tuubukte panin la-in, ama nasem David a teel hi
e125112	14.32.28	leh tuubukte bawl hi
e125113	9.17.40	suangmai tang nga tengin a tuucin’ thung-ip
e125114	38.11.12	ka tuucin’ thaman hong pia un
e125115	19.23.1	Topa pen tuucin bangin hong cing hi a
e125116	21.12.11	eite khempeuh tuucin’ banga hong Cingpa Pasian’ piak
e125117	zd:24199	Tua ahih manin tuucing kisam den hi
e125118	zd:20635	Amos in tuucing khat hi in Juda gam mi ahih hangin
e125119	zd:17992	tuucing puteek khat a uino tawh
e125120	43.10.14	Migi tuucing ka hi hi
e125121	24.3.15	Ka lungsim bang tuucing kong pia ding-a
e125122	38.11.8	Kha khat sungin tuucing thumte ka notkhia hi
e125123	60.5.4	Tuucing Ukpa hong kilat ciangin
e125124	11.22.17	Tuucing a nei lo tuute bangin
e125125	zd:23556	tuu honte simsim kenla tuucingpa tawh kiho in
e125126	zd:16428	ka tuucingpa uh ka muzo kei uh hi
e125127	zd:25908	Topa Ka tuucingpa cih la kisa hi
e125128	23.40.11	Amah in tuucingpa bangin a tuuhonte
e125129	23.44.28	Sairas kumpipa in ka tuucingpa hi a
e125130	38.11.17	Kiman’na a neilo tuucingpa, a tuuhonte a nusiapa
e125131	22.1.8	tuucingpa’ puanbuk gei-ah hong cing in
e125132	19.80.1	Israel Tuucingpa aw, ngai in
e125133	60.2.25	note kha uh hong Ukpa leh Tuucingpa kiangah
e125134	41.14.27	Tuucingpa ka satlum a, tuute a kithehthang ding hi
e125135	38.9.16	Tuucingpa in a tuuhonte, lauhuaina pan a hot bangin
e125136	38.13.7	Tuucingpa sat in
e125137	zd:21780	tuucingte peuhmah Judah mite' sung ah miniam mahmah pawl
e125138	zd:23466	tuucingte in a lawhcing Christmas a zang uh ahi hi
e125139	26.34.9	no tuucingte aw, keima thugen ngai un
e125140	42.2.8	Tua gamah tuucingte in gam lakah giakin
e125141	1.29.3	tuucingte in tuikhuk kong panin suang khukkhia uh a
e125142	2.2.19	tuucingte khut sung panin kote hong honkhia-a
e125143	12.10.12	Tuucingte’ buk a tun’ lai takin
e125144	42.2.18	Tuucingte’ thugenna zate khempeuh in
e125145	2.2.17	Tuucingte hong pai-in amaute hawlkhia hi
e125146	26.34.12	Tuucingte in a kithehthang tuute kaikhawmin a kep bangin
e125147	30.7.15	Ka tuucinna panin Topa in kei
e125148	36.2.7	amaute in tuucinna-in nei-in
e125149	1.21.28	Abraham in a tuuhon sung panin
e125150	1.13.5	tuuhon leh ganhon leh puanbukte nei a
e125151	19.77.20	na mite, tuuhon bangin na makaih hi
e125152	1.4.4	a tuuhon tacilte leh a sa limcite paipih hi
e125153	5.28.4	na tuuhonnote uh tungah thupha om ding
e125154	5.28.51	na tuuhonnote uh zong hong nusiat lo ding
e125155	26.36.38	Jerusalem-a tuuhonpi om muamua bangin
e125156	26.36.37	tuuhonpi bangin Israel mite ka tamsak ding hi
e125157	20.27.23	Na tuuhonte hoih takin thei in la
e125158	1.37.12	a pa uh’ tuuhonte cing dingin
e125159	38.11.4	Gawh dinga kikoih tuuhonte va cing in
e125160	9.8.17	Amah in na tuuhonte uh seh-sawm-suah-seh-khat la ding a
e125161	9.24.3	Lam gei-a tuukhawk omna-ah a pai hi
e125162	19.68.13	tuukhawk sungah mawk om na hi uh hiam
e125163	26.25.5	dangte zong tuukhawk ka suaksak ding hi
e125164	4.32.36	tuute a dingin tuukhawkte a bawl uh hi
e125165	4.32.16	ka tuute uh a dingin tuukhawkte bawlin
e125166	7.5.16	tuukhawkte lakah tuuhonte a dingin tamngai kitum a ngai dingin
e125167	4.32.24	na tuute uh a dingin tuukhawkte bawl unla
e125168	43.10.16	Hih tuukhumna sunga om lo tuute
e125169	43.10.1	tuukhumna sungah kongpi lam pan lut lo a
e125170	43.10.7	keimah in tuukhumna kongpi ka hi hi
e125171	43.10.3	tuukong cing pa in a kong hon a
e125172	43.10.2	tuukulh kong tawnin a lut mipa
e125173	43.10.3	tuukulh panin a tuute a pusuah khiatpih hi
e125174	43.10.16	Tuate zong tuukulh sungah ka khum ding a
e125175	43.10.16	Hih tuukulh sungah a om lo tuu dang
e125176	24.5.6	tuulak panin humpi khat in amaute that ding
e125177	38.11.3	A tuulak inn uh kisusia khin ahih manin
e125178	24.49.19	Jordan gam tuulak pan a, a hong paito humpi
e125179	24.50.44	Jordan gam tuulak pana hong paito humpi
e125180	24.3.24	i pu i pate’ biakna ahi tuulebawngte
e125181	3.22.21	tuulekeel hon panin ahi zongin
e125182	3.27.32	Bawnghon leh tuulekeel hon sawm-ah-khat khempeuh
e125183	5.7.13	na tuulekeelno honte uh zong thupha pia
e125184	zd:14967	neihsa inn-2 tui in tuum a
e125185	zd:21025	khuapi minthang tampi tak tui in tuum
e125186	ts:3369	Ka luankhi'n tuibang hong tuum hi e
e125187	2.15.5	Tui in amaute tuum a
e125188	19.38.4	ka mawhnate in ka lu tuum zo a
e125189	6.4.18	a piau khempeuh tuum hi
e125190	2.15.10	tuipi in amaute tuum hi
e125191	2.14.28	Faro’ mi honpite khempeuh tuum hi
e125192	26.30.16	tui in a khuapi tuum ding hi
e125193	10.22.5	sihna tuihualte in kei hong tuum a
e125194	19.42.7	na tuihual liante in kei hong tuum hi
e125195	23.43.2	tui in hong tuum lo ding hi
e125196	18.22.11	tuikhang in nang hong tuumcip hi
e125197	19.104.6	tuite in mualte tuumcip hi
e125198	58.11.29	tui in a tuumcip hi
e125199	1.7.20	pi sawmnih le nih thuk-in tuumcip hi
e125200	23.28.18	a tuumcip ding tuiciin in hong nawk ciangin
e125201	19.78.53	tuipi in amau’ galte tuumcip hi
e125202	32.2.3	tui in kei hong tuumcip hi
e125203	25.3.54	Tui in hong tuumcip gawp ahih manin
e125204	19.106.11	Tui in amau’ langte tuummang khin a
e125205	19.124.5	tuipi husiate in hong tuummang khin ding hi
e125206	26.27.27	nang tawh tuipi sungah tuummang khin uh hi
e125207	6.24.7	amaute tungah tuipi paisakin amaute tuumsak hi
e125208	6.24.7	tuipi luangsakin amaute ka tuumsak hi
e125209	2.15.19	Topa in tuipi tuite amaute tuumsak kik hi
e125210	5.11.4	San Tuipi tui tawh amaute tuumsakin
e125211	26.31.15	lei nuai-a tuite tuumsakin ka thuumsak ding hi
e125212	2.15.19	tuipi tuite amaute tuumsakkik a
e125213	19.147.16	Amah in tuumul bangin vukkhal hong pia a
e125214	26.34.3	Tuu nawi ne-in, tuumul silhin
e125215	18.31.20	ka ngah tuumul puan kibawl ka pia hi
e125216	7.6.38	tuumul panin tui hai khat dim suk khia hi
e125217	7.6.40	tuumul tung bek keu a
e125218	7.6.37	ancilna sual tungah tuumul lom khat ka koih hi
e125219	7.6.38	a tuumulte a tui suk a
e125220	19.38.4	ka lu dong hong tuumzo a
e125221	46.9.7	cing napi-in a tuunawi a ne lo
e125222	5.32.14	tuuhon panin tuunawi, tuunote leh tuutalte’ thau tawh
e125223	zd:25572	kaneu tuung pek pan
e125224	zd:12487	A tuung lam in naupang khat peuh hilel inteh
e125225	zd:15996	Khuado kibawl tuung ciaptehna om lo
e125226	26.8.16	ni suak tuung na bia uh hi
e125227	41.16.2	ni kipat ni, zingsang tuung, nisuah lai takin
e125228	zd:17958	tuiluang sialsial geia kikhah tuuno bang ding uh hi
e125229	zd:13228	mihing tawh akibang tuuno khat suakin
e125230	zd:23754	tuuno sisan a hi Zeisu si tawh
e125231	4.7.15	kum khat a pha tuuno a pa khat
e125232	3.3.7	a biak nadingin tuuno khat a piak leh
e125233	19.114.4	mualneute tuuno bangin a diang uh hi
e125234	66.14.4	Tuuno paina teng a zui mite
e125235	43.1.29	leitung’ mawhna a puakhia Pasian’ Tuuno
e125236	66.12.11	Tuuno sisan le thuman a genna uh tawh
e125237	23.16.1	siah dingin tuunote puak uh hi
e125238	28.4.16	lonona munah tuunote an vak bangin
e125239	4.29.24	bawngtalte, tuutalte, leh tuunote tawh piak dingin
e125240	1.21.28	a tuuhon sung panin tuununo sagih tuam koih hi
e125241	1.21.30	hih tuununo sagihte na la ding hi
e125242	1.32.14	tuupi za nih leh tuutal sawmnih
e125243	19.78.70	no a nei tuupite a cinna
e125244	38.11.5	Amaute in a tuusa zuak uh a
e125245	4.31.37	Topa’ tuusiah pen tuu zaguk
e125246	zd:15384	khuamaang lak ah a awk tuutal amu hi
e125247	zd:24250	tuutal thau te sangin thu ngaih ding hoih zaw hi
e125248	2.25.5	a kisansak tuutal vunte
e125249	19.114.4	Mualliante tuutal bangin diang uh a
e125250	4.29.23	bawngtal sawm, tuutal nih
e125251	1.31.38	tuuhonte' sung pan tuutalte ka ne kei hi
e125252	2.29.15	nangmah in tuutalte khat la-in
e125253	26.39.18	Bashan panin tuutalte, tuunote, keelte leh bawngtal thaute
e125254	zd:25451	Pastor pa ii nasep pen tuute vak ding ahi hi
e125255	zd:25751	a tuute a cidam nading zatui nei lo uh hi
e125256	zd:12333	Tuhun ah a tuute cing loin
e125257	40.10.6	Israel pawl a gammang tuute kiangah
e125258	43.10.27	Ka tuute in keima aw a ngai uh a
e125259	9.17.15	a pa’ tuute a vak dingin
e125260	44.20.29	a tuute a hehpih kei ding uh hi
e125261	24.51.23	tuucingte leh a tuute
e125262	26.34.3	ahi zongin tuute na vak kei uh hi
e125263	58.11.37	tuuvun keelvun silhin a kawivak uh hi
e125264	4.4.25	om a khuhna tuuvun
e125265	40.7.15	tuuvun silh a, no kiangah hong pai
e125266	zd:22040	tuzan ka room ah giak manlo ding
e125267	zd:23539	zato ah tuzan lum leh hoihzaw ding
e125268	zd:17213	tuzan sung deihtak thungen tek lai ni
e125269	44.23.23	tuzan nai kua hunin ding khia un
e125270	42.19.5	Na inn-ah tuzan kong taam ding hi
e125271	42.12.20	tuzan mahmahin na si ding hi
e125272	40.26.34	tuzan ak a khuan ma-in thumvei
e125273	4.22.19	tuzan zong hih lai-ah giak phot un
e125274	23.21.11	Galvil pa aw, tuzan bangci hiam
e125275	10.17.1	keimah kuankhia-in tuzanin David ka delh ding hi
e125276	1.30.15	tuzanin amah, nang tawh hong lumkhawm thei ding hi
e125277	9.15.16	Topa in tuzanin kei kiangah hong gen thu
e125278	44.27.23	vantungmi khat in tuzanin ka kiangah ding a
e125279	42.14.10	minautangte’ tutna munah na tuzaw un
e125280	42.14.10	hih tutphah nuamah hong tuzaw in
e125281	zd:12420	tuzawh ni 20 khitciangin hongtung tading cihi
e125282	zd:19695	Asian Games pen tuzawh khathum khitciangin akibawlding ahihi
e125283	zd:20363	tuzawh kum 5 khitciangin
e125284	40.26.2	tuzawh ni nih khit ciangin Paisan Pawi
e125285	zd:23140	tuzawh kum 50 sung
e125286	27.6.12	tuzawh ni sawmthum sungin kumpipa kiang longal
e125287	1.18.14	A kisehsa tuzawh kha kua ciangin
e125288	1.18.10	tuzawh kha kua khit ciangin kong paikik taktak ding
e125289	40.26.2	tuzawh ni nih khit ciangin
e125290	1.18.14	tuzawh kha kua ciangin nang kiangah kong paikik ding a
e125291	27.6.12	tuzawh ni sawmthum sungin
e125292	zd:24297	Cycle 7 leh tuzum Tupeek pawlkhat kikepsak mah hi
e125293	zd:19816	tuzum tupek tawh na hatna khempeuh sitlo in
e125294	zd:21163	tuzum tupeek liikpah vava ding hilo hi
e125295	9.13.21	Lokhawhna tu le tuzum seek hiam thaman
e125296	13.20.3	sing-atnate leh tuzumte leh heite tawh
e125297	ts:4831	mikangte' deidanna uang lua ahih manin
e125298	zd:15859	gitloh gamhtatna lam uang deuh hi
e125299	zd:24320	Pa hihna uang zat loh ding
e125300	26.23.19	A paktatna uang semsem a
e125301	42.15.13	noptatna lamsang uang lua ahih ciangin
e125302	56.1.6	leitung nopsakna-ah uang lua hi ci-in
e125303	23.46.6	Sumbawm panin khamte uang zatin
e125304	59.5.5	uang nekin na noptat mahmah uh hi
e125305	54.2.9	sam khawng a uanglua-in bawl loin
e125306	60.4.3	hukna lanna, zunekna, uangtatna, zukham luatna
e125307	zd:22925	ulian tuamtuamte in khawmpi hong uap thei uh hi
e125308	zd:22851	nu leh pa ten zong hong uap thei uh
e125309	zd:17788	Zomi Nam Ni nuamtak a uap thei ciat dingin
e125310	7.14.11	amah a uap dingin tangval sawmthum
e125311	40.25.1	zinei thak pa a uap dingin
e125312	15.10.34	Bani-te beh panin Maadai, Amram, Uel
e125313	ts:9564	thu khuamiten gen uh hi
e125314	ts:10085	Peter Basilica Square ah ngak zihziah uh hi
e125315	1.1.15	leitung khua a vaksak dingin vantungah khuavak hi uh hen
e125316	40.27.36	tua san takah tu-in a en uh hi
e125317	40.10.30	Na sam uh zong a kisim khin hi
e125318	19.44.13	ka kiim uha omte’ nuihsat
e125319	1.32.17	Na mai uha om hihte kua-a’ ahi hiam
e125320	44.13.51	a khe uha leivui bangte sinkhiat sanin
e125321	26.5.15	na kim uha a om minam dangte khempeuh
e125322	zd:9451	Ka inn uhah kimawl phal nawn lo ka hi uh
e125323	zd:12992	Na gamsung uhah tulaitak khuahun Weather bangcihiam
e125324	zd:20912	agam uhah aciahnading lamsaap
e125325	5.6.6	na lungsim uhah om ding hi
e125326	26.36.24	na gam uhah kong tun’pih kik ding hi
e125327	24.8.22	dam thei lo uhahi hiam
e125328	23.3.5	khangnote pen uhamte tungah
e125329	zd:22079	pau ngam kei le uhcin cik ciang pau ding
e125330	19.50.18	Guta khat mu le uhcin ama lawm
e125331	40.7.6	Pia le-uhcin hong pet zawsop ding hi
e125332	zd:24418	na pai nop uhleh pai theih mah hi
e125333	zd:22312	hong thupiak bangin na gamtat uhleh ka lawmte na hi uh hi
e125334	zd:16235	University Hospital na pai uhleh Insurance card kizang theilo ding
e125335	43.13.17	na zuih uhleh na lung uh nuam
e125336	43.15.14	na gamtat uhleh ka lawmte na hi uh hi
e125337	58.3.7	Tu ni-in Pasian’ aw na zak uhleh
e125338	42.13.3	na mawhna panun na kisik kei uhleh
e125339	43.4.48	lim le nalamdang lian ka bawl na muh kei uhleh
e125340	zd:21237	ka itna uhleh ka ngaihna uh ka pulak uhhi
e125341	30.1.15	A kumpipa uhleh a uliante uh
e125342	zd:16037	ong geel pha le uhteh lunggulh huai sa mahmah ing
e125343	zd:25611	aw zong za le uhteh hoih kasa hi
e125344	zd:15861	ong pia thei le uhteh nuam mahmah ning
e125345	42.17.6	ankamtang khat cia bang upna nei le-uhteh
e125346	41.11.3	ci le uhteh amau in thakhatin hong khah ding hi
e125347	zd:9445	Tui pen a luankhiat loh ciangin uih in namsia a
e125348	zd:22650	ngasate a uih loh nadingin tuikhal tawh kem thei uh hi
e125349	zd:25477	khe guak tawh bulh ka hih manin uih mahmah hi
e125350	19.38.5	ka liamnate nai-in uih a
e125351	23.34.3	a si-luanghawmte uih semsem ding hi
e125352	23.19.6	lei zui a, tui kilate uih-in
e125353	2.7.18	Nail gun uih ding a
e125354	20.25.26	hawktui nin, ahih kei leh tui uih tawh kibang hi
e125355	2.8.14	gamsung teng uih hi
e125356	29.2.20	a luanghawmte uh uih gawp ding hi
e125357	2.7.21	Nail gun uih a
e125358	29.2.20	a luanghawmte uh uihgawp ding hi
e125359	2.7.18	gun tui uihgawp ding ahih manin
e125360	23.19.6	Lei zui-a tui kilate uihin
e125361	zd:19363	LEII HANG IN KAMSUNG uihna
e125362	30.4.10	a uihna na nakngeek uh kong zensak hi
e125363	23.3.24	Paknamtui tangin uihna
e125364	21.10.1	a om paknamtui uihsak thei a
e125365	43.11.39	ni li phakhin ahih manin uihta ding hi
e125366	23.14.19	a kithat misi a uihte
e125367	18.38.32	Khawlei uikai a pai nading lampi
e125368	18.9.9	van-a om Khawlei-uikai, Zawlzawng, Seguk
e125369	9.26.20	uili bang lel keimah a that dingin
e125370	9.24.14	Uisi maw! uili maw
e125371	9.5.12	mite in uilut vei uh a
e125372	9.5.9	amaute tungah uilut piang hi
e125373	12.20.7	a uilut nuh un
e125374	9.6.17	tungah a piak uh kham uilutte in
e125375	zd:19327	Guah azukteh uiphuk a lungdam aa
e125376	66.16.13	uiphuk tawh a kibang kha gilo thum
e125377	2.8.12	a tun’saksa uiphuk tawh kisai thu
e125378	66.16.13	uiphuk tawh kibang a kihhuai kha gilo pawl thum
e125379	2.8.2	na gam khempeuh uiphukte tawh ka gimsak ding hi
e125380	19.78.45	uiphukte amau lakah a sawl hi
e125381	56.1.12	a thadah a uisan mi ahi uh hi
e125382	20.23.21	Zu nete leh a uisante zawng ding uh a
e125383	10.16.9	hih uisi a banglel mi khat in
e125384	9.24.14	uisi maw! Uili maw
e125385	zd:24064	uite duhlo pawl khat
e125386	zd:25908	a neu kiukeu uite in inkiu pan mangpha na khak uh hi
e125387	zd:24030	nek ding a zong uite nangawn zong gilkialin zawmcip uh hi
e125388	40.15.26	uite piak ding kilawm lo hi
e125389	zd:16856	leitung a uk ding uh hi
e125390	27.4.3	Amah in a tawntungin a uk ding hi
e125391	1.37.8	Kote' tungah nang in hong uk ding na hi hiam
e125392	45.7.1	thukham in tua mi a uk hi
e125393	23.26.13	to dangte in ko tungah hong uk hangin
e125394	ts:3284	Tuni ciang dong Arab in uk hi
e125395	zd:23987	Hong uk kumpite thu na mang in
e125396	19.22.28	minamte tungah amah in uk hi
e125397	2.15.18	Topa in uk tawntung ding hi
e125398	1.36.32	Beor’ tapa Bela in Edom gamsung uk hi
e125399	1.3.16	amah in nang' tungah hong uk ding hi
e125400	zd:25200	Innkuan sung uk zo ding
e125401	zd:20716	Numei in pasal uk thei lua hi
e125402	19.32.9	Kamkaih tawh uk loh-a phamawh
e125403	1.4.7	nang hong uk nuam hi
e125404	59.3.3	Sakol uk nading kamkaih bulh leeng
e125405	zd:23394	Ngeina in tapidawte uk theilo hi
e125406	1.1.16	khuavak lianzaw pen sun a uk ding
e125407	1.1.17	sun leh zan a uk ding
e125408	21.7.19	Khuapi a uk mihing sawm sangin
e125409	41.15.43	Pasian’ Uk ding hun zong a lamen
e125410	42.18.29	Pasian’ Uk ding a deihna hangin
e125411	41.1.15	Pasian’ Uk ding hun hong kipanta hi
e125412	42.10.11	Pasian’ Uk nading hun a hong naina thu
e125413	42.23.50	Pasian’ Uk ding hun lamenin a ngakngak mi khat
e125414	42.10.9	Pasian’ Uk nading hun note a dingin hong naita hi
e125415	zd:13039	galkap kumpi in a ukcip hi
e125416	zd:19455	nangmah in technology te ukcip zaw in
e125417	ts:3284	ukpi khatin atawntungin ukcip ngeilo a
e125418	26.13.20	ukcip dingin na hanciam uh mite
e125419	24.27.8	amah ka ukcipsak mateng namsau tawh
e125420	16.9.28	a galte un amaute ukgawp uh hi
e125421	26.34.4	ngong bawlin na ukgawp zawsop uh hi
e125422	26.20.33	ka hehna tawh note kong ukgawp taktak ding hi
e125423	zd:25177	eima tualsung makaite mah in hong ukin thu hong piak ding uh
e125424	zd:23780	a pillo zawte ukin minthang ding
e125425	9.8.20	ka kumpipa un kote hong ukin kote mai-ah pai-in
e125426	42.3.1	Pontias Pilat in Judea gam ukin
e125427	66.19.15	sik ciangkhut tawh minam dangte ukin
e125428	13.6.31	lasak nasep a ukin David in a koih mite
e125429	1.41.43	Izipt leitang tung khempeuh a ukin amah koih hi
e125430	10.23.23	David in amah a cingte a ukin amah koih hi
e125431	9.18.13	mihing tulkhat a ukin koih a
e125432	13.19.11	a sanggampa Abishai’ ukin koih a
e125433	18.29.25	Amaute ukin a vai ding uh ka hawmsak
e125434	66.5.10	tuate in leitung ukin a om ding uh hi
e125435	27.11.4	ama gam a ukkha kei ding uh hi
e125436	zd:19239	Governor khat khutnuai ah hong ukkhawm hi
e125437	55.2.12	amah tawh i ukkhawm ding hi
e125438	49.2.6	vantungah amah tawh i ukkhawm theih nadingin
e125439	20.11.29	A innkuan sung a ukkhial mite
e125440	20.28.28	midikte in ukkik ding hi
e125441	43.2.17	ka lungsim hong uklah sak hi
e125442	58.2.8	na khempeuh a uklam i thei nai
e125443	ts:617	Japan te ukna sungah ki om hi
e125444	ts:3375	Zomite in ol takin a ukna BC 1027 in sutkhia hi
e125445	ts:6004	Galkapte'n ukna a buluh zawh kum 3 sungah
e125446	19.114.2	Israel gam in ama ukna gam a suak hi
e125447	19.103.22	Ama ukna mun khempeuh ah
e125448	4.5.19	Na pasal’ ukna nuai-ah na om sungin
e125449	1.37.8	Kote’ tungah ukna nei ding na hi hiam
e125450	46.14.32	kamsangte’ ukna nuai-ah a om ding uh hi
e125451	1.41.35	Faro’ ukna nuai-ah antangte kholin
e125452	4.4.28	siampi Aaron’ tapa Ithamar’ ukna nuai hi ding hi
e125453	1.1.28	a nungtate khempeuh' tungah ukna nei ta un
e125454	1.1.26	leitunga a bokvakte khempeuh' tungah ukna neisak ni
e125455	42.13.20	Pasian’ Ukna bang tawh genteh leuleu ding
e125456	42.9.2	Pasian’ Ukna thu a hilh ding
e125457	41.10.14	Pasian’ Ukna sungah hih bang mite a om ahi hi
e125458	44.28.31	Pasian’ Ukna thu le Topa Jesuh Khrih’ thu
e125459	42.13.18	Pasian’ Ukna bang tawh kibang a
e125460	51.1.16	kumpi tokhomte ahi zongin uknate ahi zongin
e125461	51.2.15	vangliatna leh uknate a laksak khit ciangin
e125462	11.14.19	a galsimna a gam uknate
e125463	zd:18023	Nasemte ukpa zong pau zong pau lo-in
e125464	zd:21796	company lianpi khat a ukpa in ki mu hi
e125465	zd:24014	England gam ukpa, British Prime Minister Boris Johnson
e125466	19.105.20	mihingte a ukpa in amah khah hi
e125467	2.22.28	na mite uh a ukpa
e125468	43.16.11	Hih leitung ukpa in thukhenna thuak zo
e125469	23.55.4	a makai ding leh a ukpa dingin ka koih hi
e125470	12.25.20	a cingte a ukpa Nebuzaradan in amaute la-in
e125471	14.17.15	Ama zomah a ukpa in Jehohanan hi a
e125472	44.5.24	Biakna innpi ukpa leh siampite in
e125473	13.27.34	Joab in kumpipa’ galkapte a ukpa ahi hi
e125474	10.23.19	amaute a ukpa suak hi
e125475	16.10.1	Hakaliah’ tapa, gam ukpa Nehemiah
e125476	47.11.32	Aretas kumpipa’ khua ukpa in kei hong man dingin
e125477	14.18.25	khuapi ukpa Amon leh kumpipa’ tapa Joash kiangah
e125478	3.4.22	Ukpa khat khialin, hih lo ding ci-in
e125479	58.6.20	a kip tawntung Siampi Ukpa a suah khit ciangin
e125480	58.3.1	a thuman Sawltak leh Siampi Ukpa ahi
e125481	44.5.31	tua mi in Ukpa leh Gumpa a suah na’ngin
e125482	44.5.31	Ukpi le Honpa-in tua Jesuh bawlin
e125483	13.5.12	Ukpi Joel, a zom Shafam
e125484	13.5.7	ama behte in: Ukpi Jeiel, Zekhariah
e125485	13.1.51	Edom ukpite: Ukpi Timna, Aliah, Jetheth
e125486	ts:3375	ukpipa in kial hun leh haksat hunin mipite panpih kik hi
e125487	zd:24322	Thongpi sungah Thong ukpipa lungkimsak in
e125488	13.12.18	mihing sawmthum a ukpipa Amasai tungah
e125489	26.38.3	Meshek leh Tubal minamte a ukpipa Gog aw
e125490	13.9.11	Pasian’ inn sung a ukpipa
e125491	27.2.48	Babilon mipil thu dotte ukpipa dingin a koih hi
e125492	14.31.13	Pasian’ inn ukpipa Azariah’ sehna tawh
e125493	13.5.6	amah in Reuben mite a ukpipa ahi hi
e125494	ts:301	ukpite khual a zin ciangun sakol tungah tuangin
e125495	zd:11244	ukpite thuneihna pan mipi thuneihna tawh kalsuan ding
e125496	zd:24280	ukpite hun lai-in
e125497	2.15.15	Edom ukpite lungkia uh a
e125498	1.36.29	Hori mite’ ukpite in
e125499	16.12.7	a sanggamte uh lakah a ukpite ahi uh hi
e125500	13.27.16	Israel minamte tungah a ukpite in
e125501	4.25.4	mite’ ukpite khempeuh man in la
e125502	19.110.6	a zai mahmah leitungah ukpite susia ding hi
e125503	24.51.23	kumpite leh ukpite ka satnen hi
e125504	27.3.27	Kumpi tapate, gam ukpite, gam ukpi huhte
e125505	ts:4564	Pasian in Adam abawl in Eden huan uksak
e125506	zd:17021	i nisim nuntakna le i taangpi vaite uksak zaw dih ni
e125507	51.3.15	Khazih’ nopna na uksak un
e125508	45.8.6	i ngaihsutna, Kha Siangtho uksak lehang
e125509	18.34.30	Migilote hong uksak ta leh zong
e125510	19.89.25	Eufrates Gunpi dong amah ka uksak ding hi
e125511	19.50.19	Na kam uh, siatna na uksak uh a
e125512	40.24.47	a sum khempeuh tua nasempa a uksak ding hi
e125513	27.2.48	Babylon gamteng uksakin
e125514	19.136.8	sun pen ni a uksakpa tungah
e125515	16.2.9	Eufrates Gungal gam a uksawn mite kiang
e125516	40.14.1	Galilee gam sungteng a uksawn kumpi Herod in
e125517	15.8.36	kumpipa’ nuai-ah a uksawn a lian pente
e125518	27.6.1	gam sung khempeuh a uksawn dingin
e125519	16.2.7	Eufrates Gungal gamsung a uksawn mite ka piak ding laikhakte
e125520	17.1.3	ama nuai-ah gam a uksawnte a om laitakin
e125521	17.3.12	kumpipa’ nuai-ah gam tampi a uksawnte
e125522	zd:22586	Tedim uksung ah State Middle School khat piak ding
e125523	zd:24280	Tedim uksung a om Phungnam tuamtuam
e125524	42.23.7	Zeisu Herod’ uksung mi ahih lam
e125525	zd:24963	British gam ukte in phiatsiangsak uh hi
e125526	zd:12177	Galkap zakhat a ukte pen Officer lian mahmah
e125527	zd:24392	ko hong ukte tungah
e125528	14.8.9	a leengte a ukte
e125529	11.22.33	leeng a ukte in a muh uh ciangin
e125530	12.11.10	Tua ciangin siampipa in a ukte’ tungah
e125531	11.9.22	ama nuai-ah a ukte, a galkapmangte
e125532	2.14.7	Izipt leeng khempeuh a ukte tawh kuan khawm hi
e125533	13.27.3	galkap a ukte khempeuh a ukpi ahi hi
e125534	19.2.10	leitung gam ukte aw, thu phawk un
e125535	23.40.23	leitung ukte pen bangmah lo a suaksakpa
e125536	44.17.8	khua ukte in hih thu a zak uh ciangin
e125537	44.3.17	no hong ukte in thei loin ahih uh
e125538	13.12.28	ama beh sung panin galkap a ukte mi sawmnih-le-nih
e125539	2.5.6	nasem ukte leh a nasem mapite thu pia a
e125540	66.13.7	khempeuh tungah uktheih nading aana a kipia
e125541	45.5.17	nuntakna a ukzaw ding uh hi
e125542	zd:21739	Ama ii ukzawh kum 15 hun in
e125543	zd:23590	Hih mite ka ukzawh nadingin pilna leh theihna hong pia in
e125544	zd:20917	Leitung bup na ukzawh ma in
e125545	24.36.1	a ukzawh kum li a phakna kumin
e125546	24.52.5	Zedekiah in a ukzawh kum sawm le kum khat
e125547	42.3.1	Sisar Tiberius in a ukzawh a kum sawm le ngana
e125548	24.51.59	Kumpi Zedekiah in Judah gamah a ukzawh kum li ciangin
e125549	zd:25923	Ei leh ei ki ukzawh na
e125550	56.2.6	amau pumpi a ki-ukzawh nadingun
e125551	46.14.32	a gen ding pa a ki-ukzawh ding a kisam
e125552	46.7.9	a pumpi uh a ki-ukzawh kei ding uhleh
e125553	zd:20060	tua bang ukzawhna I neih theih nadingin
e125554	zd:9425	Mihing deihna a ukzawhna uh hang
e125555	zd:24199	gam leh lei a ukzawhna dingin
e125556	20.16.32	eimah ki-ukzawhna hoihzaw hi
e125557	48.5.23	dikna le pumpi ki-ukzawhna hi a
e125558	55.1.7	thahatna, ki-itna, pumpi ki-ukzawhna lungsim
e125559	61.1.6	na thutheihna uh pumpi ki-ukzawhna tawh na behlap unla
e125560	61.1.6	na pumpi ki-ukzawhna uh thuakzawhna tawh na behlap un
e125561	51.2.23	pumpi ki-ukzawhna a piangsak ding tawh kibang hi
e125562	20.16.32	khuapi khat ukzawhna sangin
e125563	65.1.24	vangliatna leh ukzawhnate tu-ma hun khempeuh
e125564	zd:24030	gam le kumpi ukzia tawh kisai-in
e125565	zd:20444	Putin ii ukzia deihlo, lungkimlo in
e125566	zd:11798	Gam ki ukzia, gam paizia ah
e125567	54.3.5	a innkuan sung ukzia ding a theih kei leh
e125568	zd:20917	Ka ngaihsutna ka ukzo hi
e125569	zd:23653	Pawlkhat in pawlpi khat ukzo na pi
e125570	zd:24227	Zogam nihvei a sim uh ciangin ukzo pan uh hi
e125571	26.29.15	minam dang kuamah ukzo nawn lo ding uh hi
e125572	14.22.9	kumpi gam a ukzo ding mi khat
e125573	20.8.16	keima huhna bek tawh ukzo uh a
e125574	11.3.9	na mite kua in ukzo ding ahi hiam
e125575	14.1.10	a tam hih na mite kua in ukzo ding
e125576	54.3.4	A innkuan sung hoihtakin a ukzo mi
e125577	59.3.3	a sakol pumpi buppi i ukzo hi
e125578	59.3.8	leii pen zualsakin a ukzo kuamah om lo hi
e125579	59.3.7	ganhing khempeuh zualsakin ukzo uh hi
e125580	54.3.12	a innkuansung hoihtakin a ukzote hi ding hi
e125581	27.8.2	Ulai gun gei-ah ka ding hi
e125582	zd:19342	Kong zahtak Zomi ulenau te aw
e125583	zd:24418	Mel theih ulenau hau mahmah ahih manun
e125584	zd:21085	ulenau sungah mun hong pia hi
e125585	58.8.11	a ulenau le a mipihte kiangah
e125586	49.6.23	ulenaute khempeuh tungah nopsakna le itna
e125587	44.28.15	Rom khua-a om ulenaute in
e125588	zd:14910	Department tuamtuam pan in ulian tuamtuam zong om hi
e125589	zd:14814	US embassy pan in zong a ulian te uh hong pai hi
e125590	zd:25060	kumpi ulian te hong zin ciang in
e125591	20.29.12	a nuai-a ulian khempeuh zong
e125592	23.3.4	Amaute’ ulian dingin naupangte ka bawl ding a
e125593	11.22.9	Israel kumpipa in ulian khat samin
e125594	1.37.36	Faro’ nuai-ah ulian ahi Potifar' tungah Josef zuak uh hi
e125595	9.6.16	Filistia ulian ngate in
e125596	26.22.6	Na sunga om Israel ulian khempeuh
e125597	13.5.2	ama sung panin ulian khat a om hangin
e125598	1.23.6	kote’ lakah a vanglian ulian khat na hi hi
e125599	13.2.10	Judah tapate sung pan ulian Nahshon’ pa ahi hi
e125600	19.45.16	leitung khempeuh ah amaute, ulian na suaksak ding hi
e125601	13.12.27	Aaron’ suante ulian Jehoiada
e125602	14.24.23	mite’ ulian khempeuh that uh a
e125603	7.7.25	Midian ulian nihte Oreb leh Ze-eb man uh hi
e125604	4.16.13	Kote’ tungah nangmah ulianin kibawl tawmin
e125605	19.113.8	ama mite’ ulianin a bawl hi
e125606	9.25.30	Israel-te tungah ulianin nang hong koih
e125607	ts:7506	Chinland Council galkap ulianpa sawlna tawh
e125608	zd:11429	Kawl ulianpa khat bangin
e125609	zd:17969	CID ulianpa genna ah
e125610	26.46.10	Gam uk ulianpa zong mihonte mah tawh lutin
e125611	26.45.16	amau a uk ulianpa tungah puak ding uh hi
e125612	26.12.10	Jerusalem khua sung a uk ulianpa
e125613	1.34.2	tua gam ulianpa in amah a muh ciangin
e125614	26.12.12	ulianpa in khuamial lakah ama van a liangko-ah pua-in
e125615	26.44.3	gam-uk na a sem laitak ulianpa pen
e125616	12.18.28	a ulianpa dingin Judah pau-in a gingin kiko a
e125617	12.19.8	a ulianpa in za ahih manin
e125618	23.36.22	a ulianpa’ thugen teng va gen uh hi
e125619	17.6.9	kumpipa’ ulianpen khat tungah
e125620	12.5.1	kumpipa’ maipha a ngah ulianpi khat ahi hi
e125621	17.9.4	kumpi inn sungah Mordekai ulianpi khat suak a
e125622	26.12.14	A ulianpihte, a thulamlakte, le amah a cingte
e125623	12.9.15	Jehu in a ulianpihte kiangah
e125624	26.23.23	a vekpi-un ulianpipi, sakol tung tuang
e125625	14.35.8	Pasian’ innah ulianpite ahi Hilkiah
e125626	24.39.13	Babilon kumpipa’ ulianpite khempeuh in
e125627	11.9.23	Solomon’ nasep a uk ulianpite ahi hi
e125628	26.12.14	A ulianpite, a thu lamlakte, leh amah a cingte
e125629	zd:23317	UNHCR uliante tawh ki hona pan pawlkhat
e125630	zd:22391	Galkap uliante tawh kimeltheihte maipha ngah diak
e125631	zd:23653	Gam makaite leh uliante sungpan
e125632	30.1.15	kumpipa uh leh a uliante salin kiman ding hi
e125633	30.2.3	a uliante ka that ding hi
e125634	4.22.21	Moab uliante zui hi
e125635	26.19.1	Israel uliante hih bangin tamlawh in
e125636	19.148.11	leitung uliante leh thukhente khempeuh
e125637	18.29.9	Khua sung uliante a kiho na khawl pah uh a
e125638	18.3.14	leitung kumpite leh a uliante
e125639	9.29.2	Filistia uliante a zaza a tultulin a pai laitakin
e125640	10.8.18	David tapate in gam uk uliante ahi uh hi
e125641	13.4.38	amau’ beh ciatah uliante hi uh a
e125642	7.5.3	na bil uh ngat un, Uliante aw
e125643	19.119.161	Uliante in thu om lopi-in kei hong bawlsia
e125644	19.119.23	Uliante tu sukin keimah lang pangin thu a vaihawm
e125645	23.21.5	Uliante aw, tho un, lumte sathau nuh un
e125646	13.28.21	Uliante le mi khempeuh zong nangma thupiakna bangbangin gamta
e125647	42.14.8	note sangin a ulianzaw khat hong omkha
e125648	13.7.39	Ulla’ suante in: Arah, Hanniel, leh Rizia
e125649	pk:138	a nungta lai khakhat om hi cih, um uh hi
e125650	zd:23252	Tai 50 tom tuam ding in ka um hi
e125651	zd:23057	Lasate zong Pasian um vive ihi hi
e125652	43.16.31	Tu-in nong um uh hiam
e125653	43.6.36	kei hong mu napi-in nong um kei uh hi
e125654	19.106.12	amaute in ama thu um uh a
e125655	43.16.9	Amau in kei hong um lo uh ahih ciangin
e125656	44.13.12	Pasian’ thu lamdangsa-in a um hi
e125657	24.7.8	zuauthu na um tazen uh hi
e125658	46.13.7	na khempeuh a um thei hi
e125659	zd:22992	palik galkap in RIT umcih uh hi
e125660	zd:20484	India Tuipi, Pacific Tuipi-in umcih hi
e125661	zd:25109	Israel galkapte in umcih in tang thei loin koih uh hi
e125662	27.1.1	Jerusalem khuapi simin a umcih hi
e125663	10.11.16	Joab in khuapi a umcih ciangin
e125664	5.20.12	note in tua khua na umcih ding uh hi
e125665	19.118.10	Minam khempeuh in kei hong umcih uh hi
e125666	19.22.12	Bawngtal tampi in kei hong umcih a
e125667	10.18.15	tangval sawm in Absalom umcih uh a
e125668	19.17.11	tu-in amaute in kei hong umcihin
e125669	7.16.2	amaute in tua mun umcihin
e125670	12.3.25	suanglotna tawite in umcihin vatgawp uh hi
e125671	21.9.14	Amah in tua khua umcihin
e125672	11.20.1	amah paito-in Samaria umcihin sim hi
e125673	11.15.27	Israel khempeuh in Gibbethom umcihin om uh hi
e125674	26.4.8	tua khuapi umcihna a kiman mateng
e125675	5.20.20	a tuk mateng umcihna-in na zat dingun
e125676	5.28.53	Hong umcihna leh na galte un hong lungkhamsak nading
e125677	26.4.3	nang pen a umcihte’ lim ding
e125678	12.4.39	a ang dimin umgah lo a
e125679	11.6.18	umgah le pakpalh lim kigelh hi
e125680	14.4.3	sungah umgah limte om hi
e125681	pk:173	umgui maigui zam bang
e125682	32.4.6	umgui khat a tungah a zaamsak hi
e125683	32.4.7	tua umgui lungno khat nesak-a a keu hi
e125684	32.4.9	Tua umgui hangin na heh ding kilawm na sa hiam
e125685	32.4.6	tua umgui hangin Jonah a lungdam mahmah hi
e125686	32.4.10	a si tua umgui pammaih na sa hi
e125687	zd:23297	siampi tampite zong Zeisu umin piangthak uh a
e125688	zd:14805	Mi tampi in ama thugen umin tui kiphum uh a
e125689	zd:9452	a cihna umin na sem ahih manin
e125690	59.2.19	Dawi gilote in zong umin
e125691	44.18.8	umin a kibaptaiz uh hi
e125692	47.4.13	Keimah in umin, ka gen hi
e125693	43.4.50	thupiakna umin a ciah hi
e125694	46.15.2	umin na lungkip uh leh
e125695	40.24.26	hong cih leh zong umkha kei un
e125696	20.26.25	kam khum takin a pau manin umkha kei in
e125697	61.2.13	note tawh ankuang hong umkhawmin
e125698	40.24.11	mi tampi tak umkhialsak ding uh hi
e125699	40.24.5	ci-in mi tampi tak umkhialsak ding uh hi
e125700	14.36.7	Topa’ biakinn-a umlebeel pawlkhatte zong Babylon-ah pua-in
e125701	15.8.26	ngun tawh a kibawl umlebeel zakhat
e125702	13.28.13	Topa’ biakinn sungah nasepna ding umlebeel khempeuh
e125703	15.1.9	umlebeel a nam tuamtuam sawmnih le kua
e125704	15.1.10	le umlebeel adang tulkhat ahi hi
e125705	14.5.5	a siangtho umlebeel khempeuh puato uh a
e125706	13.9.29	tutphah sabuaite, le a kituam koih umlebeel
e125707	14.32.27	a manpha umlebeel khempeuh a dingin vanmanpha koihnate
e125708	12.14.14	kumpi inn vankoihna sungah a om umlebeel khempeuh
e125709	29.2.24	na koihna uh umlebeel khempeuh
e125710	15.5.15	Hih umlebeelte paipih inla
e125711	15.8.30	ngun, kham, le umlebeelte a hong sang uh hi
e125712	14.9.20	Inn sunga umlebeelte khempeuh zong kham citak ahi hi
e125713	15.8.25	ngun le kham le umlebeelte
e125714	14.28.24	Pasian’ biakinn-a umlebeelte khawmin satnen a
e125715	13.9.28	biakinn sunga kizang umlebeelte uk uh hi
e125716	3.15.12	lei tawh kibawl umlebeelte kisukham ding a
e125717	13.18.8	khuampite le sumngo umlebeelte a bawl hi
e125718	15.8.33	ngun, kham, le umlebeelte kiseng hi
e125719	zd:11371	Pawlkhat in Fire Rainbow acihte hiding in ummawh uhhi
e125720	ts:617	Tua hun pen 1760 kim pawl hi dingin ki ummawh hi
e125721	zd:23057	American Idol pana kila hi ding ci in ka ummawh pah hi
e125722	7.18.10	bangmah a ummawh lo mite kiangah na tung
e125723	7.18.27	bangmah a ummawh lo mite omna Laish
e125724	44.27.27	ci-in teembaw nasemte in ummawh uh a
e125725	44.24.26	ci-in ummawhin tam veipi samin
e125726	zd:11738	dai umna alui pawlkhat akicim omin
e125727	zd:17777	Hotel khat ii apang umna akicim ahihi
e125728	zd:12496	Inndai umna in akizang sikkang dal 12
e125729	26.46.23	Tua tualno lite a umna kawm dingin
e125730	22.8.9	Amah khua umna kulh hi leh
e125731	18.4.19	inn umna kawm dingin buan-a kizatna inn
e125732	20.24.31	a umna a phungcian’ suangte kicim khin hi
e125733	31.1.7	Na ankuang umpihte in na nuai-ah
e125734	24.28.15	hih mite zuauthu na umsak hi
e125735	44.19.26	mi tampi tak a umsak hi
e125736	24.29.31	zuauthu hong umsak ahih manin
e125737	42.16.31	a va gen hangin umsakzo tuan lo ding hi
e125738	43.16.31	Tu-in hong umta na hi uh hiam
e125739	zd:21866	Pasian a umte vive ihihi
e125740	zd:14805	Zeisuh umte bek vangam tung ding hi
e125741	44.10.45	Jew mi thu umte in lamdang a sa mahmah
e125742	44.22.19	nangmah hong umte thong sungah ka khum a
e125743	43.7.39	a umte’ ngah ding Kha Siangtho
e125744	43.1.12	ama min a umte khempeuh in
e125745	43.11.25	Kei hong umte in a sih hangin
e125746	46.14.22	a umte ading lim ahi hi
e125747	43.6.40	Tapa mu a, a umte khempeuh in
e125748	44.27.11	teembaw nei pa’ thugen umzaw hi
e125749	zd:12402	nangtung hong gen leng na umzo tam bel thei keng
e125750	zd:23025	Kasim hangin umzo kiang
e125751	zd:22282	umzo mahmah lo mawk uh hi
e125752	40.28.17	pawlkhat in umzo taktak lo uh hi
e125753		ci un
e125754	5.8.16	na pu na pate un a theih loh manna
e125755	3.26.16	na galte un tuate ne ding hi
e125756	5.28.53	Topa na Pasian un note a hong piaksa
e125757	zd:20971	Politic lam hong lunglut un
e125758	40.13.9	bil a nei teng in za ta un
e125759	46.14.40	Na khempeuh akilawm akituakin na hih un
e125760	46.16.14	Itna lungsim tawh na khempeuh na hih un
e125761	19.34.3	Kei tawh Topa nak phat un
e125762	18.13.17	Ka thugente limtak ngai un
e125763	pk:89	Liankang leh Lambuahte unau ahi uh hi
e125764	zd:25268	Amau unau 6 pha uh a
e125765	zd:11234	unau numei 4 lakah a upapen ahihi
e125766	zd:24119	Ko unau teng sang kah
e125767	41.12.20	unau sagih a om uh hi
e125768	1.49.5	Simeon leh Levi-te in unau hi a
e125769	40.1.11	Jekhoniah leh a unau teng hi
e125770	41.1.16	Simon leh Andru te unau
e125771	58.13.1	Khrih sungah unau bangin na ki-itna uh
e125772	45.8.29	unau tampite lakah a upa bel
e125773	46.5.11	thu upna sungah unau khat hi hang
e125774	43.20.24	Unau Peeng minno a nei Thomas
e125775	59.2.15	Unau numei leh pasal khat peuhmah in
e125776	zd:16900	Tua unaute dik thei mahmah napi-in
e125777	zd:9222	tua unaute leh a siapa un
e125778	zd:16336	Palatwa a unaute tawh sisan in kinai zaw
e125779	40.20.24	tua unaute gel tungah a heh uh hi
e125780	40.1.2	Jakob’ tapa Judah, leh a unaute teng hi
e125781	58.7.5	amau unaute’ khut tung uh panin
e125782	44.15.22	unaute lakah milian ahi uh Barsabbas
e125783	zd:25214	Na hong piak khiatna hangin lungdam mahmah ung
e125784	zd:16337	EP Album khat bawlkhin ung
e125785	zd:17291	Inn 144 pha ung ci hi
e125786	28.8.2	nangma mite hi ung
e125787	1.42.7	Kanaan gam panin hong pai hi ung
e125788	1.29.4	Haran pan hi ung
e125789	6.9.22	Note kiang panin gamla mahmah ung
e125790		ci unla
e125791	52.5.19	Kha Siangtho nasepna dongtangsak kei unla
e125792	45.12.10	Unau ki-itna lungsim nei unla
e125793	51.4.2	Lungsim takpi tawh thu ngen tawntung unla
e125794	pk:21	unok paak a palh hi
e125795	22.2.16	unok paakte lakah a tuu cing a
e125796	22.2.2	ling lak-a om unok paak tawh kibang hi
e125797	22.2.1	mual kuam sunga unok paak ka hi lel hi
e125798	11.7.22	A khuampite dawnah unok pak a kibawl om hi
e125799	zd:17332	ka unu leh keitawh mi 7 pha ung
e125800	zd:19843	Na unu uh ahi hi
e125801	26.16.46	Na unu pen leilu lama om Samaria
e125802	26.16.61	Na unu le na naunu na ngahkik ciangin
e125803	26.23.33	Na unu Samaria’ hai
e125804	43.11.1	Mary le a unu Martha’ omna Bethany khua-ah
e125805	26.23.4	A unu’ min Oholah hi a
e125806	1.19.33	A unu pai-in a pa tawh lum hi
e125807	zd:23394	Mi khat in Zeisu a up manin
e125808	zd:16958	Bang ahia I up ding?
e125809	43.14.29	Tua thu a tun’ ciangin na up nadingun
e125810	43.4.41	mi tampi in a up beh uh hi
e125811	43.9.36	amah ka up nadingin Pasian’ Tapa kua ahi hiam
e125812	44.14.23	amaute in a up uh Pasian’ khut sungah
e125813	33.7.5	Na vengte’ thu up-in nei kei in la
e125814	2.19.9	nang zong hong up tawntung nadingun
e125815	49.1.13	tua Khazih na up khit uh ciangin
e125816	51.1.15	mai-ah zong ta Upa ahi hi
e125817	zd:16457	upadi lam zong na theih a kul ahi hi
e125818	zd:20550	upadi tawh kizui-in ding khawm dingin
e125819	27.6.15	Mediate leh Persiate’ upadi bangin
e125820	17.1.15	upadi tawh kizui-in bangci kihih ding ahi hiam
e125821	17.1.13	upadi siam a mi pilte thu dong hi
e125822	14.19.10	thupiakna, upadi ahih kei leh biakna ngeina kipte
e125823	17.1.19	Persia mite leh Media mite’ upadi sungah gelhsak in
e125824	zd:12470	Atanu a upapen kum 19 hi a
e125825	zd:12416	unau 5 lakah a upapen ahihi
e125826	zd:16914	muhtheih biakinn lak ah a upapen ahi hi
e125827	9.17.28	ama u a upapen Eliab in za hi
e125828	24.31.9	Efraim in ka tapa upapen ahi hi
e125829	16.10.36	i tapa upapente leh i bawngte’ tacilte
e125830	26.20.26	a tapa upapente uh zong biakna-in ka pia sak
e125831	zd:16420	pawlpi siate leh upate tawh va veh ung
e125832	zd:19335	Laitui khua upate tawh zong kimu ung
e125833	zd:12337	Gamlai upate zong thukim uh hi
e125834	4.11.30	Moses leh Israel upate giahphual ah
e125835	44.15.6	Sawltakte leh upate in tua thu vaihawm dingun
e125836	40.27.41	siampi liante, laitheite leh upate in
e125837	pk:143	a upen in aliangpak tang hi
e125838	zd:19232	Ka tapa upen in zi nei hi
e125839	zd:21780	Unau nga a phakna vuah a upen ahi hi
e125840	zd:25893	a ta upen a hih ban ah
e125841	9.17.13	Jessi’ tapa a upen thumte in galdona-ah Saul zui
e125842	9.17.28	ama u a upen Eliab in
e125843	zd:23603	Sen kumpi thugente bel uphuai maw
e125844	zd:12264	thulamdang, a uphuai lolo tampi piangden hi
e125845	zd:16997	tampi om kha ding in uphuai mahmah hi
e125846	54.1.15	a uphuai a sanhuai thu ahi hi
e125847	42.22.59	ci-in uphuaina tawh a ci hi
e125848	33.7.5	thu upin nei kei inla
e125849	42.12.30	Upkhialh lungsim nei kei un
e125850	58.6.11	a tawp dongin upkhialhna nei loin
e125851	59.1.6	upkhialhna a nei mi in
e125852	45.4.20	upkhialhna tawh Pasian’ thuciamna lungka loin
e125853	41.16.14	amaute’ upkhialhna leh lungkhauhna hangin a mawhsak hi
e125854	zd:22597	uplahna tampi om veve hi
e125855	zd:16897	Israel mite khialhna ahih kei leh uplahna hang ahi hi
e125856	zd:21796	Lungsim damlohna, uplahna, ki gualleh sakna te hemkhia in
e125857	40.21.21	Note in uplahna nei hetloin
e125858	41.11.23	na lungsim sung uhah uplahna om loin
e125859	58.3.12	mawh nopna uplahna lungsim tawh
e125860	zd:22683	na up le na uploh hong theisakkik in
e125861	zd:25462	upding le uploh ding khentat pan leng
e125862	zd:19938	Na uploh thu khat hong kigenleh
e125863	41.6.6	Amaute in amah a uploh manin
e125864	43.16.9	Amaute in kei hong uploh manun
e125865	43.10.37	na hong uploh mah ding uh ahi hi
e125866	58.4.11	a uploh manun Pasian’ tawlngakna munah a lut zawh loh
e125867	42.17.26	uploh hun khatin hong tung ding hi
e125868	40.24.50	a topa tung dingin a uploh ni hun khatpeuhin
e125869	60.1.5	i upmanin Pasian’ vangliatna in
e125870	pk:14	upmawh thu gen kei-in
e125871	pk:38	upmawh thu gen ihi hi
e125872	pk:39	upmawh thu genna ahi hi
e125873	pk:161	A hoih dinga ih upmawh khat, a hoih lote
e125874	zd:22683	I upmawh dan in hong piang kei
e125875	zd:24354	Kinaipen ding a ka upmawh hi ei
e125876	zd:20761	Mi pawlkhat in upmawh thu pen theihna sa kha uh hi
e125877	40.20.10	ci-a a ki-upmawh uh hangin
e125878	37.2.19	na upmawh zah sangun an na tawm zaw lai ding
e125879	44.25.18	ka upmawh bangin thusia a koih kei uh hi
e125880	40.24.44	note’ upmawh loh hun laitakin hong pai ding
e125881	42.12.46	ama upmawh loh ni, a theihkholh loh hunin
e125882	4.5.30	a zi a upmawh ciangin
e125883	4.5.14	a kininsak tawm a zi a upmawh leh
e125884	7.18.7	dai takin omin bangmah in a upmawh lohna
e125885	42.8.18	a neihsa a upmawh nangawn kilakhia ding hi
e125886	zd:22597	amawk kat hilo ding hi cih upmawhna nei uh hi
e125887	4.5.14	a pasal in upmawhna lungsim nei-in
e125888	4.5.30	pasal khat in upmawhna lungsim nei-in
e125889	4.5.25	upmawhna hanga an tawh biakna
e125890	4.5.30	upmawhna thute ah zat ding ngeina
e125891	4.5.15	cih leh tua in upmawhna hanga an tawh biakna
e125892	37.2.19	na upmawhzah sangun an na tawmzaw
e125893	pk:138	tung pahpah hi, cih upna nei uh hi
e125894	zd:23937	Tuamatengin upna tawh nungta ciat ni
e125895	ts:3366	Khanglui upna ah Misi Khua cihkhat om hi
e125896	53.2.13	thuman thutak na upna uh tawh
e125897	43.6.29	Pasian hong sawlpa upna in Pasian nasepna ahi hi
e125898	45.4.22	upna in ama tangding dikna-in a kiciamteh hi
e125899	zd:23761	khangnote ngaihsutna leh upnate
e125900	zd:21723	Bang hang in hibang upnate hong piang ahitam maw?
e125901	zd:22543	A kibang lo upnate
e125902	44.26.11	a thu upnate uh ka khawlsak hi
e125903	40.11.14	Tua thu kigensa na upnop uhleh
e125904	55.1.12	ka uppa ka thei a
e125905	44.15.33	thu uppih lawmte in lungdam takin
e125906	48.2.11	thu uppih mite lak mahah amah ka taii hi
e125907	60.2.17	thu uppih mite na it unla
e125908	53.3.15	thu uppih mi khat hihna tawh hilhbawl zaw un
e125909	52.5.26	Thu uppih mi khempeuh
e125910	52.4.9	thu uppih mite it ding tawh kisai-in
e125911	55.3.14	na theihsa na upsa thute ah kip
e125912	43.5.47	hong bangci uptheih mah ding na hi uh hiam
e125913	43.11.42	kei na hong sawlna thu a uptheih nadingun
e125914	43.19.35	na uptheih nadingun hih thupiang a mu pa in
e125915	43.6.30	Kote in mu-in ka hong uptheih nadingun
e125916	46.1.22	A uptheih nadingun Jew mite in nalamdang kal uh a
e125917	60.3.1	na gamtatna hangun Pasian thu a uptheih nadingun
e125918	43.9.36	Amah ka uptheih nadingin amah kua ahi hiam
e125919	43.14.29	ka thugente na uptheih nadingun
e125920	43.11.15	note in na uptheih nadingun
e125921	43.1.7	tua khuavak a uptheih nadingun
e125922	44.19.8	thu a upzawh nadingun nakpitakin a gen hi
e125923	1.15.7	Khaldea gam Ur khua panin
e125924	2.31.2	Hur’ tapa ahi Uri’ tapa Bezalel
e125925	zd:21125	Ama ut tawm thu hi
e125926	21.2.10	ka ut bang bangin omin ka gamta
e125927	2.10.11	tua pen nomau’ ut ahi hi
e125928	42.22.15	note tawh nekkhop ka ut mahmah hi
e125929	zd:20860	i ut bangbang i koih thei hi
e125930	46.4.8	note na maang takpi le-uh teh ka ut hi
e125931	40.17.4	buk thum ka hong lam ding na ut hiam
e125932	zd:16415	Siam ding na ut leh
e125933	zd:23037	Nang zong paimang na ut hiam
e125934	41.15.9	khah leeng na ut uh hiam
e125935	40.20.33	hong vaksak leteh ka ut uh hi
e125936	41.9.30	kuamah in a theih ding a ut kei hi
e125937	2.36.2	a ut mi peuhmah a sam hi
e125938	zd:25016	Mihingte ih utbang in agamta thei tek ding
e125939	zd:17067	Tua thukhun zuilo in utbang in ahawl
e125940	zd:11850	midang khat utbang in kogawp
e125941	27.11.28	A utbang peuhin gamta ding a
e125942	44.14.16	amau utbang ciatin hong gamtasak hi
e125943	26.20.32	note’ utbang hithei ngei lo ding hi
e125944	zd:19958	zusa utbangin gamta ziahziahmawk
e125945	zd:22116	Nanglenang na utbangin piangthei ding
e125946	zd:11710	mawtaw kikal khawngah utbangin taisak ziahziah uhhi
e125947	46.8.9	note’ utbangin gamtat theih nading
e125948	zd:25147	A ute in na hanciam uh a
e125949	zd:20936	na ute, na nulehpate, na khuapihte in thuak uh hi
e125950	44.3.17	Tu-in ute naute aw, note akipan no hong ukte in
e125951	44.15.23	Gentail ute naute kiangah itna lai tawh
e125952	52.5.25	ute naute aw, kote ading thu
e125953	59.1.16	Ka it ka ute ka naute aw
e125954	44.21.17	ute naute in lungdamna tawh hong tungsak uh hi
e125955	52.5.27	ute naute khempeuh kiangah na simsak nadingun
e125956	18.10.1	thu ka ut utin ka gen ding
e125957	18.30.11	amaute in a ut utin kei hong bawlsia uh hi
e125958	18.39.5	Kua in khahin a ut utin vaksak ahi hiam
e125959	1.2.16	Na ut utin huan sung singkung khempeuh na nethei
e125960	24.37.4	mi lakah ka ut utin ka vak kawikawi hi
e125961	4.15.39	note in utluatna tawh na zuih theihzel
e125962	zd:16897	Moses ama utna tawh khualzin hilo hi
e125963	zd:9136	a kiteng dingte gel' utna leh thukimna
e125964	zd:11761	Hih thu bel ka utna bek hi-in
e125965	13.29.9	utna lungsim tawh pia uh ahih manin
e125966	13.28.9	na lungsim khempeuh leh utna lungsim tawh
e125967	7.5.2	mite amau mahmah utna tawh kipia uh hi
e125968	19.107.30	amah in amaute’ utna khua-ah paipih hi
e125969	45.9.16	mite’ utna le sepna tawh kisai lo a
e125970	59.1.15	Lungsim utna a gol semsem ciangin mawhna hong piang
e125971	24.34.16	amau’ utna banga na khahkhiat sa uh sila
e125972	2.29.13	a sin tunga a utok le a kal nihte
e125973	2.29.22	a sin pan a utok, a kal nihte
e125974	pk:32	utong a zempha mahmah hi
e125975	zd:17536	numeikhat utong tawh vanleng tuansawm in kiphallo
e125976	zd:16194	Kawlte utong tawh kiciam teh uh aa
e125977	14.9.21	zawngmaw, le utong hong puak zel hi
e125978	11.10.22	zawngmaw, leh utongte hong puak zel hi
e125979	50.3.10	ka kibat ding ka utpi pen ahi hi
e125980	2.25.2	lungsim in a utsak mi peuhmah
e125981	57.1.14	nangma uttawmna tawh na sep
e125982	47.8.3	amau lungsimah a uttawmna uh tawh
e125983	zd:22922	Minam kician leh minam cingtaak a utte in
e125984	zd:24480	mi sawltak utte hi ding hi
e125985	20.17.19	Khialh ding a utte, lungkham ding a ut hi
e125986	19.70.4	Na hotkhiat ding a utte in
e125987	zd:14604	ama utthu tawh nasep khawlin
e125988	zd:18071	ka utthu a kangah hilo hi
e125989	ts:7676	utthu tawh kiteelthei lo hi
e125990	46.9.17	Keima utthu tawh a sem hi leng
e125991	43.7.17	keima utthu banga gen ka hi hiam
e125992	59.1.18	ama utthu tawh eite a hong piangsak tawm ahi hi
e125993	4.16.28	Hih nasep pen keima utthu ahih lohna
e125994	2.35.29	utthu-a biakna-in Topa’ tungah hong paipih uh hi
e125995	3.22.23	note in utthu-a biakna-in na pia thei ding uh hi
e125996	45.8.20	amau utthu tawh hi loin
e125997	43.10.18	keima utthu tawh ka piak hizaw hi
e125998	43.7.18	Ama utthu bang a hihpa in
e125999	43.12.49	keima utthu tawh thu a mawkgen ka hi kei
e126000	16.9.37	a ut utun hong hihsak uh a
e126001	17.9.5	amau a mudahte a ut utun hihgawp uh hi
e126002	18.30.11	amaute in a ut utun kei hong bawlsia uh hi
e126003	zd:16606	inn sungah a utut in om thei hi
e126004	zd:23653	a utut in gamta lel thei uh hi
e126005	zd:17990	a utut in pau ngam sem ngam uh hi
e126006	21.2.3	ka utut ka sep ding
e126007	43.12.6	a sumte gu-in a ututin a zang zel
e126008	45.9.21	a ututin seektheih nading thu a nei hi
e126009	26.26.12	na galte un a ututin zang ding uh hi
e126010	44.28.31	hangtakin a ututin genin a hilh hi
e126011	45.1.24	amau ututin a gamtat theih nadingun
e126012	27.11.16	a ututin a gamta ding uh hi
e126013	19.123.4	A ututin a gamta mite in kote a hong zahkona
e126014	44.28.16	ama ututna-ah a om theih nadingin
e126015	46.10.25	na ututun na nethei ding uh hi
e126016	26.22.29	khualna mel nei loin a ututun gamta uh hi
e126017	61.3.16	Lai Siangtho sung thu a ututun a kawihei uh
e126018	41.9.13	mi pawlkhatte in a ututun amah a bawl uh hi
e126019	40.17.12	a ututun a bawl uh hi
e126020	26.23.8	numei paktatte bangin bawlin a ututun hih uh hi
e126021	43.10.9	a ututun sungtumin pusuakin
e126022	49.4.19	a ututun a kilawm lopipi-in gamta uh hi
e126023	zd:22803	Siavuan leh Engineer koi na utzaw
e126024	zd:16379	ka khetawh lam ka pai ding ka utzaw a
e126025	23.65.12	man’ loh ding mah na utzaw uh a
e126026	26.20.16	milim biak ding utzaw uh ahihna hang ahi hi
e126027	28.4.18	Minphat ding sangin minsiat ding utzaw uh hi
e126028	43.12.43	mite’ pahtak ding utzaw uh ahih manin
e126029	18.7.15	gui-awk ding ka utzaw a
e126030	47.12.9	ka thanemna hangin ka kisaktheih zawk nading ka utzaw hi
e126031	58.11.25	Pasian’ mite tawh gimna thuakkhawm ding a utzaw hi
e126032	zd:17466	a pa in limsuaih uuk cih a theih ciangin
e126033	zd:20920	ka neu tunga kipan ka uuk leh nuam ka sak mahmah khat
e126034	zd:23191	kimawl a uuk mi
e126035	28.4.17	milim biak uuk lua uh a
e126036	19.68.30	gal a uuk mite, thehthang gawp in
e126037	14.26.10	lei nasep uuk ahih manin
e126038	19.10.2	mizawngte uuk delh uh hi
e126039	28.4.17	milim biak uuklua uh a
e126040	zd:23148	a tapa computer uukna amuhtak teh
e126041	ts:12519	mimal utna leh uukna zui a kisem
e126042	56.3.3	gualnop uukna’ sila i hi a
e126043	44.19.26	mi tampi zol a, a uuksak cih na mu uh
e126044	zd:25173	ko unau putu teng in ka uum phei pahlian uh hi
e126045	58.12.1	teci pan’nate in ei hong uum ahih ciangin
e126046	58.11.30	ni sagih tawntung uum-in a kimkot khit uh ciangin
e126047	5.1.28	a khuapite lianin van banin ki-uum hi
e126048	41.9.14	mi tampite in amaute uum uh a
e126049	40.8.18	Mihonpi in amah a uum Zeisu in a muh ciangin
e126050	41.12.1	gawlin uum a, leenggah cil nading to a
e126051	5.3.5	Kulhpi a, ki-uum lo khuaneu tampite sim loh
e126052	24.5.17	Na muan’ mahmah kulhpi tawh a ki-uum na khuapite uh
e126053	44.17.5	Jason’ innah a uumcip uh a
e126054	42.21.20	Jerusalem khuapi galkapte in a uumcip
e126055	42.19.43	na kimkot ah kan bawlin hong uumcip a
e126056	4.13.28	kulh tawh ki-uumin lian mahmah hi
e126057	44.25.7	Judah mite in amah uumin
e126058	24.25.20	Uz gam sunga kumpite khempeuh
e126059	16.3.25	Uzai’ tapa Palal in a Kiu gal san teng
e126060	zd:21070	kei sang in bel uzaw pek hi
e126061	zd:16640	Minam liante lakah uzaw kizahtakna thupi mahmah hi
e126062	1.29.16	A uzaw’ min Leah hi a
e126063	42.15.25	a tapa uzaw pen lo kuan hi a
e126064	45.9.12	A ta uzaw in a ta nauzaw’ na sem ding hi
e126065	9.18.17	ka tanu uzaw Merab om hi
e126066	54.5.2	Nang sangin a uzaw numeite na nu bangin
e126067	45.9.12	a uzaw in a nauzaw’ na sem ding hi
e126068	13.13.11	Uzza tungah Topa hehin daan pia
e126069	13.11.44	Ashterath khuami Uzzia, Aroer khuami Hotham’ tapate
e126070	zd:26788	sang ka va kah hi
e126071	zd:17838	A tunu in va en zel a
e126072	19.132.7	Ama omna mun-ah va pai ni
e126073	18.12.7	gamsate va dong un, hong hilh ding uh hi
e126074	43.11.29	Zeisu va dawn hi
e126075	19.147.9	a ham va-aknote an a vak hi
e126076	11.17.6	va-akte in ama kiangah zingsangin anlum
e126077	11.17.4	hong vaak dingin va-akte thu ka pia zo hi
e126078	23.34.11	keising le va-akte om ding uh hi
e126079	42.12.24	va-akte na lungngai un
e126080	18.38.41	va-akte gilkialin leeng kawikawi-in
e126081	18.38.41	tua va-akte an a piapa in kua ahi hiam
e126082	zd:23037	An a vaak zawh ciang ciahsak hi
e126083	zd:19166	ahong paiteng khempeuh moh leh niangtui tawh ki vaak hi
e126084	zd:11135	anthak tawh khangthak te vaak ding kisam hi
e126085	49.5.29	Khazih in pawlpi a vaak a kep mah bangin
e126086	45.12.20	a gil a kial leh, an na vaak in
e126087	10.19.33	kei tawh om in, nang kong vaak ding hi
e126088	44.13.18	naungeek bangin kemin a vaak hi
e126089	44.7.21	ama ta bangin a vaak a khoi hi
e126090	59.5.5	na lungsim uh na vaak thau zo uh hi
e126091	1.45.11	tua lai-ah nang kong vaak ding hi
e126092	11.18.4	amaute an leh tui tawh vaak hi
e126093	10.20.3	inn khat sungah amaute koih a, amaute vaak hi
e126094	1.36.7	a omna uh leitang in amaute vaak zo lo hi
e126095	3.25.35	note in amah na vaak ding uh hi
e126096	44.20.34	keimah leh keimah tawh a omkhawmte hong vaak
e126097	zd:24119	Khua a vaak ciang ozone pen lei tawh kinai om nawn lo
e126098	19.18.28	nangmah in keima mei na vaak a
e126099	15.9.8	ka mit uh hong vaak sak kikin
e126100	40.5.15	a kho sangah a vaak uh hi
e126101	40.6.22	na pumpi zong a vaak kim ding hi
e126102	zd:17481	vaakin sang hoih ah a kah sak hi
e126103	45.15.25	misiangthote vaakin Jerusalem khuapi-ah ka pai ding hi
e126104	zd:21886	zi le tate vaakna ding tawh kibuaisak in
e126105	zd:21948	Manna tawh Pasian vaakna ngah khin uh hi
e126106	45.15.30	Jerusalem khuapi-ah keimah in an vaakna ka sep ding
e126107	11.18.13	an leh tui tawh ka vaakna thu
e126108	40.5.6	amau in vaakna a ngah ding uh hi
e126109	19.136.25	nuntakna a nei khempeuh a vaakpa tungah
e126110	19.18.28	ka khuamial na vaaksak hi
e126111	19.19.8	thupiakna siang a, mitte vaaksak hi
e126112	10.22.29	ka Pasian in ka khuamial vaaksak hi
e126113	4.14.38	gam vaan dingin a pai mite
e126114	4.13.21	Rehob mun dong gam vaan uh hi
e126115	4.13.2	Kanaan leitang a vaan dingin mi sawl in
e126116	4.13.16	gam vaan dinga Moses in a sawl mite’ min
e126117	4.13.17	Moses in Kanaan gam vaan dingin amaute sawl a
e126118	4.14.7	A vaan dingin kote ka va painasa uh leitang
e126119	4.14.34	Na gam vaan sung uh ni phazah
e126120	zd:18097	E.L Bethel Publication Board in a vaan uh hi
e126121	zd:26097	Innvai lovaite baihtak in vaan ziauziau zo lel hi
e126122	zd:10861	Tedim leh Tonzang Myone MP tengin hong vaan un
e126123	4.3.32	biakinn a en mite’ nasepna vaan ding hi
e126124	14.34.10	inn a vaan nasemte tungah tua sum pia uh hi
e126125	14.2.18	mite’ nasep a vaan dingin tulthum leh zaguk seh
e126126	14.2.2	tuate a vaan dingin mi tulthum leh zaguk seh hi
e126127	15.3.8	biakna nasepte a vaan dingin seh uh hi
e126128	4.3.8	nazat khempeuh vaan ding uh a
e126129	27.11.4	ama vangliatna zah vaang a nei zo kei
e126130	23.36.5	galdo nadingin vaihawmna leh vaang-in
e126131	5.19.5	a khut tawh a hei vaanin
e126132	5.19.4	sing a phuk dingin a khut tawh a hei vaanin
e126133	44.13.16	a khut vaanin thu a hilh
e126134	4.18.4	kikhopna buk vaanin puanbuk nasep khempeuh
e126135	4.13.25	gam vaanna panin amaute hong ciahkik
e126136	16.11.22	Pasian’ inn nasepna a vaanpa in
e126137	4.13.32	amau’ vaansa gam thu Israel mite
e126138	14.34.17	nasep vaante leh nasemte tungah pia uh hi
e126139	4.14.6	Gam vaante lakah a kihel
e126140	zd:22868	a vekpi un a gil vah dong
e126141	zd:24130	gil zong vah hi
e126142	zd:19441	Kial leh semzolo, vah lelah semnuamlo
e126143	20.13.25	a kham ding nei-in a gil vah a
e126144	50.4.12	ka vah a ka kial zongin
e126145	23.44.16	amah in sa hang-in a gil vah hi
e126146	28.13.6	na gil uh a vah ciangin
e126147	5.11.15	note in zong ne-in na gil uh vah ding hi
e126148	42.6.21	nidang ciangin na gil uh a vah ding hi
e126149	18.38.39	a note’ gilkialna vahsak thei na hi hiam
e126150	16.9.15	gilkialna uh a vahsak dingin vantung panin an na pia
e126151	zd:22034	Vasa lakah vahui ham zaknop pen a
e126152	22.6.9	amah in vahui bangin it-huai hi
e126153	22.5.12	luitui luang gei-a a om vahuite tawh kibang
e126154	26.41.12	a vai tong sawmsagih hi a
e126155	14.3.8	a vai in tong sawmnih mah ahi hi
e126156	2.27.13	buk tual a vai in tong sawmnga
e126157	26.42.2	a vai tong sawmnga ahi hi
e126158	2.25.23	a dung tong nih, a vai tong khat
e126159	pk:107	Sang vai hi lo a
e126160	zd:25016	Federal Army vai gamla mahmah lai hi
e126161	zd:24119	A tate tute' sang vai geelpih hi
e126162	27.4.17	Sangpen Pasian in mite’ kumpi gamah vai a hawm hi
e126163	43.3.25	biakna vai-in kisian’ suahna tawh kizomin
e126164	10.17.23	amah in a innkuan vai hawmsak a
e126165	9.9.8	i vai hong gen nadingin Pasian’ mipa kiangah
e126166	14.6.39	amau’ vai huhin
e126167	11.8.59	ama mi Israel’ vai hong huh hen
e126168	11.8.45	hong thuumna za-in amau’ vai huh in
e126169	12.20.1	Na innkuan vai ding hawm in
e126170	42.15.25	vaiciah inn hong tun kuan ciangin
e126171	zd:21421	Ama'n zong nakpi tak in hahkat tak in hong vaihawm hi
e126172	1.41.34	Faro in gamsungah vaihawm ulian seh in la
e126173	56.1.5	Krete gamah a kisam lai nate vaihawm kikin
e126174	44.18.15	no na vaihawm ding uh hi
e126175	1.30.30	cik ciangin ke’n vaihawm ding ka hi hiam
e126176	23.58.7	mi zawngte a buk nading vaihawm sakin
e126177	pk:132	nopna, dahna hun khempeuh ah vaihawm nuam mahmah hi
e126178	pk:133	Thalloh pa tawh vaihawm khawm uh hi
e126179	zd:20730	Movie en dingin hong vaihawm uh hi
e126180	zd:25139	Mite siatna ding vaihawm lo ding
e126181	zd:19124	Federal Democracy tawh kalsuan dingin hong vaihawm hi
e126182	42.22.8	eite’ Paisan Pawi annek ding va vaihawm un
e126183	1.23.2	a vui nading vaihawm hi
e126184	11.4.27	annek tuidawn vaihawm uh a
e126185	11.1.5	ama mai-ah a tai ding mihing sawmnga vaihawm hi
e126186	1.37.18	amah thah ding na vaihawm uh hi
e126187	40.28.12	a vaihawm khit uh ciangin galkapte dangka tampi
e126188	44.15.6	tua thu vaihawm dingun a kikhawm uh hi
e126189	zd:23975	I vaihawm theih bangin vaihawmin
e126190	zd:15384	Mawk vaihawmin mawksep hetlo hi
e126191	zd:21605	leitungbup huamin thu le la vaihawmin kalsuanloh phamawh ta hi
e126192	47.12.16	sum tamzaw ka ngah nading a vaihawmin
e126193	19.21.11	Nangma langah siatna ding vaihawmin
e126194	34.1.11	gitlohna tawh thu vaihawmin
e126195	47.8.19	hih bangin mi huh nading vaihawmin
e126196	13.12.39	amaute a dingin na vaihawmkhol uh ahih manin
e126197	zd:10983	maban thupite vaihawmna leh khensatna kibawl hi
e126198	zd:12177	Singlamteh pen Pasian vaihawmna ahi hi
e126199	zd:11078	Malacca State ii vaihawmna pen ettehhuai mahmah hi
e126200	44.6.12	a mat khit uh ciangin vaihawmna-ah a paipih uh hi
e126201	44.5.41	upa vaihawmna pan a paikhia uh hi
e126202	44.5.34	Farisai khat in vaihawmna lakah ding-a
e126203	23.36.5	Kampau lel pen galdo nadingin vaihawmna leh vaang-in
e126204	23.29.15	ama’ thu vaihawmna a seel cip
e126205	44.5.38	Mihingte’ bawltawm vaihawmna ahihleh
e126206	44.9.24	Amau vaihawmna thu Saul in a thei hi
e126207	18.10.3	migilote’ vaihawmna pan’pihin
e126208	1.27.42	nangmah thah ding vaihawmna tawh amah kihehnem hi
e126209	16.4.8	amaute kipawlin vaihawmna khat nei uh hi
e126210	19.64.2	thusia bawlte’ vaihawmna
e126211	33.6.5	note suk nading a vaihawmna teng
e126212	zd:13144	a innkuante' vaihawmnate khempeuh
e126213	zd:12373	i sep i bawlna leh i vaihawmnate panin
e126214	23.30.28	amau’ gitloh vaihawmnate a suksiatsak hi
e126215	54.1.4	upna tawh i ngahtheih Pasian’ vaihawmnate tangtungsak loin
e126216	18.15.8	Pasian’ vaihawmnate a zasimin kingaihsun na hi hiam
e126217	23.59.5	na vaihawmnate uh maimom khau puan tawh
e126218	23.59.6	Na vaihawmnate uh tua maimom khau puan bangin
e126219	43.18.14	Judah mite tawh a vaihawmpa ahi hi
e126220	10.21.5	hong netumin suksiat ding a vaihawmpa
e126221	27.6.4	vaihawmpi dangte leh gam ukpi teng in
e126222	27.6.2	tua gam ukpite tunga vaihawmpi ding
e126223	27.6.3	gam ukpi dangte leh vaihawmpi dangte sangin
e126224	44.12.20	mangpa’ thu vaihawmpipa Blatas amau lawma
e126225	27.6.7	gam sung nasem ko vaihawmpite, gam ukpite
e126226	14.23.18	David in a vaihawmsa Levi siampite
e126227	13.29.19	keimah in ka vaihawmsa inn lianpi
e126228	pk:133	a puah zawh kei leh, vaihawmsak hi
e126229	zd:20169	Tua te aa ding-in om na ding ka vaihawmsak ding hi
e126230	zd:21121	a nu adingin vaihawmsak lailai hi
e126231	zd:19960	belhbuk Shelters honkhatzong ki vaihawmsak hi
e126232	42.9.52	Jesuh a dingin a kisam khempeuh a vaihawmsak dingin
e126233	20.31.15	a nasem numeite’ sep ding teng vaihawmsak hi
e126234	41.10.36	Bang kong vaihawmsak ding deih na hi uh hiam
e126235	11.4.7	a innkuan a dingin annek tuidawn vaihawmsak uh hi
e126236	58.11.40	eite a dingin a hoihzaw-in thu hong vaihawmsak a
e126237	58.10.5	pumpi khat nong vaihawmsak hi
e126238	58.11.16	amaute a dingin khuapi khat na vaihawmsak ahih manin
e126239	zd:11450	Airport Police te vaihawmsakna tawh Putrajaya Hospital kipuak
e126240	zd:17760	Sen te' vaihawmsakna tawh
e126241	zd:24331	Tua bang huhna, vaihawmsakna hong pia ngei khat
e126242	16.13.7	inndei khat a vaihawmsakna thu
e126243	41.10.40	Pasian in a vaihawmsaksate a’ ding ahi hi
e126244	45.15.26	amau thu-in a vaihawmtawm uh hi
e126245	11.12.16	Rehoboam in ama a’ ding vaihawmtawm ta hen
e126246	zd:9426	pawl sung vaihawmte in mipi phattuam nading a theihcet uh kisam hi
e126247	zd:20584	Kam Hau hun sunga upa vaihawmte
e126248	44.5.27	upa vaihawmte mai-ah a koih uh a
e126249	42.23.50	upa vaihawmte laka khat
e126250	41.15.43	ulian vaihawmte lakah a kihel
e126251	41.15.1	upate, laitheite leh vaihawmte khempeuh tawh
e126252	43.7.48	Upa vaihawmte lakah ahi zongin, Farisaite lakah ahi zongin
e126253	43.7.26	upa vaihawmte in a thei takpi uh hiam
e126254	20.8.16	keima huhna bek tawh vaihawmzo uh hi
e126255	zd:21140	Khris adinga nungta dingin hong vaikhak hi
e126256	zd:15331	Na muh thute uh hong puak un ci-in vaikhak hi
e126257	zd:24029	Na kiho inla limtak vaikhak in
e126258	43.8.5	Moses in thu hong vaikhak hi
e126259	44.1.1	sawltakte Kha Siangtho tawh a vaikhak khit ciangin
e126260	40.11.1	tua bangin a vaikhak khit ciangin
e126261	41.11.6	Zeisu in a vaikhak bangin a gen uh a
e126262	56.1.5	Keimah in nang kong vaikhak mah bangin
e126263	46.16.1	Galati gam pawlpite ka vaikhak mah bangin
e126264	58.11.22	ama guhte tawh kisai thu a vaikhak hi
e126265	44.23.22	ci-in a vaikhak khit ciangin a ciahsak hi
e126266	41.13.34	ci-in a vaikhak mah bangin, na ngak un
e126267	54.5.7	mawhsakna tawh a kipelh nadingun hih thute vaikhak in
e126268	zd:12196	Athokik Zeisu in vaikhak khat hongnei hi
e126269	zd:21311	Hun nunung a Zeisu' kam vaikhak
e126270	44.23.31	galkap mangpa’ vaikhak bangin galkapte in
e126271	41.11.6	Jesuh’ vaikhak thuteng gen uh a
e126272	40.2.9	kumpipa’ vaikhak thuteng a zak khit uh ciangin
e126273	44.17.15	Paul’ kam vaikhak thu a hong pua uh hi
e126274	40.21.6	Zeisu’ vaikhak bangin a pai uh a
e126275	24.38.14	kamsangpa Jeremiah a vaikhak a
e126276	1.38.25	a teekpa kiangah kam vaikhak a
e126277	24.9.17	a kahsiam tata vaikhak un
e126278	24.25.9	Babilon kumpipa Nebukhadzezzar ka vaikhak ding a
e126279	44.16.23	thong ukpa vaikhakin thong sungah a khum uh hi
e126280	19.107.20	ama’ thu vaikhakin, amaute dam sak a
e126281	11.19.20	Ka nu leh ka pa kam vaikhakin
e126282	zd:22883	A vaikhakna om mah bangin
e126283	44.9.2	vaikhakna lai piak nading siampi ukpa kiangah a ngen
e126284	44.17.15	pai nading vaikhakna thu a ngah khit uh ciangin
e126285	44.22.10	na nasep ding vaikhakna thu khempeuh hong kihilh ding hi
e126286	44.16.24	tua banga vaikhakna thu a ngah khit ciangin
e126287	24.38.27	kumpipa’ vaikhakna bangin a dawng kik hi
e126288	10.18.5	galkapmangte tungah a vaikhakna mi khempeuh in za uh hi
e126289	64.1.9	Pawlpi kiangah vaikhakna lai gelhin ka pia zo hi
e126290	58.11.22	bawl nading zia a vaikhaknate zong
e126291	43.20.18	hih a kam vaikhakte zong a zasak hi
e126292	2.27.13	buktual a vailam pi sawmsagih le nga
e126293	26.41.14	biakinn mailam a vailam zong
e126294	2.27.12	Nitumna lam pangah buktual a vailam a dingin
e126295	2.38.18	a vailam pi sagih le alang sang hi
e126296	27.3.1	a vailam pi kua a gol kham milim
e126297	zd:22910	Nuntakna vaite khempeuh ah lungkimna
e126298	zd:25194	Pasian kiang mah ah i vaite ap ni
e126299	zd:25177	Eima tualsung vaite kin ngaihsut mahmah tek ni
e126300	55.2.4	hih leitung vaite tawh a kikai-awk sak kei hi
e126301	13.26.32	kumpipa’ vaite ah
e126302	46.13.11	naupang vaite ka zang nawn kei hi
e126303	24.4.11	an vaite zapsiang dinga a nung huih
e126304	2.26.8	a vaitong li ciat hi ding hi
e126305	2.26.8	a dung tong sawmthum, a vaitong li ciat
e126306	zd:19822	Ei ading zingkhua hong vak ding hi
e126307	7.19.26	Zingsang khua hong vak ciangin
e126308	9.29.10	khua a vak phetin kihemkhia un
e126309	1.44.3	Zingsang khua a vak phetin
e126310	44.12.7	thong sung khempeuh khua a vak hi
e126311	61.1.19	zingsol suak a, khua hong vak dongin
e126312	44.27.39	Khua a vak ciangin
e126313		mai na vak in
e126314	18.3.9	A vak ngei lo ding khuavak
e126315	42.11.33	mei a vak khit uh ciangin
e126316	43.9.10	na mittang bangci-a hong vak ahi hiam
e126317	1.3.5	na mitte uh hong vak ding a
e126318	40.9.29	amau mit uh a vak hi
e126319		na mit hong vak ding hi
e126320	49.1.19	na pilna mittang uh a vak nadingin
e126321	42.11.34	Na mit a vak leh
e126322	19.13.3	ka mitte hong vak sak in
e126323	9.26.20	mual tungah vaka a bengpa bangin
e126324	9.26.20	mualtungah vaka a beng pa bangin
e126325	3.11.17	keising, tuimu, gun vakang
e126326	zd:24072	Gul bangin pilin, vakhu bangin migi in
e126327	zd:25947	vakhu bangin Pasian' Kha Siangtho hong kum sukin
e126328	zd:19772	vakhu in thu ummite siangthona leh kilemna genna in zong kizang hi
e126329	1.8.8	amah in vakhu khat khah hi
e126330	22.2.12	gam sung tengah vakhu hamte kiza ta hi
e126331	3.14.22	kawl vakhu no nih ahi zongin
e126332	3.14.22	kawl vakhuno nih ahi zongin
e126333	3.12.6	kawl vakhuno khat ahi a, vakhu khat ahi zongin
e126334	3.1.14	kawl vakhuno tawh a hi zongin
e126335	43.2.14	vakhute a zuakte leh sumkheekte
e126336	23.60.8	vakhute a buk-ah a leeng bangin
e126337	43.2.16	Na kawl vakhute uh hih lai panin paikhiatpih un
e126338	26.34.23	hoih takin an vakin kem ding hi
e126339	26.18.7	Gilkialte an vakin, puan nei lote puan guan hi
e126340	23.60.16	kumpite in nang hong vakin hong kem ding uh
e126341	66.12.6	vakin a kikhoi nadingin
e126342	42.11.24	mun keuna-ah vakin khawl nading a zong
e126343	40.12.43	mun keuna ah vakin khawl nading a zong hi
e126344	42.15.8	meivak vakin a muh matengin
e126345	42.15.8	Meivak vakin, a innsung teng phiatin
e126346	18.7.4	Cik ciangin khua hong vakin zing ka tho tam
e126347	42.12.35	na mei uh vakin a kigingsa-in om unla
e126348	zd:23727	Dam na kisak keileh vakkhia kei in
e126349	zd:23649	Khua sungah zong a vakkhia mi tawm mahmah
e126350	zd:17409	khuavak phetin vakkhia hi
e126351	25.4.18	kongzing lakah ka vakkhia ngam kei uh hi
e126352	16.2.12	zanin vakkhia-in mi tawmkhat ka tonpih hi
e126353	24.14.10	kei kiang panin vakkhia kawikawi nuam uh a
e126354	zd:14992	na vakkhiat ma limtak ciamteh phot in
e126355	zd:11891	TV et ding hun leh vakkhiat hun ding
e126356	zd:11405	Tuas vengsung ah kuamah vakkhiat lohding
e126357	19.104.20	ganhing khempeuh a vakkhiat hun in zan
e126358	2.21.19	ama ciangkhut tawh a vakkhiatkik zawh nakleh
e126359	42.11.33	Kuamah in meivak a vakkhit ciangin
e126360	26.34.6	mual sang tung khempeuhah vakmang uh hi
e126361	54.5.13	a vakmawk uh tawh maisak loin
e126362	2.16.32	gamlakah note kong vakna an
e126363	11.18.13	amaute anletui tawh ka vakna thu
e126364	42.5.29	ama inn-ah Jesuh vakna annek pawipi bawl a
e126365	44.27.3	an vakna a ngah theih nadingin
e126366	47.9.1	Misiangthote’ vakna thu note kiangah kong gelh
e126367	47.8.4	misiangthote’ vakna huhna a nasep theih nading uh
e126368	4.4.9	Mei vakna meivak khuam pen
e126369	4.4.9	Mei vakna meikhuam pen, a meivakte
e126370	24.52.19	belte, khuaimeivak vakna khuamte, sikkeute
e126371	8.4.15	na khanghamna-ah hong vakpa hi ding hi
e126372	zd:19826	A mawtaw uh tawh hong vakpih in
e126373	zd:15790	Motorcycle tawh kizui ngalhngalh in vakpih uhhi
e126374	zd:19814	hong vakpih dingin hong kithawisak uh hi
e126375	26.37.2	Tua guhte lakah hong vakpih kawikawi a
e126376	42.12.35	meivak vaksa-in na om un
e126377	zd:24149	Hih pen i mit hong vaksak
e126378	zd:17152	na lung uh hong vaksak tuam mahmah ding hi
e126379	zd:23338	hoihtakin i mitte vaksak in
e126380	1.1.15	leitung khua a vaksak dingin vantungah
e126381	43.1.9	leitung a, piang mi khempeuh a vaksak hi
e126382	10.22.29	Ka Pasian in ka khuamial vaksak hi
e126383	19.119.130	Na thute gentelna in khua vaksak a
e126384	2.25.37	ama’ omna mai teng khua a vaksak dingin
e126385	19.18.28	Nangmah in keima mei nong vaksak a
e126386	43.9.30	Ka mittang hong vaksak hi napi-in
e126387	15.9.8	ka mit uh hong vaksakkikin ka salsuahna uhah
e126388	43.9.17	Na mit hong vaksakpa kua tawh kibang
e126389	zd:24283	vaksuk vaktoh na te hongkiam ding hi
e126390	zd:22967	ih vaksuk ih vaktohna ah sum tampi pua kei ni
e126391	ts:7424	mipite vaksuk vakto bek tham loin
e126392	3.19.16	mi gensia-in vaksuk vakto loin
e126393	6.18.4	amaute va kuankhia-in vaksuk vakto-in
e126394	6.18.8	vaksuk vakto-in leitang ciamtehna hong gelh un
e126395	19.121.8	na vaksuk na vaktohna-ah nang hong kem ding hi
e126396	23.37.28	Na omna mun, na vaksuk na vaktohna
e126397	zd:18071	Mi vakthap mawkmawk hilo a
e126398	zd:24130	Nasep thadah a vakthap mi an vak kei in
e126399	19.55.7	Gamla pekah ka vakthap ding a
e126400	53.3.11	a vakthap mi kimkhat a om hi
e126401	ts:7424	mipite vaksuk vakto bek tham loin
e126402	ts:3882	A vak suk vakto zong om nawnlo
e126403	6.18.8	Vaksuk vakto-in leitang ciamtehna hong gelh un
e126404	6.18.4	va kuankhia-in vaksuk vakto-in
e126405	zd:22967	ih vaksuk ih vaktohna ah sum tampi pua kei ni
e126406	zd:22938	Vaksuk vaktohna ah zong kidawmin
e126407	ts:2097	tualsung mite' omna vaksuk vaktohna mun khawngah
e126408	23.37.28	na vaksuk na vaktohna le keima tungah
e126409	zd:21670	a vakvai te khempeuh mihau suakthei zen uh a
e126410	zd:24963	gammual ah, vakvai a i om lai
e126411	1.4.12	leitunga a vakvai na hi ding hi
e126412	1.4.14	leitungah a vakvai ka hi ding a
e126413	28.9.17	Minam dangte lakah a vakvai mite suak ding uh
e126414	12.21.7	Israelte mi vakvai ka hi sak nawn kei ding
e126415	19.107.40	lampi om lohna gam sungah amaute a vakvaisak hi
e126416	18.12.24	lampi om lohna gamlakah vakvaisak hi
e126417	20.5.16	Pasal dang tawh va vakzau-in kongzing lakah
e126418	49.5.29	hoihtakin kemin a vakzaw hi
e126419	zd:22695	innkuan khat vakzo hi
e126420	zd:24502	ken nuamtakin vakzo ding cih ngimna ahihi
e126421	zd:16337	nanglenang naki vakzo hia
e126422	27.4.21	leitung bup a vakzo ding gah
e126423	zd:24234	Step 800 val pha hi
e126424	zd:21042	Kikhawm mi 40,000 val phaden ci hi
e126425	zd:26566	a ten zawh uh kum 200 val khin zo hi
e126426	5.25.3	ahih hangin tua val hi lo ding hi
e126427	44.23.13	sawmli val pha hi
e126428	2.36.7	kicing a, val zaw lai hi
e126429	2.36.5	a kicing ding zah val tampi
e126430	12.4.44	kamgen bangin pawlkhat val lai hi
e126431	42.9.17	a val a neng a themte a tawm uh a
e126432	2.16.18	a tam a kaikhawmpa aa dim val lo a
e126433	4.3.49	Levi mite banah a val lai mite tung panin
e126434	zd:20973	Zusa khat in diamond khat valh kha-in
e126435	zd:24014	I kam sung pan gil sung ah valh lehang
e126436	zd:9429	Ngasa in valh hi
e126437	66.12.16	a kam ka-in a valh hi
e126438	40.23.24	saipi na valh uh hi
e126439	4.26.10	Korah tawh amaute valh tum a
e126440	66.20.9	vantung panin mei kia-in tua mite a valh hi
e126441	1.41.24	a vui hoih sagihte valh tum hi
e126442	24.51.34	gulpi bangin hong nawm valh hi
e126443	44.8.23	mawhna in hong valhcip mi khat
e126444	zd:25016	kihei khial leng ong ki valhtum ziau ding hi
e126445	zd:10874	Mite' valhtum ding a ut ngiatlo
e126446	2.7.12	Aaron’ ciangkhut in amau’ ciangkhutte a valhtum hi
e126447	10.20.19	Bang hangin Topa’ gamhluah valhtum ding na hi hiam
e126448	4.16.34	Leitang in hong valhtum kha in teh
e126449	27.7.23	Amah in leitung buppi valhtum ding a
e126450	3.26.38	na galte uh’ leitang in note hong valhtum ding hi
e126451	4.13.32	a tunga teeng mite a valhtum thei ding gam
e126452	4.16.30	neih khempeuh tawh hih mite valhtumin
e126453	24.51.34	Jerusalem khua hong valhtumin, hong sukham gawp hi
e126454	zd:19858	mi 7000 valin facebook live pan en uh hi
e126455	zd:20699	kampau nam 30 valin kiletkhia kik hi
e126456	zd:24276	sagui 15 valin thakhat in nasem hi
e126457	40.5.41	a valin tai khat sung mah na puaksak lai
e126458	45.12.3	a kituakzah valin kilian ngaihsutzaw kha kei un
e126459	47.12.6	banah a valin hong thupi ngaihsutkhak ding uh
e126460	2.26.12	Puanbuk puan a valkhia, puan a lang
e126461	45.13.4	a valkhong a, namsau tawi ahi kei hi
e126462	54.4.14	nangma hihtheih siamnate na valkhongsak kei in
e126463	51.4.5	na ngah khempeuh uh na valkhongsak ngei kei un
e126464	12.4.44	gensa bangin pawlkhat a vallai hi
e126465	14.31.10	a kicing nei-in tampi vallai hi
e126466	3.10.12	a vallai ahi an tawh biakna la unla
e126467	3.9.9	a si vallai teng a sungkhia hi
e126468	4.3.49	a vallai mite tung panin kitatkhiatna sum la a
e126469	40.15.6	Pasian’ thukham na valmawk sak uh hi
e126470	43.6.12	bangmah mawk valsak kei ni
e126471	41.7.13	Pasian thu na mawk valsak uh hi
e126472	zd:14790	Mi 50000 valte in tuinek ding tuisiangtho kisam uh a
e126473	zd:25265	mi 100 valte pahtawina kipia hi
e126474	zd:22704	Nasem mi 500 valte
e126475	46.15.6	Tua mi zanga valte, pawlkhat a sih
e126476	3.2.10	An tawh biakna a valteng pen
e126477	3.2.10	a valteng pen Aaron le a tapate a’ ding
e126478	27.7.7	a nek valteng a khe tawh a tuancilgawp hi
e126479	45.12.3	kingaihsut ding zah valun kithupi ngaihsut kei un
e126480	2.36.7	kicing a, valzaw lai hi
e126481	2.16.13	Nitak ciangin vamimte hong tungin giahphual tuam
e126482	4.11.31	tuipi panin vamimte hong puak a
e126483	4.11.32	mite ding-in vamimte khawm uh hi
e126484	19.105.40	vamimte leh vantung panin anlum tampi a pia hi
e126485	pk:13	van ah aksi a om hi
e126486	zd:25109	van lam gal khempeuh
e126487	19.36.5	na itna kip in van ban a
e126488	19.29.1	Topa aa ci un, van mite aw
e126489	19.78.69	van sangpi bangin, ama biakinn a lam hi
e126490	1.1.6	tua van kuumpi in tui leh tui kikhensak hen
e126491	44.2.19	Van nuai leitungah lim ka lak ding hi
e126492	19.115.15	Van leh lei a bawl Topa
e126493	19.148.4	Van sangpente leh vante tunga om tuite aw
e126494	34.3.16	Van-a aksi sangin a tam zaw-in
e126495	18.38.29	kua’ sung panin vana vukte hong suak
e126496	16.9.23	amau’ suanlekhakte vana aksi zahin simzawh lohin na tamsak
e126497	18.38.37	vana tuibemte a hong dingin kua in pilna nei
e126498	24.4.25	vana vasate zong a leengmang khin uh hi
e126499	58.11.12	vana aksi zah leh tuipi gei-a sehnel zahin
e126500	1.26.4	Na suanlekhakte vana aksi bangin tampi ka phasak ding a
e126501	42.13.19	vana vasate in a hiangah a tuang thei uh
e126502	zd:15294	Tua ciangin vanah lim lamdang lian khat hong kilang hi
e126503	zd:23828	vanah na thaman ding tam zawlai ding
e126504	41.13.25	vanah a om vangliatnate a kiliing ding
e126505	66.12.3	lim lamdang adang khat mah vanah hong kilang leuleu
e126506	18.37.3	Amah in vanah khua phiasak a
e126507	26.8.3	Pasian’ Kha in vanah hong leen’pih to-in
e126508	66.12.4	A mei tawh vanah a om aksi sehsawmsuah sehkhat
e126509	6.8.20	khuapi meikhu vanah a kahto a mu uh hi
e126510	41.4.32	vanah vasate in a lim belh dingin
e126511	21.3.21	Mihingte’ kha vanah kahto-in
e126512	1.27.39	vantung pan vandaituite na ngah kei ding hi
e126513	23.8.21	a Pasian uh hamsiatin vandak ding uh hi
e126514	2.39.23	puan ngawng vang bangin
e126515	11.7.31	a vang pen kingakna a kibawl bangin bem a
e126516	1.38.29	Nang’ adingin a vang nangmahmah in bawl tawm
e126517	26.12.5	tua vang panin na van la khia in
e126518	41.2.21	puanlui keeksakin a vang gol thei hi
e126519	40.9.16	a luisa kai keek semsemin a vang gol ding hi
e126520	16.4.7	kulh vang teng huk ding a kipat khitna thu
e126521	16.6.1	a vang khat zong a om nawn lohna thu
e126522	66.21.13	sak lamah kong vang thum
e126523	42.24.2	Han vang pan suang kilikkhia a
e126524	zd:22459	Thungetna in vang lian hi
e126525	zd:20016	I Pa Pasian vang lian lua mahmah hi
e126526	zd:25474	Tua zah a vang neikhat hi
e126527	19.118.11	Topa’ vang tawh amaute ka sugawp hi
e126528	19.89.13	Nangma vang lian mahmah a
e126529	5.32.36	amaute’ vang a beina
e126530	23.28.2	a vang a lian, a hat mahmah mi khat
e126531	14.27.6	a va hoih tatna hangin a vang lian hi
e126532	19.147.5	Eite’ Topa lian a, ama vang lian mahmah hi
e126533	66.21.23	Pasian’ vang in tua khuapi a tangsak a
e126534	2.29.43	keima vang in tua mun siangthosak ding hi
e126535	42.2.9	a kiimkot ah Pasian’ vang tang a
e126536	zd:23386	a maa uh vang a, a khan' uh zong sau hi
e126537	zd:26948	Hazatna lungsim na neih lai teng, na ma vang ngeilo dinga
e126538	19.128.2	na lungdamin na ma vang ding hi
e126539	14.31.21	lungsim khempeuh tawh sem a, a ma vang hi
e126540	6.1.8	na maa vang ding a, na nasep tangtung ding
e126541	18.22.28	na taangtun’ dinga na maa vang ding hi
e126542	14.32.30	a nasepna khempeuh ah a ma vang hi
e126543	42.18.25	Sai khat phim vangah a khumhak sangin
e126544	23.11.8	gul gilo’ kua vangah kimawl ding a
e126545	41.10.25	Sai khat phim bil vangah a khum hak sangin
e126546	40.27.60	han kong vangah suangpeek lian khat lik a
e126547	11.7.31	A vangah lim kigelhte om hi
e126548	14.23.15	Sakol Kongpi vangah paikhiatpihin
e126549	zd:21268	Leitung nuntakna ah vangik pua-in i nungta hi
e126550	zd:16204	Leiba pen vangik khat hi
e126551	zd:20399	Bangzah takin vangik a pua zongin
e126552	10.15.33	kei adingin vangik na hi ding hi
e126553	4.11.14	kei adingin vangik lua hi
e126554	19.55.22	Topa tungah na vangik nga in
e126555	2.18.22	amaute in vangik hong puakpih ding uh hi
e126556	23.22.25	ama tunga vangik teng kisia ding hi
e126557	40.23.4	midangte tungah vangik mahmah suanin khihcip uh a
e126558	23.46.1	a gim mahmah ganhingte tungah vangik om bangin
e126559	47.5.4	kote in vangik pua-in thuumin ka tau uh hi
e126560	zd:10725	vangikpi pua den tawh kibang den hi
e126561	zd:19223	a lungsim vangikpi teng tolhkhia a
e126562	16.5.15	mite tungah vangikpi suan uh a
e126563	19.66.11	ka nungzang uh-ah vangikpi nong suan hi
e126564	23.1.14	kei a dingin vangikpi khat suakkhin a
e126565	23.10.27	na liangko panun ama vangikpi kinkhia ding a
e126566	11.12.4	Na pa in kote hong gimbawlin vangikpi hong suan hi
e126567	23.22.24	ama adingin vangikpi hi ding a
e126568	23.43.23	Piakna tawh nang kong vangiksak nai kei a
e126569	19.81.6	na liangko uha om na vangikte uh
e126570	19.81.6	na khut uha vangikte ka hong khiasak
e126571	66.4.5	vangin’na tawh a pusuak uh hi
e126572	23.36.5	galdo nadingin vaihawmna le vangin ngaihsun
e126573	zd:11759	Khuaphiat namuh leh vanging nazak kikal
e126574	zd:19262	khut kibetna aw-ging pen vanging bang liang hi
e126575	zd:11750	vanging tawh mau ngengngang hi
e126576	41.3.17	vanging tate a cihnopna
e126577	18.36.33	vanging pen ama hong pai nading a kitheihna ahi
e126578	66.10.3	vanging sagihte in amau kam awte a gen uh
e126579	19.77.18	Na vanging lianpi pingpei sungah om-in
e126580	2.19.16	zingsang ciangin vangingte leh khuaphialepte omin
e126581	66.16.18	khuaphialepte, awte, vangingte a piang uh hi
e126582	2.20.18	mite khempeuh in vangingte, khuaphialepte, peengkul aw
e126583	18.28.26	vangingte’ zuih ding lampi a bawlsak laitak
e126584	66.11.19	khuaphelepte, kam aw gingte, vangingte, zinliingte
e126585	zd:26626	a thahat vanglian Pasian i nei hi
e126586	zd:14716	Sisan in vanglian in lamdang hi
e126587	zd:21916	a lungsim uh a vanglian veve hi
e126588	23.10.21	a vanglian Pasian kiangah ciahkik ding hi
e126589	1.10.8	Nimrod in leitungah a vanglian masa mi ahi hi
e126590	19.24.8	Hat-a a vanglian Topa
e126591	27.2.20	amah pilin a vanglian hi
e126592	1.26.16	kote sangin nang na vanglian zaw hi
e126593	6.17.17	Note mi tampi pha-in na vanglian uh hi
e126594	24.49.35	A vanglian Topa in a cih-inah
e126595	24.25.8	a vanglian Topa in kong cih-inah
e126596	18.29.5	Vanglian Pasian in kei hong ompih a
e126597	18.23.16	Vanglian Pasian in ka lungsim hanna hong maimangsak hi
e126598	18.32.8	Vanglian Pasian’ Kha pan ahi hi
e126599	23.10.34	Lebanon mual pen Vanglian Pa’ mai-ah puk ding hi
e126600	19.99.4	Thutang a deih, Vanglian Kumpipa aw
e126601	40.26.64	Mihing Tapa in Vanglian Pa’ ziat lamah tu a
e126602	59.5.16	thungetna in nakpi vanglianin muibun mahmah hi
e126603	19.112.9	amah vanglianin, kipahtawi ding hi
e126604	10.1.19	A vanglianpa bangci-in tuk
e126605	10.1.21	a vanglianpa’ lum nin hi
e126606	23.10.13	a vanglianpa bangin amau kumpite ka sugawp hi
e126607	19.91.1	Vanglianpa’ liim sungah a om mi
e126608	18.8.5	Vanglianpa’ hehpih ding thuum lecin
e126609	18.8.3	Vanglianpa in thuman zang lo ahi hiam
e126610	19.50.1	Vanglianpa, Topa ahi Pasian, hong pau a
e126611	19.45.3	Vanglianpa aw, na minthan’na leh na liatna tawh
e126612	40.26.64	Vanglianpa’ taklamah Mihing Tapa omin
e126613	38.8.1	Vanglianpen Topa in kei tungah thu hong gen
e126614	13.11.9	Vanglianpen Topa in amah tawh om ahih manin
e126615	19.84.1	Vanglianpen Topa aw, na teen’na mun
e126616	23.9.13	Vanglianpen Topa zong lo uh hi
e126617	41.9.1	vanglianpi tawh Pasian’ Ukna hong tung
e126618	51.1.29	vanglianpi tawh hong bawlphatna bangin semin
e126619	58.8.1	vantung vanglianpi tokhom ziat lamah tu-in a om hi
e126620	66.6.15	mihaute le mi vangliante, silate le sila ahi lote
e126621	18.34.24	thu kan kul loin mi vangliante sugawp a
e126622	5.9.14	Amaute sangin a vanglianzaw, a tamzaw minamin
e126623	61.2.11	hatzaw-in a vanglianzaw vantung mite nangawn in
e126624	61.2.11	a hat zawk, a vangliat zawk uh hangin
e126625	18.36.22	Pasian a vangliat mahmahna limtakin phawktel in
e126626	42.22.53	khuamial sung a uk Satan’ vangliat hunsung ahi hi
e126627	60.5.10	ama vangliat tawntung minthan’na ah hong sam
e126628	zd:23394	Satan pen Pasian hilo napi vangliatna nei hi
e126629	zd:20873	ama vangliatna tawh hong thokiksak ding hi
e126630	42.9.43	Pasian’ vangliatna lamdang a sa uh hi
e126631	60.5.11	a tawntungin vangliatna nei ta hen
e126632	2.13.3	vangliatna tawh hih mun panin note hong paikhiatpih hi
e126633	19.145.11	na vangliatna thu sut ding uh a
e126634	19.21.13	Nangma vangliatna la sa-in kong phat ding uh hi
e126635	23.33.13	a nai-a om mite aw, ka vangliatna thei un
e126636	19.74.13	Nangma vangliatna tawh tuipi na khenkham a
e126637	18.12.13	Pasian in pilna leh vangliatna nei a
e126638	66.17.13	amaute vangliatna leh aana sahang kiangah a pia uh hi
e126639	zd:21948	Sinai mual tungah Pasian vangliatna mukhin zo uh hi
e126640	zd:26650	Pasian' vangliatna i mu ding hi
e126641	45.9.23	A vangliatna a lah nading
e126642	47.3.11	a kip na in vangliatna a neizaw ding hi
e126643	47.3.8	vangliatna tawh a dimzaw ding hilo ahi hiam
e126644	2.15.7	vangliatna tawh nangmah in na langte na lawnthal hi
e126645	27.5.18	zahtakna leh vangliatna a pia hi
e126646	27.4.30	ka vangliatna ka thahatna kilat nadinga ka lam ahi hi
e126647	60.3.22	a ukte leh vangliatnate in ama nuai-ah
e126648	23.24.21	vantung a, om vangliatnate, leh leitung kumpite
e126649	41.13.25	vanah a om vangliatnate a kiliing ding uh hi
e126650	49.3.10	vantungah a om ukna leh vangliatnate in
e126651	66.2.26	ka Pa tung panin ka ngah vangliatnate mah
e126652	40.11.23	nangma sungah a kilak vangliatnate
e126653	44.2.22	Nazareth mi Zeisu tungah vangliatnate leh nalamdangte leh lungman’nate
e126654	40.11.21	note sungah hong kilak vangliatnate in
e126655	41.6.14	Tua ahih manin hih vangliatnate nei hi
e126656	48.4.3	huihlak a uk vangneite’ khutnuai-ah
e126657	26.40.16	pangah khua-etna vangneu om a
e126658	26.40.22	a kong vangneute, leh nisuh kung lim
e126659	24.32.17	Nangma’ vangpi leh na khut kizankhia tawh
e126660	24.32.17	Nangma vangpi le na khut tawh
e126661	zd:21473	Pilna leh thutheihna in na ma vangsak in
e126662	zd:23551	Topa in amah thupha pia a, amaa vangsak hi
e126663	1.24.12	tu ni-in ka ma hong vangsak in
e126664	1.24.40	na lampi hong vangsak ding hi
e126665	1.24.56	ka maa hong vangsak khin ahih nungsang
e126666	1.24.21	khualzinna ma vangsak ding hiam vangsak lo ding hiam
e126667	11.7.38	tuikuang vangsung pi guk ciat pha
e126668	47.3.18	minthanna vangtaang i kilangsak hi
e126669	14.5.14	Topa’ minthanna vangtaang Pasian’ biakinn sung a dim hi
e126670	47.3.9	nasepna-ah tuazahin minthanna vangtaang om ahihleh
e126671	47.3.9	a minthanna vangtaang lianzaw kan lai ding hi
e126672	47.3.7	tuazah minthanna vangtaang tawh hong kizui ahihleh
e126673	47.3.13	A maitang panin a vangtaang a beilam
e126674	47.3.10	nidangin minthangin a vangtaang mahmah i cih
e126675	24.9.21	tawlet vangte panin sihna hong lutin
e126676	66.21.12	tua kong vangte ah vantungmi sawm leh nih
e126677	11.11.27	a pa David khuapi a vangte hu hi
e126678	66.21.15	khuapi kong vangte, kulhte teh nadingin
e126679	24.22.14	tawlet vangte bawl a, Taamtaak singpek tawh thuap
e126680	zd:23496	leitung le vangtung a na khempeuh sangin manphazaw
e126681	zd:20890	Topa Jesu pen vangtung tokhom nusia in
e126682	1.1.17	Pasian in tuate vangtungah koih hi
e126683	zd:16012	vangtungmi te zong a pahtawh ki hi pah hi
e126684	42.1.11	Topa’ vangtungmi khat hong kilang a
e126685	42.1.27	Pasian in a vangtungmi Gabriel a sawl hi
e126686	zd:18241	nasa in ong awng vangvang hi
e126687	zd:23734	ka tai vangvang den hi
e126688	zd:25474	kizahtak in minthang vangvang hi
e126689	24.6.26	sih suah bangin kap vangvang in
e126690	22.7.5	kumpipa’ mit la vangvang hi
e126691	12.5.11	a natna mun tungah a khut vanin
e126692	44.13.16	a khut vanin thugen ding hong kipan a
e126693	44.24.10	Mangpipa in a khut vanin
e126694	13.10.13	vankah khat thu dongin a lamlah ding
e126695	9.28.7	Edor-ah vankah thei khat om hi
e126696	9.28.7	vankah thei numei khat kei adingin hong zon’sak un
e126697	14.33.6	vankah theite leh aisante tawh na sem hi
e126698	12.17.17	vankahna leh aisanna zang uh a
e126699	3.20.6	Mi khat vankahna leh ai saanna lamah kihei-in
e126700	9.28.3	vankahte leh aisante a gamsung panin beisak
e126701	9.28.9	gam sung panin vankahte leh aisante a suksiatna
e126702	12.23.24	vankahte, aisante, innsung pasiante, milimte
e126703	9.28.7	Endor-ah vankahthei khat om hi
e126704	9.28.7	vankahthei numei khat kei a dingin hong zonsak un
e126705	12.21.6	vankahtheite leh aisante tawh nasem hi
e126706	15.7.21	kumpi vankemte khempeuh tungah hih bangin
e126707	23.22.24	vankhai ah a kikhai bangin
e126708	2.38.28	khuampi tunga vankhai nadingin bawlin
e126709	23.22.23	a kician mun khatah vankhaina bangin ka khenkip
e126710	2.26.32	kham kibawl vankhaina nei-in
e126711	2.38.10	a vankhainate leh a gaknate in ngun
e126712	2.27.17	a vankhainate ngun hi-in a bullente sumngo
e126713	2.36.38	a khuampi ngate a vankhainate tawh bawl hi
e126714	2.35.11	a vankhainate leh a khuampeekte
e126715	2.39.33	a nazat khempeuh, a vankhainate, khuampeekte, a zawlte
e126716	6.7.21	Shinar panin vankia lakah puanhoih khat
e126717	12.21.14	mat ding mi le vankiate suak ding uh
e126718	6.7.21	Shinar panin vankila lakah puan hoih khat
e126719	zd:25626	Jesu Khazih a muak dingin vankim lai ah kituahkik ni
e126720	66.19.17	vankim lai-ah a leeng vasa khempeuh
e126721	66.8.13	vankim lai-ah muvanlai khat a leenkawmin
e126722	66.14.6	vantungmi adang khat in vankim lai-ah a leeng
e126723	52.4.17	vankim lai-ah Topa a dawn dingin
e126724	14.14.13	Judah mite in vankinusia tampi tak pua
e126725	13.26.27	Gal sungah a ngah vankinusiate sung panin
e126726	12.3.23	Moabte aw, vankinusiate va la ni
e126727	14.14.14	tuate sungah vankinusiate tam mahmah hi
e126728	9.15.19	Bang hangin vankinusiate bawhin
e126729	7.5.30	Amaute in vankinusiate mu-in hawm hi lo ahi hiam
e126730	10.12.30	khuapi sunga vankinusiate tampi tak paikhiatpih hi
e126731	23.42.22	vankinusiate a suak khinta uh hi
e126732	23.9.3	mite in vankisutte a hawm ciangun
e126733	20.16.19	Mi kihisak tawh kipawlin vankisutte ngahna sangin
e126734	23.42.22	vankisutte suak khin ta uh hi
e126735	zd:13129	vankoihna tezong siangtholo cih mukhia uhhi
e126736	zd:18157	meikuang akipatna pen zato ii vankoihna Storeroom panin akipan
e126737	zd:15869	Supermarket minthang khat ii vankoihna Warehouse panin
e126738	13.26.15	a tapa tungah vankoihna inn kipia hi
e126739	12.20.13	a vankoihna innte ah a om khempeuh lak hi
e126740	23.39.2	a vankoihna sunga a kimu theite khempeuh
e126741	16.12.25	vankoihna kongpite a cing kongcingte
e126742	16.13.4	i Pasian’ inn sung vankoihna inndeite
e126743	24.38.11	kumpipa’ inn-ah pai-in vankoihna sungah a lut
e126744	12.14.14	kumpipa’ inn vankoihna sungah a om um-le-beel khempeuh
e126745	11.7.51	inn vankoihna ah tuate koih hi
e126746	16.13.12	vankoihna innte ah hong tun’ uh hi
e126747	14.32.28	sathau koihna ding vankoihnate zong a bawl hi
e126748	12.18.15	kumipa’ inn vankoihnate a, a om ngun khempeuh
e126749	30.9.6	vankuumpi tawh leitung a khuhsuk hi
e126750	14.28.15	a vanlakte uh sung pan puante silhsak
e126751	zd:20490	Hypermarket sungah vanlei in apai nupikhat
e126752	zd:23301	Van ilei teh zong vanlei siam ding thupi hi
e126753	zd:17295	Sumbawl te in vanlei vanzuakna lam tawh en hi
e126754	66.13.17	vanlei vanzuakin paikhia thei lo uh hi
e126755	20.20.14	Vanleipa in vanzuakpa kiangah
e126756	23.24.2	a tote, vanleite leh van zuakte
e126757	42.12.56	vanlelei na et uh ciangin
e126758	10.18.9	vanlelei kikalah amah a kikhai-in
e126759	zd:15178	vanmanpha aneihte'n kidop huai hi
e126760	zd:19863	Tua vanmanpha tepen asum amanzahding kituatthei nailo hi
e126761	zd:24244	Mikim phial i ngahtheih vanmanpha a hihi
e126762	16.7.71	vanmanpha koihna ah kham darik
e126763	13.29.8	Topa’ biakinn sung vanmanpha koihna-ah a pia uh hi
e126764	13.26.24	vanmanpha koihna a ukte lakah a ukpi
e126765	14.32.27	vanmanpha koihnate a bawl hi
e126766	15.2.69	tua nasep nadingin vanmanpha koihna ah kham darik
e126767	16.7.70	Gam ukpa in vanmanpha koihna ah kham darik tul khat
e126768	14.12.9	kumpipa’ inn-a vanmanphate lakhia hi
e126769	14.36.18	kumpipa leh a uliante’ vanmanphate khempeuh
e126770	14.25.24	kumpipa’ inn-a vanmanphate la-in
e126771	14.28.21	uliante’ inn panin vanmanphate la-in
e126772	23.6.2	Ama tungah serafim vanmite ding uh hi
e126773	19.89.6	vanmite lakah kua pen tawh kibang ahi hiam
e126774	23.6.6	Tua ciangin serafim vanmite khat
e126775	65.1.8	ukna thu nial-in, vanmite a gensia uh hi
e126776	38.3.5	a sawltak vanmite thu pia a
e126777	5.30.4	na mite uh vanmong pekah a om leh zong
e126778	26.8.7	kulh a vanna mun khat hong lak hi
e126779	10.8.11	Hadadezer’ vannusiatte sung panin a ap
e126780	zd:23896	vanpi ging aa, khuaphelep a om nak le
e126781	zd:25516	ama tungah vanpi bek a om hi
e126782	zd:23936	a kikhensa vanpi leh leitung kizom kiksak ta hi
e126783	19.18.9	Amah in vanpi niamsak-in hong kumsuk a
e126784	19.36.5	na cihtakna in vanpi dong banto hi
e126785	19.144.5	na vanpite niamsak in la hong paisuk in
e126786	19.147.8	Amah in vanpite pen meiipite tawh tuamin
e126787	zd:22550	Nikhat vanpua mawtaw khat in
e126788	zd:17067	vanpua mawtawpi khat December 30 zingsanglam in kiasuk in
e126789	11.5.15	Solomon in vanpua mi tul sawmsagih
e126790	26.27.14	vanpua sakolte, sakol galkapte, le late
e126791	26.23.24	leeng galkap leh vanpua leeng tampi
e126792	44.27.10	teembaw le a vanpuakte a siat
e126793	40.2.11	a vanpuakte uh suahkhia uh a
e126794	1.24.42	ka maa nong vansak ding le
e126795	26.27.18	na vante tampi tak hong lei a
e126796	7.18.21	a ta neute leh a ganhingte leh a vante uh
e126797	2.22.8	a vengpa’ vante amah in gu hiam
e126798	26.27.34	Na vante leh na mi khempeuh
e126799	26.27.13	na vante hong leina-in sila dingin mite leh sumngo beelte
e126800	26.27.25	Nangma vante ahih leh Tarshish teembaw lianpente pawl in
e126801	44.27.18	vante tui sungah a paaikhia uh hi
e126802	44.27.10	teembaw leh vante tham loin
e126803	32.1.5	a sung-a vante tuipi sungah a paai uh hi
e126804	23.23.18	sumbuk vante leh ama sepna panin a ngah nate
e126805	23.45.14	Izipt pan a piangte leh Ethiopia sumbuk vante
e126806	19.77.17	Meiipite in tui sungkhia-in, vante ging damdam a
e126807	58.7.26	vante sangin a sangzaw munah a tung mi
e126808	19.148.4	vante tunga om tuite aw
e126809	66.10.6	Sagihna vantumgmi in peengkul tum ding
e126810	zd:23074	Music kipatna vantung pan hi
e126811	zd:14824	Amah in leitung vantung khempeuh uk a
e126812	1.22.15	vantung panin Abraham a nih veina sam a
e126813	zd:23896	vantung ah tui om hi
e126814	zd:22658	vantung pan gial in hong kisuk kik hi
e126815	zd:17673	Ni in vantung pan in thu hong gengen ahihi
e126816	1.1.8	van kuumpi pen vantung ci hi
e126817	19.89.37	vantung a om lai teng kip ding hi
e126818	40.18.23	Vantung Gam in ama nasemte ciamtehna lai
e126819	42.22.43	Vantung panin vantungmi khat hong pai a
e126820	19.123.1	Vantung-a a ompa aw, nangmah kong ento hi
e126821	1.1.9	Vantung nuai-a om tuite
e126822	1.15.5	Vantung lam enin aksite sim in
e126823	zd:15572	vantunga om kote' Pa aw
e126824	zd:26385	vantunga aksite' kiheii dan a ente
e126825	zd:21511	vantunga na nga ding thaman a om mah bangin
e126826	40.6.9	vantunga a om kote Pa aw
e126827	38.6.5	vantunga om kha lite
e126828	24.10.2	vantunga lim lamdangte
e126829	50.2.15	vantunga aksite bangin
e126830	zd:22046	sun khat vantungah vanleng leng in ging dada hi
e126831	zd:23890	kihotkhiat ciangin vantungah lungdam lian hi
e126832	zd:21140	vantungah i min a kigelhna hang a lungdam dingin
e126833	66.12.8	vantungah a om thei nawn kei uh hi
e126834	19.119.89	vantungah nangma thu kip tawntung hi
e126835	19.103.19	Topa in ama tokhom vantungah phut khin a
e126836	40.5.48	vantungah a om na Pa uh
e126837	1.1.14	Sun leh zan a khen dingin vantungah khuavakte om hen
e126838	20.8.28	amah in vantungah meiite kipsakin
e126839	24.4.23	vantungah lah khuavak om lo hi
e126840	40.23.9	Vantungah a om na Pa uh khat bek
e126841	45.10.6	Vantungah kua in a kahto ding hiam
e126842	40.6.10	Vantungah na deihna a kicin’mah bangin
e126843	zd:23032	Miliim bia peuhmah vantunggam lut vet lo hi
e126844	zd:24503	Pasian in honkhia-in vantunggam lutsak mang khin lel ding hi
e126845	zd:24053	vantunggam na tungtakpiding hiam
e126846	58.3.1	vantunggam tawh kipawl hong sapna thupha
e126847	zd:21845	Tua ciangin vantungmi in a paisan hi
e126848	zd:17772	ka mang sungah vantungmi ka mu a
e126849	zd:22159	Pasian in a vantungmi khat sawl a
e126850	42.1.12	Zekhariah in vantungmi a muh ciangin
e126851	19.148.2	Ama vantungmi khempeuh aw, amah phat un
e126852	38.1.13	hehnepna kam tawh vantungmi dawng a
e126853	58.11.28	Mi That Vantungmi in Israel mite
e126854	44.11.13	Vantungmi khat in ka inn sungah ding-a om
e126855	40.28.5	Vantungmi in, tua numeite kiangah
e126856	zd:21001	vantungmite in hong huh den manin
e126857	zd:21011	Pasian' vantungmite pen nang tawh omkhawm tawntung hi
e126858	42.16.22	vantungmite in Abraham’ ang ah a pua uh hi
e126859	19.78.25	Mihingte in vantungmite’ an ne a
e126860	40.22.30	Amaute in vantungmite tawh kibang ding uh hi
e126861	zd:13305	Pasian in vantungte leh leitung a piangsak hi
e126862	zd:15384	vantungte Pasian ahi Topa ka bia hi
e126863	19.8.3	na vantungte ka et ciangin
e126864	10.22.10	Amah in vantungte niamsakin hong paisuk a
e126865	19.104.2	vantungte pen puanbuk bangin na zal hi
e126866	19.78.23	tung-a om vantungte thu pia-in
e126867	5.28.23	om vantungte in sumngo bangin
e126868	3.26.19	na vantungte uh sik bangin bawlin
e126869	zd:19242	Tua khit ciangin guah zu vanvan hi
e126870	20.1.16	a sia-in gamta nuam vanvan uh a
e126871	7.5.21	a leeng vanvan tuikhang
e126872	24.4.19	Ka lungtang kisai vanvan a
e126873	25.1.17	Hong huh un ci-a khut ka vanvan hangin
e126874	20.1.24	ka khut hong vanvan napi-in
e126875	23.25.11	amaute in a khut uh vanvan ding uh a
e126876	zd:20345	mawtaw leh Electronic vanzatte aman khangsemsem
e126877	zd:12093	innsung vanzatte akipan kibangsak uh hi
e126878	zd:16441	Tua vanzatte a kikoihna godown
e126879	44.27.19	A thai ciangin teembaw vanzatte pawlkhat
e126880	zd:12761	Ramadan Bazaar ah vanzuak in aom ahihi
e126881	zd:12405	Supermarket sungah vanlei vanzuak in aomte
e126882	38.14.21	sumzuak vanzuak cihte om nawn lo ding hi
e126883	66.13.17	vanlei vanzuakin paikhia thei lo uh hi
e126884	zd:22282	a khua sungah vanzuakna sai no khat bawl hi
e126885	zd:17295	Sumbawl te in vanlei vanzuakna lam tawh en hi
e126886	20.7.12	Mihon omna vanzuakna phual, lamdung citeng
e126887	zd:20287	vanzuakpa inzong asum simkik a
e126888	zd:20287	kicinglo hi ci'n vanzuakpa kiangah genkik hi
e126889	20.20.14	Vanleipa in vanzuakpa kiangah
e126890	ts:11162	Korea gam ah vapai in sumlom tawh hong ciahkik
e126891	zd:21389	a ta a dawndingin sangah vapai hi
e126892	zd:23394	nupite in han ah vapai in
e126893	28.7.12	Amaute a vapai lai takun ka ngen tawh
e126894	18.39.13	gun vapi bangin kalaoh vasa leng thei lo
e126895	3.11.19	gun vapi, gun vazonei nam khempeuh
e126896	3.11.19	gun vapi, gun vazonei nam khempeuh, huihtun leh bak
e126897	19.104.17	gun vapite in bu a tom uh hi
e126898	24.8.7	Van-ah tui vapite nangawn in
e126899	18.38.36	Nail gun a khan’ ding a thei gun vapite
e126900	pk:46	vasa vom khat ka mu hi
e126901	pk:65	vasa' bu
e126902	zd:20329	vasa khat huihlak ah leng hi
e126903	zd:18097	A tungah vasa dang hong lengin a lutungah a tuang hi
e126904	zd:15541	vasa te leng kawm in si uhi
e126905	19.102.7	innkhum dawn-a vasa khatguak om tawh ka kibang
e126906	3.14.50	leibeel sungah a vasa khat go ding a
e126907	25.3.52	vasa siah bangin thang a hong siah uh
e126908	5.22.6	vasabu khat, sing tung ahi a
e126909	5.22.6	Vasabu khat, sing tung ahi a
e126910	41.10.49	Tua pa vasam un
e126911	pk:72	vasate in, a len laitak uh ahi hi
e126912	zd:19242	gam sungah vasate ham ziahziah hi
e126913	zd:9234	Francis in vasate an a piak laitak
e126914	zd:9211	singkungte ah vasate kimawl-in hong ham ciauciau uh hi
e126915	19.148.10	a bokvak ganhingte leh a leeng vasate
e126916	1.15.11	Sasialne vasate tua sate' tungah hong tuksuk ciangin
e126917	19.104.12	huih lak vasate om uh a
e126918	1.7.8	Ganhing siangthote, a siangtho lo ganhingte, vasate
e126919	27.4.14	a hiang tunga vasateng hawlkhia in
e126920	9.25.38	Topa in Nabal vat hi
e126921	6.11.10	namsau tawh a kumpipa vat hi
e126922	14.13.20	Topa in amah vat a, amah si hi
e126923	10.23.20	amah in Moab galhang mi nih vat hi
e126924	13.14.16	Gezer ciang dong Filistia galkapte vat gawp uh hi
e126925	23.27.7	Amau’ galte a vat gawp bangin
e126926	14.14.15	gan omna puanbukte vat uh a
e126927	6.10.4	hong huh un la, Gibeon vat gawp ni
e126928	6.15.16	Kiriath-sefer vat gawpin a la zo mi
e126929	4.25.17	Midian mite gimsak gawp in la, amaute vat gawp in
e126930	23.19.22	Topa in Izipt mite pulnatna tawh vat ding a
e126931	2.3.20	nalamdangte tawh Izipt ka vat gawp ding hi
e126932	12.4.39	vatak-um gui khat mu-in
e126933	zd:17177	vatawt pi in nisim in khamtui tang khatta tui hi
e126934	zd:21243	Ak tui leh vatawt tui te
e126935	zd:19826	vatawt leh vasa tuamtuam na om a
e126936	5.14.17	leh tui vatawt, samuat ne musane leh tuimu
e126937	3.11.16	kalaoh-vasa, pengpelep, vatawt, musi nam khempeuh
e126938	10.5.25	Gezer ciang dong Filistiate vatgawp hi
e126939	7.6.16	Midian mite na vatgawp ding hi
e126940	7.12.4	Gilead mite in Efraim mite vatgawp hi
e126941	5.28.28	lungsim buaina tawh note hong vatgawp ding hi
e126942	5.28.27	cithak tawh note hong vatgawp ding hi
e126943	10.5.24	Filistia galkapte a vatgawp dingin na mai-ah Topa pai hi
e126944	9.14.48	Amah in hang takin hih-in Amalekte vatgawp a
e126945	12.18.8	Gaza leh a gamsung ciang dong Filistiate vatgawp hi
e126946	6.10.33	Joshua in amah leh a mite vatgawp hi
e126947	4.11.33	gimna lianpi khat tawh mite vatgawp hi
e126948	6.11.17	la-in amaute vatgawpin that hi
e126949	7.20.39	Israel mite sawmthum bang vatgawpin
e126950	4.14.12	Pulnatna tawh amaute vatgawpin ka lawnkhia kik ding
e126951	12.8.21	Edom mite vatgawpin inn-ah a tai uh hi
e126952	6.11.8	vatgawpin a Lian Sidon le Misrefothmaim ciang dong
e126953	9.17.35	a ngawngin manin vatgawpin ka that hi
e126954	2.9.15	natna tawh nang le na mite hong vatgawpin
e126955	7.1.8	namsau tawh vatin a khuapi hal uh hi
e126956	7.18.27	namsau tawh amaute vatin mei tawh a khuapi hal
e126957	10.12.9	Hit mi Uriah namsau tawh vatin
e126958	11.14.15	Topa in Israel vatin
e126959	13.20.1	Joab in Rabbah khua vatin lumlet hi
e126960	18.22.11	khuamial hong suak vatin khua na mu
e126961	19.48.5	dipkua vatin tai uh hi
e126962	66.12.4	sehkhat vatkhia-in leilak a denna hi
e126963	10.6.7	Pasian in tua lai-ah amah vatlum hi
e126964	13.11.22	Moab galhang mi nih vatlum hi
e126965	24.9.21	sumbuka tangvalte a vatlum hi
e126966	26.26.11	namsau tawh mi khempeuh vatlum ding uh hi
e126967	26.30.11	Namsau tawh Izipt mite vatlum ding uh a
e126968	26.32.20	Izipt gam sunga om mi khempeuh a vatlum dingin
e126969	19.78.31	Israel-te’ muanlesuan teng a vatlum hi
e126970	11.20.29	khe galkap tul zakhat vatlum uh hi
e126971	34.3.15	galte in hong vatlum ding hi
e126972	2.12.12	tacil khempeuh ka vatlum ding a
e126973	zd:24280	namsau, teiipaakte tawh mi tampi hong vatmai ding a
e126974	zd:21461	Pasian in hehlua ahih man in vatmai sawm lian hi
e126975	zd:20454	kipawlnate khempeuh dawm vetlo in vatmai mang hi
e126976	19.135.10	minam tampite vatmai-in kumpi vangliante that a
e126977	5.3.3	a suakta nawn lo dingin i vatmai hi
e126978	38.10.11	keimah in tuipi hualte ka vatmai ding a
e126979	6.8.22	Israelte in amaute vatmai uh hi
e126980	23.1.20	namsau in note hong vatmai ding hi
e126981	26.32.12	Na kisaktheihpih teng vatmai ding uh a
e126982	2.17.13	ama mite namsau tawh vatmai hi
e126983	23.9.14	ni khat thu-in a vatmai hi
e126984	19.78.51	Izipt gam sunga naucil khempeuh amah in vatmai hi
e126985	19.136.10	Izipt gam tacil khempeuh a vatmai-pa tungah
e126986	19.136.10	Egypt gam tacil khempeuh a vatmaipa tungah
e126987	19.136.17	Kumpi liante a vatmaipa tungah
e126988	26.28.7	amaute in hong vatmaisak ding uh hi
e126989	24.9.21	Kong zinga naupangte a vatmang a
e126990	19.105.33	leengguite leh theikungte vattansak a
e126991	24.46.15	Topa in amah a vattuk hang ahi hi
e126992	24.12.12	namsau in mi khempeuh a vattuk hi
e126993	9.14.13	Jonathan in amaute vattuk a
e126994	34.2.13	note uh namsau in vattum ding a
e126995	zd:15358	Japanese minkhat vawh uh a
e126996	zd:14927	pawlpi ci a min vawh taktakna na om nailo hi
e126997		nau min vawh
e126998	1.36.43	amau’ min mah vawh pah uh a
e126999	pk:13	Lokhopa in khai ci a vawh hi
e127000	zd:24003	Khaici hoih vawh khawm ni
e127001	zd:26953	i vawh bangin ki-at kik hamtang hi
e127002	zd:24132	Na vawh bangbang, a atkik ding nahi hi
e127003	41.4.3	khaici vawh
e127004	41.4.14	in thu a vawh hi
e127005	43.4.37	Mi khat in a vawh hi
e127006	40.13.25	taang lakah a vawh khit ciangin
e127007	24.4.3	ling lakah vawh kei un
e127008	11.2.40	la khat a van vawhin a silate a zong
e127009	1.22.3	a la tutphah vawhin
e127010	4.22.21	Balaam tho-in a la tutphah vawhin
e127011	12.4.24	la van vawhin a nasempa kiangah
e127012	40.13.25	taang lakah tahum tang vawhin a paikhia hi
e127013	40.6.26	Amaute in khaici tuhin, vawhin, buh atin
e127014	23.28.25	masala tang vawhin, kummin tang tuh a
e127015	5.11.10	khaici vawhin na khe tawh tui
e127016	41.4.3	khaici vawhpa in khaici vawh dingin a kuankhia hi
e127017	23.55.10	khai vawhpa khaici pia-in
e127018	41.4.14	Khaici vawhpa in thu a vawh hi
e127019	40.13.3	Khaici vawhpa khaici vawh dingin a kuankhia hi
e127020	40.13.37	Khaici vawhpa in Mihing Tapa hi
e127021	5.22.9	vawh lecin na vawhsa an leh na leenggui
e127022	11.13.13	Kei adingin laa van hong vawhsak un
e127023	11.13.27	Amaute in vawhsak uh hi
e127024	11.13.13	ama a dingin la van vawhsakin a tungah
e127025	43.4.36	a vawhte leh a atte a lungdam khawm ding
e127026	47.9.10	Khaici vawhte’ khaici ahi zongin
e127027	20.22.8	Thuman lo khaici a vawhte in lungkhamna tuak a
e127028	47.9.6	Khaici tawmkha a vawhte in tawmkha a at ding
e127029	18.40.24	a nakpheh-ah khau vawhzo ding ahi hiam
e127030	18.40.24	A nakpheh-ah khau vawhzo ding a
e127031	pk:8	Ih meh ci na sawh ve
e127032	pk:30	Hong tum ve
e127033	zd:23890	Na tehkaak mah dih ve
e127034	zd:25562	Thu kong ngetsak ve leh
e127035	22.3.11	Kumpi Solomon en dih ve un
e127036	24.44.25	na kiciamna uh bangin sem dih ve un
e127037	2.10.10	note tawh Topa om ta ve
e127038	11.22.15	Kuanto inla va gualzo ve
e127039	10.18.11	kawnggak khat hong pia ngel ding hi ve'ng
e127040	zd:17053	Tedim khua veeng thak kibehlap ding thu
e127041	zd:16983	Sakollam veeng hong kici hi
e127042	zd:20911	ka omna veeng vuah
e127043	9.20.1	Ramah khua sung Naioth veeng panin David
e127044	9.19.23	Ramah khua sung Naioth veeng a tun’ mateng
e127045	9.19.19	Ramah khua sung Naioth veengah David om hi
e127046	9.19.22	Ramah khua sung Naioth veengah om uh hi
e127047	9.19.23	Ramah khua sung Naioth veengah amah pai hi
e127048	zd:17992	amau innkuan leh a inn veengte tawh
e127049	zd:22140	Lawmte veengte itna in minam itna ahi hi
e127050	zd:20942	ka veengte khat a damlo, lupna tunga sawtpi a lum khat
e127051	42.15.6	a lawmte leh a inn veengte sam a
e127052	12.4.3	na veengte khempeuh’ beel va kawm in
e127053	42.14.12	sumhau na inn veengte ahi zongin
e127054	23.3.5	mi khempeuh in a veengte ciat
e127055	zd:22658	Alawm ngaih pa in hong veh ding in alam-en hi
e127056	zd:13181	3 vei vilvel hong veh hi
e127057	40.25.39	hong mu-in hong veh a
e127058	12.8.29	Ahab tapa Joram a veh dingin
e127059	42.1.73	Ama mi pawlte hong veh in
e127060	40.25.36	ka om lai takin nong veh uh hi
e127061	40.25.43	thong sungah ka om laitak ahi zongin nong veh kei
e127062	24.15.15	hong phawk in la, hong veh in
e127063	zd:21370	Ka ta kapkap veh aw, agilna hiam
e127064	zd:20751	mi khat bek hithei veh aw
e127065	ts:12263	Tuni kikapna om kei sam veh ee
e127066	24.48.3	Horonain khua-ah mi kiko veh
e127067	24.10.22	Ngai dih un, thu khat kigen veh
e127068	24.10.22	buaina lianpi khat hong pai veh
e127069	3.8.27	Topa mai-ah tuate veii hi
e127070	4.8.13	amaute veii-a biakna-in na pia ding hi
e127071	3.23.12	Note in anlom na veii ni-un
e127072	7.3.15	Gera tapa a veikhoi Ehud
e127073	7.20.16	mi a kiteng khia a veikhoi zasagih om hi
e127074	pk:106	na laidal veilam kiu
e127075	zd:17772	Ka veilam ip sung sawk inla
e127076	zd:17055	A veilam khe pen limtakin suan thei loin
e127077	22.8.3	A veilam khut hong khamsak a
e127078	3.14.26	amahmah’ veilam khut sungah
e127079	41.15.27	a ziatlam khat a veilam khat
e127080	2.14.22	taklam leh veilam-ah kawm bangin tuite om hi
e127081	23.9.20	A veilama omte ne uh a
e127082	41.10.40	ka taklama tut ding le ka veilama tut ding
e127083	40.20.23	ka taklam le ka veilama tutding
e127084	41.10.40	ka taklam leh ka veilamah tut nading
e127085	10.16.6	ama taklam leh veilamah om hi
e127086	40.25.41	a veilamah a omte kiangah
e127087	41.15.27	A taklamah khat, a veilamah khat
e127088	40.25.33	keel a bang mite a veilamah koih ding hi
e127089	7.16.29	a khut veilamin khat lenin
e127090	7.16.29	a khut taklamin khat, a khut veilamin khat
e127091	zd:14924	Anih veina ma in NA ah kigawm uh hi
e127092	zd:26092	akhat veina kimu uh hi
e127093	24.13.3	Topa in a nih veina hong hopih a
e127094	1.22.15	Abraham a nih veina sam a
e127095	47.13.1	kong pai ding a thum veina ahi hi
e127096	11.9.2	Solomon tungah Topa a nih veina kilang hi
e127097	61.3.1	hih nih veina lai kong gelh hi
e127098		khat veina, thum veina
e127099	32.3.1	Jonah tungah a nih veina thu gen a
e127100	3.13.12	tua natna in a veipa’ vun khempeuh
e127101	3.13.17	siampipa in natna veipa a siang hi
e127102	zd:22479	sawt veipi kikhom lo ding hi
e127103	1.21.34	sau veipi sung peemta-in om hi
e127104	4.20.15	Izipt ah sau veipi ka teeng uh hi
e127105	44.9.43	sawt veipi a taam hi
e127106	1.26.8	amah sau veipi a om khit ciangin
e127107	27.6.21	Kumpipa aw, sau veipi nungta in
e127108	zd:16415	Siam ding na ut leh tam veipi sin pha pha in
e127109	zd:19523	Lai Siangtho in tam veipi honggen hi
e127110	zd:9427	Ka hun sungin tam veipi ka lawhsam kikkik a
e127111	19.106.43	Amah in amaute tam veipi honkhia hi
e127112	44.1.3	amaute tungah tam veipi kilang a
e127113	58.9.26	tam veipi sihna a thuak zo ta ding hi
e127114	45.15.22	tam veipi hong kikham zo hi
e127115	40.17.15	tam veipi a puk ngei zo hi
e127116	44.24.26	tam veipi samin, a hopih hi
e127117	55.1.16	amah in kei tam veipi hong thakhauh sak hi
e127118	18.2.7	a kihhuai meima veisak hi
e127119	zd:19846	Hih natna veite dawivei danin om thei uh a
e127120	zd:19858	cancer veite leh naupai ten HERV nei uh hi
e127121	zd:23022	zu-ngol veite zu duhlo hong suaksak
e127122	40.4.24	cinatna pawl khempeuh a veite ama kiangah
e127123	zd:22280	Khat veivei ka ngaihsun kha zelzel hi
e127124	zd:19425	Khat veivei ciangin i suplawhna zong om thei
e127125	zd:23513	Khat veivei thudong thei ding uh hi
e127126	45.2.15	khat veivei hoih kisa, khat veivei sia kisa uh
e127127	41.4.15	Khat veivei lamdung a tu khaici bang a
e127128	21.8.14	Khat veivei midikte in migilote’ gimthuak dingteng thuak
e127129	4.9.21	Khat veivei nitak-a kipan zingsang dong
e127130	12.6.10	nihvei sangin a tam veizaw kihonkhia hi
e127131	21.11.6	A vek-a a po kim ding ahi a
e127132	24.19.13	innte khempeuh a vek-in Tofeth mun bangin
e127133	zd:21013	nasep te zong a vekin sem a
e127134	26.40.40	a vekin sabuai li mah om hi
e127135	13.3.22	a vekin guk pha uh hi
e127136	1.27.33	a vekin ka nek khit phetin
e127137	26.46.22	a vekin a golna kikim hi
e127138	26.35.13	a vekin ka za khin hi
e127139	19.19.9	a vekin kituakin man kim hi
e127140	22.5.16	a vekin, deih loh ding khat zong om lo hi
e127141	16.10.34	le ko mi vekpite in sing
e127142	24.23.14	A vekpiun kei’ muhna-ah Sodom khua mite
e127143	23.44.11	a vekpiun maizumin kikoih khawm ding hi
e127144	zd:20074	a vekun a hat theih tawp un tai ngeingai uh hi
e127145	zd:25918	Ka vekun ka Visa tek uh kem lai hi ung
e127146	26.39.23	gal sungah a vekun a sisak ka hihna
e127147	24.13.19	a vekun sal suak khin uh hi
e127148	zd:24313	vanleng hawl khat in cina vel leh lem hetlo ding hi
e127149	zd:23734	kicing takin ong vel uhi
e127150	zd:23543	ka pa zato laite hoih tak ong vel sak in
e127151	3.13.50	Siampipa in a natna vel ding a
e127152	16.2.15	khuapi kulh ka vel hi
e127153	3.13.27	siampipa in a ni sagih ni-in amah vel ding hi
e127154	2.39.43	Moses in nasep khempeuh vel a
e127155	3.14.36	inn vel dingin siampipa pai ding hi
e127156	3.13.10	vel ding a, a vun sungah a bawk kaang omin
e127157	4.32.8	Kadesh-barnea panin gam vel dingin ka sawl lai-in
e127158	3.14.3	giahphual pua lamah siampipa pai khia-in vel ding hi
e127159	3.13.17	siampipa in amah velin a natna pen
e127160	3.13.15	Siampipa in a ma thak velin
e127161	3.13.26	Ahih hangin siampipa in velin
e127162	3.13.21	siampipa in velin, tua tunga a multe kaang loin
e127163	19.48.12	Zion kim velin pai-in, a tausangte sim un
e127164	3.13.51	ni-in a natna velkik ding hi
e127165	4.5.24	tumin na sak velval ding hi
e127166	26.5.16	gilkialna pen na na sa velval ding uh hi
e127167	24.2.19	nuam hetloin kha velval hi
e127168	4.5.27	ama sungah tumin na sak velval ding a
e127169	24.13.21	Numei nausuakte in na a sak velval uh bangin
e127170	66.9.5	a na tawh kibangin a na velval ahi hi
e127171	23.13.8	gim mahmahna leh nat velvalna thuak ding uh a
e127172	19.73.4	amaute in nat velvalna thuak lo uh a
e127173	66.10.10	ka gil sung thuk velvalsak hi
e127174	22.6.5	na samphekte phe velvel hi
e127175	zd:24029	Gal ven ciangin Paltan pan tawpin sumbawl hong kipan hi
e127176	zd:9211	gal ven khit ciangin
e127177	zd:25751	ih gam sungah a ven thei nadingin
e127178	4.16.50	Gimna a ven’ ciangin
e127179	44.20.1	Hih buaina thu a ven’ ciangin Paul in
e127180	10.24.21	Mite’ tung panin gimna a ven’ theih nadingin
e127181	13.21.22	Mite kiang panin gimna a ven’ theih nading
e127182	9.25.37	Nabal’ zukhamna a ven’ ciangin
e127183	20.14.13	kigualnop sakna a ven’ciangin dahna hong kilang kik hi
e127184	10.11.27	A kahna a ven’ ciangin
e127185	19.57.1	siatna huihpi a ven’ mateng
e127186	44.12.4	Herod in Paisan Pawi a ven’ ciangin
e127187	24.22.29	Kammal ngai dih ven
e127188	11.22.15	hong pia ding hi ven’
e127189	zd:11415	Kinialna bel veng thei nai lo a
e127190	10.12.10	namsau tawh kidona veng ngei lo ding hi
e127191	5.34.8	Moses hangin kahna leh thuumna veng hi
e127192	10.24.25	Israel tung panin gimna veng hi
e127193	22.2.11	Phalbi veng ta a, guahzu nawn lo hi
e127194	18.11.16	Na lungkhamnate veng ding a
e127195	19.55.11	kisukcipna leh khemna veng lo hi
e127196	20.17.13	cik mahin thusia veng cih om ngei lo hi
e127197	36.1.10	tua khuapi Veng Nihna sungah mite’ kahna
e127198	14.34.22	Jerusalem sung a Veng Nihna ah teeng hi
e127199	zd:23643	Tedim khuapi Sakollam vengah Public Zunbuk khat lam nading
e127200	zd:19662	Little India vengah buaina om aa
e127201	zd:20131	Leilum vengah zong
e127202	9.19.22	Ramah khuasung Naioth vengah om uh hi
e127203	9.19.19	Ramah khuasung Naioth vengah David om hi
e127204	9.19.23	Ramah khuasung Naioth vengah amah pai hi
e127205	zd:25918	Galpi nihna hong vengin
e127206	zd:18208	mimal mindeihluatna hong vengin kikhenna hong kiam dinga
e127207	42.2.43	Tua pawi vengin a ciahkik uh ciangin
e127208	zd:20928	Na vengpa bangzah tak hau in pil veva taleh
e127209	zd:25569	na vengpa nung zuilai ding na hiam?
e127210	20.3.29	na nai-ah hong teeng na vengpa
e127211	20.24.28	na vengpa langkhatah teci pang kei in
e127212	11.8.31	Mi khat a vengpa tungah khialin
e127213	2.18.16	mi khat leh a vengpa' kikal-ah thu ka khen
e127214	5.19.11	mi khat in a vengpa mudahin
e127215	20.25.8	Na vengpa in nang’ khialhna hong laktel kik leh
e127216	3.18.20	na vengpa’ zi tawh na lumkhawm kei ding a
e127217	2.22.26	na vengpa’ puansilh na lak ngei khak leh
e127218	zd:21097	Ih vengte zong i lawmte hi
e127219	zd:18241	A vengte in nat veh dingin pai uh a
e127220	zd:16997	na ki-it bang in na vengte na it in
e127221	20.26.18	A vengte a khem khit ciangin
e127222	19.79.4	Kote in ka vengte uh’ zahko
e127223	19.15.3	a vengte a mawhsak lo mi
e127224	20.25.17	Na vengte inn-ah hawh mun lua kei in
e127225	26.26.15	kithat mite’ kut vengvangna in tuipi dunga
e127226	26.26.15	kithat mite’ kut vengvengna in tuipi dunga
e127227	zd:25150	hauh venvan sangin lungnop hiuhiau hoihzaw hi
e127228	zd:24029	sum ih nei venvan phialzongin
e127229	19.119.20	ka lunggulh venvan hi
e127230	18.36.16	na sabuai tungah anlim nono kilui venvan hi
e127231	38.9.3	kongzing nin zahin kiciang venvan hi
e127232	18.27.16	nikten puansilh ciang venvan ding uh hi
e127233	34.3.3	Siluang hawm sim zawh ding hi lo, kiciangin vum venvan
e127234	23.30.33	sing a sangpi-in vum venvan hi
e127235	zd:24119	Hong dawng vet lo hi
e127236	zd:24231	Thu maan ka sa vet kei hi
e127237	zd:9231	Puahkik zuunkik kul vet lo hi
e127238	9.14.26	kuamah in ciam ngam vet lo uh hi
e127239	66.3.15	vot lah vot vet lo
e127240	40.5.34	kiciamna na zang vet kei un
e127241	21.5.5	thuciamna neih vet loh ding hoihzaw hi
e127242	18.6.9	a khut zanin kei hong that vet leh
e127243	zd:20971	Siamsin khangno te in pilna mah bulphuh veva ding hihang
e127244	27.8.5	keeltal khat a hong tai veva hi
e127245	32.4.8	ni in zong Jonah lu zang kapsuk veva
e127246	26.24.11	mei-am tungah suang un la, sansak veva un
e127247	pk:56	a deihna ki telthei veve hi
e127248	pk:163	hamphatna ngah veve
e127249	zd:17651	A kingah thei veve hi
e127250	zd:22802	Kawl pau mah hi veve hi
e127251	zd:21110	Ahizongin ki nungta veve hi
e127252	24.2.22	na mawhna nin ka mu lai veve hi
e127253	20.27.22	a hai ngei mah-in hai veve lai ding hi
e127254	2.22.17	numei’ pa’ tungah sum pia veve ding hi
e127255	20.26.26	ama gitlohna thei veve hi
e127256	4.14.44	kuantoh ding amaute in ngaihsun veve uh hi
e127257	45.5.14	sihna khutnuai mah hi veve uh hi
e127258	31.1.4	No kong khiasuk veve ding hi
e127259	19.69.11	amau adingin gentehna ka suak veve hi
e127260	25.3.36	Amah in a hong thei veve hi
e127261	21.8.10	amah a phat vevena uh ka mu hi
e127262	19.144.8	nangawnin a zuau vevete’ kiang panin kei
e127263	27.4.15	Sik leh sumngo kual tawh vial in la
e127264	44.28.3	gul khat hong taikhia-in Paul’ khut a vial hi
e127265	27.4.23	A bulah sik leh sumngo kual vial in la
e127266	26.36.2	ci vial uh hi
e127267	23.66.5	hong ci vial ding uh hi
e127268	18.30.10	ka maitang nangawn cil hong phih vial uh hi
e127269	19.41.9	a khetul tawh kei hong peek vial hi
e127270	18.1.5	a pawi bawl uh vial khat a kikhit ciangin
e127271	11.7.35	a sang vial bem khat om hi
e127272	23.27.1	a kikual vial gulpi
e127273	32.2.5	lopate in ka lu hong vialcip hi
e127274	18.38.9	khuamial tawh a vialcip pa keimah ka hi hi
e127275	18.38.9	khuamial tawh a vialcippa in keimah ka hi hi
e127276	11.20.32	a lu uhah khauhual vialin
e127277	11.20.31	puanhampi i kawngah tengin i lu tungah khauhual vialin
e127278	40.27.29	ling vialin a lu-ah khusak uh a
e127279	43.19.2	ling vialin Jesuh khusak uh a
e127280	41.15.46	a puan lei tawh hoihtakin vialin tuam a
e127281	19.137.7	a cih vialna uh phawk in
e127282	19.40.15	hong ci vialte zahhuaina tawh maikhingsak in
e127283	zd:25433	gim-namtui te hong nam viauviau ta hi
e127284	zd:23797	khat veivei ngapik hong nam viauviau
e127285	zd:19681	Ling lakpan a namtui viauviau paakpalh
e127286	22.1.13	paknamtui bangin namtui viauviau hi
e127287	26.32.10	Ka namsau ka viik ciangin kumpite
e127288	23.30.32	Amah in a khut viik-in amaute do ding hi
e127289	zd:26976	gam ui te mai-ah a vik ziahziah leh
e127290	zd:24276	Phone na ki ho kawm in khut vik
e127291	zd:21874	Mawsi in a ciangkhut a vik kul a
e127292	26.32.10	Ka namsau ka vik ciangin kumpite lau-in
e127293	2.7.20	amah in ciangkhut vik to-in Nail gun
e127294	23.30.30	ama khut a vik sukna kimusak ding hi
e127295	23.30.32	a khut vikin amaute a do ding hi
e127296	zd:14780	I lo zawngin an ane hiam va vil in
e127297	ts:1459	mawtaw tawh gal vil apai SAC galkapte
e127298	zd:20557	hoihtak mah in suan in vil in
e127299	26.33.2	gal vil dingin mi khat seh uh hi
e127300	34.2.1	Na kan uhah pang un la, lampi vil un
e127301	16.11.19	Kongpite a vil kongcingte
e127302	42.20.20	a hunhoih ngakin vil gige uh a
e127303	9.19.11	amah a vil dingin David’ inn-ah mi sawl hi
e127304	24.5.6	Kamkei khat in a khuapite uh vil gige a
e127305	19.141.3	ka mukte’ kongkhak a vil ding khat koih in
e127306	9.26.15	bang hangin na to kumpipa vil lo na hi hiam
e127307	15.8.29	piak dong mateng uh vilin kem un
e127308	9.4.13	lampi gei-ah a vilin ama tutna-ah Eli na tu
e127309	23.21.8	ka vilna munnah zankhuavak ka om hi
e127310	15.5.5	Judah upate in Pasian’ vilna sungah nasem hi uh a
e127311	12.17.9	gal vilna bukno akipan kulh a nei khuapi dongin
e127312	2.12.42	hih zan mah zan vilna-in nei uh hi
e127313	13.9.27	amaute tungah vilna nasep leh zingsang simin
e127314	44.12.10	Thongcingte’ vilna mun a khatna le a nihna
e127315	23.21.11	Gal vilpa aw, tu zan bangci hiam
e127316	25.4.18	Galte in hong vilsim uh ahih manin
e127317	24.31.6	Efraim mualtung panin gal vilte in
e127318	3.27.2	a tuam vilvel-in kiciamna a bawl ciangin
e127319	zd:22789	atuam vilvelin nei uh aa
e127320	zd:15396	atuam vilvelin Pasian in hong piak tuam lakam ahi hi
e127321	zd:23667	Kawlzang leitang tawh kisawhkhalo atuam vilvelin hong uk uhhi
e127322	3.27.2	a tuam vilvelin kiciamna a bawl ciangin
e127323	49.3.7	Pasian in a tuam vilvelin ama vangliatna tawh
e127324	zd:22059	Hun man phet in ka ciah vingveng ziau hi
e127325	zd:25625	Azing ciang in vapai pah vingveng hi
e127326	zd:15301	Motorcycle tawh taikhia vingveng uh cihi
e127327	17.6.12	a innah ciah pah vingveng hi
e127328	zd:12044	Mipil, Misiam vive hi uh hi
e127329	zd:12534	adangte pen pasal vive hizaw uhhi
e127330	14.20.24	mi si luanghawm vive na hi hi
e127331	23.28.19	launa lianpi vive hi ding hi
e127332	20.8.8	Ka gen khempeuh ahi vive hi a
e127333	23.41.29	amaute khempeuh zuaupi vive ahi hi
e127334	26.40.46	Zadok’ suan Levi mite vive ahi uh hi
e127335	26.1.18	leengpei kualte tungah mittang vive a dimin om hi
e127336	18.21.34	Na gen uh thu khempeuh zuauthu vive hi lel hi
e127337	20.8.6	ka gen khempeuh thumaan vive ahi hi
e127338	26.41.21	kongkhak khuamte pen a siik kikim vive ahi hi
e127339	42.15.15	a innteek pa in vokcing dingin ama lo-ah
e127340	41.5.14	vokcingte tai uh a, khua sung leh
e127341	41.5.14	tua vokcingte tai-in khuasung le gam sung tengah
e127342	40.8.33	Tua vokcingte zong tai-in khuasung tuh uh a
e127343	pk:169	vokno khat
e127344	zd:21136	bawng le tuu in vokpi kiangah gen uh hi
e127345	zd:21347	vokpi dawnna bawngpi in a zak ciangin
e127346	20.11.22	vokpi muk-a om kham nakbah tawh kibang
e127347	61.2.22	vokpi in a kisil khit ciangin
e127348	zd:24119	Ka vokpi suak-in 9 pha hi
e127349	61.2.22	vokpi in a kisil khit ciangin buan
e127350	zd:23385	ankuang sungah voksa om lo-in
e127351	zd:22193	voksa tawh akibawl meh namkhatpen
e127352	23.65.4	voksa ne-in amau beel sungah
e127353	23.66.17	voksa leh kihhuaina leh zusa a nete
e127354	40.8.32	vokte sungah a lut uh leh
e127355	41.5.12	Kote tua vokte sungah ka lut nadingun
e127356	41.5.13	vokte kisim leh, tulnih bang pha ding hi
e127357	40.8.31	hua vokte sungah hong lutsak in
e127358	41.5.16	dawi lutpa ahi zongin, vokte ahi zongin
e127359	42.8.32	Tua vokte sungah a luttheih nadingun dawite in
e127360	42.8.33	vokte sungah a lut uh leh, vok honpite in
e127361	zd:15911	vom ganhingkhat alei golgawp ahih manin
e127362	9.17.34	humpinelkai ahi a, vom ahi zongin hong pai-in
e127363	9.17.37	Humpinelkai khecin leh vom khecin panin
e127364	zd:23356	Tua lungsim pen mi khempeuh in a vom thei lua hi
e127365	zd:21225	Pianpih lungsim vom tawntung ding
e127366	zd:19798	a picing lungtang vom ciat ni
e127367	41.6.8	kawnggak sungah dangkasan na vom kei un
e127368	63.1.10	hih thu a vom kei leh
e127369	23.51.7	lungsim sung uhah keima thu a vom mite aw
e127370	19.106.43	amaute in lehdona lungsim vom uh a
e127371	44.13.1	Mi Vom pa zong a kici Simon
e127372	66.6.12	ni pen puanvom bangin hong vomin
e127373	18.30.30	Ka vun vomin dulhkhia a
e127374	66.13.2	A khete vomkhe tawh kibang hi
e127375	pk:173	vompi ha lungvei bang
e127376	zd:21426	vompi te in mat ding in hong ngak uhhi
e127377	zd:24130	vompi pelh mah leng zong sahang kituak thei hi
e127378	ts:3369	tuate pen vompi leh sahang ahi hi
e127379	25.3.10	vompi bangin hong buk a
e127380	23.11.7	Bawngpi leh vompi in an nekhawm ding uh a
e127381	40.5.36	a kangsa vomsak thei loin
e127382	9.17.36	humpinelkai leh vomte that khin ngei
e127383	38.6.6	Sakol vomte in a kaih leeng
e127384	1.30.40	Laban’ tuuhon sunga a vomte khempeuh’
e127385	zd:21850	a lumna leh a votna a kikim hilel hi
e127386	zd:21048	Khutdawn khedawn votna hangin
e127387	zd:20959	A votna mun, huih ngahna mun
e127388	19.147.17	tua a votna kua in thuak zo ding
e127389	7.3.20	inndei a votna sungah amah guak tu-in
e127390	42.16.24	ka lei hong votsak nadingin
e127391	23.25.5	meii liim in nisa a votsak bangin
e127392	4.19.9	bawngla vu khawmin
e127393	pk:122	hong vua ahia
e127394	zd:10882	Ka ta aw, na zi vua ngei ken
e127395	54.3.3	midang a sat a vua mi hi loin
e127396	40.24.51	tua nasempa vua-in misimtatte tawh a omkhawmsak ding
e127397	42.12.46	a topa hong tung ding a, tua nasempa vua-in
e127398	56.1.7	midang a vua thei mi
e127399	29.1.12	theikungte vuai ta hi
e127400	zd:9441	Pencil neihloh man a siapa vuak laitak
e127401	zd:23616	ka vuak mipa leh a innkuanpihte mai ah
e127402	zd:12523	Mipi te'n vuak athuak laitak in
e127403	20.23.35	Hong vuak hangun ka liam kei a
e127404	23.53.4	Pasian in a gimsak, a vuak, gimna a thuakpa-in
e127405	ts:4064	mat leh vuakna cihte peuh mah omlo dingin
e127406	zd:23496	upna tawh kisai buaina leh vuakna piangthei
e127407	ts:4831	vuakna satna, matna henna zong thuak thei uhhi
e127408	20.20.30	nakpi tak-a vuakna in i sung tawng
e127409	19.39.10	na khut tawh nong vuakna-in ka tha bei ta
e127410	19.39.10	Nong vuakna ma ka tung panin lakhia in
e127411	44.16.22	amau tegel vuakpih ngeingai uh a
e127412	40.11.7	Huih mut a, vuang pumpeeng en dingin
e127413	42.7.24	Huih mut a, a vuang pumpeeng en ding
e127414	19.141.5	Mi phapa kei hong vuasak in la
e127415	22.1.3	Na omna khempeuh nam vuauvuau a
e127416	26.24.7	leivui in a vuh theih nading
e127417	41.2.4	ama omna tungsan innkhum a vuhlet khit uh ciangin
e127418	42.5.19	innkhum a vuhlet khit uh ciangin
e127419	2.21.6	phimpi khat tawh ama bil vuhsak ding
e127420	ts:3168	nitak nai 10:00 in vui uh hi
e127421	zd:19836	Tua mi lui pen si in ki vui hi
e127422	zd:23830	nai 24 sung in vui ding
e127423	44.8.2	Stefen a vui uh a
e127424	40.8.22	Misite in amau misite na vui ta hen
e127425	19.79.3	amaute a vui ding kuamah om lo hi
e127426	40.13.26	Taang po a, hong vuih khit ciangin
e127427	2.9.31	mangbuhhamte a vuih laitak hi a
e127428	zd:17375	Tua RM30,000 tawh aki vuikhawm hankuang
e127429	14.28.27	Judah kumpite tawh vuikhawm lo uh hi
e127430	1.49.29	han sungah ka pate tawh hong vuikhawm un
e127431	1.41.22	a hoih buhvui sagih a vuikhia zong
e127432	zd:21987	hanthotna ong neih khit ciangin hanmualah vuina kineidinghi
e127433	zd:25775	han ah vuina nei hi
e127434	zd:12684	ah vuina kinei dinghi
e127435	41.15.47	a luang vuina mun a mu uh hi
e127436	1.23.4	note’ lakah vuina ding mun leitang hong pia un
e127437	21.6.3	lim tak-a vuina a ngah kei leh
e127438	26.39.13	mi khempeuh in misi vuina-ah huh ding uh a
e127439	26.39.12	misi vuina-in kha sagih sung hun bei ding hi
e127440	24.19.11	Mun dangah si vuina ding mun om nawn lo
e127441	40.8.21	ka pa hong vuisak masa in
e127442	66.11.9	tua a luangte vuisak loin
e127443	1.50.5	ka pa hong vuisak in, ci-in kong thum hi
e127444	12.23.6	han tungah a vuite lawn hi
e127445	5.9.21	lui sungah a vuite ka lawn hi
e127446	12.23.12	tua a vuite Kidron lui-ah paai hi
e127447	14.34.4	han tungah tua a vuite a theh hi
e127448	26.39.15	misi vuite in hong tawmin Gog’ Galkapte’ Kuam-ah a vui
e127449	44.5.9	Na pasal vuite’ khe in kongkhak kiangah
e127450	10.2.4	Saul a vuite in Jabeshgilead mite hi
e127451	5.23.25	na khut uh tawh a vuite na zut thei
e127452	pk:10	vuk lakah pak po zolo hi
e127453	zd:16245	vuk kialua ahih manin apai thei nonlo
e127454	zd:19814	vuk tungah ki gamtang ngeilo ahih manin
e127455	zd:12967	vuk kiagawp in mawtaw kiphulgawp ngei hi
e127456	4.12.10	vuk bangin pak hi
e127457	19.68.14	Zalmon mual tunga vuk kia tawh kibang hi
e127458	zd:15767	lei tawh ka vuk kik hi
e127459	zd:21605	lei in vuk cip in suangmeihol piang hi
e127460	zd:17685	thupha tawh hong vuk ding hi
e127461	3.17.13	leivui tawh vuk ding hi
e127462	42.23.30	Komau hong vuk un
e127463	12.23.14	mihing guh tawh a dim tua munte a vuk hi
e127464	5.23.13	na ek uh na vuk ding uh hi
e127465	ts:301	mencim in Luika khua a vukcip hi
e127466	zd:12042	Aomna innte uh siacip, buanin vukcip ahih manin
e127467	zd:16204	Zomite leiba in vukcip in acimawh pawlkhat om
e127468	19.88.7	na tuihualte khempeuh tawh kei nong vukcip hi
e127469	19.119.28	Dahna in kei hong vukcip hi
e127470	25.2.9	Kulh kongpite cim gawpin lei in vukcip a
e127471	1.26.18	Filistia mite in tuate vukcip uh hi
e127472	28.10.8	Hong vukcip un
e127473	zd:20484	vukkhal, vukmual omveve a; vukzong kia hi
e127474	zd:23676	vukkhal a nawk'khak manin Titanic kisia
e127475	2.16.14	vukkhal banga a pa dildel leitungah om hi
e127476	19.78.47	a theithekte uh vukkhal tawh susia hi
e127477	19.147.16	tuumul bangin vukkhal hong pia a
e127478	18.24.19	khuakhal hunin vukkhalte a manthan bangin
e127479	20.26.1	Tuk lai tak-a vukkia
e127480	38.14.6	khuadam, vukkiat cihte om nawn lo ding
e127481	zd:13077	Lungkhamna leh Patauhna te-in hong vuknelh laitak-in
e127482	zd:17206	Motorcycle tawh mi 2 ahingtang in vuknelh
e127483	zd:15652	a thakte in vuknelh toto-in
e127484	11.10.7	in ka zak thute vuknelh hi
e127485	40.13.22	hauh nopnate in Pasian’ thu vuknelh ahih manin
e127486	15.9.6	ka lu dawn uh hong vuknelhin vantung dong
e127487	24.36.30	zan laitaka vuksan vukngo tuam dingin
e127488	19.147.16	vut bangin vukpak hong thehthang hi
e127489	24.36.30	zan laitaka vuksan vukngo tuam dingin
e127490	18.38.29	kua’ sung panin vana vukte hong suak
e127491	zd:26097	singtehte vul in lopate keumangta hi
e127492	zd:22650	Singkungte hong vul semsem uh hi
e127493	zd:25472	Inn lam zong ngai tek uha, lungzuangin vul uh hi
e127494	23.24.4	leitung buppi thanemin vul gawp hi
e127495	60.5.4	a vul thei lo vangliatna lukhu
e127496	23.1.30	a teh a vul tawsaw kung
e127497	23.64.6	Kote khempeuh singteh bangin ka vul uh a
e127498	19.37.2	amaute lopa bangin vul pak ding uh a
e127499	40.13.6	zung kha zo lo ahih manin a vul gawp hi
e127500	19.1.3	a teh a vul lo singkung tawh kibang hi
e127501	24.12.4	lopate bang tanvei vulcip ding ahi hiam
e127502	19.102.11	lopa bangin kei ka vulgawp hi
e127503	23.33.9	Lebanon mual-a tulak singte vulgawp a
e127504	23.28.1	a vulgawp paak ahi, a vanglian ama hoihna
e127505	46.9.25	a vulgawp thei pahtakna lukhu a ngah nop manun
e127506	19.68.9	na luah mite vulgawp ahih manin
e127507	23.24.4	leitung a, a kipahtawite vulgawp hi
e127508	18.19.10	vulgawpin a si dingin kei a hong nusia hi
e127509	23.24.7	Leengguite vulin, leenggahzu kang a
e127510	23.24.4	Leitung vulin keugaw a
e127511	40.13.6	tua ankungnote vulin a keu hi
e127512	59.1.11	sumhau mi in ama nate-ah vulin a mangthang ding hi
e127513	60.1.24	Lopate vulin paakte pulh a
e127514	19.90.6	nitak ciangin vulin keu uh hi
e127515	23.40.7	lopa vulin, pak a pulh hi
e127516	23.24.4	a nih tuakin vulkhawm hi
e127517	42.8.6	ahih manin a vulkik pah hi
e127518	19.37.2	lopa bangin amaute vulpak ding uh a
e127519	30.4.9	Na ankungte uh lung ne sakin ka vulsak a
e127520	40.6.16	na mai uh vulsak kei un
e127521	34.3.3	kiciangin vum venvan
e127522	40.10.27	innkhum vumah kiko-in na gen un
e127523	42.12.3	innkhum vumah a kiko ding uh hi
e127524	35.1.10	a kulh pua-ah lei sung vumin
e127525	zd:23853	Hih virus in a cidam vun phu zolo hi
e127526	zd:25909	vun ading in zong hoihmahmah ci uhhi
e127527	zd:24276	vun natnate zong hong dal sak lai hi
e127528	18.7.5	ka vun tung khempeuh meima in tuamcip hi
e127529	3.1.6	meihal biakna ganhing a vun hawk-in
e127530	18.19.20	Ka guh tungah ka vun kol dihdiah-in om a
e127531	3.13.35	a cithak in a vun sung a lawh leh
e127532	46.7.18	vunat mi hong sap leh
e127533	48.2.3	a vunat dingin thu a pia kei uh hi
e127534	48.6.13	note vunat nading a deih uh hi
e127535	44.11.3	Nang in vunat lote kiangah pai-in
e127536	46.7.19	vunatna hangin phattuamna om lo hi
e127537	56.1.10	vunatna a thuak mite lakah
e127538	43.7.22	Moses in vunatna thu no hong pia hi
e127539	48.6.15	vunatna in phattuamna a om kei hi
e127540	48.2.8	vunatte tawh a kipawl Lungdamna Thu
e127541	44.10.45	Pasian thu-um vunatte khempeuh
e127542	48.2.12	amah in vunatte a kihtak maninah
e127543	48.2.9	amaute in vunatte kiangah pai nadingin
e127544	10.3.14	Filistia-te’ vundawn za khatin ka leisa
e127545	9.18.25	Filistiate’ vundawn zakhat cih simloh
e127546	9.18.27	amaute’ vundawnte David in hong paipih hi
e127547	24.2.13	tui a vung thei kei hi
e127548	zd:24276	vatawt vun, ak vunte nelo ding
e127549	zd:21388	ih vunte tungah 64% bang tui a om
e127550	2.26.14	A kisansak tuutal vunte leh keel vunte tawh
e127551	2.36.19	puanbuk adingin a kisansak tuutal vunte leh keelvunte tawh
e127552	2.39.34	a kisansak tuutal vunte leh savunte tawh a kibawl khuhna
e127553	2.36.19	a kisansak tuutal vunte leh keelvunte
e127554	2.35.23	keelmul, a kisansak tuutal vunte, savunte
e127555	zd:21605	meikhu, mei am le vut in kikhel hiau hi
e127556	zd:17733	mualdawn ah vut asamahmah kiphitkhia ziahziah cihi
e127557	zd:24392	puanhampi silhin, vut lakah tu-in
e127558	18.2.8	vut lakah tu hi
e127559	10.13.19	Tamar in a lu tungah vut koihin
e127560	zd:9254	mi khempeuh a lungsim uh vut mahmah hi
e127561	zd:23907	I lungtang hong vut zo Pasian thu
e127562	5.15.17	a bil na vut ding
e127563	24.4.18	kha-in na lungtang hong vut hi
e127564	44.2.37	a lung uh vut a
e127565	12.21.12	a za mite khempeuh’ bilte a vut ding siatna
e127566	4.19.10	Bawngla vute a khawm mipa in
e127567	4.19.17	a kihal khialhna hanga biakna vute la-in
e127568	12.23.4	a vute Beth-el ah pua hi
e127569	58.9.13	bawngla kihaltum vute
e127570	zd:17733	Mount Agung meimual panin vutkhu vive
e127571	zd:16369	Tua vutkhu hangin Lombok khua azuanin aleng vanleng
e127572	18.13.12	Na thugente uh vutkhu bang hi lel a
e127573	2.22.1	Guta khat in inn vutlet a
e127574	18.42.6	tu-in vutlevai khu-in nakpitakin ka kisik hi
e127575	26.28.18	mi khempeuh’ muhna-ah vutlevai ka hong suah hi
e127576	26.6.6	a milimte uh vutlevai suakin
e127577	2.38.3	sikkate le vutluahna peekte a bawl hi
e127578	11.7.50	kham citak vutluahna
e127579	4.4.14	biakna tau nazat khempeuh, a vutluahna peek
e127580	14.4.22	paknamtui adingin pakante, leh vutluahna hi a
e127581	12.25.15	vutluahna, le haite lakhia uh hi
e127582	12.25.15	vutluahnate zong, leh haite lakhia uh hi
e127583	24.52.18	beelte, vutluahnate, taitehte, kuangte
e127584	11.13.5	biakna tau panin a vutte kibuakhia hi
e127585	2.9.10	meiphualpi panin vutte la-in
e127586	pk:20	vuttui a khaih hi
e127587	24.2.22	vuttui tawh na kisil-a satpiang tampi na zang zongin
e127588	12.12.9	khat la-in a siin vutvang a
e127589	zd:17717	vuuk kiatna hangin mawtaw 100 val kiphukhagawp
e127590	zd:23896	Van pan in guah le vuuk hong zusuk aa
e127591	zd:17632	khuahun votlua mahmah, vuuk limkiat mahmah
e127592	23.55.10	guahtui leh vuuk hong pai-in
e127593	40.28.3	a puan zong vuuk bangin a paak hi
e127594	23.1.18	vuuk bangin hong ngo ding hi
e127595	27.5.7	gam sungah a za lian thumna-in ka koih ding
e127596	27.2.48	a za liansak a
e127597	17.10.3	Mordekai in a za lianpen nihna ahi hi
e127598	46.12.5	Nasepna za atuam atuam a om
e127599	19.109.8	midang khat in ama nasep za ngah ta hen
e127600	54.3.1	Thuhilhpa za a deih mi in
e127601	1.21.5	Abraham kum za pha hi
e127602	1.7.24	Ni za leh ni sawmnga sung
e127603	1.23.1	Sarah kum za leh kum sawmnih-le-sagih nungta a
e127604	16.12.39	Mi Za Khat Tausang
e127605	16.3.1	Mi Za Khat Tausang ciang banah Hananel Tausang dong
e127606	1.36.27	Bilhan, Za-avan leh Akan ahi uh hi
e127607	ts:301	Kam Hau' ukpi zaa a ngah hi
e127608	zd:10736	acting president zaa tawh len khawm hi
e127609	zd:11244	Ukpite zong amau zaa zui in sumlom kipia hi
e127610	51.1.25	zaa hong piak mah bangin
e127611	41.4.32	A kung golin a hiangte zaai ahih manin
e127612	26.17.23	a hiang zaai-in a gah luai ding a
e127613	23.16.8	a hiang zaai-in tuipi kantan a
e127614	23.1.15	na khutte uh nong zaak uh ciangin
e127615	20.1.17	i siahna ngenthang zaak pen a mawkna hi
e127616	15.9.5	ka Pasian’ lamah ka khut zaakin
e127617	zd:19998	ahiang zaam in alim golpipi
e127618	26.17.6	A hiangte pen muvanlai lamah zaam a
e127619	23.18.5	a zaam zeizai a hiangte heuhkhia ding hi
e127620	24.48.32	Jazer khua dongah na zaam suak hi
e127621	1.49.22	a hiangte kulh tungah zaam hi
e127622	32.4.6	umgui khat a tungah a zaamsak hi
e127623	46.3.15	tuapa a zaang ding hi
e127624	18.39.19	Sakol zaangmul a posak pa
e127625	23.54.16	pum zaap-in ama kizat nading ciat
e127626	19.119.163	Zuaunate zadahin ka kih a
e127627	1.41.45	Faro in Josef’ min Zafenath-paneah a phuak hi
e127628		ni zagiat
e127629	1.5.4	kum zagiat
e127630	10.23.8	amah in a teipi tawh mihing zagiat do-in
e127631	10.24.9	galhang mi tul zagiat om a
e127632	6.11.6	a sakolte uh a zagui na sattat ding a
e127633	6.11.9	amau’ sakolte uh a zagui sattat sakin
e127634	1.49.6	amaute in bawngtalte zagui sattat uh hi
e127635	10.8.4	leengkai sakol khempeuh a zagui atsat a
e127636	zd:24117	mihing tul zaguk val amakaih
e127637	zd:16728	khuano inn zaguk val apha khuano 4 bang
e127638		ni zaguk
e127639	1.7.6	kum zaguk
e127640	7.18.11	galhiam a tawi mihing zaguk
e127641	7.18.16	galhiam a tawi Dan mi zagukte
e127642	9.27.2	amah tawh a om mihing zagukte
e127643	10.15.18	amah a zui Gath mi zagukte khempeuh
e127644	1.4.15	a zah sagih
e127645	40.13.8	a zah sawmthumin a gah hi
e127646	10.12.6	a tuuno a zah li-in loh ding hi
e127647	zd:23249	A sum bei ding zah zong gel khol pah hi
e127648	zd:10880	Drones kizatna hangin a si zah
e127649	zd:17348	Bang zah tung thei ding
e127650	14.4.18	sumngo a gik zah kithei zo lo hi
e127651	2.16.18	a kham zah ding khawm uh hi
e127652	42.3.13	thu hong kipia zah khengin dong kei un
e127653	3.25.15	a kum pha zah tawh kituakin
e127654	2.16.16	a om mi zah tawh kituakin
e127655	17.9.11	Susa khuapi sunga a kithat zah
e127656	1.26.12	a zah zakhat la hi
e127657	41.4.8	a zah zakhat a gah hi
e127658	2.16.5	a khop ngei zah nih pha ding hi
e127659	3.26.18	a zah sagih vei-in note kong thuhilh
e127660	19.79.12	ang sungah a zah sagih-in thuk in
e127661	42.19.8	a zah li-in ka loh kik ding hi
e127662	zd:20795	NLD tu zaha a hat ding ka lamet loh man hi
e127663	58.12.1	hih zaha tam teci pan’nate
e127664	66.18.17	tua zaha nopsaknate a beisak ta hi
e127665	51.2.1	bang zaha lian kidemna
e127666	19.127.5	Amah guallel-in zahhuai ngeilo ding hi
e127667	19.86.17	hong mudahte in mu-in a zahhuai nadingin
e127668	19.71.24	Keima siat nading a zongte zahhuai-in kiminsia-sak khin
e127669	19.6.10	Ka galte khempeuh zahhuai in genthei mahmah
e127670	23.1.29	zahhuai-in na mai uh san ding hi
e127671	24.17.13	nang a hong taisan mite a zahhuai ding uh hi
e127672	19.71.13	Kei hong mawhsakte zahhuai-in beimang uh hen
e127673	19.44.15	sunthapai-in ka zahhuai den a
e127674	60.2.6	Amah a umte, zahhuai ngei lo ding hi
e127675	19.35.26	maizumsak inla, zahhuaigawp sak in
e127676	19.40.15	hong cite zahhuaina tawh maikhing sak in
e127677	23.30.3	nomau’ zahhuaina hi ding hi
e127678	23.43.28	Israel tungah zahhuaina ka tungsak a
e127679	19.119.31	kei hong zahhuaisak kei in
e127680	19.74.21	A kisikcip mite zahhuaisak kei in la
e127681	19.69.6	nangmah hong muangte keima hangin zahhuaisak kei in
e127682	19.25.3	thu khual lo-a zuau theite zahhuaisak in
e127683	19.119.78	Mi kiphasakte zahhuaisak in
e127684	42.20.11	satin a zahhuaisak khit uh ciangin
e127685	zd:11581	Nute zahin hong it ding leh hong ngai ding midang omlo hi
e127686	zd:21978	kumpite zahin thupi takin kivui hi
e127687	9.20.17	ama pumpi a it zahin
e127688	9.18.1	Jonathan in ama pumpi zahin it hi
e127689	18.30.21	nong hih theih zahin kei nong bawlsia hi
e127690	38.10.8	ni danga zahin mi tampi ka phasak ding hi
e127691	13.27.23	Israel mite vantung aksi zahin a tamin
e127692	45.9.27	Israel mipawlte in tuipi sehnel zahin a tam hangin
e127693	38.9.3	leivui zahin ngun leh kham hau a
e127694	1.13.16	Na suan-le-khakte leitung leivui zahin ka bawl ding hi
e127695	35.1.9	sehnel zahin kisim zo lo hi
e127696	21.7.11	Pilna in hauhna zahin hoih a
e127697	18.40.9	Kei zahin nang hat na hi hiam
e127698	zd:25672	makaite in zong tuamah bangin a zahko uh hi
e127699	zd:21529	Pasian thu um te a zahko lo mi
e127700	zd:25329	zahko nawnkei photni
e127701	19.35.16	zahtakna mel nei loin hong zahko uh a
e127702	42.23.11	Zeisu simmawhin a zahko uh a
e127703	19.22.7	Hong mu khempeuh in kei hong zahko-in
e127704	16.4.1	Judah mite hong zahko hi
e127705	12.19.4	a nungta Pasian a zahko dingin a sawl
e127706	24.20.7	Mi khempeuh in hong zahko uh hi
e127707	20.29.9	mipilpa tungah hehin zahko a
e127708	24.50.13	khuapi siatna hangin zahko-in a phit san ding uh hi
e127709	44.23.4	Nang in Pasian’ siampi mangpa zahko na hi hiam
e127710	42.22.65	Zeisu lang pangin a zahko uh hi
e127711	40.27.44	misuamte in zong a zahko uh hi
e127712	16.5.9	namdangte’ zahkohna i ngah loh nadingin
e127713	9.25.39	Nabal khut tung panin ka ngah zahkohna
e127714	41.10.34	amah zahkoin, cil tawh phihin, satin
e127715	42.22.63	amah zahkoin a sat uh hi
e127716	zd:21845	mite in zahkona tawh a etzia ding
e127717	zd:23725	zahkona i ngah nawn loh nadingin Jerusalem kulh ciangpha ni
e127718	zd:24176	zahkona a thuak zongin
e127719	23.37.17	a nungta Pasian a zahkona
e127720	12.19.16	a nungta Pasian a zahkona dingin a hong khak
e127721	42.18.32	zahkona, bawlsiatna leh cilphihna a thuak ding hi
e127722	16.5.9	minam dangte’ zahkona i ngah loh nadingin
e127723	36.2.8	Ammon mite in ka mite a zahkona
e127724	16.2.17	zahkona i ngah nawn loh nadingin
e127725	19.79.12	nang hong zahkona mah tawh
e127726	16.4.4	kote hong zahkona amau lu tungah lehtuk sak in
e127727	9.25.39	Nabal’ khut tung panin ka ngah zahkona
e127728	23.14.4	hih zahkona kam na zang ding uh hi
e127729	65.1.9	Dawimangpa zahkona kammal zang ngam loin
e127730	24.24.9	simmawhna leh zahkonate ka thuaksak ding a
e127731	19.119.42	kei hong zahkote tungah ka dawn’ nading
e127732	pk:8	Tano a zahla hi
e127733	26.16.52	na hih manin zahla in la, maizum in
e127734	ts:12490	Siluang vui ding nasem a zahnih kisam
e127735	zd:17060	a zahnih bangin a tamtuam pah hi
e127736	zd:21456	a zahnih in kidawm in
e127737	66.18.6	amah ading a zahnih bawlsak in
e127738	66.18.6	Ama gamtatna a zahnih thukkik in
e127739	40.15.33	Mi hih zahpi kham ding khomun
e127740	zd:24003	zahpih lua kei in
e127741	zd:22543	zahpih loh ding, zahtak sak ding ahi hi
e127742	zd:9424	eima minam ngeinate zahpih lo
e127743	25.3.63	nitak dong a hong zahpih uh hi
e127744	18.21.3	na ut uh leh hong zahpih un
e127745	14.30.10	amaute nuihsanin zahpih uh a
e127746	19.59.8	minam khempeuh na zahpih hi
e127747	24.19.8	khuapi kisiatna hangin lamdang sa-in zahpih-in a phitsan ding
e127748	61.3.3	amaute in note hong zahpih bawlin
e127749	25.3.46	Ka galte khempeuh in hong simmawhin a hong zahpih
e127750	18.34.37	eite khempeuh mai-ah Pasian simmawhin zahpih hi
e127751	41.15.29	a lu uh singin zahpihbawl uh a
e127752	44.17.32	mi pawlkhat in zahpihbawl uh a
e127753	42.23.36	Galkapte in zong zahpihbawl uh a
e127754	25.5.8	Silate sangin a zahpihhuai zaw mite in
e127755	14.36.16	amaute in Pasian’ kamtaite zahpihin
e127756	11.18.27	Elijah in amaute zahpihin
e127757	42.18.32	amaute in zahpihin, simmawhin, cilphih ding uh hi
e127758	40.9.24	tua mite in zahpihin a nuihsan uh hi
e127759	42.8.53	Zeisu zahpihin a nuihsan uh hi
e127760	41.5.40	Tua mite in zahpihin a nuihsan uh ciangin
e127761	24.19.8	khuapi siatna hangin lamdangsa-in zahpihin a phitsan ding uh hi
e127762	zd:25668	maizumna leh zahpihna thuak ding cih thei hi
e127763	zd:25354	simmawh zahpihna kammalte i zat hetloh ding thupi hi
e127764	ts:4831	neu-etna, simmawhna, zahpihna leh vuakna satna
e127765	16.2.19	kote zahpihna leh simmawhna tawh
e127766	40.27.29	ci-in zahpihna tawh a hopih uh hi
e127767	23.66.5	zahpihna tawh note hong hopihin
e127768	43.7.4	ci-in zahpihna tawh thu gen uh a
e127769	24.20.8	simmawhna leh zahpihna ka thuak lawh hi
e127770	19.89.50	mihingte’ zahpihna ka sungah ka thuakna
e127771	18.1.15	hih thu hong zahsak thei dingin
e127772	zd:17224	Tua zahta a damlo ahih lam
e127773	zd:20545	Kaaptel lam hih zahta in hong paakta ahih leh
e127774	zd:9446	Hih bang zahta a mihoih himah leh
e127775	13.22.8	sisan tua zahta luangsak na hih manin
e127776	62.4.11	Pasian in tua zahta-in eite hong it ahihleh
e127777	50.1.7	hih zahta-in note ka hong phawk ding
e127778	58.12.3	Tua zahta-in mawhnei mite’ langbawlna
e127779	45.1.24	Mihingte tua zahta-in hailua uh ahih manin
e127780	18.11.2	Kampau hih zahta hong kidawng lo ding
e127781	1.31.42	le Isaac’ Zahtak pa in kei hong ompih
e127782	1.31.53	Jakob in ama pa Isaac’ Zahtak pa tawh
e127783	45.13.7	Zahtak ding a kilawmte
e127784	49.6.2	Zahtak lecin nang a dingin thu hong hoihin
e127785	18.17.9	Mite’ zahtaka a kinei mite in
e127786	43.9.31	Pasian zahtaka ama deihna a zui mite
e127787	54.6.1	a tote uh zahtakbawl ta uh hen
e127788	41.12.6	ka tapa na zahtakbawl ding uh hi
e127789	26.22.7	A nu a pa a zahtakbawl kuamah om lo
e127790	42.20.13	Amaute in amah na zahtakbawl kha ding uh hi
e127791	42.20.21	Nang in miliante zahtakbawl tuan loin
e127792	43.8.49	Keimah in ka Pa ka zahtakbawl a
e127793	17.3.5	amah a zahtakbawl lohna a theih ciangin
e127794	41.7.6	a kampi bek uh tawh kei hong zahtakbawl uh a
e127795	zd:12050	mi thupi, mi zahtakhuai ahih lam
e127796	zd:9451	Innkuan hoih leh zahtakhuai banga hong mu
e127797	zd:9426	mun thupi leh mun zahtakhuai hiden ding hi
e127798	23.32.5	mi ginalote pen mi zahtakhuai kici nawn lo
e127799	42.23.50	Amah pen mihoih, a zahtakhuai mi khat hi a
e127800	50.4.8	zahtakhuai nate, adik nate, a siangtho nate
e127801	9.18.23	mizawng hi-in a zahtakhuai lo ka hihna
e127802	56.2.3	a gamtat a khuahek uh a zahtakhuai ahih nading
e127803	5.28.58	a minthang, zahtakhuai min
e127804	19.68.35	ama biakinn sungah zahtakhuai mahmah a
e127805	19.89.6	lianin a zahtakhuai Topa pen van mite’ lakah
e127806	zd:23591	i khangno lai-in Pasian zahtakin siatna peel ni
e127807	zd:23551	Kumpi Uzziah in Topa zahtakin
e127808	zd:21013	hong zahtakin hong en thei ding uh hi
e127809	18.1.8	Pasian zahtakin gamtat hoih lo a pel
e127810	39.2.5	kei hong zahtakin hong kihta takpi uh hi
e127811	19.102.15	Minamte in Topa hong zahtakin
e127812	23.59.19	mi khempeuh in amah zahtakin, a vangliatna kihta ding
e127813	3.19.3	na nu leh na pa uh zahtakin
e127814	3.19.32	puteekte’ maitang zahtakin
e127815	60.1.17	na om laiteng uh amah zahtakin om un
e127816	1.31.42	Abraham’ Pasian leh Isaak’ Zahtakpa in
e127817	1.31.53	ama' pa Isaak' Zahtakpa tawh kiciam hi
e127818	zd:9433	Pasian a zahtakte mahin mihing zong zahtak a
e127819	zd:9453	Nu leh pa a zahtakte
e127820	zd:25218	Mung a it a zahtakte lakah khat ahi
e127821	19.103.13	Topa in amah a zahtakte hong hehpih hi
e127822	19.111.5	Amah in amah zahtakte an pia a
e127823	19.115.13	Topa a zahtakte alian aneu-in thupha hong pia ding
e127824	19.135.20	Topa a zahtakte aw, Topa phat un
e127825	19.119.74	nang hong zahtakte in kei hong mu-in lungdam ding
e127826	19.145.19	amah a zahtakte khempeuh’ deihna tung sak a
e127827	56.2.7	mite’ zahtaktheih dingin thu na hilh inla
e127828	40.22.16	Mite kuamah zahtaktuam nei lo na hih manin
e127829	16.7.2	Pasian a zahtakzaw mi khat ahi hi
e127830	23.9.19	a sanggampa zahtuan lo hi
e127831	zd:9143	a hih theih zahun Pasian na semin
e127832	zd:26945	a it ding zahun it zolo thei hi
e127833	zd:18204	a sepna zahun lawhcing lo uh
e127834	52.3.12	Kote in note ka hong it zahun
e127835	61.3.12	na hihtheih zahun hanciam unla, na ngak un
e127836	10.6.5	Topa’ mai-ah a tha neih zahun la sa-in
e127837	45.12.18	na hih zawh zahun mi khempeuh tawh
e127838	40.27.65	na hih zawh zahun cingsak un
e127839	47.8.11	tu-in na hih theih zahun hih un la
e127840	13.13.8	a tha neih zahun gualnopna a bawl uh hi
e127841	2.36.5	a kicing ding zahval
e127842	21.5.2	na pau ding a kilawm zahval pau kei in
e127843	18.40.5	Ka gen dinga kilawm zahval genkha ka hih manin
e127844	42.3.13	a kilawm zahval na dong kei un
e127845	zd:22758	A ngah zahzah tawh innlam ciah pih hi
e127846	zd:24069	Lawmlegual zong a deih zahzah ngah hi
e127847	24.11.13	na khua om zahzah uh pasian na nei uh a
e127848	4.15.12	Na bawl ganhing khempeuh a pha zahzah
e127849	26.4.11	Tui zong duh zahzah hi loin
e127850	5.12.20	na duh zahzah uh sa na ne thei ding
e127851	9.2.16	na deih zahzah la in
e127852	2.21.30	a kingen zahzah amah in pia ding hi
e127853	3.27.17	nangma sehna zahzah bit ding hi
e127854	15.7.22	ci a deih zahzah na pia ding uh hi
e127855	44.26.9	ahi thei zahzaha sep ding mah hi
e127856	43.6.11	mite’ deih zahzahin a hawm uh
e127857	2.15.9	ka deih zahzahin, tuate ka tang ding hi
e127858	16.5.8	ahi zo zahzahin i tanh kik hi
e127859	44.27.13	Krete tuikulh a kineh thei zahzahin nehkawmin ka pai uh
e127860	26.39.17	a duh zahzahun sa ne-in si dawn ding
e127861	66.19.21	vasate khempeuh in a nekzawh zahzahun
e127862	zd:24303	Tedim gam i cih pen zai mahmah hi
e127863	zd:12177	feet 60 a sau leh feet 30 a zai ahi
e127864	zd:19124	Sengam pen a gam lah zai mahmah in
e127865	47.6.11	Ka lungsim uh zong a zai hi
e127866	11.7.27	tong li sau, tong li zai, tong thum sang hi
e127867	26.43.16	tong sawm leh nih zai ding hi
e127868	19.119.96	nangma thupiakna in mong nei loin zai mahmah hi
e127869	26.40.43	khut peek cia bang a zai geihual kibawl hi
e127870	7.18.10	Leitang zai mahmah hi
e127871	13.4.40	leh gam zai-in, gamdai-in, a nopna mun mu uh hi
e127872	26.45.3	a zailam tai li kisehkhia ding hi
e127873	zd:22557	Tuipi ii zaina in lungsim puakzia hong lak hi
e127874	11.4.29	sehnel bangin lungsim zaina pia a
e127875	pk:154	A zaina 8 yrds
e127876	zd:21092	a zaina pi 2, a thukna pi 2 to ding hi
e127877	zd:17348	sanginn dingin a zaina, a sauna
e127878	1.6.15	a zaina tong sawmnga
e127879	26.48.13	a zaina tong tul sawm hi ding hi
e127880	11.6.3	inn zaina zahin tong sawmnih sau a
e127881	zd:21470	zaipi leh saupi ngaihsutna tawh geelhuai
e127882	zd:23902	huang zaipi na nei ding hi
e127883	16.4.19	I nasepna lian a, zaipi tak huam hi
e127884	18.24.2	leitang zaipi a ngah theih nadingun
e127885	27.11.3	Amah in gam zaipi tak uk ding a
e127886	19.119.32	Keima theihna nong zaisak ciangin
e127887	2.27.1	tong nga sau-in tong nga na zaisak ding hi
e127888	2.27.1	pi sagih le alang mah na zaisak ding hi
e127889	zd:13159	mei am kuang zaizai hi
e127890	zd:18943	leilak ah meikuang kilawhphei zaizai hi
e127891	zd:22046	a zan ciangin guah ong zu suk zaizai takpi a
e127892	26.28.14	a tee zaizai suangmanphate lakah na vak kawikawi
e127893	18.41.19	mei-ek leengkhia zaizai hi
e127894	18.41.18	A hetthiai ciangin taang zaizai a
e127895	29.2.5	Mual tungah a tuan zaizai laitakun
e127896	zd:16119	I zak ngeina sang a zaizaw Zogam
e127897	zd:21720	I structure a zaizaw ding in khel
e127898	18.11.9	tuipi sangin zaizaw hi
e127899	zd:24294	hih thu a zak ciang in laulua
e127900	zd:21780	Tuni-in ama' aw i zak leh ama' kiang zuan ni
e127901	zd:24086	Tua thu a zak ciangin
e127902	4.16.4	Moses in tua thu a zak ciangin
e127903	40.11.15	Khua zak nading bil nei mi
e127904	43.19.8	Tua thu Pilat in a zak ciangin
e127905	44.19.5	Amaute in hih thu a zak uh ciangin
e127906	zd:12337	sum pia uh cih khawng zong ka zakha hi
e127907	zd:20148	Ka zaknop mahmah thu zakha ing
e127908	zd:13048	naupangkap awging khat zakha ahih manin
e127909	21.7.21	hong samsiatna na zakha ding hi
e127910	zd:21859	A beisa kum zakhat sungin
e127911	zd:20636	1999 ciang in kum zakhat na hi khin ta hi
e127912	zd:19423	Numei hoihin Sia zakhat tawh kikim hi
e127913	3.26.8	Note nga in zakhat zo-in
e127914	24.52.23	a vekpi-in a kimkotah zakhat om a
e127915	13.5.21	mi tul zakhat hing mat uh hi
e127916	10.24.3	om zah zakhatin a tamna behlap hen
e127917	7.17.3	ngun peek tul leh zakhatte a nu kiangah
e127918	12.4.43	Mihing zakhatte’ mai-ah
e127919	41.3.8	ama hihsa thute zakhin uh ahih manin
e127920	42.1.13	Pasian in na thungetna hong zakhin a
e127921	20.18.13	A thu zakhin nai lopi-a dawn’kikna
e127922	57.1.4	Topa Jesuh na upna thu na zakhin ka hih manin
e127923	44.21.22	amaute in pel loin zakhin ding uh ahih manin
e127924	14.36.3	Jerusalem ah amah zakiasak a
e127925	18.12.18	Amah in kumpite zakiasak a
e127926	20.28.28	amaute a zakiat ciangin
e127927	20.29.16	a gilo uliante’ zakiatna mu ding uh hi
e127928	44.17.32	Hih thu khatvei zakik nuam lai ung
e127929	24.51.63	Hih laibu mite’ zakin na sim khit ciangin
e127930	16.13.1	mipi’ zakin Moses’ laibute sim uh a
e127931	17.6.1	ama zakin tua laibu kisim hi
e127932	zd:23676	Na zakkhak loh man bek hi a
e127933	zd:11798	cih bang pen kitam zakkhak hetlo hi
e127934	24.38.25	nang kong hopihlam a zakkhak uh a
e127935	43.11.6	a cinat a zakkhit ciangin tua lai-ah
e127936	44.21.20	Ama thugen teng a zakkhit uh ciangin
e127937	41.4.15	a zakkhit phetun Satan hong pai-in
e127938	zd:22090	I zakkik nop kammalte mah pau ta ni
e127939	58.12.19	a zakkik nawn loh nadingun a thum uh hi
e127940	51.1.5	Thu dang na zakma un
e127941	zd:8667	muhna leh zakna in hong huzap phadiak hi
e127942	zd:15514	Thuhoih zakna in lung nuam saka
e127943	zd:24188	a tanu thugen a zakna tungtawnin upmawh khat nei hi
e127944	45.10.17	upna in thu zakna hangin a piang hi
e127945	1.23.16	Hit mite’ zakna-ah
e127946	23.11.3	a bil-a a zakna tawh thu khentat lo ding hi
e127947	zd:20148	Ka zaknop mahmah thu zakha ing
e127948	zd:21085	Mi te zaknop te mah gen in
e127949	zd:24276	Na zaknop mahmah music te
e127950	55.4.3	amaute’ zaknop thute bek a gen ding sia
e127951	51.4.6	mi’ zaknop, mi’ ngaihnop dingin na pau un
e127952	42.10.24	a zaknop uh hangin za ngei lo uh hi
e127953	40.13.17	a zaknop uh hangin a za kei
e127954	30.8.11	Topa’ thu zaknop mahmahna kialpi
e127955	20.16.23	amau’ pauna zaknophuai semsem hi
e127956	20.16.21	amau’ kam khumna, zaknophuai kisa semsem hi
e127957	11.21.16	thu Ahab in a zakphetin
e127958	zd:10963	I zaksa leh I theihciatsa uh hiding hi
e127959	zd:23086	Aizong i zaksa hi mah leh
e127960	zd:19631	Ih zaksa mahbangin
e127961	18.13.1	ka bil-in ka zaksa, ka theihsa thu
e127962	43.3.32	A muhsa leh a zaksa thute teci a pang hi
e127963	55.1.13	Keima kiangah na zaksa
e127964	24.36.13	Baruk in a sim a zaksa thu teng khempeuh
e127965	62.4.3	a hong tung ding ci-a na zaksa uh
e127966	58.2.1	eite in i zaksa thute panin
e127967	19.48.8	Ka zaksa bangun
e127968	zd:23857	phone or lai tawh zaksak kul ding hi
e127969	zd:11702	UNHCR zum zaksak hamtang ding
e127970	zd:25208	i pawlpi mite bangci zaksak mawk ding ka hia
e127971	44.15.3	Gentailte kiheina thu a zaksak uh ciangin
e127972	41.5.16	bangci a piang ci-in amaute a zaksak uh ciangin
e127973	44.15.12	nalamdang leh lim a bawlna thu a zaksak lai takun
e127974	41.16.13	nungzui dangte a zaksak uh hangin
e127975	42.4.19	Topa’ hehpihna kum ahi, ci-in zaksak nading
e127976	5.4.10	amaute tungah ka thute ka zaksak theih nadingin
e127977	42.1.2	eite hong zaksak a kizomin lai a gelh
e127978	zd:19176	amau ii website tungah zaksakna neikhia uh a
e127979	zd:17327	UNHCR Meeting tawh kisai zaksakna
e127980	zd:25570	Tonzang khuapi pan zaksakna
e127981	2.32.5	ci-in Aaron in zaksakna bawl hi
e127982	4.10.6	a dinkhiat ding peuhmah ciangun zaksakna kitum ding hi
e127983	28.5.8	Galdo nading zaksakna-in Gibeah khua-ah tuutal’ ki tum un
e127984	14.24.9	Jerusalem sung khempeuhah thu zaksakna kibawl hi
e127985	3.23.21	tua ni mahin thu zaksakna na bawl ding uh a
e127986	4.10.5	Dinkhiat nading zaksakna na tum ciangin
e127987	44.28.21	Nang thu zaksakna lai
e127988	48.1.20	hih bangin ka zaksakna-ah thu zuau ka zang kei
e127989	24.5.24	Topa i Pasian zaktak ni
e127990	1.42.18	Keimah in Pasian zaktak ka hih manin
e127991	6.24.14	tu-in Topa zaktak un la
e127992	3.19.14	na Pasian uh na zaktak ding uh hi
e127993	24.44.10	kiniamkhiat lo uh a, hong zaktak loin
e127994	17.3.5	amah a zaktak bawl lohna a theih ciangin
e127995	23.29.23	Israel’ Pasian zaktakin kihta ding uh hi
e127996	zd:19607	thu ka zakte no kong thei sak zo hi
e127997	zd:25672	a gal pek pana a muh a zakte
e127998	40.13.17	Na zakte uh a zaknop uh hangin
e127999	40.11.4	na zakte uh le na muh uh thute
e128000	42.10.24	Na zakte uh a zak nop uh hangin
e128001	43.15.15	thu ka zakte no kong theisak zo hi
e128002	42.4.23	Kapernaum khua-ah na bawl thu ka zakte uh
e128003	40.13.17	note’ zakte zanuam mahmah napi-in za lo uh hi
e128004	9.2.24	genthangna thu ka zakte hoih lo hi
e128005	20.28.9	Pasian in zakthadahhuai sa hi
e128006	zd:14805	mite zaktheih kammal hong suaksak hi
e128007	zd:15941	simtheih muhtheih zaktheih ding Pasian kammal
e128008	19.77.1	a hong zaktheih nadingin a gingin ka kiko hi
e128009	44.10.22	nangma thugente a zaktheih nadingin
e128010	43.3.8	a huging na zaktheih hangin
e128011	24.6.10	a zaktheih dingun kua’ kiangah va gen ding
e128012		ni zakua
e128013	1.5.5	kum zakua
e128014	7.4.3	sik leeng zakua nei a
e128015	1.9.29	kum zakua leh kum sawmnga
e128016	zd:24336	ih zakzak sa a hi hi
e128017	zd:20142	pilna tawh semleng muibun zaw cih i zakzak sa hi
e128018	zd:21025	thu tampi zakzak sa ahih man in
e128019	55.3.7	numeite in thu a zakzak uh hangin
e128020	40.13.14	Na zakzak uh hangin na tel kei ding
e128021	23.42.2	kongzing lakah zong thu gen zakzak lo ding
e128022	33.7.16	hih thu a zakzakna-un a bil uh ngong
e128023	zd:12002	Ih zakzaksa mahbangin
e128024	zd:14549	Ih zakzaksa ahi E-card bawltheih hunpen
e128025	62.2.7	na zakzaksa uh thu ahi hi
e128026	18.13.1	ka bil-in ka zakzaksa, ka theihtheihsa thu ahi hi
e128027	zd:19621	Tua lai hong zal in a et leh
e128028	18.26.7	Pasian in mun awng tungah vanpi zal a
e128029	23.44.24	kuama seppih lohin leitung ka zal hi
e128030	23.48.13	ka khut taklam in vantungte zal hi
e128031	2.40.19	amah in biakbuk tungah puanbuk zal a
e128032	12.19.14	a lai zal hi
e128033	24.48.40	Moab gam sim dingin a kha hong zal ding hi
e128034	11.7.2	A sauna pi zalesawmnga hi a
e128035	10.17.19	tua tungah an zalh hi
e128036	24.10.12	ama’ siamna tawh vantung a zalh hi
e128037	19.65.10	leivumte zalh mai-in, guahtui tawh na nipsak a
e128038	23.45.2	Nangma mai-ah kei pai-in mualte zalhmai-in
e128039	19.65.10	leivumte zalhmai-in, guahtui tawh na nipsak a
e128040	23.28.25	Amah in lei a zalhtam khit ciangin
e128041		ni zali
e128042	44.7.6	kum zali
e128043	1.33.1	amah tawh mihing zali hong pai
e128044	zd:19676	nasep sang, zalian mun kingahlo pahding hi
e128045	zd:25130	Kumpi naseem zalian pen
e128046	23.3.3	mi sawmnga a uk bupa leh zalian a neipa
e128047	21.10.6	Mihaite, zalianpi kipia a
e128048	zd:20979	pilnasiamna, zaliatna kithupisak hun ahi hi
e128049	zd:21745	Pilna, Hauhna leh zaliatna te kipualah pahpah hi
e128050	27.11.39	a sangte minphatna, zaliatna pia-in
e128051	19.62.4	Amah a zaliatna panin sukniam ding
e128052	18.39.26	Simbung in a kha zalin leitaw lamah
e128053	2.37.9	Kherubte in a khate uh a tungah zalin
e128054	26.10.19	a kha uh zalin lei lak panin leeng to
e128055	26.47.10	a ngen uh zalin pho keu ding uh hi
e128056	38.12.1	Vanpi zalin, leitung piangsak a
e128057	23.40.22	vantungte puan bangin zalin
e128058	23.51.16	Vantungte zalin, lei bulpi ka phut a
e128059	9.30.10	amah leh mi zalite a delhin paisuak
e128060	9.30.17	kalaoh tungah tuangin a tai tangval zalite
e128061	11.18.19	Asherah kamsang zalite hong khawm in
e128062	11.7.42	mangkawlsing gah zalite
e128063	18.26.7	tungah vanpi hong zalkhia a
e128064	10.23.28	Ahoah mi Zalmon, Netofah khuami Maharai
e128065	19.68.14	Zalmon mual tunga vuk kia tawh kibang
e128066	19.136.6	tuite tungah leitung a zalpa tungah
e128067	23.40.22	teen theih nadingin puanbuk bangin a zalpa
e128068	26.21.15	Khuaphia bangin a tee zalzal
e128069	34.3.3	sakol tung tuangte’ galsimna, namsau phe zalzal
e128070	27.10.6	a mittangte in mei bangin a kuang zalzal hi
e128071	35.3.11	na teipi tee zalzal a muh ciangin
e128072	18.39.23	luum leh teite tee zalzal hi
e128073	26.1.14	khuaphia mah bangin kin zalzal kawikawi uh hi
e128074	18.37.18	ama hih bangin zalzo na hi hiam
e128075	7.5.26	puanbuk khetphim a khutin zam a
e128076	24.1.9	Topa in a khut tawh hong zam phei-in
e128077	19.18.16	a khut tawh zam-in hong la a
e128078	23.18.5	a zam zeizai a hiangte heuhkhia ding hi
e128079	1.49.22	a hiangte kulh tungah zam hi
e128080	24.48.32	leenggah gui zam bangin na hiangte in tuipi kantan
e128081	19.80.11	tuipi lamah a hiangte zamin
e128082	40.14.31	a khut tawh Peter zamin len a
e128083	19.18.16	a khut tawh zamin kei hong la
e128084	24.48.32	Jezer khua dongah na zamsuak hi
e128085	1.1.5	khuamial pen Zan ci hi
e128086	1.40.5	Zan khat amaute gel in mang man uh hi
e128087	19.6.6	Zan sialin ka khitui in ka lupna tum a
e128088	44.18.9	Zan lai takin Topa in mang sungah
e128089	44.7.28	zana Izipt mi na thah bangin
e128090	27.7.1	tua zana ka mangmuhnate
e128091	zd:11704	Helicopter pen naksiat mahmah, zancip gawp hi
e128092	ts:10837	A Inn uh zong zancip dikdek in
e128093	zd:11472	mawtaw amailam teng zancip in
e128094	26.26.2	Jerusalem khuapi zancip gawp hi
e128095	14.29.20	khuapi sung zaneite khawmin
e128096	12.24.15	kumpipa’ zite, ama nuai-ah a zaneite
e128097	12.24.12	a kumpi inn-a zaneite kipia hi
e128098	13.28.1	minamte sungah zaneite
e128099	46.4.9	Pasian in a zaneu penin hong koih
e128100	zd:22802	Haka Lai pau zang lo uh hi
e128101	26.45.10	tehna man zang ding uh hi
e128102	19.102.8	ciamsiatna-in ka min zang uh hi
e128103	14.24.7	Baalte’ adingin zang uh hi
e128104	42.23.45	puan a lai zang pan a kikeek hi
e128105	42.4.30	amaute lai zang pan paikhia-in
e128106		ni zanga
e128107	1.5.30	kum zanga
e128108	42.7.41	Khat in dangka zanga, khat in dangka sawmnga
e128109	13.4.42	Simeon mi zanga, Seir Mual-ah pai uh a
e128110	41.6.47	gunkuang in tuili lai zangah a om hi
e128111	42.4.35	Dawi in amaute lai zangah amah a puksak
e128112	42.24.36	amaute lai zangah ding a
e128113	42.2.46	thuhilhte lai zangah tu a
e128114	43.20.19	Zeisu hong lut a, amau lai zangah ding-in
e128115	43.8.3	mite lai zangah a koih khit uh ciangin
e128116	41.14.60	Siampi ukpa in amaute lai zangah ding a
e128117	42.5.19	Zeisu mai-ah mite lai zangah a khiasuk uh hi
e128118	zd:20494	ngasa te gunpiau zangah ki lawn zihziah hi
e128119	zd:11994	akhe leh anung zangah sik
e128120	6.2.6	innkhum zangah tua mite paipih to-in
e128121	26.1.26	Tua a kuum tung zangah
e128122	23.22.1	innkhum zangah na kahtoh uh
e128123	12.6.26	Israel kumpipa kulh zangah a pai lai takin
e128124	5.22.8	na innkhum zangah tangban na khung ding hi
e128125	25.1.14	ka ngawng zangah hong khih a
e128126	12.6.30	amah kulh zangah pai hi
e128127	7.16.27	innkhum zangah numei leh pasal mi tulthum
e128128	42.17.31	a innkhum zangah a om mipa
e128129	18.13.28	puan bangin ka zangawp hi
e128130	19.34.18	lungsim zangawpte a hon hi
e128131	zd:24188	lampi tuamtuam zangin hong dawnsak den hi
e128132	zd:21815	Namdang pau zangin pau liapliap hihang
e128133	zd:22910	Tua teng zangin gam tuamtuam kiteh thei hi
e128134	35.1.17	Amaute in a namsau uh zangin
e128135	40.13.34	thugentehna vive zangin thu hilh a
e128136	28.12.13	Topa in kamsang khat zangin Izipt panin Israelte paikhiatpih
e128137	18.22.8	Na vangliatna leh na za liatna zangin
e128138	61.3.15	Paul in Pasian’ piak pilna zangin
e128139	45.7.13	a hoih na khat zangin kei tungah sihna
e128140	27.11.23	Zuau gensiamna zangin minam dangte tawh kilemna a bawl
e128141	23.7.20	a kikawm temta ahi Assiria kumpipa zangin
e128142	zd:16055	tawh nitak hun manpha zangkha
e128143	zd:11941	akibawl Common Toilet bek zangkha cisawnsawn hi
e128144	33.6.15	a thau na zangkha kei ding uh a
e128145	18.20.18	a hauhna khempeuh zangkha man lo ding hi
e128146	zd:24235	Khrih min ka zangkhai bawl lua kha khin hi
e128147	zd:25043	zangkhai ngaihsut ziauziau theih ahihlohna thu
e128148	58.12.5	hong thuhilhna zangkhai ngaihsut kei inla
e128149	2.20.7	ama' min a zangkhai ngaihsut mi
e128150	5.5.11	Topa na Pasian’ min na zangkhai zat kei ding
e128151	zd:25573	Kawlpau leh Mangpau zangkhawm ding in
e128152	zd:12532	KBZ mini bank tawh aki zangkhawm innkhat ahihi
e128153	zd:10973	Tuahun ah hun nuam mahmah in ka zangkhawm uhhi
e128154	48.6.6	amah a hilh pa tawh zangkhawm tahen
e128155	49.4.5	tuiphumna khat bek mah a zangkhawm ihi hi
e128156	44.2.44	neihsa khempeuh gawmin a zangkhawm uh hi
e128157	zd:25919	bangzah kembip ding, bangzah zangkhia ding cih
e128158	zd:21918	a neihzahzah a beidong in zangkhia hi
e128159	20.21.20	a ngah zahzah zangkhia pah hi
e128160	41.5.26	a sum neih khempeuh zangkhin napi-in
e128161	zd:17416	lampite ki hongkik, ki zangkik theipan cihi
e128162	zd:16719	zangkik nawnloding cihna ahi hi
e128163	zd:18054	kum 48 khitciang ki zangkik theipanding
e128164	48.5.1	kikhihna zangkik nawn kei un
e128165	zd:24036	Hebru mite Sinai zangkuam hong tun uh ciangin
e128166	zd:22356	Kawlzang leh Kalay Kabaw zangkuam cih bangin
e128167	zd:19997	Manipur zangkuam teng bek
e128168	23.28.1	kisaktheihna leihoih zangkuam i lutunga kisuang
e128169	pk:123	Kawlgam zanglei mun tuamtuam a
e128170	14.4.17	Jordan zanglei sung Sukkoth leh Zeredah
e128171	1.11.2	Shinar gamsungah zanglei mun khat mu uh a
e128172	6.4.13	Jerikho zanglei lamah Topa mai-ah pai uh hi
e128173	6.13.32	Moab zanglei-ah Moses in a hawm gamhte
e128174	6.5.10	Jerikho zanglei ah Paisan pawi bawl uh hi
e128175	16.6.2	Ono zanglei sunga om Hakkefirim khua-ah
e128176	10.18.23	Ahima-az zanglei lam tawnin tai a
e128177	5.34.3	Negeb gam, leh Zanglei zong
e128178	26.25.16	Filistia Zanglei-a om lai mi khempeuh
e128179	24.48.8	mualkuam leh zangleite a kisia ding uh hi
e128180	zd:20926	Zu leh Za zanglo ding
e128181	zd:21815	I innsung nangawn ah zanglo khinta hi hang
e128182	18.8.3	Vanglianpa in thuman a zanglo sa na hi hiam
e128183	43.4.9	Samaria mite’ na zatte zanglo uh ahih manin
e128184	48.3.16	cih kammal na zanglo a
e128185	18.8.3	Pasian in thutang a zanglo sa na hi hiam
e128186	42.15.30	numei paktatte tungah zangmang khin a
e128187	41.12.40	a neihsate laksakin zangmang uh a
e128188	40.23.14	a neihsa teng uh laksakin na zangmang uh a
e128189	18.39.19	Sakol zangmul a posakpa in
e128190	46.7.34	Topa a dingin zangnuam uh ahih manin
e128191	20.26.6	Mihai khat kamtai-a a zangpa in
e128192	23.10.15	amah a zangpa’ tungah kisial thei ding ahi hiam
e128193	40.25.16	sum bawlna-in zangpah a
e128194	41.1.33	khua zangpi-in kongkhak kiangah a kikhawm uh hi
e128195	44.27.38	teembaw a zangsak uh hi
e128196	11.12.9	kote tungah hong koih hakkol zangsak in
e128197	9.6.5	hong gawtna hong zangsak kha ding hi
e128198	14.10.10	kote’ adingin hong zangsak in
e128199	11.12.9	kote tungah hong suat vangik zangsak in
e128200	11.12.4	kote tungah a gik hakkol zangsak in
e128201	14.10.4	kote’ vangik hong zangsak inla
e128202	zd:15453	YMCA in giah nading mun sum lalo in ong zangsak hi
e128203	zd:19657	Biakinn hong zangsak in
e128204	zd:19455	A tate zangsak lo hi
e128205	18.10.20	sun teng nuamtak hong zangsak in
e128206	21.6.2	tua nate nuamtakin zangsak loin
e128207	24.26.6	leitung gam khempeuhte’ kihaamsiatna-in ka zangsak ding hi
e128208	19.144.9	harp zangsawm khausai lasakna nang kong tum
e128209	19.92.1	zangsawm khausai lasakna le harp lasakna
e128210	zd:19226	zangsial beng dingin kuan' uha
e128211	ts:4885	zangsial leh Sai zong kiman ngei hi
e128212	19.92.10	nangmah in zangsial bangin kei nong hatsak
e128213	19.80.13	zangsung sa khempeuh in kivakna-in nei uh hi
e128214	zd:15906	Manpha taka hun a zangte adingin hun pen kicing lel hi
e128215	zd:25824	Android Phone zangte ading
e128216	zd:21616	A taklamkhut a zangte
e128217	20.17.8	Sumgolh a zangte in ai bangin ngaihsun uh a
e128218	20.11.1	tawikhaina man a zangte tungah lungkim hi
e128219	20.20.23	Tawisuang nam nih a zangte, Topa in mudah a
e128220	46.7.31	hih leitung a zangte in a zang lo
e128221	33.6.11	tawisuang man lo a zangte, khahkhong ding ka hi hiam
e128222	18.5.13	ngian a zangte’ geelna lumlet sak hi
e128223	9.18.25	Filistia-te’ zangteep zakhat cih simloh
e128224	pk:43	Bawng in, a ki zangthei ganhing ahi hi
e128225	zd:23616	Ken ka zangthei kei pah hi
e128226	zd:16227	pahtawina le phatna kammal zangthei uh hi
e128227	zd:20588	mihai a kici te nangawn zangthei hi
e128228	46.7.4	a ut bangin zangthei nawn loin
e128229	54.1.8	a kilawm ciang ah zangthei lehang
e128230	19.62.9	a kigawmin husan’ sangin zangzaw hi
e128231	19.62.9	amaute a kigawmin husan’ khat sangin zangzaw uh hi
e128232	zd:15296	Credit Card leh Debit Card cihte zangzaw uhhi
e128233	zd:24157	Thu NIH lak ah koi zangzaw ding ihiam?
e128234	zd:22775	vai thupi taktak genna hun in zangzaw uh hi
e128235	48.5.13	itna tawh khatlekhat kikhualna-in zangzaw un
e128236	zd:22755	ka lupna tungah zanhak in ka kahkah hun zong om zel hi
e128237	zd:24168	Pasian thu kikumin i zanhak dektak hi
e128238	zd:20895	coffee dawn khial khazel in tuzan zanhak lawh dek liang ing
e128239	19.119.148	zan khuavak-in ka zanhak hi
e128240	zd:10797	zanhal ni-in lawmte tawh thukikum in
e128241	zd:15764	zanhal Thursday ni in thupiang ahihi
e128242	zd:10660	zanhal ni-in a facebook page panin laikhat hong post a
e128243	7.13.10	zanhal a kei kiangah hong pai mipa
e128244	zd:24453	California ah zani in natna ngah thak 9561 kibehlap aa
e128245	zd:22046	zani sangin tuni ka hatzaw hiam
e128246	58.13.8	Khrih pen zani, tuni, a tawntungin
e128247	zd:21258	zanih le sawmnga tawh ci uh a
e128248	zd:25094	Galtai bekbek tul zanih pha to hi
e128249	14.9.15	a kiseek lumpi zanih bawl hi
e128250	9.30.10	a gim lua mi zanih kinusia uh hi
e128251	13.5.21	tuu tul zanih leh tul sawmnga
e128252	14.8.10	mihing zanih leh sawmnga ahi uh hi
e128253	10.15.11	A kisam mi zanihte Jerusalem panin
e128254	9.30.21	Besor lui-ah a kinusia mihing zanihte kiangah David pai hi
e128255	9.25.13	mihing zanihte van tawh om uh hi
e128256	zd:24029	Tua zanin ka ihmu thei vetkei uh
e128257	ts:301	a sun a zanin a kap thapai hi
e128258	zd:19593	zanin ihmut cimding kisam mahmah hi
e128259	11.3.19	zanin hih numei’ tapa si hi
e128260	9.28.25	amaute ding-in tua zanin paikhia uh hi
e128261	19.77.2	zanin thungenin gim het loin ka khut ka zan
e128262	11.3.5	Gibeon ah zanin a mang sungah
e128263	7.9.32	na ompih mite tawh zanin pai unla
e128264	18.1.11	na khut zanin ama neihsa khempeuh suksak lecin
e128265	2.14.16	tuipi tungah na khut zanin tuipi khenkham in
e128266	12.6.7	a khut zanin la hi
e128267	1.8.9	amah in a khut zanin a vakhu man a
e128268	1.48.14	Israel in a taklam khut zanin
e128269	44.27.27	Ni sawm-le-li ni zaninah Andria tuipi sungah
e128270	zd:21635	zankim zankhang dongin a meivak mit lo hi
e128271	zd:21259	Zan kim zankhang dong mah saikel gin kiza hi
e128272	20.31.18	zankim zankhang dongin a meivak mit lo
e128273	10.18.12	ka khutmeno khat zong ka zankhia kei ding
e128274	11.13.4	amah langpangin a zankhiat a khut keu cip
e128275	42.5.5	kote in zankhua-in ka hahkat uh hangin
e128276	23.21.8	ka vilna munnah zankhuavak ka om hi
e128277	40.2.14	a nu zankimpi-in samkhia a
e128278	6.8.26	amah in teipi a zanna a khut dokkik lo
e128279	40.12.13	A mipa in zong a khut zanpah a
e128280	40.2.14	a nu tawh zanpi mahin ding khia
e128281	16.2.15	a zanpi mahin kuam lamah pai-in
e128282	19.68.31	Ethiopia gam a khut zansak mengmeng in
e128283	5.24.12	hong khap puan na zantaamsak kei ding uh a
e128284	zd:21869	coffee a dawnciangin zanthapai ihmuthei nawnlo uh hi
e128285	zd:15342	Tuesday ni akipan zanthapai guahzusuak ngekngek in
e128286	zd:13063	sunthapai, zanthapai nai 24 sung nasemden uhhi
e128287	20.7.18	zanthapai-in ki-itna bawlin
e128288	29.1.13	zanthapai-in dahna lim puanhampi silh un
e128289	19.63.5	zanthapai-in kong lungngaihngaih ciangin
e128290	42.5.5	tu zanthapai ngasa ka khuh uh hangin
e128291	18.7.3	zanthapai-in lungkhamna bek keima tanh ahi hi
e128292	32.1.5	Teembaw a zantuam nadingin
e128293	zd:20263	ngimna leh ngetna tepen ka zanuam hi
e128294	zd:21063	Tuabang mite' thugen mite in zanuam deuh se hi
e128295	zd:20940	mipi' aw a zanuam lo
e128296	44.13.7	Pasian’ thu zanuam ahih manin
e128297	44.28.22	nangma ngaihsutna taktak ka zanuam uh hi
e128298	41.6.20	a thugen zanuam veve hi
e128299	44.25.22	hih mipa’ thugen zanuam ing
e128300	40.13.17	note’ zakte zanuam mahmah napi-in za lo uh hi
e128301	42.5.1	Pasian’ thu zanuamin Jesuh hong nehcip uh hi
e128302	zd:24079	A note in a kha uh zap uh a
e128303	zd:21166	na kha zap teitei in
e128304	23.10.14	a kha a zap, a kam a ka
e128305	18.39.13	bangzah takin nawh zap thei ahi hiam
e128306	5.32.11	a note tungah a kha a zap
e128307	40.3.12	ama buhphual zap siang ding a
e128308	27.2.35	khualkhal hun-a ansi zap bangin a lengmang hi
e128309	40.3.12	a khutah anzapna tawi-in a ante zap a
e128310	24.51.2	A zap siang ding mi Babilon-ah ka sawl
e128311	19.65.2	Thungetna a zapa na hi a
e128312	24.22.14	Inn dei tungnung zapi a awng inn gol khat
e128313	27.11.3	Amah in gam zapi tak uk ding a
e128314	23.54.16	pum zapin ama kizatna ding ciatin
e128315	26.3.13	huih lakah a kha zapna leh leengpei gingte
e128316	24.51.2	tua gam a zapsiang ding uh hi
e128317	24.4.11	an vaite zapsiang dinga a nung huih
e128318	42.3.17	Ama buh phual a zapsiang nadingin
e128319	23.30.16	Sakol zaptel tungah i tuang ding hi
e128320	23.30.16	note hong delh mite zong zaptel ding hi
e128321	23.18.1	No a zaptel kamtaite aw
e128322	10.1.23	muvanlai sangin zaptel zaw uh a
e128323	35.3.19	sakhi khe bangin ka khe hong zaptelsak a
e128324	11.4.28	a kisapna munah sakolte leh sakol zaptelte
e128325	31.1.20	Kanaan gam Zarefat ciang dong
e128326	4.14.15	nangma minthan’na a zasa minamte in
e128327		ni zasagih
e128328		kum zasagih
e128329	11.11.3	zi zasagih, leh zineu zathum nei hi
e128330	12.3.26	namsau tawi mihing zasagih la hi
e128331	zd:22074	A mel theih I om leh hong zasak un
e128332	zd:21780	Mi khempeuh ading a lian mahmah lungdamna thu kong zasak hi
e128333	zd:22688	Update om bangbangin hong zasak lai nung
e128334	46.1.11	Khlo-e te innkuanpih kimkhat in hong zasak uh hi
e128335	10.15.28	keimah thu zasak dingin
e128336	15.4.14	kumpipa tungah thu kong zasak uh hi
e128337	23.48.5	tuate hong pian’ ma-in note tungah kong zasak khol hi
e128338	62.1.1	note kiangah kong zasak uh hi
e128339	12.10.20	amaute in tua thu zasak uh hi
e128340	11.21.12	an tan’ ding thu zasak uh a
e128341	14.20.3	Judah gam khempeuh ah antan’ ding thu zasak hi
e128342	42.8.1	Pasian’ Gam Lungdamna Thu a zasak hi
e128343	12.7.11	kulh kongpi cingte in thu zasak uh a
e128344	41.6.30	a thuhilhna khempeuh a zasak uh hi
e128345	40.28.11	thupiang khempeuh siampi liante a zasak uh hi
e128346	12.9.18	Tua ciangin galvilpa in thu zasakin
e128347	23.43.9	a thu zasakin, man mah hi, cisak un
e128348	zd:18270	vanlenghawl te'n Police te zasakkhol uhhi
e128349	zd:12721	Hospital tezong ki zasakkhol ahih manin
e128350	zd:17763	Honolulu Airport thunei te zasakkhol in
e128351	23.48.5	note tungah kong zasakkhol hi
e128352	zd:17748	Thuthak theihhuai khatpeuh aomleh hongki zasakkik dinghi
e128353	zd:15489	Comment ah hong zasakkik zelzel unla
e128354	zd:19635	Athu akician in Update huai aomleh hongki zasakkik dinghi
e128355	26.9.11	kiangah thu hong zasakkik a
e128356	1.37.14	kei kiangah thu hong zasakkik in
e128357	5.18.16	kote’ Pasian’ aw hong zasakkik kei in
e128358	15.5.17	kumpipa in na deihna hong zasakkik in
e128359	12.9.20	Galvil pa in thu zasakkikin
e128360	5.1.25	amaute in eite kiangah thu hong zasakkikin
e128361	24.22.14	zasan a zut mi in gimna thuak ta hen
e128362	11.4.34	ama pilna a zasate hong pai uh hi
e128363	27.7.10	mihing tul zasawm a ding uh hi
e128364	24.38.27	a hong zasim kuamah a om kei uh hi
e128365	18.15.8	Pasian’ vaihawmnate a zasimin kingaihsun na hi hiam
e128366	pk:155	leitung bup ii zat aw sagih
e128367	zd:23767	Tui zat ding kicingtakin kingah
e128368	zd:21337	Sum cih pen a zat dinga kibawl ahi hi
e128369	zd:23249	Na zat kei uh leh mit sak un
e128370	13.28.14	nasepna ah zat ding kham tawh kibawl
e128371	15.7.19	Na Pasian’ inn ah zat dingin hong kipia um-le-beelte
e128372	16.13.24	amau’ pau ciat bek a zat theihna thu
e128373	4.7.5	Kikhopna buk nasepna ah zat dingin
e128374	41.7.11	keima kiangah na zat theih keima sum
e128375	24.46.11	Zatui tampi na zat khit uh hangin
e128376	zd:19772	a zate adingin limtak a theihtheih ahi hi
e128377	45.2.13	Thukham a zate in
e128378	42.8.12	Pasian’ thu a zate a cihnopna ahi hi
e128379	44.5.5	Tua thu a zate khempeuh in nakpi-in a lau
e128380	42.18.26	Tua thu a zate in
e128381	43.18.21	Ka thu hong zate kiangah
e128382	43.5.25	Tua aw a zate in a nungta ding uh hi
e128383	zd:19676	ihbil in zathei hi
e128384	zd:19383	News tuamtuam te ah aki zathei zelzel Province khat
e128385		ni zathum
e128386	1.5.22	kum zathum
e128387	10.2.31	mihing zathum leh sawmguk that uh hi
e128388	7.8.4	amah tawh a om mi zathumte
e128389	23.46.6	Sumbawm panin khamte uang zatin
e128390	47.13.10	note tungah khauhtakin ka hong zatkhak loh nadingin
e128391	42.15.14	A sum neih khempeuh a zatmang khit ciangin
e128392	pk:8	laimalte laigual a zatna
e128393	pk:121	zatna tampi tak nei hi
e128394	zd:23896	Tui zatna tampi om hi
e128395	zd:24610	Tedim le Tonzang ah hun zatna
e128396	zd:14635	US gamsung ahzong Smartphone zatna hangin
e128397	4.10.8	Peengkul zatna in na khang tawntungun
e128398	16.13.24	Ashdod kampau a zatna
e128399	26.39.21	ka vangliatna ka zatna dan
e128400	51.2.22	Tua nate khempeuh zatna hangin muat nading
e128401	5.20.19	hei zatna tawh a singgah kungte na susia kei ding
e128402	zd:23156	sum zatnate limtak ciamteh in kemcingding hi
e128403	51.3.8	kam kihhuai zatnate ahi zongin
e128404	33.6.10	ka deih loh tawitehna man lo zatnate
e128405	zd:19410	Khuado Hall ih zatnop leh
e128406	zd:15736	Pasian in a zatnop peuhpeuh zang thei in
e128407	45.9.17	kong zatnop manin kumpi a hong suaksak
e128408	18.13.4	kuamah a damsak zolo zato siam-a kineite
e128409	51.4.14	Itna a ngah zato mangpa Luka
e128410	14.16.12	zato siamte’ huhna zong hi
e128411	42.5.31	Cidamte in zato deih lo uh hi
e128412	41.5.26	zato tampi khut tungah gimna tampi thuak a
e128413	24.8.22	zato siam om lo ahi hiam
e128414	zd:24418	zatote in hoih takin a vel dikdek khit ciangin
e128415	zd:19866	akhuak ah zatote in sisan om ci uh in
e128416	42.8.43	a neihsa tengin zatote a guaih hangin
e128417	zd:22425	a hatpen, a pilpen, Pasian' zatpen
e128418	16.11.24	khempeuh ah kumpipa zatpen ahi hi
e128419	zd:15951	Topa'n siapa hong zatsak semsem tahen
e128420	zd:12432	Pasian in a tangzai takin hong zatsak ta hen
e128421	47.7.11	a hoihlamin hong zatsak ahih manin
e128422	60.4.10	Pasian’ piak na a zatsiamte bangin
e128423	zd:21826	A zattawm dinguh sum, letsong piazel in
e128424	zd:23699	nek le dawn, nisim zattawm vante haksa thei kha ding hi
e128425	ts:3125	zattawm ding nangawn om nawnloin
e128426	11.10.26	zattawm dingin koih hi
e128427	zd:22090	I kammal zatte mah a kiza kik
e128428	zd:26310	i mawtaw zatte sanglua mahmah hi
e128429	zd:22446	ngeina ih zatte tu hun tawh kituak kilawm nawn lo
e128430	14.4.6	a zatte uh hihte sungah silsiang ding uh a
e128431	5.27.5	sik tawh a kibawl na zatte
e128432	2.20.25	na na-zatte uh tawh na va suk uh leh
e128433	2.25.9	Biakbuk leh a na-zatte’ lim ding tawh kisai-in
e128434	43.4.9	Samaria mite’ na zatte zanglo uh ahih manin
e128435	14.3.6	A kham zatte Parvaim kham ahi hi
e128436	zd:14829	2004 kumin mipi zattheih dingin aki hongkhia hi a
e128437	zd:22171	zattheih ding a thupi hizaw hi
e128438	zd:11457	Hih Mobile Payment System pen zattheih nadingin
e128439	26.43.26	zattheih dingin a baihsa-in omsak ding uh hi
e128440	24.13.10	zattheih ding ahi nawn lo, hih dialkaih bang ahi ding
e128441	24.13.7	zattheih ding hi nawn lo hi
e128442	40.20.15	ut bangin ka zattheih ding hi lo ahi hiam
e128443	45.6.13	a hoihin a hong zattheih nadingin
e128444	66.13.5	aana a zattheih nadingin thu kipia hi
e128445	pk:73	Lia in, zatui kei hong piakkhit laitak hi
e128446	zd:25170	zatui mawk nek kei in
e128447	zd:23529	Bang zatui tawh kikem ding?
e128448	24.30.13	na liamma uh ading zatui om loin
e128449	26.47.12	a tehte zatui in kizang ding hi
e128450	20.3.8	nang adingin damna zatui tawh kibang ding a
e128451	24.8.22	Gilead-ah zatui om lo ahi hiam
e128452	24.46.11	damna zatui va la un
e128453	1.50.26	zatui tawh amah a muat loh nadingin bawl uh a
e128454	42.21.4	adangte in a zatval uh sumte a khia uh
e128455	zd:16229	Japan te hun zatzia ettehhuai mahmah hi
e128456	zd:21254	Hih hun ciangin ka cycle zatzia ka ngaihsun phapha hi
e128457	zd:20060	Tuhun i Cell Phone leh Social Media zatzia pilvanhuai
e128458	44.18.15	hih thu pen kam zatzia, min le
e128459	zd:16038	Hiangsing bang zau lai hen aw
e128460	26.31.7	a hiang zau a
e128461	26.31.9	a hiang ka zausak a
e128462	23.47.15	amau’ tum ciatah zauvak uh hi
e128463	21.8.12	Mawhnei khat in zavei dong siatna bawl napi-in
e128464	20.17.10	zavei a kisatna sangin
e128465	24.47.3	pate in a khut uh zaw lua ta ahih manin
e128466	19.6.7	ka galte’ hangin ka mitzung zaw semsem hi
e128467	23.35.3	A zaw khutte khauhsak un
e128468	23.44.12	a gil kialin a tha zaw a
e128469	26.7.17	Mi khempeuh’ khut zaw dakdakin
e128470	19.69.23	a kawngte uh zawcipsak in
e128471	zd:23394	A thupi zawdeuh teng kaikhia in kigelh hi
e128472	zd:22429	Cinatna tuakkha lo zawdeuh uh hi
e128473	27.10.18	ka tha a hong khauhkik zawdeuh hi
e128474	60.3.7	na zite uh a thahat lo zawdeuh ahihna thu
e128475	54.3.7	Dawimangpa’ thangah awk kha lo zawdeuh ding hi
e128476	zd:16682	Falam, Hakha te ah sumbuk lian zawdeuhte
e128477	zd:23591	Khangno sungpan a pil zawdeuhte
e128478	12.19.2	siampi khangham zawdeuhte puanhampi silhsakin
e128479	29.1.2	no a khangham zawdiakte aw
e128480	1.4.7	Ahih hangin nang in tua mawhna na zawh ding ahi hi
e128481	18.13.18	thu ka zawh ding ka tel theih hi
e128482	42.10.20	dawite na zawh uh hangin lungdam kei un
e128483	66.13.7	a zawh nading thu a pia hi
e128484	5.7.2	note in amaute na zawh uh ciangin
e128485	6.12.1	a zawh mite’ gam kumpite
e128486	6.13.21	a zawh khop ahi Amor kumpi Sihon
e128487	42.11.22	amah simin a zawhgawp khit ciangin
e128488	46.15.24	ama galte khempeuh a zawhgawp khit ciangin
e128489	66.13.7	Pasian’ mite simin a zawhgawp theih nading
e128490	26.25.10	Ammon mite a zawhgawp mah bangin
e128491	66.19.15	Minam dangte a zawhgawp nading namsau hiam khat
e128492	1.21.2	a teek zawhin Abraham tawh tapa khat
e128493	1.37.35	amah hehnep zawhin om lo a
e128494	1.44.20	a teek zawhin a neih sanggam pasal moilai khat
e128495	66.11.7	teci panna a zawhkhit uh ciangin
e128496	zd:20800	A hih zawhleh Zogam galvil zel ni
e128497	zd:22140	I neih, i lamh zawhleh
e128498	41.13.22	ahih zawhleh, a teelsa mite nangawn
e128499	zd:25433	ka tel zawhloh thu khat om hi
e128500	zd:23882	damsak zawhloh natna tampi damsak hi
e128501	zd:14921	gen zawhloh lungdamna lianpi
e128502	28.8.12	sim zawhloh thukham tampi gelh ta leng
e128503	zd:19983	zawhna pen ih khut sungah om hi
e128504	zd:15894	Pumpi ki-uk zawhna thupi sak hi
e128505	zd:20587	Zumpi Inn neih zawhna ding hanciam ding
e128506	46.15.55	na zawhna koi lai-ah om hiam
e128507	62.5.4	Eite upna in leitung zawhna ahi hi
e128508	19.20.5	Na zawhna-ah eite lungdamin awng-in
e128509	30.6.13	na lak zawhna uhah na lungdam uh a
e128510	10.8.9	Hadadezer’ galkap buppi David in a zawhna thu
e128511	21.4.12	Mi khat bek hileh zawhnop kisa a
e128512	pk:136	kipawlkhopna tawh, hong zawhpih thei hi
e128513	zd:22623	Hici bang hun nuamtak hong zawhpih
e128514	47.8.6	note lakah hong zawhpih vet dingin
e128515	zd:20932	na haksatna khempeuh hong zawhpih thei hi
e128516	zd:23897	Jesu lo hong zawhpih thei om lo a
e128517	zd:25286	I biak vanglian Pasian in hong zawhpih ding hi
e128518	4.32.29	tua gam hong zawhpih leh
e128519	ts:301	ka pu ka pate zawhsa vive ahih manin
e128520	zd:25918	agal zawhsa gam khempeuh panin
e128521	6.23.4	a omlai minamte pen ka zawhsa minamte tawh
e128522	21.2.8	Ka zawhsa kumpite’ sumkholna panin
e128523	6.18.1	amaute mai-ah gam zawhsa-in om hi
e128524	zd:21392	Hih i zawhsa KHENPI 10-na ciangciang
e128525	zd:22479	ka nasep tawh kisai ka zawhsa
e128526	15.5.11	lamin a zawhsa ahi hi
e128527	19.81.14	galte ka zawhsak pak ding a
e128528	19.18.47	ka nuai-ah mite hong zawhsak Pasian
e128529	23.45.1	ama mai-ah minam dangte a zawhsak dingin
e128530	14.4.11	Pasian’ inn a bawl nasep a zawhte in
e128531	zd:23037	zawhthawh thu tawh zuihna hilo hi
e128532	zd:20125	Hiamtawi leh zawhthawh tawh kalsuanna deihlo in
e128533	zd:19213	sangsia te zawhthawh thutawh lamsaksawm in buaina piang
e128534	44.23.10	Paul amaute lak pan zawhthawh thu-in la a
e128535	15.4.23	a nasep uh zawhthawh thu tawh khawlsak uh hi
e128536	44.24.7	zawhthawh thu tawh amah ko tung panin hong kaihkhiat sakin
e128537	41.15.21	zawhthawh thu tawh Zeisu’ singlamteh pua dingin
e128538	57.1.14	zawhthawh thu bang hi loin, na ut thu-a
e128539	48.6.12	zawhthawh thu tawh hong zol uh hi
e128540	zd:22746	a thaneemte hibangin ong zawhthawh bawl uh
e128541	zd:13043	kua'n hong zawhthawh dinghiam
e128542	40.11.12	a zawhthawh bawlte in gam a sut uh hi
e128543	40.27.32	zawhthawh bawlin Zeisu singlamteh pua dingin a zuisak uh hi
e128544	42.16.16	tua gam sungah zawhthawh bawlin a lut nuam uh hi
e128545	18.33.7	nang kong zawhthawh nading om lo hi
e128546	39.3.5	meigong, tagah, leh gamdang mite a zawhthawh bawlte
e128547	zd:19453	zawhthawhna tawh aki sepsakloh manun
e128548	zd:23453	utna tawh hilo a, zawhthawhna bangin I ngaihsut ciang
e128549	zd:23594	sang inn sungah ki zawhthawhna cihdan zong om thei hi
e128550	60.5.2	zawhthawhna tawh cing loin
e128551	42.14.23	amaute zawhthawhna tawh hong tumsak in
e128552	47.5.15	Khazih hong itna in zawhthawhna tawh kote hong zol
e128553	42.3.14	kuama kiangah zawhthawhna tawh la kei un
e128554	47.12.11	zawhthawhna tawh mihai nong suaksak zo uh hi
e128555	23.30.12	zawhthawhna leh khemna suangin
e128556	7.16.6	in nang hong zawhtheih nadingin
e128557	53.1.11	na khempeuh na zawhtheihna dingun
e128558	zd:23855	dongtuakte huh zawhzah in kihuh ding
e128559	zd:20865	Sum leh paai tawh ka hih zawhzah un
e128560	zd:10742	minam in a piak zawhzah kisang ding
e128561	47.8.3	a piak zawhzah dingun a kilawm sangin
e128562	18.9.2	Kuamah in Pasian a zawhzawh lohna
e128563	24.31.11	a zawhzawh loh khutte sung pan
e128564	42.14.28	a zawhzawh nading dangka a nei hiam
e128565	zd:24214	Billy Graham sang upa zawin minthang masa zaw hi
e128566	zd:25097	Kei sang post khatin lian zawin
e128567	zd:19139	Mihingte thu a tel zawin thei
e128568	25.4.19	Mu ak bawh sanga manlang zawin
e128569	41.4.24	a tam zawin a hong pia ding hi
e128570	37.2.9	a lui sangin hoih zawin thupizaw ding hi
e128571	zd:24392	Dawi peuh kihtak zawk ding hilo hi
e128572	zd:17883	Hih kammal I tel zawk nadingin
e128573	42.13.2	midangte khempeuh sangin mawhna a hauh zawk uh
e128574	19.96.4	pasian dangte khempeuh sangin amah zahtak zawk ding ahi hi
e128575	40.5.37	Tua sang a kan zawk leh
e128576	3.14.37	kawm maitang sangin a thuk zawk tuak leh
e128577	61.2.11	amaute sangin a hat zawk
e128578	46.11.17	hoih zawk nading hi loin
e128579	zd:22557	asim mi in alungnuam zawkan lai ding hi
e128580	zd:12134	phattuamna tampi om zawkan lai ding hi
e128581	zd:23135	Tua sangin alamdang zawkan lai khat
e128582	20.15.11	mihingte ngaihsutna telmuh zawkan ding hilo ahi hiam
e128583	9.21.5	amaute bangzahin siangtho zawkan ding ahi hiam
e128584	10.4.11	note hong susia zawkan ding hilo ka hi hiam
e128585	14.6.18	hong huam zo lo zawkan ding hi
e128586	14.32.15	note hong honkhia zo lo zawkan ding hi
e128587	zd:21948	A upna uh a thahat zawkna dingin
e128588	zd:21869	a kitel zawkna dingin tawm hong genbeh nuam lai ingh
e128589	zd:13354	biakna thak a hoih zawkna a kimuh tohtoh ciangin
e128590	5.7.7	midangte sangin na tam zawkna hang uh
e128591	1.37.4	a sanggamte khempeuh sangin amah a it zawkna
e128592	21.7.26	Sihna sangin numei a siahuai zawkna ka theikhia hi
e128593	21.6.8	mipilpa a hamphat zawkna bang om tuan ahi hiam
e128594	21.3.19	ganhing sangin a hoih zawkna bangmah om tuan lo hi
e128595	5.21.16	a muhdah nu’ tapa cil sangin deih zawkna hangin
e128596	64.1.4	ka nuamna sangin nuam zawkna a om kei hi
e128597	2.18.11	pasian khempeuh sangin a liat zawkna
e128598	4.13.23	mi nih in zawl khat-in zawng uh hi
e128599	2.25.13	Nangmah in singkha sing zawl na sui ding a
e128600	2.27.6	singkha sing zawl bawlin sumngo tawh tuate na zut ding
e128601	9.23.7	kulh kongpi leh a kalhna zawl a nei khua
e128602	2.26.28	A zawl laita, a khuampeek kim ciang a banto pen
e128603	2.36.32	biakbuk a pang lang khat-a khuampeekte’ ading zawl nga
e128604	2.36.31	Amah in singkha sing zawl
e128605	2.26.26	Singkha sing, zawl-in na bawl ding hi
e128606	2.36.33	mong khat dongin a zawl laita paisuaksak hi
e128607	2.37.12	khut peek cia a pha zawl khat
e128608	2.37.12	a zawl kimkotah kham geihual khat bawl hi
e128609	2.27.5	biakna tau zawl nuai panin na bulh ding hi
e128610	2.38.4	biakna tau adingin a zawl nuai-ah
e128611	26.43.14	a tau zawl nuainung ciang tong nih hi ding a
e128612	2.25.25	khutpeek cia a zai zawl peek khat
e128613	2.25.27	a zawl peek gei-ah a kualte om ding hi
e128614	1.30.14	zawl-aikungte kimkhat kei hong pia in
e128615	36.2.14	Gunva le gunvapite bangtung zawlah tuangin
e128616	zd:25089	Pilna thupi mahmah a, Veina thupi zawlai hi
e128617	zd:21421	kapai lai sang in zong na hoihlo zawlai hi
e128618	20.29.20	mihaipa adingin lametna om zawlai hi
e128619	14.28.22	Topa tungah citak lo zawlai hi
e128620	9.20.19	nakpi takin nang hong kiphawk kan zawlai ding hi
e128621	14.32.16	langpangin thu tam gen zawlai uh hi
e128622	21.4.3	a mu nai lote hampha zawlai sawnsawn hi
e128623	5.31.27	bangzah takin lehdo zawlai ding na hi uh hiam
e128624	24.23.14	mi hoihlote a hanthawn zawlai uh hi
e128625	40.11.19	mi gilote tawh zawlin a kiman hi
e128626	58.11.31	gam ente zawlin manin a inn tungsak
e128627	42.7.34	Siahdongte leh migilote tawh zawlin a kiman hi
e128628	18.31.9	Ka vengte’ zi zawlmit-in
e128629	18.31.9	Ka vengte’ zi zawlmit-in, a kong gei-ah ngakin
e128630	18.31.9	Ka vengte’ zi zawlmitin
e128631	18.31.9	Ka vengte’ zi zawlmitin, a kong gei-ah ngakin
e128632	20.6.25	amau’ hong zawlmitna khenglah kei in
e128633	2.25.25	khut peek cia a zai zawlpeek khat
e128634	2.25.27	a zawlpeek gei-ah a kualte om ding hi
e128635	7.11.1	amah pen zawlta ahi hi
e128636	7.11.2	nang pen numei dang tawh zawlta na hi lel hi
e128637	43.8.41	Kote in zawlta ka hi kei uh hi
e128638	zd:9134	Zomi te'n zawlta i nei hi
e128639	zd:11403	paudang khat in gen leng zawlta kici thei ding hi
e128640	zd:19571	thu kihilhlo te pen zawlta na ci hi
e128641	43.8.41	Kote in zawlta ka hi kei uh hi
e128642	28.5.7	midangte tawh zawlta nei uh hi
e128643	58.12.8	zawlta na hi ding uh hi
e128644	22.1.4	Hong kai inla zawltai ni
e128645	2.39.35	tecipan’na singkuang a zawlte leh hehpihna tokhom tawh
e128646	2.40.18	a khuampeekte phut a, a zawlte khumin
e128647	2.37.5	singkuang pang-a kualte' sungah zawlte khum hi
e128648	2.37.14	Sabuai puak nading zawlte a len dingin
e128649	2.38.5	Amah in zawlte a len dingin
e128650	30.5.8	aksi Seguk leh Zawlzawngte bawlin
e128651	zd:17271	Anau-nu cina in hong zawm lua hi
e128652	zd:25223	i pumpi i zawm phial zongin
e128653	zd:20443	pilna sinna lam ah hong tha zawm semsem uh hi
e128654	24.31.25	a tha zawm mite khempeuh an ka vak
e128655	52.5.14	lungsim zawmte na hansuah un
e128656	zd:24381	zawn leh hauh tawh zong kisailo hi
e128657	zd:23554	Thumanna pen zawn le hauh tawh kisai lo hi
e128658	18.8.7	na zawn’ mahmah khit hangin
e128659	20.19.1	citak-a zawn’ khiukheuna hoihzaw hi
e128660	47.9.12	mizawngte zawn’na a huh tham loin
e128661	20.10.4	Thadahna in zawn’na hi a
e128662	zd:16060	zawngin na kisapnate na neih zawh keileh
e128663	3.25.25	sanggampa zawngin a neihsa leitang khenkhat a zuak leh
e128664	3.14.21	amah zawngin tua zah a piak zawh kei leh
e128665	19.70.5	kei zawngin ka cimawh hi
e128666	3.25.39	Na gei-a na sanggampa zawngin
e128667	3.25.47	ama kianga om na sanggampa uh zawngin
e128668	zd:9212	a khan tawn zawngkhal den mai hi
e128669	zd:26626	I damloh, i zawngkhal hun ciang
e128670	zd:16128	Communism gam pen zawngkhal semsem napi
e128671	52.5.14	a zawngkhal mite huh unla
e128672	30.7.5	minam tawm hi-in zawngkhal mahmah uh ahih manin
e128673	46.11.30	note tampi tak cina-in na zawngkhal uh a
e128674	18.26.2	a tha zawngkhal kei nong hotna
e128675	19.73.26	Ka lungsim leh ka pumpi zawngkhal kha ding a
e128676	14.14.11	a thahat leh a zawngkhal kikalah
e128677	44.4.9	a zawngkhal mi khat tungah noptuamna pia a
e128678	58.11.37	Nakpi-in zawngkhalin, bawlsiatna thuakin
e128679	zd:17177	ih pumpi zawngkhalna kingah hi
e128680	zd:22429	Cidamlohna in tha zawngkhalna piangsak thei aa
e128681	zd:16148	khantawn zawngkhalna le sihkhialhna khat peuh ka tuahlawh
e128682	3.26.16	zawngkhalna, leh mite siasakin nuntakna a kiamsak ding cisa natna
e128683	11.8.37	ankung zawngkhalna ahi a, kauphe ahi a
e128684	42.7.21	cinatna, zawngkhalna leh, dawi gilo a vei mi tampi
e128685	11.8.37	ankung natna ahi a, ankung zawngkhalna ahi a
e128686	47.8.9	a hau napi-in zawngkhalna a thuakna tawh
e128687	47.8.9	note tangdingin zawngkhalna a thuak
e128688	18.30.11	Pasian in kei hong zawngkhalsak hong cimawhsak
e128689	zd:24379	A hatte leh a zawngkhalte zong deidan lo hi
e128690	zd:22643	gilkial dangtaak thanem zawngkhalte panpihna in zang in
e128691	26.34.4	Tuu zawngkhalte na khoi kei uh a
e128692	45.15.1	upna zawngkhalte’ ginat lohna i thuakpih ding
e128693	44.20.35	a zawngkhalte huh ding hi hang
e128694	zd:16779	zawnglua ahih manin a inn ah electric mei nei zolo hi
e128695	zd:11548	Gam zawnglua cih bang om hetlo hi
e128696	zd:11403	zawnglua ahih manin nik hoih, puan hoih leisak zolo hi
e128697	20.30.8	a haulua lo, a zawnglua loin hong bawl inla
e128698	3.27.8	Mi khatpeuh zawnglua-in nangma sehzah a piakzawh kei leh
e128699	20.30.9	zawnglua leuleu leng mi’ na guksakin
e128700	14.9.21	saiha, zawngmaw, leh zawngpi hong puak zel hi
e128701	11.10.22	saiha, zawngmaw, leh utongte hong puak zel hi
e128702	10.12.3	a zawngpa in bangmah nei lo a
e128703	2.23.3	mi zawngpa na lang neih kei ding uh hi
e128704	20.19.7	Mi khempeuh in a sanggam zawngpa uh mudah ciat a
e128705	2.23.6	na mi zawngpa’ thutan’na na heikhiatsak kei ding hi
e128706	10.12.4	mi zawngpa’ tuuno laksak a
e128707	5.15.7	na sanggam zawngpa uh huh loin
e128708	24.52.15	in mi zawngpen pawlkhat
e128709	12.25.12	tua gam mi a zawngpente pawlkhat nusia hi
e128710	24.52.16	gam sunga a zawngpente pawlkhat a nusia lai hi
e128711	12.24.14	tua gama a zawngpente simloh kuamah om nawn lo
e128712	14.9.21	zawngmaw, leh zawngpi hong puak zel hi
e128713	zd:21337	hong zawngsak thei ziau ding hi
e128714	zd:14791	Hong zawngsak nuam, hong nasak nuam hi
e128715	zd:22742	kineihnopna in hong zawngsak hi zaw hi
e128716	7.14.15	Kote hong zawngsak dingin hih lai-ah
e128717	9.2.7	Topa in zawngsakin hausak a
e128718	zd:19800	A zawngte leh ahau te ki deidanna sang lua lai
e128719	zd:14804	A zawngte in gan neu zang hi bek hi
e128720	zd:19154	a zawngte neihsa kibeh laplap tuan lo hi
e128721	30.8.4	gamsung mi zawngte a susia gawp mite aw
e128722	47.9.9	mi zawngte a thupha a hawm zo hi
e128723	20.17.5	A zawngte a simmawhpa in
e128724	23.3.15	Ka mite sucip-in, mi zawngte na gawina uh
e128725	2.23.11	nomau' mi a zawngte in a nek theih nadingin
e128726	zd:14613	alawmte numei 3 zawnin apaina zuisimpah uhhi
e128727	44.15.39	Barnabas in Johan Marka zawnin
e128728	11.11.18	Paran panin mi zawnin tonpih a
e128729	1.31.23	a behte zawnin ni sagih sung amah delh a
e128730	pk:131	zawn teh zawnna tawh kizui a
e128731	zd:21097	Hauhna leh zawnna sungah Lungkimna om tuak lel hi
e128732	zd:16254	zawnna ngauna hangin thusia lasia tampi ong piang hi
e128733	zd:10730	zawnna sangin hauhna lamah manawt ding lampi
e128734	20.24.34	i tungah zawnna hong tung a
e128735	20.10.4	Thadahna in zawnna hi a
e128736	20.10.15	zawnna in mizawngte siasak hi
e128737	1.45.11	na neih khempeuh in zawnna na ngah ding uh hi
e128738	66.3.17	hehpihhuaina, zawnna, mittawtna, puan neih lohna
e128739	20.6.11	zawnna le cihmawhna in migilo gutate bangin
e128740	66.2.9	na zawnnate uh ka thei hi
e128741	41.1.7	a lian zawpa khat in
e128742	zd:21635	Zi hoih in suangmanpha sangin manpha zawpek a
e128743	zd:11375	tu aa sang thupi zawpek lai ding hi
e128744	zd:25394	nidang sang-in, lam-et huai zawpek hi
e128745	20.31.10	suangmanpha sangin manpha zawpek a
e128746	27.10.16	ka mangmuhna in ka tha hong zawsak lua ahih manin
e128747	14.15.7	ahih manin na khut zawsak kei in
e128748	26.3.26	Na leii ka zawsak ding a
e128749	27.11.27	a ngaihsutna uh a hoih zawsang om tuan lo
e128750	zd:23603	guallelh na ding hong suak zawsop ding hi
e128751	zd:9434	Kisuakta lua ahih manin pawlkhatin kizangkhial zawsop hi
e128752	zd:11400	Ahuh theih bangin huh zawsop hi
e128753	46.6.8	khatlekhat na kisut zawsop uh a
e128754	18.32.2	amah kidiksakin Pasian mawhsak zawsop hi
e128755	28.10.13	note in thusia na tuh zawsop uh a
e128756	1.27.12	samsiatna hong tung zawsop ding hi
e128757	18.21.30	migilote peng tawntung zawsop hi
e128758	19.69.10	keimah hong kikona suak zawsop hi
e128759	46.12.22	a kimanna lian mahmah zawsop a
e128760	26.16.34	nang in na pia zawsop hi
e128761	50.3.19	a maizum nading uh thute-ah kisial zawsopin
e128762	26.16.33	na lunggulhte tungah letsong pia zawsopin
e128763	zd:22065	a khutveilam tawh a mai zawt kuam kuam thei hi
e128764	zd:18241	Zusa sa in a zawt phei leh
e128765	zd:22371	amau le amau lampi zawt tawm sak
e128766	5.28.29	sun-in khua na zawt ding uh a
e128767	18.5.14	suntangpi mahin zan bangin mial a zawt uh hi
e128768	36.1.17	amaute in mittaw bangin khua zawt ding uh hi
e128769	23.59.10	Mittaw bangin kawm i zawt a
e128770	2.10.21	Mite in khuamial sung a zawt nading
e128771	44.13.11	amah a paipih ding mi a zawt kawikawi hi
e128772	1.31.34	puanbuk sung teng khempeuh zawt a
e128773	1.31.37	Ka na khempeuh na zawt kim khit hangin
e128774	zd:9448	Upa zawte thu man ding
e128775	zd:24089	Misang a khangto zawte thobaih den uh hi
e128776	zd:20742	Ka muh ngei pasal a tam zawte
e128777	5.4.38	a vanglian zawte’ gamah hong paipihin
e128778	1.30.42	a thahat zawte Jakob’ aa ahi hi
e128779	40.10.37	a tapa a tanu a it zawte in
e128780	18.30.1	kei sanga khangno zawte in kei hong ciamnuih bawl
e128781	58.12.13	A khe zawte in a kilawi taktak loh
e128782	zd:18200	Tedim leh Tonzang sang in zong tuizat nuam zawtham hi
e128783	zd:13112	uliante sangin anak uh manlang zawtham hi
e128784	zd:24276	banla sung sangin thawhbat sungah tam zawtham hi
e128785	58.12.25	i suakta kei zawtham ding hi
e128786	1.19.11	kongkhak a zawtzawt hangun mu zo
e128787	24.15.1	a hong ding zawzen zongun
e128788	41.3.20	an kine thei lo zawzenin mihonpite khatvei a kikhawm
e128789	41.6.31	an ne man lo zawzenin a om uh hi
e128790	zd:25181	Lungdamnathu a zaza nuam na hihna
e128791	zd:22046	thute late I zaza i sasa hi
e128792	zd:23761	lungsim tak tawh thu ki zaza ni ei
e128793	44.28.26	zaza napi tel lo; mumu napi thei lo
e128794	44.28.26	zaza napi tel lo
e128795	18.16.2	Tua bang thute ka zaza khin a
e128796	13.2.33	Peleth leh Zaza ahi uh hi
e128797	zd:21551	kong ngetna hong zazo na hi manin
e128798	zd:24414	thu tampi ih zazo hi
e128799	2.6.5	Israel mite’ thumna ka zazo a
e128800	12.19.20	kei tungah nong thungetna ka zazo hi
e128801	24.31.18	Efraim’ kahna aw ka zazo a
e128802	7.7.25	Oreb leh Ze-eb man uh hi
e128803	40.22.35	laitheipa khat in Zeisu ze-et a
e128804	19.26.2	keimah hong ze-et in la hong sin in
e128805	40.22.18	bang hangin kei hong ze-et na hi uh hiam
e128806	59.1.13	Pasian in kei hong ze-et hi
e128807	19.78.41	Amaute in amah ze-et kikkik uh a
e128808	5.6.16	na Pasian uh na ze-et nawn kei ding uh hi
e128809	18.23.10	kei hong ze-et khit ciangin kham bangin
e128810	24.6.27	ka mite ze-et dingin nang kong koih hi
e128811	59.1.14	mi khempeuh in ze-etna a thuak hi
e128812	59.1.12	ze-etna a thuak zawh khit ciangin
e128813	61.2.9	Pasian a biate ze-etna sung pan gumkhia ding
e128814	5.29.3	note’ mit in a muhsa ze-etna lianpite
e128815	58.11.36	leh-henna, thongkiatnate tawh ze-etna a thuak uh hi
e128816	54.3.10	Tua mite in a masa-in ze-etna thuak ta uh hen
e128817	43.6.6	Filip ze-etna bekin a dong hi
e128818	47.8.8	ze-etna tawh kong ci hi
e128819	5.7.19	a lian ze-etnate, limte, nalamdangte
e128820	46.10.13	Na tuah uh ze-etnate khempeuh pen
e128821	59.1.3	upna uh hong ze-etnate in thuakzawhna hong khangsak hi
e128822	7.9.41	Zebul in Ga-al leh a tanaute hawlkhia a
e128823	zd:15527	Pawlpi hun zeekna ah kigelh lo
e128824	ts:301	hawmna zeekna kicing lo ci ahih manin
e128825	42.16.2	ka neihsate na zeekna sazian a kimtakin
e128826	47.8.20	hih sum ka zeekna uh tawh kisai-in
e128827	46.4.1	Pasian’ thusim a zeekte-in nong ngaihsut
e128828	zd:9427	a laibu in leitung bup zeel a
e128829	40.4.24	A thu khempeuh in Siria gam teng zeel a
e128830	43.12.3	paknamtui in inn sung teng a zeel hi
e128831	zd:22569	cih ngaihsutna hong om zeel hi
e128832	zd:19245	tawlngak hithiat hun zong piak zeel ding ahi hi
e128833	zd:21025	Anek adawn ding uh leitung pan khak zeel uh hi
e128834	40.9.14	an nek ka tang zeel uh hi
e128835	42.5.33	an nek tang zeelin
e128836	41.5.20	Dekapolis gamah thu zeelsak a
e128837	zd:23022	Nang hong zeem nuam hi
e128838	zd:22496	nang tawh kilawm kituak in hong zeem hong puah hong zuun hi
e128839	zd:17081	a ma hoihna khempeuh tawh Tunnu Zogam hong zeem hi
e128840	14.3.6	suang manpha phutin a inn zeem hi
e128841	12.9.30	a mitte zutin a lutang zeem a
e128842	40.23.29	miphate’ han na zeem uh hi
e128843	17.6.11	kumpi puante leh sakol la-in Mordekai zeem a
e128844	10.19.24	amah in a khete zeem lo, a khamul puah lo
e128845	26.23.40	a mit uh zeemin
e128846	17.6.9	amah zeemsak in la
e128847	7.1.17	Zefath-ah a teeng Kanaan mite
e128848	4.26.15	Zefon pan Zefon behte ahi
e128849	46.8.7	a zehphi mahin kingaihsun uh hi
e128850	41.13.14	lipkhaphuai zehphitna a hong om na muh uh ciangin
e128851	41.13.14	Ama om loh nading pi-ah a lipkhaphuai zehphitna
e128852	15.6.20	a vekpi-un zehsiang khin uh hi
e128853	43.19.19	NAZARETH KHUAMI ZEISU AHI HI
e128854	zd:22928	Zatui teng ka mai ah kiphah zeizai hi
e128855	zd:23554	kha le aaksite in vantung pahtawi in tang zeizai sak uh hi
e128856	12.7.15	puante leh nate tawh paak zeizai hi
e128857	26.39.5	gamlakah na tuk zeizai ding uh hi
e128858	13.10.1	Gilboa Mual tungah tuk zeizai uh hi
e128859	26.10.4	minthan’na taang zeizai hi
e128860	23.18.5	a zam zeizai a hiangte heuhkhia ding hi
e128861	22.4.4	lum tangzang tulkhat a kikhai zeizaina
e128862	zd:19302	Pilvang zek kisam dingin ka um hi
e128863	zd:22580	Sulzuih zek kisam dan hi
e128864	zd:25414	lungngaih zek kulthei hi
e128865	23.32.10	kumkhat val zek khit ciangin
e128866	44.27.28	a den zek ciangin teh leuleu-in
e128867	42.5.3	lei tawh tawm a kigamla zek dingin
e128868	1.24.56	kei hong zekaisak nawn kei un
e128869	40.25.21	a tawmno na zekna-ah siam na hih manin
e128870	40.25.21	a tampi tak ka hong zeksak ding hi
e128871	zd:23489	Damdam in zom to zel ni
e128872	zd:20410	Satan khemna do zolo thei zel uh hi
e128873	zd:17011	Singno zong suan uh a, nungzuih zel uh hi
e128874	20.26.11	mihaite a haitat ngei bangin ta kik zel hi
e128875	2.33.11	Topa in Moses hopih zel hi
e128876	16.9.28	nangma muhna ah a sia gamta zel uh a
e128877	44.17.2	A pai ngei zel mah bangin Paul
e128878	9.7.17	Ramah-ah amah ciahkik zel hi
e128879	41.4.27	tua pa ihmu zel, tho zel a
e128880	21.1.7	hong luangsuk kik zel hi
e128881	12.6.10	amah in amah hilhkhol zel a
e128882	40.21.36	lo khawh lawhte in amasa bangin ahih zel uh hi
e128883	10.14.26	kum bei simin amah in met zel hi
e128884	13.14.17	minthan’na in gam khempeuh zel a
e128885	14.26.8	Izipt gamgi ciang dong nangawn zel hi
e128886	14.26.15	ama minthan’na in gamlapi zel hi
e128887	19.48.10	nangmah hong kiphatna in zong a zel hi
e128888	19.48.10	na min in leimong dong a zelh bangin
e128889	zd:21626	khua sung citeng zelin a awng kawikawi uh
e128890	zd:12660	Tuathu pen leimongdong zelin hongki thehthang ciangin
e128891	40.9.26	gam sung khempeuh zelin a thang hi
e128892	40.9.31	tua thu gamsung khempeuh zelin a thangsak uh hi
e128893	zd:20334	Hun hong pai zelin a Pasian nasepna uh hong lawhcing toto hi
e128894	ts:3369	Khangto zelin hong tual taithei ta uh a
e128895	18.33.30	sih nading panin honkhia kik zelin
e128896	44.24.26	Paul kiangah va pai zelin
e128897	42.2.46	thu zong dong zelin a om
e128898	21.1.7	tuinak-ah tuite tung kik zelin
e128899	41.1.28	khempeuh thakhatin a zelpak hi
e128900	19.59.6	Nitak simin amaute hong paikik zelzelin
e128901	19.59.6	amaute hong paikik zelzelin ui bangin ku uh a
e128902	19.78.40	in gam lakah amah lehdo zelzelin
e128903	54.5.23	na nat mun zelzelna hangin
e128904	21.7.22	midang na samsiat zelzelna
e128905	59.3.2	a khialthei zelzelte vive ihi hi
e128906	ts:7133	Biakna vai ah i kikhen zelzul manin
e128907	zd:23419	Ki thutuak loin a om zelzul gam le minamte
e128908	zd:11452	Laibu tampi theician mello a sim zelzul sangin
e128909	46.14.32	ahi zelzul dingin a hong sam
e128910	zd:19065	na lupna khaan sungteng nangma thuin zem in
e128911	zd:20131	electronic tawh kisai mei tuamtuam te tawh ki zem
e128912	zd:16060	Pasian in nang hong zem nuam ahi hi
e128913	40.23.29	mualsuangte hoihtakin na zem uh a
e128914	12.9.30	a mitte zutin a lutang zem a
e128915	2.38.23	a kigan puan hoihte a zem
e128916	24.10.4	kham leh ngun tawh a zem uh a
e128917	26.27.6	saiha pak tawh zem uh hi
e128918	14.3.6	suangmanpha phutin a inn zem hi
e128919	14.6.41	na siampite, gupna tawh zem in la
e128920	26.16.10	Puanphan kizem hoihte tawh nang hong zemin
e128921	1.41.42	puan hoih mahmah tawh amah zemin
e128922	24.4.30	na mitte zemin na golsak hangin
e128923	26.23.40	a mit uh zemin
e128924	17.6.9	amah zemsak inla
e128925	zd:23678	A vekpi un Officer vive hi zen hi
e128926	zd:15581	Pasian hong itna ahi zen ve
e128927	zd:20763	mihauten laibu na sim ta zen uh hi
e128928	24.7.8	zuauthu na um ta zen uh hi
e128929	48.3.4	a mawkna suakkhin zen ding ahi hiam
e128930	24.2.33	na lampi na hilh zen hi
e128931	25.5.9	luang kham zen mahin an zong dingin
e128932	24.2.24	laano hukte na bang zen hi
e128933	24.5.23	hong langpan’ zen uh hi
e128934	zd:23975	Hih natna in mawhna daan hi zenzen lo hi
e128935	zd:19990	A zenzen in a phal kei uh leh
e128936	zd:25171	Na lungkia zenzen leh
e128937	45.3.6	Tua bang hi zenzen lo ding hi
e128938	45.11.11	Tua bang hi zenzen lo hi
e128939	45.3.9	Phazaw i hi zenzen kei hi
e128940	24.2.14	Sila namte ahi zenzen hiam
e128941	34.3.8	gina zaw kisa zenzen na hi hiam
e128942	44.19.37	hih mite nong paipih zenzen uh hi
e128943	42.10.31	siampi khat paikha zenzen a
e128944	5.22.6	na muh khak zenzen leh
e128945	11.20.39	amah man’na khat a neih zenzen leh
e128946	18.3.13	Tua hi zenzen kei leh
e128947	45.9.14	Tua bang i ci zenzen kei ding hi
e128948	zd:17075	puansilh a hoih pen tawh zep a
e128949	zd:22784	tulai numeite dan a zep zawh leh puah zawh
e128950	26.16.16	na biakna mun zep nadingin na zang a
e128951	44.17.29	mihing khutsiamte in bawlin a zep ngunte
e128952	56.2.9	thuhilhna khempeuh ah a zep theih nadingun
e128953	2.31.3	sing zep nasep a sem dingin
e128954	21.4.5	na sem loin a khut zepin om uh a
e128955	zd:22962	ki zepna manpha te a zatloh hang ka nu hoih veve hi
e128956	zd:17634	aw zepna pen a mau siam bang bang kingah ding a
e128957	zd:26026	innlelo zepna, tate khangcingsakna cihte ah
e128958	2.39.13	kham tawh zepna suangah tuate kikoih hi
e128959	2.39.16	kham tawh a kibawl zepna nih
e128960	2.28.11	tuate pen kham-a zepna tawh na um ding hi
e128961	26.41.26	nisuh kungte tawh zepna zong kibawl hi
e128962	2.28.25	khau mong nihte zepna tawh na zom ding a
e128963	2.28.20	kham tawh zepna sungah tuate kibulh ding hi
e128964	20.24.33	na sem loin khut zepna hangin
e128965	2.38.19	a khuamlu zepnate leh a gaknate
e128966	2.38.17	a khuamlu zepnate a kizutna zong ngun hi a
e128967	2.38.28	a khuamlu zepnate zut-in
e128968	6.19.35	Ziddim, Zer, Hammath, Rakkath, Khinnereth
e128969	6.13.19	tua kuam mualtunga om Zereth-shahar
e128970	zd:22450	banghang i khete sau zeza in
e128971	26.1.7	A khete uh mam zeza a
e128972	26.23.14	a san zeza-in a kizut
e128973	zd:21032	Anhuan zia le nekzia ding
e128974	zd:21034	Lawm tampi ngah nading zia
e128975	zd:17990	Democracy tawh kiuk zia pen
e128976	20.4.11	na gamtat nading zia kong gen zo hi
e128977	24.17.10	mi khempeuh’ nuntak zia leh gamtatna tawh kizui-a
e128978	26.18.29	keima’ hihna zia man lo ahi zenzen hiam
e128979	20.6.6	amau’ nuntakna zia va en in
e128980	9.8.9	kumpipa’ hih zia ding lak bek in
e128981	5.15.2	Hih in maisak nading zia ahi hi
e128982	26.14.23	Amaute’ gitlohna zia na muh ciangin
e128983	24.32.19	Mite’ nuntak zia khempeuh na mu a
e128984	21.6.8	nuntak nading zia a theih hangin
e128985	13.5.13	Jorai, Jakan, Zia, leh Eber
e128986	13.29.9	Topa’ tungah pia ziahziah uh a
e128987	20.11.24	Mi pawlkhat in sum zang ziahziah napi-in
e128988	zd:21635	a puanban zial a, thalawp takin a na sem hi
e128989	zd:16139	khuamite in hoih takin zial kik dinga
e128990	24.10.17	na puanlom uh zial un
e128991	42.4.20	Lai Siangtho zial a
e128992	58.1.12	Amaute puan bangin na zial ding hi
e128993	12.2.8	a puantualpi suahin zial a
e128994	66.6.14	laidal zial bangin kizial mang hi
e128995	23.2.3	ama zialetongte hong hilh theih nading
e128996	22.2.9	tawlet-ah hong dak zialin
e128997	6.5.9	na minsiatna uh ka zialkhia hi
e128998	24.46.19	ding na puanlomte uh zialkhol un
e128999	4.14.9	amaute pen zialmang pak ding
e129000	26.4.7	Na puan-ak ban zialto in la
e129001	26.21.10	khuaphia bangin a tee zialzial dingin
e129002	26.21.28	khuaphia bangin a tee zialzial dingin kibawl hi
e129003	ts:3067	suaktatak sungtum pusuak zialzial thei
e129004	zd:12504	a utbangbang un kileh zialzial uh
e129005	zd:15122	khuamial lak ah mawtaw saikel ahawl zialzial uh
e129006	43.21.18	na utna peuhah na pai zialzial thei hi
e129007	zd:25094	ziat lam maw vei lam tawn ding
e129008	zd:19150	A nung, a mai, a ziat, a vei-a mite
e129009	zd:25672	I Topa' ziat leh vei ah misuam guta nih kikhai hi
e129010	44.7.56	Pasian’ ziat lamah a ding ka mu hi
e129011	26.21.16	na ziat na vei vat gawp in
e129012	42.22.69	Pasian’ vangliatna ziat lamah a tu ding hi
e129013	47.6.7	dikna galhiam ziat lam leh vei lamah
e129014	43.21.6	gunkuang ziat lamah ngen na paai un
e129015	58.8.1	tokhom ziat lamah tu-in a om hi
e129016	42.20.43	Ka ziat lamah na tu in
e129017	zd:24252	neek leh dawn, gamtat ziate zong kikhel hi
e129018	zd:23394	i upna leh kalsuan ziate Laisiangtho tawh kisittel ding hi
e129019	zd:23554	mite tawh I kizop ziate cingtak zo nailo hi
e129020	19.138.5	nasepna ziate la-in sa ding uh hi
e129021	19.17.4	mi ngongtatte’ gamtat ziate ka pelh hi
e129022	46.4.17	ka nuntakna ziate le pawlpi a tuamtuamte
e129023	45.6.19	nisim nuntakna ziate tawh a hong genteh
e129024	58.13.7	Amaute’ nuntakna le a sihna ziate uh ngaihsun unla
e129025	26.36.19	a gamtatna ziate uh tawh kizui-in
e129026	41.15.27	a ziatlam khat a veilam khat
e129027	41.14.62	vangliatna ziatlam ah tu a
e129028	44.3.7	a ziatlam khut lenin
e129029	42.23.33	Zeisu tawh migilo nih a ziatlam khat
e129030	40.27.38	a veilam khat, a ziatlam khat singlamteh tungah
e129031	40.25.34	a ziatlamah a omte kiangah
e129032	pk:40	cih ziau ding ahi hi
e129033	zd:25192	a ngah ding pen in la thei ziau hi
e129034	zd:25053	Karen te' thahatna ding hong suak ziau hi
e129035	23.10.14	mihingte’ hauhna ka la ziau hi
e129036	7.16.12	mimkhau bangin khauhualte botsat ziau hi
e129037	7.16.9	amah in thalkhaute botsat ziau hi
e129038	43.5.13	Jesuh paikhia ziau ahih manin
e129039	zd:20172	USA ah deih hunhunin tui kihong ziauziau thei hi
e129040	zd:11452	I khuak in pen thu na mangngilh ziauziau thei hi
e129041	zd:25043	Thautawi kipawlna pen phuat ziauziau theih hilo
e129042	40.13.52	a ut utin a lakhia thei ziauziau sumnei pa
e129043	24.2.36	na lungsim khel ziauziau na hi hiam
e129044	zd:24595	kum khat sungin hong po ziazua uh hi
e129045	zd:13305	Minam tam ziazua mah leh
e129046	zd:15996	khuabuppi kigamlum ziazua hi
e129047	26.6.13	siluang hawm om ziazua kawikawi ding hi
e129048	29.2.5	kangin a puak ziazua tawh kibang uh a
e129049	26.8.10	biak milim khempeuh a kisuai ziazua ka mu hi
e129050	66.21.11	Pasian’ vang tawh tee ziazua a
e129051	17.1.4	ama thupi ziazuana ni tampi sung
e129052	29.2.5	sakol leeng ging ziazuate
e129053	13.8.9	Jobab, Zibia, Mesha, Malkam
e129054	5.27.20	a pa’ zidang tawh a lumkhawm
e129055	5.22.30	a pa’ zidangte tenpih lo ding
e129056	9.26.1	Saul kiang Gibeah ah Zif mite hong pai
e129057	zd:20176	amau guakin ziik dingin a vaihawm pah uh hi
e129058	23.49.11	lampi ka ziik sak ding a
e129059	zd:19589	Japan gam-ah ziin nakpi in liing-a
e129060	zd:10947	Amatrice ah ziin liin'na hangin mi 300 phial
e129061	40.24.7	ziin hong liing ding hi
e129062	40.27.54	ziin liing a muh uh ciangin
e129063	26.38.19	Israel gamah nakpi takin ziin’ liing hen
e129064	9.14.15	ziin liing hi; buaina lianpi mahmah khat hong suak
e129065	26.3.13	ziin’ liing zahin gin’ ngaih mahmah hi
e129066	30.8.8	Tua ahih manin ziin hong liing ding a
e129067	40.27.51	ziin liinga suangpite zong a kitam hi
e129068	19.107.10	khuamial sung leh a ziing sungah tu uh a
e129069	19.107.14	khuamial sung leh a ziing sung panin amaute lakhia a
e129070	36.1.15	khua ziingin maimial ni
e129071	19.18.11	meii sahpi leh tui tawh ziingsak hi
e129072	20.31.15	Phalvak tungin ziingtho a
e129073	11.19.12	ziinling khit ciangin meikuang om a
e129074	11.19.11	huihpi khit ciangin ziinling om a
e129075	11.19.11	ziinling sungah Topa om lo hi
e129076	23.57.14	zik un, zik un, lampi bawl khol un
e129077	23.62.10	zik un, lam lianpi zik-in
e129078	zd:17731	Anu leh apa kikhen in, apa in zikik neihi
e129079	zd:25075	ka Nu a zikik dingin hel uh hi
e129080	13.8.9	Amah in a zikik Hodesh tawh a neih
e129081	23.62.10	lam lianpi zikin suangtumte paikhia unla
e129082	23.49.11	lampi ka ziksak ding a
e129083	41.7.21	zilepasal neisate tawh mawhnopna
e129084	27.2.43	zileta-in a kimat ding uh hi
e129085	2.39.23	a ngawng kimkot-ah a zimna om hi
e129086	44.16.26	thakhatin zin nakpi liing a
e129087	66.6.12	nakpi-in zin a liing hi
e129088	40.28.2	Thakhatin zin nakpitakin hong ling hi
e129089	pk:48	sakol khat tawh khual a zin hi
e129090	zd:21978	Gam tuamtuamah zin kawikawi a
e129091	zd:20727	No zongh Zogam nong zin uh ciang
e129092	4.11.35	Hazeroth munah mite zin uh hi
e129093	1.41.46	Egypt gam sung khempeuhah zin hi
e129094	15.8.23	Nuamtakin khual ka zin theih nading uh
e129095	42.13.22	Jerusalem khuapi zuanin a zin hi
e129096	46.16.6	mundang ka zin nading peuhpeuhah
e129097	43.7.1	Galilee gam sungah Jesuh zin kawikawi hi
e129098	26.30.3	siat nading hun, lungkham meiipi zin’ ding
e129099	4.34.3	Zin gamlak panin Edom pang teng
e129100	pk:133	zin leh leng hau mahmah a zindo zolo hi
e129101	pk:133	Zomite zindo leenglado a hahkat mahmahte ih hi hi
e129102	zd:21013	zindo siam mahmah nupi khat hi
e129103	zd:11409	Ka zinna khuate zindo siamthei mahmah uh aa
e129104	12.20.13	Hezekiah in amaute na zindo a
e129105	45.12.13	zindo na hahkat un
e129106	56.1.8	zindo a siam thei mi
e129107	58.13.2	vantung mite zindo ahihlam a phawk lopi-in
e129108	54.3.2	zindo siam mi, thuhilh siam mi
e129109	pk:127	ankuang ankeu umkhop zindona zong ahi hi
e129110	pk:129	ih nu ih pate zindona ahi hi
e129111	pk:131	tuate zindona
e129112	zd:22644	Na nu zindona kuamah tawh tehkaak kei in
e129113	zd:10828	Russia leh Kazakhstan in zindona na nei a
e129114	zd:23729	zindona leh tawldamzaa in kinak zat mahmah hi
e129115	47.7.15	amah na zindona uh a ngaihsut ciangin
e129116	zd:25616	2018 kum zinei ta ding kahih man in
e129117	zd:20264	innlam ah zinei in ciah loh phamawh
e129118	zd:11150	zinei nailo, pasal neinailo te
e129119	41.12.25	zinei pasalnei cih om lo ding uh hi
e129120	43.3.29	Mo pen zinei ding tangvalpa a’ ding bek
e129121	24.16.9	zinei thakte, pasalnei thakte’ awte
e129122	24.25.10	zinei thak pa le mothak nu
e129123	40.25.1	zinei thak pa a uap dingin
e129124	43.2.9	zinei tangvalpa samin
e129125	zd:17854	zineih pasalneih icihpen
e129126	zd:20363	na zineih pen kong lungdampih hi
e129127	zd:17325	Ka zineih dan thu
e129128	23.54.6	Khangno lai-a zineih
e129129	66.19.7	Tuuno’ zineih ding hun hong tungta a
e129130	66.19.9	Tuuno’ zineihna pawi-ah a kisam mite
e129131	42.5.35	zineipa a kipaikhiatpih hun hong tung ding
e129132	40.25.5	zineipa hong tunghak ahih manin
e129133	42.5.34	Mopawi-ah zineipa le pawisimte a omkhawm laitakin
e129134	46.7.27	Ahi zongin zineite in kikhen ding
e129135	zd:20116	Saul kumpipa zineu luppih hi
e129136	zd:11283	zipi 2 leh zineu khat nei kici hi
e129137	22.6.8	Kumpi-zi sawmguk, kumpi zineu sawmgiat
e129138	13.2.48	zineu Ma-akah in Sheber leh Tirhanah nei hi
e129139	10.15.16	inn kem dingin zineu sawm nusia hi
e129140	10.16.22	a pa’ zineute luppih hi
e129141	10.5.13	Jerusalem ah zineute leh zite la thuah lai hi
e129142	14.11.21	a zi dangte leh a zineute khempeuh sang
e129143	zd:19166	Khua bel a zing bikbek mah ahi hi
e129144	18.3.5	Tua ni-in meiipi zing hen la
e129145	26.30.18	khuapi-ah khim zing ding a
e129146	26.32.8	na gam khempeuh khim zing ding hi
e129147	19.107.14	khuamial sung le a zing sung panin amaute lakhia a
e129148	18.3.5	Tua ni-in meiipi zing hen la
e129149	24.9.21	Kong zinga naupangte a vatmang a
e129150	zd:24104	a zingciangin va pai pah hi
e129151	zd:20652	zingciangin na nasep na khawlphot nopleh
e129152	zd:19166	a zingciangin Directorate of Health ah ka paikhawmuh hi
e129153	59.4.14	zingciangin bang thu a piang ding
e129154	17.5.14	zingciangin kumpipa kiangah gen in
e129155	44.20.15	a zingciangin Khios tuikulh kiangah ka tung
e129156	26.24.18	a zingciangin Topa hong sawl bang tektekin
e129157	26.30.18	khuapi-ah khim zinggawp ding a
e129158	zd:12112	Na nuntakna khimbang zingin kamsia tuahsia kisakha nahiam
e129159	36.1.15	khua zingin mai mial ni
e129160	19.105.28	leitung khim a zingsak hi
e129161	19.18.11	meii sahpi le tui tawh a zingsak hi
e129162	40.20.1	zingsanga a kuankhia inn teekpa tawh kibang hi
e129163	2.18.14	zingsanga kipan nitak dongin
e129164	28.13.3	zingsanga kai meiilum
e129165	zd:16508	Tu zingsangin kaki ngaihsun kha dihdih a
e129166	zd:22046	zingsangin paikhia dingin gel uh hi
e129167	zd:21035	zingsangin Nasi Lamek zuakdingin 6am hunpawl in akuankhiakhin uh
e129168	4.28.4	Tuuno khat zingsangin na pia ding uh a
e129169	19.90.6	zingsangin palhin thaksuak kik a
e129170	4.22.21	zingsangin Balaam tho-in a la tutphah vawh a
e129171	6.6.12	zingsangin Joshua thobaih a
e129172	66.2.28	Amaute tungah zingsol zong ka pia ding hi
e129173	61.1.19	zingsol suak a, khua hong vak dongin
e129174	66.22.16	David’ zung le a suan ahi, zingsol ka hi hi
e129175	66.22.16	a taang khuavak Zingsol ka hi hi
e129176	23.14.12	Nang Khuavak’ ta, Zingsol, Babilon kumpipa aw
e129177	61.1.19	Note’ lungsimah Zingsol hong suakin
e129178	zd:25115	zingtho a sep ding zongte
e129179	zd:17442	zingtho anhuan ding
e129180	zd:21869	Lungdam maitai lo in zingtho mi
e129181	20.31.15	Phalvak tungin zingtho a
e129182	42.24.22	kimkhatte zingtungin hanah pai uh
e129183	6.8.14	Arabah lam paisukna-ah zingtungin a kuankhia uh hi
e129184	9.5.4	a zing ciang zingtungin amaute a thawh ciangin
e129185	42.24.1	Ni sagih lakah ni kipat ni zingtungin numeite in
e129186	43.20.1	khuavak ma zingtungin Magdala khua Mari hanah pai a
e129187	41.16.9	zingtuungin a thawhkik khit ciangin
e129188	zd:23215	gam sung gam pua zinin tawlnga man lo uh hi
e129189	zd:20699	gam 54 val ah zinin
e129190	zd:18129	Malaysia ah zinin zi neihi
e129191	44.19.21	Akhaia gamah Paul zinin Jerusalem-ah paisuak ding a ngaihsun hi
e129192	44.19.1	Paul khual hong zinin Efesa khua
e129193	44.28.7	ama zinin ka om uh hi
e129194	44.7.29	Media gamah zinin a om hi
e129195	zd:24069	INN nusia in khualgamlapi ah zinkhia hi
e129196	zd:15941	mundang leh gamdang ah sumzongin zinkhia phangphang hi
e129197	zd:18050	Sangnaupang 11 leh Sangsia 2 tawh zinkhia uh hi
e129198	40.25.15	a ap khit ciangin a zinkhia hi
e129199	20.27.8	Inn panin gamlapi-ah a zinkhia mipa
e129200	5.28.68	Note na zinkik ngei nawn kei
e129201	56.1.8	zinleleeng do a siam mi
e129202	60.4.9	Khatlekhat maitai takin zinleleeng na kido un
e129203	23.29.6	vanging, zinliing, a ging lianpi
e129204	66.8.5	khuaphelepte leh zinliingte a piang hi
e129205	66.11.19	vangingte, zinliingte, nakpi gialkiatnate a piang uh hi
e129206	ts:2753	zinlin kipatcil lamin mi 300 kim bek si
e129207	zd:23810	zinlin hun ding a thei mipilten
e129208	30.1.1	zinlin’ ma kum nih hun laitakin
e129209	66.16.18	a haksa mahmah zinlin’na a piang hi
e129210	zd:11219	zinling in van tampi sia, mi 4 si
e129211	zd:20703	Indonesia gamsung ah zinling hangin misi 321 phakhinta
e129212	zd:17626	Hih zinling apianna Hualien City
e129213	11.19.12	zinling khit ciangin meikuang om a
e129214	23.29.6	vanging, zinling, a ging lianpi
e129215	66.11.13	tua zinling in mi tulsagih a sisak hi
e129216	26.3.13	zinling zahin gin’ ngaih mahmah hi
e129217	66.16.18	hih bang zinling omngei nai lo hi
e129218	11.19.11	ahih hangin zinling sungah Topa om lo hi
e129219	zd:11738	zinlinna hangin aliamzong mi 24 bang om
e129220	zd:23806	tsunami i cih zong tuipi nuai zinlinna hang ahi hi
e129221	ts:3172	zinlinna tawh kisai Photo leh Video te
e129222	40.27.54	galkapte in zinlinna le a thupiangte a muh
e129223	38.14.5	Uzzah’ hun lai-in zinlinna-a a kivukcip mah bang ding hi
e129224	zd:10973	Tutung ka zinna a ka muhkhiak leh thupi kasak pawlkhat
e129225	zd:23758	Khual zinna vanleng, meileng, bus tuan kidawm ding
e129226	zd:16404	Pope hong zinna heh huaihiam, lungdam huaihiam
e129227	6.9.13	khual gamlapi zinna-in paat gawp hi
e129228	45.15.18	Illyrikam gam ciang dong ka zinna khempeuhah
e129229	7.19.24	zinpa’ zineu om hi
e129230	zd:22773	ka lawmte a zinsuk a zinto peuhpeuh
e129231	zd:20727	zinsuk zintohnate ah hong buaipih
e129232	14.15.5	a zinsuk a zintohna uhah lungmuanna om lo
e129233	zd:23990	zinte ni tampipi sung taam uh a
e129234	zd:21170	zing leh nitak zinte ann ong huan sak
e129235	18.19.15	Ka inn-ah hong tung ngei ka zinte
e129236	40.8.15	tho-in zinte a vaak hi
e129237	41.1.31	a nattun’ dam a, zinte a vak hi
e129238	40.27.7	zinte vui nading beel seekpa’ lei
e129239	64.1.5	ute naute tungah ahi zongin, zinte tungah ahi zongin
e129240	44.17.21	Athen khua-ah a tung zinte in
e129241	44.2.10	Rom khua pan hong pai zinte
e129242	14.15.5	a zinsuk a zintohna uhah lungmuanna om lo
e129243	zd:18026	zintun nading gelkholhna omlo ahih manin
e129244	zd:15933	Hotel le Guest House zintun theihna 4 om hi
e129245	zd:17711	zintun nading Luxury Resort tampi
e129246	42.2.7	zintun nading mun dang khempeuh mi dim
e129247	42.10.34	zintun inn khatah paipihin tua lai-ah a khoi hi
e129248	42.10.35	A zingsang ciangin zintun inn nei pa kiangah
e129249	41.14.14	zintun nading inndei koilai ahi hiam
e129250	42.10.35	zintun’ inn ukpa a piak khit ciangin
e129251	zd:17055	a zingciangin ka zintunna ah hong pai a
e129252	zd:19704	Yangon ah zintunna ding te hong kivaihawm sak ding hi
e129253	44.11.11	ka zintunna inn-ah hong tung uh hi
e129254	44.28.23	Paul a zintunna munah
e129255	42.10.7	na zintunna inn mah uhah omsuak unla
e129256	45.16.23	Keima zintunna pa
e129257	42.10.7	Na zintunna inn uh kheel themthum kei un
e129258	zd:13181	President pu khual zinzin ahih man in
e129259	zd:23086	kum bangzah tan a zinzin zo lai diam
e129260	zd:26310	evangelist in na zinzin khin ngei ka hih manin
e129261	44.13.31	amah tawh khual a zinzin khawm ngei mite
e129262	47.11.26	Khual ka zinzinna lamin tuikhang lauhuaina
e129263	19.129.5	Zion a mudahte khempeuh maizumin kinungkiksak ta hen
e129264	66.19.7	Tuuno’ zipi hun a tung zo hi
e129265	23.62.5	zipi pa mothak nu tungah a lungdam mah bangin
e129266	9.1.6	amah a el a zipih in amah nakpitakin
e129267	20.19.14	zipil ahih leh Topa bek in
e129268	66.19.9	Tuuno’ zipina pawi-ah a kisam mite
e129269	40.25.6	zipipa hong pai zo hi
e129270	40.25.1	zipipa dawn dingin
e129271	2.4.26	sisan tawh zipipa na hi hi
e129272	40.25.10	zipipa hong tung a
e129273	4.22.2	Zippor’ tapa Balak in mu hi
e129274	zd:20716	Pasal pilte in a zite thu a zui mahmah
e129275	zd:23022	I zite tawh i kiho tam peuhpeuh leh
e129276	49.5.25	na zite uh na it un
e129277	1.36.6	Esau in a zite, a tapate, a tanute
e129278	1.30.26	ka zite leh ka tate hong pia in la
e129279	1.8.16	na tapate leh na tapate’ zite teembaw sung panin
e129280	14.20.16	Ziz kahtohna lampi tawnin amaute hong kuanto
e129281	ts:3366	Khatna: zo Ngeina Khuado Pawi
e129282	ts:5498	A makaipipa mahmah zong sihna zo in
e129283	21.9.11	galhang thahatte in gal zo tawntung lo hi
e129284	1.30.8	ka sanggamnu ka zo hi
e129285	3.26.8	note zakhat in tulsawm na zo ding uh hi
e129286	1.36.35	Moab gam sungah Midian mite a zo
e129287	13.18.2	amah in Moab mite zo a
e129288	19.129.2	amaute in kei hong zo nai lo uh hi
e129289	62.5.5	leitung a zo kua mi ahi hiam
e129290	20.19.25	taina lel tawh pilna ngah zo uh hi
e129291	20.13.4	a deih khempeuh ngah zo hi
e129292	42.19.16	tawi sawm a met kingah zo hi
e129293	19.110.5	amah in kumpite zogawp ding hi
e129294	19.89.10	na thahatna tawh na galte na zogawp hi
e129295	19.143.3	gal in kei hong bawlsia a, hong zogawp hi
e129296	44.19.16	amaute buan gawpin zogawp ahih manin
e129297	19.55.2	Ka lungsim gimna in kei hong zogawp ta hi
e129298	27.7.21	Pasian’ mite galin do a, amaute a zogawp hi
e129299	23.11.14	Edom mite leh Moab mite zogawp ding uh a
e129300	6.10.41	Goshen gam khempeuh Gibeon ciang dong a zogawp hi
e129301	5.9.3	amaute susia-in, amaute zogawp ding hi
e129302	18.14.20	mi khat zogawpin na hawlkhia a
e129303	66.11.7	tua teci pangte simin zogawpin that ding a
e129304	27.2.44	gamdang khempeuhte zogawpin a kip tawntung ding hi
e129305	18.12.23	amah in tuate zogawpin susia hi
e129306	33.5.9	a gal khempeuh uh zogawpin a susiamang
e129307	26.25.10	nisuahna lam mite ka zogawpsak ding a
e129308	zd:23745	a vot thuak zoin a lum thuak zolo hi
e129309	ts:301	Kam Hau mite gual zoin a ciah uh hi
e129310	zd:23670	Moses in tua en zoin nungta hi
e129311	9.17.9	keimah in amah zoin ka thah leh
e129312	66.11.7	sahang in amau doin zoin a that ding hi
e129313	4.22.6	amaute zoin hih gam panin ka hawl khia
e129314	9.4.2	Filistia mite in Israelte zoin
e129315	12.13.25	Jehoash in amah thum vei zoin
e129316	66.6.2	Amah in zong zoin ahi zongin
e129317	59.2.13	Hehpihna in thukhenna zoin a kisathei thei hi
e129318	66.12.11	amaute teci pan’ na hangin ahi zongin zoin
e129319	62.2.14	Dawimangpa zokhin na hihna hang uh ahi hi
e129320	62.4.4	tua bang kamsang kineihkhemte a zokhin na hi uh hi
e129321	62.2.13	Dawimangpa zokhin na hih manun
e129322	55.4.7	upna thu khotakin lenin ka zokhin hi
e129323	29.3.17	gamdang mite in zokik nawn lo
e129324	zd:17015	Ahizongin a lawmte in zol teitei uh a
e129325	zd:9262	Pasian nasem dingin zol hi
e129326	zd:13076	nisim in khemna tawh zol hi
e129327	44.18.4	Judah mi leh Grik mite a zol hi
e129328	44.19.26	Asia gam khempeuh ah mi tampi zol a
e129329	20.1.10	mihoih lote in hong zol ciangin
e129330	20.16.29	A ngongtat mite in a lawmte zol a
e129331	11.22.21	Keimah in amah ka zol ding hi
e129332	7.14.15	na pasal zol in
e129333	42.15.28	A pa pusuakin a zol hi
e129334	zd:22464	kumpite mah makai-in lawpsak, zolbawl kul hi
e129335	zd:11508	a zolbawl hangin zolzolo in
e129336	zd:12845	Police te'n tua thautawipa zolbawl uh cihi
e129337	28.2.2	na nu uh zolbawl un
e129338	44.19.8	zolin, lau loin a hilh hi
e129339	34.3.4	minamte zolin a khem hi
e129340	2.22.16	nungak khat zolin amah tawh a lup
e129341	26.18.11	midangte’ zite zolin luppih hi
e129342	44.20.30	Nungzuite a zolkhia dingin thuzuau a gen mite
e129343	48.5.8	na pial nadingun hong zolkhia het lo ding hi
e129344	44.20.30	thu um mite khemin a zolkhiat hun
e129345	28.2.14	itna kam tawh hopihin ka zolkik ding hi
e129346	zd:23386	Joseph in a tonu' zolna nialin taisan vingveng hi
e129347	zd:24202	Amah na zolna kamkhum za nuam
e129348	zd:21013	hih mawh zolna te napia masa hi
e129349	20.1.10	amau’ zolna zui kei in
e129350	20.7.25	Tua bang numeite’ zolna mang kei un
e129351	20.7.21	tangvalpa in tua zolna mang kha hi
e129352	44.21.14	Ka zolna uh hong man’ loh ciangin
e129353	44.26.28	Nang in zolna thu tawm tawh kei
e129354	59.1.14	zolna a thuak ciangin
e129355	pk:39	a khiatna kidawk zolo hi
e129356	zd:16779	a inn ah electric mei nei zolo hi
e129357	zd:20971	Gamlelei leh minam kipuah zolo hi
e129358	18.12.22	a kithei zolo thute kitelsak hi
e129359	9.25.3	a ki-uk zolo mi leh a gamtat sia khat
e129360	18.13.4	kuamah a damsak zolo zato siam-a kineite
e129361	20.25.28	Ama lungsim a ki-uk zolopa in
e129362	19.104.15	maitang a zolsak ding sathau
e129363	27.11.30	mite’ zolsimna a mang ding hi
e129364	24.37.10	Babylon galkap khempeuh zolua kisa-in
e129365	47.5.11	mite ka zolzawh nadingun ka hanciam uh hi
e129366	20.25.15	zolzolna tawh gam ukte kizo thei a
e129367	pk:156	khat pepeuh tawh zom in
e129368	zd:19262	Nimitz in gen zom lai hi
e129369	zd:23014	khualzitna maban ka zom toto ding uh hi
e129370	zd:23489	Damdam in zom to zel ni
e129371	18.36.1	Elihu in a thugen zom lai a
e129372	7.19.27	a khualzin zom dingin
e129373	62.3.9	mawhna a bawl zom thei kei hi
e129374	1.35.21	Israel in a khualzin zom lai a
e129375	5.31.1	hih thute a gen zom lai hi
e129376	5.25.6	a pasal’ sanggampa a sisa-pa’ min zom ding hi
e129377	10.18.18	Keima min hong zom ding tapa ka nei kei hi
e129378	17.9.23	banga a hihnate uh zom uh hi
e129379	2.39.18	khau mong nihte zom uh hi
e129380	2.39.4	a mong nihte gel-ah zom uh hi
e129381	2.28.25	mai lamah tua bangin na zom ding hi
e129382	2.28.25	khau mong nihte zepna tawh na zom ding a
e129383	pk:134	Numei lam pan sungpi zom ahi hi
e129384	zd:16327	Tua zom ah kua om hiam
e129385	zd:22305	Tua zom ah ka et toh leh
e129386	9.17.13	leh ama zom-ah Abinadab
e129387	14.28.7	kumpipa zom-ah aana a nei Elkanah
e129388	11.1.6	amah in Absalom zom-a a suak ahi hi
e129389	1.41.43	ama' zom-a ulian ahihna tawh
e129390	2.36.17	puan dal a zom nawlah a bilvang sawmnga
e129391	zd:23591	nu leh pate thupi a, tua zomah uzawte thupi hi
e129392	zd:14564	Hong Kong zomah China hi a
e129393	zd:15865	a zomah Idol te certificate piakna hong nei suak hi
e129394	16.3.22	Ama zomah Jerusalem kiim nai-a om siampite
e129395	16.3.9	Amaute’ zomah Jerusalem gam phel khat a uk
e129396	26.48.2	a zomah Asher minamte
e129397	16.3.2	Amaute’ zomah Imri’ tapa Zakkur in sem hi
e129398	14.17.18	ama zomah Jehozabad hi a
e129399	16.3.20	Ama zomah Zabbai’ tapa Baruk in
e129400	19.74.8	A vekpi-in zomang khin ni
e129401	zd:23367	Siapa in a thugen zomin
e129402	zd:24270	Tua ban zomin mikang missionaries tampi zong Africa gam zuan
e129403	zd:21117	Tuabang ka thugen tawh ki zomin ka zaakngei thukhat
e129404	46.3.14	Tua khuam tungah zomin a lam mi
e129405	11.6.10	a inn buppi tungah a lambehte zomin
e129406	45.11.17	oliv sing thazung tui zomin na neek leh
e129407	60.4.19	a pha a gamtatna uh zomin
e129408	46.3.10	Midangte in a ban zomin a lam uh hi
e129409	46.10.17	tua khomun zomin i ne ahih ciangin
e129410	49.3.6	thuciamna a zomkhawm mi a suak uh hi
e129411	18.36.1	Elihu in a thugen zomlai a
e129412	5.31.1	Israel-te khempeuh tungah a thugen zomlai hi
e129413	41.10.24	ahi zongin Jesuh in a thugen zomlai-in
e129414	42.4.24	Jesuh in a thugen zomlai a
e129415	15.4.4	biakinn a lam zomlai ding uh
e129416	1.35.21	Israel in a khualzin zomlai a
e129417	44.9.1	thah dingin a hanciamna zomlai hi
e129418	15.5.5	a nasep zomna uh kikhaktan lo hi
e129419	10.23.9	amah a zompa in Ahoah mi Dodo’ tapa
e129420	13.11.12	amah a zompa in Ahoah-te beh Dodo’ tapa Eleazar
e129421	18.14.6	a nuntakna haksa mah zomsak hoh in
e129422	zd:24276	Na gamtathoihna na zomsuak in
e129423	ts:4831	mipite in CDM zomsuak veve uhhi
e129424	zd:24595	Ahihhang sawtvei zomsuak zolo uhhi
e129425	58.13.1	na ki-itna uh na zomsuak un
e129426	44.20.7	a thuhilh zankim ciang dong a zomsuak hi
e129427	47.8.11	na patsa uh thu a bei dongin zomsuak unla
e129428	zd:25392	Tuni dong maban ki zomto thei lai hi
e129429	zd:15527	ka laigelh kong zomto thei kei hi
e129430	5.25.9	A sanggampa’ innkuan a zomto lo mipa
e129431	40.23.32	i pu i pate’ maban zomto vet un
e129432	pk:78	Sep kipan khinin kisem zomzom lel laitak
e129433	44.20.9	Paul in a thugen zomzom ahih manin
e129434	18.14.6	a nuntak haksapi mah zomzomsak hoh in
e129435	zd:24036	Tua mun ah nasep a zon leh
e129436	zd:20142	pilna i zon kul hi
e129437	zd:21510	Tuate na zon ding ahi hi
e129438	14.12.14	Topa zon’ ding a lungsim ah koih lo
e129439	19.83.16	nangma min hong zon’ theih nadingin
e129440	43.10.39	Topa mat nading a zon’ kik uh ciangin
e129441	21.3.6	zon’ hun om a, mansuah hun om hi
e129442	20.2.4	a kiseel sum manpha zon’ bangin
e129443	24.29.13	na lungsim khempeuh uh tawh nong zon’ uh ciangin
e129444	19.37.36	ka zon’ hangin amah kimu lo hi
e129445	41.14.55	teci a zon’ uh hangin
e129446	43.7.34	Nong zon’ uh hangin nong mu kei ding uh hi
e129447	ts:7798	Galvan zong tampi kingah khia hi
e129448	ts:5913	Thaupi thau neu honkhat zong kingah
e129449	1.7.3	huih lak vasate zong nupa kop sagih
e129450	2.12.38	ganhing tampi zong amau tawh pai uh hi
e129451	2.36.28	a khuampeek nih zong a bawl uh hi
e129452	ts:4569	Tua mualvum pen Mual Veng zong kici hi
e129453	ts:4831	A sihlawh zong om thei hi
e129454	42.20.32	A nung ciangin numei zong a si hi
e129455	36.2.12	No Ethiopia mite zong
e129456	1.38.10	Amah in amah zong that hi
e129457	1.45.2	Faro’ innkuante in zong za hi
e129458	ts:9677	Stephen Schneck te in zong thugenna nei uh hi
e129459	ts:7989	Ko lam pan zong nasiatak kido
e129460	1.13.5	Lot in zong tuuhon, ganhon, le puanbukte nei hi
e129461	2.18.27	Jethro zong ama’ gamah a ciah hi
e129462	1.32.1	Jakob zong ama lampi-ah paisuak a
e129463	1.7.5	Noah in zong Topa’ thupiak khempeuh a hih hi
e129464	22.3.2	ka ngaihno ka zong a
e129465	42.2.45	Jerusalem khua-ah nungkikin a zong uh hi
e129466	41.1.37	Mi khempeuh in nang hong zong uh hi
e129467	28.5.15	kei hong zong ding uh hi
e129468	20.2.4	hahkatin pilna zong in
e129469	40.13.45	suang manpha a zong, sum zuakpa tawh kibang hi
e129470	23.55.6	A kimuh theih hun lai-in Topa zong un la
e129471	zd:9451	ka pasal nasep ding zonga vakkhia
e129472	zd:16297	Pilna i cih pen zonga sin ding ahi manin
e129473	zd:22713	amau nopsakna bek zonga, a kim a kiang khual nawnlo uh hi
e129474	24.8.15	Nopna i zonga nopna hong pai lo hi
e129475	zd:9124	Amaute muncih pan zongkhia in hoihtak in khoi ding hi
e129476	zd:12277	naungek kapkap azak ciangin zongkhia uh a
e129477	zd:17790	asi aliam kuateng omhiam cih zongkhia pah uhhi
e129478	9.23.23	amah ka zongkhia teitei ding hi
e129479	24.31.21	lampi mah limtakin zongkik un
e129480	46.7.27	zi zongkik kei in
e129481	20.19.8	Pilna a zongpa in
e129482	20.29.24	ama adingin thusia zongpa ahi hi
e129483	20.26.6	siatna a zongpa ahi hi
e129484	45.8.27	Lungsim sung a zongpa in Kha Siangtho’ lungsim
e129485	zd:12418	Karon Police te'n zongpah uhhi
e129486	zd:20484	Naungek tung ah natna zongpah uhhi
e129487	zd:19565	Search Team te'nzong zongpah ngeingai uhhi
e129488	40.26.16	hunhoih a zongpah hi
e129489	43.1.41	a u Simon zongpahin ama kiangah
e129490	19.55.8	bukna ka zongpak ding hi
e129491	zd:24117	Naucing ding nasem numei khat zongsak a
e129492	zd:20979	sum zongsak masakha kei in
e129493	zd:13067	mopipa in zongsak sese uhhi
e129494	44.12.19	Herod in amah zongsak a
e129495	17.2.2	a meel hoih nungak khangnote zongsak in
e129496	12.2.16	na topa hong zongsak in
e129497	15.5.17	laibu koihna innte sung zongsak in
e129498	11.21.10	ama lang khatah mawhna zongsak in
e129499	zd:19201	A bul pan phot lecin na zongsang ding hi
e129500	zd:11809	aki zongsang phadiak pen smart phone et
e129501	zd:22742	a ki zongsang baih mahnah nasep khat a hihi
e129502	24.13.23	siatna bawl ding a zongsang khin note
e129503	58.5.14	zakna muhnate zangin zongsang a
e129504	62.3.6	mawhna ah a zongsang kei hi
e129505	pk:76	zongsatna khatpeuh, a hunhun a sepna khatpeuh genna ah kizang hi
e129506	pk:80	zongsatna khat peuh a kizom toto
e129507	zd:20841	zongsatna hoihlo khat ngahkha thei hi
e129508	zd:21075	zongsatna cihpen kisinsinna, sepsepna pan in kingah hi
e129509	61.2.19	siatna a piangsak thei zongsatna lelin
e129510	18.24.5	a an ding uh zongtawm uh a
e129511	zd:26385	Amah a zongte in mu hi
e129512	zd:21235	Sum zongte in sum mah thupi sa uh a
e129513	zd:19900	Pilna zongte leh mipilte in pilna thupi pen sa a
e129514	19.9.10	nangmah hong zongte nusia lo na hih manin
e129515	19.63.9	kei thah dingin a hong zongte
e129516	19.22.26	amah a zongte in Topa phat ding uh hi
e129517	23.51.1	Dikna a zui, Topa a zongte aw
e129518	19.34.10	zongte in na hoih a kisap uh om lo hi
e129519	19.69.6	nang hong zongte keima hangin mindaisak kei in
e129520	19.70.4	Nangmah hong zongte khempeuh lungdamin
e129521	zd:19798	Siavuan te tawh na kilak zongun haksa sa kha ding uh hi
e129522	zd:25506	a ut kei zongun Mysia gam nawt suakin
e129523	2.34.9	lungkhauh mite ka hita zongun
e129524	24.15.1	ka mai-ah a hong ding zawzen zongun
e129525	46.10.24	midangte’ phattuam nading zongzaw un
e129526	24.38.4	a gim ngah nading uh a zongzaw ahi hi
e129527	10.16.11	bangzahin tu-in hong zongzaw kan ding ahi hiam
e129528	zd:22171	paulap zongzong kei in
e129529	zd:13106	kikhakcip ahih manin, alutnading zongzong a
e129530	18.33.10	kei hong sukna ding thu zongzong a
e129531	20.16.27	Migilote in siat nading bek zongzong a
e129532	20.17.19	kihisak-a paupaute, buaina zongzong ahi hi
e129533	1.37.15	Bang zongzong na hi hiam
e129534	26.20.6	amaute a dingin ka zonkhiatsak
e129535	28.5.15	kei hong zonkik mateng
e129536	zd:20443	Pilna zonna i thupi na
e129537	zd:23148	Pawl khatte'n sum zonna in na zang uh a
e129538	zd:9437	I nopsakna zonna lamah bang i ngah hiam
e129539	12.5.7	Kei tawh kitotna ding a zonna thei un
e129540	13.10.13	a lamlah ding a zonna
e129541	23.34.13	Ngiate’ an zonna mun suakin
e129542	20.17.16	pilna zonna ding sum tampi
e129543	25.1.19	A nuntakna ding uh an a zonna lamun
e129544	21.10.15	a inn lam zonna-in gim ding uh hi
e129545	zd:23635	pilna ih zonpih kimciat hi
e129546	zd:22578	lawyer kong zonpih ding hi
e129547	22.6.1	Amah hong zonpih nung
e129548	zd:11702	Livelihood in nasep hong zonsak thei hi
e129549	zd:23994	committee in fund zonsak ding cih hi
e129550	zd:24029	kote kipawl in na sep ka zonsak khawm uh a
e129551	14.11.23	amaute a dingin zi zong a zonsak hi
e129552	18.38.39	a an ding uh zonsak thei a
e129553	4.10.33	A tawlngak nading mun uh a zonsak dingin
e129554	26.34.15	a omna ding uh mun ka zonsak ding hi
e129555	20.28.8	mizawngte a hehpih mipa a dingin sum a zonsak hi
e129556	44.15.16	Topa a zontheih nadingun
e129557	19.83.16	na min hong zontheih nadingin
e129558	18.3.21	sih ding a lim zonzaw
e129559	zd:25751	Ahang ih zonzon hangin ih mu zo kei uh hi
e129560	zd:16442	hong panpih theiding ka zonzon laitak hi
e129561	zd:19051	ka deihdeih ka zonzon muta kahih man in
e129562	22.3.2	ka zonzon hangin ka mu zo kei hi
e129563	21.7.28	A thudang ka zonzon hangin bangmah ka muzo nawnkei hi
e129564	18.32.11	na thugen dingte uh na zonzon laitakun
e129565	18.7.21	nong zonzon hangin ka na om nawn kei ding hi
e129566	19.69.20	Kei a hong hehpih ding mi ka zonzon hangin
e129567	66.9.6	a sihtheih nading uh a zonzon uh hangin
e129568	26.26.21	Mite in nang hong zonzon hangun hong muzo nawn lo
e129569	ts:3067	maban zop ding tampi om lai
e129570	zd:19798	ngeina hoihte ih zop tohtoh theih ding
e129571	zd:23428	sang a zop zawh hamtang nading
e129572	42.14.29	inn a zop zawh kei leh
e129573	5.25.7	min Israel sungah a zop ding ut lo hi
e129574	45.11.22	na zop paisuak kei uhleh
e129575	58.12.10	eite in i zop nadingin
e129576	58.5.7	sihna pan a honkhia zopa kiangah
e129577	40.10.28	hel khua sungah a khul zopa
e129578	zd:17828	Napoleon a zopa ka hihlam na thei hiam
e129579	13.1.46	Moab gam sungah Midian a zopa
e129580	19.144.2	ka nuai-ah mite a zopa ahi hi
e129581	57.1.6	Upna na zopna a vanglian-in
e129582	7.8.19	ka sanggam, ka laigui zoppihte ahi uh hi
e129583	64.1.6	a khualzinna uh nuamtakin a zoptheih nadingun
e129584	46.16.11	nuamtakin a khualzin a hong zoptheih nadingin
e129585	zd:26411	lawhcing takin hong zosak Topa' hehpihna i phat masa hi
e129586	zd:20979	atawm pen tan sawm zosak in
e129587	50.1.6	hong zosak ding hi ci-in ka lungkim hi
e129588	zd:25063	a pomsa thu pen mah zosak niloh hi
e129589	10.7.9	na galte khempeuh ka hong zosak hi
e129590	5.14.5	sathak, saza, zosakhi, le gamtuu ahi hi
e129591	zd:13343	akisinding khempeuh kum 1 sungin zosiang cimawk hi
e129592	zd:17430	zingsanglam 11am hunpawl in ki zosiang hi
e129593	zd:21340	vaikhat peuh zosiang ding
e129594	47.8.11	hih thu na zosiang un
e129595	zd:11577	Tun labawlna tawh nekpiang zota hi
e129596	zd:21815	UNO ah zong Zomi minam kician khatin hong kiciamteh zota hi
e129597	25.1.6	a minthanna teng a maimang zota hi
e129598	19.131.2	daitakin ka om dide zota hi
e129599	zd:16297	a sin zote in pilna ngah uh hi
e129600	zd:16340	Mi lawhcingte amau leh amau ki-uk zote ahi hi
e129601	zd:21394	Kampau a ki-ip zote
e129602	41.13.13	A tawp dongin a thuak zote in
e129603	40.19.12	thu a mang zote in na mang ta un
e129604	46.7.38	a nei loin a kikem zote hoihzaw lai hi
e129605	20.21.23	Kampau a ki-ip zote, lungkhamna tawh kipelh hi
e129606	20.18.22	Zi a mu zote na hoih a mu hi
e129607	41.13.13	a thuak zote in gupna a ngah ding uh hi
e129608	10.11.23	Mite in kote hong zothawhin gamlakah
e129609	zd:19427	Pasian sangin tua nate in hong zozaw hi
e129610	zd:24751	Tate lungsim Nute in zozaw a hih manin
e129611	17.6.13	amah in nang hong zozaw ding hi
e129612	10.24.4	kumpipa’ kamgente in Joab le galkap ukte zozaw hi
e129613	26.3.14	Topa’ vangliatna in kei hong zozaw hi
e129614	59.2.13	a hehpihna in zozaw ding hi
e129615	zd:21066	semkhawm uh ahih manin nasep zozaw uh hi
e129616	zd:21826	pitek putekte in sum nei in pia zozaw uh
e129617	24.15.12	kihel khawm kuaitan zozaw ding ahi hiam
e129618	58.9.14	na tam semkhia zozaw ding a
e129619	zd:21670	na khempeuh na zozo ding hi
e129620	zd:16765	sihna na ngawn in zozo ngei lo ding hi
e129621	zd:10746	kuama ta in zozo mahmah lo hi
e129622	43.16.33	lunghimawh kei un, leitung ka zozo hi
e129623	62.4.4	tua khate na zozo uh hi
e129624	18.40.19	amah a Piangsak pa bek mah in amah a zozo
e129625	45.8.31	kua in eite hong zozo ding ahi hiam
e129626	24.5.22	a lawhlawh hangin zozo lo uh a
e129627	59.3.8	kuamah in a zozo kei hi
e129628	42.14.30	inn lamding kipan napi-in zozo lo hi
e129629	pk:128	zu leh sa ne ding hihang
e129630	pk:129	zu leh sa leh an kengin
e129631	zd:20926	zu leh Za zanglo ding
e129632	zd:19654	nangh zu dawn thei lo
e129633	10.13.28	Ammon in zu a kham hun
e129634	20.21.17	zu ne a, sathau namtui nilhte hau lo hi
e129635	18.1.13	an ne zu ne-in om uh hi
e129636	23.5.22	kham theih zu nek a hatte
e129637	23.5.11	Zingsang tungin tho-in, kham theih zu delhin
e129638	23.56.12	kham theih zu ne-in gilvah ni
e129639	33.2.11	kham theih zu tampi tak hong om ding hi
e129640	9.1.15	kham theih zu ahi zongin ka dawn kei hi
e129641	23.28.7	kham theih zu tawh awn uh hi
e129642	20.23.30	zu ne-a a tut khote
e129643	20.20.1	zu khamna in haina ahi hi
e129644	zd:20945	guah zong zu in huih zong nung hi
e129645	1.7.12	leitungah guah zu hi
e129646	5.11.17	Topa hong heh-in guah zu loin
e129647	7.5.4	vantung panin guah zu hi
e129648	5.32.2	Ka thuhilhna in guahmal bangin zu-in
e129649	zd:24276	en in nui zuahzuah lel in
e129650	zd:9210	lungdamna la sakhia zuahzuah un
e129651	zd:21037	ngaihsutna hoihnono hong phulkhia zuahzuah
e129652	47.9.9	citna tawh mizawngte pia zuahzuah a
e129653	19.112.9	Amah in hawmkhia zuahzuah a
e129654	15.7.16	lungkim takin a piakkhiat zuahzuahte uh tawh
e129655	zd:25115	tuate zuakin sum leh pai na zong uh hi
e129656	zd:13110	Nasi Lemak zuakin anu apa avakkik ahihi
e129657	zd:17067	An zuakin hongpai te'nzong
e129658	40.13.44	a neih khempeuh zuakin tua lo a va lei
e129659	40.19.21	na neihsa teng zuakin mizawngte na pia in
e129660	43.12.5	Hih paknamtui dangka zathum tawh zuakin
e129661	zd:11445	khatciangin $25 tawh aki zuakkhia ahihi
e129662	zd:19460	400 Million Albums ki zuakkhia
e129663	26.7.13	A neihsa a zuakkhia pa in
e129664	11.10.29	Syria kumpite khempeuh tungah zuakkhia uh hi
e129665	zd:25919	bawl in zuakkhiat kul hi
e129666	zd:11723	Washing Machine te 30,000 bang zuakkhiat zawhding in lametna nei uh
e129667	zd:11441	Air-conditioner Model thak khatzong zuakkhiat kipanding cihi
e129668	20.23.23	tuate zuakkhiat dingin pammaih lua hi
e129669	14.1.17	amaute in zuakkhiat kik dingin
e129670	44.5.4	na zuakkhit ciangin a sum zong
e129671	2.21.8	a pa kiang mahah zuakkik ding hi
e129672	44.5.4	Tua lo na zuakma-in nangma
e129673	zd:21941	i haksatna pen a zuakna lam ahi hi
e129674	5.18.8	a gamluah a zuakna pan a sum ngahte
e129675	16.13.15	tua ni-in a an zuakna uh hangin
e129676	3.25.27	a zuakna mipa tungah
e129677	29.3.7	amaute na zuakna uh mun
e129678	26.27.3	mite tawh sum lei sum zuakna a nei khuapi tungah
e129679	zd:23212	A zuakpa in a mawkna in hong pia leuleu hi
e129680	zd:12564	Khuaizu zuakpa ahi zong
e129681	zd:19108	ka laibu zuakpa leh ka lai-at puteekpa na om lo
e129682	20.20.14	Van leipa in van zuakpa kiangah
e129683	1.42.6	an a zuakpa amah ahi hi
e129684	20.11.26	leinop hunin a zuakpahte kiphat hi
e129685	26.7.13	a zuaksa van ngah kik lo ding hi
e129686	3.25.25	a sanggampa zuaksa tanh ding hi
e129687	44.7.9	Egypt gamah sal dingin a na zuaksawn uh hi
e129688	29.3.8	Seba minamte tungah zuaksawn ding uh hi
e129689	zd:21003	ticket zuakte mahmah nangawn
e129690	zd:25158	Zatui zuakte kiangah
e129691	23.24.2	vanleite leh van zuakte
e129692	40.25.9	namgimtui zuakte kiangah va pai un la
e129693	43.2.16	Vakhu zuakte kiangah zong
e129694	43.2.14	bawngte, tuute, vakhute a zuakte
e129695	30.8.5	I mangbuhte i zuaktheih nadingin
e129696	zd:20260	Tua Sakol dang thumte a zual theih nading
e129697	1.16.12	la a zual nai lo bang ding a
e129698	59.3.7	mite in a zualsak zo uh hi
e129699	18.39.7	kuamah in zualsak zo lo
e129700	59.3.7	ganhing khempeuh zualsakin ukzo uh hi
e129701	59.3.8	leii pen zualsakin a ukzo kuamah om lo hi
e129702	pk:123	Zogam mualtung lam zuan teng
e129703	zd:14924	Zomi te koi lam zuan ding ih hia?
e129704	zd:23896	Lammang mite in innlam zuan thei uhhi
e129705	40.14.29	Zeisu kiang zuan dingin tui tungah a pai hi
e129706	1.20.4	Abimelek in amah zuan nai lo hi
e129707	24.41.17	Amaute Izipt gam zuan dingin a pai uh a
e129708	19.80.11	a dawnngekte in Gunpi lam zuan hi
e129709	44.18.18	Syria gam a zuan dingin Prisilla le Aquila tawh
e129710	23.37.8	tua lai va zuan pah hi
e129711	32.1.3	Tarshish khua a zuan ding teembaw khat
e129712	26.27.9	na sumbuk hong zuan uh hi
e129713	18.39.8	singkung lopa a hing peuhpeuh zuan kawikawi uh hi
e129714	44.3.19	na mawhna uh kisik unla, Pasian kiang zuan un
e129715	23.26.16	amaute a cihmawhna uhah nang hong zuan uh a
e129716	7.19.15	a giak dingin tua khua a zuan uh hi
e129717	58.10.1	Pasian kiang a zuan mite
e129718	zd:20935	a inn lam zuanin a ciah pah vingveng hi
e129719	zd:16774	Kuala Lumpur khuapi zuanin Bus tawh apai uh ahihi
e129720	zd:12831	Toyama Airport panin Matsumoto Airport zuanin alengkhia cihi
e129721	12.2.1	Gilgal panin inn zuanin lamkal-a om
e129722	24.41.10	Ammon gam lam zuanin a paikhiatpih hi
e129723	42.13.22	Jerusalem khuapi zuanin a zin hi
e129724	4.10.29	a cihna mun zuanin a ding khia ding ka hi
e129725	20.7.22	sakhi in a awk nading thang zuanin a dian’laklak bangin
e129726	24.51.9	i gam ciat zuanin ciah ni
e129727	zd:21421	innlam ka zuankik uh hi
e129728	zd:20760	Dec 15 ni-in Kalaymyo zuankik ding hi
e129729	zd:25193	I lungsim khempeuh tawh Topa' kiang zuankik ni
e129730	24.31.21	na khuapi uh hong zuankik un
e129731	38.9.12	a muanhuai na mun ngei uh zuankik un
e129732	24.50.16	a mipihte lak mah uh zuankik ciat-in
e129733	43.16.28	Pa kiang a zuankik ding ka hi hi
e129734	46.7.11	a pasal ngei mah zuankik hen
e129735	44.14.26	Antiok khua a zuankik uh hi
e129736	27.11.19	a kulhpi zuankik dingin a gamah hong ciah ding
e129737	15.8.35	salsuahna panin inn hong zuankik mite
e129738	23.37.8	tua lai a va zuanpah ahi hi
e129739	12.22.20	na pate kiang nang kong zuansak ding
e129740	28.5.4	a Pasian kiang uh zuansak thei lo hi
e129741	19.16.10	Leinuai nong zuansak kei a
e129742	14.34.28	Na pate kiang kong zuansak ding a
e129743	23.63.14	Lonona kuamsung a zuansuk bawngte bangin
e129744	58.7.25	Pasian kiang a zuante khempeuh
e129745	zd:24276	Natna a dampak kei leh zato zuat ding a hihi
e129746	zd:24214	mundang pailo-in Pasian kiang zuat ding thupi hi
e129747	zd:17444	Bangcih zuat ding i hia?
e129748	24.14.3	tuikhuk a zuat uh leh tui
e129749	20.7.22	bawngtal in a sih nading mun a zuat bangin
e129750	13.17.11	na pate kiang na zuat ciangin
e129751	9.18.6	amaute in inn lam a zuat uh ciangin
e129752	21.10.15	A inn zuat nading lampi a thei lo
e129753	5.1.22	i paitoh nading lampi leh i zuat ding khuapite
e129754	10.17.3	mothak in a pasal kiang a zuatkik mah bangin
e129755	24.44.14	a zuatkik nop uh ahi Judah gamah
e129756	20.26.11	Ui in a luak a zuatkik bangin
e129757	zd:13236	Airport zuatna lamzikpi tungah
e129758	zd:15031	Terminal Building zuatna in akizang KLIA Aerotrain
e129759	ts:4569	Hiangtam khua zuatna Lampika cihna ahi hi
e129760	20.7.27	sihna gam zuatna hi a
e129761	21.10.15	A inn zuatna ding lampi a thei lo
e129762	1.24.27	ka topa’ behte’ inn zuatna lampi-ah
e129763	19.84.5	Zion zuatna lampi a om mite
e129764	23.15.5	Horonaim khua zuatna lampi ah
e129765	5.1.19	Amor mite’ gam mualtung gam zuatna lam kalah
e129766	zd:12337	na cih uh hang na zuau uh hi
e129767	zd:24231	zuau thu kiselsim zolo hi
e129768	20.19.5	zuau gen mi suakta lo ding hi
e129769	4.23.19	A zuau dingin Pasian in mihing hi lo hi
e129770	3.19.11	khatlekhat tungah zuau na kigen kei ding uh hi
e129771	20.14.5	a ginalo teci in zuau bekbek gen tawntung hi
e129772	14.18.21	zuau thei Kha khat ka va hi ding hi
e129773	14.18.22	kam sungah zuau thu thei Kha khat koih khin hi
e129774	11.22.22	kam sungah zuau thei kha ka va hi ding hi
e129775	28.7.4	Amaute zuau-tatin citak lo uh hi
e129776	zd:19427	Egypt kumpi temai ah zuaugen kha hi
e129777	zd:12093	Jacob zuaugen Pasian deihna ahidiam
e129778	20.12.22	Topa in zuaugen mite mudah a
e129779	20.19.9	zuaugen mi in sihna thuak ding hi
e129780	66.22.15	zuaugen nuamsa-in zuau a gengen mite
e129781	20.19.5	zuaugen mi suakta lo ding hi
e129782	11.22.23	sungah zuaugen kha khat koih khin hi
e129783	19.78.36	a leii uh tawh ama tungah zuaugen uh hi
e129784	62.1.10	Pasian pen zuaugen a suaksak
e129785	33.6.12	na khuasung mi khempeuh uh zuaugen vive ahi uh a
e129786	47.6.8	Thuman gen hinapi-in zuaugen bangin hong kingaihsun a
e129787	20.29.12	zong zuaugenin nitum ding uh hi
e129788	20.21.6	zuaugenna tawh hauhnate beimang pak a
e129789	20.12.13	Migilote in a zuaugenna uh awkpih a
e129790	66.21.8	le zuaugente om nading mun
e129791	19.52.3	thuman genna sangin zuauna na deihzaw hi
e129792	23.32.7	zuauna kam tawh mizawngte siasak
e129793	53.2.9	zuauna tawh kipawl vangliatna
e129794	28.10.13	Na zuauna uh hanga piang gahte na ne uh hi
e129795	23.28.15	zuauna ah i bu hi
e129796	23.57.4	zuauna’ tu-le-tate hilo na hi uh hiam
e129797	28.11.12	zuauna leh khemna bekbek tawh
e129798	47.11.3	Gulpi in ama zuauna tawh Evua a kheem
e129799	39.2.6	amaute’ kam panin zuauna thu ging khia lo hi
e129800	2.21.14	zuauna tawh mi dang khat thah ding tumin
e129801	19.119.163	zuaunate zadahin ka kih a
e129802	19.119.163	Zuaunate zadahin ka kih a
e129803	27.8.23	zuauphuah hat kumpi khat a hong om ding hi
e129804	27.8.25	zuauphuah siamna tawh a hih khempeuh
e129805	24.5.2	a kiciam uh hangin a zuaupi uh ahi hi
e129806	28.7.3	a zuaupi teng uh tawh kumpipa lungdamsak uh a
e129807	26.13.8	Na thugente uh zuaupi hi a
e129808	24.48.30	a kisialhna teng zuaupi hi-in
e129809	23.41.29	amaute khempeuh zuaupi vive ahi hi
e129810	26.21.29	na mangmuhnate uh zuaupi hi a
e129811	28.7.3	a zuaupiteng uh tawh kumpipa lungdamsak
e129812	27.11.21	zuausiamna tawh kumpi a hong suakvat
e129813	20.25.19	Haksat hunin a zuautat mi muan-a neih khakna
e129814	16.13.27	i Pasian tungah hong zuautat ding ka hi uh hiam
e129815	6.7.1	a ki-ap nate tawh kisai-in zuautat uh hi
e129816	18.6.16	vuk leh tuikhal bangin na zuautat uh hi
e129817	4.31.16	Topa tungah Israel mite zuautat sak hi
e129818	20.28.18	a zuautat mite ahih leh puk ding uh hi
e129819	28.7.4	Amaute zuautatin citak lo uh hi
e129820	23.57.11	Nang zuautatin kei na hong phawk kei hi
e129821	zd:23653	zuautatna leh guktaakna cihte deih kilkel lo uh hi
e129822	zd:23590	sunday school laivuanna ciang bek nangawn ah zuautatna ki zang lawmlawm hi
e129823	zd:21741	na sungah zuautatna khaici om
e129824	20.13.15	zuautatna in lungkhamna bek piangsak hi
e129825	12.17.4	Hoshea a zuautatna mu hi
e129826	45.3.7	Keima zuautatna in Pasian a thumanna kilangsakin
e129827	4.31.16	Topa’ tungah Israel mite zuautatsak hi
e129828	42.6.26	tua bangmahin kamsang zuaute a pahtakbawl uh hi
e129829	24.14.22	Gamdang pasian zuaute lakah
e129830	23.30.9	a lehdo mite, a zuauthei tapate
e129831	11.22.23	kam sungah zuauthei kha khat koih khin hi
e129832	33.1.14	Akzib khua in a zuauthei khat ahi hi
e129833	56.1.12	Krete gam mite a zuauthei tawntung
e129834	20.17.4	zuautheite in zuauthu mah ngaih-in nei hi
e129835	40.24.11	Kamsang zuautheite hong piang ding uh a
e129836	40.24.24	Khazih zuautheite hong piang ding uh a
e129837	pk:26	zuauthu na gen kei-in
e129838	zd:20817	zuauthu leh khemna tawh nuntak sawm kei in
e129839	zd:19603	cikmah hunin zuauthu ka gen ngeikei ding hi
e129840	zd:13239	tua pen zuauthu nahizaw hi
e129841	23.9.15	zuauthu a hilh kamsangte
e129842	18.21.34	Na gen thu khempeuh uh zuauthu bek hi lel
e129843	20.14.5	teci in zuauthu bekbek gen tawntung hi
e129844	20.13.5	Thuman mi in zuauthu deih lo a
e129845	19.7.14	suak nuamin na a, zuauthu hing khia hi
e129846	23.59.13	ka thugente uh zuauthu vive ahi hi
e129847	20.6.12	zuauthu genin vak kawikawi a
e129848	24.7.8	zuauthu na um tazen uh hi
e129849	20.17.7	Miliante in zuauthu gen ngei lo a
e129850	24.7.4	a kicici zuauthute um kei un
e129851	zd:23896	gospel tuisiang hong luang zuazua mai hi
e129852	ts:3369	a cim zuazua geuh hi
e129853	24.31.35	tuihualte ging zuazua a
e129854	35.3.15	tui lianpite phuan zuazua hi
e129855	35.3.10	Lei nuai-a om tuite ging zuazua a
e129856	27.10.6	mi honpi kiko tawh kibangin a ging zuazua hi
e129857	29.2.5	sakol leeng ging zuazuate le gamlak
e129858	15.7.16	lungkim takin a piak khiat zuazuate uh tawh
e129859	pk:135	Zubeel gualin, zu leih hi
e129860	24.13.12	Zubeel khempeuh leenggahzu tawh a kidim ding hi
e129861	pk:92	Hong zui ding maw, zui lo ding
e129862	ts:3375	Tuni in hih biakna a zui omlai hi
e129863	zd:22849	ulian tampi in zui hi
e129864	42.5.28	nusia-in a nung a zui hi
e129865	40.19.2	Mi tampite in a nung zui uh a
e129866	19.119.8	Nangma ngeina kipte ka zui ding hi
e129867	19.119.136	Mite in nangma thu zui lo ahih manin
e129868	19.119.55	nangma thu ka zui hi
e129869	20.19.16	thukham a zui lote si ding hi
e129870	14.17.4	ama pa’ Pasian zongin ama thupiakna zui hi
e129871	11.11.6	a pa David bangin Topa zuibup lo hi
e129872	zd:23990	Paizia ngeina mah zuih ding hoih hi
e129873	zd:21701	I zakthute zuih ding ahi hi
e129874	zd:24140	Gambup mipite zuih ding thute
e129875	24.9.14	Baal nung a zuih man uh ahi hi
e129876	41.5.37	midang kuamah zuih nadingin thu a pia kei hi
e129877	44.12.9	vantungmi’ nung a zuih hangin
e129878	5.11.27	Topa na Pasian uh thupiaknate na zuih uh leh
e129879	19.119.146	na thuhilhte ka zuih theih nadingin
e129880	41.7.9	na ngeina uh na zuih theih nadingun
e129881	2.16.28	ka thute zuih ding bang tan vei nial ding
e129882	45.2.25	Pasian’ Thukham na zuih leh
e129883	44.16.21	i zuih dinga kilawm lo ngeina thute
e129884	5.11.32	ngeina kipte khempeuh na zuih ding uh
e129885	2.21.23	Siatna khatpeuh in a zuihbeh leh
e129886	2.21.22	siatna in a zuihbeh kei nakleh
e129887	51.2.21	cihte zuihin nei na hi uh hiam
e129888	20.22.25	Amau’ hoih lohnate na zuihkhak loh nadingun
e129889	20.25.26	mihoih lote’ gamtatna a zuihkhak ciangin
e129890	5.30.11	na zuihlah ding uh zong hi lo hi
e129891	48.3.13	Thukham zuihlahna hangin samsiatna panin
e129892	43.1.38	amau tegel in a zuihlam a muh ciangin
e129893	zd:21027	Jesu totsa lampi zuihna in Pasian tawh ih kizopna thuuk sak semsem
e129894	zd:21803	Job in Pasian a upna leh Pasian thu a zuihna
e129895	zd:24064	avek in zuihna leh upna ah kibang ding uhhi
e129896	5.7.4	keimah zuihna panin na tapate uh amaute in heikhia
e129897	12.17.21	Topa zuihna panin Israel hawlkhia-in
e129898	60.1.22	thuman na zuihna hangun note kisiansuah khinin
e129899	11.11.38	ka thukhamte leh ka thupiaknate zuihna tawh
e129900	16.10.29	a zuihna ding uh kiciamna a bawl uh hi
e129901	19.119.5	Nangmah ngeina kipte zuihna-ah ka gamtatna kip ta hen
e129902	12.17.8	a pian’sak ngeinate a zuihna hang uh ahi hi
e129903	42.9.23	Mi khatpeuh in kei hong zuihnop leh
e129904	55.4.3	amaute’ deihna bek a zuihnop hun
e129905	20.28.9	Mi khat in thukham a zuihnop kei leh
e129906	45.8.7	a zuihnop hangin zong zui thei lo hi
e129907	zd:24276	zatpah zuihpah ding a hihi
e129908	zd:23937	thumangin zuihpah seppah ding ahi hi
e129909	zd:20979	hong gen'te zuihpah ding ahi hi
e129910	44.11.12	amaute ka zuihpah nadingin Kha Siangtho in
e129911	12.17.19	a phuahtawm ngeinate zuihpih uh hi
e129912	23.42.16	amau’ theih ngei loh sul zuihpih-in
e129913	23.42.16	sul zuihpihin ka kha ding hi
e129914	54.4.6	na zuihsa upna thu le thuhilhna man
e129915	40.19.20	Hihte khempeuh ka zuihsa ahi hi
e129916	42.18.21	hih thukhamte khempeuh ka zuihsa ahi hi
e129917	1.43.5	amah nong zuihsak kei leh kote ka paisuk
e129918	60.2.21	ama khekhap na zuihtheih nadingun
e129919	45.15.18	Gentail mite in Pasian thu a zuihtheih nadingun
e129920	45.16.26	mi khempeuh in Pasian umin a zuihtheih nadingin
e129921	45.1.5	Minam khempeuh in ama thu umin a zuihtheih nadingun
e129922	41.7.9	Na khanglui ngeina uh na zuihtheih nadingun
e129923	zd:21134	Hun kikhel i zuihzawh kei leh
e129924	zd:12607	Na zuihzawh leh bel hoihsem lo dia maw
e129925	zd:20545	san zawh ding leh zuihzawh ding zong a olkei pah hi
e129926	40.19.11	mi khempeuh in a zuihzawh ding hi lo a
e129927	50.2.13	ama deihna na zuihzawh nadingun
e129928	45.3.28	Thukham zuihzawhna hang hi loin upna hang hi
e129929	48.2.21	Thukham zuihzawhna hangin Pasian tawh kipawl theihna
e129930	42.21.8	Tua bang mite’ nung zuikha kei un
e129931	28.11.6	Ka mite in thu hoih lo zuikha uh ahih manin
e129932	33.1.13	Israel-te’ khialhnateng zuikha na hih manun
e129933	23.59.8	hong zuikha mite in thunuam mu ngei lo uh hi
e129934	16.6.13	Tua bangin zuikha leng kei hong minsia sakin
e129935	61.3.17	ngeina man zui lo mite’ khemna zuikha-in
e129936	40.9.19	tua pa nung a zuikhawm uh hi
e129937	55.2.22	dikna, upna, itna leh nopna delhin na zuikhawm in
e129938	41.10.20	hih thukhamte khempeuh ka zuikhin hi
e129939	45.13.8	Thukham deihna teng a zuikhin ahi hi
e129940	48.3.10	a vekpi-in a zuikhin tawntung lote
e129941	9.15.30	nadingin kei hong zuikik in
e129942	27.11.20	kumpi dang khat in ama nung hong zuikik
e129943	48.6.13	Thukham zuinuam tuan lo uh hi
e129944	zd:17060	Kei zong ka va zuipah hi
e129945	zd:15568	Ama nungah alawm te'n zuipah uhhi
e129946	zd:24645	A zuipah pawlkhat i om uh a
e129947	41.1.18	a ngen uh nusia-in Jesuh a zuipah uh hi
e129948	40.9.9	amah zong dingin a zuipah hi
e129949	44.10.20	lunghiang loin amaute zuipah in
e129950	40.20.34	Jesuh nung a zuipah uh hi
e129951	41.2.14	Levi zong dingin Jesuh’ nung a zuipah hi
e129952	42.8.38	Kei zong hong zuisak in
e129953	35.3.5	tua nungah sihna zuisak pah hi
e129954	40.27.32	Zeisu singlamteh pua dingin a zuisak uh hi
e129955	1.43.4	Ka sanggampa uh hong zuisak lecin
e129956	1.43.8	Tangvalpa hong zuisak in la
e129957	42.8.51	kuamah dang, inn sungah zuisak lo hi
e129958	26.20.37	thuciamna kong zuisak ding hi
e129959	45.8.21	zuisakpa’ deihna bang bek a zui uh hi
e129960	zd:21180	Betlehem dong a teeknu a zuisuak hi
e129961	zd:21340	a khan tawntung in zuisuak ding hi
e129962	zd:15608	JIPS Officer te'nzong zuisuak uh a
e129963	4.22.35	Balaam in Balak’ uliante a zuisuak hi
e129964	10.15.33	Nang hong zuisuak lecin
e129965	59.1.25	a zuisuak mi in thu a zak ciangin
e129966	20.15.24	sihna lampi zuisuk lo uh hi
e129967	19.49.17	a minthan’na in amah zuisuk lo ding hi
e129968	1.42.38	ka tapa in note hong zuisuk lo ding hi
e129969	26.47.18	Jordan Gun zuisuk a
e129970	zd:10731	a bawlte sangin a zuite hamphatna ding
e129971	zd:22849	amah zuite khempeuh tawh
e129972	zd:24167	ama nung zuite om dingdan
e129973	11.16.22	Ginath’ tapa Tibni a zuite zo uh hi
e129974	45.16.11	Topa nung a zuite
e129975	66.17.14	citakin amah a zuite in
e129976	20.19.16	Thukham a zuite a khan’ sau ding a
e129977	19.111.10	ama thupiak a zuite khempeuh tungah
e129978	19.119.2	ama lampi a zuite in thupha ngah ahi hi
e129979	45.2.13	Thukham banga a zuite bek in
e129980	42.11.28	Pasian’ thu za-in a zuite hamphazaw lai hi
e129981	20.4.22	tua thu a zuite in, nuntakna leh cidamna-in nei
e129982	9.14.12	Ka nung hong zuito in
e129983	26.47.19	Egypt gamgi zuito-in
e129984	14.28.2	Israel kumpite’ khekhap zuizaw hi
e129985	zd:23594	hoih tak in zuizo leh zatui kisamlo-in damkik thei hi
e129986	zd:16682	a zuizo ding omtuanlo hi hang
e129987	zd:15234	Kim le pam kikhelna dung a zuizo dingin
e129988	40.7.14	mi tawmno bek in a zuizo uh hi
e129989	43.6.60	Kua in zuizo ding ahi hiam
e129990	19.119.80	nangma ngeina kipte a kicing takin a zuizo mi
e129991	40.19.11	a sehte bek in a zuizo ding uh ahi hi
e129992	45.5.7	thukham zuizo mipa a dingin sih ngam nading
e129993	zd:11323	guah hong zuk ding hun in
e129994	zd:21097	guahpi a zuk hangin
e129995	zd:22046	a zan in guah a zuk kik keileh
e129996	24.17.8	guah zuk loh kum ciangin zong
e129997	18.28.26	guah a zuk nading mun
e129998	24.10.13	Guah zuk nadingin khua phiasak a
e129999	59.5.17	guah zuk loh nading nakpi-in thu a nget ciangin
